bin,ml_winrate,bt_winrate
0,,
1,,0.2777777777777778
2,0.24761904761904763,0.36585365853658536
3,0.37046153846153845,0.44903846153846155
4,0.45317545748116256,0.49197299324831206
5,0.5518605513660526,0.5805785123966942
6,0.6459037162162162,0.6400778210116731
7,0.7438692098092643,0.6809605488850772
8,0.8,0.7333333333333333
9,,
