bin,ml_winrate,bt_winrate
0,0.11904761904761904,0.18235294117647058
1,0.15324675324675324,0.2797385620915033
2,0.24142661179698216,0.3553082191780822
3,0.3441258094357077,0.46
4,0.42586750788643535,0.5337704918032787
5,0.5351056578050443,0.6137281292059219
6,0.6561743341404358,0.7086142322097378
7,0.7587131367292225,0.7976190476190477
8,0.8454833597464342,0.8540772532188842
9,0.9354838709677419,0.91875
