bin,ml_winrate,bt_winrate
0,0.0,0.30434782608695654
1,0.1694915254237288,0.36796536796536794
2,0.20418848167539266,0.4405940594059406
3,0.3527272727272727,0.49065420560747663
4,0.3888888888888889,0.5482233502538071
5,0.5782122905027933,0.5454545454545454
6,0.6433566433566433,0.6213592233009708
7,0.7605263157894737,0.6790697674418604
8,0.8549222797927462,0.7533039647577092
9,0.9090909090909091,0.785
