prediction,game_index
0.0,1
0.5,2
0.3333333333333333,3
0.5,4
0.4,5
0.3333333333333333,6
0.2857142857142857,7
0.375,8
0.4444444444444444,9
0.5,10
0.5454545454545454,11
0.5,12
0.46153846153846156,13
0.5,14
0.4666666666666667,15
0.5,16
0.5294117647058824,17
0.5555555555555556,18
0.5789473684210527,19
0.6,20
0.5714285714285714,21
0.5909090909090909,22
0.6086956521739131,23
0.625,24
0.6,25
0.5769230769230769,26
0.5555555555555556,27
0.5357142857142857,28
0.5172413793103449,29
0.5333333333333333,30
0.5161290322580645,31
0.53125,32
0.5151515151515151,33
0.5,34
0.4857142857142857,35
0.5,36
0.4864864864864865,37
0.5,38
0.5128205128205128,39
0.525,40
0.5365853658536586,41
0.5238095238095238,42
0.5348837209302325,43
0.5454545454545454,44
0.5333333333333333,45
0.5217391304347826,46
0.5106382978723404,47
0.5208333333333334,48
0.5306122448979592,49
0.52,50
0.5294117647058824,51
0.5384615384615384,52
0.5471698113207547,53
0.5555555555555556,54
0.5454545454545454,55
0.5535714285714286,56
0.5614035087719298,57
0.5689655172413793,58
0.576271186440678,59
0.5666666666666667,60
0.5573770491803278,61
0.5645161290322581,62
0.5714285714285714,63
0.578125,64
0.5692307692307692,65
0.5606060606060606,66
0.5522388059701493,67
0.5588235294117647,68
0.5507246376811594,69
0.5571428571428572,70
0.5492957746478874,71
0.5416666666666666,72
0.547945205479452,73
0.5405405405405406,74
0.5466666666666666,75
0.5394736842105263,76
0.5324675324675324,77
0.5384615384615384,78
0.5316455696202531,79
0.525,80
0.5185185185185185,81
0.524390243902439,82
0.5301204819277109,83
0.5238095238095238,84
0.5294117647058824,85
0.5348837209302325,86
0.5402298850574713,87
0.5340909090909091,88
0.5393258426966292,89
0.5444444444444444,90
0.5494505494505495,91
0.5543478260869565,92
0.5591397849462365,93
0.5638297872340425,94
0.5578947368421052,95
0.5625,96
0.5567010309278351,97
0.5510204081632653,98
0.5454545454545454,99
0.54,100
0.5445544554455446,101
0.5490196078431373,102
0.5436893203883495,103
0.5480769230769231,104
0.5523809523809524,105
0.5471698113207547,106
0.5514018691588785,107
0.5555555555555556,108
0.5596330275229358,109
0.5636363636363636,110
0.5585585585585585,111
0.5535714285714286,112
0.5486725663716814,113
0.543859649122807,114
0.5478260869565217,115
0.5517241379310345,116
0.5555555555555556,117
0.5508474576271186,118
0.5546218487394958,119
0.5583333333333333,120
0.5619834710743802,121
0.5573770491803278,122
0.5528455284552846,123
0.5483870967741935,124
0.544,125
0.5396825396825397,126
0.5354330708661418,127
0.53125,128
0.5348837209302325,129
0.5384615384615384,130
0.5343511450381679,131
0.5303030303030303,132
0.5263157894736842,133
0.5223880597014925,134
0.5259259259259259,135
0.5220588235294118,136
0.5182481751824818,137
0.5144927536231884,138
0.5107913669064749,139
0.5142857142857142,140
0.5177304964539007,141
0.5211267605633803,142
0.5244755244755245,143
0.5208333333333334,144
0.5172413793103449,145
0.5205479452054794,146
0.5238095238095238,147
0.527027027027027,148
0.5234899328859061,149
0.52,150
0.5231788079470199,151
0.5197368421052632,152
0.5228758169934641,153
0.525974025974026,154
0.5225806451612903,155
0.5192307692307693,156
0.5222929936305732,157
0.5253164556962026,158
0.5220125786163522,159
0.525,160
0.5217391304347826,161
0.5185185185185185,162
0.5214723926380368,163
0.524390243902439,164
0.5212121212121212,165
0.5240963855421686,166
0.5269461077844312,167
0.5238095238095238,168
0.5266272189349113,169
0.5294117647058824,170
0.5263157894736842,171
0.5290697674418605,172
0.5317919075144508,173
0.5344827586206896,174
0.5314285714285715,175
0.5284090909090909,176
0.5310734463276836,177
0.5337078651685393,178
0.5307262569832403,179
0.5277777777777778,180
0.5248618784530387,181
0.5274725274725275,182
0.5300546448087432,183
0.532608695652174,184
0.5351351351351351,185
0.532258064516129,186
0.5347593582887701,187
0.5372340425531915,188
0.5396825396825397,189
0.5421052631578948,190
0.5445026178010471,191
0.5416666666666666,192
0.5440414507772021,193
0.5463917525773195,194
0.5487179487179488,195
0.5459183673469388,196
0.5482233502538071,197
0.5505050505050505,198
0.5527638190954773,199
0.555,200
0.5572139303482587,201
0.5594059405940595,202
0.5566502463054187,203
0.553921568627451,204
0.5560975609756098,205
0.5533980582524272,206
0.5555555555555556,207
0.5576923076923077,208
0.5598086124401914,209
0.5571428571428572,210
0.5545023696682464,211
0.5518867924528302,212
0.5492957746478874,213
0.5514018691588785,214
0.5534883720930233,215
0.5555555555555556,216
0.5576036866359447,217
0.5596330275229358,218
0.5616438356164384,219
0.5590909090909091,220
0.5610859728506787,221
0.5630630630630631,222
0.5650224215246636,223
0.5625,224
0.5644444444444444,225
0.5619469026548672,226
0.5638766519823789,227
0.5614035087719298,228
0.5589519650655022,229
0.5608695652173913,230
0.5584415584415584,231
0.5560344827586207,232
0.5579399141630901,233
0.5555555555555556,234
0.5574468085106383,235
0.5550847457627118,236
0.5569620253164557,237
0.5546218487394958,238
0.5523012552301255,239
0.5541666666666667,240
0.5518672199170125,241
0.5495867768595041,242
0.5473251028806584,243
0.5450819672131147,244
0.5428571428571428,245
0.540650406504065,246
0.5384615384615384,247
0.5362903225806451,248
0.5341365461847389,249
0.536,250
0.5338645418326693,251
0.5317460317460317,252
0.5335968379446641,253
0.5354330708661418,254
0.5372549019607843,255
0.53515625,256
0.5369649805447471,257
0.5387596899224806,258
0.5405405405405406,259
0.5423076923076923,260
0.5402298850574713,261
0.5419847328244275,262
0.5437262357414449,263
0.5416666666666666,264
0.539622641509434,265
0.5375939849624061,266
0.5393258426966292,267
0.5410447761194029,268
0.5427509293680297,269
0.5407407407407407,270
0.5424354243542435,271
0.5404411764705882,272
0.5421245421245421,273
0.5437956204379562,274
0.5454545454545454,275
0.5471014492753623,276
0.5451263537906137,277
0.5467625899280576,278
0.5448028673835126,279
0.5464285714285714,280
0.5444839857651246,281
0.5425531914893617,282
0.5441696113074205,283
0.545774647887324,284
0.543859649122807,285
0.541958041958042,286
0.5400696864111498,287
0.5381944444444444,288
0.5363321799307958,289
0.5379310344827586,290
0.5395189003436426,291
0.541095890410959,292
0.5392491467576792,293
0.5374149659863946,294
0.535593220338983,295
0.5371621621621622,296
0.5353535353535354,297
0.5369127516778524,298
0.5384615384615384,299
0.54,300
0.5415282392026578,301
0.543046357615894,302
0.5445544554455446,303
0.5427631578947368,304
0.5442622950819672,305
0.5424836601307189,306
0.5407166123778502,307
0.538961038961039,308
0.540453074433657,309
0.5419354838709678,310
0.5434083601286174,311
0.5416666666666666,312
0.5431309904153354,313
0.5414012738853503,314
0.5428571428571428,315
0.5411392405063291,316
0.5425867507886435,317
0.5440251572327044,318
0.5454545454545454,319
0.54375,320
0.5451713395638629,321
0.5434782608695652,322
0.544891640866873,323
0.5462962962962963,324
0.5476923076923077,325
0.549079754601227,326
0.5474006116207951,327
0.5457317073170732,328
0.547112462006079,329
0.5484848484848485,330
0.5498489425981873,331
0.5481927710843374,332
0.5495495495495496,333
0.5479041916167665,334
0.5462686567164179,335
0.5446428571428571,336
0.5459940652818991,337
0.5473372781065089,338
0.5457227138643068,339
0.5470588235294118,340
0.5454545454545454,341
0.543859649122807,342
0.5422740524781341,343
0.5436046511627907,344
0.5420289855072464,345
0.5433526011560693,346
0.5446685878962536,347
0.5431034482758621,348
0.5444126074498568,349
0.5457142857142857,350
0.5441595441595442,351
0.5454545454545454,352
0.546742209631728,353
0.5480225988700564,354
0.5492957746478874,355
0.550561797752809,356
0.5518207282913166,357
0.5502793296089385,358
0.5515320334261838,359
0.5527777777777778,360
0.5512465373961218,361
0.5497237569060773,362
0.5509641873278237,363
0.5521978021978022,364
0.5534246575342465,365
0.5519125683060109,366
0.5504087193460491,367
0.5489130434782609,368
0.5474254742547425,369
0.5486486486486486,370
0.5498652291105122,371
0.5510752688172043,372
0.5495978552278821,373
0.5481283422459893,374
0.5466666666666666,375
0.5452127659574468,376
0.5464190981432361,377
0.544973544973545,378
0.5461741424802111,379
0.5447368421052632,380
0.5459317585301837,381
0.5445026178010471,382
0.5456919060052219,383
0.5442708333333334,384
0.5454545454545454,385
0.5440414507772021,386
0.5426356589147286,387
0.5412371134020618,388
0.5398457583547558,389
0.541025641025641,390
0.5396419437340153,391
0.5408163265306123,392
0.5419847328244275,393
0.5406091370558376,394
0.5392405063291139,395
0.5378787878787878,396
0.5390428211586902,397
0.5402010050251256,398
0.5413533834586466,399
0.54,400
0.5386533665835411,401
0.5398009950248757,402
0.5384615384615384,403
0.5371287128712872,404
0.5382716049382716,405
0.5369458128078818,406
0.5356265356265356,407
0.5367647058823529,408
0.5378973105134475,409
0.5365853658536586,410
0.537712895377129,411
0.5388349514563107,412
0.5399515738498789,413
0.5410628019323671,414
0.5397590361445783,415
0.5408653846153846,416
0.5419664268585132,417
0.5406698564593302,418
0.5417661097852029,419
0.5428571428571428,420
0.5415676959619953,421
0.5402843601895735,422
0.541371158392435,423
0.5424528301886793,424
0.5411764705882353,425
0.539906103286385,426
0.5386416861826698,427
0.5397196261682243,428
0.5407925407925408,429
0.541860465116279,430
0.54292343387471,431
0.5439814814814815,432
0.5450346420323325,433
0.543778801843318,434
0.542528735632184,435
0.5435779816513762,436
0.5446224256292906,437
0.54337899543379,438
0.5421412300683371,439
0.5431818181818182,440
0.54421768707483,441
0.5452488687782805,442
0.54627539503386,443
0.545045045045045,444
0.5460674157303371,445
0.547085201793722,446
0.5458612975391499,447
0.5446428571428571,448
0.5456570155902004,449
0.5444444444444444,450
0.5454545454545454,451
0.5464601769911505,452
0.5474613686534217,453
0.5462555066079295,454
0.545054945054945,455
0.5460526315789473,456
0.5470459518599562,457
0.5458515283842795,458
0.5446623093681917,459
0.5456521739130434,460
0.544468546637744,461
0.5432900432900433,462
0.5421166306695464,463
0.5431034482758621,464
0.5419354838709678,465
0.5407725321888412,466
0.5417558886509636,467
0.5405982905982906,468
0.5394456289978679,469
0.5404255319148936,470
0.5414012738853503,471
0.5423728813559322,472
0.5412262156448203,473
0.540084388185654,474
0.5410526315789473,475
0.542016806722689,476
0.5429769392033543,477
0.5439330543933054,478
0.5448851774530271,479
0.5458333333333333,480
0.5467775467775468,481
0.5477178423236515,482
0.546583850931677,483
0.5475206611570248,484
0.5484536082474227,485
0.5493827160493827,486
0.5503080082135524,487
0.5491803278688525,488
0.5480572597137015,489
0.5489795918367347,490
0.5498981670061099,491
0.5508130081300813,492
0.5517241379310345,493
0.5506072874493927,494
0.5494949494949495,495
0.5483870967741935,496
0.5492957746478874,497
0.5481927710843374,498
0.5470941883767535,499
0.548,500
0.5469061876247505,501
0.545816733067729,502
0.5447316103379721,503
0.5436507936507936,504
0.5425742574257426,505
0.5434782608695652,506
0.5424063116370809,507
0.5433070866141733,508
0.5442043222003929,509
0.5450980392156862,510
0.5459882583170255,511
0.544921875,512
0.543859649122807,513
0.5447470817120622,514
0.545631067961165,515
0.5465116279069767,516
0.5473887814313346,517
0.5482625482625483,518
0.5491329479768786,519
0.5480769230769231,520
0.5489443378119002,521
0.5498084291187739,522
0.5506692160611855,523
0.549618320610687,524
0.5485714285714286,525
0.5475285171102662,526
0.5483870967741935,527
0.5473484848484849,528
0.5482041587901701,529
0.5490566037735849,530
0.5480225988700564,531
0.5469924812030075,532
0.5478424015009381,533
0.5468164794007491,534
0.5476635514018692,535
0.5485074626865671,536
0.547486033519553,537
0.5483271375464684,538
0.549165120593692,539
0.55,540
0.5489833641404805,541
0.5498154981549815,542
0.5506445672191529,543
0.5514705882352942,544
0.5504587155963303,545
0.5494505494505495,546
0.5502742230347349,547
0.551094890510949,548
0.5519125683060109,549
0.5527272727272727,550
0.5517241379310345,551
0.5507246376811594,552
0.5515370705244123,553
0.5523465703971119,554
0.5531531531531532,555
0.5539568345323741,556
0.5529622980251346,557
0.5519713261648745,558
0.552772808586762,559
0.5535714285714286,560
0.5525846702317291,561
0.5516014234875445,562
0.5523978685612788,563
0.5531914893617021,564
0.552212389380531,565
0.5530035335689046,566
0.5537918871252204,567
0.5545774647887324,568
0.5553602811950791,569
0.5543859649122806,570
0.5551663747810858,571
0.5541958041958042,572
0.5532286212914486,573
0.5522648083623694,574
0.5530434782608695,575
0.5538194444444444,576
0.5528596187175043,577
0.5536332179930796,578
0.5544041450777202,579
0.5551724137931034,580
0.5559380378657487,581
0.5567010309278351,582
0.5574614065180102,583
0.5565068493150684,584
0.5572649572649573,585
0.5580204778156996,586
0.5587734241908007,587
0.5578231292517006,588
0.5585738539898133,589
0.559322033898305,590
0.5583756345177665,591
0.5591216216216216,592
0.5581787521079258,593
0.5589225589225589,594
0.5596638655462185,595
0.5587248322147651,596
0.559463986599665,597
0.5585284280936454,598
0.5592654424040067,599
0.56,600
0.5590682196339434,601
0.5598006644518272,602
0.5588723051409619,603
0.5579470198675497,604
0.5586776859504132,605
0.5577557755775577,606
0.556836902800659,607
0.5575657894736842,608
0.5566502463054187,609
0.5573770491803278,610
0.55810147299509,611
0.5588235294117647,612
0.5595432300163132,613
0.5586319218241043,614
0.5593495934959349,615
0.5584415584415584,616
0.5591572123176661,617
0.558252427184466,618
0.5589660743134087,619
0.5580645161290323,620
0.5571658615136876,621
0.5578778135048231,622
0.5569823434991974,623
0.5576923076923077,624
0.5568,625
0.5559105431309904,626
0.5550239234449761,627
0.554140127388535,628
0.5548489666136724,629
0.5555555555555556,630
0.554675118858954,631
0.5537974683544303,632
0.5545023696682464,633
0.5536277602523659,634
0.5543307086614173,635
0.5550314465408805,636
0.5557299843014128,637
0.554858934169279,638
0.5555555555555556,639
0.55625,640
0.5569422776911076,641
0.5560747663551402,642
0.5552099533437014,643
0.5543478260869565,644
0.5550387596899224,645
0.5557275541795665,646
0.5564142194744977,647
0.5570987654320988,648
0.5577812018489985,649
0.556923076923077,650
0.5560675883256528,651
0.5552147239263804,652
0.554364471669219,653
0.555045871559633,654
0.5541984732824428,655
0.5548780487804879,656
0.5555555555555556,657
0.5562310030395137,658
0.5553869499241275,659
0.5545454545454546,660
0.5537065052950075,661
0.552870090634441,662
0.5535444947209653,663
0.552710843373494,664
0.5533834586466165,665
0.5540540540540541,666
0.553223388305847,667
0.5538922155688623,668
0.5530642750373692,669
0.5537313432835821,670
0.5543964232488823,671
0.5550595238095238,672
0.5542347696879644,673
0.5548961424332344,674
0.5555555555555556,675
0.5562130177514792,676
0.5568685376661743,677
0.5575221238938053,678
0.5581737849779087,679
0.5588235294117647,680
0.5594713656387665,681
0.5586510263929618,682
0.5592972181551976,683
0.5584795321637427,684
0.5591240875912409,685
0.5597667638483965,686
0.5604075691411936,687
0.559593023255814,688
0.5587808417997098,689
0.5579710144927537,690
0.5586107091172214,691
0.5578034682080925,692
0.5584415584415584,693
0.5576368876080692,694
0.5582733812949641,695
0.5574712643678161,696
0.5581061692969871,697
0.5573065902578797,698
0.5579399141630901,699
0.5585714285714286,700
0.557774607703281,701
0.5569800569800569,702
0.5576102418207681,703
0.5582386363636364,704
0.5574468085106383,705
0.5580736543909348,706
0.5586987270155587,707
0.559322033898305,708
0.5599435825105783,709
0.5605633802816902,710
0.559774964838256,711
0.5603932584269663,712
0.5596072931276297,713
0.5602240896358543,714
0.5608391608391609,715
0.5600558659217877,716
0.5592747559274756,717
0.5598885793871866,718
0.5605006954102921,719
0.5597222222222222,720
0.5589459084604715,721
0.5581717451523546,722
0.5587828492392808,723
0.5593922651933702,724
0.56,725
0.5606060606060606,726
0.5612104539202201,727
0.5618131868131868,728
0.5610425240054869,729
0.5616438356164384,730
0.560875512995896,731
0.5601092896174863,732
0.5607094133697135,733
0.5613079019073569,734
0.5605442176870749,735
0.5597826086956522,736
0.5590230664857531,737
0.559620596205962,738
0.5588633288227334,739
0.5581081081081081,740
0.5587044534412956,741
0.5579514824797843,742
0.5585464333781965,743
0.5577956989247311,744
0.5583892617449664,745
0.5576407506702413,746
0.5568942436412316,747
0.5561497326203209,748
0.5554072096128171,749
0.556,750
0.5565912117177098,751
0.5571808510638298,752
0.5564409030544488,753
0.5570291777188329,754
0.5576158940397351,755
0.5582010582010583,756
0.5574636723910171,757
0.558047493403694,758
0.5573122529644269,759
0.5578947368421052,760
0.5584756898817346,761
0.5590551181102362,762
0.5596330275229358,763
0.5602094240837696,764
0.5594771241830065,765
0.5600522193211488,766
0.560625814863103,767
0.5611979166666666,768
0.5617685305591678,769
0.5623376623376624,770
0.562905317769131,771
0.5621761658031088,772
0.5614489003880984,773
0.5607235142118863,774
0.56,775
0.5605670103092784,776
0.5598455598455598,777
0.5604113110539846,778
0.5596919127086007,779
0.558974358974359,780
0.558258642765685,781
0.5575447570332481,782
0.5568326947637292,783
0.5561224489795918,784
0.556687898089172,785
0.5559796437659033,786
0.5565438373570522,787
0.5571065989847716,788
0.5564005069708492,789
0.5569620253164557,790
0.5562579013906448,791
0.5568181818181818,792
0.5561160151324086,793
0.5566750629722922,794
0.5572327044025157,795
0.5565326633165829,796
0.5570890840652447,797
0.556390977443609,798
0.5556946182728411,799
0.555,800
0.5555555555555556,801
0.5548628428927681,802
0.5541718555417185,803
0.5534825870646766,804
0.5527950310559007,805
0.5533498759305211,806
0.5526641883519207,807
0.551980198019802,808
0.5525339925834364,809
0.5530864197530864,810
0.5524044389642416,811
0.5529556650246306,812
0.5535055350553506,813
0.5540540540540541,814
0.5533742331288344,815
0.553921568627451,816
0.5532435740514076,817
0.5537897310513448,818
0.5543345543345544,819
0.5548780487804879,820
0.5554202192448234,821
0.5547445255474452,822
0.5540704738760632,823
0.5533980582524272,824
0.5527272727272727,825
0.5532687651331719,826
0.5538089480048367,827
0.5531400966183575,828
0.5524728588661038,829
0.5518072289156627,830
0.5523465703971119,831
0.5516826923076923,832
0.5510204081632653,833
0.5515587529976019,834
0.5508982035928144,835
0.5514354066985646,836
0.5519713261648745,837
0.5525059665871122,838
0.5530393325387366,839
0.5535714285714286,840
0.5541022592152199,841
0.5534441805225653,842
0.5539739027283511,843
0.5545023696682464,844
0.5550295857988166,845
0.5543735224586288,846
0.5537190082644629,847
0.5542452830188679,848
0.5535924617196702,849
0.5529411764705883,850
0.5522914218566393,851
0.5516431924882629,852
0.5509964830011723,853
0.550351288056206,854
0.5497076023391813,855
0.5502336448598131,856
0.5507584597432905,857
0.5512820512820513,858
0.5518044237485448,859
0.5511627906976744,860
0.5516840882694541,861
0.5522041763341067,862
0.5515643105446119,863
0.5509259259259259,864
0.5502890173410404,865
0.5496535796766744,866
0.5501730103806228,867
0.5506912442396313,868
0.5500575373993095,869
0.5494252873563218,870
0.5499425947187141,871
0.5493119266055045,872
0.5486827033218786,873
0.5480549199084668,874
0.5474285714285714,875
0.547945205479452,876
0.548460661345496,877
0.5478359908883826,878
0.5483503981797497,879
0.5477272727272727,880
0.5482406356413166,881
0.5487528344671202,882
0.549263873159683,883
0.5497737556561086,884
0.5502824858757062,885
0.5507900677200903,886
0.5501691093573844,887
0.5495495495495496,888
0.5489313835770528,889
0.549438202247191,890
0.5499438832772167,891
0.5504484304932735,892
0.5509518477043673,893
0.5514541387024608,894
0.5519553072625698,895
0.5524553571428571,896
0.5529542920847269,897
0.5523385300668151,898
0.5517241379310345,899
0.5522222222222222,900
0.5527192008879024,901
0.5521064301552107,902
0.5514950166112956,903
0.5508849557522124,904
0.5513812154696133,905
0.5507726269315674,906
0.5501653803748622,907
0.5506607929515418,908
0.5511551155115512,909
0.5505494505494506,910
0.5510428100987925,911
0.5515350877192983,912
0.5509309967141293,913
0.550328227571116,914
0.5497267759562842,915
0.5491266375545851,916
0.5485278080697928,917
0.5490196078431373,918
0.5484221980413493,919
0.5489130434782609,920
0.5494028230184582,921
0.5498915401301518,922
0.5492957746478874,923
0.5497835497835498,924
0.5502702702702703,925
0.5496760259179265,926
0.5501618122977346,927
0.5506465517241379,928
0.5511302475780409,929
0.5516129032258065,930
0.5510204081632653,931
0.5515021459227468,932
0.5509110396570204,933
0.550321199143469,934
0.5508021390374331,935
0.5502136752136753,936
0.5496264674493063,937
0.5501066098081023,938
0.5505857294994675,939
0.551063829787234,940
0.5515409139213603,941
0.5520169851380042,942
0.5524920466595971,943
0.551906779661017,944
0.5513227513227513,945
0.5517970401691332,946
0.5512143611404435,947
0.5506329113924051,948
0.5500526870389885,949
0.5505263157894736,950
0.5509989484752892,951
0.5504201680672269,952
0.5498426023084995,953
0.550314465408805,954
0.5507853403141362,955
0.551255230125523,956
0.5517241379310345,957
0.5511482254697286,958
0.5505735140771637,959
0.55,960
0.5494276795005203,961
0.5498960498960499,962
0.54932502596054,963
0.5487551867219918,964
0.5481865284974093,965
0.5476190476190477,966
0.5480868665977249,967
0.5485537190082644,968
0.5490196078431373,969
0.5494845360824743,970
0.5499485066941298,971
0.5493827160493827,972
0.5488180883864338,973
0.5482546201232033,974
0.5487179487179488,975
0.5491803278688525,976
0.5496417604912999,977
0.549079754601227,978
0.5495403472931563,979
0.5489795918367347,980
0.5494393476044852,981
0.5488798370672098,982
0.5493387589013224,983
0.5487804878048781,984
0.5492385786802031,985
0.5496957403651116,986
0.5491388044579534,987
0.5495951417004049,988
0.5500505561172901,989
0.5505050505050505,990
0.549949545913219,991
0.5493951612903226,992
0.5498489425981873,993
0.5503018108651911,994
0.5507537688442211,995
0.5502008032128514,996
0.5506519558676028,997
0.5501002004008017,998
0.5495495495495496,999
0.55,1000
0.5494505494505495,1001
0.5489021956087824,1002
0.5493519441674976,1003
0.549800796812749,1004
0.5492537313432836,1005
0.5497017892644135,1006
0.5501489572989077,1007
0.5505952380952381,1008
0.5510406342913776,1009
0.5514851485148515,1010
0.5519287833827893,1011
0.5513833992094862,1012
0.5508390918065152,1013
0.5512820512820513,1014
0.5507389162561577,1015
0.5501968503937008,1016
0.5496558505408063,1017
0.5491159135559921,1018
0.549558390578999,1019
0.55,1020
0.5494613124387855,1021
0.5499021526418787,1022
0.5503421309872922,1023
0.5498046875,1024
0.5492682926829269,1025
0.5497076023391813,1026
0.549172346640701,1027
0.5486381322957199,1028
0.5481049562682215,1029
0.5485436893203883,1030
0.5480116391852571,1031
0.5474806201550387,1032
0.547918683446273,1033
0.5483558994197292,1034
0.5478260869565217,1035
0.5472972972972973,1036
0.5477338476374156,1037
0.5481695568400771,1038
0.548604427333975,1039
0.5480769230769231,1040
0.5485110470701249,1041
0.5479846449136276,1042
0.548418024928092,1043
0.5488505747126436,1044
0.5492822966507177,1045
0.5497131931166348,1046
0.5501432664756447,1047
0.5505725190839694,1048
0.5510009532888466,1049
0.5504761904761905,1050
0.5499524262607041,1051
0.5494296577946768,1052
0.5498575498575499,1053
0.5502846299810247,1054
0.5497630331753555,1055
0.5501893939393939,1056
0.5506149479659413,1057
0.5500945179584121,1058
0.550519357884797,1059
0.5509433962264151,1060
0.5513666352497644,1061
0.5508474576271186,1062
0.5512699905926622,1063
0.5516917293233082,1064
0.5521126760563381,1065
0.551594746716698,1066
0.5510777881911902,1067
0.5514981273408239,1068
0.5519176800748363,1069
0.5523364485981308,1070
0.5527544351073763,1071
0.5522388059701493,1072
0.5517241379310345,1073
0.5521415270018621,1074
0.5525581395348838,1075
0.5529739776951673,1076
0.5533890436397401,1077
0.5528756957328386,1078
0.5523632993512512,1079
0.5518518518518518,1080
0.5513413506012951,1081
0.5508317929759704,1082
0.5512465373961218,1083
0.551660516605166,1084
0.5511520737327189,1085
0.5515653775322283,1086
0.5519779208831647,1087
0.5523897058823529,1088
0.55188246097337,1089
0.5522935779816514,1090
0.5517873510540788,1091
0.5521978021978022,1092
0.5516925892040256,1093
0.5511882998171846,1094
0.5506849315068493,1095
0.5501824817518248,1096
0.5496809480401094,1097
0.5491803278688525,1098
0.5486806187443131,1099
0.5490909090909091,1100
0.5485921889191644,1101
0.5480943738656987,1102
0.5485040797824116,1103
0.5480072463768116,1104
0.5475113122171946,1105
0.5479204339963833,1106
0.5474254742547425,1107
0.5469314079422383,1108
0.5473399458972047,1109
0.5477477477477477,1110
0.5472547254725473,1111
0.5467625899280576,1112
0.5471698113207547,1113
0.5466786355475763,1114
0.547085201793722,1115
0.546594982078853,1116
0.5461056401074306,1117
0.5456171735241503,1118
0.5460232350312779,1119
0.5455357142857142,1120
0.5450490633363069,1121
0.5445632798573975,1122
0.5449688334817453,1123
0.5444839857651246,1124
0.544,1125
0.544404973357016,1126
0.5448092280390417,1127
0.5443262411347518,1128
0.5447298494242693,1129
0.5442477876106194,1130
0.5446507515473032,1131
0.5441696113074205,1132
0.5445719329214475,1133
0.544973544973545,1134
0.5453744493392071,1135
0.5448943661971831,1136
0.5452946350043976,1137
0.5456942003514939,1138
0.5460930640913082,1139
0.5456140350877193,1140
0.5460122699386503,1141
0.5455341506129597,1142
0.5459317585301837,1143
0.5463286713286714,1144
0.5467248908296943,1145
0.5462478184991274,1146
0.5457715780296426,1147
0.5452961672473867,1148
0.5456919060052219,1149
0.5460869565217391,1150
0.5464813205907906,1151
0.5460069444444444,1152
0.546400693842151,1153
0.5467937608318891,1154
0.5463203463203463,1155
0.5467128027681661,1156
0.5462402765773552,1157
0.5466321243523317,1158
0.546160483175151,1159
0.5465517241379311,1160
0.5460809646856158,1161
0.5456110154905336,1162
0.5460017196904557,1163
0.5455326460481099,1164
0.5450643776824035,1165
0.5454545454545454,1166
0.5449871465295629,1167
0.5445205479452054,1168
0.5449101796407185,1169
0.5452991452991452,1170
0.5448334756618275,1171
0.5443686006825939,1172
0.5447570332480819,1173
0.545144804088586,1174
0.5455319148936171,1175
0.5450680272108843,1176
0.5454545454545454,1177
0.5458404074702886,1178
0.546225614927905,1179
0.5466101694915254,1180
0.5469940728196444,1181
0.5473773265651438,1182
0.547759932375317,1183
0.5481418918918919,1184
0.5485232067510548,1185
0.5480607082630692,1186
0.5475989890480202,1187
0.547979797979798,1188
0.5483599663582843,1189
0.5487394957983194,1190
0.5482787573467675,1191
0.5478187919463087,1192
0.548197820620285,1193
0.5477386934673367,1194
0.5481171548117155,1195
0.5484949832775919,1196
0.5488721804511278,1197
0.5492487479131887,1198
0.5496246872393661,1199
0.55,1200
0.5495420482930891,1201
0.5499168053244592,1202
0.5494596841230258,1203
0.5498338870431894,1204
0.5502074688796681,1205
0.5505804311774462,1206
0.5509527754763878,1207
0.5513245033112583,1208
0.5516956162117452,1209
0.5520661157024793,1210
0.5516102394715111,1211
0.551980198019802,1212
0.551525144270404,1213
0.5518945634266886,1214
0.551440329218107,1215
0.5518092105263158,1216
0.551355792933443,1217
0.5509031198686372,1218
0.5512715340442986,1219
0.5516393442622951,1220
0.552006552006552,1221
0.5515548281505729,1222
0.5511038430089943,1223
0.5506535947712419,1224
0.5502040816326531,1225
0.5505709624796085,1226
0.5501222493887531,1227
0.5504885993485342,1228
0.5508543531326282,1229
0.5504065040650407,1230
0.5499593826157595,1231
0.5503246753246753,1232
0.5498783454987834,1233
0.5502431118314425,1234
0.5506072874493927,1235
0.5509708737864077,1236
0.5513338722716249,1237
0.5516962843295639,1238
0.5520581113801453,1239
0.5516129032258065,1240
0.5511684125705076,1241
0.5515297906602254,1242
0.5518905872888173,1243
0.5514469453376206,1244
0.5518072289156627,1245
0.5521669341894061,1246
0.5525260625501203,1247
0.5520833333333334,1248
0.5524419535628503,1249
0.552,1250
0.5515587529976019,1251
0.5511182108626198,1252
0.5514764565043895,1253
0.55103668261563,1254
0.550597609561753,1255
0.5509554140127388,1256
0.5513126491646778,1257
0.5508744038155803,1258
0.551231135822081,1259
0.5515873015873016,1260
0.5511498810467883,1261
0.5515055467511886,1262
0.5518606492478226,1263
0.5514240506329114,1264
0.5517786561264822,1265
0.5521327014218009,1266
0.5516969218626677,1267
0.5512618296529969,1268
0.5516154452324665,1269
0.5519685039370079,1270
0.5515342250196695,1271
0.5518867924528302,1272
0.5522388059701493,1273
0.5518053375196232,1274
0.552156862745098,1275
0.5517241379310345,1276
0.5520751761942052,1277
0.5524256651017214,1278
0.5519937451133698,1279
0.5515625,1280
0.5519125683060109,1281
0.5522620904836193,1282
0.5526110678098207,1283
0.5529595015576324,1284
0.5525291828793775,1285
0.552099533437014,1286
0.5524475524475524,1287
0.5520186335403726,1288
0.552366175329713,1289
0.5527131782945737,1290
0.5530596436870643,1291
0.5534055727554179,1292
0.5529775715390565,1293
0.5525502318392581,1294
0.5528957528957529,1295
0.5532407407407407,1296
0.5535851966075559,1297
0.5539291217257319,1298
0.5542725173210161,1299
0.5538461538461539,1300
0.5534204458109147,1301
0.5529953917050692,1302
0.5525709900230238,1303
0.5521472392638037,1304
0.5524904214559387,1305
0.5520673813169985,1306
0.5524100994644223,1307
0.5519877675840978,1308
0.5523300229182582,1309
0.5519083969465649,1310
0.5522501906941266,1311
0.5525914634146342,1312
0.5521706016755522,1313
0.5517503805175038,1314
0.5520912547528517,1315
0.5524316109422492,1316
0.5520121488230828,1317
0.5515933232169955,1318
0.5511751326762699,1319
0.5515151515151515,1320
0.5518546555639667,1321
0.5514372163388804,1322
0.5517762660619804,1323
0.5521148036253777,1324
0.5516981132075471,1325
0.5512820512820513,1326
0.5508666164280331,1327
0.5504518072289156,1328
0.5500376222723853,1329
0.5503759398496241,1330
0.549962434259955,1331
0.5495495495495496,1332
0.5498874718679669,1333
0.5494752623688156,1334
0.5498127340823971,1335
0.5501497005988024,1336
0.550486163051608,1337
0.5508221225710015,1338
0.5511575802837939,1339
0.5507462686567164,1340
0.5503355704697986,1341
0.5499254843517138,1342
0.5495160089352197,1343
0.5498511904761905,1344
0.5494423791821561,1345
0.549034175334324,1346
0.5493689680772086,1347
0.5489614243323442,1348
0.5492957746478874,1349
0.5488888888888889,1350
0.5492227979274611,1351
0.5495562130177515,1352
0.549150036954915,1353
0.5494830132939439,1354
0.5498154981549815,1355
0.5501474926253688,1356
0.5504789977892409,1357
0.5508100147275405,1358
0.551140544518028,1359
0.5514705882352942,1360
0.5510653930933137,1361
0.5513950073421439,1362
0.5517241379310345,1363
0.5513196480938416,1364
0.550915750915751,1365
0.5505124450951684,1366
0.5501097293343087,1367
0.5504385964912281,1368
0.5507669831994156,1369
0.5503649635036496,1370
0.550692924872356,1371
0.5510204081632653,1372
0.551347414420976,1373
0.5509461426491994,1374
0.5512727272727272,1375
0.5515988372093024,1376
0.55119825708061,1377
0.5515239477503628,1378
0.551849166062364,1379
0.5514492753623188,1380
0.5517740767559739,1381
0.5520984081041969,1382
0.5524222704266089,1383
0.5520231213872833,1384
0.5523465703971119,1385
0.5526695526695526,1386
0.5529920692141312,1387
0.5525936599423631,1388
0.5529157667386609,1389
0.5532374100719425,1390
0.5528396836808052,1391
0.5531609195402298,1392
0.5534816941852118,1393
0.5538020086083214,1394
0.5541218637992832,1395
0.5544412607449857,1396
0.5540443808160344,1397
0.5543633762517882,1398
0.5539671193709793,1399
0.5535714285714286,1400
0.5531763026409707,1401
0.5527817403708987,1402
0.5523877405559515,1403
0.5527065527065527,1404
0.5523131672597865,1405
0.5519203413940256,1406
0.5515280739161336,1407
0.5518465909090909,1408
0.5514549325762953,1409
0.5517730496453901,1410
0.5513819985825655,1411
0.5516997167138811,1412
0.5520169851380042,1413
0.5516265912305516,1414
0.5512367491166078,1415
0.5515536723163842,1416
0.5518701482004235,1417
0.5521861777150917,1418
0.5525017618040874,1419
0.5528169014084507,1420
0.5531315974665728,1421
0.5534458509142054,1422
0.5530569219957836,1423
0.5533707865168539,1424
0.5536842105263158,1425
0.5539971949509116,1426
0.5536089698668535,1427
0.553921568627451,1428
0.5542337298810357,1429
0.5538461538461539,1430
0.5541579315164221,1431
0.5537709497206704,1432
0.5533845080251221,1433
0.5536959553695955,1434
0.5533101045296167,1435
0.552924791086351,1436
0.5532359081419624,1437
0.5535465924895688,1438
0.5531619179986101,1439
0.5527777777777778,1440
0.5523941707147814,1441
0.5520110957004161,1442
0.5523215523215523,1443
0.5526315789473685,1444
0.5529411764705883,1445
0.5532503457814661,1446
0.5535590877677954,1447
0.5531767955801105,1448
0.5527950310559007,1449
0.5524137931034483,1450
0.5527222605099931,1451
0.553030303030303,1452
0.5526496902959395,1453
0.5529573590096286,1454
0.5532646048109966,1455
0.5535714285714286,1456
0.5538778311599176,1457
0.5541838134430727,1458
0.5538039753255655,1459
0.5534246575342465,1460
0.5537303216974675,1461
0.5540355677154583,1462
0.5543403964456596,1463
0.5539617486338798,1464
0.5542662116040956,1465
0.5545702592087313,1466
0.5541922290388548,1467
0.5538147138964578,1468
0.5541184479237576,1469
0.5537414965986395,1470
0.5533650577838205,1471
0.5536684782608695,1472
0.5539714867617108,1473
0.5542740841248304,1474
0.5538983050847458,1475
0.55420054200542,1476
0.5545023696682464,1477
0.5548037889039242,1478
0.555104800540906,1479
0.5547297297297298,1480
0.5543551654287644,1481
0.5539811066126855,1482
0.5542818610923803,1483
0.5539083557951483,1484
0.5542087542087543,1485
0.5545087483176312,1486
0.554808338937458,1487
0.5551075268817204,1488
0.5554063129617193,1489
0.5557046979865772,1490
0.5553319919517102,1491
0.5556300268096515,1492
0.5559276624246483,1493
0.5555555555555556,1494
0.5558528428093645,1495
0.5561497326203209,1496
0.5564462257849031,1497
0.5567423230974633,1498
0.5563709139426284,1499
0.5566666666666666,1500
0.5562958027981346,1501
0.5565912117177098,1502
0.5568862275449101,1503
0.5571808510638298,1504
0.5574750830564784,1505
0.5571049136786188,1506
0.557398805573988,1507
0.5576923076923077,1508
0.5573227302849569,1509
0.5569536423841059,1510
0.557246856386499,1511
0.5568783068783069,1512
0.5565102445472571,1513
0.5568031704095112,1514
0.5570957095709571,1515
0.5567282321899736,1516
0.5570204350692155,1517
0.5566534914361001,1518
0.5569453587886768,1519
0.5565789473684211,1520
0.5562130177514792,1521
0.5558475689881734,1522
0.5561391989494419,1523
0.5557742782152231,1524
0.5560655737704918,1525
0.5563564875491481,1526
0.5566470203012442,1527
0.5569371727748691,1528
0.5572269457161544,1529
0.5568627450980392,1530
0.5571521881123449,1531
0.5567885117493473,1532
0.5564253098499674,1533
0.5567144719687093,1534
0.5563517915309446,1535
0.5559895833333334,1536
0.5556278464541314,1537
0.5552665799739922,1538
0.5549057829759584,1539
0.5545454545454546,1540
0.5541855937702791,1541
0.5538261997405967,1542
0.5541153596889177,1543
0.5537564766839378,1544
0.5540453074433657,1545
0.5543337645536869,1546
0.5546218487394958,1547
0.5542635658914729,1548
0.55390574564235,1549
0.5541935483870968,1550
0.5538362346872985,1551
0.5541237113402062,1552
0.5544108177720541,1553
0.5546975546975547,1554
0.5543408360128618,1555
0.5546272493573264,1556
0.5542710340398201,1557
0.5539152759948652,1558
0.5535599743425272,1559
0.5532051282051282,1560
0.5534913516976298,1561
0.5531370038412292,1562
0.5527831094049904,1563
0.5524296675191815,1564
0.552076677316294,1565
0.5517241379310345,1566
0.5520102105934908,1567
0.5516581632653061,1568
0.5519439133205863,1569
0.5522292993630573,1570
0.5518777848504137,1571
0.5521628498727735,1572
0.5524475524475524,1573
0.5520965692503177,1574
0.5523809523809524,1575
0.5520304568527918,1576
0.5523145212428662,1577
0.5525982256020279,1578
0.5528815706143129,1579
0.5525316455696202,1580
0.5521821631878557,1581
0.5524652338811631,1582
0.5527479469361971,1583
0.553030303030303,1584
0.5533123028391167,1585
0.5535939470365699,1586
0.5532451165721487,1587
0.552896725440806,1588
0.55254877281309,1589
0.5528301886792453,1590
0.5531112507856694,1591
0.553391959798995,1592
0.5536723163841808,1593
0.5533249686323714,1594
0.5529780564263322,1595
0.5532581453634086,1596
0.5529117094552286,1597
0.5531914893617021,1598
0.5534709193245778,1599
0.553125,1600
0.5527795128044972,1601
0.5530586766541823,1602
0.5527136618839675,1603
0.5523690773067331,1604
0.5526479750778817,1605
0.5529265255292652,1606
0.552582451773491,1607
0.552860696517413,1608
0.5525170913610938,1609
0.5521739130434783,1610
0.5524518932340161,1611
0.5521091811414393,1612
0.5523868567885927,1613
0.5526641883519207,1614
0.5523219814241486,1615
0.551980198019802,1616
0.551638837353123,1617
0.5512978986402967,1618
0.551575046324892,1619
0.5518518518518518,1620
0.5521283158544109,1621
0.5524044389642416,1622
0.5526802218114603,1623
0.5529556650246306,1624
0.5532307692307692,1625
0.552890528905289,1626
0.5525507068223725,1627
0.5522113022113022,1628
0.5524861878453039,1629
0.5521472392638037,1630
0.5518087063151441,1631
0.5520833333333334,1632
0.5517452541334966,1633
0.5514075887392901,1634
0.5516819571865443,1635
0.5519559902200489,1636
0.5522296884544899,1637
0.5518925518925519,1638
0.5521659548505186,1639
0.552439024390244,1640
0.5527117611212675,1641
0.5529841656516443,1642
0.5532562385879489,1643
0.5535279805352799,1644
0.5537993920972645,1645
0.5534629404617254,1646
0.5531268973891925,1647
0.5527912621359223,1648
0.5524560339599758,1649
0.5527272727272727,1650
0.5529981829194428,1651
0.5526634382566586,1652
0.5523290986085905,1653
0.5519951632406288,1654
0.5516616314199396,1655
0.5513285024154589,1656
0.5515992757996379,1657
0.5518697225572979,1658
0.5521398432790838,1659
0.5524096385542169,1660
0.5526791089704997,1661
0.5529482551143201,1662
0.5532170775706554,1663
0.5534855769230769,1664
0.5537537537537538,1665
0.5540216086434574,1666
0.5536892621475705,1667
0.5533573141486811,1668
0.5536249251048532,1669
0.5532934131736527,1670
0.5529622980251346,1671
0.5532296650717703,1672
0.5534967124925284,1673
0.5531660692951016,1674
0.5534328358208955,1675
0.5531026252983293,1676
0.5533691115086464,1677
0.5530393325387366,1678
0.5533055390113163,1679
0.5535714285714286,1680
0.553837001784652,1681
0.5535077288941737,1682
0.5537730243612596,1683
0.5534441805225653,1684
0.5531157270029674,1685
0.5527876631079478,1686
0.5524599881446355,1687
0.5521327014218009,1688
0.5523978685612788,1689
0.5526627218934911,1690
0.5529272619751626,1691
0.5531914893617021,1692
0.5528647371529829,1693
0.5525383707201889,1694
0.552212389380531,1695
0.5518867924528302,1696
0.5521508544490277,1697
0.552414605418139,1698
0.5526780459093584,1699
0.5529411764705883,1700
0.5532039976484421,1701
0.5528789659224442,1702
0.553141514973576,1703
0.5534037558685446,1704
0.5536656891495602,1705
0.5533411488862837,1706
0.5536028119507909,1707
0.5532786885245902,1708
0.553540081919251,1709
0.5538011695906433,1710
0.5534774985388662,1711
0.5531542056074766,1712
0.5528312901342674,1713
0.5530921820303384,1714
0.5533527696793002,1715
0.553030303030303,1716
0.5527082119976704,1717
0.5529685681024447,1718
0.5532286212914486,1719
0.5534883720930233,1720
0.5531667635095875,1721
0.5528455284552846,1722
0.5531050493325594,1723
0.5533642691415314,1724
0.5530434782608695,1725
0.5533024333719583,1726
0.5529820497973365,1727
0.5532407407407407,1728
0.5529207634470792,1729
0.5526011560693641,1730
0.5528596187175043,1731
0.5531177829099307,1732
0.5533756491633006,1733
0.5536332179930796,1734
0.553314121037464,1735
0.5529953917050692,1736
0.5532527345998849,1737
0.5535097813578826,1738
0.5537665324899368,1739
0.553448275862069,1740
0.5537047673750718,1741
0.5533869115958668,1742
0.5530694205393001,1743
0.5527522935779816,1744
0.5524355300859599,1745
0.5526918671248569,1746
0.5529479107040641,1747
0.5526315789473685,1748
0.5523156089193825,1749
0.5525714285714286,1750
0.5528269560251285,1751
0.553082191780822,1752
0.5527666856816885,1753
0.5524515393386545,1754
0.5521367521367522,1755
0.5518223234624146,1756
0.5520774046670461,1757
0.5517633674630261,1758
0.5514496873223422,1759
0.5511363636363636,1760
0.5513912549687677,1761
0.5510783200908059,1762
0.5507657402155417,1763
0.550453514739229,1764
0.5507082152974504,1765
0.5509626274065685,1766
0.5506508205998868,1767
0.5509049773755657,1768
0.5511588468061052,1769
0.5508474576271186,1770
0.5511010728402033,1771
0.551354401805869,1772
0.551043429216018,1773
0.5507328072153326,1774
0.5504225352112676,1775
0.5506756756756757,1776
0.5509285312324141,1777
0.5506186726659168,1778
0.5508712759977515,1779
0.551123595505618,1780
0.5513756316676025,1781
0.5510662177328844,1782
0.5513180033651149,1783
0.5510089686098655,1784
0.5507002801120449,1785
0.5503919372900336,1786
0.5506435366536094,1787
0.5508948545861297,1788
0.5505869200670765,1789
0.5502793296089385,1790
0.5505304299274149,1791
0.55078125,1792
0.5504740658114892,1793
0.5507246376811594,1794
0.5504178272980501,1795
0.5501113585746102,1796
0.5503617139677239,1797
0.550055617352614,1798
0.5503057254030017,1799
0.55,1800
0.5496946141032759,1801
0.5499445061043285,1802
0.5501941209095951,1803
0.5504434589800443,1804
0.5506925207756233,1805
0.5509413067552602,1806
0.5511898173768678,1807
0.5514380530973452,1808
0.5516860143725816,1809
0.5513812154696133,1810
0.5510767531750415,1811
0.5507726269315674,1812
0.5510204081632653,1813
0.5507166482910695,1814
0.5509641873278237,1815
0.5506607929515418,1816
0.550357732526142,1817
0.5500550055005501,1818
0.5497526113249038,1819
0.5494505494505495,1820
0.5496979681493684,1821
0.5499451152579583,1822
0.5496434448710916,1823
0.549890350877193,1824
0.5501369863013699,1825
0.5503833515881709,1826
0.5500821018062397,1827
0.550328227571116,1828
0.5500273373428103,1829
0.5502732240437158,1830
0.5505188421627526,1831
0.5502183406113537,1832
0.5499181669394435,1833
0.549618320610687,1834
0.5498637602179837,1835
0.5501089324618736,1836
0.5498094719651606,1837
0.5500544069640914,1838
0.5502990755845568,1839
0.5505434782608696,1840
0.5507876154263986,1841
0.5504885993485342,1842
0.5501899077590885,1843
0.5504338394793926,1844
0.5506775067750678,1845
0.5503791982665223,1846
0.550081212777477,1847
0.5503246753246753,1848
0.550027041644132,1849
0.5502702702702703,1850
0.5505132360886008,1851
0.5502159827213823,1852
0.5504587155963303,1853
0.5501618122977346,1854
0.5504043126684636,1855
0.5501077586206896,1856
0.5503500269251481,1857
0.5505920344456404,1858
0.5508337816030123,1859
0.5510752688172043,1860
0.5507791509940893,1861
0.550483351235231,1862
0.5507246376811594,1863
0.5504291845493562,1864
0.5501340482573727,1865
0.5498392282958199,1866
0.5495447241564007,1867
0.5492505353319058,1868
0.5489566613162119,1869
0.5491978609625668,1870
0.5494388027792624,1871
0.5491452991452992,1872
0.5488521089161773,1873
0.5485592315901814,1874
0.5482666666666667,1875
0.5479744136460555,1876
0.5476824720298349,1877
0.547923322683706,1878
0.5481639169771155,1879
0.5484042553191489,1880
0.5486443381180224,1881
0.5488841657810839,1882
0.5491237387148168,1883
0.5493630573248408,1884
0.5496021220159151,1885
0.5498409331919406,1886
0.5495495495495496,1887
0.5497881355932204,1888
0.5500264690312334,1889
0.5502645502645502,1890
0.550502379693284,1891
0.5507399577167019,1892
0.5509772847332277,1893
0.5506863780359028,1894
0.5509234828496042,1895
0.5511603375527426,1896
0.551396942540854,1897
0.5516332982086407,1898
0.5513428120063191,1899
0.5510526315789473,1900
0.5512887953708574,1901
0.5509989484752892,1902
0.5512348922753547,1903
0.5509453781512605,1904
0.5506561679790026,1905
0.5508919202518363,1906
0.5511274252753016,1907
0.55083857442348,1908
0.5510738606600314,1909
0.5513089005235602,1910
0.5510204081632653,1911
0.551255230125523,1912
0.5514898065865134,1913
0.5517241379310345,1914
0.551958224543081,1915
0.5516701461377871,1916
0.5519040166927491,1917
0.5521376433785193,1918
0.5523710265763419,1919
0.5520833333333334,1920
0.551795939614784,1921
0.5520291363163371,1922
0.5522620904836193,1923
0.5524948024948025,1924
0.5522077922077923,1925
0.5519210799584632,1926
0.551634665282823,1927
0.5513485477178424,1928
0.5510627268014515,1929
0.5512953367875648,1930
0.5515277058518903,1931
0.5512422360248447,1932
0.5514743921365752,1933
0.5517063081695966,1934
0.5519379844961241,1935
0.5521694214876033,1936
0.5524006195147134,1937
0.5526315789473685,1938
0.5528623001547189,1939
0.5525773195876289,1940
0.5522926326635754,1941
0.5520082389289392,1942
0.5522388059701493,1943
0.5524691358024691,1944
0.552185089974293,1945
0.552415210688592,1946
0.5526450950179764,1947
0.5528747433264887,1948
0.5531041559774243,1949
0.5533333333333333,1950
0.5530497180932855,1951
0.5532786885245902,1952
0.5529953917050692,1953
0.553224155578301,1954
0.5534526854219949,1955
0.553680981595092,1956
0.5539090444557997,1957
0.5536261491317671,1958
0.5538540071465033,1959
0.5540816326530612,1960
0.5537990821009688,1961
0.5540265035677879,1962
0.5537442689760571,1963
0.5534623217922607,1964
0.5536895674300254,1965
0.5534079348931842,1966
0.5531265887137773,1967
0.5528455284552846,1968
0.553072625698324,1969
0.5527918781725888,1970
0.5525114155251142,1971
0.552738336713996,1972
0.5529650278763305,1973
0.5526849037487336,1974
0.5529113924050633,1975
0.5526315789473685,1976
0.5523520485584219,1977
0.5520728008088979,1978
0.5522991409802931,1979
0.5525252525252525,1980
0.552246340232206,1981
0.5524722502522704,1982
0.5521936459909228,1983
0.5519153225806451,1984
0.5521410579345088,1985
0.5523665659617322,1986
0.552591847005536,1987
0.5523138832997988,1988
0.5520361990950227,1989
0.5522613065326634,1990
0.5519839276745354,1991
0.5517068273092369,1992
0.5514300050175615,1993
0.551654964894684,1994
0.5513784461152882,1995
0.5516032064128257,1996
0.5513269904857286,1997
0.551051051051051,1998
0.5507753876938469,1999
0.5505,2000
0.5507246376811594,2001
0.550949050949051,2002
0.5506739890164752,2003
0.5503992015968064,2004
0.5506234413965088,2005
0.5508474576271186,2006
0.5505729945191828,2007
0.5507968127490039,2008
0.5510204081632653,2009
0.5512437810945273,2010
0.5509696668324217,2011
0.5511928429423459,2012
0.5514157973174366,2013
0.5516385302879842,2014
0.5518610421836229,2015
0.5520833333333334,2016
0.5518096182449181,2017
0.5520317145688801,2018
0.5522535908865776,2019
0.5524752475247525,2020
0.5526966848095003,2021
0.5524233432245301,2022
0.5521502718734552,2023
0.5523715415019763,2024
0.5520987654320988,2025
0.5518262586377097,2026
0.5520473606314751,2027
0.5517751479289941,2028
0.5519960571710202,2029
0.5517241379310345,2030
0.551452486459872,2031
0.5516732283464567,2032
0.5514018691588785,2033
0.5511307767944936,2034
0.5513513513513514,2035
0.5510805500982319,2036
0.5513009327442318,2037
0.5515210991167812,2038
0.5512506130456106,2039
0.5509803921568628,2040
0.5512003919647231,2041
0.5514201762977473,2042
0.5516397454723446,2043
0.5518590998043053,2044
0.552078239608802,2045
0.552297165200391,2046
0.5525158768930142,2047
0.55224609375,2048
0.5519765739385066,2049
0.5521951219512196,2050
0.5519258898098488,2051
0.5516569200779727,2052
0.5513882123721383,2053
0.5511197663096398,2054
0.5508515815085158,2055
0.5510700389105059,2056
0.5508021390374331,2057
0.5505344995140914,2058
0.5507527926177757,2059
0.5509708737864077,2060
0.5511887433284813,2061
0.5514064015518914,2062
0.5511391177896268,2063
0.5513565891472868,2064
0.5510895883777239,2065
0.5508228460793805,2066
0.5505563618771165,2067
0.5502901353965184,2068
0.5500241662638956,2069
0.5502415458937198,2070
0.5499758570738773,2071
0.5497104247104247,2072
0.5494452484322239,2073
0.549662487945998,2074
0.5498795180722892,2075
0.5500963391136802,2076
0.549831487722677,2077
0.5495668912415784,2078
0.5493025493025493,2079
0.5495192307692308,2080
0.549735703988467,2081
0.5494716618635928,2082
0.5496879500720115,2083
0.5499040307101728,2084
0.5496402877697841,2085
0.5493767976989453,2086
0.5491135601341639,2087
0.5488505747126436,2088
0.5485878410722834,2089
0.5483253588516747,2090
0.5485413677666189,2091
0.5487571701720841,2092
0.5484949832775919,2093
0.5487106017191977,2094
0.548926014319809,2095
0.5491412213740458,2096
0.5493562231759657,2097
0.5490943755958055,2098
0.5493091948546928,2099
0.549047619047619,2100
0.5487862922417897,2101
0.5485252140818269,2102
0.5487398953875416,2103
0.5489543726235742,2104
0.5491686460807601,2105
0.5493827160493827,2106
0.5495965828191742,2107
0.5498102466793169,2108
0.5495495495495496,2109
0.5497630331753555,2110
0.5499763145428707,2111
0.5501893939393939,2112
0.5499290108849977,2113
0.5501419110690634,2114
0.5498817966903073,2115
0.5500945179584121,2116
0.550307038261691,2117
0.550519357884797,2118
0.5507314771118452,2119
0.5504716981132075,2120
0.5502121640735502,2121
0.5499528746465598,2122
0.5501648610456901,2123
0.550376647834275,2124
0.5501176470588235,2125
0.5503292568203199,2126
0.5505406676069582,2127
0.5507518796992481,2128
0.5504931892907469,2129
0.5507042253521127,2130
0.5509150633505396,2131
0.550656660412758,2132
0.5508673230192217,2133
0.5506091846298032,2134
0.550351288056206,2135
0.550561797752809,2136
0.5507721104351895,2137
0.5509822263797942,2138
0.5511921458625526,2139
0.5514018691588785,2140
0.5516113965436712,2141
0.5518207282913166,2142
0.5520298646756883,2143
0.5522388059701493,2144
0.551981351981352,2145
0.5521901211556384,2146
0.5523986958546809,2147
0.5521415270018621,2148
0.552349930200093,2149
0.552093023255814,2150
0.5523012552301255,2151
0.5525092936802974,2152
0.552717138875987,2153
0.552460538532962,2154
0.5522041763341067,2155
0.551948051948052,2156
0.5521557719054242,2157
0.5523632993512512,2158
0.5525706345530338,2159
0.5527777777777778,2160
0.5525219805645535,2161
0.5527289546716003,2162
0.5529357374017568,2163
0.5526802218114603,2164
0.5528868360277136,2165
0.5526315789473685,2166
0.5523765574526995,2167
0.5521217712177122,2168
0.5518672199170125,2169
0.552073732718894,2170
0.551819438046983,2171
0.5515653775322283,2172
0.5513115508513575,2173
0.5515179392824286,2174
0.551264367816092,2175
0.5514705882352942,2176
0.551676619200735,2177
0.55188246097337,2178
0.552088113813676,2179
0.5522935779816514,2180
0.552498853736818,2181
0.5527039413382218,2182
0.5529088410444343,2183
0.5526556776556777,2184
0.5524027459954234,2185
0.5521500457456542,2186
0.5523548239597622,2187
0.5525594149908593,2188
0.5527638190954773,2189
0.5525114155251142,2190
0.552259242355089,2191
0.552463503649635,2192
0.5526675786593708,2193
0.5524156791248861,2194
0.5521640091116173,2195
0.5519125683060109,2196
0.5521165225307237,2197
0.5518653321201092,2198
0.5516143701682583,2199
0.5518181818181818,2200
0.5515674693321218,2201
0.5513169845594914,2202
0.5515206536541081,2203
0.5512704174228675,2204
0.5510204081632653,2205
0.5507706255666365,2206
0.5509741730856366,2207
0.5507246376811594,2208
0.5509280217292892,2209
0.5506787330316743,2210
0.5508819538670285,2211
0.5510849909584087,2212
0.5508359692724808,2213
0.5510388437217706,2214
0.5507900677200903,2215
0.5505415162454874,2216
0.550744248985115,2217
0.5504959422903517,2218
0.5502478593961244,2219
0.5504504504504505,2220
0.55020261143629,2221
0.54995499549955,2222
0.5497076023391813,2223
0.5494604316546763,2224
0.5492134831460674,2225
0.5489667565139263,2226
0.5487202514593623,2227
0.5484739676840216,2228
0.5482279048900852,2229
0.5484304932735427,2230
0.5486329000448229,2231
0.5488351254480287,2232
0.54858934169279,2233
0.5487914055505819,2234
0.548993288590604,2235
0.5487477638640429,2236
0.5485024586499776,2237
0.548704200178731,2238
0.5484591335417597,2239
0.5482142857142858,2240
0.5479696564033913,2241
0.5477252453166815,2242
0.5474810521622827,2243
0.5472370766488414,2244
0.5469933184855233,2245
0.5467497773820125,2246
0.5469514908767246,2247
0.5467081850533808,2248
0.5464650955980436,2249
0.5462222222222223,2250
0.5459795646379387,2251
0.5461811722912966,2252
0.5463826009764758,2253
0.5461401952085182,2254
0.5458980044345898,2255
0.5460992907801419,2256
0.5463003987594152,2257
0.546058458813109,2258
0.5462594068171758,2259
0.5464601769911505,2260
0.5466607695709863,2261
0.5468611847922192,2262
0.5466195315952276,2263
0.5463780918727915,2264
0.5465783664459161,2265
0.5463371579876434,2266
0.5465372739303044,2267
0.5462962962962963,2268
0.5464962538563244,2269
0.5462555066079295,2270
0.5464553060325847,2271
0.5462147887323944,2272
0.5464144302683678,2273
0.5461741424802111,2274
0.5463736263736264,2275
0.5461335676625659,2276
0.5463328941589811,2277
0.5460930640913082,2278
0.5462922334357174,2279
0.5464912280701755,2280
0.546690048224463,2281
0.5464504820333042,2282
0.5466491458607096,2283
0.5468476357267951,2284
0.5470459518599562,2285
0.5468066491688539,2286
0.5470048097944906,2287
0.5467657342657343,2288
0.546526867627785,2289
0.5467248908296943,2290
0.546922741161065,2291
0.5471204188481675,2292
0.5473179241168774,2293
0.547079337401918,2294
0.547276688453159,2295
0.5470383275261324,2296
0.5472355245973008,2297
0.5469973890339426,2298
0.5471944323618965,2299
0.5473913043478261,2300
0.5475880052151239,2301
0.547784535186794,2302
0.5479808944854537,2303
0.5481770833333334,2304
0.5483731019522776,2305
0.5485689505637468,2306
0.5487646293888166,2307
0.5489601386481803,2308
0.5491554785621481,2309
0.5493506493506494,2310
0.5495456512332324,2311
0.5497404844290658,2312
0.5499351491569391,2313
0.5501296456352636,2314
0.5503239740820735,2315
0.5505181347150259,2316
0.550280535174795,2317
0.5500431406384815,2318
0.5502371711944803,2319
0.5504310344827587,2320
0.5501938819474365,2321
0.5503875968992248,2322
0.5501506672406371,2323
0.5503442340791739,2324
0.5501075268817204,2325
0.5503009458297506,2326
0.5504941985388913,2327
0.5502577319587629,2328
0.5504508372692143,2329
0.5506437768240343,2330
0.5504075504075504,2331
0.5501715265866209,2332
0.5499357051007286,2333
0.5501285347043702,2334
0.550321199143469,2335
0.5500856164383562,2336
0.5498502353444588,2337
0.5496150556030795,2338
0.5493800769559641,2339
0.5491452991452992,2340
0.548910721913712,2341
0.5486763450042699,2342
0.5488689714041827,2343
0.549061433447099,2344
0.5488272921108742,2345
0.5490196078431373,2346
0.5487856838517257,2347
0.5489778534923339,2348
0.5491698595146871,2349
0.548936170212766,2350
0.5487026797107614,2351
0.548469387755102,2352
0.5486612834679133,2353
0.5488530161427357,2354
0.5490445859872611,2355
0.5492359932088285,2356
0.5494272380144252,2357
0.549618320610687,2358
0.5493853327681221,2359
0.5491525423728814,2360
0.5489199491740788,2361
0.5491109229466554,2362
0.5488785442234447,2363
0.5490693739424704,2364
0.5492600422832981,2365
0.5490278951817413,2366
0.5487959442332065,2367
0.5485641891891891,2368
0.548332629801604,2369
0.5481012658227848,2370
0.5482918599746942,2371
0.5484822934232715,2372
0.5486725663716814,2373
0.548441449031171,2374
0.5486315789473685,2375
0.5488215488215489,2376
inf,2377
1.0,2378
0.5,2379
0.6666666666666666,2380
0.5,2381
0.6,2382
0.6666666666666666,2383
0.5714285714285714,2384
0.5,2385
0.5555555555555556,2386
0.6,2387
0.6363636363636364,2388
0.5833333333333334,2389
0.6153846153846154,2390
0.5714285714285714,2391
0.6,2392
0.5625,2393
0.5294117647058824,2394
0.5555555555555556,2395
0.5263157894736842,2396
0.5,2397
0.5238095238095238,2398
0.5454545454545454,2399
0.5217391304347826,2400
0.5416666666666666,2401
0.52,2402
0.5384615384615384,2403
0.5185185185185185,2404
0.5357142857142857,2405
0.5172413793103449,2406
0.5,2407
0.4838709677419355,2408
0.5,2409
0.5151515151515151,2410
0.5,2411
0.4857142857142857,2412
0.5,2413
0.4864864864864865,2414
0.47368421052631576,2415
0.46153846153846156,2416
0.45,2417
0.43902439024390244,2418
0.4523809523809524,2419
0.46511627906976744,2420
0.45454545454545453,2421
0.4444444444444444,2422
0.45652173913043476,2423
0.44680851063829785,2424
0.4375,2425
0.4489795918367347,2426
0.44,2427
0.45098039215686275,2428
0.4423076923076923,2429
0.4339622641509434,2430
0.4444444444444444,2431
0.45454545454545453,2432
0.44642857142857145,2433
0.45614035087719296,2434
0.46551724137931033,2435
0.4745762711864407,2436
0.48333333333333334,2437
0.47540983606557374,2438
0.4838709677419355,2439
0.47619047619047616,2440
0.484375,2441
0.47692307692307695,2442
0.4696969696969697,2443
0.4626865671641791,2444
0.47058823529411764,2445
0.463768115942029,2446
0.45714285714285713,2447
0.4507042253521127,2448
0.4444444444444444,2449
0.4383561643835616,2450
0.43243243243243246,2451
0.4266666666666667,2452
0.42105263157894735,2453
0.42857142857142855,2454
0.4358974358974359,2455
0.4430379746835443,2456
0.45,2457
0.4444444444444444,2458
0.45121951219512196,2459
0.4578313253012048,2460
0.4523809523809524,2461
0.4588235294117647,2462
0.45348837209302323,2463
0.4482758620689655,2464
0.4431818181818182,2465
0.449438202247191,2466
0.45555555555555555,2467
0.45054945054945056,2468
0.45652173913043476,2469
0.46236559139784944,2470
0.4574468085106383,2471
0.45263157894736844,2472
0.4479166666666667,2473
0.44329896907216493,2474
0.4489795918367347,2475
0.45454545454545453,2476
0.46,2477
0.45544554455445546,2478
0.46078431372549017,2479
0.46601941747572817,2480
0.46153846153846156,2481
0.45714285714285713,2482
0.46226415094339623,2483
0.4672897196261682,2484
0.46296296296296297,2485
0.46788990825688076,2486
0.4636363636363636,2487
0.46846846846846846,2488
0.4732142857142857,2489
0.4778761061946903,2490
0.47368421052631576,2491
0.4782608695652174,2492
0.47413793103448276,2493
0.47863247863247865,2494
0.4830508474576271,2495
0.48739495798319327,2496
0.48333333333333334,2497
0.4793388429752066,2498
0.48360655737704916,2499
0.4878048780487805,2500
0.49193548387096775,2501
0.488,2502
0.48412698412698413,2503
0.48031496062992124,2504
0.4765625,2505
0.4806201550387597,2506
0.4846153846153846,2507
0.48854961832061067,2508
0.49242424242424243,2509
0.49624060150375937,2510
0.4925373134328358,2511
0.4888888888888889,2512
0.4852941176470588,2513
0.48175182481751827,2514
0.4782608695652174,2515
0.48201438848920863,2516
0.4857142857142857,2517
0.48936170212765956,2518
0.49295774647887325,2519
0.4965034965034965,2520
0.5,2521
0.503448275862069,2522
0.5068493150684932,2523
0.5034013605442177,2524
0.5067567567567568,2525
0.5100671140939598,2526
0.5133333333333333,2527
0.5165562913907285,2528
0.5197368421052632,2529
0.5228758169934641,2530
0.5194805194805194,2531
0.5225806451612903,2532
0.5256410256410257,2533
0.5222929936305732,2534
0.5189873417721519,2535
0.5157232704402516,2536
0.51875,2537
0.515527950310559,2538
0.5123456790123457,2539
0.5153374233128835,2540
0.5182926829268293,2541
0.5151515151515151,2542
0.5120481927710844,2543
0.5149700598802395,2544
0.5178571428571429,2545
0.5207100591715976,2546
0.5235294117647059,2547
0.52046783625731,2548
0.5174418604651163,2549
0.5202312138728323,2550
0.5172413793103449,2551
0.5142857142857142,2552
0.5170454545454546,2553
0.5141242937853108,2554
0.5112359550561798,2555
0.5139664804469274,2556
0.5111111111111111,2557
0.5082872928176796,2558
0.510989010989011,2559
0.5136612021857924,2560
0.5163043478260869,2561
0.518918918918919,2562
0.521505376344086,2563
0.5187165775401069,2564
0.5212765957446809,2565
0.5238095238095238,2566
0.5263157894736842,2567
0.5235602094240838,2568
0.5260416666666666,2569
0.5233160621761658,2570
0.5257731958762887,2571
0.5282051282051282,2572
0.5306122448979592,2573
0.5329949238578681,2574
0.5353535353535354,2575
0.5376884422110553,2576
0.54,2577
0.5422885572139303,2578
0.5445544554455446,2579
0.5467980295566502,2580
0.5490196078431373,2581
0.5463414634146342,2582
0.5436893203883495,2583
0.5458937198067633,2584
0.5432692307692307,2585
0.5406698564593302,2586
0.5380952380952381,2587
0.5355450236966824,2588
0.5377358490566038,2589
0.539906103286385,2590
0.5373831775700935,2591
0.5395348837209303,2592
0.5370370370370371,2593
0.5345622119815668,2594
0.5321100917431193,2595
0.5342465753424658,2596
0.5318181818181819,2597
0.5294117647058824,2598
0.527027027027027,2599
0.5246636771300448,2600
0.5223214285714286,2601
0.52,2602
0.5221238938053098,2603
0.5242290748898678,2604
0.5219298245614035,2605
0.5240174672489083,2606
0.5217391304347826,2607
0.5194805194805194,2608
0.521551724137931,2609
0.5236051502145923,2610
0.5256410256410257,2611
0.5276595744680851,2612
0.5296610169491526,2613
0.5274261603375527,2614
0.5252100840336135,2615
0.5271966527196653,2616
0.5291666666666667,2617
0.5311203319502075,2618
0.5289256198347108,2619
0.5308641975308642,2620
0.5286885245901639,2621
0.5306122448979592,2622
0.532520325203252,2623
0.5303643724696356,2624
0.532258064516129,2625
0.5301204819277109,2626
0.528,2627
0.5298804780876494,2628
0.5277777777777778,2629
0.5296442687747036,2630
0.5275590551181102,2631
0.5254901960784314,2632
0.5234375,2633
0.5252918287937743,2634
0.5232558139534884,2635
0.525096525096525,2636
0.5269230769230769,2637
0.5287356321839081,2638
0.5305343511450382,2639
0.5285171102661597,2640
0.5303030303030303,2641
0.5320754716981132,2642
0.5338345864661654,2643
0.5318352059925093,2644
0.5335820895522388,2645
0.5353159851301115,2646
0.5370370370370371,2647
0.5350553505535055,2648
0.5367647058823529,2649
0.5384615384615384,2650
0.5401459854014599,2651
0.5418181818181819,2652
0.5398550724637681,2653
0.5415162454873647,2654
0.5431654676258992,2655
0.5448028673835126,2656
0.5464285714285714,2657
0.5444839857651246,2658
0.5460992907801419,2659
0.5441696113074205,2660
0.545774647887324,2661
0.543859649122807,2662
0.5454545454545454,2663
0.5470383275261324,2664
0.5451388888888888,2665
0.5432525951557093,2666
0.5413793103448276,2667
0.5395189003436426,2668
0.541095890410959,2669
0.5392491467576792,2670
0.5408163265306123,2671
0.5389830508474577,2672
0.5405405405405406,2673
0.5387205387205387,2674
0.540268456375839,2675
0.5418060200668896,2676
0.54,2677
0.5415282392026578,2678
0.543046357615894,2679
0.5412541254125413,2680
0.5394736842105263,2681
0.5409836065573771,2682
0.5424836601307189,2683
0.5407166123778502,2684
0.538961038961039,2685
0.5372168284789643,2686
0.535483870967742,2687
0.5337620578778135,2688
0.532051282051282,2689
0.5303514376996805,2690
0.5318471337579618,2691
0.5301587301587302,2692
0.5316455696202531,2693
0.5331230283911672,2694
0.5314465408805031,2695
0.5297805642633229,2696
0.528125,2697
0.5295950155763239,2698
0.531055900621118,2699
0.5325077399380805,2700
0.5339506172839507,2701
0.5323076923076923,2702
0.5337423312883436,2703
0.5321100917431193,2704
0.5335365853658537,2705
0.5319148936170213,2706
0.5303030303030303,2707
0.5317220543806647,2708
0.5331325301204819,2709
0.5315315315315315,2710
0.5329341317365269,2711
0.5343283582089552,2712
0.5327380952380952,2713
0.5341246290801187,2714
0.5355029585798816,2715
0.5339233038348082,2716
0.5352941176470588,2717
0.5366568914956011,2718
0.5380116959064327,2719
0.5364431486880467,2720
0.5377906976744186,2721
0.5391304347826087,2722
0.5375722543352601,2723
0.5389048991354467,2724
0.5373563218390804,2725
0.5386819484240688,2726
0.54,2727
0.5384615384615384,2728
0.5397727272727273,2729
0.5410764872521246,2730
0.53954802259887,2731
0.5408450704225352,2732
0.5393258426966292,2733
0.5406162464985994,2734
0.5418994413407822,2735
0.5431754874651811,2736
0.5444444444444444,2737
0.5457063711911357,2738
0.5469613259668509,2739
0.5482093663911846,2740
0.5467032967032966,2741
0.547945205479452,2742
0.5491803278688525,2743
0.547683923705722,2744
0.5461956521739131,2745
0.5474254742547425,2746
0.5486486486486486,2747
0.5471698113207547,2748
0.5483870967741935,2749
0.5495978552278821,2750
0.5481283422459893,2751
0.5493333333333333,2752
0.5478723404255319,2753
0.5464190981432361,2754
0.544973544973545,2755
0.5461741424802111,2756
0.5447368421052632,2757
0.5459317585301837,2758
0.5445026178010471,2759
0.5456919060052219,2760
0.5442708333333334,2761
0.5428571428571428,2762
0.5414507772020726,2763
0.5426356589147286,2764
0.5438144329896907,2765
0.5449871465295629,2766
0.5461538461538461,2767
0.5447570332480819,2768
0.5433673469387755,2769
0.5419847328244275,2770
0.5431472081218274,2771
0.5443037974683544,2772
0.5454545454545454,2773
0.5440806045340051,2774
0.5452261306532663,2775
0.5463659147869674,2776
0.545,2777
0.5461346633416458,2778
0.5472636815920398,2779
0.5483870967741935,2780
0.5495049504950495,2781
0.5481481481481482,2782
0.5492610837438424,2783
0.547911547911548,2784
0.5465686274509803,2785
0.5452322738386308,2786
0.5439024390243903,2787
0.5450121654501217,2788
0.5461165048543689,2789
0.5447941888619855,2790
0.5458937198067633,2791
0.5469879518072289,2792
0.5480769230769231,2793
0.5491606714628298,2794
0.5478468899521531,2795
0.5465393794749404,2796
0.5452380952380952,2797
0.5439429928741093,2798
0.542654028436019,2799
0.5437352245862884,2800
0.5424528301886793,2801
0.5411764705882353,2802
0.5422535211267606,2803
0.5433255269320844,2804
0.5420560747663551,2805
0.5407925407925408,2806
0.5395348837209303,2807
0.5382830626450116,2808
0.5370370370370371,2809
0.5381062355658198,2810
0.5391705069124424,2811
0.5402298850574713,2812
0.5389908256880734,2813
0.540045766590389,2814
0.541095890410959,2815
0.5398633257403189,2816
0.5386363636363637,2817
0.5396825396825397,2818
0.5384615384615384,2819
0.5395033860045146,2820
0.5382882882882883,2821
0.5393258426966292,2822
0.5403587443946188,2823
0.5413870246085011,2824
0.5424107142857143,2825
0.5434298440979956,2826
0.5422222222222223,2827
0.5432372505543237,2828
0.5442477876106194,2829
0.543046357615894,2830
0.5440528634361234,2831
0.545054945054945,2832
0.543859649122807,2833
0.5448577680525164,2834
0.5458515283842795,2835
0.5446623093681917,2836
0.5434782608695652,2837
0.5422993492407809,2838
0.5411255411255411,2839
0.5421166306695464,2840
0.540948275862069,2841
0.5419354838709678,2842
0.5407725321888412,2843
0.5396145610278372,2844
0.5384615384615384,2845
0.5373134328358209,2846
0.5361702127659574,2847
0.535031847133758,2848
0.5338983050847458,2849
0.53276955602537,2850
0.5316455696202531,2851
0.5305263157894737,2852
0.5315126050420168,2853
0.5324947589098532,2854
0.5313807531380753,2855
0.5302713987473904,2856
0.5291666666666667,2857
0.5280665280665281,2858
0.5269709543568465,2859
0.525879917184265,2860
0.5268595041322314,2861
0.5278350515463918,2862
0.5267489711934157,2863
0.5277207392197125,2864
0.5286885245901639,2865
0.5276073619631901,2866
0.5265306122448979,2867
0.5274949083503055,2868
0.5264227642276422,2869
0.5253549695740365,2870
0.5242914979757085,2871
0.5252525252525253,2872
0.5241935483870968,2873
0.5251509054325956,2874
0.5261044176706827,2875
0.5250501002004008,2876
0.526,2877
0.5269461077844312,2878
0.5278884462151394,2879
0.5288270377733598,2880
0.5277777777777778,2881
0.5287128712871287,2882
0.5276679841897233,2883
0.5285996055226825,2884
0.5275590551181102,2885
0.5284872298624754,2886
0.5274509803921569,2887
0.5283757338551859,2888
0.529296875,2889
0.5282651072124757,2890
0.5291828793774319,2891
0.5281553398058253,2892
0.5290697674418605,2893
0.528046421663443,2894
0.528957528957529,2895
0.5279383429672447,2896
0.5288461538461539,2897
0.527831094049904,2898
0.5287356321839081,2899
0.5277246653919694,2900
0.5286259541984732,2901
0.5276190476190477,2902
0.5285171102661597,2903
0.5294117647058824,2904
0.5303030303030303,2905
0.5293005671077504,2906
0.530188679245283,2907
0.5291902071563088,2908
0.5281954887218046,2909
0.5290806754221389,2910
0.5299625468164794,2911
0.5308411214953271,2912
0.5317164179104478,2913
0.5325884543761639,2914
0.533457249070632,2915
0.5343228200371057,2916
0.5333333333333333,2917
0.5341959334565619,2918
0.5350553505535055,2919
0.5359116022099447,2920
0.5367647058823529,2921
0.5357798165137615,2922
0.5366300366300366,2923
0.5374771480804388,2924
0.5383211678832117,2925
0.5391621129326047,2926
0.54,2927
0.5408348457350273,2928
0.5398550724637681,2929
0.5406871609403255,2930
0.5397111913357401,2931
0.5405405405405406,2932
0.539568345323741,2933
0.5385996409335727,2934
0.5394265232974911,2935
0.5402504472271914,2936
0.5410714285714285,2937
0.5418894830659536,2938
0.5409252669039146,2939
0.5417406749555951,2940
0.5425531914893617,2941
0.5433628318584071,2942
0.5441696113074205,2943
0.544973544973545,2944
0.5440140845070423,2945
0.5430579964850615,2946
0.543859649122807,2947
0.5446584938704028,2948
0.5437062937062938,2949
0.5445026178010471,2950
0.5452961672473867,2951
0.5443478260869565,2952
0.5434027777777778,2953
0.5424610051993067,2954
0.5432525951557093,2955
0.542314335060449,2956
0.5413793103448276,2957
0.5421686746987951,2958
0.5429553264604811,2959
0.5437392795883362,2960
0.5445205479452054,2961
0.5435897435897435,2962
0.5426621160409556,2963
0.5417376490630323,2964
0.5425170068027211,2965
0.5432937181663837,2966
0.5440677966101695,2967
0.544839255499154,2968
0.543918918918919,2969
0.5430016863406408,2970
0.5437710437710438,2971
0.5445378151260504,2972
0.5436241610738255,2973
0.542713567839196,2974
0.5418060200668896,2975
0.5425709515859767,2976
0.5416666666666666,2977
0.5424292845257903,2978
0.5431893687707641,2979
0.5439469320066335,2980
0.543046357615894,2981
0.543801652892562,2982
0.5445544554455446,2983
0.5453047775947282,2984
0.5460526315789473,2985
0.5467980295566502,2986
0.5475409836065573,2987
0.5482815057283142,2988
0.5490196078431373,2989
0.5497553017944535,2990
0.5504885993485342,2991
0.5495934959349593,2992
0.5487012987012987,2993
0.5494327390599676,2994
0.5485436893203883,2995
0.5476575121163166,2996
0.5467741935483871,2997
0.5475040257648953,2998
0.5482315112540193,2999
0.5489566613162119,3000
0.5480769230769231,3001
0.5472,3002
0.5463258785942492,3003
0.5454545454545454,3004
0.5445859872611465,3005
0.5437201907790143,3006
0.5444444444444444,3007
0.5451664025356577,3008
0.5458860759493671,3009
0.5450236966824644,3010
0.5457413249211357,3011
0.5464566929133858,3012
0.5455974842767296,3013
0.5447409733124019,3014
0.5438871473354232,3015
0.5446009389671361,3016
0.5453125,3017
0.5444617784711389,3018
0.543613707165109,3019
0.5427682737169518,3020
0.5419254658385093,3021
0.5410852713178295,3022
0.5402476780185759,3023
0.5409582689335394,3024
0.5416666666666666,3025
0.5423728813559322,3026
0.5415384615384615,3027
0.5422427035330261,3028
0.5414110429447853,3029
0.5405819295558959,3030
0.5412844036697247,3031
0.5419847328244275,3032
0.5426829268292683,3033
0.54337899543379,3034
0.5440729483282675,3035
0.543247344461305,3036
0.543939393939394,3037
0.5446293494704992,3038
0.5438066465256798,3039
0.5444947209653092,3040
0.5451807228915663,3041
0.544360902255639,3042
0.545045045045045,3043
0.545727136431784,3044
0.5449101796407185,3045
0.5455904334828101,3046
0.5462686567164179,3047
0.5454545454545454,3048
0.5446428571428571,3049
0.5453194650817236,3050
0.5445103857566765,3051
0.5437037037037037,3052
0.5443786982248521,3053
0.5435745937961596,3054
0.5427728613569321,3055
0.5434462444771723,3056
0.5426470588235294,3057
0.5433186490455213,3058
0.5439882697947214,3059
0.5431918008784773,3060
0.543859649122807,3061
0.5430656934306569,3062
0.543731778425656,3063
0.5429403202328966,3064
0.5436046511627907,3065
0.5442670537010159,3066
0.5434782608695652,3067
0.5426917510853835,3068
0.5433526011560693,3069
0.5440115440115441,3070
0.5446685878962536,3071
0.5453237410071943,3072
0.5459770114942529,3073
0.5451936872309899,3074
0.5444126074498568,3075
0.5436337625178826,3076
0.5442857142857143,3077
0.5449358059914408,3078
0.5455840455840456,3079
0.5448079658605974,3080
0.5454545454545454,3081
0.5446808510638298,3082
0.5439093484419264,3083
0.5445544554455446,3084
0.5437853107344632,3085
0.5444287729196051,3086
0.543661971830986,3087
0.5443037974683544,3088
0.5449438202247191,3089
0.5455820476858345,3090
0.5462184873949579,3091
0.5468531468531469,3092
0.547486033519553,3093
0.5467224546722455,3094
0.5473537604456824,3095
0.5479833101529903,3096
0.5472222222222223,3097
0.5478502080443828,3098
0.5484764542936288,3099
0.5491009681881052,3100
0.5497237569060773,3101
0.5489655172413793,3102
0.5495867768595041,3103
0.5502063273727648,3104
0.5508241758241759,3105
0.551440329218107,3106
0.5506849315068493,3107
0.5499316005471956,3108
0.5491803278688525,3109
0.548431105047749,3110
0.5490463215258855,3111
0.5496598639455782,3112
0.5489130434782609,3113
0.5495251017639078,3114
0.5501355013550135,3115
0.550744248985115,3116
0.5513513513513514,3117
0.5506072874493927,3118
0.5512129380053908,3119
0.5518169582772544,3120
0.5524193548387096,3121
0.553020134228188,3122
0.5522788203753352,3123
0.5515394912985274,3124
0.5508021390374331,3125
0.5514018691588785,3126
0.552,3127
0.5525965379494008,3128
0.5518617021276596,3129
0.5524568393094289,3130
0.5517241379310345,3131
0.552317880794702,3132
0.5529100529100529,3133
0.5521796565389696,3134
0.5514511873350924,3135
0.5507246376811594,3136
0.5513157894736842,3137
0.5519053876478318,3138
0.55249343832021,3139
0.5530799475753604,3140
0.5536649214659686,3141
0.5529411764705883,3142
0.5522193211488251,3143
0.5528031290743155,3144
0.5533854166666666,3145
0.5539661898569571,3146
0.5545454545454546,3147
0.5551232166018158,3148
0.5544041450777202,3149
0.553686934023286,3150
0.5542635658914729,3151
0.5548387096774193,3152
0.5541237113402062,3153
0.5534105534105535,3154
0.5539845758354756,3155
0.5545571245186136,3156
0.5551282051282052,3157
0.5556978233034571,3158
0.5562659846547314,3159
0.5555555555555556,3160
0.5561224489795918,3161
0.556687898089172,3162
0.5572519083969466,3163
0.5565438373570522,3164
0.5571065989847716,3165
0.5564005069708492,3166
0.5569620253164557,3167
0.5575221238938053,3168
0.5580808080808081,3169
0.5573770491803278,3170
0.5566750629722922,3171
0.5572327044025157,3172
0.5577889447236181,3173
0.5570890840652447,3174
0.5576441102756893,3175
0.55819774718398,3176
0.55875,3177
0.5593008739076155,3178
0.559850374064838,3179
0.5591531755915318,3180
0.5597014925373134,3181
0.5590062111801242,3182
0.5595533498759305,3183
0.5588599752168525,3184
0.5581683168316832,3185
0.5587144622991347,3186
0.5580246913580247,3187
0.5573366214549939,3188
0.5566502463054187,3189
0.5559655596555966,3190
0.5565110565110565,3191
0.5570552147239264,3192
0.5563725490196079,3193
0.5569155446756426,3194
0.5574572127139364,3195
0.557997557997558,3196
0.5585365853658537,3197
0.5578562728380024,3198
0.5571776155717761,3199
0.5577156743620899,3200
0.5570388349514563,3201
0.5575757575757576,3202
0.5569007263922519,3203
0.5574365175332527,3204
0.5579710144927537,3205
0.5585042219541616,3206
0.5590361445783133,3207
0.5583634175691937,3208
0.5576923076923077,3209
0.5570228091236494,3210
0.5575539568345323,3211
0.5568862275449101,3212
0.5574162679425837,3213
0.5567502986857825,3214
0.5572792362768496,3215
0.5578069129916567,3216
0.5571428571428572,3217
0.5564803804994055,3218
0.5558194774346793,3219
0.5551601423487544,3220
0.5545023696682464,3221
0.5550295857988166,3222
0.5555555555555556,3223
0.5548996458087367,3224
0.5542452830188679,3225
0.5535924617196702,3226
0.5541176470588235,3227
0.554641598119859,3228
0.5551643192488263,3229
0.5545134818288394,3230
0.5550351288056206,3231
0.5555555555555556,3232
0.5549065420560748,3233
0.5542590431738623,3234
0.5547785547785548,3235
0.5552968568102444,3236
0.5558139534883721,3237
0.5551684088269454,3238
0.5556844547563805,3239
0.5550405561993047,3240
0.5555555555555556,3241
0.5549132947976878,3242
0.5554272517321016,3243
0.5559400230680508,3244
0.5564516129032258,3245
0.5569620253164557,3246
0.5563218390804597,3247
0.5568312284730195,3248
0.5561926605504587,3249
0.5567010309278351,3250
0.5572082379862701,3251
0.5577142857142857,3252
0.5570776255707762,3253
0.5575826681870011,3254
0.5569476082004556,3255
0.5574516496018203,3256
0.5568181818181818,3257
0.5573212258796821,3258
0.5578231292517006,3259
0.5583238958097395,3260
0.5588235294117647,3261
0.5581920903954802,3262
0.5586907449209932,3263
0.5580608793686584,3264
0.5585585585585585,3265
0.5590551181102362,3266
0.5595505617977528,3267
0.5600448933782267,3268
0.5594170403587444,3269
0.5587905935050392,3270
0.558165548098434,3271
0.5586592178770949,3272
0.5591517857142857,3273
0.5596432552954292,3274
0.5590200445434298,3275
0.5583982202447163,3276
0.5588888888888889,3277
0.5593784683684795,3278
0.5598669623059866,3279
0.5603543743078627,3280
0.5608407079646017,3281
0.5602209944751381,3282
0.5596026490066225,3283
0.5600882028665931,3284
0.5594713656387665,3285
0.55995599559956,3286
0.5604395604395604,3287
0.5609220636663008,3288
0.5603070175438597,3289
0.56078860898138,3290
0.5612691466083151,3291
0.5617486338797815,3292
0.5611353711790393,3293
0.5605234460196292,3294
0.5610021786492375,3295
0.5614798694232862,3296
0.5608695652173913,3297
0.5602605863192183,3298
0.559652928416486,3299
0.5590465872156013,3300
0.5584415584415584,3301
0.5578378378378378,3302
0.5572354211663066,3303
0.5577130528586839,3304
0.5581896551724138,3305
0.5586652314316469,3306
0.5580645161290323,3307
0.5574650912996778,3308
0.5579399141630901,3309
0.5573419078242229,3310
0.556745182012848,3311
0.5572192513368984,3312
0.5576923076923077,3313
0.5581643543223053,3314
0.55863539445629,3315
0.5580404685835996,3316
0.5574468085106383,3317
0.5579171094580234,3318
0.5573248407643312,3319
0.5567338282078473,3320
0.5561440677966102,3321
0.5566137566137566,3322
0.5570824524312896,3323
0.5564941921858501,3324
0.5559071729957806,3325
0.5553213909378293,3326
0.5557894736842105,3327
0.5562565720294427,3328
0.5567226890756303,3329
0.5571878279118573,3330
0.5566037735849056,3331
0.556020942408377,3332
0.555439330543933,3333
0.5559038662486938,3334
0.5563674321503131,3335
0.5557872784150156,3336
0.5552083333333333,3337
0.554630593132154,3338
0.5550935550935551,3339
0.5555555555555556,3340
0.5549792531120332,3341
0.5544041450777202,3342
0.5538302277432712,3343
0.5542916235780765,3344
0.5547520661157025,3345
0.5541795665634675,3346
0.554639175257732,3347
0.5550978372811535,3348
0.5555555555555556,3349
0.5560123329907503,3350
0.5564681724845996,3351
0.556923076923077,3352
0.5563524590163934,3353
0.5568065506653019,3354
0.5572597137014315,3355
0.557711950970378,3356
0.5581632653061225,3357
0.5586136595310908,3358
0.5580448065173116,3359
0.5584944048830112,3360
0.5579268292682927,3361
0.5573604060913706,3362
0.5567951318458418,3363
0.5572441742654508,3364
0.5566801619433198,3365
0.5571284125379171,3366
0.5575757575757576,3367
0.5580221997981837,3368
0.5574596774193549,3369
0.5568982880161127,3370
0.5563380281690141,3371
0.5567839195979899,3372
0.5572289156626506,3373
0.5566700100300903,3374
0.5561122244488977,3375
0.5565565565565566,3376
0.556,3377
0.5564435564435565,3378
0.5568862275449101,3379
0.5573280159521435,3380
0.5577689243027888,3381
0.5572139303482587,3382
0.5576540755467196,3383
0.5571002979145978,3384
0.5565476190476191,3385
0.5569871159563925,3386
0.5564356435643565,3387
0.5568743818001978,3388
0.5563241106719368,3389
0.5567620927936822,3390
0.5562130177514792,3391
0.5566502463054187,3392
0.5570866141732284,3393
0.5575221238938053,3394
0.5569744597249509,3395
0.5574092247301276,3396
0.557843137254902,3397
0.5572967678746327,3398
0.5577299412915852,3399
0.5571847507331378,3400
0.5576171875,3401
0.5580487804878049,3402
0.5584795321637427,3403
0.557935735150925,3404
0.5583657587548638,3405
0.5587949465500486,3406
0.558252427184466,3407
0.5577109602327837,3408
0.5571705426356589,3409
0.5575992255566312,3410
0.558027079303675,3411
0.5584541062801932,3412
0.5588803088803089,3413
0.5583413693346191,3414
0.558766859344894,3415
0.559191530317613,3416
0.5596153846153846,3417
0.5600384245917387,3418
0.5604606525911708,3419
0.5608820709491851,3420
0.5603448275862069,3421
0.5598086124401914,3422
0.5592734225621415,3423
0.559694364851958,3424
0.5591603053435115,3425
0.5586272640610105,3426
0.5580952380952381,3427
0.5575642245480494,3428
0.5579847908745247,3429
0.5574548907882241,3430
0.5578747628083491,3431
0.5582938388625592,3432
0.5577651515151515,3433
0.5581835383159887,3434
0.558601134215501,3435
0.559017941454202,3436
0.559433962264151,3437
0.5598491988689915,3438
0.5602636534839924,3439
0.5597365945437441,3440
0.5601503759398496,3441
0.5596244131455399,3442
0.5600375234521576,3443
0.5604498594189316,3444
0.5599250936329588,3445
0.5603367633302152,3446
0.5607476635514018,3447
0.5602240896358543,3448
0.5606343283582089,3449
0.5601118359739049,3450
0.5605214152700186,3451
0.56,3452
0.5604089219330854,3453
0.5608170844939647,3454
0.5612244897959183,3455
0.561631139944393,3456
0.562037037037037,3457
0.5624421831637373,3458
0.5619223659889094,3459
0.5614035087719298,3460
0.5608856088560885,3461
0.5612903225806452,3462
0.5616942909760589,3463
0.562097516099356,3464
0.5625,3465
0.5629017447199265,3466
0.5623853211009174,3467
0.5618698441796517,3468
0.5622710622710623,3469
0.5617566331198536,3470
0.5621572212065814,3471
0.5616438356164384,3472
0.5620437956204379,3473
0.5624430264357339,3474
0.5628415300546448,3475
0.5623293903548681,3476
0.5618181818181818,3477
0.5613079019073569,3478
0.5617059891107078,3479
0.5611967361740707,3480
0.5606884057971014,3481
0.5601809954751131,3482
0.5605786618444847,3483
0.5600722673893406,3484
0.5595667870036101,3485
0.5599639314697926,3486
0.5603603603603604,3487
0.5598559855985599,3488
0.5593525179856115,3489
0.5588499550763701,3490
0.559245960502693,3491
0.5596412556053811,3492
0.5600358422939068,3493
0.5604297224709042,3494
0.5599284436493739,3495
0.5603217158176944,3496
0.5598214285714286,3497
0.56021409455843,3498
0.5597147950089126,3499
0.560106856634016,3500
0.5604982206405694,3501
0.5608888888888889,3502
0.5603907637655418,3503
0.5607808340727596,3504
0.5602836879432624,3505
0.5606731620903455,3506
0.5601769911504425,3507
0.5605658709106985,3508
0.5600706713780919,3509
0.559576345984113,3510
0.5599647266313933,3511
0.560352422907489,3512
0.5598591549295775,3513
0.5593667546174143,3514
0.5597539543057997,3515
0.5601404741000878,3516
0.5596491228070175,3517
0.5591586327782647,3518
0.5595446584938704,3519
0.5590551181102362,3520
0.5585664335664335,3521
0.5580786026200873,3522
0.5584642233856894,3523
0.5588491717523976,3524
0.5592334494773519,3525
0.5587467362924282,3526
0.5591304347826087,3527
0.5586446568201564,3528
0.5581597222222222,3529
0.5576756287944492,3530
0.5580589254766031,3531
0.5584415584415584,3532
0.5579584775086506,3533
0.5583405358686258,3534
0.5587219343696027,3535
0.5582398619499569,3536
0.5586206896551724,3537
0.5590008613264428,3538
0.5593803786574871,3539
0.5597592433361995,3540
0.5601374570446735,3541
0.559656652360515,3542
0.5600343053173242,3543
0.5604113110539846,3544
0.559931506849315,3545
0.5603079555175363,3546
0.5606837606837607,3547
0.5602049530315969,3548
0.5597269624573379,3549
0.5592497868712702,3550
0.5587734241908007,3551
0.5582978723404255,3552
0.5586734693877551,3553
0.5581988105352591,3554
0.5585738539898133,3555
0.5589482612383376,3556
0.559322033898305,3557
0.558848433530906,3558
0.5583756345177665,3559
0.558748943364328,3560
0.558277027027027,3561
0.5586497890295359,3562
0.5590219224283305,3563
0.5593934288121314,3564
0.5597643097643098,3565
0.5592935239697224,3566
0.5588235294117647,3567
0.5583543240973972,3568
0.5587248322147651,3569
0.559094719195306,3570
0.5586264656616415,3571
0.5589958158995816,3572
0.5585284280936454,3573
0.5580618212197159,3574
0.5584307178631052,3575
0.5579649708090075,3576
0.5575,3577
0.5570358034970858,3578
0.5574043261231281,3579
0.5569409808811305,3580
0.5564784053156147,3581
0.5560165975103735,3582
0.5555555555555556,3583
0.5550952775476388,3584
0.5554635761589404,3585
0.5558312655086849,3586
0.556198347107438,3587
0.555739058629232,3588
0.5552805280528053,3589
0.5556471558120363,3590
0.556013179571664,3591
0.5555555555555556,3592
0.5550986842105263,3593
0.5546425636811833,3594
0.555008210180624,3595
0.5553732567678425,3596
0.5549180327868852,3597
0.5552825552825553,3598
0.5556464811783961,3599
0.5560098119378577,3600
0.5555555555555556,3601
0.5559183673469388,3602
0.5554649265905384,3603
0.5558272208638957,3604
0.5553745928338762,3605
0.5549227013832384,3606
0.5544715447154471,3607
0.554021121039805,3608
0.5543831168831169,3609
0.5547445255474452,3610
0.5542949756888168,3611
0.5546558704453441,3612
0.5550161812297735,3613
0.5545675020210186,3614
0.5549273021001615,3615
0.5552865213882163,3616
0.5556451612903226,3617
0.5551974214343272,3618
0.5555555555555556,3619
0.5559131134352373,3620
0.5554662379421221,3621
0.5558232931726907,3622
0.5553772070626003,3623
0.5557337610264635,3624
0.5560897435897436,3625
0.5564451561248999,3626
0.556,3627
0.5563549160671463,3628
0.5559105431309904,3629
0.5562649640861931,3630
0.5566188197767146,3631
0.5569721115537849,3632
0.5565286624203821,3633
0.5560859188544153,3634
0.5556438791732909,3635
0.5559968228752978,3636
0.5563492063492064,3637
0.5567010309278351,3638
0.5562599049128367,3639
0.5558194774346793,3640
0.555379746835443,3641
0.5549407114624506,3642
0.5545023696682464,3643
0.5548539857932123,3644
0.555205047318612,3645
0.5555555555555556,3646
0.5559055118110237,3647
0.5562549173878836,3648
0.5566037735849056,3649
0.5569520816967792,3650
0.5565149136577708,3651
0.5568627450980392,3652
0.5572100313479624,3653
0.557556773688332,3654
0.5579029733959311,3655
0.5582486317435497,3656
0.5578125,3657
0.5581576893052302,3658
0.5577223088923557,3659
0.5572876071706937,3660
0.557632398753894,3661
0.5579766536964981,3662
0.557542768273717,3663
0.5571095571095571,3664
0.5574534161490683,3665
0.5570209464701319,3666
0.5565891472868217,3667
0.5569326103795508,3668
0.5565015479876161,3669
0.5568445475638051,3670
0.5571870170015456,3671
0.5567567567567567,3672
0.5570987654320988,3673
0.5566692367000771,3674
0.5562403697996918,3675
0.5565819861431871,3676
0.556923076923077,3677
0.5572636433512682,3678
0.5568356374807988,3679
0.5571757482732157,3680
0.5575153374233128,3681
0.557088122605364,3682
0.557427258805513,3683
0.5577658760520275,3684
0.5581039755351682,3685
0.5584415584415584,3686
0.5580152671755725,3687
0.5583524027459954,3688
0.5579268292682927,3689
0.5575019040365575,3690
0.5578386605783866,3691
0.5574144486692015,3692
0.5569908814589666,3693
0.5573272589217919,3694
0.5576631259484067,3695
0.5572403335860501,3696
0.5575757575757576,3697
0.5579106737320212,3698
0.5582450832072617,3699
0.5578231292517006,3700
0.5581570996978852,3701
0.5584905660377358,3702
0.5580693815987934,3703
0.5584024114544084,3704
0.5587349397590361,3705
0.5583145221971407,3706
0.5586466165413534,3707
0.5582268970698723,3708
0.5585585585585585,3709
0.5581395348837209,3710
0.5584707646176912,3711
0.5588014981273408,3712
0.5591317365269461,3713
0.5587135377711294,3714
0.5582959641255605,3715
0.5586258401792382,3716
0.5582089552238806,3717
0.5585384041759881,3718
0.5588673621460507,3719
0.5584512285927029,3720
0.5580357142857143,3721
0.558364312267658,3722
0.5579494799405647,3723
0.5582776540460282,3724
0.5586053412462908,3725
0.5581912527798369,3726
0.5577777777777778,3727
0.5573649148778682,3728
0.5576923076923077,3729
0.5580192165558019,3730
0.5576070901033974,3731
0.5571955719557196,3732
0.5575221238938053,3733
0.5578481945467944,3734
0.5574374079528719,3735
0.5570272259013981,3736
0.5566176470588236,3737
0.5569434239529758,3738
0.5565345080763583,3739
0.5561261922230374,3740
0.5564516129032258,3741
0.5567765567765568,3742
0.5571010248901903,3743
0.556693489392831,3744
0.5562865497076024,3745
0.5566106647187729,3746
0.5569343065693431,3747
0.5572574762946754,3748
0.5568513119533528,3749
0.5571740713765477,3750
0.5567685589519651,3751
0.5570909090909091,3752
0.5574127906976745,3753
0.5577342047930284,3754
0.558055152394775,3755
0.5583756345177665,3756
0.5579710144927537,3757
0.55756698044895,3758
0.5578871201157742,3759
0.5582067968185105,3760
0.5585260115606936,3761
0.5588447653429602,3762
0.5584415584415584,3763
0.558759913482336,3764
0.5590778097982709,3765
0.5593952483801296,3766
0.5589928057553957,3767
0.5593098490294752,3768
0.5589080459770115,3769
0.5585068198133525,3770
0.5588235294117647,3771
0.5584229390681004,3772
0.5587392550143266,3773
0.5583392984967788,3774
0.5579399141630901,3775
0.5582558970693352,3776
0.5585714285714286,3777
0.5581727337615988,3778
0.5584878744650499,3779
0.5580898075552387,3780
0.5576923076923077,3781
0.5572953736654804,3782
0.5568990042674253,3783
0.5572139303482587,3784
0.5568181818181818,3785
0.5571327182398864,3786
0.5574468085106383,3787
0.5577604535790219,3788
0.5580736543909348,3789
0.5583864118895966,3790
0.5586987270155587,3791
0.558303886925795,3792
0.5586158192090396,3793
0.5589273112208892,3794
0.5585331452750353,3795
0.5581395348837209,3796
0.5577464788732395,3797
0.558057705840957,3798
0.5576652601969058,3799
0.5572733661278988,3800
0.5568820224719101,3801
0.5564912280701755,3802
0.5561009817671809,3803
0.5564120532585844,3804
0.5567226890756303,3805
0.5570328901329601,3806
0.5573426573426573,3807
0.556953179594689,3808
0.5565642458100558,3809
0.5568736915561758,3810
0.5571827057182706,3811
0.556794425087108,3812
0.5571030640668524,3813
0.55741127348643,3814
0.5577190542420027,3815
0.5580264072272412,3816
0.5583333333333333,3817
0.5579458709229702,3818
0.558252427184466,3819
0.5578655578655579,3820
0.5581717451523546,3821
0.5577854671280277,3822
0.558091286307054,3823
0.557705597788528,3824
0.5573204419889503,3825
0.5576259489302967,3826
0.5572413793103448,3827
0.5575465196416265,3828
0.5571625344352618,3829
0.5574673090158293,3830
0.5577716643741403,3831
0.5573883161512028,3832
0.5576923076923077,3833
0.5579958819492107,3834
0.5576131687242798,3835
0.5572309801233721,3836
0.5568493150684931,3837
0.5571526351813826,3838
0.5567715458276333,3839
0.556390977443609,3840
0.5566939890710383,3841
0.5569965870307167,3842
0.5572987721691678,3843
0.5576005453306067,3844
0.5579019073569482,3845
0.5582028590878149,3846
0.5585034013605442,3847
0.5588035350101972,3848
0.5591032608695652,3849
0.5587236931432451,3850
0.5590230664857531,3851
0.5586440677966101,3852
0.5582655826558266,3853
0.5585646580907244,3854
0.5588633288227334,3855
0.5584854631507775,3856
0.5587837837837838,3857
0.5590817015530047,3858
0.5587044534412956,3859
0.5583277140930546,3860
0.5579514824797843,3861
0.5575757575757576,3862
0.5578734858681023,3863
0.5581708137188971,3864
0.5577956989247311,3865
0.5580926796507724,3866
0.5577181208053691,3867
0.5580147551978538,3868
0.5583109919571045,3869
0.5579370395177495,3870
0.5582329317269076,3871
0.5585284280936454,3872
0.5588235294117647,3873
0.5591182364729459,3874
0.5594125500667557,3875
0.5597064709806537,3876
0.5593333333333333,3877
0.5596269153897402,3878
0.5599201065246339,3879
0.5602129075182968,3880
0.5605053191489362,3881
0.5607973421926911,3882
0.5610889774236387,3883
0.5607166556071665,3884
0.5603448275862069,3885
0.559973492379059,3886
0.5602649006622517,3887
0.5605559232296492,3888
0.5608465608465608,3889
0.5604758757435558,3890
0.560105680317041,3891
0.5603960396039604,3892
0.5606860158311345,3893
0.5609756097560976,3894
0.5612648221343873,3895
0.5615536537195523,3896
0.5611842105263158,3897
0.5608152531229454,3898
0.5611038107752957,3899
0.5613919894944189,3900
0.5616797900262467,3901
0.5619672131147541,3902
0.562254259501966,3903
0.5618860510805501,3904
0.56217277486911,3905
0.5624591236102028,3906
0.5627450980392157,3907
0.5630306988896147,3908
0.5633159268929504,3909
0.5636007827788649,3910
0.5638852672750978,3911
0.5641693811074918,3912
0.564453125,3913
0.564736499674691,3914
0.5650195058517555,3915
0.5646523716699156,3916
0.564935064935065,3917
0.5645684620376379,3918
0.5642023346303502,3919
0.5638366817887233,3920
0.564119170984456,3921
0.5637540453074433,3922
0.5633893919793014,3923
0.5630252100840336,3924
0.5633074935400517,3925
0.5629438347320852,3926
0.5632258064516129,3927
0.562862669245648,3928
0.5625,3929
0.5627817128139085,3930
0.5630630630630631,3931
0.5627009646302251,3932
0.5623393316195373,3933
0.5619781631342325,3934
0.561617458279846,3935
0.5612572161642079,3936
0.5615384615384615,3937
0.561178731582319,3938
0.56145966709347,3939
0.5617402431222009,3940
0.5613810741687979,3941
0.5616613418530352,3942
0.5613026819923371,3943
0.5615826419910658,3944
0.5612244897959183,3945
0.5608667941363926,3946
0.5611464968152866,3947
0.5614258434118395,3948
0.5610687022900763,3949
0.5607120152574698,3950
0.5603557814485387,3951
0.5606349206349206,3952
0.5602791878172588,3953
0.560558021559924,3954
0.5608365019011406,3955
0.5611146295123496,3956
0.5613924050632911,3957
0.5610373181530677,3958
0.5606826801517067,3959
0.560328490208465,3960
0.5606060606060606,3961
0.5608832807570978,3962
0.5611601513240857,3963
0.5608065532451165,3964
0.5610831234256927,3965
0.5613593455003146,3966
0.5610062893081761,3967
0.5606536769327467,3968
0.5603015075376885,3969
0.5605775266792216,3970
0.5602258469259724,3971
0.5605015673981191,3972
0.5607769423558897,3973
0.5604257983719474,3974
0.5607008760951189,3975
0.5603502188868043,3976
0.560625,3977
0.5608994378513429,3978
0.5611735330836455,3979
0.5608234560199625,3980
0.5604738154613467,3981
0.5601246105919003,3982
0.5597758405977584,3983
0.5600497822028625,3984
0.5597014925373134,3985
0.559975139838409,3986
0.5602484472049689,3987
0.5605214152700186,3988
0.5607940446650124,3989
0.5604463732176069,3990
0.5600991325898389,3991
0.5597523219814241,3992
0.5594059405940595,3993
0.559678416821274,3994
0.5599505562422744,3995
0.5602223594811612,3996
0.5604938271604938,3997
0.5601480567550895,3998
0.5604192355117139,3999
0.5600739371534196,4000
0.5603448275862069,4001
0.5606153846153846,4002
0.5608856088560885,4003
0.560540872771973,4004
0.5608108108108109,4005
0.5610804174340086,4006
0.5613496932515337,4007
0.5616186388718577,4008
0.5612745098039216,4009
0.5609308022045315,4010
0.5611995104039168,4011
0.5614678899082569,4012
0.5617359413202934,4013
0.5620036652412951,4014
0.5616605616605617,4015
0.561928004881025,4016
0.5615853658536586,4017
0.5618525289457648,4018
0.561510353227771,4019
0.5611685940353013,4020
0.5614355231143552,4021
0.5617021276595745,4022
0.5619684082624544,4023
0.5616272009714632,4024
0.5612864077669902,4025
0.5609460278956944,4026
0.5612121212121212,4027
0.5608721986674743,4028
0.5611380145278451,4029
0.5607985480943739,4030
0.560459492140266,4031
0.5601208459214502,4032
0.5597826086956522,4033
0.5594447797223898,4034
0.5597104945717732,4035
0.5599758890898131,4036
0.5602409638554217,4037
0.5599036724864539,4038
0.5595667870036101,4039
0.5592303066746843,4040
0.5588942307692307,4041
0.5585585585585585,4042
0.5588235294117647,4043
0.5584883023395321,4044
0.5581534772182254,4045
0.5584182144997004,4046
0.5580838323353293,4047
0.5583482944344704,4048
0.5580143540669856,4049
0.5576808129109384,4050
0.557347670250896,4051
0.5576119402985075,4052
0.5578758949880668,4053
0.5575432319618366,4054
0.5578069129916567,4055
0.5580702799285289,4056
0.5583333333333333,4057
0.5585960737656157,4058
0.558858501783591,4059
0.5585264408793821,4060
0.5581947743467933,4061
0.5584569732937685,4062
0.5587188612099644,4063
0.5589804386484885,4064
0.5592417061611374,4065
0.5595026642984015,4066
0.5597633136094674,4067
0.5600236546422236,4068
0.5602836879432624,4069
0.5605434140578854,4070
0.5608028335301063,4071
0.56047197640118,4072
0.5601415094339622,4073
0.5604007071302298,4074
0.5606595995288575,4075
0.5603296056503826,4076
0.56,4077
0.5596707818930041,4078
0.5599294947121034,4079
0.5596007046388726,4080
0.5598591549295775,4081
0.5595307917888563,4082
0.5592028135990621,4083
0.5588752196836555,4084
0.5585480093676815,4085
0.558806319485079,4086
0.5584795321637427,4087
0.5587375803623612,4088
0.5584112149532711,4089
0.5580852305896089,4090
0.5577596266044341,4091
0.5580174927113702,4092
0.5582750582750583,4093
0.5579499126383226,4094
0.5582072176949942,4095
0.5584642233856894,4096
0.5581395348837209,4097
0.5583962812318419,4098
0.5586527293844367,4099
0.558908879860708,4100
0.5591647331786543,4101
0.5594202898550724,4102
0.5596755504055619,4103
0.5593514765489288,4104
0.5590277777777778,4105
0.5587044534412956,4106
0.5589595375722544,4107
0.559214326978625,4108
0.5594688221709007,4109
0.5591459896133872,4110
0.5594002306805075,4111
0.5596541786743516,4112
0.5599078341013825,4113
0.5595854922279793,4114
0.5592635212888377,4115
0.5595169637722829,4116
0.5597701149425287,4117
0.55944859276278,4118
0.5597014925373134,4119
0.5599541021227769,4120
0.5602064220183486,4121
0.5604584527220631,4122
0.5601374570446735,4123
0.5603892386949055,4124
0.5606407322654462,4125
0.5603201829616924,4126
0.56,4127
0.5596801827527127,4128
0.559931506849315,4129
0.5601825442099259,4130
0.5598631698973774,4131
0.5601139601139601,4132
0.5603644646924829,4133
0.560045532157086,4134
0.5602957906712173,4135
0.5605457646389994,4136
0.5602272727272727,4137
0.5604770017035775,4138
0.5601589103291714,4139
0.5598411798071469,4140
0.5600907029478458,4141
0.5603399433427763,4142
0.5605889014722537,4143
0.5602716468590832,4144
0.5599547511312217,4145
0.5596382136800452,4146
0.5598870056497175,4147
0.55957086391869,4148
0.5598194130925508,4149
0.5595036661026509,4150
0.5591882750845547,4151
0.5588732394366197,4152
0.5591216216216216,4153
0.5588069780528981,4154
0.5590551181102362,4155
0.5593029792017987,4156
0.5589887640449438,4157
0.5592363840539023,4158
0.5594837261503928,4159
0.5591699383062254,4160
0.5594170403587444,4161
0.5591036414565826,4162
0.5593505039193729,4163
0.5590374930050364,4164
0.5592841163310962,4165
0.5589714924538849,4166
0.5586592178770949,4167
0.5589056393076494,4168
0.55859375,4169
0.5588399330730619,4170
0.5590858416945373,4171
0.5593314763231197,4172
0.5595768374164811,4173
0.5598219254312743,4174
0.5600667408231368,4175
0.5597554196775987,4176
0.5594444444444444,4177
0.5596890616324264,4178
0.5599334073251943,4179
0.5596228508042151,4180
0.5598669623059866,4181
0.5601108033240997,4182
0.5598006644518272,4183
0.5594908688433868,4184
0.5591814159292036,4185
0.5588723051409619,4186
0.5591160220994476,4187
0.5593594699061292,4188
0.5590507726269316,4189
0.5587424158852731,4190
0.5589856670341786,4191
0.559228650137741,4192
0.5594713656387665,4193
0.5597138139790864,4194
0.55995599559956,4195
0.560197910940077,4196
0.5598901098901099,4197
0.5601317957166392,4198
0.5603732162458837,4199
0.5606143719144268,4200
0.5608552631578947,4201
0.5610958904109589,4202
0.56078860898138,4203
0.5604816639299398,4204
0.5601750547045952,4205
0.5604155276107162,4206
0.5601092896174863,4207
0.5603495357728018,4208
0.5605895196506551,4209
0.5608292416803055,4210
0.5605234460196292,4211
0.5607629427792915,4212
0.5610021786492375,4213
0.5606967882416984,4214
0.5603917301414582,4215
0.5606307775965198,4216
0.5603260869565218,4217
0.5605649103747963,4218
0.5602605863192183,4219
0.5604991861096039,4220
0.5601952277657267,4221
0.5598915989159892,4222
0.5601300108342362,4223
0.5598267460747157,4224
0.560064935064935,4225
0.5597620335316387,4226
0.5594594594594594,4227
0.5596974608319827,4228
0.5593952483801296,4229
0.5590933621154884,4230
0.5593311758360302,4231
0.5595687331536389,4232
0.5592672413793104,4233
0.559504577275175,4234
0.5592034445640474,4235
0.5589026358257128,4236
0.5586021505376344,4237
0.5588393336915637,4238
0.5590762620837809,4239
0.5587761674718197,4240
0.5584763948497854,4241
0.5581769436997319,4242
0.5578778135048231,4243
0.5575790037493304,4244
0.5572805139186295,4245
0.5569823434991974,4246
0.5566844919786096,4247
0.5569214323890967,4248
0.5571581196581197,4249
0.5573945541911373,4250
0.5570971184631803,4251
0.5573333333333333,4252
0.5575692963752665,4253
0.5572722429408631,4254
0.5575079872204473,4255
0.5577434805747739,4256
0.5574468085106383,4257
0.557150451887294,4258
0.5568544102019128,4259
0.5570897503983006,4260
0.5567940552016986,4261
0.5570291777188329,4262
0.5567338282078473,4263
0.5569687334393216,4264
0.5566737288135594,4265
0.5569084171519323,4266
0.5566137566137566,4267
0.5568482284505553,4268
0.5570824524312896,4269
0.5567881669307977,4270
0.5564941921858501,4271
0.5567282321899736,4272
0.5569620253164557,4273
0.5566684238270954,4274
0.5569020021074815,4275
0.5566087414428647,4276
0.5568421052631579,4277
0.5565491846396633,4278
0.556782334384858,4279
0.5564897530215449,4280
0.5567226890756303,4281
0.5569553805774278,4282
0.5571878279118573,4283
0.557420031463031,4284
0.5571278825995807,4285
0.5568360398114196,4286
0.5565445026178011,4287
0.5567765567765568,4288
0.5564853556485355,4289
0.556717198118139,4290
0.5564263322884012,4291
0.5566579634464752,4292
0.5568893528183716,4293
0.5571205007824727,4294
0.5573514077163713,4295
0.5570609692548202,4296
0.5572916666666666,4297
0.5570015616866215,4298
0.5572320499479708,4299
0.5574622984919396,4300
0.5571725571725572,4301
0.5574025974025975,4302
0.557632398753894,4303
0.5578619615983393,4304
0.558091286307054,4305
0.5578019699326076,4306
0.5580310880829016,4307
0.5582599689280165,4308
0.5584886128364389,4309
0.5587170201758924,4310
0.5584281282316442,4311
0.5586563307493541,4312
0.5583677685950413,4313
0.5585957666494579,4314
0.5583075335397317,4315
0.5585353274883961,4316
0.5582474226804124,4317
0.5584750128799588,4318
0.55870236869207,4319
0.5589294904786413,4320
0.559156378600823,4321
0.5593830334190232,4322
0.5590955806783144,4323
0.559322033898305,4324
0.5595482546201233,4325
0.5592611595690098,4326
0.5594871794871795,4327
0.5597129677088672,4328
0.5594262295081968,4329
0.5591397849462365,4330
0.5588536335721597,4331
0.5585677749360614,4332
0.558282208588957,4333
0.5585079202861523,4334
0.5587334014300307,4335
0.55895865237366,4336
0.5591836734693878,4337
0.5588985211626721,4338
0.5591233435270132,4339
0.5593479368313805,4340
0.5590631364562119,4341
0.5592875318066157,4342
0.559003051881994,4343
0.5592272496187087,4344
0.5594512195121951,4345
0.5596749619095988,4346
0.5593908629441624,4347
0.5591070522577372,4348
0.5588235294117647,4349
0.5585402939685757,4350
0.5582573454913881,4351
0.5584810126582278,4352
0.5587044534412956,4353
0.5584218512898331,4354
0.5586450960566228,4355
0.5588681152097019,4356
0.5585858585858586,4357
0.558303886925795,4358
0.558526740665994,4359
0.5582450832072617,4360
0.5579637096774194,4361
0.5581863979848867,4362
0.5579053373615307,4363
0.5576245596376447,4364
0.5573440643863179,4365
0.5575666163901458,4366
0.5577889447236181,4367
0.5580110497237569,4368
0.5582329317269076,4369
0.5579528349222278,4370
0.5576730190571715,4371
0.5573934837092732,4372
0.5571142284569138,4373
0.557336004006009,4374
0.5575575575575575,4375
0.5572786393196598,4376
0.5575,4377
0.5572213893053474,4378
0.5574425574425574,4379
0.5576635047428856,4380
0.5578842315369261,4381
0.5576059850374064,4382
0.557826520438684,4383
0.558046836073742,4384
0.5582669322709163,4385
0.5579890492782479,4386
0.5577114427860697,4387
0.5579313774241671,4388
0.5576540755467196,4389
0.5573770491803278,4390
0.5571002979145978,4391
0.5573200992555831,4392
0.5575396825396826,4393
0.5577590480912246,4394
0.5574826560951437,4395
0.5572065378900446,4396
0.5574257425742575,4397
0.5576447303315191,4398
0.5573689416419386,4399
0.5575877409787444,4400
0.557806324110672,4401
0.5575308641975308,4402
0.5577492596248766,4403
0.5579674395658609,4404
0.5581854043392505,4405
0.5584031542631839,4406
0.5586206896551724,4407
0.5588380108321024,4408
0.5585629921259843,4409
0.558288243974422,4410
0.5585054080629301,4411
0.5587223587223588,4412
0.5589390962671905,4413
0.5586647029945999,4414
0.5588812561334642,4415
0.5586071603727317,4416
0.5583333333333333,4417
0.5585497305242528,4418
0.5582761998041136,4419
0.5580029368575624,4420
0.5582191780821918,4421
0.5584352078239608,4422
0.5586510263929618,4423
0.558866634098681,4424
0.55859375,4425
0.5588091752074182,4426
0.5590243902439025,4427
0.5587518283764018,4428
0.5584795321637427,4429
0.5586945932781295,4430
0.5589094449853943,4431
0.5591240875912409,4432
0.558852140077821,4433
0.5585804569761789,4434
0.5587949465500486,4435
0.5585235551238465,4436
0.558252427184466,4437
0.5584667637069384,4438
0.5586808923375364,4439
0.5588948133785749,4440
0.5591085271317829,4441
0.559322033898305,4442
0.5590513068731849,4443
0.5587808417997098,4444
0.5585106382978723,4445
0.5582406959884002,4446
0.5579710144927537,4447
0.558184451955577,4448
0.5583976833976834,4449
0.5586107091172214,4450
0.5583413693346191,4451
0.5580722891566265,4452
0.5578034682080925,4453
0.5575349061145883,4454
0.5572666025024061,4455
0.5574795574795575,4456
0.5576923076923077,4457
0.5579048534358482,4458
0.5581171950048031,4459
0.5578492558809409,4460
0.5575815738963532,4461
0.5573141486810551,4462
0.5575263662511984,4463
0.5572592237661715,4464
0.5574712643678161,4465
0.5572044040210627,4466
0.5569377990430622,4467
0.5571496891439502,4468
0.5573613766730402,4469
0.557572861920688,4470
0.5573065902578797,4471
0.5575178997613365,4472
0.5577290076335878,4473
0.5579399141630901,4474
0.55767397521449,4475
0.5574082896617437,4476
0.5571428571428572,4477
0.5568776772965255,4478
0.5566127497621313,4479
0.5563480741797432,4480
0.5565589353612167,4481
0.5567695961995249,4482
0.5569800569800569,4483
0.5567157095396298,4484
0.5564516129032258,4485
0.5561877667140825,4486
0.5563981042654028,4487
0.5561345333964945,4488
0.556344696969697,4489
0.5565546616185518,4490
0.5567644276253548,4491
0.556501182033097,4492
0.5562381852551985,4493
0.5564478034955125,4494
0.556657223796034,4495
0.5568664464369986,4496
0.5570754716981132,4497
0.5572842998585573,4498
0.5570216776625825,4499
0.5567593028732926,4500
0.5569679849340866,4501
0.5567058823529412,4502
0.5564440263405456,4503
0.5566525622943113,4504
0.5568609022556391,4505
0.556599342414279,4506
0.5568075117370892,4507
0.5570154856874707,4508
0.5567542213883677,4509
0.5564932020628223,4510
0.556232427366448,4511
0.556440281030445,4512
0.5566479400749064,4513
0.5563874590547496,4514
0.5561272217025257,4515
0.5558672276764843,4516
0.5560747663551402,4517
0.5558150397010743,4518
0.5555555555555556,4519
0.5552963135790947,4520
0.5550373134328358,4521
0.5547785547785548,4522
0.5549860205032618,4523
0.5551932929669307,4524
0.5549348230912476,4525
0.5546765937645416,4526
0.5544186046511628,4527
0.5541608554160855,4528
0.5539033457249071,4529
0.5541105434277752,4530
0.5538532961931291,4531
0.5535962877030163,4532
0.5538033395176253,4533
0.5540101993509504,4534
0.5537534754402225,4535
0.5534969893469198,4536
0.5532407407407407,4537
0.5534474780194355,4538
0.5531914893617021,4539
0.5533980582524272,4540
0.5536044362292052,4541
0.553810623556582,4542
0.554016620498615,4543
0.5542224273188741,4544
0.5539667896678967,4545
0.5541724296911019,4546
0.5539170506912442,4547
0.5541225241824044,4548
0.5543278084714549,4549
0.5545329038196042,4550
0.5547378104875805,4551
0.5544827586206896,4552
0.5542279411764706,4553
0.5544327055581075,4554
0.5546372819100092,4555
0.5543827443781552,4556
0.5545871559633028,4557
0.5543328748280605,4558
0.5545371219065078,4559
0.5547411818598259,4560
0.554945054945055,4561
0.5546910755148742,4562
0.5548947849954254,4563
0.5546410608139003,4564
0.5548446069469836,4565
0.5550479671082686,4566
0.5552511415525114,4567
0.554997717937015,4568
0.5552007299270073,4569
0.5549475604195167,4570
0.5546946216955333,4571
0.5548974943052392,4572
0.5551001821493625,4573
0.5548475193445608,4574
0.5550500454959054,4575
0.5552523874488404,4576
0.5554545454545454,4577
0.5556565197637438,4578
0.5554041780199819,4579
0.5551520653654108,4580
0.5553539019963702,4581
0.5555555555555556,4582
0.5557570262919311,4583
0.55595831445401,4584
0.5561594202898551,4585
0.5559076505205975,4586
0.5561085972850679,4587
0.555857078245138,4588
0.5560578661844484,4589
0.5562584726615454,4590
0.5564588979223125,4591
0.5562076749435666,4592
0.5564079422382672,4593
0.5566080288678394,4594
0.5568079350766456,4595
0.5570076611086074,4596
0.5567567567567567,4597
0.5565060783430887,4598
0.5562556255625563,4599
0.556455240665767,4600
0.5566546762589928,4601
0.5564044943820224,4602
0.5561545372866128,4603
0.5559048046699596,4604
0.5561041292639138,4605
0.5558546433378196,4606
0.5556053811659193,4607
0.5558045719408337,4608
0.5560035842293907,4609
0.5562024182713838,4610
0.5564010743061772,4611
0.556599552572707,4612
0.5567978533094812,4613
0.5565489494859186,4614
0.5567470956210903,4615
0.5564984368021438,4616
0.55625,4617
0.5564480142793395,4618
0.5566458519179304,4619
0.5563976816763263,4620
0.5565953654188949,4621
0.5567928730512249,4622
0.5569902048085486,4623
0.5571873609256787,4624
0.5569395017793595,4625
0.5571365051133838,4626
0.5568888888888889,4627
0.5570857396712572,4628
0.5572824156305506,4629
0.5570350643586329,4630
0.5572315882874889,4631
0.5574279379157427,4632
0.5571808510638298,4633
0.5569339831634914,4634
0.5566873339238264,4635
0.5564409030544488,4636
0.5566371681415929,4637
0.556390977443609,4638
0.5565870910698497,4639
0.556783031374282,4640
0.5569787985865724,4641
0.5571743929359824,4642
0.557369814651368,4643
0.5575650639611822,4644
0.5573192239858906,4645
0.5570736007051564,4646
0.5568281938325991,4647
0.5570233377366799,4648
0.5567781690140845,4649
0.5569731632204136,4650
0.5567282321899736,4651
0.556923076923077,4652
0.5571177504393673,4653
0.5573122529644269,4654
0.5575065847234416,4655
0.5572619569986836,4656
0.5570175438596491,4657
0.5572117492327926,4658
0.5569675723049956,4659
0.557161629434954,4660
0.5573555166374781,4661
0.5571115973741795,4662
0.5573053368328958,4663
0.5570616528202886,4664
0.5568181818181818,4665
0.5565749235474006,4666
0.5567685589519651,4667
0.5569620253164557,4668
0.5571553228621291,4669
0.5569123419101614,4670
0.5571054925893636,4671
0.5572984749455338,4672
0.5570557491289199,4673
0.5572485851110144,4674
0.5574412532637075,4675
0.5576337538060027,4676
0.5573913043478261,4677
0.5571490656236419,4678
0.5573414422241529,4679
0.5570994355188884,4680
0.5568576388888888,4681
0.5566160520607375,4682
0.5568083261058109,4683
0.5565669700910273,4684
0.5567590987868284,4685
0.5565179731485491,4686
0.5562770562770563,4687
0.5560363479013414,4688
0.5557958477508651,4689
0.5555555555555556,4690
0.5557476231633535,4691
0.555939524838013,4692
0.5561312607944733,4693
0.5563228312473025,4694
0.5565142364106989,4695
0.55627425614489,4696
0.5564655172413793,4697
0.5566566135286515,4698
0.5568475452196382,4699
0.5570383125269048,4700
0.5572289156626506,4701
0.556989247311828,4702
0.556749785038693,4703
0.5569402664374732,4704
0.5571305841924399,4705
0.5568913696865607,4706
0.5570815450643777,4707
inf,4708
1.0,4709
0.5,4710
0.3333333333333333,4711
0.5,4712
0.6,4713
0.5,4714
0.5714285714285714,4715
0.5,4716
0.5555555555555556,4717
0.6,4718
0.5454545454545454,4719
0.5833333333333334,4720
0.5384615384615384,4721
0.5714285714285714,4722
0.5333333333333333,4723
0.5,4724
0.5294117647058824,4725
0.5,4726
0.5263157894736842,4727
0.55,4728
0.5714285714285714,4729
0.5454545454545454,4730
0.5652173913043478,4731
0.5416666666666666,4732
0.56,4733
0.5384615384615384,4734
0.5555555555555556,4735
0.5714285714285714,4736
0.5862068965517241,4737
0.5666666666666667,4738
0.5806451612903226,4739
0.59375,4740
0.6060606060606061,4741
0.5882352941176471,4742
0.6,4743
0.6111111111111112,4744
0.6216216216216216,4745
0.6052631578947368,4746
0.5897435897435898,4747
0.6,4748
0.5853658536585366,4749
0.5714285714285714,4750
0.5813953488372093,4751
0.5681818181818182,4752
0.5555555555555556,4753
0.5652173913043478,4754
0.574468085106383,4755
0.5833333333333334,4756
0.5714285714285714,4757
0.58,4758
0.5882352941176471,4759
0.5961538461538461,4760
0.6037735849056604,4761
0.6111111111111112,4762
0.6181818181818182,4763
0.625,4764
0.631578947368421,4765
0.6379310344827587,4766
0.6271186440677966,4767
0.6166666666666667,4768
0.6065573770491803,4769
0.6129032258064516,4770
0.6190476190476191,4771
0.625,4772
0.6307692307692307,4773
0.6363636363636364,4774
0.6417910447761194,4775
0.6323529411764706,4776
0.6376811594202898,4777
0.6428571428571429,4778
0.6338028169014085,4779
0.6388888888888888,4780
0.6301369863013698,4781
0.6216216216216216,4782
0.6266666666666667,4783
0.618421052631579,4784
0.6103896103896104,4785
0.6025641025641025,4786
0.6075949367088608,4787
0.6125,4788
0.6172839506172839,4789
0.6219512195121951,4790
0.6144578313253012,4791
0.6190476190476191,4792
0.611764705882353,4793
0.6046511627906976,4794
0.6091954022988506,4795
0.6022727272727273,4796
0.5955056179775281,4797
0.6,4798
0.5934065934065934,4799
0.5869565217391305,4800
0.5913978494623656,4801
0.5851063829787234,4802
0.5894736842105263,4803
0.59375,4804
0.5979381443298969,4805
0.5918367346938775,4806
0.5959595959595959,4807
0.6,4808
0.594059405940594,4809
0.5980392156862745,4810
0.5922330097087378,4811
0.5961538461538461,4812
0.5904761904761905,4813
0.5849056603773585,4814
0.5794392523364486,4815
0.5833333333333334,4816
0.5779816513761468,4817
0.5818181818181818,4818
0.5765765765765766,4819
0.5714285714285714,4820
0.5752212389380531,4821
0.5789473684210527,4822
0.5739130434782609,4823
0.5689655172413793,4824
0.5641025641025641,4825
0.5677966101694916,4826
0.5714285714285714,4827
0.5666666666666667,4828
0.5702479338842975,4829
0.5655737704918032,4830
0.5691056910569106,4831
0.5725806451612904,4832
0.576,4833
0.5714285714285714,4834
0.5748031496062992,4835
0.5703125,4836
0.5658914728682171,4837
0.5615384615384615,4838
0.5572519083969466,4839
0.553030303030303,4840
0.556390977443609,4841
0.5522388059701493,4842
0.5481481481481482,4843
0.5441176470588235,4844
0.5401459854014599,4845
0.5362318840579711,4846
0.5323741007194245,4847
0.5285714285714286,4848
0.524822695035461,4849
0.528169014084507,4850
0.5314685314685315,4851
0.5347222222222222,4852
0.5310344827586206,4853
0.5342465753424658,4854
0.5374149659863946,4855
0.5405405405405406,4856
0.5436241610738255,4857
0.54,4858
0.543046357615894,4859
0.5460526315789473,4860
0.5490196078431373,4861
0.5454545454545454,4862
0.5419354838709678,4863
0.5384615384615384,4864
0.535031847133758,4865
0.5379746835443038,4866
0.5408805031446541,4867
0.5375,4868
0.5341614906832298,4869
0.5370370370370371,4870
0.5337423312883436,4871
0.5304878048780488,4872
0.5272727272727272,4873
0.5301204819277109,4874
0.5269461077844312,4875
0.5238095238095238,4876
0.5266272189349113,4877
0.5294117647058824,4878
0.5263157894736842,4879
0.5290697674418605,4880
0.5260115606936416,4881
0.5229885057471264,4882
0.5257142857142857,4883
0.5227272727272727,4884
0.519774011299435,4885
0.5168539325842697,4886
0.5139664804469274,4887
0.5166666666666667,4888
0.5138121546961326,4889
0.5164835164835165,4890
0.5136612021857924,4891
0.5108695652173914,4892
0.5081081081081081,4893
0.510752688172043,4894
0.5133689839572193,4895
0.5106382978723404,4896
0.5079365079365079,4897
0.5105263157894737,4898
0.5078534031413613,4899
0.5104166666666666,4900
0.5077720207253886,4901
0.5051546391752577,4902
0.5076923076923077,4903
0.5102040816326531,4904
0.5076142131979695,4905
0.51010101010101,4906
0.5125628140703518,4907
0.515,4908
0.5174129353233831,4909
0.5198019801980198,4910
0.5221674876847291,4911
0.5245098039215687,4912
0.526829268292683,4913
0.529126213592233,4914
0.5314009661835749,4915
0.5336538461538461,4916
0.5311004784688995,4917
0.5285714285714286,4918
0.5260663507109005,4919
0.5235849056603774,4920
0.5211267605633803,4921
0.5233644859813084,4922
0.5255813953488372,4923
0.5231481481481481,4924
0.5253456221198156,4925
0.5275229357798165,4926
0.5251141552511416,4927
0.5227272727272727,4928
0.5203619909502263,4929
0.5225225225225225,4930
0.5246636771300448,4931
0.5223214285714286,4932
0.52,4933
0.5176991150442478,4934
0.5198237885462555,4935
0.5219298245614035,4936
0.519650655021834,4937
0.5217391304347826,4938
0.5238095238095238,4939
0.521551724137931,4940
0.5236051502145923,4941
0.5213675213675214,4942
0.5191489361702127,4943
0.5211864406779662,4944
0.5189873417721519,4945
0.5210084033613446,4946
0.5230125523012552,4947
0.5208333333333334,4948
0.5228215767634855,4949
0.5247933884297521,4950
0.5267489711934157,4951
0.5245901639344263,4952
0.5224489795918368,4953
0.5203252032520326,4954
0.5222672064777328,4955
0.5201612903225806,4956
0.5180722891566265,4957
0.52,4958
0.5179282868525896,4959
0.5198412698412699,4960
0.5177865612648221,4961
0.515748031496063,4962
0.5176470588235295,4963
0.515625,4964
0.5175097276264592,4965
0.5193798449612403,4966
0.5173745173745173,4967
0.5153846153846153,4968
0.5172413793103449,4969
0.5190839694656488,4970
0.5209125475285171,4971
0.5189393939393939,4972
0.5169811320754717,4973
0.518796992481203,4974
0.5205992509363296,4975
0.5223880597014925,4976
0.5204460966542751,4977
0.5222222222222223,4978
0.5202952029520295,4979
0.5183823529411765,4980
0.5201465201465202,4981
0.5218978102189781,4982
0.5236363636363637,4983
0.5253623188405797,4984
0.5270758122743683,4985
0.5287769784172662,4986
0.5304659498207885,4987
0.5285714285714286,4988
0.5266903914590747,4989
0.524822695035461,4990
0.5229681978798587,4991
0.5246478873239436,4992
0.5228070175438596,4993
0.5209790209790209,4994
0.519163763066202,4995
0.5208333333333334,4996
0.5224913494809689,4997
0.5206896551724138,4998
0.5189003436426117,4999
0.5205479452054794,5000
0.5221843003412969,5001
0.5204081632653061,5002
0.5220338983050847,5003
0.5236486486486487,5004
0.5218855218855218,5005
0.5201342281879194,5006
0.5183946488294314,5007
0.5166666666666667,5008
0.5182724252491694,5009
0.5165562913907285,5010
0.5181518151815182,5011
0.5197368421052632,5012
0.5180327868852459,5013
0.5163398692810458,5014
0.5179153094462541,5015
0.5194805194805194,5016
0.517799352750809,5017
0.5193548387096775,5018
0.5209003215434084,5019
0.5224358974358975,5020
0.5239616613418531,5021
0.5222929936305732,5022
0.5206349206349207,5023
0.5189873417721519,5024
0.5205047318611987,5025
0.5188679245283019,5026
0.5203761755485894,5027
0.521875,5028
0.5202492211838006,5029
0.5217391304347826,5030
0.5232198142414861,5031
0.5216049382716049,5032
0.5230769230769231,5033
0.5214723926380368,5034
0.5229357798165137,5035
0.524390243902439,5036
0.5258358662613982,5037
0.5242424242424243,5038
0.5226586102719033,5039
0.5210843373493976,5040
0.5195195195195195,5041
0.5179640718562875,5042
0.5164179104477612,5043
0.5178571428571429,5044
0.5192878338278932,5045
0.5207100591715976,5046
0.5191740412979351,5047
0.5176470588235295,5048
0.5190615835777126,5049
0.52046783625731,5050
0.5189504373177842,5051
0.5174418604651163,5052
0.5159420289855072,5053
0.5144508670520231,5054
0.5129682997118156,5055
0.514367816091954,5056
0.5128939828080229,5057
0.5114285714285715,5058
0.50997150997151,5059
0.5113636363636364,5060
0.5127478753541076,5061
0.5141242937853108,5062
0.5126760563380282,5063
0.5112359550561798,5064
0.5098039215686274,5065
0.5111731843575419,5066
0.5125348189415042,5067
0.5111111111111111,5068
0.5096952908587258,5069
0.5082872928176796,5070
0.509641873278237,5071
0.5082417582417582,5072
0.5068493150684932,5073
0.505464480874317,5074
0.5040871934604905,5075
0.5027173913043478,5076
0.5040650406504065,5077
0.5027027027027027,5078
0.5040431266846361,5079
0.5026881720430108,5080
0.5013404825737265,5081
0.5026737967914439,5082
0.5013333333333333,5083
0.5,5084
0.5013262599469496,5085
0.5026455026455027,5086
0.503957783641161,5087
0.5052631578947369,5088
0.5039370078740157,5089
0.5052356020942408,5090
0.5039164490861618,5091
0.5026041666666666,5092
0.5038961038961038,5093
0.5051813471502591,5094
0.5038759689922481,5095
0.5051546391752577,5096
0.5038560411311054,5097
0.5025641025641026,5098
0.5038363171355499,5099
0.5025510204081632,5100
0.5012722646310432,5101
0.5025380710659898,5102
0.5037974683544304,5103
0.5025252525252525,5104
0.5037783375314862,5105
0.5050251256281407,5106
0.506265664160401,5107
0.5075,5108
0.5087281795511222,5109
0.5099502487562189,5110
0.5086848635235732,5111
0.5074257425742574,5112
0.508641975308642,5113
0.5098522167487685,5114
0.5110565110565111,5115
0.5098039215686274,5116
0.511002444987775,5117
0.5121951219512195,5118
0.5109489051094891,5119
0.5121359223300971,5120
0.5108958837772397,5121
0.5120772946859904,5122
0.5132530120481927,5123
0.5144230769230769,5124
0.513189448441247,5125
0.5143540669856459,5126
0.5155131264916468,5127
0.5142857142857142,5128
0.5130641330166271,5129
0.514218009478673,5130
0.5153664302600472,5131
0.5141509433962265,5132
0.5152941176470588,5133
0.5140845070422535,5134
0.5128805620608899,5135
0.514018691588785,5136
0.5128205128205128,5137
0.5116279069767442,5138
0.5104408352668214,5139
0.5115740740740741,5140
0.5127020785219399,5141
0.511520737327189,5142
0.5103448275862069,5143
0.5091743119266054,5144
0.5080091533180778,5145
0.5091324200913242,5146
0.510250569476082,5147
0.5113636363636364,5148
0.5124716553287982,5149
0.5135746606334841,5150
0.5124153498871332,5151
0.5135135135135135,5152
0.5146067415730337,5153
0.5134529147982063,5154
0.5145413870246085,5155
0.515625,5156
0.5167037861915368,5157
0.5177777777777778,5158
0.5188470066518847,5159
0.5199115044247787,5160
0.5209713024282561,5161
0.5220264317180616,5162
0.5230769230769231,5163
0.5219298245614035,5164
0.5207877461706784,5165
0.519650655021834,5166
0.5185185185185185,5167
0.5195652173913043,5168
0.5206073752711496,5169
0.5194805194805194,5170
0.5183585313174947,5171
0.5172413793103449,5172
0.5161290322580645,5173
0.5150214592274678,5174
0.5139186295503212,5175
0.5149572649572649,5176
0.5138592750533049,5177
0.5148936170212766,5178
0.5138004246284501,5179
0.5148305084745762,5180
0.5158562367864693,5181
0.5147679324894515,5182
0.5136842105263157,5183
0.5126050420168067,5184
0.5136268343815513,5185
0.5146443514644351,5186
0.5135699373695198,5187
0.5125,5188
0.5135135135135135,5189
0.5145228215767634,5190
0.515527950310559,5191
0.5144628099173554,5192
0.5154639175257731,5193
0.51440329218107,5194
0.5133470225872689,5195
0.514344262295082,5196
0.5153374233128835,5197
0.5163265306122449,5198
0.515274949083503,5199
0.5142276422764228,5200
0.513184584178499,5201
0.5141700404858299,5202
0.5151515151515151,5203
0.5141129032258065,5204
0.5130784708249497,5205
0.5140562248995983,5206
0.5130260521042084,5207
0.512,5208
0.5129740518962076,5209
0.5139442231075697,5210
0.5149105367793241,5211
0.5138888888888888,5212
0.5148514851485149,5213
0.5138339920948617,5214
0.5128205128205128,5215
0.5118110236220472,5216
0.5127701375245579,5217
0.5117647058823529,5218
0.512720156555773,5219
0.513671875,5220
0.5146198830409356,5221
0.5155642023346303,5222
0.516504854368932,5223
0.5155038759689923,5224
0.5164410058027079,5225
0.5154440154440154,5226
0.5163776493256262,5227
0.5153846153846153,5228
0.5143953934740882,5229
0.5153256704980843,5230
0.5162523900573613,5231
0.5152671755725191,5232
0.5142857142857142,5233
0.5133079847908745,5234
0.5142314990512334,5235
0.5132575757575758,5236
0.5122873345935728,5237
0.5132075471698113,5238
0.5141242937853108,5239
0.5131578947368421,5240
0.5140712945590994,5241
0.5131086142322098,5242
0.5121495327102804,5243
0.5111940298507462,5244
0.5121042830540037,5245
0.5111524163568774,5246
0.5120593692022264,5247
0.512962962962963,5248
0.512014787430684,5249
0.511070110701107,5250
0.5119705340699816,5251
0.5110294117647058,5252
0.5119266055045871,5253
0.5128205128205128,5254
0.5137111517367459,5255
0.5145985401459854,5256
0.5136612021857924,5257
0.5127272727272727,5258
0.5136116152450091,5259
0.5126811594202898,5260
0.5117540687160941,5261
0.5108303249097473,5262
0.5117117117117117,5263
0.512589928057554,5264
0.5134649910233393,5265
0.5125448028673835,5266
0.5116279069767442,5267
0.5107142857142857,5268
0.5115864527629234,5269
0.5124555160142349,5270
0.5115452930728241,5271
0.5124113475177305,5272
0.511504424778761,5273
0.5106007067137809,5274
0.5097001763668431,5275
0.5088028169014085,5276
0.507908611599297,5277
0.5087719298245614,5278
0.5096322241681261,5279
0.5087412587412588,5280
0.5078534031413613,5281
0.5069686411149826,5282
0.5078260869565218,5283
0.5086805555555556,5284
0.5095320623916811,5285
0.5086505190311419,5286
0.5094991364421416,5287
0.5103448275862069,5288
0.5094664371772806,5289
0.5103092783505154,5290
0.5094339622641509,5291
0.5085616438356164,5292
0.5094017094017094,5293
0.5102389078498294,5294
0.5110732538330494,5295
0.5102040816326531,5296
0.5093378607809848,5297
0.5101694915254237,5298
0.5109983079526227,5299
0.5118243243243243,5300
0.5126475548060708,5301
0.5117845117845118,5302
0.5126050420168067,5303
0.5134228187919463,5304
0.5142378559463987,5305
0.5150501672240803,5306
0.5141903171953256,5307
0.515,5308
0.5141430948419301,5309
0.5149501661129569,5310
0.5157545605306799,5311
0.5149006622516556,5312
0.515702479338843,5313
0.5148514851485149,5314
0.514003294892916,5315
0.5148026315789473,5316
0.5155993431855501,5317
0.5163934426229508,5318
0.5155482815057283,5319
0.5163398692810458,5320
0.5154975530179445,5321
0.5146579804560261,5322
0.5154471544715448,5323
0.5146103896103896,5324
0.5153970826580226,5325
0.5145631067961165,5326
0.5137318255250404,5327
0.5145161290322581,5328
0.5152979066022544,5329
0.5160771704180064,5330
0.5168539325842697,5331
0.5176282051282052,5332
0.5168,5333
0.5175718849840255,5334
0.5167464114832536,5335
0.5159235668789809,5336
0.5166931637519873,5337
0.5158730158730159,5338
0.5166402535657686,5339
0.5174050632911392,5340
0.5165876777251185,5341
0.5173501577287066,5342
0.5181102362204725,5343
0.5172955974842768,5344
0.5180533751962323,5345
0.5172413793103449,5346
0.5179968701095462,5347
0.51875,5348
0.5195007800312013,5349
0.5202492211838006,5350
0.5194401244167963,5351
0.5186335403726708,5352
0.5193798449612403,5353
0.5185758513931888,5354
0.5193199381761978,5355
0.5200617283950617,5356
0.5208012326656395,5357
0.52,5358
0.5192012288786483,5359
0.5184049079754601,5360
0.5191424196018377,5361
0.5198776758409785,5362
0.5206106870229008,5363
0.5213414634146342,5364
0.5220700152207002,5365
0.5227963525835866,5366
0.5235204855842185,5367
0.5242424242424243,5368
0.5249621785173979,5369
0.5241691842900302,5370
0.5248868778280543,5371
0.5256024096385542,5372
0.5263157894736842,5373
0.5255255255255256,5374
0.5262368815592204,5375
0.5269461077844312,5376
0.5276532137518685,5377
0.5268656716417911,5378
0.5275707898658718,5379
0.5282738095238095,5380
0.5274888558692422,5381
0.526706231454006,5382
0.5259259259259259,5383
0.5251479289940828,5384
0.5258493353028065,5385
0.5265486725663717,5386
0.5272459499263623,5387
0.5264705882352941,5388
0.527165932452276,5389
0.5263929618768328,5390
0.527086383601757,5391
0.5277777777777778,5392
0.5284671532846715,5393
0.5291545189504373,5394
0.5283842794759825,5395
0.5290697674418605,5396
0.5283018867924528,5397
0.527536231884058,5398
0.5267727930535456,5399
0.5260115606936416,5400
0.5266955266955267,5401
0.5273775216138329,5402
0.5280575539568345,5403
0.5272988505747126,5404
0.5265423242467718,5405
0.5272206303724928,5406
0.5264663805436338,5407
0.5271428571428571,5408
0.5278174037089871,5409
0.5270655270655271,5410
0.5263157894736842,5411
0.5269886363636364,5412
0.526241134751773,5413
0.5269121813031161,5414
0.5261669024045261,5415
0.5254237288135594,5416
0.5260930888575458,5417
0.5267605633802817,5418
0.5274261603375527,5419
0.5280898876404494,5420
0.5287517531556802,5421
0.5294117647058824,5422
0.5286713286713287,5423
0.5293296089385475,5424
0.5285913528591353,5425
0.5278551532033426,5426
0.5271210013908206,5427
0.5263888888888889,5428
0.5256588072122053,5429
0.5249307479224377,5430
0.5255878284923928,5431
0.5248618784530387,5432
0.5255172413793103,5433
0.5261707988980716,5434
0.5268225584594223,5435
0.5274725274725275,5436
0.5281207133058985,5437
0.5273972602739726,5438
0.5266757865937073,5439
0.5259562841530054,5440
0.5252387448840382,5441
0.5245231607629428,5442
0.5238095238095238,5443
0.5230978260869565,5444
0.5237449118046132,5445
0.524390243902439,5446
0.523680649526387,5447
0.5243243243243243,5448
0.5236167341430499,5449
0.522911051212938,5450
0.5235531628532974,5451
0.5241935483870968,5452
0.5248322147651007,5453
0.5254691689008043,5454
0.5261044176706827,5455
0.5254010695187166,5456
0.5260347129506008,5457
0.5253333333333333,5458
0.525965379494008,5459
0.5252659574468085,5460
0.5258964143426295,5461
0.5251989389920424,5462
0.5245033112582781,5463
0.5251322751322751,5464
0.5257595772787318,5465
0.5263852242744064,5466
0.525691699604743,5467
0.5263157894736842,5468
0.5256241787122208,5469
0.526246719160105,5470
0.526867627785059,5471
0.5274869109947644,5472
0.526797385620915,5473
0.5261096605744126,5474
0.5267275097783573,5475
0.5260416666666666,5476
0.5266579973992198,5477
0.5272727272727272,5478
0.5278858625162127,5479
0.5284974093264249,5480
0.5278137128072445,5481
0.5284237726098191,5482
0.5290322580645161,5483
0.529639175257732,5484
0.528957528957529,5485
0.5282776349614395,5486
0.527599486521181,5487
0.5282051282051282,5488
0.5275288092189501,5489
0.5268542199488491,5490
0.5261813537675607,5491
0.5267857142857143,5492
0.5261146496815287,5493
0.5267175572519084,5494
0.5273189326556544,5495
0.5266497461928934,5496
0.5259822560202788,5497
0.5265822784810127,5498
0.5259165613147914,5499
0.5252525252525253,5500
0.5245901639344263,5501
0.5239294710327456,5502
0.5232704402515723,5503
0.5238693467336684,5504
0.5232120451693852,5505
0.5238095238095238,5506
0.5244055068836045,5507
0.525,5508
0.5243445692883895,5509
0.5236907730673317,5510
0.5242839352428393,5511
0.5248756218905473,5512
0.5254658385093167,5513
0.5248138957816377,5514
0.5241635687732342,5515
0.5247524752475248,5516
0.5253399258343634,5517
0.5246913580246914,5518
0.5240443896424167,5519
0.5233990147783252,5520
0.5227552275522755,5521
0.5221130221130221,5522
0.5226993865030675,5523
0.5232843137254902,5524
0.5226438188494492,5525
0.5220048899755502,5526
0.5213675213675214,5527
0.5207317073170732,5528
0.5200974421437271,5529
0.5206812652068127,5530
0.5212636695018226,5531
0.5218446601941747,5532
0.5224242424242425,5533
0.5230024213075061,5534
0.5235792019347038,5535
0.5241545893719807,5536
0.5247285886610374,5537
0.5240963855421686,5538
0.5246690734055355,5539
0.5252403846153846,5540
0.524609843937575,5541
0.5239808153477218,5542
0.5233532934131736,5543
0.5227272727272727,5544
0.5232974910394266,5545
0.5238663484486874,5546
0.5244338498212158,5547
0.5238095238095238,5548
0.5231866825208086,5549
0.5225653206650831,5550
0.5231316725978647,5551
0.523696682464455,5552
0.5230769230769231,5553
0.5236406619385343,5554
0.5230224321133412,5555
0.5224056603773585,5556
0.5217903415783275,5557
0.5223529411764706,5558
0.5229142185663925,5559
0.5234741784037559,5560
0.5240328253223916,5561
0.5234192037470726,5562
0.5239766081871345,5563
0.5245327102803738,5564
0.5239206534422404,5565
0.5244755244755245,5566
0.5238649592549476,5567
0.5232558139534884,5568
0.5226480836236934,5569
0.5232018561484919,5570
0.522595596755504,5571
0.5219907407407407,5572
0.5213872832369942,5573
0.5207852193995381,5574
0.5213379469434832,5575
0.5207373271889401,5576
0.520138089758343,5577
0.5206896551724138,5578
0.521239954075775,5579
0.5206422018348624,5580
0.5211912943871707,5581
0.5205949656750573,5582
0.5211428571428571,5583
0.5205479452054794,5584
0.5210946408209807,5585
0.520501138952164,5586
0.5199089874857793,5587
0.5204545454545455,5588
0.5209988649262202,5589
0.5204081632653061,5590
0.5198187995469988,5591
0.5192307692307693,5592
0.5186440677966102,5593
0.5191873589164786,5594
0.5186020293122886,5595
0.5191441441441441,5596
0.5196850393700787,5597
0.5191011235955056,5598
0.5185185185185185,5599
0.5190582959641256,5600
0.5184770436730123,5601
0.5178970917225951,5602
0.5173184357541899,5603
0.5178571428571429,5604
0.5183946488294314,5605
0.5189309576837416,5606
0.5183537263626251,5607
0.5188888888888888,5608
0.5183129855715871,5609
0.5188470066518847,5610
0.5193798449612403,5611
0.5188053097345132,5612
0.5193370165745856,5613
0.5187637969094923,5614
0.5181918412348401,5615
0.5176211453744494,5616
0.5181518151815182,5617
0.5186813186813187,5618
0.5192096597145993,5619
0.518640350877193,5620
0.5191675794085433,5621
0.5185995623632386,5622
0.5180327868852459,5623
0.5185589519650655,5624
0.5179934569247546,5625
0.5174291938997821,5626
0.5168661588683352,5627
0.5173913043478261,5628
0.5179153094462541,5629
0.517353579175705,5630
0.5167930660888408,5631
0.5173160173160173,5632
0.5167567567567568,5633
0.5172786177105831,5634
0.5167206040992449,5635
0.5161637931034483,5636
0.5166846071044133,5637
0.5161290322580645,5638
0.5166487647690655,5639
0.5160944206008584,5640
0.5166130760986066,5641
0.5171306209850107,5642
0.5165775401069519,5643
0.5170940170940171,5644
0.5165421558164355,5645
0.5159914712153518,5646
0.516506922257721,5647
0.5159574468085106,5648
0.5164718384697131,5649
0.5159235668789809,5650
0.5164369034994698,5651
0.5158898305084746,5652
0.5164021164021164,5653
0.5169133192389006,5654
0.5174234424498416,5655
0.5168776371308017,5656
0.5163329820864068,5657
0.5168421052631579,5658
0.5173501577287066,5659
0.5168067226890757,5660
0.5162644281217209,5661
0.5157232704402516,5662
0.5162303664921466,5663
0.5167364016736402,5664
0.5172413793103449,5665
0.5167014613778705,5666
0.516162669447341,5667
0.5166666666666667,5668
0.5161290322580645,5669
0.5155925155925156,5670
0.5150571131879543,5671
0.5145228215767634,5672
0.5150259067357513,5673
0.5144927536231884,5674
0.5139607032057911,5675
0.5144628099173554,5676
0.5149638802889577,5677
0.5144329896907216,5678
0.5149330587023687,5679
0.51440329218107,5680
0.5149023638232272,5681
0.5143737166324436,5682
0.5138461538461538,5683
0.5133196721311475,5684
0.5127942681678608,5685
0.5132924335378323,5686
0.5137895812053116,5687
0.513265306122449,5688
0.5127420998980632,5689
0.5132382892057027,5690
0.513733468972533,5691
0.5142276422764228,5692
0.5147208121827411,5693
0.5152129817444219,5694
0.5157041540020263,5695
0.5161943319838057,5696
0.5166835187057633,5697
0.5161616161616162,5698
0.5166498486377397,5699
0.5161290322580645,5700
0.5156092648539778,5701
0.5150905432595574,5702
0.5145728643216081,5703
0.5150602409638554,5704
0.5145436308926781,5705
0.5150300601202404,5706
0.5155155155155156,5707
0.516,5708
0.5164835164835165,5709
0.5159680638722555,5710
0.5164506480558325,5711
0.5169322709163346,5712
0.5174129353233831,5713
0.5168986083499006,5714
0.5173783515392254,5715
0.5178571428571429,5716
0.5183349851337958,5717
0.5178217821782178,5718
0.5182987141444114,5719
0.5187747035573123,5720
0.5192497532082923,5721
0.5187376725838264,5722
0.5182266009852217,5723
0.5187007874015748,5724
0.5191740412979351,5725
0.5196463654223968,5726
0.5201177625122669,5727
0.5196078431372549,5728
0.5200783545543585,5729
0.5195694716242661,5730
0.520039100684262,5731
0.51953125,5732
0.5190243902439025,5733
0.5194931773879142,5734
0.5199610516066212,5735
0.5204280155642024,5736
0.5208940719144801,5737
0.5203883495145631,5738
0.5198836081474297,5739
0.5203488372093024,5740
0.5198451113262342,5741
0.5203094777562862,5742
0.5207729468599034,5743
0.5202702702702703,5744
0.5197685631629702,5745
0.5202312138728323,5746
0.5206929740134745,5747
0.5211538461538462,5748
0.521613832853026,5749
0.5211132437619962,5750
0.5206136145733461,5751
0.5210727969348659,5752
0.5205741626794258,5753
0.5200764818355641,5754
0.5205348615090736,5755
0.5209923664122137,5756
0.5214489990467112,5757
0.520952380952381,5758
0.5214081826831589,5759
0.5218631178707225,5760
0.5223171889838556,5761
0.5227703984819735,5762
0.5232227488151658,5763
0.5227272727272727,5764
0.5231788079470199,5765
0.5226843100189036,5766
0.5231350330500472,5767
0.5235849056603774,5768
0.5230914231856739,5769
0.5225988700564972,5770
0.5230479774223895,5771
0.5234962406015038,5772
0.523943661971831,5773
0.5234521575984991,5774
0.5229615745079662,5775
0.5224719101123596,5776
0.5219831618334893,5777
0.5214953271028038,5778
0.5219421101774043,5779
0.5214552238805971,5780
0.5219012115563839,5781
0.521415270018622,5782
0.521860465116279,5783
0.5223048327137546,5784
0.5227483751160631,5785
0.5222634508348795,5786
0.5227062094531975,5787
0.5222222222222223,5788
0.5217391304347826,5789
0.522181146025878,5790
0.5226223453370268,5791
0.5230627306273062,5792
0.5225806451612903,5793
0.5230202578268877,5794
0.5225390984360626,5795
0.5220588235294118,5796
0.5224977043158862,5797
0.5229357798165137,5798
0.5233730522456462,5799
0.5228937728937729,5800
0.5224153705397987,5801
0.5219378427787934,5802
0.5223744292237443,5803
0.5218978102189781,5804
0.5223336371923427,5805
0.5227686703096539,5806
0.5222929936305732,5807
0.5227272727272727,5808
0.5231607629427792,5809
0.5235934664246824,5810
0.5240253853127833,5811
0.5235507246376812,5812
0.5230769230769231,5813
0.523508137432188,5814
0.5230352303523035,5815
0.5225631768953068,5816
0.5220919747520288,5817
0.5225225225225225,5818
0.5220522052205221,5819
0.5224820143884892,5820
0.522911051212938,5821
0.5224416517055656,5822
0.5219730941704036,5823
0.5224014336917563,5824
0.5228290062667861,5825
0.5232558139534884,5826
0.5227882037533512,5827
0.5223214285714286,5828
0.5227475468331847,5829
0.5231729055258467,5830
0.5227070347284061,5831
0.5231316725978647,5832
0.5226666666666666,5833
0.522202486678508,5834
0.5226264418811003,5835
0.5230496453900709,5836
0.5225863596102746,5837
0.5230088495575221,5838
0.5225464190981433,5839
0.5229681978798587,5840
0.5225066195939982,5841
0.5229276895943563,5842
0.5233480176211454,5843
0.522887323943662,5844
0.5224274406332454,5845
0.5219683655536028,5846
0.5223880597014925,5847
0.5228070175438596,5848
0.5223488168273445,5849
0.5227670753064798,5850
0.5231846019247594,5851
0.5236013986013986,5852
0.5231441048034935,5853
0.5235602094240838,5854
0.5231037489102005,5855
0.5235191637630662,5856
0.5239338555265448,5857
0.5234782608695652,5858
0.5230234578627281,5859
0.5225694444444444,5860
0.5229835212489159,5861
0.5233968804159446,5862
0.5229437229437229,5863
0.523356401384083,5864
0.5237683664649957,5865
0.5241796200345423,5866
0.5245901639344263,5867
0.525,5868
0.5254091300602929,5869
0.5249569707401033,5870
0.524505588993981,5871
0.5249140893470791,5872
0.5244635193133047,5873
0.5240137221269296,5874
0.5235646958011997,5875
0.523972602739726,5876
0.5243798118049615,5877
0.523931623931624,5878
0.5234842015371477,5879
0.523037542662116,5880
0.5234441602728048,5881
0.5229982964224872,5882
0.5234042553191489,5883
0.5229591836734694,5884
0.5225148683092609,5885
0.5229202037351444,5886
0.5233248515691263,5887
0.523728813559322,5888
0.5232853513971211,5889
0.5228426395939086,5890
0.5232459847844463,5891
0.5236486486486487,5892
0.5232067510548524,5893
0.5236087689713322,5894
0.523167649536647,5895
0.5227272727272727,5896
0.5222876366694701,5897
0.5218487394957984,5898
0.5222502099076406,5899
0.5226510067114094,5900
0.5230511316010059,5901
0.5226130653266332,5902
0.5230125523012552,5903
0.5234113712374582,5904
0.5229741019214703,5905
0.5233722871452421,5906
0.5237698081734778,5907
0.5233333333333333,5908
0.5237302248126561,5909
0.5241264559068219,5910
0.5236907730673317,5911
0.5232558139534884,5912
0.5228215767634855,5913
0.5223880597014925,5914
0.5227837613918807,5915
0.5223509933774835,5916
0.52191894127378,5917
0.5214876033057851,5918
0.5210569777043765,5919
0.5214521452145214,5920
0.5218466611706513,5921
0.5214168039538715,5922
0.5218106995884774,5923
0.5213815789473685,5924
0.5209531635168447,5925
0.5213464696223317,5926
0.5209187858900738,5927
0.5204918032786885,5928
0.5200655200655201,5929
0.5196399345335515,5930
0.5192150449713818,5931
0.5196078431372549,5932
0.5191836734693878,5933
0.5195758564437194,5934
0.5191524042379788,5935
0.5195439739413681,5936
0.5199349064279902,5937
0.5195121951219512,5938
0.5199025182778229,5939
0.5194805194805194,5940
0.519059205190592,5941
0.5194489465153971,5942
0.5198380566801619,5943
0.5202265372168284,5944
0.5206143896523848,5945
0.5201938610662359,5946
0.5205811138014528,5947
0.5209677419354839,5948
0.5213537469782433,5949
0.5217391304347826,5950
0.5221238938053098,5951
0.522508038585209,5952
0.5220883534136547,5953
0.521669341894061,5954
0.5212510024057738,5955
0.5208333333333334,5956
0.5212169735788631,5957
0.5208,5958
0.5211830535571543,5959
0.5215654952076677,5960
0.5211492418196328,5961
0.5207336523125997,5962
0.5203187250996016,5963
0.5207006369426752,5964
0.5202863961813843,5965
0.519872813990461,5966
0.5202541699761716,5967
0.5206349206349207,5968
0.52101506740682,5969
0.5213946117274167,5970
0.5209817893903405,5971
0.5213607594936709,5972
0.5209486166007905,5973
0.5213270142180095,5974
0.5217048145224941,5975
0.5220820189274448,5976
0.5216706067769897,5977
0.521259842519685,5978
0.5216365066876475,5979
0.5220125786163522,5980
0.5223880597014925,5981
0.5227629513343799,5982
0.5231372549019608,5983
0.5227272727272727,5984
0.5231010180109632,5985
0.5234741784037559,5986
0.5230648944487881,5987
0.52265625,5988
0.5230288836846214,5989
0.5226209048361935,5990
0.5229929851909587,5991
0.5233644859813084,5992
0.5237354085603113,5993
0.5233281493001555,5994
0.5229215229215229,5995
0.5225155279503105,5996
0.5228859581070597,5997
0.5232558139534884,5998
0.5236250968241674,5999
0.5239938080495357,6000
0.5243619489559165,6001
0.5239567233384853,6002
0.5235521235521235,6003
0.5239197530864198,6004
0.5235158057054742,6005
0.5238828967642527,6006
0.5242494226327945,6007
0.5238461538461539,6008
0.5234435049961568,6009
0.5230414746543779,6010
0.523407521105142,6011
0.5237730061349694,6012
0.5241379310344828,6013
0.5245022970903522,6014
0.5241009946442234,6015
0.5244648318042814,6016
0.5248281130634072,6017
0.5244274809160305,6018
0.524790236460717,6019
0.5251524390243902,6020
0.5255140898705255,6021
0.525875190258752,6022
0.526235741444867,6023
0.526595744680851,6024
0.5269552012148823,6025
0.5265553869499241,6026
0.5261561789234268,6027
0.5257575757575758,6028
0.5253595760787282,6029
0.5257186081694403,6030
0.5260770975056689,6031
0.525679758308157,6032
0.5260377358490566,6033
0.526395173453997,6034
0.5267520723436323,6035
0.5271084337349398,6036
0.527464258841234,6037
0.5278195488721804,6038
0.5274229902329076,6039
0.527027027027027,6040
0.5273818454613654,6041
0.527736131934033,6042
0.5280898876404494,6043
0.5284431137724551,6044
0.5287958115183246,6045
0.5291479820627802,6046
0.5287528005974608,6047
0.5291044776119403,6048
0.5287099179716629,6049
0.5283159463487332,6050
0.5286671630677587,6051
0.5290178571428571,6052
0.5286245353159851,6053
0.5289747399702823,6054
0.5285820341499629,6055
0.5281899109792285,6056
0.5285396590066717,6057
0.5281481481481481,6058
0.5277572168763879,6059
0.5281065088757396,6060
0.5277161862527716,6061
0.5273264401772526,6062
0.5276752767527675,6063
0.528023598820059,6064
0.5276344878408253,6065
0.5279823269513991,6066
0.5283296541574687,6067
0.5279411764705882,6068
0.5275532696546656,6069
0.5279001468428781,6070
0.5275128393250184,6071
0.5278592375366569,6072
0.5282051282051282,6073
0.527818448023426,6074
0.5274323335771763,6075
0.527046783625731,6076
0.5273922571219869,6077
0.5277372262773723,6078
0.5280816921954777,6079
0.5276967930029155,6080
0.528040786598689,6081
0.5276564774381368,6082
0.5272727272727272,6083
0.5268895348837209,6084
0.5265068990559186,6085
0.5261248185776488,6086
0.5264684554024656,6087
0.5260869565217391,6088
0.5264301230992035,6089
0.5260492040520984,6090
0.5256688358640637,6091
0.5252890173410405,6092
0.5256317689530686,6093
0.5252525252525253,6094
0.5255948089401586,6095
0.5259365994236311,6096
0.5262778977681786,6097
0.5258992805755396,6098
0.5255212077641984,6099
0.5258620689655172,6100
0.5262024407753051,6101
0.5265423242467718,6102
0.5261648745519714,6103
0.5257879656160458,6104
0.5261274158911954,6105
0.5257510729613734,6106
0.5253752680486061,6107
0.525,6108
0.5246252676659529,6109
0.5249643366619116,6110
0.5245901639344263,6111
0.5249287749287749,6112
0.5245551601423487,6113
0.5241820768136558,6114
0.5245202558635395,6115
0.5248579545454546,6116
0.525195173882186,6117
0.524822695035461,6118
0.5251594613749114,6119
0.5247875354107648,6120
0.5251238499646143,6121
0.5254596888260255,6122
0.5257950530035336,6123
0.5261299435028248,6124
0.5264643613267467,6125
0.5267983074753173,6126
0.5271317829457365,6127
0.5267605633802817,6128
0.5270935960591133,6129
0.5274261603375527,6130
0.5270555165144062,6131
0.5273876404494382,6132
0.5270175438596492,6133
0.5273492286115007,6134
0.52697967764541,6135
0.5266106442577031,6136
0.5262421273617914,6137
0.5265734265734265,6138
0.5269042627533194,6139
0.526536312849162,6140
0.526168876482903,6141
0.5264993026499303,6142
0.5261324041811847,6143
0.5264623955431755,6144
0.5267919276270007,6145
0.5264255910987483,6146
0.5267546907574705,6147
0.5263888888888889,6148
0.5260235947258848,6149
0.5256588072122053,6150
0.5252945252945252,6151
0.5249307479224377,6152
0.5252595155709343,6153
0.524896265560166,6154
0.525224602626123,6155
0.5255524861878453,6156
0.5251897860593513,6157
0.5248275862068965,6158
0.5244658855961406,6159
0.5241046831955923,6160
0.5244322092222987,6161
0.5247592847317745,6162
0.5243986254295533,6163
0.5247252747252747,6164
0.5250514756348662,6165
0.5253772290809328,6166
0.5257025359835503,6167
0.5260273972602739,6168
0.5263518138261465,6169
0.5266757865937073,6170
0.5269993164730007,6171
0.5273224043715847,6172
0.5269624573378839,6173
0.5272851296043656,6174
0.5276073619631901,6175
0.5279291553133515,6176
0.5282505105513955,6177
0.527891156462585,6178
0.5282121006118287,6179
0.5278532608695652,6180
0.528173794976239,6181
0.5284938941655359,6182
0.528135593220339,6183
0.5284552845528455,6184
0.5287745429925524,6185
0.5284167794316644,6186
0.5280594996619338,6187
0.5283783783783784,6188
0.5286968264686023,6189
0.5290148448043185,6190
0.5293324342548887,6191
0.5296495956873315,6192
0.52996632996633,6193
0.5302826379542396,6194
0.5305985205110961,6195
0.5309139784946236,6196
0.5312290127602418,6197
0.5308724832214765,6198
0.5305164319248826,6199
0.5301608579088471,6200
0.5304755525787006,6201
0.5307898259705489,6202
0.5304347826086957,6203
0.5307486631016043,6204
0.531062124248497,6205
0.5307076101468625,6206
0.5310206804536357,6207
0.5306666666666666,6208
0.5309793471019321,6209
0.5306258322237017,6210
0.530938123752495,6211
0.53125,6212
0.5308970099667774,6213
0.5305444887118194,6214
0.5301924353019244,6215
0.5305039787798409,6216
0.5308151093439364,6217
0.5304635761589404,6218
0.5301125082726671,6219
0.5304232804232805,6220
0.5300727032385988,6221
0.5297225891677675,6222
0.53003300330033,6223
0.5296833773087071,6224
0.5299934080421885,6225
0.5303030303030303,6226
0.5299539170506913,6227
0.5302631578947369,6228
0.5299145299145299,6229
0.5295663600525624,6230
0.5298752462245568,6231
0.5295275590551181,6232
0.5291803278688525,6233
0.5288335517693316,6234
0.5291421087098886,6235
0.5287958115183246,6236
0.5291039895356442,6237
0.5287581699346405,6238
0.5290659699542782,6239
0.529373368146214,6240
0.5290280495759948,6241
0.5286831812255541,6242
0.5283387622149837,6243
0.5286458333333334,6244
0.5283018867924528,6245
0.5279583875162549,6246
0.5276153346328785,6247
0.5279220779220779,6248
0.5282284231018819,6249
0.5285343709468223,6250
0.5288399222294232,6251
0.5291450777202072,6252
0.5294498381877023,6253
0.5297542043984476,6254
0.5294117647058824,6255
0.5297157622739018,6256
0.5293737895416397,6257
0.5290322580645161,6258
0.5286911669890393,6259
0.5289948453608248,6260
0.5286542176432711,6261
0.528957528957529,6262
0.5286173633440514,6263
0.5289203084832905,6264
0.5292228644829801,6265
0.5295250320924262,6266
0.5298268120590122,6267
0.5301282051282051,6268
0.529788597053171,6269
0.5300896286811779,6270
0.5303902751119641,6271
0.5300511508951407,6272
0.5297124600638977,6273
0.5293742017879949,6274
0.5290363752393108,6275
0.5293367346938775,6276
0.5289993626513703,6277
0.5292993630573248,6278
0.5289624443029918,6279
0.5292620865139949,6280
0.5295613477431659,6281
0.5298602287166455,6282
0.5301587301587302,6283
0.5298223350253807,6284
0.5301204819277109,6285
0.5304182509505704,6286
0.5300823305889804,6287
0.5303797468354431,6288
0.530044275774826,6289
0.5297092288242731,6290
0.5293746051800379,6291
0.5296717171717171,6292
0.5299684542586751,6293
0.5296343001261034,6294
0.5293005671077504,6295
0.5289672544080605,6296
0.5292636878539962,6297
0.5289308176100629,6298
0.5292269013199246,6299
0.5295226130653267,6300
0.5291902071563088,6301
0.5288582183186951,6302
0.5285266457680251,6303
0.5281954887218046,6304
0.5278647463994991,6305
0.5275344180225282,6306
0.5278298936835523,6307
0.5275,6308
0.5271705184259837,6309
0.5274656679151061,6310
0.5271366188396757,6311
0.527431421446384,6312
0.5271028037383177,6313
0.5273972602739726,6314
0.5270690728064716,6315
0.527363184079602,6316
0.5276569297700435,6317
0.5279503105590062,6318
0.5282433271260087,6319
0.5285359801488834,6320
0.5282083075015499,6321
0.5285006195786865,6322
0.5287925696594428,6323
0.5284653465346535,6324
0.5287569573283859,6325
0.5284301606922126,6326
0.5281037677578753,6327
0.528395061728395,6328
0.5286859962985812,6329
0.5283600493218249,6330
0.5286506469500925,6331
0.5283251231527094,6332
0.528,6333
0.5276752767527675,6334
0.5273509526736324,6335
0.5276412776412777,6336
0.52731737262124,6337
0.5276073619631901,6338
0.5272838749233599,6339
0.5269607843137255,6340
0.5266380894060012,6341
0.5263157894736842,6342
0.5259938837920489,6343
0.5262836185819071,6344
0.5259621258399512,6345
0.5256410256410257,6346
0.525320317266626,6347
0.525609756097561,6348
0.5252894576477758,6349
0.5249695493300852,6350
0.5252586731588558,6351
0.5249391727493917,6352
0.5246200607902736,6353
0.5249088699878494,6354
0.5245901639344263,6355
0.5242718446601942,6356
0.5239539114614918,6357
0.5236363636363637,6358
0.5239248940036342,6359
0.5236077481840193,6360
0.5238959467634604,6361
0.5235792019347038,6362
0.5232628398791541,6363
0.5235507246376812,6364
0.5232347616173808,6365
0.5235223160434258,6366
0.5238095238095238,6367
0.5240963855421686,6368
0.5243829018663456,6369
0.5246690734055355,6370
0.5249549007817198,6371
0.5246394230769231,6372
0.5243243243243243,6373
0.524609843937575,6374
0.5242951409718056,6375
0.5239808153477218,6376
0.5236668663870582,6377
0.5233532934131736,6378
0.5230400957510473,6379
0.5227272727272727,6380
0.5224148236700538,6381
0.5221027479091995,6382
0.5217910447761194,6383
0.5220763723150358,6384
0.5217650566487776,6385
0.5214541120381406,6386
0.5217391304347826,6387
0.5220238095238096,6388
0.5217132659131469,6389
0.5219976218787158,6390
0.5216874628639334,6391
0.5219714964370546,6392
0.5216617210682493,6393
0.5213523131672598,6394
0.5210432720806165,6395
0.5213270142180095,6396
0.5210183540556542,6397
0.5207100591715976,6398
0.5209934949733885,6399
0.5212765957446809,6400
0.5209686946249261,6401
0.5212514757969303,6402
0.5209439528023598,6403
0.5206367924528302,6404
0.5209192692987625,6405
0.5206124852767963,6406
0.5208946439081813,6407
0.5211764705882352,6408
0.520870076425632,6409
0.5211515863689776,6410
0.5208455666470934,6411
0.5205399061032864,6412
0.5208211143695015,6413
0.5211019929660023,6414
0.5213825424721734,6415
0.5216627634660421,6416
0.5219426565242832,6417
0.5216374269005848,6418
0.5213325540619521,6419
0.5216121495327103,6420
0.521891418563923,6421
0.5215869311551925,6422
0.5212827988338192,6423
0.5215617715617715,6424
0.5218404193360513,6425
0.5215366705471478,6426
0.5218150087260035,6427
0.5215116279069767,6428
0.5217896571760604,6429
0.5220673635307782,6430
0.5217643644805572,6431
0.521461716937355,6432
0.5217391304347826,6433
0.5220162224797219,6434
0.521713954834974,6435
0.5219907407407407,6436
0.5222672064777328,6437
0.522543352601156,6438
0.5228191796649335,6439
0.5225173210161663,6440
0.5222158107328332,6441
0.5224913494809689,6442
0.5221902017291066,6443
0.521889400921659,6444
0.5221646516983305,6445
0.522439585730725,6446
0.5227142035652674,6447
0.5224137931034483,6448
0.5221137277426766,6449
0.5223880597014925,6450
0.5226620768789444,6451
0.5223623853211009,6452
0.5226361031518625,6453
0.52290950744559,6454
0.522610188895249,6455
0.522883295194508,6456
0.5231560891938251,6457
0.5234285714285715,6458
0.5237007424328954,6459
0.523972602739726,6460
0.5242441528807759,6461
0.5245153933865451,6462
0.5242165242165242,6463
0.5244874715261959,6464
0.5247581104154809,6465
0.5244596131968146,6466
0.5247299602046618,6467
0.5244318181818182,6468
0.5241340147643384,6469
0.5244040862656073,6470
0.5246738513896767,6471
0.5243764172335601,6472
0.5240793201133145,6473
0.5237825594563986,6474
0.5240520656479909,6475
0.5237556561085973,6476
0.5240248728094969,6477
0.523728813559322,6478
0.52343308865048,6479
0.5237020316027088,6480
0.523970671178793,6481
0.5236753100338218,6482
0.523943661971831,6483
0.5236486486486487,6484
0.5239167135621835,6485
0.5236220472440944,6486
0.5238898257448005,6487
0.5235955056179775,6488
0.523862998315553,6489
0.5241301907968574,6490
0.5243970835670219,6491
0.524103139013453,6492
0.5243697478991597,6493
0.5240761478163494,6494
0.5243424734191382,6495
0.5246085011185683,6496
0.5248742314141979,6497
0.5245810055865922,6498
0.52428810720268,6499
0.5245535714285714,6500
0.524261015058561,6501
0.5245261984392419,6502
0.5247910863509749,6503
0.5244988864142539,6504
0.5242070116861436,6505
0.5244716351501668,6506
0.5241801000555865,6507
0.5238888888888888,6508
0.5235980011104941,6509
0.5238623751387348,6510
0.5241264559068219,6511
0.5238359201773836,6512
0.5235457063711911,6513
0.5238095238095238,6514
0.5240730492529053,6515
0.5237831858407079,6516
0.5234936428966279,6517
0.5232044198895027,6518
0.5234676974047487,6519
0.5237306843267108,6520
0.5239933811362383,6521
0.523704520396913,6522
0.5239669421487604,6523
0.5242290748898678,6524
0.5244909190974133,6525
0.5242024202420242,6526
0.5239142385926333,6527
0.5236263736263737,6528
0.5233388248215266,6529
0.5236004390779363,6530
0.523861766319254,6531
0.5235745614035088,6532
0.5238356164383562,6533
0.5240963855421686,6534
0.5238095238095238,6535
0.524070021881838,6536
0.5243302351011482,6537
0.5245901639344263,6538
0.5248498088476242,6539
0.5251091703056768,6540
0.5253682487725041,6541
0.5256270447110142,6542
0.5258855585831063,6543
0.5261437908496732,6544
0.5264017419706043,6545
0.5266594124047879,6546
0.5269168026101142,6547
0.5271739130434783,6548
0.5268875611080934,6549
0.5271444082519001,6550
0.5274009766684753,6551
0.527114967462039,6552
0.526829268292683,6553
0.5270855904658721,6554
0.5273416350839198,6555
0.5275974025974026,6556
0.5278528934559221,6557
0.5275675675675676,6558
0.5272825499729876,6559
0.5275377969762419,6560
0.5277927684835402,6561
0.5275080906148867,6562
0.5277628032345013,6563
0.5274784482758621,6564
0.5277329025309639,6565
0.5279870828848224,6566
0.5282409897794513,6567
0.5279569892473118,6568
0.5276732939279957,6569
0.527389903329753,6570
0.5276435856146001,6571
0.5273605150214592,6572
0.5270777479892761,6573
0.5273311897106109,6574
0.5275843599357257,6575
0.5273019271948608,6576
0.527019796682718,6577
0.5272727272727272,6578
0.5275253874933191,6579
0.5272435897435898,6580
0.5269620928990923,6581
0.5266808964781217,6582
0.5264,6583
0.5261194029850746,6584
0.525839104954715,6585
0.5255591054313099,6586
0.525279403938265,6587
0.5255319148936171,6588
0.5252525252525253,6589
0.5249734325185972,6590
0.5252257036643654,6591
0.5254777070063694,6592
0.5257294429708222,6593
0.5254506892895016,6594
0.5257021727609963,6595
0.5259533898305084,6596
0.5262043409211223,6597
0.5259259259259259,6598
0.5256478053939715,6599
0.5253699788583509,6600
0.525620707871104,6601
0.5253431890179514,6602
0.525065963060686,6603
0.5247890295358649,6604
0.5250395361096468,6605
0.5247629083245522,6606
0.5250131648235914,6607
0.5252631578947369,6608
0.5255128879537085,6609
0.5252365930599369,6610
0.5249605885444035,6611
0.5246848739495799,6612
0.5249343832020997,6613
0.525183630640084,6614
0.5254326166754064,6615
0.5251572327044025,6616
0.5254059717129387,6617
0.5256544502617801,6618
0.5259026687598116,6619
0.5261506276150628,6620
0.5258755880815473,6621
0.5261233019853709,6622
0.5263707571801567,6623
0.5260960334029228,6624
0.5263432446531038,6625
0.5265901981230449,6626
0.5263157894736842,6627
0.5260416666666666,6628
0.5262883914627798,6629
0.5265348595213319,6630
0.5267810712428497,6631
0.527027027027027,6632
0.5267532467532468,6633
0.5264797507788161,6634
0.5262065386611313,6635
0.5264522821576764,6636
0.5266977708657335,6637
0.5264248704663212,6638
0.5261522527187985,6639
0.525879917184265,6640
0.5261251939989653,6641
0.5263702171664943,6642
0.5266149870801033,6643
0.5268595041322314,6644
0.5265875064532782,6645
0.5263157894736842,6646
0.5260443527591542,6647
0.5262886597938145,6648
0.5265327150953117,6649
0.5267765190525232,6650
0.5270200720535255,6651
0.5272633744855967,6652
0.5275064267352185,6653
0.527235354573484,6654
0.5274781715459682,6655
0.5277207392197125,6656
0.5274499743458184,6657
0.5276923076923077,6658
0.5274218349564326,6659
0.5276639344262295,6660
0.5273937532002048,6661
0.5276356192425793,6662
0.5278772378516624,6663
0.5276073619631901,6664
0.5278487480838018,6665
0.5275791624106231,6666
0.5273098519652885,6667
0.5270408163265307,6668
0.5267720550739419,6669
0.527013251783894,6670
0.5272542027508915,6671
0.5274949083503055,6672
0.527735368956743,6673
0.5274669379450662,6674
0.5277071682765633,6675
0.5274390243902439,6676
0.5276790248857288,6677
0.5279187817258884,6678
0.5276509386098427,6679
0.5273833671399595,6680
0.5276229092752154,6681
0.5278622087132725,6682
0.5281012658227848,6683
0.527834008097166,6684
0.5280728376327769,6685
0.5278058645096056,6686
0.528044466902476,6687
0.5282828282828282,6688
0.5280161534578496,6689
0.5282542885973764,6690
0.5279878971255674,6691
0.5277217741935484,6692
0.527455919395466,6693
0.527190332326284,6694
0.5269250125817816,6695
0.5266599597585513,6696
0.5268979386626446,6697
0.5271356783919598,6698
0.5268709191361125,6699
0.5266064257028112,6700
0.5263421976919217,6701
0.5260782347041123,6702
0.5258145363408522,6703
0.5255511022044088,6704
0.5252879318978467,6705
0.525025025025025,6706
0.5247623811905953,6707
0.525,6708
0.5252373813093453,6709
0.524975024975025,6710
0.5252121817274089,6711
0.5249500998003992,6712
0.5246882793017457,6713
0.5244267198404786,6714
0.5246636771300448,6715
0.5249003984063745,6716
0.5246391239422599,6717
0.5248756218905473,6718
0.5251118846345102,6719
0.5253479125248509,6720
0.5255837059115748,6721
0.525819265143992,6722
0.5260545905707196,6723
0.5257936507936508,6724
0.5260287555775904,6725
0.5262636273538157,6726
0.5264982664685488,6727
0.5267326732673268,6728
0.5264720435428006,6729
0.526706231454006,6730
0.5269401878398419,6731
0.5266798418972332,6732
0.5264197530864198,6733
0.5261599210266535,6734
0.5263936852491367,6735
0.5266272189349113,6736
0.5263676688023657,6737
0.5261083743842364,6738
0.5263417035942886,6739
0.5265748031496063,6740
0.5268076733890802,6741
0.5265486725663717,6742
0.5267813267813268,6743
0.5270137524557956,6744
0.5267550319096711,6745
0.5264965652600588,6746
0.5262383521333988,6747
0.5264705882352941,6748
0.5262126408623224,6749
0.5264446620959843,6750
0.5266764561918746,6751
0.526908023483366,6752
0.5266503667481662,6753
0.5268817204301075,6754
0.5271128480703469,6755
0.52685546875,6756
0.5265983406539776,6757
0.5263414634146342,6758
0.5265724037055095,6759
0.526803118908382,6760
0.5265465172917682,6761
0.5262901655306719,6762
0.5260340632603406,6763
0.5257782101167315,6764
0.5255226057365094,6765
0.5252672497570456,6766
0.5254978144730452,6767
0.5257281553398059,6768
0.5254730713245997,6769
0.5252182347235693,6770
0.5254483761512361,6771
0.5251937984496124,6772
0.5254237288135594,6773
0.5256534365924492,6774
0.5258829221093372,6775
0.5261121856866537,6776
0.526341227646206,6777
0.5265700483091788,6778
0.5267986479961372,6779
0.5265444015444015,6780
0.5267727930535456,6781
0.5270009643201543,6782
0.5267469879518072,6783
0.5264932562620424,6784
0.5267212325469427,6785
0.526948989412897,6786
0.5271765271765272,6787
0.5269230769230769,6788
0.5266698702546853,6789
0.5268972142170989,6790
0.5266442630820931,6791
0.5268714011516314,6792
0.5266187050359712,6793
0.5263662511984659,6794
0.5265931959750838,6795
0.5268199233716475,6796
0.5270464337003351,6797
0.5267942583732057,6798
0.5270205643232903,6799
0.5267686424474187,6800
0.52651696129957,6801
0.5267430754536772,6802
0.5269689737470167,6803
0.5271946564885496,6804
0.5269432522651407,6805
0.5271687321258341,6806
0.5269175797999047,6807
0.5271428571428571,6808
0.5268919562113279,6809
0.527117031398668,6810
0.5273418925344746,6811
0.5275665399239544,6812
0.527790973871734,6813
0.5275403608736942,6814
0.5272899857617466,6815
0.5270398481973435,6816
0.5272641062114747,6817
0.5274881516587677,6818
0.5277119848413074,6819
0.5274621212121212,6820
0.5272124940842404,6821
0.5274361400189215,6822
0.5271867612293144,6823
0.526937618147448,6824
0.5266887104393009,6825
0.5269121813031161,6826
0.5266635205285513,6827
0.5268867924528302,6828
0.5271098538425271,6829
0.5273327049952875,6830
0.5270843146490815,6831
0.527306967984934,6832
0.5275294117647059,6833
0.5272812793979303,6834
0.5275035260930888,6835
0.5277255639097744,6836
0.5279473931423203,6837
0.528169014084507,6838
0.5279211637728766,6839
0.5276735459662288,6840
0.5278949835911861,6841
0.5276476101218369,6842
0.5278688524590164,6843
0.5276217228464419,6844
0.5273748245203557,6845
0.5271281571562207,6846
0.5268817204301075,6847
0.5271028037383177,6848
0.5273236805231201,6849
0.527077497665733,6850
0.5268315445636957,6851
0.5265858208955224,6852
0.5263403263403263,6853
0.5265610438024231,6854
0.5267815556590592,6855
0.527001862197393,6856
0.5272219637040484,6857
0.5274418604651163,6858
0.5276615527661552,6859
0.5278810408921933,6860
0.5276358569437993,6861
0.5278551532033426,6862
0.5276102088167053,6863
0.5278293135435993,6864
0.5280482151135837,6865
0.5278035217794254,6866
0.5280222325150533,6867
0.5277777777777778,6868
0.5279962980101804,6869
0.5282146160962072,6870
0.5284327323162274,6871
0.5286506469500925,6872
0.5284064665127021,6873
0.5281625115420129,6874
0.5279187817258884,6875
0.5276752767527675,6876
0.5274319963116644,6877
0.5276497695852534,6878
0.5274067250115154,6879
0.5276243093922652,6880
0.5273815002300967,6881
0.5275988960441582,6882
0.527816091954023,6883
0.5280330882352942,6884
0.5277905374368397,6885
0.5280073461891643,6886
0.5282239559430931,6887
0.5279816513761468,6888
0.5281980742778541,6889
0.5284142988084326,6890
0.5281722400366469,6891
0.5283882783882784,6892
0.5281464530892449,6893
0.5283623055809699,6894
0.5281207133058985,6895
0.5278793418647166,6896
0.5280950205573322,6897
0.5278538812785388,6898
0.5280693747147421,6899
0.5282846715328468,6900
0.5280437756497948,6901
0.5278030993618961,6902
0.5280182232346241,6903
0.5282331511839709,6904
0.5284478834774693,6905
0.5282074613284804,6906
0.5279672578444747,6907
0.5281818181818182,6908
0.5279418446160836,6909
0.528156221616712,6910
0.5279164775306401,6911
0.5281306715063521,6912
0.527891156462585,6913
0.528105167724388,6914
0.5278658812868147,6915
0.5276268115942029,6916
0.5278406518786781,6917
0.528054298642534,6918
0.5278154681139756,6919
0.5275768535262206,6920
0.5273384545865342,6921
0.5271002710027101,6922
0.52686230248307,6923
0.5266245487364621,6924
0.5263870094722598,6925
0.5261496844003607,6926
0.5259125732311852,6927
0.5256756756756756,6928
0.5258892390814949,6929
0.5256525652565257,6930
0.5258659469185785,6931
0.5260791366906474,6932
0.5258426966292135,6933
0.5260557053009883,6934
0.5258194881005838,6935
0.526032315978456,6936
0.5262449528936743,6937
0.5260089686098655,6938
0.5257731958762887,6939
0.5259856630824373,6940
0.5261979399910435,6941
0.5259623992837958,6942
0.5257270693512305,6943
0.5254919499105546,6944
0.5257040679481448,6945
0.5259159964253798,6946
0.5256811076373381,6947
0.5254464285714285,6948
0.5252119589468988,6949
0.5254237288135594,6950
0.5251894783771734,6951
0.5249554367201426,6952
0.5247216035634744,6953
0.52493321460374,6954
0.5246995994659546,6955
0.5249110320284698,6956
0.5246776345042241,6957
0.5244444444444445,6958
0.5242114615726344,6959
0.5244227353463587,6960
0.5241899689303151,6961
0.5239574090505768,6962
0.5237250554323725,6963
0.523936170212766,6964
0.5237040319007532,6965
0.5234720992028343,6966
0.5236830455953962,6967
0.5234513274336283,6968
0.5236620964175144,6969
0.5234305923961097,6970
0.5236411842686699,6971
0.523851590106007,6972
0.5240618101545254,6973
0.5242718446601942,6974
0.5244816938685487,6975
0.5246913580246914,6976
0.5249008373732922,6977
0.5246696035242291,6978
0.52443857331572,6979
0.5242077464788732,6980
0.5244170699516058,6981
0.5241864555848724,6982
0.5243956043956044,6983
0.5241652021089631,6984
0.5239350021958717,6985
0.52414398595259,6986
0.5239139973672663,6987
0.5236842105263158,6988
0.523893029373082,6989
0.5241016652059597,6990
0.5243101182654402,6991
0.5240805604203153,6992
0.524288840262582,6993
0.5244969378827646,6994
0.524704853519895,6995
0.5244755244755245,6996
0.5246832678025338,6997
0.5248908296943231,6998
0.5250982103884766,6999
0.525305410122164,7000
0.5255124291321412,7001
0.525283347863993,7002
0.5250544662309368,7003
0.5252613240418118,7004
0.5254680017414018,7005
0.525674499564839,7006
0.5258808177468465,7007
0.5256521739130435,7008
0.525858322468492,7009
0.525629887054735,7010
0.5254016500217108,7011
0.5256076388888888,7012
0.5258134490238612,7013
0.5255854293148309,7014
0.5257910706545297,7015
0.5255632582322357,7016
0.5253356431355565,7017
0.5255411255411255,7018
0.5253137170056252,7019
0.5255190311418685,7020
0.5252918287937743,7021
0.5254969749351772,7022
0.5257019438444924,7023
0.5259067357512953,7024
0.5261113508847648,7025
0.5258843830888698,7026
0.5260888313928418,7027
0.5258620689655172,7028
0.5260663507109005,7029
0.5258397932816538,7030
0.5256134309083083,7031
0.5258175559380379,7032
0.5255913978494624,7033
0.5253654342218401,7034
0.5251396648044693,7035
0.5253436426116839,7036
0.5255474452554745,7037
0.5257510729613734,7038
0.525954525954526,7039
0.5257289879931389,7040
0.5255036433776253,7041
0.5252784918594687,7042
0.5254817987152034,7043
0.5256849315068494,7044
0.5258878904578519,7045
0.5260906757912746,7046
0.5258657545959812,7047
0.5256410256410257,7048
0.5258436565570269,7049
0.5256191289496157,7050
0.5258215962441315,7051
0.5255972696245734,7052
0.5257995735607676,7053
0.5255754475703325,7054
0.5253515125692373,7055
0.5255536626916525,7056
0.5257556406981694,7057
0.5255319148936171,7058
0.5257337303275202,7059
0.5259353741496599,7060
0.5261368465788355,7061
0.5259133389974512,7062
0.5256900212314225,7063
0.5254668930390493,7064
inf,7065
0.0,7066
0.5,7067
0.3333333333333333,7068
0.25,7069
0.4,7070
0.3333333333333333,7071
0.2857142857142857,7072
0.25,7073
0.3333333333333333,7074
0.4,7075
0.36363636363636365,7076
0.3333333333333333,7077
0.38461538461538464,7078
0.42857142857142855,7079
0.4,7080
0.375,7081
0.4117647058823529,7082
0.4444444444444444,7083
0.47368421052631576,7084
0.45,7085
0.42857142857142855,7086
0.4090909090909091,7087
0.391304347826087,7088
0.4166666666666667,7089
0.44,7090
0.46153846153846156,7091
0.48148148148148145,7092
0.5,7093
0.5172413793103449,7094
0.5,7095
0.5161290322580645,7096
0.53125,7097
0.5151515151515151,7098
0.5,7099
0.5142857142857142,7100
0.5277777777777778,7101
0.5405405405405406,7102
0.5263157894736842,7103
0.5384615384615384,7104
0.525,7105
0.5365853658536586,7106
0.5476190476190477,7107
0.5581395348837209,7108
0.5681818181818182,7109
0.5777777777777777,7110
0.5869565217391305,7111
0.5957446808510638,7112
0.6041666666666666,7113
0.6122448979591837,7114
0.62,7115
0.6274509803921569,7116
0.6153846153846154,7117
0.6226415094339622,7118
0.6111111111111112,7119
0.6,7120
0.5892857142857143,7121
0.5789473684210527,7122
0.5689655172413793,7123
0.559322033898305,7124
0.55,7125
0.5409836065573771,7126
0.532258064516129,7127
0.5396825396825397,7128
0.53125,7129
0.5230769230769231,7130
0.5151515151515151,7131
0.5074626865671642,7132
0.5147058823529411,7133
0.5072463768115942,7134
0.5142857142857142,7135
0.5211267605633803,7136
0.5277777777777778,7137
0.5342465753424658,7138
0.5405405405405406,7139
0.5333333333333333,7140
0.5263157894736842,7141
0.5194805194805194,7142
0.5256410256410257,7143
0.5316455696202531,7144
0.5375,7145
0.5308641975308642,7146
0.524390243902439,7147
0.5180722891566265,7148
0.5238095238095238,7149
0.5294117647058824,7150
0.5232558139534884,7151
0.5287356321839081,7152
0.5227272727272727,7153
0.5280898876404494,7154
0.5222222222222223,7155
0.5274725274725275,7156
0.532608695652174,7157
0.5376344086021505,7158
0.5425531914893617,7159
0.5473684210526316,7160
0.5520833333333334,7161
0.5463917525773195,7162
0.5510204081632653,7163
0.5454545454545454,7164
0.55,7165
0.5544554455445545,7166
0.5490196078431373,7167
0.5436893203883495,7168
0.5480769230769231,7169
0.5523809523809524,7170
0.5471698113207547,7171
0.5420560747663551,7172
0.5462962962962963,7173
0.5504587155963303,7174
0.5545454545454546,7175
0.5585585585585585,7176
0.5625,7177
0.5663716814159292,7178
0.5701754385964912,7179
0.5739130434782609,7180
0.5689655172413793,7181
0.5641025641025641,7182
0.5677966101694916,7183
0.5630252100840336,7184
0.5666666666666667,7185
0.5619834710743802,7186
0.5655737704918032,7187
0.5609756097560976,7188
0.5564516129032258,7189
0.56,7190
0.5634920634920635,7191
0.5669291338582677,7192
0.5703125,7193
0.5658914728682171,7194
0.5615384615384615,7195
0.5648854961832062,7196
0.5606060606060606,7197
0.556390977443609,7198
0.5522388059701493,7199
0.5555555555555556,7200
0.5588235294117647,7201
0.5620437956204379,7202
0.5579710144927537,7203
0.5611510791366906,7204
0.5642857142857143,7205
0.5602836879432624,7206
0.5633802816901409,7207
0.5664335664335665,7208
0.5625,7209
0.5586206896551724,7210
0.5547945205479452,7211
0.5510204081632653,7212
0.5472972972972973,7213
0.5503355704697986,7214
0.5466666666666666,7215
0.5496688741721855,7216
0.5460526315789473,7217
0.5424836601307189,7218
0.538961038961039,7219
0.5419354838709678,7220
0.5448717948717948,7221
0.5414012738853503,7222
0.5379746835443038,7223
0.5408805031446541,7224
0.54375,7225
0.5403726708074534,7226
0.5432098765432098,7227
0.5460122699386503,7228
0.5487804878048781,7229
0.5515151515151515,7230
0.5542168674698795,7231
0.5568862275449101,7232
0.5535714285714286,7233
0.5562130177514792,7234
0.5588235294117647,7235
0.5614035087719298,7236
0.563953488372093,7237
0.5606936416184971,7238
0.5632183908045977,7239
0.56,7240
0.5625,7241
0.559322033898305,7242
0.5561797752808989,7243
0.5586592178770949,7244
0.5555555555555556,7245
0.5524861878453039,7246
0.5494505494505495,7247
0.546448087431694,7248
0.5434782608695652,7249
0.5405405405405406,7250
0.543010752688172,7251
0.5401069518716578,7252
0.5372340425531915,7253
0.5343915343915344,7254
0.531578947368421,7255
0.5340314136125655,7256
0.53125,7257
0.5284974093264249,7258
0.5309278350515464,7259
0.5282051282051282,7260
0.5255102040816326,7261
0.5228426395939086,7262
0.5202020202020202,7263
0.5175879396984925,7264
0.515,7265
0.5124378109452736,7266
0.5099009900990099,7267
0.5123152709359606,7268
0.5098039215686274,7269
0.5073170731707317,7270
0.5048543689320388,7271
0.5072463768115942,7272
0.5096153846153846,7273
0.507177033492823,7274
0.5047619047619047,7275
0.5071090047393365,7276
0.5047169811320755,7277
0.5070422535211268,7278
0.5046728971962616,7279
0.5023255813953489,7280
0.5046296296296297,7281
0.5069124423963134,7282
0.5045871559633027,7283
0.5068493150684932,7284
0.509090909090909,7285
0.5067873303167421,7286
0.509009009009009,7287
0.5112107623318386,7288
0.5089285714285714,7289
0.5066666666666667,7290
0.504424778761062,7291
0.5022026431718062,7292
0.5043859649122807,7293
0.5065502183406113,7294
0.5043478260869565,7295
0.5021645021645021,7296
0.5043103448275862,7297
0.5021459227467812,7298
0.5042735042735043,7299
0.502127659574468,7300
0.5042372881355932,7301
0.5021097046413502,7302
0.5042016806722689,7303
0.502092050209205,7304
0.5,7305
0.4979253112033195,7306
0.49586776859504134,7307
0.49794238683127573,7308
0.4959016393442623,7309
0.49387755102040815,7310
0.4959349593495935,7311
0.4939271255060729,7312
0.4959677419354839,7313
0.4979919678714859,7314
0.5,7315
0.50199203187251,7316
0.503968253968254,7317
0.5059288537549407,7318
0.5078740157480315,7319
0.5058823529411764,7320
0.5078125,7321
0.5058365758754864,7322
0.5038759689922481,7323
0.5057915057915058,7324
0.5076923076923077,7325
0.5095785440613027,7326
0.5114503816793893,7327
0.5133079847908745,7328
0.5113636363636364,7329
0.5094339622641509,7330
0.5112781954887218,7331
0.5093632958801498,7332
0.5111940298507462,7333
0.5092936802973977,7334
0.5074074074074074,7335
0.5055350553505535,7336
0.5073529411764706,7337
0.5054945054945055,7338
0.5072992700729927,7339
0.509090909090909,7340
0.5108695652173914,7341
0.5090252707581228,7342
0.5071942446043165,7343
0.5053763440860215,7344
0.5035714285714286,7345
0.505338078291815,7346
0.5070921985815603,7347
0.508833922261484,7348
0.5070422535211268,7349
0.5052631578947369,7350
0.5034965034965035,7351
0.5052264808362369,7352
0.5034722222222222,7353
0.5017301038062284,7354
0.5,7355
0.49828178694158076,7356
0.5,7357
0.5017064846416383,7358
0.5,7359
0.5016949152542373,7360
0.5033783783783784,7361
0.5016835016835017,7362
0.5033557046979866,7363
0.5016722408026756,7364
0.5,7365
0.5016611295681063,7366
0.5033112582781457,7367
0.504950495049505,7368
0.506578947368421,7369
0.5081967213114754,7370
0.5065359477124183,7371
0.504885993485342,7372
0.5064935064935064,7373
0.5048543689320388,7374
0.5064516129032258,7375
0.5080385852090032,7376
0.5064102564102564,7377
0.5047923322683706,7378
0.5063694267515924,7379
0.5079365079365079,7380
0.509493670886076,7381
0.5078864353312302,7382
0.5094339622641509,7383
0.5109717868338558,7384
0.509375,7385
0.5109034267912772,7386
0.5124223602484472,7387
0.5139318885448917,7388
0.5154320987654321,7389
0.5138461538461538,7390
0.5153374233128835,7391
0.5168195718654435,7392
0.5152439024390244,7393
0.5167173252279635,7394
0.5181818181818182,7395
0.5166163141993958,7396
0.5180722891566265,7397
0.5195195195195195,7398
0.5179640718562875,7399
0.5164179104477612,7400
0.5178571428571429,7401
0.5192878338278932,7402
0.5177514792899408,7403
0.5191740412979351,7404
0.5205882352941177,7405
0.5219941348973607,7406
0.52046783625731,7407
0.5189504373177842,7408
0.5203488372093024,7409
0.5217391304347826,7410
0.5202312138728323,7411
0.5187319884726225,7412
0.5172413793103449,7413
0.5186246418338109,7414
0.52,7415
0.5185185185185185,7416
0.5198863636363636,7417
0.5184135977337111,7418
0.519774011299435,7419
0.5183098591549296,7420
0.5196629213483146,7421
0.5210084033613446,7422
0.5223463687150838,7423
0.520891364902507,7424
0.5222222222222223,7425
0.5207756232686981,7426
0.5193370165745856,7427
0.5206611570247934,7428
0.521978021978022,7429
0.5205479452054794,7430
0.5191256830601093,7431
0.5204359673024523,7432
0.5217391304347826,7433
0.5203252032520326,7434
0.518918918918919,7435
0.5175202156334232,7436
0.5161290322580645,7437
0.514745308310992,7438
0.5133689839572193,7439
0.512,7440
0.5132978723404256,7441
0.5119363395225465,7442
0.5105820105820106,7443
0.5118733509234829,7444
0.5131578947368421,7445
0.5144356955380578,7446
0.5130890052356021,7447
0.5143603133159269,7448
0.515625,7449
0.5168831168831168,7450
0.5181347150259067,7451
0.5167958656330749,7452
0.5154639175257731,7453
0.5167095115681234,7454
0.5153846153846153,7455
0.5140664961636828,7456
0.5153061224489796,7457
0.5165394402035624,7458
0.5152284263959391,7459
0.5164556962025316,7460
0.5176767676767676,7461
0.5163727959697733,7462
0.5175879396984925,7463
0.5162907268170426,7464
0.5175,7465
0.516209476309227,7466
0.5174129353233831,7467
0.5186104218362283,7468
0.5173267326732673,7469
0.5160493827160494,7470
0.5147783251231527,7471
0.5135135135135135,7472
0.5122549019607843,7473
0.511002444987775,7474
0.5121951219512195,7475
0.51338199513382,7476
0.5145631067961165,7477
0.5157384987893463,7478
0.5169082125603864,7479
0.5180722891566265,7480
0.5168269230769231,7481
0.5155875299760192,7482
0.5143540669856459,7483
0.513126491646778,7484
0.5142857142857142,7485
0.5130641330166271,7486
0.5118483412322274,7487
0.5130023640661938,7488
0.5117924528301887,7489
0.5129411764705882,7490
0.5117370892018779,7491
0.5105386416861827,7492
0.5116822429906542,7493
0.5128205128205128,7494
0.5116279069767442,7495
0.5127610208816705,7496
0.5138888888888888,7497
0.5150115473441108,7498
0.5138248847926268,7499
0.5149425287356322,7500
0.5137614678899083,7501
0.5125858123569794,7502
0.5136986301369864,7503
0.5125284738041003,7504
0.5136363636363637,7505
0.5147392290249433,7506
0.5158371040723982,7507
0.5146726862302483,7508
0.5157657657657657,7509
0.5146067415730337,7510
0.5134529147982063,7511
0.5123042505592841,7512
0.5111607142857143,7513
0.5100222717149221,7514
0.5111111111111111,7515
0.5099778270509978,7516
0.5110619469026548,7517
0.5099337748344371,7518
0.5088105726872246,7519
0.5076923076923077,7520
0.506578947368421,7521
0.5054704595185996,7522
0.5065502183406113,7523
0.5054466230936819,7524
0.5065217391304347,7525
0.5075921908893709,7526
0.5086580086580087,7527
0.509719222462203,7528
0.5107758620689655,7529
0.5096774193548387,7530
0.5107296137339056,7531
0.5117773019271948,7532
0.5128205128205128,7533
0.5138592750533049,7534
0.5127659574468085,7535
0.5138004246284501,7536
0.5148305084745762,7537
0.5158562367864693,7538
0.5147679324894515,7539
0.5157894736842106,7540
0.5147058823529411,7541
0.5157232704402516,7542
0.5146443514644351,7543
0.5156576200417536,7544
0.5145833333333333,7545
0.5135135135135135,7546
0.5145228215767634,7547
0.5134575569358178,7548
0.5144628099173554,7549
0.5154639175257731,7550
0.51440329218107,7551
0.5154004106776181,7552
0.514344262295082,7553
0.5153374233128835,7554
0.5142857142857142,7555
0.515274949083503,7556
0.5142276422764228,7557
0.513184584178499,7558
0.5121457489878543,7559
0.5111111111111111,7560
0.5120967741935484,7561
0.5110663983903421,7562
0.5120481927710844,7563
0.5130260521042084,7564
0.514,7565
0.5149700598802395,7566
0.5159362549800797,7567
0.5149105367793241,7568
0.5158730158730159,7569
0.5168316831683168,7570
0.5158102766798419,7571
0.5167652859960552,7572
0.515748031496063,7573
0.5147347740667977,7574
0.5137254901960784,7575
0.5146771037181996,7576
0.513671875,7577
0.5146198830409356,7578
0.5136186770428015,7579
0.5145631067961165,7580
0.5135658914728682,7581
0.5145067698259188,7582
0.5135135135135135,7583
0.51252408477842,7584
0.5115384615384615,7585
0.510556621880998,7586
0.5114942528735632,7587
0.5124282982791587,7588
0.5114503816793893,7589
0.5104761904761905,7590
0.5114068441064639,7591
0.5123339658444023,7592
0.5132575757575758,7593
0.5122873345935728,7594
0.5132075471698113,7595
0.512241054613936,7596
0.5112781954887218,7597
0.5103189493433395,7598
0.5112359550561798,7599
0.5121495327102804,7600
0.5111940298507462,7601
0.5121042830540037,7602
0.5130111524163569,7603
0.5120593692022264,7604
0.5111111111111111,7605
0.512014787430684,7606
0.5129151291512916,7607
0.5138121546961326,7608
0.5128676470588235,7609
0.5137614678899083,7610
0.5146520146520146,7611
0.5137111517367459,7612
0.5127737226277372,7613
0.5136612021857924,7614
0.5145454545454545,7615
0.5136116152450091,7616
0.5144927536231884,7617
0.5135623869801085,7618
0.5144404332129964,7619
0.5135135135135135,7620
0.512589928057554,7621
0.5116696588868941,7622
0.510752688172043,7623
0.5116279069767442,7624
0.5107142857142857,7625
0.5115864527629234,7626
0.5124555160142349,7627
0.5133214920071048,7628
0.5124113475177305,7629
0.511504424778761,7630
0.5106007067137809,7631
0.5097001763668431,7632
0.5088028169014085,7633
0.507908611599297,7634
0.5087719298245614,7635
0.5078809106830122,7636
0.5087412587412588,7637
0.5095986038394416,7638
0.5104529616724739,7639
0.5095652173913043,7640
0.5086805555555556,7641
0.5095320623916811,7642
0.5086505190311419,7643
0.5094991364421416,7644
0.5103448275862069,7645
0.5094664371772806,7646
0.5085910652920962,7647
0.5077186963979416,7648
0.5068493150684932,7649
0.5076923076923077,7650
0.5085324232081911,7651
0.5076660988074957,7652
0.5085034013605442,7653
0.5093378607809848,7654
0.5084745762711864,7655
0.5093062605752962,7656
0.5101351351351351,7657
0.5092748735244519,7658
0.5084175084175084,7659
0.507563025210084,7660
0.5083892617449665,7661
0.507537688442211,7662
0.5066889632107023,7663
0.5058430717863105,7664
0.5066666666666667,7665
0.5058236272878536,7666
0.5049833887043189,7667
0.5058043117744611,7668
0.5049668874172185,7669
0.5057851239669422,7670
0.5066006600660066,7671
0.5057660626029654,7672
0.506578947368421,7673
0.5057471264367817,7674
0.5065573770491804,7675
0.5073649754500819,7676
0.5081699346405228,7677
0.5073409461663948,7678
0.506514657980456,7679
0.5056910569105691,7680
0.5048701298701299,7681
0.5056726094003241,7682
0.5048543689320388,7683
0.5040387722132472,7684
0.5032258064516129,7685
0.5040257648953301,7686
0.5032154340836013,7687
0.5024077046548957,7688
0.5032051282051282,7689
0.504,7690
0.5047923322683706,7691
0.5055821371610846,7692
0.5063694267515924,7693
0.5071542130365659,7694
0.5079365079365079,7695
0.5071315372424723,7696
0.5063291139240507,7697
0.5071090047393365,7698
0.5078864353312302,7699
0.5086614173228347,7700
0.5094339622641509,7701
0.5102040816326531,7702
0.5094043887147336,7703
0.5101721439749609,7704
0.5109375,7705
0.5117004680187207,7706
0.5109034267912772,7707
0.5116640746500778,7708
0.5124223602484472,7709
0.5116279069767442,7710
0.5108359133126935,7711
0.5100463678516228,7712
0.5092592592592593,7713
0.5100154083204931,7714
0.5107692307692308,7715
0.5099846390168971,7716
0.50920245398773,7717
0.5099540581929556,7718
0.5091743119266054,7719
0.5083969465648855,7720
0.5076219512195121,7721
0.5068493150684932,7722
0.506079027355623,7723
0.5053110773899848,7724
0.5060606060606061,7725
0.5052950075642966,7726
0.5045317220543807,7727
0.5037707390648567,7728
0.5045180722891566,7729
0.5052631578947369,7730
0.506006006006006,7731
0.5067466266866567,7732
0.5074850299401198,7733
0.5082212257100149,7734
0.508955223880597,7735
0.5096870342771982,7736
0.5104166666666666,7737
0.5096582466567607,7738
0.5089020771513353,7739
0.5096296296296297,7740
0.5103550295857988,7741
0.5096011816838996,7742
0.5088495575221239,7743
0.508100147275405,7744
0.5088235294117647,7745
0.5080763582966226,7746
0.5087976539589443,7747
0.5080527086383602,7748
0.5087719298245614,7749
0.5094890510948905,7750
0.5087463556851312,7751
0.5080058224163028,7752
0.5087209302325582,7753
0.5094339622641509,7754
0.5101449275362319,7755
0.5094066570188133,7756
0.5086705202312138,7757
0.5079365079365079,7758
0.5086455331412104,7759
0.5093525179856115,7760
0.5086206896551724,7761
0.509325681492109,7762
0.5100286532951289,7763
0.5092989985693849,7764
0.51,7765
0.5106990014265336,7766
0.5113960113960114,7767
0.5120910384068279,7768
0.5113636363636364,7769
0.5120567375886524,7770
0.5127478753541076,7771
0.5134370579915134,7772
0.5127118644067796,7773
0.5133991537376587,7774
0.5126760563380282,7775
0.5133614627285513,7776
0.5126404494382022,7777
0.5133239831697055,7778
0.5140056022408963,7779
0.5132867132867133,7780
0.5139664804469274,7781
0.5146443514644351,7782
0.5153203342618384,7783
0.5159944367176634,7784
0.5152777777777777,7785
0.5159500693481276,7786
0.5152354570637119,7787
0.5145228215767634,7788
0.5151933701657458,7789
0.5144827586206897,7790
0.5137741046831956,7791
0.5130674002751031,7792
0.5137362637362637,7793
0.5130315500685871,7794
0.5136986301369864,7795
0.5143638850889193,7796
0.5150273224043715,7797
0.514324693042292,7798
0.5149863760217984,7799
0.5156462585034014,7800
0.5163043478260869,7801
0.5169606512890095,7802
0.516260162601626,7803
0.5155615696887687,7804
0.5148648648648648,7805
0.5155195681511471,7806
0.5148247978436657,7807
0.5154777927321669,7808
0.5161290322580645,7809
0.5167785234899329,7810
0.517426273458445,7811
0.5180722891566265,7812
0.5187165775401069,7813
0.5180240320427236,7814
0.5173333333333333,7815
0.5179760319573902,7816
0.5186170212765957,7817
0.5179282868525896,7818
0.5185676392572944,7819
0.5178807947019868,7820
0.5185185185185185,7821
0.5191545574636723,7822
0.5184696569920845,7823
0.5191040843214756,7824
0.5184210526315789,7825
0.5177398160315374,7826
0.5183727034120735,7827
0.5190039318479686,7828
0.518324607329843,7829
0.5176470588235295,7830
0.5182767624020888,7831
0.5176010430247718,7832
0.5169270833333334,7833
0.517555266579974,7834
0.5168831168831168,7835
0.51621271076524,7836
0.5168393782383419,7837
0.5161707632600259,7838
0.5167958656330749,7839
0.5161290322580645,7840
0.5167525773195877,7841
0.5160875160875161,7842
0.5167095115681234,7843
0.5173299101412067,7844
0.5166666666666667,7845
0.5172855313700384,7846
0.5166240409207161,7847
0.5159642401021711,7848
0.5165816326530612,7849
0.5159235668789809,7850
0.5165394402035624,7851
0.5158831003811944,7852
0.5152284263959391,7853
0.514575411913815,7854
0.5139240506329114,7855
0.5145385587863464,7856
0.5138888888888888,7857
0.5132408575031526,7858
0.5138539042821159,7859
0.5144654088050314,7860
0.5150753768844221,7861
0.5144291091593476,7862
0.5150375939849624,7863
0.5143929912390488,7864
0.515,7865
0.5143570536828964,7866
0.513715710723192,7867
0.5130759651307597,7868
0.5124378109452736,7869
0.5130434782608696,7870
0.5124069478908189,7871
0.5130111524163569,7872
0.5136138613861386,7873
0.5129789864029666,7874
0.5135802469135803,7875
0.5129469790382244,7876
0.5123152709359606,7877
0.5129151291512916,7878
0.5122850122850123,7879
0.5116564417177915,7880
0.5122549019607843,7881
0.5116279069767442,7882
0.511002444987775,7883
0.5115995115995116,7884
0.5109756097560976,7885
0.5115712545676004,7886
0.5109489051094891,7887
0.511543134872418,7888
0.5109223300970874,7889
0.5115151515151515,7890
0.5108958837772397,7891
0.5102781136638452,7892
0.5096618357487923,7893
0.5102533172496985,7894
0.5096385542168674,7895
0.5102286401925391,7896
0.5108173076923077,7897
0.5102040816326531,7898
0.5095923261390888,7899
0.5089820359281437,7900
0.5095693779904307,7901
0.5101553166069295,7902
0.5095465393794749,7903
0.5089392133492253,7904
0.5083333333333333,7905
0.5089179548156956,7906
0.5095011876484561,7907
0.5100830367734283,7908
0.509478672985782,7909
0.5100591715976331,7910
0.5094562647754137,7911
0.5088547815820543,7912
0.5094339622641509,7913
0.5100117785630153,7914
0.5105882352941177,7915
0.5099882491186839,7916
0.5105633802816901,7917
0.511137162954279,7918
0.5105386416861827,7919
0.5111111111111111,7920
0.5116822429906542,7921
0.5110851808634772,7922
0.5104895104895105,7923
0.509895227008149,7924
0.5104651162790698,7925
0.5098722415795587,7926
0.5104408352668214,7927
0.5110081112398609,7928
0.5104166666666666,7929
0.5109826589595375,7930
0.5103926096997691,7931
0.5098039215686274,7932
0.5092165898617511,7933
0.5086306098964327,7934
0.5080459770114942,7935
0.5086107921928817,7936
0.5080275229357798,7937
0.5074455899198167,7938
0.5080091533180778,7939
0.5074285714285715,7940
0.5079908675799086,7941
0.507411630558723,7942
0.5079726651480638,7943
0.5073947667804323,7944
0.5068181818181818,7945
0.5073779795686719,7946
0.5068027210884354,7947
0.507361268403171,7948
0.5079185520361991,7949
0.5073446327683616,7950
0.5067720090293454,7951
0.5062006764374295,7952
0.5067567567567568,7953
0.5073115860517435,7954
0.5078651685393258,7955
0.5084175084175084,7956
0.507847533632287,7957
0.5083986562150056,7958
0.5078299776286354,7959
0.5072625698324023,7960
0.5066964285714286,7961
0.5072463768115942,7962
0.5077951002227171,7963
0.5072302558398221,7964
0.5066666666666667,7965
0.5072142064372919,7966
0.5077605321507761,7967
0.5071982281284607,7968
0.5066371681415929,7969
0.507182320441989,7970
0.5066225165562914,7971
0.5060639470782801,7972
0.5055066079295154,7973
0.506050605060506,7974
0.5054945054945055,7975
0.5049396267837541,7976
0.5054824561403509,7977
0.5060240963855421,7978
0.5054704595185996,7979
0.5049180327868853,7980
0.5043668122270742,7981
0.5038167938931297,7982
0.5032679738562091,7983
0.5027203482045702,7984
0.5032608695652174,7985
0.503800217155266,7986
0.5032537960954447,7987
0.5037919826652221,7988
0.5032467532467533,7989
0.5027027027027027,7990
0.5021598272138229,7991
0.5026968716289104,7992
0.5032327586206896,7993
0.5026910656620022,7994
0.5032258064516129,7995
0.5037593984962406,7996
0.5042918454935622,7997
0.5037513397642015,7998
0.5032119914346895,7999
0.5037433155080214,8000
0.5032051282051282,8001
0.503735325506937,8002
0.5042643923240938,8003
0.503727369542066,8004
0.5031914893617021,8005
0.5026567481402763,8006
0.5021231422505308,8007
0.5026511134676565,8008
0.503177966101695,8009
0.5026455026455027,8010
0.5031712473572939,8011
0.5036958817317846,8012
0.5031645569620253,8013
0.5036880927291886,8014
0.5031578947368421,8015
0.5026288117770767,8016
0.5031512605042017,8017
0.5036726128016789,8018
0.5031446540880503,8019
0.5036649214659686,8020
0.5031380753138075,8021
0.5036572622779519,8022
0.5041753653444676,8023
0.5036496350364964,8024
0.503125,8025
0.5026014568158168,8026
0.5031185031185031,8027
0.5025960539979232,8028
0.5031120331950207,8029
0.5025906735751295,8030
0.5020703933747412,8031
0.5025853154084798,8032
0.5020661157024794,8033
0.5025799793601651,8034
0.5030927835051546,8035
0.5036045314109165,8036
0.5041152263374485,8037
0.5046248715313464,8038
0.5051334702258727,8039
0.5056410256410256,8040
0.5051229508196722,8041
0.5046059365404298,8042
0.5040899795501023,8043
0.5035750766087844,8044
0.5040816326530613,8045
0.5045871559633027,8046
0.505091649694501,8047
0.5055951169888098,8048
0.5050813008130082,8049
0.5055837563451777,8050
0.5060851926977687,8051
0.5055724417426545,8052
0.5060728744939271,8053
0.506572295247725,8054
0.5070707070707071,8055
0.5075681130171544,8056
0.5080645161290323,8057
0.5085599194360524,8058
0.5080482897384306,8059
0.5085427135678392,8060
0.5080321285140562,8061
0.5085255767301906,8062
0.5080160320641283,8063
0.5085085085085085,8064
0.508,8065
0.5074925074925075,8066
0.5079840319361277,8067
0.5074775672981057,8068
0.5079681274900398,8069
0.5084577114427861,8070
0.5089463220675944,8071
0.5094339622641509,8072
0.5089285714285714,8073
0.5094152626362736,8074
0.5099009900990099,8075
0.5103857566765578,8076
0.5098814229249012,8077
0.5093780848963475,8078
0.5088757396449705,8079
0.50935960591133,8080
0.5088582677165354,8081
0.5083579154375615,8082
0.5078585461689588,8083
0.5083415112855741,8084
0.5088235294117647,8085
0.5093046033300686,8086
0.5097847358121331,8087
0.509286412512219,8088
0.5087890625,8089
0.5082926829268293,8090
0.5087719298245614,8091
0.5082765335929893,8092
0.5077821011673151,8093
0.5082604470359572,8094
0.5087378640776699,8095
0.5092143549951503,8096
0.5096899224806202,8097
0.5091965150048403,8098
0.5087040618955513,8099
0.5082125603864734,8100
0.5077220077220077,8101
0.5081967213114754,8102
0.5077071290944123,8103
0.5081809432146295,8104
0.5086538461538461,8105
0.5091258405379443,8106
0.5095969289827256,8107
0.5091083413231065,8108
0.5095785440613027,8109
0.5100478468899522,8110
0.5095602294455067,8111
0.5090735434574976,8112
0.5095419847328244,8113
0.5100095328884652,8114
0.5095238095238095,8115
0.5099904852521409,8116
0.5104562737642585,8117
0.5109211775878443,8118
0.5113851992409867,8119
0.5109004739336492,8120
0.5104166666666666,8121
0.5099337748344371,8122
0.5103969754253308,8123
0.509915014164306,8124
0.5103773584905661,8125
0.5108388312912346,8126
0.5112994350282486,8127
0.5117591721542804,8128
0.5112781954887218,8129
0.5117370892018779,8130
0.5112570356472795,8131
0.5117150890346767,8132
0.5121722846441947,8133
0.5126286248830683,8134
0.5130841121495328,8135
0.5135387488328664,8136
0.5139925373134329,8137
0.5135135135135135,8138
0.5130353817504656,8139
0.5134883720930232,8140
0.5139405204460966,8141
0.5134633240482822,8142
0.5139146567717996,8143
0.5143651529193698,8144
0.5148148148148148,8145
0.515263644773358,8146
0.5147874306839186,8147
0.5152354570637119,8148
0.514760147601476,8149
0.5142857142857142,8150
0.5147329650092081,8151
0.5142594296228151,8152
0.5147058823529411,8153
0.5142332415059688,8154
0.5146788990825688,8155
0.5142071494042163,8156
0.5146520146520146,8157
0.5141811527904849,8158
0.5146252285191956,8159
0.5141552511415525,8160
0.5136861313868614,8161
0.5132178669097539,8162
0.5127504553734062,8163
0.5122838944494995,8164
0.5127272727272727,8165
0.5122615803814714,8166
0.5117967332123412,8167
0.5113327289211242,8168
0.5108695652173914,8169
0.5104072398190045,8170
0.5108499095840868,8171
0.5103884372177055,8172
0.509927797833935,8173
0.5103697024346258,8174
0.5099099099099099,8175
0.5103510351035103,8176
0.5107913669064749,8177
0.5112309074573226,8178
0.5116696588868941,8179
0.5112107623318386,8180
0.5116487455197133,8181
0.5120859444941809,8182
0.5116279069767442,8183
0.5111706881143878,8184
0.5116071428571428,8185
0.5111507582515611,8186
0.5115864527629234,8187
0.5120213713268033,8188
0.5124555160142349,8189
0.512,8190
0.5124333925399644,8191
0.5119787045252884,8192
0.5115248226950354,8193
0.5119574844995571,8194
0.5123893805309735,8195
0.5128205128205128,8196
0.5132508833922261,8197
0.5127978817299206,8198
0.5123456790123457,8199
0.5127753303964758,8200
0.5123239436619719,8201
0.5118733509234829,8202
0.5123022847100176,8203
0.5127304653204565,8204
0.5131578947368421,8205
0.5135845749342682,8206
0.5140105078809106,8207
0.5135608048993876,8208
0.5131118881118881,8209
0.5126637554585153,8210
0.5130890052356021,8211
0.5126416739319966,8212
0.5130662020905923,8213
0.5134899912967799,8214
0.5130434782608696,8215
0.5134665508253693,8216
0.5138888888888888,8217
0.5134431916738942,8218
0.5138648180242634,8219
0.5134199134199134,8220
0.5129757785467128,8221
0.5125324114088159,8222
0.5129533678756477,8223
0.5133735979292493,8224
0.5129310344827587,8225
0.5133505598621878,8226
0.5129087779690189,8227
0.5124677558039553,8228
0.5128865979381443,8229
0.5133047210300429,8230
0.5137221269296741,8231
0.5141388174807198,8232
0.514554794520548,8233
0.5149700598802395,8234
0.5145299145299145,8235
0.5149444918872759,8236
0.515358361774744,8237
0.5157715260017051,8238
0.5153321976149915,8239
0.5157446808510638,8240
0.516156462585034,8241
0.5157179269328802,8242
0.5161290322580645,8243
0.5165394402035624,8244
0.5169491525423728,8245
0.5165114309906859,8246
0.5160744500846024,8247
0.5164835164835165,8248
0.5168918918918919,8249
0.5164556962025316,8250
0.5168634064080945,8251
0.5164279696714406,8252
0.5168350168350169,8253
0.5172413793103449,8254
0.5176470588235295,8255
0.5172124265323258,8256
0.5176174496644296,8257
0.5180217937971501,8258
0.518425460636516,8259
0.5179916317991632,8260
0.5183946488294314,8261
0.518796992481203,8262
0.5191986644407346,8263
0.5195996663886572,8264
0.5191666666666667,8265
0.5195670274771024,8266
0.5199667221297837,8267
0.5195344970906068,8268
0.5199335548172758,8269
0.5195020746887967,8270
0.5199004975124378,8271
0.5194697597348799,8272
0.5190397350993378,8273
0.5186104218362283,8274
0.5181818181818182,8275
0.5177539223781998,8276
0.5181518151815182,8277
0.517724649629019,8278
0.5172981878088962,8279
0.516872427983539,8280
0.5172697368421053,8281
0.5168447000821693,8282
0.5172413793103449,8283
0.51681706316653,8284
0.5163934426229508,8285
0.5167895167895168,8286
0.5171849427168577,8287
0.517579721995094,8288
0.5179738562091504,8289
0.5183673469387755,8290
0.5187601957585645,8291
0.5191524042379788,8292
0.5195439739413681,8293
0.5199349064279902,8294
0.5195121951219512,8295
0.5190901705930138,8296
0.5194805194805194,8297
0.5198702351987023,8298
0.520259319286872,8299
0.5198380566801619,8300
0.5202265372168284,8301
0.5198059822150364,8302
0.5193861066235864,8303
0.5189669087974172,8304
0.5193548387096775,8305
0.5189363416599516,8306
0.5185185185185185,8307
0.5181013676588898,8308
0.5184887459807074,8309
0.5188755020080321,8310
0.5192616372391653,8311
0.5188452285485164,8312
0.5192307692307693,8313
0.5196156925540433,8314
0.5192,8315
0.5195843325339728,8316
0.5199680511182109,8317
0.5195530726256983,8318
0.5191387559808612,8319
0.5187250996015936,8320
0.518312101910828,8321
0.5186953062848051,8322
0.5190779014308426,8323
0.5186656076250993,8324
0.5190476190476191,8325
0.5194290245836638,8326
0.5190174326465927,8327
0.5193982581155978,8328
0.5197784810126582,8329
0.5193675889328063,8330
0.518957345971564,8331
0.5193370165745856,8332
0.5197160883280757,8333
0.5200945626477541,8334
0.5204724409448819,8335
0.5208497246262785,8336
0.5212264150943396,8337
0.5216025137470542,8338
0.521193092621664,8339
0.5207843137254902,8340
0.5211598746081505,8341
0.5207517619420516,8342
0.5211267605633803,8343
0.5207193119624707,8344
0.52109375,8345
0.5206869633099142,8346
0.5202808112324493,8347
0.5206547155105222,8348
0.5202492211838006,8349
0.5198443579766537,8350
0.5202177293934681,8351
0.5198135198135199,8352
0.5194099378881988,8353
0.5190069821567106,8354
0.5193798449612403,8355
0.5189775367931836,8356
0.5185758513931888,8357
0.5189481825212684,8358
0.5193199381761978,8359
0.518918918918919,8360
0.5192901234567902,8361
0.5188897455666923,8362
0.5192604006163328,8363
0.5196304849884527,8364
0.5192307692307693,8365
0.5188316679477325,8366
0.5192012288786483,8367
0.5188027628549501,8368
0.5184049079754601,8369
0.5187739463601533,8370
0.5191424196018377,8371
0.5187452180566182,8372
0.518348623853211,8373
0.5179526355996944,8374
0.518320610687023,8375
0.5186880244088482,8376
0.5182926829268293,8377
0.5186595582635186,8378
0.5190258751902588,8379
0.5193916349809886,8380
0.5189969604863222,8381
0.5193621867881549,8382
0.5189681335356601,8383
0.5185746777862017,8384
0.5181818181818182,8385
0.5185465556396669,8386
0.518910741301059,8387
0.5192743764172335,8388
0.5196374622356495,8389
0.519245283018868,8390
0.5196078431372549,8391
0.5199698568198945,8392
0.5203313253012049,8393
0.5206922498118887,8394
0.5210526315789473,8395
0.521412471825695,8396
0.5217717717717718,8397
0.5213803450862715,8398
0.5217391304347826,8399
0.5220973782771535,8400
0.5217065868263473,8401
0.5220643231114436,8402
0.5224215246636771,8403
0.5227781926811053,8404
0.5231343283582089,8405
0.5234899328859061,8406
0.5238450074515648,8407
0.5241995532390171,8408
0.5238095238095238,8409
0.5234200743494424,8410
0.5237741456166419,8411
0.5233853006681515,8412
0.5237388724035609,8413
0.5233506300963677,8414
0.5237037037037037,8415
0.5233160621761658,8416
0.5236686390532544,8417
0.5232815964523282,8418
0.5236336779911374,8419
0.5232472324723247,8420
0.523598820058997,8421
0.5232129697862933,8422
0.5235640648011782,8423
0.5239146431199412,8424
0.5235294117647059,8425
0.5231447465099192,8426
0.5234948604992657,8427
0.5238444607483492,8428
0.5241935483870968,8429
0.5238095238095238,8430
0.5234260614934114,8431
0.5230431602048281,8432
0.5226608187134503,8433
0.5230094959824689,8434
0.5233576642335767,8435
0.5237053245805982,8436
0.5240524781341108,8437
0.5236707938820102,8438
0.5240174672489083,8439
0.5236363636363637,8440
0.5232558139534884,8441
0.5228758169934641,8442
0.52322206095791,8443
0.52356780275562,8444
0.5239130434782608,8445
0.5242577842143374,8446
0.5238784370477568,8447
0.5242227042660882,8448
0.5245664739884393,8449
0.524187725631769,8450
0.5245310245310245,8451
0.524873828406633,8452
0.5244956772334294,8453
0.5248380129589633,8454
0.5244604316546763,8455
0.5248023005032351,8456
0.5251436781609196,8457
0.5247666905958364,8458
0.5251076040172167,8459
0.5254480286738351,8460
0.5250716332378224,8461
0.525411596277738,8462
0.5257510729613734,8463
0.5253752680486061,8464
0.5257142857142857,8465
0.5260528194147038,8466
0.5256776034236804,8467
0.5253029223093372,8468
0.5249287749287749,8469
0.5245551601423487,8470
0.5241820768136558,8471
0.5245202558635395,8472
0.5248579545454546,8473
0.524485450674237,8474
0.524113475177305,8475
0.5244507441530829,8476
0.5247875354107648,8477
0.524416135881104,8478
0.5240452616690241,8479
0.5236749116607774,8480
0.5233050847457628,8481
0.5229357798165137,8482
0.5225669957686883,8483
0.5229034531360113,8484
0.5232394366197183,8485
0.5235749472202674,8486
0.5232067510548524,8487
0.5235418130709768,8488
0.5231741573033708,8489
0.5235087719298246,8490
0.5231416549789621,8491
0.5227750525578136,8492
0.5224089635854342,8493
0.5227431770468859,8494
0.5230769230769231,8495
0.5234102026554857,8496
0.5237430167597765,8497
0.5233775296580601,8498
0.5237099023709902,8499
0.5240418118466899,8500
0.5243732590529248,8501
0.524008350730689,8502
0.5243393602225312,8503
0.5246699096594858,8504
0.5243055555555556,8505
0.5239417071478141,8506
0.5242718446601942,8507
0.5239085239085239,8508
0.5242382271468145,8509
0.5238754325259516,8510
0.5242047026279392,8511
0.5238424326192122,8512
0.5234806629834254,8513
0.5238095238095238,8514
0.523448275862069,8515
0.5230875258442453,8516
0.5234159779614325,8517
0.5237439779766001,8518
0.5233837689133425,8519
0.5237113402061856,8520
0.5233516483516484,8521
0.5229924502402197,8522
0.5233196159122085,8523
0.522960932145305,8524
0.5226027397260274,8525
0.5229295003422314,8526
0.5232558139534884,8527
0.5228981544771019,8528
0.523224043715847,8529
0.5228668941979522,8530
0.5231923601637107,8531
0.5228357191547376,8532
0.5224795640326976,8533
0.5221238938053098,8534
0.5224489795918368,8535
0.522093813732155,8536
0.5224184782608695,8537
0.5227427019687713,8538
0.5230664857530529,8539
0.5233898305084745,8540
0.5230352303523035,8541
0.5226811103588355,8542
0.5223274695534507,8543
0.5226504394861393,8544
0.522972972972973,8545
0.5232950708980418,8546
0.5236167341430499,8547
0.523937963587323,8548
0.5242587601078167,8549
0.5245791245791246,8550
0.5242261103633916,8551
0.5238735709482178,8552
0.5235215053763441,8553
0.5238415043653458,8554
0.5234899328859061,8555
0.5238095238095238,8556
0.5234584450402144,8557
0.5231078365706631,8558
0.5234270414993306,8559
0.5237458193979934,8560
0.5233957219251337,8561
0.5230460921843687,8562
0.5226969292389854,8563
0.5230153435623749,8564
0.5233333333333333,8565
0.5236508994003998,8566
0.5233022636484687,8567
0.5229540918163673,8568
0.5226063829787234,8569
0.5229235880398672,8570
0.5225763612217795,8571
0.5228931652289317,8572
0.5225464190981433,8573
0.5222001325381047,8574
0.5225165562913907,8575
0.5221707478491066,8576
0.5218253968253969,8577
0.5214805023132849,8578
0.5217965653896962,8579
0.5214521452145214,8580
0.5217678100263852,8581
0.5220830586684245,8582
0.5223978919631094,8583
0.5227123107307439,8584
0.5230263157894737,8585
0.5233399079552926,8586
0.5229960578186597,8587
0.5233092580433355,8588
0.5229658792650919,8589
0.5232786885245901,8590
0.5235910878112713,8591
0.5239030779305829,8592
0.5242146596858639,8593
0.5238718116415958,8594
0.5241830065359477,8595
0.5244937949052907,8596
0.5241514360313316,8597
0.5238095238095238,8598
0.5241199478487614,8599
0.5237785016286645,8600
0.5240885416666666,8601
0.5243981782693559,8602
0.5247074122236671,8603
0.5250162443144899,8604
0.5246753246753246,8605
0.5249837767683323,8606
0.5252918287937743,8607
0.5249513933895009,8608
0.5246113989637305,8609
0.5249190938511327,8610
0.5245795601552393,8611
0.524240465416936,8612
0.5239018087855297,8613
0.5242091672046482,8614
0.5238709677419355,8615
0.5241779497098646,8616
0.5244845360824743,8617
0.5247907276239536,8618
0.5244530244530244,8619
0.5241157556270096,8620
0.5237789203084833,8621
0.5240847784200385,8622
0.5237483953786907,8623
0.5240538806927517,8624
0.5243589743589744,8625
0.5246636771300448,8626
0.5243277848911652,8627
0.5246321177223289,8628
0.5249360613810742,8629
0.5252396166134186,8630
0.5255427841634738,8631
0.5252074026802808,8632
0.5255102040816326,8633
0.5258126195028681,8634
0.5254777070063694,8635
0.5251432208784214,8636
0.5254452926208651,8637
0.5257469802924348,8638
0.5260482846251588,8639
0.5263492063492063,8640
0.5260152284263959,8641
0.5263157894736842,8642
0.526615969581749,8643
0.526282457251425,8644
0.5265822784810127,8645
0.5262492093611638,8646
0.5265486725663717,8647
0.5262160454832596,8648
0.5265151515151515,8649
0.5261829652996846,8650
0.5258511979823455,8651
0.5261499684940139,8652
0.5258186397984886,8653
0.5254877281309,8654
0.5251572327044025,8655
0.5254556882463859,8656
0.5257537688442211,8657
0.5254237288135594,8658
0.5257214554579673,8659
0.5260188087774295,8660
0.5256892230576441,8661
0.5259862241703194,8662
0.5256570713391739,8663
0.525328330206379,8664
0.525,8665
0.5246720799500312,8666
0.5249687890137328,8667
0.5252651278852152,8668
0.5249376558603491,8669
0.5246105919003116,8670
0.524906600249066,8671
0.5252022401991289,8672
0.525497512437811,8673
0.5257924176507147,8674
0.5254658385093167,8675
0.5257603972687771,8676
0.5260545905707196,8677
0.5257284562926224,8678
0.5254027261462205,8679
0.5256965944272446,8680
0.5253712871287128,8681
0.525664811379097,8682
0.5259579728059333,8683
0.525633106856084,8684
0.5259259259259259,8685
0.5256014805675508,8686
0.5258939580764488,8687
0.5255699322242761,8688
0.5258620689655172,8689
0.5255384615384615,8690
0.525830258302583,8691
0.5255070682237246,8692
0.5251842751842751,8693
0.5248618784530387,8694
0.5245398773006135,8695
0.5248313917841815,8696
0.5245098039215687,8697
0.5248009797917943,8698
0.5244798041615667,8699
0.5241590214067279,8700
0.523838630806846,8701
0.5235186316432499,8702
0.5238095238095238,8703
0.5241000610128127,8704
0.5237804878048781,8705
0.5234613040828763,8706
0.523142509135201,8707
0.5234327449786975,8708
0.5231143552311436,8709
0.5227963525835866,8710
0.523086269744836,8711
0.5227686703096539,8712
0.5230582524271845,8713
0.5227410551849606,8714
0.5230303030303031,8715
0.5233192004845548,8716
0.5236077481840193,8717
0.5232909860859044,8718
0.5235792019347038,8719
0.5232628398791541,8720
0.5235507246376812,8721
0.5232347616173808,8722
0.52291917973462,8723
0.5232067510548524,8724
0.5234939759036145,8725
0.5237808549066827,8726
0.5234657039711191,8727
0.523752254960914,8728
0.5234375,8729
0.5231231231231231,8730
0.5228091236494598,8731
0.52249550089982,8732
0.5227817745803357,8733
0.5230677052127022,8734
0.5233532934131736,8735
0.5230400957510473,8736
0.5227272727272727,8737
0.5230125523012552,8738
0.5232974910394266,8739
0.5229850746268657,8740
0.5232696897374701,8741
0.5235539654144306,8742
0.5238379022646007,8743
0.5241215008933889,8744
0.5244047619047619,8745
0.5246876859012493,8746
0.5243757431629013,8747
0.5240641711229946,8748
0.5237529691211401,8749
0.5240356083086053,8750
0.5243179122182681,8751
0.5240071132187315,8752
0.523696682464455,8753
0.5239786856127886,8754
0.5242603550295858,8755
0.524541691306919,8756
0.524822695035461,8757
0.5251033668044891,8758
0.525383707201889,8759
0.5256637168141592,8760
0.5253537735849056,8761
0.525633470830878,8762
0.5259128386336867,8763
0.5256032960565038,8764
0.5252941176470588,8765
0.5255731922398589,8766
0.5258519388954171,8767
0.5255431591309454,8768
0.5258215962441315,8769
0.5255131964809384,8770
0.5257913247362251,8771
0.5254833040421792,8772
0.525175644028103,8773
0.5254534815681685,8774
0.5257309941520468,8775
0.5254237288135594,8776
0.5251168224299065,8777
0.524810274372446,8778
0.5250875145857643,8779
0.5247813411078717,8780
0.5250582750582751,8781
0.5253348864298194,8782
0.5250291036088475,8783
0.5247236765561373,8784
0.5244186046511627,8785
0.5241138872748402,8786
0.524390243902439,8787
0.5246662797446314,8788
0.5243619489559165,8789
0.5246376811594203,8790
0.5249130938586327,8791
0.5251881876085698,8792
0.5254629629629629,8793
0.5257374204742625,8794
0.5260115606936416,8795
0.5262853841709995,8796
0.5265588914549654,8797
0.5262550490478938,8798
0.5259515570934256,8799
0.5256484149855908,8800
0.5253456221198156,8801
0.5250431778929189,8802
0.5253164556962026,8803
0.5250143760782059,8804
0.524712643678161,8805
0.5244112578977599,8806
0.5241102181400689,8807
0.5243832472748136,8808
0.5246559633027523,8809
0.5249283667621777,8810
0.5252004581901489,8811
0.5254722381224957,8812
0.5257437070938215,8813
0.5254431103487708,8814
0.5257142857142857,8815
0.5254140491147915,8816
0.5256849315068494,8817
0.5253850541928123,8818
0.5250855188141391,8819
0.5247863247863248,8820
0.5250569476082004,8821
0.5247581104154809,8822
0.5244596131968146,8823
0.5241614553723707,8824
0.5244318181818182,8825
0.5241340147643384,8826
0.5238365493757094,8827
0.5241066364152014,8828
0.5243764172335601,8829
0.5246458923512748,8830
0.5243488108720272,8831
0.5246179966044142,8832
0.5248868778280543,8833
0.5251554550593556,8834
0.5248587570621469,8835
0.5251270468661773,8836
0.5253950338600452,8837
0.5250987027636774,8838
0.5253664036076663,8839
0.5256338028169014,8840
0.5253378378378378,8841
0.5250422059651098,8842
0.5247469066366705,8843
0.524451939291737,8844
0.5247191011235955,8845
0.5244244806288602,8846
0.5246913580246914,8847
0.5243970835670219,8848
0.5246636771300448,8849
0.5249299719887955,8850
0.5251959686450168,8851
0.5249020705092333,8852
0.5246085011185683,8853
0.524315259921744,8854
0.5245810055865922,8855
0.52428810720268,8856
0.5245535714285714,8857
0.5248187395426659,8858
0.5250836120401338,8859
0.5253481894150418,8860
0.5256124721603563,8861
0.5258764607679466,8862
0.5255839822024472,8863
0.5258476931628683,8864
0.5261111111111111,8865
0.5263742365352582,8866
0.5260821309655938,8867
0.526344980587909,8868
0.5266075388026608,8869
0.5268698060941829,8870
0.526578073089701,8871
0.5268400664084117,8872
0.5271017699115044,8873
0.527363184079602,8874
0.5270718232044199,8875
0.5267807840971839,8876
0.5264900662251656,8877
0.5267512410369554,8878
0.5264608599779493,8879
0.5267217630853994,8880
0.526431718061674,8881
0.5266923500275179,8882
0.5269526952695269,8883
0.5266630016492578,8884
0.5269230769230769,8885
0.5271828665568369,8886
0.5274423710208562,8887
0.5277015907844212,8888
0.5279605263157895,8889
0.5282191780821918,8890
0.5284775465498357,8891
0.5281882868089764,8892
0.5284463894967177,8893
0.5281574630945872,8894
0.5278688524590164,8895
0.527580557072638,8896
0.527292576419214,8897
0.5270049099836334,8898
0.5272628135223555,8899
0.5275204359673025,8900
0.5277777777777778,8901
0.528034839412085,8902
0.5277475516866159,8903
0.5274605764002175,8904
0.5277173913043478,8905
0.5274307441607822,8906
0.5276872964169381,8907
0.5279435702658709,8908
0.5276572668112798,8909
0.5279132791327913,8910
0.5276273022751896,8911
0.5273416350839198,8912
0.5275974025974026,8913
0.5278528934559221,8914
0.5275675675675676,8915
0.5272825499729876,8916
0.5275377969762419,8917
0.5277927684835402,8918
0.5275080906148867,8919
0.5272237196765499,8920
0.5274784482758621,8921
0.5277329025309639,8922
0.527448869752422,8923
0.5271651425497579,8924
0.5268817204301075,8925
0.5271359484148307,8926
0.527389903329753,8927
0.5276435856146001,8928
0.5273605150214592,8929
0.5276139410187668,8930
0.5273311897106109,8931
0.5275843599357257,8932
0.5278372591006424,8933
0.5280898876404494,8934
0.5278074866310161,8935
0.5275253874933191,8936
0.5272435897435898,8937
0.5269620928990923,8938
0.5266808964781217,8939
0.5269333333333334,8940
0.5266524520255863,8941
0.5269046350559403,8942
0.5266240681576145,8943
0.5263437998935604,8944
0.5260638297872341,8945
0.5257841573631047,8946
0.5260361317747078,8947
0.5262878385554965,8948
0.5260084925690022,8949
0.5262599469496021,8950
0.5265111346765642,8951
0.5267620561738209,8952
0.5264830508474576,8953
0.5267337215457915,8954
0.526984126984127,8955
0.5267054468535166,8956
0.5264270613107822,8957
0.526148969889065,8958
0.5263991552270327,8959
0.5261213720316623,8960
0.5263713080168776,8961
0.5260938323668951,8962
0.5258166491043204,8963
0.5255397577672459,8964
0.5257894736842105,8965
0.5255128879537085,8966
0.5257623554153522,8967
0.5254860746190226,8968
0.5257352941176471,8969
0.525984251968504,8970
0.5262329485834207,8971
0.5264813843733613,8972
0.5262054507337526,8973
0.5259298061812467,8974
0.5261780104712042,8975
0.5264259549973835,8976
0.5266736401673641,8977
0.5269210663878725,8978
0.5266457680250783,8979
0.5263707571801567,8980
0.5260960334029228,8981
0.5258215962441315,8982
0.5255474452554745,8983
0.525794684731631,8984
0.5260416666666666,8985
0.5262883914627798,8986
0.5265348595213319,8987
0.5267810712428497,8988
0.527027027027027,8989
0.5272727272727272,8990
0.5269989615784009,8991
0.527244421380384,8992
0.5274896265560166,8993
0.5272161741835147,8994
0.5274611398963731,8995
0.5271879854997411,8996
0.5269151138716356,8997
0.5266425245732023,8998
0.5263702171664943,8999
0.5266149870801033,9000
0.5268595041322314,9001
0.5271037687145069,9002
0.5268317853457173,9003
0.5270758122743683,9004
0.527319587628866,9005
0.527047913446677,9006
0.5272914521112255,9007
0.5270200720535255,9008
0.5272633744855967,9009
0.5275064267352185,9010
0.527235354573484,9011
0.5269645608628659,9012
0.5272073921971252,9013
0.5269368907131863,9014
0.5266666666666666,9015
0.5263967196309585,9016
0.5261270491803278,9017
0.5263696876600102,9018
0.5266120777891504,9019
0.5263427109974425,9020
0.5265848670756647,9021
0.5263157894736842,9022
0.5265577119509703,9023
0.5262889229198571,9024
0.5265306122448979,9025
0.5262621111677716,9026
0.5259938837920489,9027
0.5262353540499236,9028
0.5259674134419552,9029
0.5256997455470738,9030
0.525940996948118,9031
0.5256736146415861,9032
0.5259146341463414,9033
0.5256475368207212,9034
0.5253807106598984,9035
0.5256215119228818,9036
0.5258620689655172,9037
0.5261023821591485,9038
0.5263424518743668,9039
0.5260759493670886,9040
0.5263157894736842,9041
0.5260495700556399,9042
0.5257836198179979,9043
0.5255179383527034,9044
0.5257575757575758,9045
0.5259969712266532,9046
0.5262361251261353,9047
0.5264750378214826,9048
0.5262096774193549,9049
0.5264483627204031,9050
0.526183282980866,9051
0.5264217413185707,9052
0.5266599597585513,9053
0.526395173453997,9054
0.5261306532663317,9055
0.5258663987945756,9056
0.5256024096385542,9057
0.5253386853988962,9058
0.5255767301905717,9059
0.5253132832080201,9060
0.5255511022044088,9061
0.5252879318978467,9062
0.525025025025025,9063
0.5247623811905953,9064
0.525,9065
0.5247376311844077,9066
0.5244755244755245,9067
0.5247129306040939,9068
0.5244510978043913,9069
0.5246882793017457,9070
0.5244267198404786,9071
0.5246636771300448,9072
0.524402390438247,9073
0.5241413638626182,9074
0.5243781094527363,9075
0.5246146195922426,9076
0.5248508946322068,9077
0.5245901639344263,9078
0.5248262164846077,9079
0.5250620347394541,9080
0.5252976190476191,9081
0.5250371839365394,9082
0.5252725470763132,9083
0.5250123823675087,9084
0.5247524752475248,9085
0.5244928253339931,9086
0.5242334322453017,9087
0.5239742956005932,9088
0.5242094861660079,9089
0.5239506172839506,9090
0.5241855873642646,9091
0.5244203256043414,9092
0.52465483234714,9093
0.5248891079349434,9094
0.5251231527093596,9095
0.5248645987198425,9096
0.5250984251968503,9097
0.5248401377274963,9098
0.5250737463126843,9099
0.5248157248157248,9100
0.525049115913556,9101
0.5252822778595975,9102
0.5250245338567223,9103
0.5247670426679745,9104
0.525,9105
0.5247427731504165,9106
0.524975514201763,9107
0.5252080274106706,9108
0.525440313111546,9109
0.5256723716381418,9110
0.5254154447702835,9111
0.5251587689301417,9112
0.525390625,9113
0.5256222547584187,9114
0.5253658536585366,9115
0.5255972696245734,9116
0.5253411306042886,9117
0.5250852411105699,9118
0.5253164556962026,9119
0.5250608272506083,9120
0.5248054474708171,9121
0.5250364608653378,9122
0.5247813411078717,9123
0.5250121418164158,9124
0.5247572815533981,9125
0.5245026686074721,9126
0.524733268671193,9127
0.5249636451769268,9128
0.5251937984496124,9129
0.5249394673123486,9130
0.5251694094869312,9131
0.525399129172714,9132
0.5251450676982592,9133
0.5248912518124698,9134
0.5251207729468599,9135
0.5253500724287784,9136
0.5255791505791506,9137
0.5258080077182827,9138
0.5255544840887174,9139
0.5253012048192771,9140
0.5250481695568401,9141
0.5247953779489648,9142
0.5245428296438883,9143
0.5242905242905243,9144
0.5245192307692308,9145
0.5247477174435368,9146
0.5249759846301633,9147
0.5247239558329333,9148
0.52447216890595,9149
0.524220623501199,9150
0.5244487056567594,9151
0.5246765692381409,9152
0.524904214559387,9153
0.5251316419339397,9154
0.5248803827751196,9155
0.5246293639406983,9156
0.5248565965583174,9157
0.5250836120401338,9158
0.5253104106972302,9159
0.5255369928400955,9160
0.5257633587786259,9161
0.5255126371006199,9162
0.5257387988560533,9163
0.525488327775131,9164
0.5252380952380953,9165
0.5249881009043312,9166
0.5252140818268316,9167
0.5254398478364242,9168
0.5256653992395437,9169
0.5258907363420428,9170
0.5261158594491928,9171
0.5263407688656858,9172
0.5260910815939279,9173
0.5263157894736842,9174
0.5260663507109005,9175
0.5262908574135481,9176
0.5260416666666666,9177
0.5262659725508755,9178
0.5264900662251656,9179
0.5267139479905437,9180
0.5264650283553876,9181
0.5262163438828531,9182
0.5259678942398489,9183
0.5257196790939123,9184
0.5254716981132076,9185
0.5256954266855257,9186
0.525918944392083,9187
0.5256712199717382,9188
0.525894538606403,9189
0.5261176470588236,9190
0.526340545625588,9191
0.5260930888575458,9192
0.5258458646616542,9193
0.5260685767966181,9194
0.5258215962441315,9195
0.5255748474894416,9196
0.525797373358349,9197
0.5255508673230193,9198
0.5257731958762887,9199
0.5255269320843091,9200
0.5252808988764045,9201
0.5255030416471689,9202
0.5257249766136576,9203
0.5259467040673211,9204
0.5257009345794392,9205
0.5254553946753854,9206
0.5252100840336135,9207
0.5254316378908073,9208
0.5251865671641791,9209
0.524941724941725,9210
0.5251630941286114,9211
0.5253842571029343,9212
0.5251396648044693,9213
0.5253606328524896,9214
0.5251162790697674,9215
0.5253370525337052,9216
0.5255576208178439,9217
0.5257779842080818,9218
0.5255338904363974,9219
0.525754060324826,9220
0.5255102040816326,9221
0.5252665739452944,9222
0.5254865616311399,9223
0.5252431681333951,9224
0.5254629629629629,9225
0.5256825543729755,9226
0.5259019426456985,9227
0.5261211280628756,9228
0.5258780036968577,9229
0.5260969976905312,9230
0.5263157894736842,9231
0.5260729118597139,9232
0.525830258302583,9233
0.5260488704472107,9234
0.5262672811059907,9235
0.5264854905573468,9236
0.5267034990791897,9237
0.5264611136677404,9238
0.5266789328426863,9239
0.526896551724138,9240
0.5271139705882353,9241
0.5273311897106109,9242
0.527089072543618,9243
0.5273061037173015,9244
0.5275229357798165,9245
0.5277395690050436,9246
0.5279560036663611,9247
0.5277141548327989,9248
0.5279304029304029,9249
0.5276887871853547,9250
0.5279048490393413,9251
0.5281207133058985,9252
0.5278793418647166,9253
0.5276381909547738,9254
0.5273972602739726,9255
0.5276129621177544,9256
0.5273722627737226,9257
0.5271317829457365,9258
0.5268915223336372,9259
0.5266514806378132,9260
0.5268670309653917,9261
0.5266272189349113,9262
0.5263876251137397,9263
0.5266030013642565,9264
0.5263636363636364,9265
0.5265788278055429,9266
0.5267938237965486,9267
0.5265546981389015,9268
0.5263157894736842,9269
0.5265306122448979,9270
0.5262919310970081,9271
0.526506570004531,9272
0.5267210144927537,9273
0.526935264825713,9274
0.5271493212669683,9275
0.5269109000452284,9276
0.527124773960217,9277
0.5273384545865342,9278
0.5275519421860885,9279
0.5277652370203161,9280
0.5275270758122743,9281
0.5272891294542175,9282
0.527502254283138,9283
0.5272645335736819,9284
0.5274774774774775,9285
0.5272399819900946,9286
0.527002700270027,9287
0.5272154745838956,9288
0.5274280575539568,9289
0.527191011235955,9290
0.527403414195867,9291
0.527615626403233,9292
0.5278276481149012,9293
0.5275908479138627,9294
0.5278026905829596,9295
0.5275661138502914,9296
0.5277777777777778,9297
0.5275414240931482,9298
0.5273052820053715,9299
0.5275167785234899,9300
0.5272808586762076,9301
0.5274921770227984,9302
0.5277033065236819,9303
0.527467619472979,9304
0.5272321428571428,9305
0.5269968763944668,9306
0.5267618198037467,9307
0.5269728042799822,9308
0.5271836007130125,9309
0.5269487750556793,9310
0.5271593944790739,9311
0.5269247886070316,9312
0.527135231316726,9313
0.5273454868830592,9314
0.5275555555555556,9315
0.5277654375832963,9316
0.5279751332149201,9317
0.5281846426986241,9318
0.5279503105590062,9319
0.528159645232816,9320
0.5283687943262412,9321
0.5285777580859548,9322
0.5283436669619131,9323
0.5285524568393094,9324
0.5283185840707965,9325
0.5285272003538257,9326
0.5282935455349248,9327
0.5285019885108263,9328
0.5287102473498233,9329
0.5289183222958057,9330
0.529126213592233,9331
0.529333921482135,9332
0.5291005291005291,9333
0.5293080652269723,9334
0.5290748898678415,9335
0.5292822545134303,9336
0.5290492957746479,9337
0.5292564892212934,9338
0.5294635004397538,9339
0.5292307692307693,9340
0.5289982425307557,9341
0.5292050944224858,9342
0.528972783143108,9343
0.5291794646774901,9344
0.5293859649122807,9345
0.5291538798772468,9346
0.5293602103418055,9347
0.5291283399036356,9348
0.5288966725043783,9349
0.5286652078774617,9350
0.5288713910761155,9351
0.5286401399212942,9352
0.5284090909090909,9353
0.528178243774574,9354
0.5283842794759825,9355
0.5281536446966391,9356
0.5283595113438045,9357
0.5281290885303096,9358
0.5283347863993025,9359
0.5281045751633987,9360
0.5283101045296167,9361
0.5280801044841097,9362
0.5282854656222803,9363
0.5280556763810352,9364
0.5282608695652173,9365
0.5284658843980878,9366
0.5286707211120765,9367
0.5284411636995223,9368
0.5286458333333334,9369
0.5288503253796095,9370
0.528620988725065,9371
0.5288253142609449,9372
0.5285961871750433,9373
0.5288003464703335,9374
0.529004329004329,9375
0.5287754218952835,9376
0.5285467128027682,9377
0.5283182014699525,9378
0.5285220397579948,9379
0.5282937365010799,9380
0.5284974093264249,9381
0.5282693137678032,9382
inf,9383
1.0,9384
1.0,9385
0.6666666666666666,9386
0.75,9387
0.8,9388
0.6666666666666666,9389
0.7142857142857143,9390
0.625,9391
0.6666666666666666,9392
0.6,9393
0.6363636363636364,9394
0.5833333333333334,9395
0.6153846153846154,9396
0.5714285714285714,9397
0.5333333333333333,9398
0.5,9399
0.47058823529411764,9400
0.4444444444444444,9401
0.42105263157894735,9402
0.4,9403
0.38095238095238093,9404
0.4090909090909091,9405
0.43478260869565216,9406
0.4166666666666667,9407
0.44,9408
0.46153846153846156,9409
0.48148148148148145,9410
0.5,9411
0.4827586206896552,9412
0.4666666666666667,9413
0.4838709677419355,9414
0.5,9415
0.5151515151515151,9416
0.5294117647058824,9417
0.5142857142857142,9418
0.5,9419
0.5135135135135135,9420
0.5263157894736842,9421
0.5384615384615384,9422
0.55,9423
0.5365853658536586,9424
0.5238095238095238,9425
0.5348837209302325,9426
0.5227272727272727,9427
0.5333333333333333,9428
0.5217391304347826,9429
0.5319148936170213,9430
0.5208333333333334,9431
0.5102040816326531,9432
0.5,9433
0.5098039215686274,9434
0.5192307692307693,9435
0.5094339622641509,9436
0.5185185185185185,9437
0.509090909090909,9438
0.5178571428571429,9439
0.5263157894736842,9440
0.5172413793103449,9441
0.5254237288135594,9442
0.5333333333333333,9443
0.5409836065573771,9444
0.5483870967741935,9445
0.5555555555555556,9446
0.5625,9447
0.5538461538461539,9448
0.5454545454545454,9449
0.5522388059701493,9450
0.5441176470588235,9451
0.5507246376811594,9452
0.5428571428571428,9453
0.5352112676056338,9454
0.5416666666666666,9455
0.5342465753424658,9456
0.5405405405405406,9457
0.5466666666666666,9458
0.5526315789473685,9459
0.5584415584415584,9460
0.5641025641025641,9461
0.5569620253164557,9462
0.5625,9463
0.5555555555555556,9464
0.5487804878048781,9465
0.5421686746987951,9466
0.5476190476190477,9467
0.5411764705882353,9468
0.5348837209302325,9469
0.5402298850574713,9470
0.5454545454545454,9471
0.5393258426966292,9472
0.5333333333333333,9473
0.5384615384615384,9474
0.5434782608695652,9475
0.5376344086021505,9476
0.5425531914893617,9477
0.5368421052631579,9478
0.53125,9479
0.5257731958762887,9480
0.5306122448979592,9481
0.5252525252525253,9482
0.52,9483
0.5247524752475248,9484
0.5294117647058824,9485
0.5242718446601942,9486
0.5192307692307693,9487
0.5142857142857142,9488
0.5188679245283019,9489
0.5233644859813084,9490
0.5277777777777778,9491
0.5321100917431193,9492
0.5272727272727272,9493
0.5225225225225225,9494
0.5267857142857143,9495
0.5309734513274337,9496
0.5350877192982456,9497
0.5391304347826087,9498
0.5344827586206896,9499
0.5299145299145299,9500
0.5254237288135594,9501
0.5294117647058824,9502
0.525,9503
0.5206611570247934,9504
0.5245901639344263,9505
0.5284552845528455,9506
0.532258064516129,9507
0.536,9508
0.5317460317460317,9509
0.5354330708661418,9510
0.53125,9511
0.5271317829457365,9512
0.5230769230769231,9513
0.5190839694656488,9514
0.5151515151515151,9515
0.518796992481203,9516
0.5149253731343284,9517
0.5185185185185185,9518
0.5147058823529411,9519
0.5182481751824818,9520
0.5217391304347826,9521
0.5179856115107914,9522
0.5214285714285715,9523
0.524822695035461,9524
0.5211267605633803,9525
0.5174825174825175,9526
0.5138888888888888,9527
0.5172413793103449,9528
0.5205479452054794,9529
0.5238095238095238,9530
0.5202702702702703,9531
0.5234899328859061,9532
0.52,9533
0.5231788079470199,9534
0.5197368421052632,9535
0.5163398692810458,9536
0.512987012987013,9537
0.5161290322580645,9538
0.5192307692307693,9539
0.5222929936305732,9540
0.5189873417721519,9541
0.5157232704402516,9542
0.51875,9543
0.515527950310559,9544
0.5123456790123457,9545
0.5153374233128835,9546
0.5182926829268293,9547
0.5151515151515151,9548
0.5180722891566265,9549
0.5149700598802395,9550
0.5178571428571429,9551
0.514792899408284,9552
0.5117647058823529,9553
0.5146198830409356,9554
0.5174418604651163,9555
0.5202312138728323,9556
0.5172413793103449,9557
0.5142857142857142,9558
0.5113636363636364,9559
0.5084745762711864,9560
0.5112359550561798,9561
0.5139664804469274,9562
0.5166666666666667,9563
0.5138121546961326,9564
0.5164835164835165,9565
0.5136612021857924,9566
0.5163043478260869,9567
0.5135135135135135,9568
0.510752688172043,9569
0.5133689839572193,9570
0.5159574468085106,9571
0.5185185185185185,9572
0.5210526315789473,9573
0.518324607329843,9574
0.5208333333333334,9575
0.5233160621761658,9576
0.520618556701031,9577
0.5230769230769231,9578
0.5204081632653061,9579
0.5228426395939086,9580
0.5252525252525253,9581
0.5226130653266332,9582
0.52,9583
0.5223880597014925,9584
0.5247524752475248,9585
0.5221674876847291,9586
0.5196078431372549,9587
0.5170731707317073,9588
0.5145631067961165,9589
0.5169082125603864,9590
0.5192307692307693,9591
0.5215311004784688,9592
0.5238095238095238,9593
0.5213270142180095,9594
0.5235849056603774,9595
0.5258215962441315,9596
0.5280373831775701,9597
0.5255813953488372,9598
0.5231481481481481,9599
0.5207373271889401,9600
0.518348623853211,9601
0.5205479452054794,9602
0.5227272727272727,9603
0.5248868778280543,9604
0.527027027027027,9605
0.5291479820627802,9606
0.53125,9607
0.5333333333333333,9608
0.5353982300884956,9609
0.5330396475770925,9610
0.5350877192982456,9611
0.537117903930131,9612
0.5347826086956522,9613
0.5367965367965368,9614
0.5387931034482759,9615
0.5407725321888412,9616
0.5427350427350427,9617
0.5446808510638298,9618
0.5423728813559322,9619
0.5443037974683544,9620
0.5462184873949579,9621
0.5439330543933054,9622
0.5458333333333333,9623
0.5477178423236515,9624
0.5454545454545454,9625
0.5473251028806584,9626
0.5450819672131147,9627
0.5469387755102041,9628
0.5487804878048781,9629
0.5465587044534413,9630
0.5443548387096774,9631
0.5461847389558233,9632
0.548,9633
0.549800796812749,9634
0.5476190476190477,9635
0.5454545454545454,9636
0.547244094488189,9637
0.5490196078431373,9638
0.546875,9639
0.5447470817120622,9640
0.5465116279069767,9641
0.5482625482625483,9642
0.55,9643
0.5517241379310345,9644
0.5534351145038168,9645
0.5513307984790875,9646
0.5492424242424242,9647
0.5471698113207547,9648
0.5451127819548872,9649
0.5468164794007491,9650
0.5485074626865671,9651
0.550185873605948,9652
0.5518518518518518,9653
0.5498154981549815,9654
0.5514705882352942,9655
0.5494505494505495,9656
0.5474452554744526,9657
0.5490909090909091,9658
0.5471014492753623,9659
0.5487364620938628,9660
0.5467625899280576,9661
0.5448028673835126,9662
0.5428571428571428,9663
0.5409252669039146,9664
0.5425531914893617,9665
0.5406360424028268,9666
0.5387323943661971,9667
0.5368421052631579,9668
0.534965034965035,9669
0.5365853658536586,9670
0.5381944444444444,9671
0.5397923875432526,9672
0.5379310344827586,9673
0.5395189003436426,9674
0.5376712328767124,9675
0.5392491467576792,9676
0.5374149659863946,9677
0.5389830508474577,9678
0.5405405405405406,9679
0.5387205387205387,9680
0.540268456375839,9681
0.5418060200668896,9682
0.54,9683
0.5382059800664452,9684
0.5397350993377483,9685
0.5412541254125413,9686
0.5427631578947368,9687
0.5409836065573771,9688
0.5392156862745098,9689
0.5374592833876222,9690
0.538961038961039,9691
0.540453074433657,9692
0.5387096774193548,9693
0.5369774919614148,9694
0.5352564102564102,9695
0.536741214057508,9696
0.5382165605095541,9697
0.5365079365079365,9698
0.5379746835443038,9699
0.5362776025236593,9700
0.5345911949685535,9701
0.5360501567398119,9702
0.5375,9703
0.5389408099688473,9704
0.5372670807453416,9705
0.5386996904024768,9706
0.5401234567901234,9707
0.5415384615384615,9708
0.5429447852760736,9709
0.5412844036697247,9710
0.5396341463414634,9711
0.5379939209726444,9712
0.5393939393939394,9713
0.5377643504531722,9714
0.5391566265060241,9715
0.5405405405405406,9716
0.5389221556886228,9717
0.5402985074626866,9718
0.5386904761904762,9719
0.5400593471810089,9720
0.5414201183431953,9721
0.5427728613569321,9722
0.5441176470588235,9723
0.5454545454545454,9724
0.5467836257309941,9725
0.5451895043731778,9726
0.5436046511627907,9727
0.5449275362318841,9728
0.546242774566474,9729
0.547550432276657,9730
0.5459770114942529,9731
0.5472779369627507,9732
0.5457142857142857,9733
0.5470085470085471,9734
0.5454545454545454,9735
0.546742209631728,9736
0.5480225988700564,9737
0.5464788732394367,9738
0.5449438202247191,9739
0.5434173669467787,9740
0.5446927374301676,9741
0.5459610027855153,9742
0.5472222222222223,9743
0.5484764542936288,9744
0.5497237569060773,9745
0.5482093663911846,9746
0.5494505494505495,9747
0.547945205479452,9748
0.5491803278688525,9749
0.547683923705722,9750
0.5489130434782609,9751
0.5501355013550135,9752
0.5513513513513514,9753
0.5498652291105122,9754
0.5510752688172043,9755
0.5522788203753352,9756
0.553475935828877,9757
0.5546666666666666,9758
0.5558510638297872,9759
0.5570291777188329,9760
0.5582010582010583,9761
0.5567282321899736,9762
0.5578947368421052,9763
0.5564304461942258,9764
0.5575916230366492,9765
0.5587467362924282,9766
0.5572916666666666,9767
0.5558441558441558,9768
0.5544041450777202,9769
0.5555555555555556,9770
0.5567010309278351,9771
0.5552699228791774,9772
0.5564102564102564,9773
0.5549872122762148,9774
0.5535714285714286,9775
0.5521628498727735,9776
0.550761421319797,9777
0.549367088607595,9778
0.547979797979798,9779
0.5465994962216625,9780
0.5452261306532663,9781
0.543859649122807,9782
0.545,9783
0.543640897755611,9784
0.5447761194029851,9785
0.5459057071960298,9786
0.5470297029702971,9787
0.5456790123456791,9788
0.5443349753694581,9789
0.542997542997543,9790
0.5441176470588235,9791
0.5427872860635696,9792
0.5414634146341464,9793
0.5401459854014599,9794
0.5412621359223301,9795
0.5423728813559322,9796
0.5434782608695652,9797
0.5421686746987951,9798
0.5432692307692307,9799
0.5419664268585132,9800
0.5430622009569378,9801
0.5441527446300716,9802
0.5428571428571428,9803
0.5439429928741093,9804
0.542654028436019,9805
0.541371158392435,9806
0.5400943396226415,9807
0.5388235294117647,9808
0.5375586854460094,9809
0.5362997658079626,9810
0.5373831775700935,9811
0.5384615384615384,9812
0.5395348837209303,9813
0.5382830626450116,9814
0.5370370370370371,9815
0.5381062355658198,9816
0.5368663594470046,9817
0.5379310344827586,9818
0.536697247706422,9819
0.5354691075514875,9820
0.5365296803652968,9821
0.5353075170842825,9822
0.5340909090909091,9823
0.5351473922902494,9824
0.5339366515837104,9825
0.5327313769751693,9826
0.5315315315315315,9827
0.5303370786516854,9828
0.531390134529148,9829
0.5324384787472036,9830
0.5334821428571429,9831
0.532293986636971,9832
0.5311111111111111,9833
0.532150776053215,9834
0.5309734513274337,9835
0.5298013245033113,9836
0.5286343612334802,9837
0.5296703296703297,9838
0.5307017543859649,9839
0.5317286652078774,9840
0.5327510917030568,9841
0.5337690631808278,9842
0.532608695652174,9843
0.5336225596529284,9844
0.5346320346320347,9845
0.5334773218142549,9846
0.5344827586206896,9847
0.535483870967742,9848
0.5364806866952789,9849
0.5353319057815846,9850
0.5341880341880342,9851
0.535181236673774,9852
0.5340425531914894,9853
0.5329087048832272,9854
0.5317796610169492,9855
0.53276955602537,9856
0.5337552742616034,9857
0.5347368421052632,9858
0.5357142857142857,9859
0.5366876310272537,9860
0.5376569037656904,9861
0.5365344467640919,9862
0.5354166666666667,9863
0.5343035343035343,9864
0.533195020746888,9865
0.5341614906832298,9866
0.5330578512396694,9867
0.5319587628865979,9868
0.5329218106995884,9869
0.5338809034907598,9870
0.5348360655737705,9871
0.5337423312883436,9872
0.5346938775510204,9873
0.5356415478615071,9874
0.5345528455284553,9875
0.5354969574036511,9876
0.5364372469635628,9877
0.5373737373737374,9878
0.5362903225806451,9879
0.5352112676056338,9880
0.5341365461847389,9881
0.533066132264529,9882
0.534,9883
0.5329341317365269,9884
0.5338645418326693,9885
0.5347912524850894,9886
0.5357142857142857,9887
0.5366336633663367,9888
0.5355731225296443,9889
0.534516765285996,9890
0.5334645669291339,9891
0.5324165029469549,9892
0.5313725490196078,9893
0.5322896281800391,9894
0.53125,9895
0.5321637426900585,9896
0.5330739299610895,9897
0.5339805825242718,9898
0.5329457364341085,9899
0.5338491295938105,9900
0.5328185328185329,9901
0.5317919075144508,9902
0.5326923076923077,9903
0.5316698656429942,9904
0.5325670498084292,9905
0.5334608030592735,9906
0.5343511450381679,9907
0.5333333333333333,9908
0.532319391634981,9909
0.5313092979127134,9910
0.5303030303030303,9911
0.5311909262759924,9912
0.530188679245283,9913
0.5291902071563088,9914
0.5300751879699248,9915
0.5290806754221389,9916
0.5280898876404494,9917
0.5271028037383177,9918
0.5279850746268657,9919
0.527001862197393,9920
0.5260223048327137,9921
0.5269016697588126,9922
0.5277777777777778,9923
0.5286506469500925,9924
0.5276752767527675,9925
0.5285451197053407,9926
0.5275735294117647,9927
0.5284403669724771,9928
0.5293040293040293,9929
0.5283363802559415,9930
0.5291970802919708,9931
0.5300546448087432,9932
0.5309090909090909,9933
0.52994555353902,9934
0.5289855072463768,9935
0.5298372513562387,9936
0.5288808664259927,9937
0.5297297297297298,9938
0.5305755395683454,9939
0.5296229802513465,9940
0.5304659498207885,9941
0.5313059033989267,9942
0.5321428571428571,9943
0.5311942959001783,9944
0.5320284697508897,9945
0.5328596802841918,9946
0.5319148936170213,9947
0.5309734513274337,9948
0.5300353356890459,9949
0.5308641975308642,9950
0.5316901408450704,9951
0.5307557117750439,9952
0.5298245614035088,9953
0.5288966725043783,9954
0.527972027972028,9955
0.5270506108202443,9956
0.5261324041811847,9957
0.5252173913043479,9958
0.5243055555555556,9959
0.5251299826689775,9960
0.5242214532871973,9961
0.5233160621761658,9962
0.5224137931034483,9963
0.5232358003442341,9964
0.5223367697594502,9965
0.5214408233276158,9966
0.5222602739726028,9967
0.5213675213675214,9968
0.5221843003412969,9969
0.5229982964224872,9970
0.5221088435374149,9971
0.5212224108658744,9972
0.5220338983050847,9973
0.5211505922165821,9974
0.5202702702702703,9975
0.521079258010118,9976
0.5218855218855218,9977
0.5226890756302521,9978
0.5234899328859061,9979
0.5226130653266332,9980
0.5234113712374582,9981
0.5242070116861436,9982
0.525,9983
0.5241264559068219,9984
0.5249169435215947,9985
0.5240464344941956,9986
0.5231788079470199,9987
0.5223140495867769,9988
0.5214521452145214,9989
0.5222405271828665,9990
0.5213815789473685,9991
0.5221674876847291,9992
0.5229508196721312,9993
0.5237315875613748,9994
0.5245098039215687,9995
0.5252854812398042,9996
0.5260586319218241,9997
0.526829268292683,9998
0.5275974025974026,9999
0.526742301458671,10000
0.5275080906148867,10001
0.5266558966074314,10002
0.5274193548387097,10003
0.5265700483091788,10004
0.5273311897106109,10005
0.5280898876404494,10006
0.5288461538461539,10007
0.5296,10008
0.5303514376996805,10009
0.5311004784688995,10010
0.5302547770700637,10011
0.5310015898251192,10012
0.5317460317460317,10013
0.5309033280507132,10014
0.5300632911392406,10015
0.5308056872037915,10016
0.5315457413249212,10017
0.5307086614173229,10018
0.5314465408805031,10019
0.5321821036106751,10020
0.5313479623824452,10021
0.5320813771517997,10022
0.5328125,10023
0.5335413416536662,10024
0.5327102803738317,10025
0.5334370139968896,10026
0.532608695652174,10027
0.5333333333333333,10028
0.5325077399380805,10029
0.5316846986089645,10030
0.5308641975308642,10031
0.5315870570107858,10032
0.5307692307692308,10033
0.5314900153609831,10034
0.5306748466257669,10035
0.5313935681470138,10036
0.5305810397553516,10037
0.5312977099236641,10038
0.5304878048780488,10039
0.5312024353120244,10040
0.5319148936170213,10041
0.5326251896813353,10042
0.5318181818181819,10043
0.5325264750378215,10044
0.5317220543806647,10045
0.530920060331825,10046
0.5316265060240963,10047
0.530827067669173,10048
0.53003003003003,10049
0.5307346326836582,10050
0.531437125748503,10051
0.5321375186846039,10052
0.5313432835820896,10053
0.5305514157973175,10054
0.5297619047619048,10055
0.5304606240713224,10056
0.5311572700296736,10057
0.5303703703703704,10058
0.5295857988165681,10059
0.5302806499261448,10060
0.5309734513274337,10061
0.5316642120765832,10062
0.5308823529411765,10063
0.5301027900146843,10064
0.530791788856305,10065
0.5300146412884333,10066
0.5307017543859649,10067
0.5299270072992701,10068
0.5291545189504373,10069
0.529839883551674,10070
0.5290697674418605,10071
0.5283018867924528,10072
0.5289855072463768,10073
0.5282199710564399,10074
0.5289017341040463,10075
0.5281385281385281,10076
0.5273775216138329,10077
0.5280575539568345,10078
0.5287356321839081,10079
0.5279770444763271,10080
0.5286532951289399,10081
0.5293276108726752,10082
0.5285714285714286,10083
0.5292439372325249,10084
0.5299145299145299,10085
0.5305832147937412,10086
0.5298295454545454,10087
0.5290780141843971,10088
0.5283286118980169,10089
0.5289957567185289,10090
0.5296610169491526,10091
0.5303244005641748,10092
0.5295774647887324,10093
0.530239099859353,10094
0.5308988764044944,10095
0.5315568022440392,10096
0.5322128851540616,10097
0.5328671328671328,10098
0.5321229050279329,10099
0.5327754532775453,10100
0.5334261838440112,10101
0.5340751043115438,10102
0.5347222222222222,10103
0.5353675450762829,10104
0.53601108033241,10105
0.5352697095435685,10106
0.5345303867403315,10107
0.5351724137931034,10108
0.5358126721763086,10109
0.5350756533700137,10110
0.5357142857142857,10111
0.5349794238683128,10112
0.5356164383561643,10113
0.5348837209302325,10114
0.5341530054644809,10115
0.5334242837653479,10116
0.5340599455040872,10117
0.5346938775510204,10118
0.5353260869565217,10119
0.5345997286295794,10120
0.535230352303523,10121
0.5345060893098782,10122
0.5337837837837838,10123
0.5330634278002699,10124
0.5336927223719676,10125
0.5343203230148048,10126
0.5336021505376344,10127
0.5342281879194631,10128
0.5348525469168901,10129
0.5341365461847389,10130
0.5334224598930482,10131
0.5340453938584779,10132
0.5346666666666666,10133
0.5339547270306259,10134
0.5345744680851063,10135
0.5351925630810093,10136
0.5358090185676393,10137
0.5364238410596026,10138
0.5357142857142857,10139
0.535006605019815,10140
0.5356200527704486,10141
0.5362318840579711,10142
0.5355263157894737,10143
0.5361366622864652,10144
0.536745406824147,10145
0.5360419397116645,10146
0.5353403141361257,10147
0.5359477124183006,10148
0.5365535248041775,10149
0.5358539765319427,10150
0.5364583333333334,10151
0.5370611183355006,10152
0.5376623376623376,10153
0.5369649805447471,10154
0.5362694300518135,10155
0.535575679172057,10156
0.5361757105943152,10157
0.535483870967742,10158
0.5360824742268041,10159
0.5353925353925354,10160
0.5359897172236504,10161
0.5353016688061617,10162
0.5346153846153846,10163
0.5352112676056338,10164
0.5358056265984654,10165
0.5351213282247765,10166
0.5357142857142857,10167
0.535031847133758,10168
0.5343511450381679,10169
0.5336721728081322,10170
0.5342639593908629,10171
0.5348542458808618,10172
0.5354430379746835,10173
0.5347661188369153,10174
0.5340909090909091,10175
0.5346784363177806,10176
0.535264483627204,10177
0.5358490566037736,10178
0.535175879396985,10179
0.5357590966122961,10180
0.5363408521303258,10181
0.5356695869837297,10182
0.53625,10183
0.5355805243445693,10184
0.5349127182044888,10185
0.5354919053549191,10186
0.5360696517412935,10187
0.5366459627329192,10188
0.5372208436724566,10189
0.5377942998760843,10190
0.5383663366336634,10191
0.5377008652657602,10192
0.5382716049382716,10193
0.5388409371146733,10194
0.5381773399014779,10195
0.5387453874538746,10196
0.538083538083538,10197
0.5386503067484663,10198
0.5392156862745098,10199
0.5397796817625459,10200
0.5403422982885085,10201
0.5409035409035409,10202
0.5414634146341464,10203
0.5420219244823387,10204
0.5425790754257908,10205
0.5419198055893074,10206
0.5412621359223301,10207
0.5418181818181819,10208
0.5423728813559322,10209
0.5429262394195888,10210
0.5422705314009661,10211
0.5428226779252111,10212
0.5433734939759036,10213
0.5439229843561973,10214
0.5444711538461539,10215
0.5438175270108043,10216
0.5431654676258992,10217
0.5437125748502994,10218
0.5442583732057417,10219
0.5436081242532855,10220
0.5429594272076372,10221
0.5423122765196663,10222
0.5416666666666666,10223
0.5410225921521997,10224
0.5403800475059383,10225
0.5397390272835113,10226
0.5390995260663507,10227
0.5396449704142012,10228
0.5401891252955082,10229
0.5407319952774499,10230
0.5412735849056604,10231
0.5406360424028268,10232
0.54,10233
0.5393654524089306,10234
0.539906103286385,10235
0.5392731535756154,10236
0.5398126463700235,10237
0.5403508771929825,10238
0.5408878504672897,10239
0.5414235705950992,10240
0.541958041958042,10241
0.5424912689173458,10242
0.5430232558139535,10243
0.5423925667828107,10244
0.54292343387471,10245
0.5434530706836617,10246
0.5428240740740741,10247
0.5433526011560693,10248
0.5438799076212472,10249
0.544405997693195,10250
0.543778801843318,10251
0.5431530494821634,10252
0.542528735632184,10253
0.5430539609644087,10254
0.5435779816513762,10255
0.5441008018327605,10256
0.5446224256292906,10257
0.544,10258
0.5445205479452054,10259
0.5450399087799316,10260
0.5444191343963554,10261
0.5437997724687145,10262
0.5431818181818182,10263
0.5437003405221339,10264
0.5430839002267573,10265
0.5424688561721405,10266
0.5418552036199095,10267
0.5423728813559322,10268
0.5417607223476298,10269
0.5422773393461104,10270
0.5427927927927928,10271
0.5433070866141733,10272
0.5438202247191011,10273
0.5432098765432098,10274
0.5437219730941704,10275
0.5442329227323628,10276
0.5436241610738255,10277
0.5430167597765363,10278
0.5424107142857143,10279
0.5429208472686734,10280
0.5434298440979956,10281
0.5439377085650723,10282
0.5444444444444444,10283
0.5438401775804661,10284
0.5443458980044346,10285
0.5437430786267996,10286
0.543141592920354,10287
0.543646408839779,10288
0.5441501103752759,10289
0.5446527012127894,10290
0.5451541850220264,10291
0.5456545654565457,10292
0.5461538461538461,10293
0.5455543358946213,10294
0.5449561403508771,10295
0.5454545454545454,10296
0.5448577680525164,10297
0.5442622950819672,10298
0.5447598253275109,10299
0.5441657579062159,10300
0.5446623093681917,10301
0.545157780195865,10302
0.5456521739130434,10303
0.5450597176981542,10304
0.544468546637744,10305
0.5449620801733478,10306
0.5443722943722944,10307
0.5448648648648649,10308
0.5442764578833693,10309
0.5436893203883495,10310
0.5441810344827587,10311
0.5446716899892358,10312
0.5451612903225806,10313
0.5445757250268528,10314
0.5450643776824035,10315
0.5444801714898178,10316
0.5438972162740899,10317
0.5433155080213904,10318
0.5427350427350427,10319
0.5432230522945571,10320
0.5426439232409381,10321
0.5431309904153354,10322
0.5425531914893617,10323
0.5430393198724761,10324
0.5424628450106157,10325
0.542948038176034,10326
0.5423728813559322,10327
0.5428571428571428,10328
0.5422832980972516,10329
0.542766631467793,10330
0.5421940928270043,10331
0.541622760800843,10332
0.5410526315789473,10333
0.5415352260778128,10334
0.542016806722689,10335
0.5414480587618048,10336
0.5408805031446541,10337
0.5413612565445026,10338
0.5418410041841004,10339
0.5412748171368861,10340
0.5407098121085595,10341
0.5411887382690302,10342
0.5416666666666666,10343
0.5421436004162331,10344
0.5415800415800416,10345
0.5420560747663551,10346
0.5414937759336099,10347
0.5419689119170984,10348
0.5424430641821946,10349
0.5418821096173733,10350
0.5413223140495868,10351
0.5407636738906089,10352
0.5412371134020618,10353
0.5417095777548918,10354
0.5421810699588477,10355
0.5426515930113053,10356
0.5420944558521561,10357
0.5415384615384615,10358
0.5420081967213115,10359
0.5414534288638689,10360
0.5408997955010225,10361
0.5413687436159347,10362
0.5418367346938775,10363
0.5423037716615698,10364
0.5427698574338086,10365
0.54323499491353,10366
0.5426829268292683,10367
0.5431472081218274,10368
0.5425963488843814,10369
0.5420466058763931,10370
0.5425101214574899,10371
0.5429726996966633,10372
0.5434343434343434,10373
0.5438950554994955,10374
0.5443548387096774,10375
0.5438066465256798,10376
0.5442655935613682,10377
0.5447236180904522,10378
0.5451807228915663,10379
0.5446339017051154,10380
0.5450901803607214,10381
0.5445445445445446,10382
0.545,10383
0.5454545454545454,10384
0.5459081836327345,10385
0.5453639082751744,10386
0.5448207171314741,10387
0.5442786069651742,10388
0.5437375745526839,10389
0.5441906653426017,10390
0.5446428571428571,10391
0.5450941526263627,10392
0.5445544554455446,10393
0.5450049455984174,10394
0.5454545454545454,10395
0.5459032576505429,10396
0.5453648915187377,10397
0.5458128078817734,10398
0.5462598425196851,10399
0.5467059980334317,10400
0.5461689587426326,10401
0.5466143277723258,10402
0.5470588235294118,10403
0.5475024485798237,10404
0.5469667318982387,10405
0.5474095796676441,10406
0.5478515625,10407
0.5473170731707317,10408
0.5477582846003899,10409
0.5472249269717624,10410
0.5476653696498055,10411
0.5481049562682215,10412
0.5485436893203883,10413
0.5480116391852571,10414
0.5484496124031008,10415
0.547918683446273,10416
0.5483558994197292,10417
0.548792270531401,10418
0.5492277992277992,10419
0.549662487945998,10420
0.5491329479768786,10421
0.548604427333975,10422
0.5490384615384616,10423
0.5485110470701249,10424
0.5479846449136276,10425
0.548418024928092,10426
0.5478927203065134,10427
0.5473684210526316,10428
0.5478011472275335,10429
0.5472779369627507,10430
0.5477099236641222,10431
0.5481410867492851,10432
0.5485714285714286,10433
0.5480494766888677,10434
0.5484790874524715,10435
0.5489078822412156,10436
0.5493358633776091,10437
0.5497630331753555,10438
0.5501893939393939,10439
0.5506149479659413,10440
0.5500945179584121,10441
0.5495750708215298,10442
0.5490566037735849,10443
0.5494816211121584,10444
0.5499058380414312,10445
0.5493885230479775,10446
0.549812030075188,10447
0.5502347417840375,10448
0.549718574108818,10449
0.549203373945642,10450
0.548689138576779,10451
0.54911131898971,10452
0.5485981308411215,10453
0.5480859010270775,10454
0.5485074626865671,10455
0.548928238583411,10456
0.5484171322160148,10457
0.5479069767441861,10458
0.5473977695167286,10459
0.5468895078922934,10460
0.5473098330241187,10461
0.5468025949953661,10462
0.5472222222222223,10463
0.547641073080481,10464
0.5480591497227357,10465
0.5475530932594644,10466
0.5479704797047971,10467
0.5474654377880185,10468
0.5469613259668509,10469
0.547378104875805,10470
0.5477941176470589,10471
0.5472910927456383,10472
0.5467889908256881,10473
0.5472043996333639,10474
0.5476190476190477,10475
0.5480329368709973,10476
0.5484460694698354,10477
0.547945205479452,10478
0.5483576642335767,10479
0.5487693710118505,10480
0.5491803278688525,10481
0.5495905368516834,10482
0.5490909090909091,10483
0.5485921889191644,10484
0.5490018148820327,10485
0.5494106980961015,10486
0.5489130434782609,10487
0.5484162895927602,10488
0.5479204339963833,10489
0.5474254742547425,10490
0.5478339350180506,10491
0.5482416591523895,10492
0.5477477477477477,10493
0.5481548154815482,10494
0.5485611510791367,10495
0.5480682839173405,10496
0.5484739676840216,10497
0.5488789237668161,10498
0.5492831541218638,10499
0.549686660698299,10500
0.5491949910554562,10501
0.548704200178731,10502
0.5482142857142858,10503
0.5477252453166815,10504
0.5472370766488414,10505
0.5467497773820125,10506
0.547153024911032,10507
0.5475555555555556,10508
0.5479573712255773,10509
0.5474711623779946,10510
0.5469858156028369,10511
0.5473870682019486,10512
0.547787610619469,10513
0.5481874447391689,10514
0.5477031802120141,10515
0.5472197705207414,10516
0.54673721340388,10517
0.547136563876652,10518
0.5466549295774648,10519
0.5470536499560247,10520
0.5474516695957821,10521
0.5469710272168569,10522
0.5473684210526316,10523
0.5468886941279579,10524
0.5472854640980735,10525
0.5468066491688539,10526
0.5472027972027972,10527
0.5467248908296943,10528
0.5471204188481675,10529
0.5466434176111595,10530
0.5470383275261324,10531
0.546562228024369,10532
0.5469565217391305,10533
0.5473501303214596,10534
0.546875,10535
0.5472679965307893,10536
0.5467937608318891,10537
0.5471861471861472,10538
0.5475778546712803,10539
0.547104580812446,10540
0.5466321243523317,10541
0.546160483175151,10542
0.5465517241379311,10543
0.5469422911283376,10544
0.5473321858864028,10545
0.5477214101461737,10546
0.5481099656357389,10547
0.5476394849785408,10548
0.5471698113207547,10549
0.5467009425878321,10550
0.5470890410958904,10551
0.5474764756201882,10552
0.5478632478632479,10553
0.5482493595217762,10554
0.5486348122866894,10555
0.5490196078431373,10556
0.5494037478705281,10557
0.548936170212766,10558
0.5493197278911565,10559
0.5488530161427357,10560
0.5483870967741935,10561
0.547921967769296,10562
0.5474576271186441,10563
0.5478408128704487,10564
0.5482233502538071,10565
0.5486052409129332,10566
0.5489864864864865,10567
0.5485232067510548,10568
0.5480607082630692,10569
0.5475989890480202,10570
0.5471380471380471,10571
0.5466778805719091,10572
0.5462184873949579,10573
0.5465994962216625,10574
0.5469798657718121,10575
0.5465213746856664,10576
0.5460636515912898,10577
0.5456066945606695,10578
0.5459866220735786,10579
0.545530492898914,10580
0.5459098497495827,10581
0.5454545454545454,10582
0.545,10583
0.5453788509575354,10584
0.5449251247920133,10585
0.545303408146301,10586
0.5456810631229236,10587
0.546058091286307,10588
0.5456053067993366,10589
0.5451532725766363,10590
0.5455298013245033,10591
0.5450785773366419,10592
0.5454545454545454,10593
0.5450041288191577,10594
0.5453795379537953,10595
0.5449299258037923,10596
0.5444810543657331,10597
0.5448559670781893,10598
0.5444078947368421,10599
0.5439605587510271,10600
0.5443349753694581,10601
0.5438884331419196,10602
0.5434426229508197,10603
0.5438165438165438,10604
0.544189852700491,10605
0.544562551103843,10606
0.5441176470588235,10607
0.5444897959183673,10608
0.5448613376835236,10609
0.5452322738386308,10610
0.5447882736156352,10611
0.5451586655817738,10612
0.5455284552845528,10613
0.545897644191714,10614
0.5462662337662337,10615
0.545823195458232,10616
0.546191247974068,10617
0.5465587044534413,10618
0.5461165048543689,10619
0.5464834276475343,10620
0.5468497576736672,10621
0.5472154963680388,10622
0.5467741935483871,10623
0.5471394037066881,10624
0.5475040257648953,10625
0.5478680611423974,10626
0.547427652733119,10627
0.5477911646586345,10628
0.5481540930979133,10629
0.5485164394546913,10630
0.5480769230769231,10631
0.5484387510008006,10632
0.5488,10633
0.5491606714628298,10634
0.5487220447284346,10635
0.5490822027134876,10636
0.5494417862838915,10637
0.5490039840637451,10638
0.5485668789808917,10639
0.5481304693715194,10640
0.548489666136725,10641
0.5480540111199365,10642
0.5476190476190477,10643
0.5479777954004759,10644
0.5483359746434231,10645
0.547901821060966,10646
0.5474683544303798,10647
0.5470355731225296,10648
0.5466034755134281,10649
0.5469613259668509,10650
0.5465299684542587,10651
0.5460992907801419,10652
0.5464566929133858,10653
0.5460267505900865,10654
0.5455974842767296,10655
0.5459544383346425,10656
0.5463108320251178,10657
0.5466666666666666,10658
0.5462382445141066,10659
0.5465935787000783,10660
0.5461658841940532,10661
0.5465207193119624,10662
0.54609375,10663
0.546448087431694,10664
0.5460218408736349,10665
0.5455962587685113,10666
0.5451713395638629,10667
0.5447470817120622,10668
0.5451010886469674,10669
0.5446775446775447,10670
0.5450310559006211,10671
0.5453840186190846,10672
0.5449612403100775,10673
0.5453137103020914,10674
0.544891640866873,10675
0.5452436194895591,10676
0.544822256568779,10677
0.5444015444015444,10678
0.5447530864197531,10679
0.5451040863531226,10680
0.5446841294298922,10681
0.5450346420323325,10682
0.5453846153846154,10683
0.5457340507302075,10684
0.5460829493087558,10685
0.545663852647736,10686
0.5452453987730062,10687
0.5455938697318008,10688
0.5459418070444104,10689
0.5462892119357307,10690
0.5458715596330275,10691
0.5454545454545454,10692
0.5458015267175572,10693
0.5453852021357742,10694
0.5457317073170732,10695
0.5453160700685453,10696
0.545662100456621,10697
0.5452471482889734,10698
0.5455927051671733,10699
0.5459377372817008,10700
0.5462822458270106,10701
0.5466262319939348,10702
0.546969696969697,10703
0.546555639666919,10704
0.5468986384266263,10705
0.546485260770975,10706
0.5468277945619335,10707
0.5471698113207547,10708
0.5475113122171946,10709
0.5478522984174831,10710
0.5474397590361446,10711
0.5477802859292701,10712
0.5481203007518797,10713
0.5484598046581518,10714
0.5487987987987988,10715
0.5491372843210802,10716
0.5494752623688156,10717
0.549063670411985,10718
0.5486526946107785,10719
0.5482423335826477,10720
0.5478325859491778,10721
0.5474234503360716,10722
0.5477611940298508,10723
0.5480984340044742,10724
0.5484351713859911,10725
0.5487714072970961,10726
0.5483630952380952,10727
0.5486988847583643,10728
0.549034175334324,10729
0.5486265775798069,10730
0.5489614243323442,10731
0.5492957746478874,10732
0.5488888888888889,10733
0.5492227979274611,10734
0.5495562130177515,10735
0.549150036954915,10736
0.5494830132939439,10737
0.5490774907749078,10738
0.5486725663716814,10739
0.5490051584377302,10740
0.5493372606774669,10741
0.5496688741721855,10742
0.549264705882353,10743
0.5495958853783982,10744
0.5499265785609398,10745
0.549523110785033,10746
0.5491202346041055,10747
0.5487179487179488,10748
0.5490483162518301,10749
0.5493782004389174,10750
0.5497076023391813,10751
0.5493060628195763,10752
0.5489051094890511,10753
0.5485047410649161,10754
0.5488338192419825,10755
0.5491624180626365,10756
0.549490538573508,10757
0.5490909090909091,10758
0.5486918604651163,10759
0.5490196078431373,10760
0.5493468795355588,10761
0.5496736765772299,10762
0.5492753623188406,10763
0.5496017378711079,10764
0.5492040520984081,10765
0.549530007230658,10766
0.5491329479768786,10767
0.5487364620938628,10768
0.549062049062049,10769
0.5493871665465032,10770
0.5489913544668588,10771
0.5485961123110151,10772
0.5489208633093525,10773
0.5485262401150252,10774
0.548132183908046,10775
0.5477386934673367,10776
0.5480631276901005,10777
0.5476702508960574,10778
0.5472779369627507,10779
0.5476020042949177,10780
0.5472103004291845,10781
0.546819156540386,10782
0.5464285714285714,10783
0.5460385438972163,10784
0.5456490727532097,10785
0.5452601568068425,10786
0.5448717948717948,10787
0.5444839857651246,10788
0.5440967283072546,10789
0.5444207533759773,10790
0.5440340909090909,10791
0.5436479772888574,10792
0.5439716312056737,10793
0.5435861091424522,10794
0.5432011331444759,10795
0.5435244161358811,10796
0.5431400282885431,10797
0.5434628975265018,10798
0.5437853107344632,10799
0.5434015525758645,10800
0.5430183356840621,10801
0.5433403805496829,10802
0.543661971830986,10803
0.5432793807178043,10804
0.5428973277074542,10805
0.5425158116654955,10806
0.5421348314606742,10807
0.5424561403508772,10808
0.5427769985974754,10809
0.54239663629993,10810
0.5427170868347339,10811
0.543037088873338,10812
0.5433566433566434,10813
0.5429769392033543,10814
0.5425977653631285,10815
0.5422191207257502,10816
0.5418410041841004,10817
0.5414634146341464,10818
0.541782729805014,10819
0.5414057063326374,10820
0.541029207232267,10821
0.5413481584433635,10822
0.5409722222222222,10823
0.5412907702984039,10824
0.5416088765603329,10825
0.5419265419265419,10826
0.5422437673130194,10827
0.5418685121107266,10828
0.5421853388658368,10829
0.5418106427090532,10830
0.5414364640883977,10831
0.5417529330572809,10832
0.5420689655172414,10833
0.5416953824948312,10834
0.5420110192837465,10835
0.5416379903647626,10836
0.5419532324621733,10837
0.5422680412371134,10838
0.5425824175824175,10839
0.5422100205902539,10840
0.5425240054869684,10841
0.542837559972584,10842
0.5431506849315069,10843
0.5434633812457221,10844
0.5437756497948016,10845
0.543403964456596,10846
0.5437158469945356,10847
0.543344709897611,10848
0.5429740791268759,10849
0.5426039536468984,10850
0.5422343324250681,10851
0.5418652144315861,10852
0.5414965986394558,10853
0.5418082936777702,10854
0.5414402173913043,10855
0.5417515274949084,10856
0.5420624151967436,10857
0.5423728813559322,10858
0.5420054200542005,10859
0.5416384563303994,10860
0.5419485791610285,10861
0.5415821501014199,10862
0.5418918918918919,10863
0.5422012153950033,10864
0.5425101214574899,10865
0.5428186109238031,10866
0.5424528301886793,10867
0.5420875420875421,10868
0.5417227456258412,10869
0.5420309347679892,10870
0.5423387096774194,10871
0.5426460711887172,10872
0.5429530201342282,10873
0.5432595573440644,10874
0.5435656836461126,10875
0.5438713998660415,10876
0.5441767068273092,10877
0.5438127090301004,10878
0.5441176470588235,10879
0.5437541750167001,10880
0.5440587449933244,10881
0.5443629086057371,10882
0.5446666666666666,10883
0.5443037974683544,10884
0.5446071904127829,10885
0.5449101796407185,10886
0.5445478723404256,10887
0.5441860465116279,10888
0.5444887118193891,10889
0.5447909754479098,10890
0.5450928381962865,10891
0.5447316103379721,10892
0.5450331125827814,10893
0.5453342157511581,10894
0.5456349206349206,10895
0.5459352280237938,10896
0.5462351387054161,10897
0.5465346534653466,10898
0.5461741424802111,10899
0.5458141067897165,10900
0.5454545454545454,10901
0.5457537853851218,10902
0.5460526315789473,10903
0.5463510848126233,10904
0.5466491458607096,10905
0.5469468154957321,10906
0.5465879265091863,10907
0.5462295081967213,10908
0.546526867627785,10909
0.5461689587426326,10910
0.5464659685863874,10911
0.5461085676913014,10912
0.545751633986928,10913
0.5460483344219464,10914
0.5463446475195822,10915
0.5459882583170255,10916
0.546284224250326,10917
0.5465798045602606,10918
0.5462239583333334,10919
0.5458685751463891,10920
0.5461638491547465,10921
0.5458089668615984,10922
0.5461038961038961,10923
0.5463984425697599,10924
0.546692607003891,10925
0.5463383020090732,10926
0.5466321243523317,10927
0.5462783171521035,10928
0.5459249676584734,10929
0.5455720749838396,10930
0.5458656330749354,10931
0.5461588121368625,10932
0.5458064516129032,10933
0.5460992907801419,10934
0.5463917525773195,10935
0.5460399227301996,10936
0.5456885456885456,10937
0.5453376205787781,10938
0.5456298200514139,10939
0.5452793834296724,10940
0.5455712451861361,10941
0.5458627325208467,10942
0.5455128205128205,10943
0.5451633568225497,10944
0.5454545454545454,10945
0.5457453614843251,10946
0.5460358056265985,10947
0.5456869009584665,10948
0.5459770114942529,10949
0.5462667517549458,10950
0.5459183673469388,10951
0.5455704270235819,10952
0.545859872611465,10953
0.5455124124761298,10954
0.5451653944020356,10955
0.5448188175460903,10956
0.5451080050825922,10957
0.5453968253968254,10958
0.5450507614213198,10959
0.5453392517438174,10960
0.5456273764258555,10961
0.545281823939202,10962
0.5449367088607595,10963
0.5445920303605313,10964
0.5448798988621998,10965
0.5445356917245736,10966
0.5441919191919192,10967
0.5438485804416404,10968
0.5435056746532156,10969
0.5437933207309389,10970
0.5440806045340051,10971
0.5443675267463813,10972
0.5440251572327044,10973
0.5436832181018227,10974
0.5439698492462312,10975
0.544256120527307,10976
0.5439146800501882,10977
0.5442006269592476,10978
0.5444862155388471,10979
0.5441452723857232,10980
0.5438047559449312,10981
0.5440900562851783,10982
0.54375,10983
0.5440349781386633,10984
0.5436953807740325,10985
0.5433562071116657,10986
0.5430174563591023,10987
0.5433021806853583,10988
0.5429638854296388,10989
0.5426260112009956,10990
0.542910447761194,10991
0.54319453076445,10992
0.5434782608695652,10993
0.5431409062693979,10994
0.543424317617866,10995
0.5437073775573465,10996
0.5439900867410161,10997
0.5436532507739938,10998
0.5439356435643564,10999
0.5435992578849722,11000
0.5438813349814586,11001
0.5441630636195183,11002
0.5438271604938272,11003
0.5434916718075262,11004
0.5437731196054254,11005
0.5440542205791744,11006
0.5443349753694581,11007
0.544,11008
0.5436654366543665,11009
0.5439459127228027,11010
0.5442260442260443,11011
0.5438919582565992,11012
0.5435582822085889,11013
0.5432250153280196,11014
0.5435049019607843,11015
0.5431720759338641,11016
0.5428396572827417,11017
0.5425076452599389,11018
0.5421760391198044,11019
0.5418448381185095,11020
0.5415140415140415,11021
0.5417937766931056,11022
0.5420731707317074,11023
0.5423522242535039,11024
0.5426309378806333,11025
0.5429093122337189,11026
0.5425790754257908,11027
0.5428571428571428,11028
0.543134872417983,11029
0.5428051001821493,11030
0.5430825242718447,11031
0.5433596118859915,11032
0.5430303030303031,11033
0.5433070866141733,11034
0.5429782082324455,11035
0.542649727767695,11036
0.5429262394195888,11037
0.543202416918429,11038
0.5434782608695652,11039
0.5431502715751357,11040
0.5434258142340169,11041
0.543701024713683,11042
0.5439759036144578,11043
0.5442504515352198,11044
0.5445246690734056,11045
0.544798556825015,11046
0.5450721153846154,11047
0.5453453453453454,11048
0.5450180072028812,11049
0.5446910617876425,11050
0.5449640287769785,11051
0.5446375074895147,11052
0.5449101796407185,11053
0.5445840813883902,11054
0.5448564593301436,11055
0.5445307830245069,11056
0.5448028673835126,11057
0.5450746268656717,11058
0.5447494033412887,11059
0.5444245676803816,11060
0.5441001191895113,11061
0.543776057176891,11062
0.544047619047619,11063
0.5437239738251041,11064
0.5434007134363853,11065
0.5436720142602496,11066
0.5439429928741093,11067
0.544213649851632,11068
0.5438908659549229,11069
0.5435684647302904,11070
0.5438388625592417,11071
0.5441089402013025,11072
0.5443786982248521,11073
0.5446481371969248,11074
0.5449172576832151,11075
0.5451860602480804,11076
0.5454545454545454,11077
0.5457227138643068,11078
0.5454009433962265,11079
0.5450795521508545,11080
0.5447585394581861,11081
0.544437904649794,11082
0.5441176470588235,11083
0.5437977660199882,11084
0.5440658049353702,11085
0.5443335290663535,11086
0.5446009389671361,11087
0.5448680351906159,11088
0.5445486518171161,11089
0.5448154657293497,11090
0.5450819672131147,11091
0.5447630193095377,11092
0.5444444444444444,11093
0.5447106954997077,11094
0.544392523364486,11095
0.5446584938704028,11096
0.5443407234539089,11097
0.5440233236151604,11098
0.5442890442890443,11099
0.5439720442632499,11100
0.5436554132712457,11101
0.5439208842350204,11102
0.5436046511627907,11103
0.5432887855897733,11104
0.5429732868757259,11105
0.543238537434707,11106
0.5435034802784223,11107
0.5431884057971015,11108
0.5428736964078795,11109
0.5431383902721483,11110
0.5434027777777778,11111
0.5436668594563332,11112
0.5433526011560693,11113
0.5430387059503178,11114
0.5433025404157044,11115
0.5429890363531449,11116
0.5426758938869666,11117
0.5429394812680115,11118
0.5432027649769585,11119
0.5428900402993667,11120
0.5431530494821634,11121
0.542840713053479,11122
0.542528735632184,11123
0.5422171165996553,11124
0.5424799081515499,11125
0.5421686746987951,11126
0.5418577981651376,11127
0.5415472779369628,11128
0.5412371134020618,11129
0.540927303949628,11130
0.5411899313501144,11131
0.5414522584333905,11132
0.5417142857142857,11133
0.5419760137064534,11134
0.5416666666666666,11135
0.5419281232173417,11136
0.5421892816419612,11137
0.5418803418803418,11138
0.5415717539863326,11139
0.5418326693227091,11140
0.5415244596131968,11141
0.5412166003411029,11142
0.5414772727272728,11143
0.5417376490630323,11144
0.5419977298524404,11145
0.5422575155984118,11146
0.5419501133786848,11147
0.5422096317280454,11148
0.5419026047565119,11149
0.5421618562535371,11150
0.5418552036199095,11151
0.5415488976823064,11152
0.5412429378531074,11153
0.541501976284585,11154
0.541196388261851,11155
0.5408911449520587,11156
0.5405862457722661,11157
0.5408450704225352,11158
0.5405405405405406,11159
0.5402363534046145,11160
0.5399325084364455,11161
0.5401911186059584,11162
0.5398876404494382,11163
0.5395845030881528,11164
0.5398428731762065,11165
0.5401009534492428,11166
0.5397982062780269,11167
0.5400560224089636,11168
0.5403135498320268,11169
0.5400111919418019,11170
0.540268456375839,11171
0.5405254332029067,11172
0.5407821229050279,11173
0.5404801786711334,11174
0.5401785714285714,11175
0.5398773006134969,11176
0.5395763656633222,11177
0.53983286908078,11178
0.5395322939866369,11179
0.5397885364496383,11180
0.5394883203559511,11181
0.5391884380211228,11182
0.5394444444444444,11183
0.5391449194891726,11184
0.5394006659267481,11185
0.5391014975041597,11186
0.5393569844789357,11187
0.539612188365651,11188
0.5393133997785161,11189
0.539568345323741,11190
0.5392699115044248,11191
0.5395245992260918,11192
0.5392265193370166,11193
0.5389287686361126,11194
0.5386313465783664,11195
0.5388858246001104,11196
0.5391400220507166,11197
0.5388429752066116,11198
0.5390969162995595,11199
0.538800220143093,11200
0.5390539053905391,11201
0.5387575590984057,11202
0.539010989010989,11203
0.5392641405820977,11204
0.539517014270033,11205
0.5392210641799232,11206
0.5394736842105263,11207
0.5397260273972603,11208
0.5394304490690033,11209
0.5391351943076081,11210
0.5388402625820569,11211
0.5385456533624932,11212
0.5387978142076503,11213
0.5385035499726926,11214
0.5387554585152838,11215
0.5384615384615384,11216
0.5387131952017448,11217
0.5384196185286103,11218
0.5386710239651417,11219
0.5383777898747959,11220
0.5386289445048966,11221
0.5383360522022839,11222
0.5380434782608695,11223
0.5382944052145573,11224
0.5385450597176982,11225
0.5382528486163863,11226
0.5385032537960954,11227
0.5387533875338754,11228
0.5384615384615384,11229
0.5381700054141851,11230
0.5378787878787878,11231
0.5381287182260681,11232
0.5383783783783784,11233
0.5386277687736358,11234
0.5383369330453563,11235
0.5380464112250405,11236
0.5382955771305286,11237
0.5380053908355795,11238
0.5382543103448276,11239
0.5385029617662898,11240
0.5382131324004306,11241
0.5384615384615384,11242
0.5387096774193548,11243
0.53895754970446,11244
0.5386680988184748,11245
0.5383789586688137,11246
0.5380901287553648,11247
0.5378016085790884,11248
0.5380493033226152,11249
0.5377611140867702,11250
0.5380085653104925,11251
0.5377207062600321,11252
0.5379679144385027,11253
0.5376803848209514,11254
0.5379273504273504,11255
0.5381740523224773,11256
0.5378868729989328,11257
0.5381333333333334,11258
0.5378464818763327,11259
0.5380927011188066,11260
0.5383386581469649,11261
0.5385843533794572,11262
0.5382978723404256,11263
0.5385433280170122,11264
0.5382571732199788,11265
0.5385023898035051,11266
0.5382165605095541,11267
0.5379310344827586,11268
0.5381760339342524,11269
0.5378908320084791,11270
0.538135593220339,11271
0.5378507146638433,11272
0.5380952380952381,11273
0.5383395029085141,11274
0.5385835095137421,11275
0.5382989963021658,11276
0.5385427666314678,11277
0.5382585751978892,11278
0.5379746835443038,11279
0.5376910911966263,11280
0.5379346680716544,11281
0.5381779884149552,11282
0.5384210526315789,11283
0.5386638611257233,11284
0.538906414300736,11285
0.5391487125591172,11286
0.5388655462184874,11287
0.5385826771653544,11288
0.5388247639034628,11289
0.5390665967488202,11290
0.539308176100629,11291
0.5395495023572551,11292
0.5397905759162304,11293
0.5400313971742543,11294
0.5397489539748954,11295
0.5394668060637742,11296
0.5397074190177639,11297
0.5399477806788512,11298
0.5396659707724426,11299
0.539906103286385,11300
0.5401459854014599,11301
0.5403856175091193,11302
0.540625,11303
0.5403435710567412,11304
0.5400624349635796,11305
0.5403016120644826,11306
0.5405405405405406,11307
0.5402597402597402,11308
0.5404984423676013,11309
0.5407368967306694,11310
0.5404564315352697,11311
0.5406946604458268,11312
0.5404145077720207,11313
0.5401346452615226,11314
0.5398550724637681,11315
0.5395757889291257,11316
0.5398138572905895,11317
0.5400516795865633,11318
0.5397727272727273,11319
0.5394940629839958,11320
0.5397316821465429,11321
0.5394533264569366,11322
0.5396907216494845,11323
0.5394126738794436,11324
0.53913491246138,11325
0.5393721049922799,11326
0.5390946502057613,11327
0.5388174807197943,11328
0.5390544707091469,11329
0.539291217257319,11330
0.5395277207392197,11331
0.5397639815289892,11332
0.5394871794871795,11333
0.5392106611993849,11334
0.5389344262295082,11335
0.5386584741423451,11336
0.5383828045035824,11337
0.5386189258312021,11338
0.5383435582822086,11339
0.5380684721512519,11340
0.5383043922369765,11341
0.5385400714650331,11342
0.5387755102040817,11343
0.5390107088220296,11344
0.5392456676860347,11345
0.5389709628120224,11346
0.5386965376782077,11347
0.5389312977099237,11348
0.5386571719226857,11349
0.5388917132689375,11350
0.5391260162601627,11351
0.5388522092432707,11352
0.5390862944162437,11353
0.5388127853881278,11354
0.5385395537525355,11355
0.5387734414597061,11356
0.5390070921985816,11357
0.5392405063291139,11358
0.5394736842105263,11359
0.5392008093070308,11360
0.538928210313448,11361
0.538655886811521,11362
0.5388888888888889,11363
0.5391216557294296,11364
0.5393541876892028,11365
0.5390821986888553,11366
0.5393145161290323,11367
0.5395465994962216,11368
0.5397784491440081,11369
0.5400100654252642,11370
0.540241448692153,11371
0.5404725992961287,11372
0.5407035175879397,11373
0.5404319437468609,11374
0.5401606425702812,11375
0.5403913697942799,11376
0.5406218655967904,11377
0.5408521303258146,11378
0.5410821643286573,11379
0.5408112168252378,11380
0.541041041041041,11381
0.5412706353176588,11382
0.5415,11383
0.5417291354322838,11384
0.5414585414585414,11385
0.5416874687968047,11386
0.5419161676646707,11387
0.5421446384039901,11388
0.5418743768693918,11389
0.541604384653712,11390
0.5418326693227091,11391
0.5420607267297163,11392
0.5422885572139303,11393
0.5420188960716061,11394
0.5422465208747514,11395
0.5424739195230999,11396
0.5422045680238332,11397
0.5424317617866005,11398
0.5426587301587301,11399
0.5423896876549331,11400
0.5426164519326065,11401
0.54284299157999,11402
0.5425742574257426,11403
0.5423057892132608,11404
0.5425321463897131,11405
0.5427582797825012,11406
0.5424901185770751,11407
0.5422222222222223,11408
0.5424481737413623,11409
0.5421805624074988,11410
0.5419132149901381,11411
0.5421389847215377,11412
0.5423645320197045,11413
0.5425898572131955,11414
0.5423228346456693,11415
0.5425479586817511,11416
0.5422812192723697,11417
0.542014742014742,11418
0.5417485265225933,11419
0.5419734904270986,11420
0.5417075564278705,11421
0.5419323197645904,11422
0.542156862745098,11423
0.5418912297893189,11424
0.5421155729676788,11425
0.5418502202643172,11426
0.5420743639921722,11427
0.5418092909535452,11428
0.5420332355816226,11429
0.5417684416218856,11430
0.54150390625,11431
0.5412396290873597,11432
0.5409756097560976,11433
0.5407118478790833,11434
0.5404483430799221,11435
0.5401850949829518,11436
0.5399221032132424,11437
0.5396593673965937,11438
0.539396887159533,11439
0.5391346621293145,11440
0.5393586005830904,11441
0.5390966488586693,11442
0.5388349514563107,11443
0.5390587093643863,11444
0.5387972841901066,11445
0.538536112457586,11446
0.5382751937984496,11447
0.5380145278450363,11448
0.5382381413359149,11449
0.5384615384615384,11450
0.5382011605415861,11451
0.5384243595940068,11452
0.5381642512077295,11453
0.5383872525350072,11454
0.5381274131274131,11455
0.537867824409069,11456
0.5380906460945034,11457
0.5378313253012048,11458
0.5375722543352601,11459
0.5377948964853153,11460
0.5380173243503369,11461
0.5377585377585378,11462
0.5375,11463
0.5372417107160019,11464
0.5369836695485111,11465
0.5367258761401824,11466
0.5369481765834933,11467
0.5371702637889688,11468
0.5369127516778524,11469
0.5366554863440345,11470
0.5363984674329502,11471
0.5366203925323121,11472
0.5368421052631579,11473
0.537063605930177,11474
0.5368068833652008,11475
0.5365504061156235,11476
0.5367717287488061,11477
0.5365155131264916,11478
0.5362595419847328,11479
0.5364806866952789,11480
0.5362249761677789,11481
0.5364459266317294,11482
0.5361904761904762,11483
0.5359352689195621,11484
0.5356803044719315,11485
0.5359010936757014,11486
0.5356463878326996,11487
0.5358669833729216,11488
0.5356125356125356,11489
0.5353583293782629,11490
0.5355787476280834,11491
0.5357989568515884,11492
0.5355450236966824,11493
0.5352913311226907,11494
0.5355113636363636,11495
0.5357311878845243,11496
0.5354777672658467,11497
0.5352245862884161,11498
0.5354442344045368,11499
0.5351913084553613,11500
0.5349386213408877,11501
0.5351580934403021,11502
0.535377358490566,11503
0.5351249410655351,11504
0.5353440150801131,11505
0.5355628827131418,11506
0.5357815442561206,11507
0.536,11508
0.5357478833490122,11509
0.5354960037611659,11510
0.5357142857142857,11511
0.5359323626115547,11512
0.536150234741784,11513
0.5358986391365556,11514
0.5361163227016885,11515
0.536333802156587,11516
0.5365510777881912,11517
0.536768149882904,11518
0.5369850187265918,11519
0.5367337388862892,11520
0.5369504209541628,11521
0.5366993922393641,11522
0.5364485981308411,11523
0.5366651097617936,11524
0.5364145658263305,11525
0.5366308912739151,11526
0.5363805970149254,11527
0.5361305361305362,11528
0.5358807082945014,11529
0.536096879366558,11530
0.5363128491620112,11531
0.5365286179618427,11532
0.5362790697674419,11533
0.5364946536494654,11534
0.5367100371747212,11535
0.5364607524384579,11536
0.5362116991643454,11537
0.5364269141531323,11538
0.5366419294990723,11539
0.5363931386184515,11540
0.5366079703429101,11541
0.5368226030569708,11542
0.5365740740740741,11543
0.5363257751041185,11544
0.5360777058279371,11545
0.5358298659269533,11546
0.5355822550831792,11547
0.5353348729792148,11548
0.5355493998153278,11549
0.5357637286571296,11550
0.5355166051660517,11551
0.5357307514983863,11552
0.5359447004608295,11553
0.536158452326117,11554
0.5359116022099447,11555
0.5361251725724805,11556
0.5358785648574057,11557
0.535632183908046,11558
0.5358455882352942,11559
0.5360587965089573,11560
0.5362718089990818,11561
0.536484625975218,11562
0.5362385321100918,11563
0.5364511691884457,11564
0.5366636113657195,11565
0.5368758589097572,11566
0.5370879120879121,11567
0.5372997711670481,11568
0.5370539798719122,11569
0.5368084133516232,11570
0.5370201096892139,11571
0.5367747830059388,11572
0.536986301369863,11573
0.536741214057508,11574
0.5364963503649635,11575
0.5362517099863201,11576
0.536007292616226,11577
0.5362186788154898,11578
0.5364298724954463,11579
0.5366408739189804,11580
0.5368516833484986,11581
0.53706230104593,11582
0.5372727272727272,11583
0.5370286233530214,11584
0.5367847411444142,11585
0.536995006808897,11586
0.5372050816696915,11587
0.5369614512471655,11588
0.5367180417044425,11589
0.5364748527412777,11590
0.5366847826086957,11591
0.536441828881847,11592
0.5366515837104072,11593
0.5364088647670737,11594
0.5361663652802894,11595
0.5363759602349751,11596
0.5365853658536586,11597
0.5367945823927766,11598
0.5365523465703971,11599
0.5367613892647722,11600
0.5365193868349865,11601
0.5367282559711581,11602
0.5369369369369369,11603
0.5371454299864926,11604
0.536903690369037,11605
0.5366621682411156,11606
0.5368705035971223,11607
0.5370786516853933,11608
0.5372866127583109,11609
0.5374943870678042,11610
0.5372531418312387,11611
0.5370121130551817,11612
0.537219730941704,11613
0.5374271627073062,11614
0.5371863799283154,11615
0.5369458128078818,11616
0.536705461056401,11617
0.5369127516778524,11618
0.5366726296958855,11619
0.5368797496647295,11620
0.5370866845397676,11621
0.537293434569004,11622
0.5370535714285715,11623
0.536813922356091,11624
0.5370205173951829,11625
0.5367810967454302,11626
0.5369875222816399,11627
0.5371937639198219,11628
0.53739982190561,11629
0.5371606586559857,11630
0.5373665480427047,11631
0.5375722543352601,11632
0.5377777777777778,11633
0.5379831186139493,11634
0.5377442273534636,11635
0.5375055481580115,11636
0.5377107364685004,11637
0.5379157427937916,11638
0.537677304964539,11639
0.5378821444395215,11640
0.537643932683791,11641
0.5378486055776892,11642
0.5380530973451327,11643
0.5382574082264485,11644
0.5380194518125553,11645
0.5377817057003977,11646
0.5379858657243817,11647
0.5377483443708609,11648
0.5375110326566638,11649
0.537273930304367,11650
0.5374779541446209,11651
0.5376817981489643,11652
0.5374449339207048,11653
0.5376486129458389,11654
0.5374119718309859,11655
0.537615486141663,11656
0.5373790677220757,11657
0.5371428571428571,11658
0.5369068541300527,11659
0.5371102327624067,11660
0.5368744512730466,11661
0.5370776656428258,11662
0.5368421052631579,11663
0.5370451556334941,11664
0.5368098159509203,11665
0.5370127025843189,11666
0.5367775831873906,11667
0.5365426695842451,11668
0.536745406824147,11669
0.5365107127240927,11670
0.5367132867132867,11671
0.5369156837046746,11672
0.5366812227074236,11673
0.5364469663902226,11674
0.5362129144851658,11675
0.5364151766245093,11676
0.536617262423714,11677
inf,11678
1.0,11679
0.5,11680
0.3333333333333333,11681
0.25,11682
0.4,11683
0.5,11684
0.42857142857142855,11685
0.5,11686
0.5555555555555556,11687
0.6,11688
0.5454545454545454,11689
0.5,11690
0.5384615384615384,11691
0.5714285714285714,11692
0.5333333333333333,11693
0.5625,11694
0.5294117647058824,11695
0.5555555555555556,11696
0.5789473684210527,11697
0.6,11698
0.5714285714285714,11699
0.5454545454545454,11700
0.5217391304347826,11701
0.5,11702
0.48,11703
0.46153846153846156,11704
0.48148148148148145,11705
0.5,11706
0.5172413793103449,11707
0.5,11708
0.4838709677419355,11709
0.46875,11710
0.45454545454545453,11711
0.47058823529411764,11712
0.4857142857142857,11713
0.4722222222222222,11714
0.4864864864864865,11715
0.5,11716
0.48717948717948717,11717
0.5,11718
0.4878048780487805,11719
0.47619047619047616,11720
0.46511627906976744,11721
0.45454545454545453,11722
0.4666666666666667,11723
0.45652173913043476,11724
0.44680851063829785,11725
0.4375,11726
0.4489795918367347,11727
0.46,11728
0.47058823529411764,11729
0.46153846153846156,11730
0.4716981132075472,11731
0.48148148148148145,11732
0.4909090909090909,11733
0.48214285714285715,11734
0.49122807017543857,11735
0.4827586206896552,11736
0.4745762711864407,11737
0.48333333333333334,11738
0.4918032786885246,11739
0.4838709677419355,11740
0.47619047619047616,11741
0.484375,11742
0.49230769230769234,11743
0.48484848484848486,11744
0.47761194029850745,11745
0.47058823529411764,11746
0.463768115942029,11747
0.4714285714285714,11748
0.4788732394366197,11749
0.4861111111111111,11750
0.4931506849315068,11751
0.4864864864864865,11752
0.49333333333333335,11753
0.4868421052631579,11754
0.4935064935064935,11755
0.5,11756
0.5063291139240507,11757
0.5,11758
0.49382716049382713,11759
0.4878048780487805,11760
0.4939759036144578,11761
0.5,11762
0.49411764705882355,11763
0.4883720930232558,11764
0.4827586206896552,11765
0.4772727272727273,11766
0.47191011235955055,11767
0.4777777777777778,11768
0.4835164835164835,11769
0.4891304347826087,11770
0.4946236559139785,11771
0.48936170212765956,11772
0.4842105263157895,11773
0.4895833333333333,11774
0.4948453608247423,11775
0.5,11776
0.494949494949495,11777
0.5,11778
0.49504950495049505,11779
0.49019607843137253,11780
0.4854368932038835,11781
0.49038461538461536,11782
0.49523809523809526,11783
0.5,11784
0.4953271028037383,11785
0.5,11786
0.4954128440366973,11787
0.4909090909090909,11788
0.4864864864864865,11789
0.48214285714285715,11790
0.4778761061946903,11791
0.4824561403508772,11792
0.48695652173913045,11793
0.49137931034482757,11794
0.48717948717948717,11795
0.4830508474576271,11796
0.48739495798319327,11797
0.49166666666666664,11798
0.49586776859504134,11799
0.5,11800
0.4959349593495935,11801
0.49193548387096775,11802
0.488,11803
0.49206349206349204,11804
0.4881889763779528,11805
0.4921875,11806
0.4883720930232558,11807
0.4846153846153846,11808
0.48854961832061067,11809
0.48484848484848486,11810
0.48872180451127817,11811
0.48507462686567165,11812
0.48148148148148145,11813
0.4852941176470588,11814
0.48905109489051096,11815
0.4927536231884058,11816
0.49640287769784175,11817
0.4928571428571429,11818
0.48936170212765956,11819
0.49295774647887325,11820
0.4965034965034965,11821
0.5,11822
0.503448275862069,11823
0.5068493150684932,11824
0.5034013605442177,11825
0.5,11826
0.4966442953020134,11827
0.5,11828
0.4966887417218543,11829
0.4934210526315789,11830
0.49019607843137253,11831
0.487012987012987,11832
0.4838709677419355,11833
0.48717948717948717,11834
0.49044585987261147,11835
0.4936708860759494,11836
0.4968553459119497,11837
0.49375,11838
0.4968944099378882,11839
0.49382716049382713,11840
0.49693251533742333,11841
0.49390243902439024,11842
0.49696969696969695,11843
0.5,11844
0.49700598802395207,11845
0.5,11846
0.4970414201183432,11847
0.5,11848
0.5029239766081871,11849
0.5058139534883721,11850
0.5086705202312138,11851
0.5114942528735632,11852
0.5142857142857142,11853
0.5170454545454546,11854
0.519774011299435,11855
0.5168539325842697,11856
0.5195530726256983,11857
0.5222222222222223,11858
0.5248618784530387,11859
0.521978021978022,11860
0.5191256830601093,11861
0.5163043478260869,11862
0.5135135135135135,11863
0.510752688172043,11864
0.5133689839572193,11865
0.5106382978723404,11866
0.5132275132275133,11867
0.5105263157894737,11868
0.5078534031413613,11869
0.5052083333333334,11870
0.5077720207253886,11871
0.5051546391752577,11872
0.5025641025641026,11873
0.5,11874
0.5025380710659898,11875
0.5050505050505051,11876
0.507537688442211,11877
0.505,11878
0.5074626865671642,11879
0.5099009900990099,11880
0.5123152709359606,11881
0.5098039215686274,11882
0.5073170731707317,11883
0.5097087378640777,11884
0.5072463768115942,11885
0.5048076923076923,11886
0.5023923444976076,11887
0.5047619047619047,11888
0.5071090047393365,11889
0.5094339622641509,11890
0.5070422535211268,11891
0.5046728971962616,11892
0.5069767441860465,11893
0.5046296296296297,11894
0.5069124423963134,11895
0.5045871559633027,11896
0.502283105022831,11897
0.5,11898
0.502262443438914,11899
0.5045045045045045,11900
0.5067264573991032,11901
0.5089285714285714,11902
0.5066666666666667,11903
0.5088495575221239,11904
0.5110132158590308,11905
0.5131578947368421,11906
0.5152838427947598,11907
0.5173913043478261,11908
0.5151515151515151,11909
0.5172413793103449,11910
0.5150214592274678,11911
0.5170940170940171,11912
0.5148936170212766,11913
0.5127118644067796,11914
0.510548523206751,11915
0.5126050420168067,11916
0.5104602510460251,11917
0.5125,11918
0.5145228215767634,11919
0.5165289256198347,11920
0.5185185185185185,11921
0.5204918032786885,11922
0.5183673469387755,11923
0.5203252032520326,11924
0.5182186234817814,11925
0.5201612903225806,11926
0.5220883534136547,11927
0.524,11928
0.5258964143426295,11929
0.5277777777777778,11930
0.525691699604743,11931
0.5236220472440944,11932
0.5254901960784314,11933
0.5234375,11934
0.5252918287937743,11935
0.5232558139534884,11936
0.525096525096525,11937
0.5230769230769231,11938
0.5210727969348659,11939
0.5190839694656488,11940
0.5171102661596958,11941
0.5151515151515151,11942
0.5169811320754717,11943
0.518796992481203,11944
0.5205992509363296,11945
0.5223880597014925,11946
0.5241635687732342,11947
0.5222222222222223,11948
0.5202952029520295,11949
0.5183823529411765,11950
0.5201465201465202,11951
0.5218978102189781,11952
0.5236363636363637,11953
0.5253623188405797,11954
0.5270758122743683,11955
0.5251798561151079,11956
0.5268817204301075,11957
0.5285714285714286,11958
0.5266903914590747,11959
0.524822695035461,11960
0.5229681978798587,11961
0.5211267605633803,11962
0.519298245614035,11963
0.5209790209790209,11964
0.519163763066202,11965
0.5208333333333334,11966
0.5190311418685121,11967
0.5172413793103449,11968
0.5154639175257731,11969
0.5171232876712328,11970
0.5187713310580204,11971
0.5204081632653061,11972
0.5186440677966102,11973
0.5168918918918919,11974
0.5151515151515151,11975
0.5167785234899329,11976
0.5183946488294314,11977
0.52,11978
0.521594684385382,11979
0.5198675496688742,11980
0.5181518151815182,11981
0.5164473684210527,11982
0.5180327868852459,11983
0.5163398692810458,11984
0.5179153094462541,11985
0.5194805194805194,11986
0.517799352750809,11987
0.5161290322580645,11988
0.5144694533762058,11989
0.5160256410256411,11990
0.5143769968051118,11991
0.5127388535031847,11992
0.5111111111111111,11993
0.509493670886076,11994
0.5078864353312302,11995
0.5062893081761006,11996
0.5078369905956113,11997
0.50625,11998
0.5077881619937694,11999
0.5093167701863354,12000
0.5108359133126935,12001
0.5092592592592593,12002
0.5107692307692308,12003
0.5122699386503068,12004
0.5137614678899083,12005
0.5152439024390244,12006
0.513677811550152,12007
0.5151515151515151,12008
0.513595166163142,12009
0.5150602409638554,12010
0.5165165165165165,12011
0.5149700598802395,12012
0.5134328358208955,12013
0.5119047619047619,12014
0.5133531157270029,12015
0.514792899408284,12016
0.5132743362831859,12017
0.5117647058823529,12018
0.5131964809384164,12019
0.5116959064327485,12020
0.5131195335276968,12021
0.5145348837209303,12022
0.5130434782608696,12023
0.5144508670520231,12024
0.515850144092219,12025
0.514367816091954,12026
0.5157593123209169,12027
0.5142857142857142,12028
0.5156695156695157,12029
0.5170454545454546,12030
0.5184135977337111,12031
0.5169491525423728,12032
0.5154929577464789,12033
0.5168539325842697,12034
0.5182072829131653,12035
0.5195530726256983,12036
0.520891364902507,12037
0.5222222222222223,12038
0.5207756232686981,12039
0.5220994475138122,12040
0.5206611570247934,12041
0.5192307692307693,12042
0.5205479452054794,12043
0.5218579234972678,12044
0.5204359673024523,12045
0.5217391304347826,12046
0.5203252032520326,12047
0.518918918918919,12048
0.5202156334231806,12049
0.5188172043010753,12050
0.5201072386058981,12051
0.5213903743315508,12052
0.52,12053
0.5186170212765957,12054
0.5172413793103449,12055
0.5158730158730159,12056
0.5171503957783641,12057
0.5157894736842106,12058
0.5170603674540682,12059
0.518324607329843,12060
0.5169712793733682,12061
0.515625,12062
0.5168831168831168,12063
0.5181347150259067,12064
0.5167958656330749,12065
0.5180412371134021,12066
0.5167095115681234,12067
0.5153846153846153,12068
0.5140664961636828,12069
0.5153061224489796,12070
0.5165394402035624,12071
0.5177664974619289,12072
0.5189873417721519,12073
0.5176767676767676,12074
0.5188916876574308,12075
0.5175879396984925,12076
0.518796992481203,12077
0.52,12078
0.5187032418952618,12079
0.5174129353233831,12080
0.5161290322580645,12081
0.5148514851485149,12082
0.5135802469135803,12083
0.5147783251231527,12084
0.515970515970516,12085
0.5147058823529411,12086
0.5134474327628362,12087
0.5121951219512195,12088
0.51338199513382,12089
0.5121359223300971,12090
0.513317191283293,12091
0.5144927536231884,12092
0.5132530120481927,12093
0.5120192307692307,12094
0.513189448441247,12095
0.5143540669856459,12096
0.5155131264916468,12097
0.5142857142857142,12098
0.5154394299287411,12099
0.514218009478673,12100
0.5153664302600472,12101
0.5141509433962265,12102
0.5129411764705882,12103
0.5140845070422535,12104
0.5152224824355972,12105
0.5163551401869159,12106
0.5151515151515151,12107
0.5162790697674419,12108
0.5174013921113689,12109
0.5185185185185185,12110
0.5196304849884527,12111
0.5184331797235023,12112
0.5195402298850574,12113
0.518348623853211,12114
0.5194508009153318,12115
0.5182648401826484,12116
0.5170842824601367,12117
0.5159090909090909,12118
0.5170068027210885,12119
0.5158371040723982,12120
0.5146726862302483,12121
0.5135135135135135,12122
0.5146067415730337,12123
0.5134529147982063,12124
0.5123042505592841,12125
0.5133928571428571,12126
0.512249443207127,12127
0.5133333333333333,12128
0.5144124168514412,12129
0.5154867256637168,12130
0.5143487858719646,12131
0.513215859030837,12132
0.5142857142857142,12133
0.5153508771929824,12134
0.5142231947483589,12135
0.5152838427947598,12136
0.514161220043573,12137
0.5130434782608696,12138
0.5119305856832972,12139
0.5108225108225108,12140
0.509719222462203,12141
0.5107758620689655,12142
0.5096774193548387,12143
0.5085836909871244,12144
0.5096359743040685,12145
0.5106837606837606,12146
0.511727078891258,12147
0.5106382978723404,12148
0.5116772823779193,12149
0.5127118644067796,12150
0.5116279069767442,12151
0.5126582278481012,12152
0.511578947368421,12153
0.5105042016806722,12154
0.5115303983228512,12155
0.5104602510460251,12156
0.5093945720250522,12157
0.5104166666666666,12158
0.5093555093555093,12159
0.5103734439834025,12160
0.5113871635610766,12161
0.512396694214876,12162
0.51340206185567,12163
0.5123456790123457,12164
0.5112936344969199,12165
0.5102459016393442,12166
0.5112474437627812,12167
0.5122448979591837,12168
0.5132382892057027,12169
0.5121951219512195,12170
0.5111561866125761,12171
0.5121457489878543,12172
0.5111111111111111,12173
0.5120967741935484,12174
0.5110663983903421,12175
0.5120481927710844,12176
0.5110220440881763,12177
0.512,12178
0.5109780439121756,12179
0.5119521912350598,12180
0.510934393638171,12181
0.5119047619047619,12182
0.5128712871287129,12183
0.5118577075098815,12184
0.5128205128205128,12185
0.5137795275590551,12186
0.5147347740667977,12187
0.5137254901960784,12188
0.512720156555773,12189
0.51171875,12190
0.5107212475633528,12191
0.5116731517509727,12192
0.512621359223301,12193
0.5135658914728682,12194
0.5145067698259188,12195
0.5154440154440154,12196
0.5144508670520231,12197
0.5153846153846153,12198
0.5143953934740882,12199
0.5134099616858238,12200
0.51434034416826,12201
0.5133587786259542,12202
0.5142857142857142,12203
0.5152091254752852,12204
0.5161290322580645,12205
0.5170454545454546,12206
0.5179584120982986,12207
0.5169811320754717,12208
0.5160075329566854,12209
0.5150375939849624,12210
0.5159474671669794,12211
0.5149812734082397,12212
0.5158878504672897,12213
0.5149253731343284,12214
0.5139664804469274,12215
0.5148698884758365,12216
0.5139146567717996,12217
0.5148148148148148,12218
0.5138632162661737,12219
0.514760147601476,12220
0.5156537753222836,12221
0.5147058823529411,12222
0.5137614678899083,12223
0.5146520146520146,12224
0.5155393053016454,12225
0.5164233576642335,12226
0.517304189435337,12227
0.5163636363636364,12228
0.515426497277677,12229
0.5144927536231884,12230
0.515370705244123,12231
0.5144404332129964,12232
0.5135135135135135,12233
0.512589928057554,12234
0.5134649910233393,12235
0.5125448028673835,12236
0.5134168157423972,12237
0.5142857142857142,12238
0.5151515151515151,12239
0.5160142348754448,12240
0.5168738898756661,12241
0.5177304964539007,12242
0.5185840707964602,12243
0.5176678445229682,12244
0.5185185185185185,12245
0.5176056338028169,12246
0.5166959578207382,12247
0.5157894736842106,12248
0.5166374781085814,12249
0.5157342657342657,12250
0.5148342059336823,12251
0.5139372822299652,12252
0.5130434782608696,12253
0.5138888888888888,12254
0.512998266897747,12255
0.5121107266435986,12256
0.5112262521588946,12257
0.5120689655172413,12258
0.5111876075731497,12259
0.5120274914089347,12260
0.5128644939965694,12261
0.511986301369863,12262
0.5111111111111111,12263
0.5119453924914675,12264
0.5110732538330494,12265
0.5119047619047619,12266
0.5127334465195246,12267
0.5135593220338983,12268
0.5126903553299492,12269
0.5118243243243243,12270
0.5109612141652614,12271
0.5117845117845118,12272
0.5126050420168067,12273
0.511744966442953,12274
0.5108877721943048,12275
0.5117056856187291,12276
0.5108514190317195,12277
0.51,12278
0.5091514143094842,12279
0.5083056478405316,12280
0.5091210613598673,12281
0.5082781456953642,12282
0.509090909090909,12283
0.5082508250825083,12284
0.5090609555189456,12285
0.5082236842105263,12286
0.5073891625615764,12287
0.5081967213114754,12288
0.5090016366612111,12289
0.5081699346405228,12290
0.5089722675367048,12291
0.509771986970684,12292
0.510569105691057,12293
0.5097402597402597,12294
0.5105348460291734,12295
0.511326860841424,12296
0.5105008077544426,12297
0.5112903225806451,12298
0.5104669887278583,12299
0.5112540192926045,12300
0.5120385232744783,12301
0.5128205128205128,12302
0.5136,12303
0.512779552715655,12304
0.5135566188197768,12305
0.5143312101910829,12306
0.5135135135135135,12307
0.5142857142857142,12308
0.5150554675118859,12309
0.5142405063291139,12310
0.5150078988941548,12311
0.5141955835962145,12312
0.5133858267716536,12313
0.5141509433962265,12314
0.5149136577708007,12315
0.5141065830721003,12316
0.513302034428795,12317
0.5140625,12318
0.514820592823713,12319
0.5155763239875389,12320
0.5147744945567652,12321
0.515527950310559,12322
0.5147286821705427,12323
0.5154798761609907,12324
0.5146831530139103,12325
0.5138888888888888,12326
0.5130970724191063,12327
0.5123076923076924,12328
0.5130568356374808,12329
0.5122699386503068,12330
0.5130168453292496,12331
0.5137614678899083,12332
0.5129770992366413,12333
0.5121951219512195,12334
0.512937595129376,12335
0.513677811550152,12336
0.5128983308042488,12337
0.5121212121212121,12338
0.5128593040847201,12339
0.5120845921450151,12340
0.5113122171945701,12341
0.5120481927710844,12342
0.5112781954887218,12343
0.5105105105105106,12344
0.5112443778110944,12345
0.5119760479041916,12346
0.5112107623318386,12347
0.5119402985074627,12348
0.5126676602086438,12349
0.5133928571428571,12350
0.5141158989598811,12351
0.5148367952522255,12352
0.5140740740740741,12353
0.514792899408284,12354
0.5155096011816839,12355
0.5147492625368731,12356
0.5139911634756995,12357
0.5147058823529411,12358
0.5154185022026432,12359
0.5161290322580645,12360
0.5168374816983895,12361
0.5175438596491229,12362
0.5182481751824818,12363
0.5189504373177842,12364
0.519650655021834,12365
0.5188953488372093,12366
0.5195936139332366,12367
0.5202898550724637,12368
0.5209840810419681,12369
0.5216763005780347,12370
0.5209235209235209,12371
0.521613832853026,12372
0.520863309352518,12373
0.5201149425287356,12374
0.5208034433285509,12375
0.5200573065902578,12376
0.51931330472103,12377
0.52,12378
0.5192582025677603,12379
0.51994301994302,12380
0.519203413940256,12381
0.5198863636363636,12382
0.5191489361702127,12383
0.5198300283286119,12384
0.5190947666195191,12385
0.519774011299435,12386
0.5190409026798307,12387
0.5183098591549296,12388
0.5189873417721519,12389
0.5196629213483146,12390
0.5189340813464236,12391
0.5196078431372549,12392
0.5202797202797202,12393
0.520949720670391,12394
0.5202231520223152,12395
0.520891364902507,12396
0.521557719054242,12397
0.5208333333333334,12398
0.5201109570041609,12399
0.5193905817174516,12400
0.5186721991701245,12401
0.5179558011049724,12402
0.5186206896551724,12403
0.5192837465564738,12404
0.5185694635488308,12405
0.5192307692307693,12406
0.5198902606310014,12407
0.5205479452054794,12408
0.5198358413132695,12409
0.5204918032786885,12410
0.5211459754433834,12411
0.5204359673024523,12412
0.5210884353741496,12413
0.5203804347826086,12414
0.519674355495251,12415
0.518970189701897,12416
0.5182679296346414,12417
0.5175675675675676,12418
0.5182186234817814,12419
0.5188679245283019,12420
0.5181695827725438,12421
0.5174731182795699,12422
0.5167785234899329,12423
0.517426273458445,12424
0.5180722891566265,12425
0.517379679144385,12426
0.5180240320427236,12427
0.5186666666666667,12428
0.5179760319573902,12429
0.5186170212765957,12430
0.5192563081009296,12431
0.5185676392572944,12432
0.5178807947019868,12433
0.5185185185185185,12434
0.5191545574636723,12435
0.5197889182058048,12436
0.5191040843214756,12437
0.5197368421052632,12438
0.5203679369250985,12439
0.5196850393700787,12440
0.5203145478374837,12441
0.5209424083769634,12442
0.5215686274509804,12443
0.52088772845953,12444
0.5215123859191656,12445
0.5208333333333334,12446
0.5214564369310793,12447
0.5207792207792208,12448
0.5201037613488976,12449
0.5207253886010362,12450
0.5200517464424321,12451
0.520671834625323,12452
0.5212903225806451,12453
0.520618556701031,12454
0.51994851994852,12455
0.519280205655527,12456
0.5186136071887034,12457
0.517948717948718,12458
0.5172855313700384,12459
0.5179028132992327,12460
0.5172413793103449,12461
0.5165816326530612,12462
0.5159235668789809,12463
0.5165394402035624,12464
0.5171537484116899,12465
0.5177664974619289,12466
0.5171102661596958,12467
0.5164556962025316,12468
0.5170670037926675,12469
0.5164141414141414,12470
0.5170239596469105,12471
0.517632241813602,12472
0.5169811320754717,12473
0.5175879396984925,12474
0.5181932245922208,12475
0.518796992481203,12476
0.5193992490613266,12477
0.51875,12478
0.5181023720349563,12479
0.5174563591022444,12480
0.5180572851805728,12481
0.5174129353233831,12482
0.5167701863354037,12483
0.5173697270471465,12484
0.5179677819083024,12485
0.5173267326732673,12486
0.5166872682323856,12487
0.5172839506172839,12488
0.5178791615289766,12489
0.5172413793103449,12490
0.5178351783517835,12491
0.5171990171990172,12492
0.5177914110429448,12493
0.5183823529411765,12494
0.5177478580171359,12495
0.5171149144254279,12496
0.5164835164835165,12497
0.5170731707317073,12498
0.5176613885505481,12499
0.5170316301703163,12500
0.5176184690157959,12501
0.5169902912621359,12502
0.5163636363636364,12503
0.5169491525423728,12504
0.5175332527206772,12505
0.5181159420289855,12506
0.517490952955368,12507
0.516867469879518,12508
0.516245487364621,12509
0.515625,12510
0.5150060024009604,12511
0.5155875299760192,12512
0.5149700598802395,12513
0.5155502392344498,12514
0.5149342891278376,12515
0.5143198090692124,12516
0.5137067938021455,12517
0.5142857142857142,12518
0.5148632580261593,12519
0.5142517814726841,12520
0.5148279952550415,12521
0.514218009478673,12522
0.514792899408284,12523
0.5141843971631206,12524
0.51357733175915,12525
0.5129716981132075,12526
0.5123674911660777,12527
0.5129411764705882,12528
0.5135135135135135,12529
0.5129107981220657,12530
0.5123094958968347,12531
0.5117096018735363,12532
0.5111111111111111,12533
0.5116822429906542,12534
0.5110851808634772,12535
0.5116550116550117,12536
0.5122235157159488,12537
0.5116279069767442,12538
0.5110336817653891,12539
0.511600928074246,12540
0.5110081112398609,12541
0.5115740740740741,12542
0.5121387283236994,12543
0.5115473441108545,12544
0.5121107266435986,12545
0.511520737327189,12546
0.5120828538550057,12547
0.5114942528735632,12548
0.5120551090700345,12549
0.5114678899082569,12550
0.5120274914089347,12551
0.511441647597254,12552
0.5108571428571429,12553
0.5102739726027398,12554
0.5096921322690992,12555
0.510250569476082,12556
0.5096700796359499,12557
0.5102272727272728,12558
0.5107832009080591,12559
0.5113378684807256,12560
0.5107587768969423,12561
0.5113122171945701,12562
0.511864406779661,12563
0.5124153498871332,12564
0.5129650507328072,12565
0.5135135135135135,12566
0.5140607424071991,12567
0.5146067415730337,12568
0.5151515151515151,12569
0.515695067264574,12570
0.5162374020156775,12571
0.5167785234899329,12572
0.5162011173184358,12573
0.5167410714285714,12574
0.5161649944258639,12575
0.5155902004454342,12576
0.5161290322580645,12577
0.5155555555555555,12578
0.5149833518312985,12579
0.5155210643015521,12580
0.5149501661129569,12581
0.5143805309734514,12582
0.5149171270718232,12583
0.5154525386313465,12584
0.5148842337375965,12585
0.51431718061674,12586
0.5148514851485149,12587
0.5142857142857142,12588
0.5137211855104281,12589
0.5131578947368421,12590
0.5125958378970427,12591
0.513129102844639,12592
0.512568306010929,12593
0.5120087336244541,12594
0.5125408942202835,12595
0.5119825708061002,12596
0.5114254624591947,12597
0.5119565217391304,12598
0.511400651465798,12599
0.5108459869848156,12600
0.5113759479956663,12601
0.5119047619047619,12602
0.5124324324324324,12603
0.5118790496760259,12604
0.511326860841424,12605
0.5107758620689655,12606
0.511302475780409,12607
0.510752688172043,12608
0.5112781954887218,12609
0.5107296137339056,12610
0.5101822079314041,12611
0.5107066381156317,12612
0.5101604278074866,12613
0.5096153846153846,12614
0.5090715048025614,12615
0.509594882729211,12616
0.5090521831735889,12617
0.5095744680851064,12618
0.5090329436769394,12619
0.5084925690021231,12620
0.5079533404029692,12621
0.5084745762711864,12622
0.508994708994709,12623
0.5095137420718816,12624
0.5100316789862724,12625
0.510548523206751,12626
0.5100105374077977,12627
0.5105263157894737,12628
0.5110410094637224,12629
0.5115546218487395,12630
0.5120671563483735,12631
0.5125786163522013,12632
0.512041884816754,12633
0.5115062761506276,12634
0.5109717868338558,12635
0.511482254697286,12636
0.5119916579770595,12637
0.5114583333333333,12638
0.5119667013527576,12639
0.5124740124740125,12640
0.5129802699896158,12641
0.5134854771784232,12642
0.5139896373056995,12643
0.5144927536231884,12644
0.5139607032057911,12645
0.5144628099173554,12646
0.5139318885448917,12647
0.51340206185567,12648
0.513903192584964,12649
0.5133744855967078,12650
0.512846865364851,12651
0.5123203285420944,12652
0.5128205128205128,12653
0.5133196721311475,12654
0.5127942681678608,12655
0.5132924335378323,12656
0.5127681307456589,12657
0.5122448979591837,12658
0.5117227319062182,12659
0.5122199592668024,12660
0.5116988809766022,12661
0.5121951219512195,12662
0.5116751269035533,12663
0.5121703853955375,12664
0.5126646403242148,12665
0.5131578947368421,12666
0.512639029322548,12667
0.5121212121212121,12668
0.5126135216952573,12669
0.5131048387096774,12670
0.5125881168177241,12671
0.5120724346076458,12672
0.5125628140703518,12673
0.5120481927710844,12674
0.5125376128385155,12675
0.5120240480961924,12676
0.5125125125125125,12677
0.513,12678
0.5124875124875125,12679
0.5129740518962076,12680
0.5124626121635095,12681
0.5119521912350598,12682
0.5114427860696518,12683
0.510934393638171,12684
0.5104270109235353,12685
0.5099206349206349,12686
0.5104063429137761,12687
0.5108910891089109,12688
0.5113748763600395,12689
0.5118577075098815,12690
0.5123395853899309,12691
0.5118343195266272,12692
0.5113300492610837,12693
0.5118110236220472,12694
0.511307767944936,12695
0.5117878192534381,12696
0.5112855740922473,12697
0.5117647058823529,12698
0.5112634671890304,12699
0.5117416829745597,12700
0.512218963831867,12701
0.5126953125,12702
0.5121951219512195,12703
0.5126705653021443,12704
0.5131450827653359,12705
0.5126459143968871,12706
0.5131195335276968,12707
0.5135922330097087,12708
0.513094083414161,12709
0.5125968992248062,12710
0.5121006776379478,12711
0.5125725338491296,12712
0.5120772946859904,12713
0.5125482625482626,12714
0.5130183220829315,12715
0.5134874759152216,12716
0.5139557266602502,12717
0.5144230769230769,12718
0.5148895292987512,12719
0.5143953934740882,12720
0.5148609779482263,12721
0.5153256704980843,12722
0.5157894736842106,12723
0.5152963671128107,12724
0.5157593123209169,12725
0.5152671755725191,12726
0.5147759771210677,12727
0.5142857142857142,12728
0.5137963843958135,12729
0.5142585551330798,12730
0.5137701804368471,12731
0.5142314990512334,12732
0.5137440758293839,12733
0.5142045454545454,12734
0.5146641438032167,12735
0.5141776937618148,12736
0.5146364494806421,12737
0.5141509433962265,12738
0.5146088595664468,12739
0.5150659133709982,12740
0.51552210724365,12741
0.5159774436090225,12742
0.5164319248826291,12743
0.5168855534709194,12744
0.5164011246485474,12745
0.5159176029962547,12746
0.5154349859681946,12747
0.5158878504672897,12748
0.5154061624649859,12749
0.5158582089552238,12750
0.5153774464119292,12751
0.5148975791433892,12752
0.5153488372093024,12753
0.5148698884758365,12754
0.5153203342618384,12755
0.5148423005565863,12756
0.5143651529193698,12757
0.5148148148148148,12758
0.5143385753931545,12759
0.5138632162661737,12760
0.5143120960295475,12761
0.514760147601476,12762
0.5142857142857142,12763
0.5138121546961326,12764
0.5142594296228151,12765
0.5147058823529411,12766
0.5151515151515151,12767
0.5146788990825688,12768
0.5151237396883593,12769
0.5146520146520146,12770
0.515096065873742,12771
0.5146252285191956,12772
0.5141552511415525,12773
0.5136861313868614,12774
0.5132178669097539,12775
0.5127504553734062,12776
0.5131938125568699,12777
0.5127272727272727,12778
0.5131698455949137,12779
0.5127041742286751,12780
0.5131459655485041,12781
0.5135869565217391,12782
0.5140271493212669,12783
0.5135623869801085,12784
0.5130984643179766,12785
0.5126353790613718,12786
0.5130748422001803,12787
0.5126126126126126,12788
0.513051305130513,12789
0.512589928057554,12790
0.5121293800539084,12791
0.5116696588868941,12792
0.5121076233183857,12793
0.5125448028673835,12794
0.5120859444941809,12795
0.5116279069767442,12796
0.5120643431635389,12797
0.5125,12798
0.5129348795718108,12799
0.5133689839572193,12800
0.5129118432769367,12801
0.5124555160142349,12802
0.512,12803
0.5124333925399644,12804
0.5119787045252884,12805
0.5124113475177305,12806
0.5119574844995571,12807
0.5123893805309735,12808
0.5119363395225465,12809
0.5123674911660777,12810
0.5119152691968226,12811
0.5123456790123457,12812
0.5118942731277533,12813
0.511443661971831,12814
0.5109938434476693,12815
0.5105448154657294,12816
0.5100965759438104,12817
0.5096491228070176,12818
0.5100788781770377,12819
0.5096322241681261,12820
0.5091863517060368,12821
0.5096153846153846,12822
0.509170305676856,12823
0.5095986038394416,12824
0.5100261551874455,12825
0.509581881533101,12826
0.5100087032201914,12827
0.5104347826086957,12828
0.5108601216333623,12829
0.5104166666666666,12830
0.5108412836079792,12831
0.511265164644714,12832
0.5116883116883116,12833
0.5121107266435986,12834
0.5125324114088159,12835
0.5120898100172712,12836
0.5116479723899914,12837
0.5112068965517241,12838
0.5116279069767442,12839
0.5120481927710844,12840
0.5124677558039553,12841
0.5128865979381443,12842
0.5133047210300429,12843
0.5128644939965694,12844
0.5124250214224507,12845
0.5128424657534246,12846
0.5132591958939264,12847
0.5128205128205128,12848
0.5132365499573015,12849
0.5136518771331058,12850
0.5132139812446718,12851
0.5127768313458262,12852
0.512340425531915,12853
0.5119047619047619,12854
0.5114698385726423,12855
0.5118845500848896,12856
0.5114503816793893,12857
0.5110169491525424,12858
0.5105842506350551,12859
0.5101522842639594,12860
0.5105663567202029,12861
0.5101351351351351,12862
0.509704641350211,12863
0.5101180438448567,12864
0.5096882898062342,12865
0.5092592592592593,12866
0.5088309503784693,12867
0.5084033613445378,12868
0.5079764903442485,12869
0.5083892617449665,12870
0.5088013411567477,12871
0.509212730318258,12872
0.5087866108786611,12873
0.5083612040133779,12874
0.5087719298245614,12875
0.5091819699499165,12876
0.5087572977481234,12877
0.5083333333333333,12878
0.507910074937552,12879
0.5083194675540765,12880
0.5078969243557773,12881
0.5074750830564784,12882
0.5078838174273859,12883
0.5082918739635157,12884
0.507870753935377,12885
0.5074503311258278,12886
0.5078577336641853,12887
0.5074380165289256,12888
0.5078447563996696,12889
0.5082508250825083,12890
0.5078318219291014,12891
0.5082372322899505,12892
0.508641975308642,12893
0.5082236842105263,12894
0.5086277732128184,12895
0.5082101806239737,12896
0.5077932731747334,12897
0.5081967213114754,12898
0.5085995085995086,12899
0.5081833060556464,12900
0.508585445625511,12901
0.5089869281045751,12902
0.5093877551020408,12903
0.5089722675367048,12904
0.5093724531377343,12905
0.509771986970684,12906
0.5093572009764036,12907
0.5097560975609756,12908
0.5093419983753046,12909
0.5097402597402597,12910
0.5101378751013788,12911
0.5097244732576985,12912
0.5101214574898786,12913
0.5105177993527508,12914
0.5109135004042037,12915
0.5113085621970921,12916
0.5117029862792575,12917
0.5112903225806451,12918
0.5108783239323127,12919
0.5104669887278583,12920
0.5108608205953339,12921
0.5104501607717041,12922
0.5108433734939759,12923
0.5112359550561798,12924
0.5116279069767442,12925
0.5112179487179487,12926
0.510808646917534,12927
0.5112,12928
0.5115907274180655,12929
0.5111821086261981,12930
0.5107741420590582,12931
0.5103668261562998,12932
0.5107569721115538,12933
0.5111464968152867,12934
0.5115354017501988,12935
0.5119236883942766,12936
0.5123113582208102,12937
0.5126984126984127,12938
0.5122918318794607,12939
0.5118858954041204,12940
0.5122723673792557,12941
0.5126582278481012,12942
0.5130434782608696,12943
0.5126382306477093,12944
0.5122336227308603,12945
0.5126182965299685,12946
0.5130023640661938,12947
0.5125984251968504,12948
0.5121951219512195,12949
0.5117924528301887,12950
0.5121759622937941,12951
0.5125588697017268,12952
0.5121568627450981,12953
0.512539184952978,12954
0.5121378230227095,12955
0.5125195618153364,12956
0.5129007036747459,12957
0.5125,12958
0.5120999219359875,12959
0.5124804992199687,12960
0.5128604832424006,12961
0.5124610591900312,12962
0.5120622568093385,12963
0.5116640746500778,12964
0.5120435120435121,12965
0.5124223602484472,12966
0.5120248254460822,12967
0.5124031007751938,12968
0.512006196746708,12969
0.5116099071207431,12970
0.5112142304717711,12971
0.5115919629057187,12972
0.511969111969112,12973
0.5123456790123457,12974
0.51272166538165,12975
0.5130970724191063,12976
0.5134719014626636,12977
0.5138461538461538,12978
0.5142198308993082,12979
0.5145929339477726,12980
0.5141980046047583,12981
0.5145705521472392,12982
0.514176245210728,12983
0.5137825421133231,12984
0.513389441469013,12985
0.5137614678899083,12986
0.5133689839572193,12987
0.5137404580152671,12988
0.513348588863463,12989
0.5129573170731707,12990
0.5125666412795126,12991
0.512937595129376,12992
0.5125475285171103,12993
0.5121580547112462,12994
0.5125284738041003,12995
0.5128983308042488,12996
0.5125094768764216,12997
0.5121212121212121,12998
0.5117335352006056,12999
0.5121028744326778,13000
0.5124716553287982,13001
0.5128398791540786,13002
0.5132075471698113,13003
0.5135746606334841,13004
0.5139412207987942,13005
0.5135542168674698,13006
0.5139202407825433,13007
0.5135338345864662,13008
0.5131480090157776,13009
0.5135135135135135,13010
0.5138784696174044,13011
0.5142428785607196,13012
0.5138576779026217,13013
0.5134730538922155,13014
0.5130890052356021,13015
0.5134529147982063,13016
0.513816280806572,13017
0.514179104477612,13018
0.5145413870246085,13019
0.5149031296572281,13020
0.5145197319434103,13021
0.5141369047619048,13022
0.5137546468401487,13023
0.513372956909361,13024
0.5129918337045286,13025
0.5133531157270029,13026
0.513713862120089,13027
0.5140740740740741,13028
0.5136935603256847,13029
0.5133136094674556,13030
0.5129342202512934,13031
0.5132939438700148,13032
0.5129151291512916,13033
0.5132743362831859,13034
0.5136330140014739,13035
0.5132547864506627,13036
0.5128771155261221,13037
0.5125,13038
0.5121234386480529,13039
0.5124816446402349,13040
0.5128393250183418,13041
0.5124633431085044,13042
0.5128205128205128,13043
0.513177159590044,13044
0.5135332845647403,13045
0.5138888888888888,13046
0.5142439737034331,13047
0.5145985401459854,13048
0.5142231947483589,13049
0.5138483965014577,13050
0.5134741442097597,13051
0.5131004366812227,13052
0.5127272727272727,13053
0.5123546511627907,13054
0.5127087872185911,13055
0.5130624092888244,13056
0.5126903553299492,13057
0.5123188405797101,13058
0.5119478638667632,13059
0.5123010130246021,13060
0.5119305856832972,13061
0.5122832369942196,13062
0.511913357400722,13063
0.5115440115440115,13064
0.5111751982696467,13065
0.510806916426513,13066
0.5111591072714183,13067
0.5115107913669065,13068
0.5111430625449317,13069
0.5114942528735632,13070
0.5118449389806173,13071
0.5121951219512195,13072
0.5118279569892473,13073
0.5121776504297995,13074
0.5125268432355047,13075
0.5128755364806867,13076
0.5132237312365976,13077
0.5135714285714286,13078
0.5132048536759457,13079
0.5135520684736091,13080
0.5138987883107626,13081
0.5135327635327636,13082
0.5131672597864768,13083
0.5128022759601707,13084
0.5131485429992892,13085
0.5134943181818182,13086
0.5131298793470547,13087
0.5127659574468085,13088
0.5124025513819985,13089
0.5127478753541076,13090
0.5130927105449399,13091
0.5127298444130127,13092
0.5130742049469965,13093
0.5134180790960452,13094
0.5130557515878617,13095
0.5126939351198871,13096
0.5123326286116984,13097
0.5126760563380282,13098
0.5130190007037297,13099
0.5133614627285513,13100
0.5137034434293746,13101
0.5140449438202247,13102
0.5136842105263157,13103
0.5140252454417953,13104
0.5143658023826209,13105
0.5147058823529411,13106
0.5150454863540938,13107
0.5146853146853146,13108
0.5143256464011181,13109
0.5146648044692738,13110
0.515003489183531,13111
0.5153417015341701,13112
0.5156794425087108,13113
0.516016713091922,13114
0.5163535142658316,13115
0.5166898470097357,13116
0.5170257123002084,13117
0.5173611111111112,13118
0.5170020818875781,13119
0.5166435506241331,13120
0.5162855162855163,13121
0.5166204986149584,13122
0.5169550173010381,13123
0.5172890733056709,13124
0.5169315825846579,13125
0.5165745856353591,13126
0.5162180814354728,13127
0.5158620689655172,13128
0.5155065472088215,13129
0.5151515151515151,13130
0.5147969717825189,13131
0.5144429160935351,13132
0.5147766323024054,13133
0.5144230769230769,13134
0.514070006863418,13135
0.5137174211248285,13136
0.5140507196710076,13137
0.5136986301369864,13138
0.5140314852840521,13139
0.5136798905608755,13140
0.5140123034859877,13141
0.514344262295082,13142
0.5139931740614334,13143
0.514324693042292,13144
0.5146557600545331,13145
0.5149863760217984,13146
0.5146358066712049,13147
0.5142857142857142,13148
0.5146159075458872,13149
0.5149456521739131,13150
0.515274949083503,13151
0.5149253731343284,13152
0.5152542372881356,13153
0.5149051490514905,13154
0.5152335815842924,13155
0.5148849797023004,13156
0.5152129817444219,13157
0.5155405405405405,13158
0.5151924375422012,13159
0.5148448043184886,13160
0.5151719487525287,13161
0.5154986522911051,13162
0.5151515151515151,13163
0.5148048452220727,13164
0.5144586415601883,13165
0.5147849462365591,13166
0.5151108126259234,13167
0.5154362416107383,13168
0.5157612340710932,13169
0.5154155495978552,13170
0.5150703281982585,13171
0.5153949129852744,13172
0.5157190635451505,13173
0.5153743315508021,13174
0.5156980627922512,13175
0.5153538050734312,13176
0.5150100066711141,13177
0.5153333333333333,13178
0.5149900066622252,13179
0.5146471371504661,13180
0.5149700598802395,13181
0.5152925531914894,13182
0.5156146179401994,13183
0.5159362549800797,13184
0.5162574651625746,13185
0.5159151193633952,13186
0.5162359178263751,13187
0.5158940397350993,13188
0.5162144275314361,13189
0.5158730158730159,13190
0.5161929940515532,13191
0.5165125495376486,13192
0.5161716171617162,13193
0.5164907651715039,13194
0.5161502966381015,13195
0.5164690382081687,13196
0.5161290322580645,13197
0.5164473684210527,13198
0.5161078238001315,13199
0.5157687253613666,13200
0.51543007222587,13201
0.515748031496063,13202
0.5154098360655738,13203
0.5150720838794234,13204
0.5153896529142109,13205
0.5150523560209425,13206
0.5147155003270111,13207
0.5143790849673202,13208
0.5146962769431744,13209
0.5150130548302873,13210
0.5146771037181996,13211
0.5143415906127771,13212
0.5140065146579804,13213
0.5143229166666666,13214
0.5146389069616135,13215
0.5149544863459038,13216
0.5146198830409356,13217
0.5142857142857142,13218
0.5146009085009734,13219
0.5149156939040207,13220
0.5152300712896954,13221
0.5155440414507773,13222
0.515210355987055,13223
0.5155239327296248,13224
0.5158371040723982,13225
0.5155038759689923,13226
0.5151710781149128,13227
0.515483870967742,13228
0.5151515151515151,13229
0.5148195876288659,13230
0.51513200257566,13231
0.5154440154440154,13232
0.5151125401929261,13233
0.5154241645244216,13234
0.5150931278098908,13235
0.5154043645699615,13236
0.5150737652341244,13237
0.5153846153846153,13238
0.515695067264574,13239
0.5160051216389244,13240
0.5156749840051184,13241
0.5159846547314578,13242
0.5156549520766773,13243
0.5159642401021711,13244
0.5162731333758774,13245
0.5165816326530612,13246
0.5168897386870618,13247
0.5171974522292994,13248
0.5168682367918523,13249
0.5165394402035624,13250
0.5168467895740623,13251
0.5165184243964421,13252
0.5168253968253969,13253
0.5171319796954315,13254
0.5168040583386176,13255
0.5171102661596958,13256
0.5167827739075365,13257
0.5164556962025316,13258
0.5161290322580645,13259
0.515802781289507,13260
0.5154769425142135,13261
0.5157828282828283,13262
0.5154574132492113,13263
0.5157629255989912,13264
0.5154379332073094,13265
0.5151133501259446,13266
0.5147891755821271,13267
0.5150943396226415,13268
0.5153991200502829,13269
0.5157035175879398,13270
0.5153797865662273,13271
0.5150564617314931,13272
0.5147335423197492,13273
0.5150375939849624,13274
0.5153412648716343,13275
0.5156445556946183,13276
0.515322076297686,13277
0.515625,13278
0.5159275452841974,13279
0.5156054931335831,13280
0.5159076731129133,13281
0.5155860349127181,13282
0.5158878504672897,13283
0.5161892901618929,13284
0.5164903546981954,13285
0.5167910447761194,13286
0.5170913610938471,13287
0.5167701863354037,13288
0.5170701427684667,13289
0.5173697270471465,13290
0.5176689398636082,13291
0.5173482032218092,13292
0.5170278637770898,13293
0.5173267326732673,13294
0.5170068027210885,13295
0.5173053152039555,13296
0.5169857936998147,13297
0.5172839506172839,13298
0.5169648365206663,13299
0.5172626387176326,13300
0.5169439309919901,13301
0.5172413793103449,13302
0.5175384615384615,13303
0.517220172201722,13304
0.5169022741241549,13305
0.5171990171990172,13306
0.5174953959484346,13307
0.5171779141104295,13308
0.5174739423666462,13309
0.5177696078431373,13310
0.5180649112063687,13311
0.518359853121175,13312
0.5180428134556575,13313
0.5177261613691931,13314
0.518020769700672,13315
0.5183150183150184,13316
0.5186089078706528,13317
0.5182926829268293,13318
0.517976843388178,13319
0.5182704019488429,13320
0.5179549604382228,13321
0.5182481751824818,13322
0.5185410334346504,13323
0.5182260024301336,13324
0.5179113539769278,13325
0.5175970873786407,13326
0.5178896300788357,13327
0.5175757575757576,13328
0.5172622652937614,13329
0.5169491525423728,13330
0.5166364186327889,13331
0.5169286577992744,13332
0.5166163141993958,13333
0.5163043478260869,13334
0.5165962582981292,13335
0.5168878166465621,13336
0.5171790235081374,13337
0.5174698795180723,13338
0.5177603853100542,13339
0.5180505415162455,13340
0.5183403487672881,13341
0.5180288461538461,13342
0.5177177177177177,13343
0.517406962785114,13344
0.5176964607078585,13345
0.5179856115107914,13346
0.5176752546434991,13347
0.5173652694610779,13348
0.5176540993417116,13349
0.5179425837320574,13350
0.5176329946204423,13351
0.517921146953405,13352
0.5182089552238806,13353
0.5178997613365155,13354
0.5181872391174717,13355
0.5184743742550656,13356
0.5187611673615247,13357
0.5190476190476191,13358
0.5193337299226651,13359
0.5190249702734839,13360
0.5193107546048723,13361
0.5195961995249406,13362
0.5198813056379822,13363
0.5201660735468565,13364
0.5204505038529935,13365
0.5201421800947867,13366
0.5198342214328004,13367
0.5201183431952663,13368
0.5204021289178001,13369
0.5200945626477541,13370
0.5203780271707029,13371
0.5200708382526564,13372
0.51976401179941,13373
0.5200471698113207,13374
0.5203299941072481,13375
0.5206124852767963,13376
0.5203060623896409,13377
0.5205882352941177,13378
0.520870076425632,13379
0.5211515863689776,13380
0.5208455666470934,13381
0.5205399061032864,13382
0.5208211143695015,13383
0.5205158264947245,13384
0.520796719390744,13385
0.5204918032786885,13386
0.5207723815096548,13387
0.52046783625731,13388
0.5207481005260082,13389
0.5204439252336449,13390
0.5201401050788091,13391
0.5204200700116686,13392
0.5201166180758018,13393
0.5203962703962703,13394
0.5200931857891672,13395
0.5203725261932479,13396
0.5200698080279232,13397
0.5203488372093024,13398
0.5206275421266705,13399
0.5203252032520326,13400
0.5206035983749274,13401
0.5208816705336426,13402
0.5205797101449275,13403
0.5208574739281576,13404
0.5205558772437753,13405
0.5202546296296297,13406
0.5199537304800462,13407
0.5202312138728323,13408
0.5205083766608897,13409
0.5207852193995381,13410
0.5204847085978073,13411
0.5201845444059977,13412
0.5204610951008646,13413
0.5207373271889401,13414
0.5210132412204951,13415
0.5212888377445339,13416
0.5209890741805635,13417
0.521264367816092,13418
0.5215393452039058,13419
0.521239954075775,13420
0.5209409064830751,13421
0.5212155963302753,13422
0.520916905444126,13423
0.5211912943871707,13424
0.5214653692043503,13425
0.5217391304347826,13426
0.5220125786163522,13427
0.5222857142857142,13428
0.5219874357509994,13429
0.5222602739726028,13430
0.5219623502567028,13431
0.5216647662485747,13432
0.5219373219373219,13433
0.5222095671981777,13434
0.5219123505976095,13435
0.5221843003412969,13436
0.5224559408754974,13437
0.5227272727272727,13438
0.5224304372515616,13439
0.5221339387060159,13440
0.5224049914917753,13441
0.5226757369614512,13442
0.5223796033994335,13443
0.5226500566251415,13444
0.5229202037351444,13445
0.5226244343891403,13446
0.5223289994347089,13447
0.5225988700564972,13448
0.5228684359119141,13449
0.5225733634311512,13450
0.5222786238014664,13451
0.5219842164599775,13452
0.5216901408450704,13453
0.5219594594594594,13454
0.522228474957794,13455
0.5219347581552306,13456
0.5216413715570545,13457
0.5219101123595505,13458
0.5216170690623245,13459
0.521324354657688,13460
0.5215928210880538,13461
0.5218609865470852,13462
0.5215686274509804,13463
0.5218365061590146,13464
0.5221040850587577,13465
0.5218120805369127,13466
0.5215204024594746,13467
0.5212290502793296,13468
0.5214963707426019,13469
0.5217633928571429,13470
0.5214723926380368,13471
0.5217391304347826,13472
0.5220055710306407,13473
0.522271714922049,13474
0.5225375626043406,13475
0.5228031145717463,13476
0.5230683713173986,13477
0.5227777777777778,13478
0.5230427540255413,13479
0.52330743618202,13480
0.5235718247365502,13481
0.5238359201773836,13482
0.5235457063711911,13483
0.5238095238095238,13484
0.5240730492529053,13485
0.5243362831858407,13486
0.5245992260917635,13487
0.5243093922651934,13488
0.5240198785201546,13489
0.5237306843267108,13490
0.5239933811362383,13491
0.523704520396913,13492
0.5234159779614325,13493
0.5231277533039648,13494
0.523390203632361,13495
0.523102310231023,13496
0.5228147333699835,13497
0.5225274725274726,13498
0.5227896760021966,13499
0.5225027442371021,13500
0.5227646736149204,13501
0.5224780701754386,13502
0.5227397260273973,13503
0.523001095290252,13504
0.5227148330596606,13505
0.5229759299781181,13506
0.5226899945325314,13507
0.5229508196721312,13508
0.5226652102676134,13509
0.5223799126637555,13510
0.5226404800872886,13511
0.5223555070883316,13512
0.5220708446866485,13513
0.5217864923747276,13514
0.5220468154599891,13515
0.5217627856365615,13516
0.521479064709081,13517
0.5217391304347826,13518
0.5214557305812059,13519
0.5211726384364821,13520
0.5208898534997287,13521
0.5211496746203904,13522
0.5208672086720867,13523
0.5205850487540629,13524
0.5203031943692474,13525
0.5205627705627706,13526
0.5208220659816117,13527
0.5205405405405406,13528
0.520259319286872,13529
0.5205183585313174,13530
0.5202374527792768,13531
0.5204962243797195,13532
0.5202156334231806,13533
0.5199353448275862,13534
0.5196553581044696,13535
0.5199138858988159,13536
0.5201721355567509,13537
0.5204301075268817,13538
0.5206878022568512,13539
0.5209452201933404,13540
0.5212023617820719,13541
0.5214592274678111,13542
0.5217158176943699,13543
0.5214362272240086,13544
0.5211569362613819,13545
0.5214132762312634,13546
0.5211342964151953,13547
0.520855614973262,13548
0.5205772314270444,13549
0.5202991452991453,13550
0.5200213561131874,13551
0.5202774813233725,13552
0.5205333333333333,13553
0.5202558635394456,13554
0.5205114544485882,13555
0.5207667731629393,13556
0.5210218201170835,13557
0.5212765957446809,13558
0.5215311004784688,13559
0.5212539851222104,13560
0.5209771640998406,13561
0.5212314225053079,13562
0.5209549071618037,13563
0.5212089077412513,13564
0.5209326974032856,13565
0.5211864406779662,13566
0.5214399152991,13567
0.5211640211640212,13568
0.5214172395557906,13569
0.5216701902748414,13570
0.5213946117274167,13571
0.5211193241816262,13572
0.5213720316622691,13573
0.5210970464135021,13574
0.5213494992092778,13575
0.5216016859852476,13576
0.5213270142180095,13577
0.5210526315789473,13578
0.5213045765386639,13579
0.5215562565720294,13580
0.5218076720966894,13581
0.5215336134453782,13582
0.5217847769028872,13583
0.5220356768100735,13584
0.5217619297325642,13585
0.5214884696016772,13586
0.5212152959664746,13587
0.5209424083769634,13588
0.5206698063840921,13589
0.520397489539749,13590
0.520125457396759,13591
0.5203761755485894,13592
0.5206266318537859,13593
0.5203549060542797,13594
0.520605112154408,13595
0.5208550573514077,13596
0.5211047420531527,13597
0.5213541666666667,13598
0.5210827693909422,13599
0.5208116545265349,13600
0.5210608424336973,13601
0.5213097713097713,13602
0.5210389610389611,13603
0.5212876427829699,13604
0.521536066424494,13605
0.5212655601659751,13606
0.5215137376879212,13607
0.5217616580310881,13608
0.5220093215950284,13609
0.522256728778468,13610
0.5225038799793068,13611
0.5222337125129266,13612
0.5224806201550387,13613
0.5227272727272727,13614
0.5224574083634487,13615
0.522703818369453,13616
0.5224342444559051,13617
0.5221649484536083,13618
0.5224111282843895,13619
0.5221421215242018,13620
0.5223880597014925,13621
0.522633744855967,13622
0.522879177377892,13623
0.5226104830421378,13624
0.5228556753980482,13625
0.5225872689938398,13626
0.5223191380194971,13627
0.5225641025641026,13628
0.5228088159917991,13629
0.5230532786885246,13630
0.5232974910394266,13631
0.5235414534288638,13632
0.5237851662404092,13633
0.523517382413088,13634
0.5237608584568216,13635
0.5240040858018387,13636
0.5237366003062787,13637
0.523469387755102,13638
0.5232024477307496,13639
0.5229357798165137,13640
0.5231788079470199,13641
0.5234215885947047,13642
0.5231552162849873,13643
0.5228891149542217,13644
0.5231316725978647,13645
0.5233739837398373,13646
0.5231081767394616,13647
0.5233502538071066,13648
0.5235920852359208,13649
0.5238336713995944,13650
0.523568170299037,13651
0.5233029381965553,13652
0.5235443037974683,13653
0.5232793522267206,13654
0.5230146686899343,13655
0.5232558139534884,13656
0.5234967155128853,13657
0.5237373737373737,13658
0.5239777889954569,13659
0.5242179616548941,13660
0.524457892082703,13661
0.5246975806451613,13662
0.5244332493702771,13663
0.5246727089627392,13664
0.5249119275289381,13665
0.5251509054325956,13666
0.5253896430367019,13667
0.5256281407035176,13668
0.5258663987945756,13669
0.5256024096385542,13670
0.5258404415454089,13671
0.5255767301905717,13672
0.5258145363408522,13673
0.5260521042084169,13674
0.5262894341512269,13675
0.526026026026026,13676
0.5257628814407204,13677
0.526,13678
0.5262368815592204,13679
0.525974025974026,13680
0.5262106839740389,13681
0.5264471057884231,13682
0.5261845386533666,13683
0.5259222333000997,13684
0.5261584454409567,13685
0.526394422310757,13686
0.5266301642608263,13687
0.5268656716417911,13688
0.5266036797613127,13689
0.5263419483101391,13690
0.5265772478887233,13691
0.5268123138033763,13692
0.5270471464019851,13693
0.5267857142857143,13694
0.5270203272186416,13695
0.5267591674925669,13696
0.5264982664685488,13697
0.5262376237623763,13698
0.5264720435428006,13699
0.5262116716122651,13700
0.5259515570934256,13701
0.525691699604743,13702
0.5259259259259259,13703
0.5261599210266535,13704
0.5263936852491367,13705
0.5266272189349113,13706
0.5263676688023657,13707
0.5261083743842364,13708
0.5263417035942886,13709
0.5265748031496063,13710
0.5268076733890802,13711
0.5265486725663717,13712
0.5267813267813268,13713
0.5265225933202358,13714
0.5267550319096711,13715
0.5269872423945045,13716
0.5267287886218734,13717
0.5264705882352941,13718
0.5262126408623224,13719
0.5259549461312438,13720
0.5256975036710719,13721
0.5259295499021527,13722
0.5256723716381418,13723
0.5259042033235581,13724
0.5261358085002442,13725
0.52587890625,13726
0.5261102977061981,13727
0.5263414634146342,13728
0.5260848366650415,13729
0.5258284600389863,13730
0.5260594252313687,13731
0.5258033106134372,13732
0.5260340632603406,13733
0.5262645914396887,13734
0.526008750607681,13735
0.5262390670553936,13736
0.5259834871296746,13737
0.5257281553398059,13738
0.5259582726831635,13739
0.526188166828322,13740
0.5259331071255453,13741
0.5261627906976745,13742
0.52590799031477,13743
0.5256534365924492,13744
0.525399129172714,13745
0.5256286266924565,13746
0.5253745770903818,13747
0.5256038647342995,13748
0.5258329309512313,13749
0.5260617760617761,13750
0.5258080077182827,13751
0.5255544840887174,13752
0.5253012048192771,13753
0.5255298651252408,13754
0.5257583052479537,13755
0.5259865255052936,13756
0.5262145262145262,13757
0.5259615384615385,13758
0.5261893320518981,13759
0.5259365994236311,13760
0.5256841094575132,13761
0.5254318618042226,13762
0.5251798561151079,13763
0.5254074784276127,13764
0.5251557259223766,13765
0.5253831417624522,13766
0.5256103398755385,13767
0.5253588516746411,13768
0.5255858440937351,13769
0.5258126195028681,13770
0.5260391782130912,13771
0.5257879656160458,13772
0.5255369928400955,13773
0.5252862595419847,13774
0.5255126371006199,13775
0.5257387988560533,13776
0.525488327775131,13777
0.5257142857142857,13778
0.5259400285578296,13779
0.5256898192197906,13780
0.5259153590109368,13781
0.5256653992395437,13782
0.52541567695962,13783
0.5251661918328585,13784
0.5249169435215947,13785
0.5246679316888045,13786
0.5244191559981034,13787
0.5246445497630332,13788
0.5248697299857887,13789
0.525094696969697,13790
0.5253194510175107,13791
0.5250709555345316,13792
0.524822695035461,13793
0.525047258979206,13794
0.5252716107699575,13795
0.5254957507082153,13796
0.5257196790939123,13797
0.5254716981132076,13798
0.5256954266855257,13799
0.525918944392083,13800
0.5256712199717382,13801
0.525894538606403,13802
0.5261176470588236,13803
0.5258701787394168,13804
0.5260930888575458,13805
0.5263157894736842,13806
0.5260685767966181,13807
0.5258215962441315,13808
0.5255748474894416,13809
0.525328330206379,13810
0.5255508673230193,13811
0.5253045923149016,13812
0.5250585480093677,13813
0.5252808988764045,13814
0.5250350959288722,13815
0.5252572497661365,13816
0.525479195885928,13817
0.5257009345794392,13818
0.525922466137319,13819
0.5261437908496732,13820
0.5263649090060663,13821
0.5265858208955224,13822
0.5268065268065268,13823
0.5265610438024231,13824
0.5267815556590592,13825
0.526536312849162,13826
0.5267566309911587,13827
0.5269767441860466,13828
0.5271966527196653,13829
0.5274163568773235,13830
0.5271713887598699,13831
0.5273909006499535,13832
0.5276102088167053,13833
0.5278293135435993,13834
0.5275846082522021,13835
0.5278035217794254,13836
0.5275590551181102,13837
0.5277777777777778,13838
0.5279962980101804,13839
0.5282146160962072,13840
0.5279704114655571,13841
0.5277264325323475,13842
0.5279445727482679,13843
0.5281625115420129,13844
0.5279187817258884,13845
0.5281365313653137,13846
0.5283540802213001,13847
0.528110599078341,13848
0.528327959465684,13849
0.5285451197053407,13850
0.5287620800736309,13851
0.5285188592456301,13852
0.5282758620689655,13853
0.5280330882352942,13854
0.5282498851630685,13855
0.5284664830119375,13856
0.5282239559430931,13857
0.5279816513761468,13858
0.5281980742778541,13859
0.5279560036663611,13860
0.5281722400366469,13861
0.5279304029304029,13862
0.5281464530892449,13863
0.5279048490393413,13864
0.5281207133058985,13865
0.5283363802559415,13866
0.5285518501598904,13867
0.528310502283105,13868
0.5285257873117298,13869
0.5287408759124088,13870
0.528499772001824,13871
0.528714676390155,13872
0.5284738041002278,13873
0.5282331511839709,13874
0.5284478834774693,13875
0.5286624203821656,13876
0.5288767621646203,13877
0.5286363636363637,13878
0.5283961835529305,13879
0.528156221616712,13880
0.5283704039945529,13881
0.5281306715063521,13882
0.527891156462585,13883
0.527651858567543,13884
0.5278658812868147,13885
0.5280797101449275,13886
0.5278406518786781,13887
0.528054298642534,13888
0.5282677521483492,13889
0.5284810126582279,13890
0.5286940804338003,13891
0.5284552845528455,13892
0.5282167042889391,13893
0.5284296028880866,13894
0.5286423094271538,13895
0.5284039675383229,13896
0.5286164939161785,13897
0.5288288288288289,13898
0.5290409725348942,13899
0.5292529252925292,13900
0.5290148448043185,13901
0.5287769784172662,13902
0.5289887640449438,13903
0.5292003593890386,13904
0.52896273013022,13905
0.5291741472172352,13906
0.5289367429340511,13907
0.5291479820627802,13908
0.529359031824294,13909
0.5295698924731183,13910
0.529332736229288,13911
0.5290957923008057,13912
0.5288590604026846,13913
0.5290697674418605,13914
0.5292802860974519,13915
0.5290437890974083,13916
0.5292541313086199,13917
0.5290178571428571,13918
0.5292280232039268,13919
0.5294380017841214,13920
0.5296477931341953,13921
0.5294117647058824,13922
0.5291759465478841,13923
0.5293855743544078,13924
0.5291499777481086,13925
0.5289145907473309,13926
0.5286794130724767,13927
0.5284444444444445,13928
0.5286539315859617,13929
0.5288632326820604,13930
0.5286284953395473,13931
0.5288376220053239,13932
0.5290465631929047,13933
0.5292553191489362,13934
0.5290208241027913,13935
0.5287865367581931,13936
0.5289951305887561,13937
0.5287610619469026,13938
0.5289694825298541,13939
0.5291777188328912,13940
0.5289438798055678,13941
0.5291519434628975,13942
0.5289183222958057,13943
0.5286849073256841,13944
0.5288928098808998,13945
0.5286596119929453,13946
0.5284266196562363,13947
0.5286343612334802,13948
0.5288419198590929,13949
0.5290492957746479,13950
0.5288165420149582,13951
0.5285839929639402,13952
0.5287912087912088,13953
0.5289982425307557,13954
0.5287659200702679,13955
0.5285338015803336,13956
0.5283018867924528,13957
0.5280701754385965,13958
0.528277071459886,13959
0.528045574057844,13960
0.5282522996057819,13961
0.5280210157618214,13962
0.5282275711159737,13963
0.5284339457567804,13964
0.5282028858766944,13965
0.527972027972028,13966
0.528178243774574,13967
0.5279475982532751,13968
0.5277171540811872,13969
0.5279232111692844,13970
0.5276929786306149,13971
0.527898866608544,13972
0.5276688453159042,13973
0.5278745644599303,13974
0.5276447540269917,13975
0.5274151436031331,13976
0.5276207046541975,13977
0.5278260869565218,13978
0.5280312907431551,13979
0.5278019113814074,13980
0.5275727312201476,13981
0.5277777777777778,13982
0.5279826464208243,13983
0.5281873373807459,13984
0.5283918508886,13985
0.5281629116117851,13986
0.5279341706366393,13987
0.5281385281385281,13988
0.5283427087840762,13989
0.5285467128027682,13990
0.5287505404236922,13991
0.5289541918755402,13992
0.5291576673866091,13993
0.5293609671848014,13994
0.5291324989210185,13995
0.5289042277825712,13996
0.5291073738680466,13997
0.5293103448275862,13998
0.5290822921154674,13999
0.529285099052541,14000
0.5294877313818338,14001
0.5292598967297762,14002
0.5294623655913978,14003
0.5292347377472055,14004
0.5294370434035238,14005
0.5292096219931272,14006
0.5294117647058824,14007
0.5296137339055794,14008
0.5298155298155298,14009
0.5300171526586621,14010
0.5302186026575225,14011
0.5299914310197087,14012
0.5297644539614561,14013
0.5299657534246576,14014
0.5297389816003423,14015
0.5299401197604791,14016
0.5301410859341599,14017
0.5299145299145299,14018
0.5296881674498077,14019
0.5294619982920581,14020
0.5292360221937686,14021
0.5290102389078498,14022
0.5287846481876333,14023
0.5285592497868713,14024
0.5283340434597358,14025
0.528534923339012,14026
0.5287356321839081,14027
0.528936170212766,14028
0.5287111867290515,14029
0.5289115646258503,14030
0.5291117722056948,14031
0.5293118096856415,14032
0.5295116772823779,14033
0.5297113752122241,14034
0.5294866355536699,14035
0.5292620865139949,14036
0.5294616362865621,14037
0.5296610169491526,14038
0.5298602287166455,14039
0.5300592718035563,14040
0.5298349555649597,14041
0.5296108291032149,14042
0.5298097251585624,14043
0.5300084530853761,14044
inf,14045
0.0,14046
0.0,14047
0.3333333333333333,14048
0.5,14049
0.6,14050
0.6666666666666666,14051
0.7142857142857143,14052
0.625,14053
0.6666666666666666,14054
0.6,14055
0.5454545454545454,14056
0.5,14057
0.46153846153846156,14058
0.5,14059
0.4666666666666667,14060
0.4375,14061
0.4117647058823529,14062
0.3888888888888889,14063
0.42105263157894735,14064
0.4,14065
0.38095238095238093,14066
0.4090909090909091,14067
0.391304347826087,14068
0.4166666666666667,14069
0.4,14070
0.38461538461538464,14071
0.4074074074074074,14072
0.39285714285714285,14073
0.41379310344827586,14074
0.4,14075
0.41935483870967744,14076
0.4375,14077
0.45454545454545453,14078
0.47058823529411764,14079
0.4857142857142857,14080
0.5,14081
0.4864864864864865,14082
0.47368421052631576,14083
0.46153846153846156,14084
0.45,14085
0.43902439024390244,14086
0.4523809523809524,14087
0.46511627906976744,14088
0.45454545454545453,14089
0.4666666666666667,14090
0.4782608695652174,14091
0.48936170212765956,14092
0.4791666666666667,14093
0.4897959183673469,14094
0.48,14095
0.49019607843137253,14096
0.5,14097
0.5094339622641509,14098
0.5,14099
0.509090909090909,14100
0.5,14101
0.49122807017543857,14102
0.5,14103
0.4915254237288136,14104
0.48333333333333334,14105
0.47540983606557374,14106
0.4838709677419355,14107
0.49206349206349204,14108
0.484375,14109
0.49230769230769234,14110
0.5,14111
0.5074626865671642,14112
0.5147058823529411,14113
0.5217391304347826,14114
0.5142857142857142,14115
0.5070422535211268,14116
0.5,14117
0.5068493150684932,14118
0.5,14119
0.49333333333333335,14120
0.5,14121
0.4935064935064935,14122
0.48717948717948717,14123
0.4936708860759494,14124
0.4875,14125
0.48148148148148145,14126
0.47560975609756095,14127
0.4819277108433735,14128
0.47619047619047616,14129
0.47058823529411764,14130
0.46511627906976744,14131
0.45977011494252873,14132
0.45454545454545453,14133
0.449438202247191,14134
0.4444444444444444,14135
0.45054945054945056,14136
0.44565217391304346,14137
0.44086021505376344,14138
0.44680851063829785,14139
0.4421052631578947,14140
0.4479166666666667,14141
0.44329896907216493,14142
0.4387755102040816,14143
0.43434343434343436,14144
0.43,14145
0.42574257425742573,14146
0.43137254901960786,14147
0.4368932038834951,14148
0.4423076923076923,14149
0.4380952380952381,14150
0.44339622641509435,14151
0.4485981308411215,14152
0.4444444444444444,14153
0.44036697247706424,14154
0.44545454545454544,14155
0.44144144144144143,14156
0.4375,14157
0.4424778761061947,14158
0.43859649122807015,14159
0.4434782608695652,14160
0.4396551724137931,14161
0.4444444444444444,14162
0.4406779661016949,14163
0.44537815126050423,14164
0.45,14165
0.45454545454545453,14166
0.45901639344262296,14167
0.4634146341463415,14168
0.46774193548387094,14169
0.472,14170
0.47619047619047616,14171
0.48031496062992124,14172
0.4765625,14173
0.4728682170542636,14174
0.46923076923076923,14175
0.46564885496183206,14176
0.4696969696969697,14177
0.46616541353383456,14178
0.4701492537313433,14179
0.4666666666666667,14180
0.47058823529411764,14181
0.4744525547445255,14182
0.4782608695652174,14183
0.4748201438848921,14184
0.4785714285714286,14185
0.475177304964539,14186
0.4788732394366197,14187
0.4755244755244755,14188
0.4791666666666667,14189
0.4827586206896552,14190
0.4863013698630137,14191
0.4897959183673469,14192
0.4864864864864865,14193
0.48322147651006714,14194
0.4866666666666667,14195
0.4900662251655629,14196
0.4868421052631579,14197
0.49019607843137253,14198
0.4935064935064935,14199
0.4967741935483871,14200
0.5,14201
0.5031847133757962,14202
0.5,14203
0.5031446540880503,14204
0.5,14205
0.5031055900621118,14206
0.5,14207
0.5030674846625767,14208
0.5060975609756098,14209
0.503030303030303,14210
0.5,14211
0.5029940119760479,14212
0.5,14213
0.5029585798816568,14214
0.5058823529411764,14215
0.5087719298245614,14216
0.5058139534883721,14217
0.5028901734104047,14218
0.5057471264367817,14219
0.5085714285714286,14220
0.5113636363636364,14221
0.5084745762711864,14222
0.5112359550561798,14223
0.5139664804469274,14224
0.5166666666666667,14225
0.5138121546961326,14226
0.5164835164835165,14227
0.5136612021857924,14228
0.5108695652173914,14229
0.5081081081081081,14230
0.5053763440860215,14231
0.5080213903743316,14232
0.5106382978723404,14233
0.5079365079365079,14234
0.5105263157894737,14235
0.5078534031413613,14236
0.5104166666666666,14237
0.5129533678756477,14238
0.5154639175257731,14239
0.5128205128205128,14240
0.5102040816326531,14241
0.5076142131979695,14242
0.5050505050505051,14243
0.507537688442211,14244
0.505,14245
0.5074626865671642,14246
0.504950495049505,14247
0.5024630541871922,14248
0.5049019607843137,14249
0.5073170731707317,14250
0.5048543689320388,14251
0.5072463768115942,14252
0.5096153846153846,14253
0.5119617224880383,14254
0.5095238095238095,14255
0.5118483412322274,14256
0.5141509433962265,14257
0.5117370892018779,14258
0.5093457943925234,14259
0.5116279069767442,14260
0.5138888888888888,14261
0.511520737327189,14262
0.5137614678899083,14263
0.5114155251141552,14264
0.5136363636363637,14265
0.5113122171945701,14266
0.5135135135135135,14267
0.5112107623318386,14268
0.5133928571428571,14269
0.5155555555555555,14270
0.5176991150442478,14271
0.5154185022026432,14272
0.5175438596491229,14273
0.519650655021834,14274
0.5217391304347826,14275
0.5238095238095238,14276
0.521551724137931,14277
0.51931330472103,14278
0.5213675213675214,14279
0.5234042553191489,14280
0.5211864406779662,14281
0.5232067510548524,14282
0.5210084033613446,14283
0.5188284518828452,14284
0.5208333333333334,14285
0.5186721991701245,14286
0.5165289256198347,14287
0.5185185185185185,14288
0.5204918032786885,14289
0.5183673469387755,14290
0.516260162601626,14291
0.5182186234817814,14292
0.5201612903225806,14293
0.5180722891566265,14294
0.52,14295
0.5179282868525896,14296
0.5158730158730159,14297
0.5138339920948617,14298
0.5118110236220472,14299
0.5137254901960784,14300
0.51171875,14301
0.5136186770428015,14302
0.5116279069767442,14303
0.5096525096525096,14304
0.5115384615384615,14305
0.5134099616858238,14306
0.5114503816793893,14307
0.5133079847908745,14308
0.5113636363636364,14309
0.5094339622641509,14310
0.5075187969924813,14311
0.5093632958801498,14312
0.5111940298507462,14313
0.5130111524163569,14314
0.5148148148148148,14315
0.5129151291512916,14316
0.5147058823529411,14317
0.5164835164835165,14318
0.5182481751824818,14319
0.52,14320
0.5181159420289855,14321
0.516245487364621,14322
0.5143884892086331,14323
0.5125448028673835,14324
0.5142857142857142,14325
0.5124555160142349,14326
0.5141843971631206,14327
0.5159010600706714,14328
0.5140845070422535,14329
0.5157894736842106,14330
0.5174825174825175,14331
0.5156794425087108,14332
0.5138888888888888,14333
0.5121107266435986,14334
0.5137931034482759,14335
0.5154639175257731,14336
0.5171232876712328,14337
0.5187713310580204,14338
0.5204081632653061,14339
0.5186440677966102,14340
0.5168918918918919,14341
0.5185185185185185,14342
0.5201342281879194,14343
0.5217391304347826,14344
0.52,14345
0.5182724252491694,14346
0.5198675496688742,14347
0.5181518151815182,14348
0.5197368421052632,14349
0.521311475409836,14350
0.5196078431372549,14351
0.5179153094462541,14352
0.5162337662337663,14353
0.517799352750809,14354
0.5193548387096775,14355
0.5209003215434084,14356
0.5192307692307693,14357
0.5207667731629393,14358
0.5191082802547771,14359
0.5174603174603175,14360
0.5158227848101266,14361
0.5173501577287066,14362
0.5188679245283019,14363
0.5203761755485894,14364
0.51875,14365
0.5171339563862928,14366
0.515527950310559,14367
0.5139318885448917,14368
0.5154320987654321,14369
0.5169230769230769,14370
0.5184049079754601,14371
0.5198776758409785,14372
0.5213414634146342,14373
0.5227963525835866,14374
0.5242424242424243,14375
0.525679758308157,14376
0.5240963855421686,14377
0.5255255255255256,14378
0.5239520958083832,14379
0.5253731343283582,14380
0.5267857142857143,14381
0.5281899109792285,14382
0.5266272189349113,14383
0.528023598820059,14384
0.5294117647058824,14385
0.530791788856305,14386
0.5321637426900585,14387
0.5306122448979592,14388
0.5319767441860465,14389
0.5304347826086957,14390
0.5289017341040463,14391
0.5302593659942363,14392
0.5287356321839081,14393
0.5300859598853869,14394
0.5314285714285715,14395
0.5299145299145299,14396
0.53125,14397
0.5325779036827195,14398
0.5310734463276836,14399
0.5295774647887324,14400
0.5308988764044944,14401
0.5322128851540616,14402
0.5335195530726257,14403
0.532033426183844,14404
0.5305555555555556,14405
0.5318559556786704,14406
0.5331491712707183,14407
0.5316804407713499,14408
0.532967032967033,14409
0.5342465753424658,14410
0.5355191256830601,14411
0.5367847411444142,14412
0.5353260869565217,14413
0.5338753387533876,14414
0.5351351351351351,14415
0.5336927223719676,14416
0.532258064516129,14417
0.5335120643431636,14418
0.5347593582887701,14419
0.536,14420
0.5345744680851063,14421
0.53315649867374,14422
0.5343915343915344,14423
0.5356200527704486,14424
0.5368421052631579,14425
0.5380577427821522,14426
0.5392670157068062,14427
0.5404699738903395,14428
0.5390625,14429
0.5402597402597402,14430
0.538860103626943,14431
0.537467700258398,14432
0.538659793814433,14433
0.5398457583547558,14434
0.541025641025641,14435
0.5396419437340153,14436
0.5382653061224489,14437
0.5368956743002544,14438
0.5380710659898477,14439
0.5367088607594936,14440
0.5378787878787878,14441
0.5365239294710328,14442
0.535175879396985,14443
0.5363408521303258,14444
0.5375,14445
0.5386533665835411,14446
0.5373134328358209,14447
0.5384615384615384,14448
0.5396039603960396,14449
0.5382716049382716,14450
0.5369458128078818,14451
0.5356265356265356,14452
0.5367647058823529,14453
0.5354523227383863,14454
0.5341463414634147,14455
0.5352798053527981,14456
0.5339805825242718,14457
0.5351089588377724,14458
0.5362318840579711,14459
0.5349397590361445,14460
0.5360576923076923,14461
0.5371702637889688,14462
0.5358851674641149,14463
0.5369928400954654,14464
0.5380952380952381,14465
0.5391923990498813,14466
0.5402843601895735,14467
0.5390070921985816,14468
0.5377358490566038,14469
0.5364705882352941,14470
0.5352112676056338,14471
0.5362997658079626,14472
0.5373831775700935,14473
0.5384615384615384,14474
0.5395348837209303,14475
0.5406032482598608,14476
0.5393518518518519,14477
0.5404157043879908,14478
0.5414746543778802,14479
0.5402298850574713,14480
0.5389908256880734,14481
0.5377574370709383,14482
0.5388127853881278,14483
0.5398633257403189,14484
0.5386363636363637,14485
0.5396825396825397,14486
0.5407239819004525,14487
0.5395033860045146,14488
0.5382882882882883,14489
0.5393258426966292,14490
0.5381165919282511,14491
0.5391498881431768,14492
0.5379464285714286,14493
0.5367483296213809,14494
0.5377777777777778,14495
0.5365853658536586,14496
0.5376106194690266,14497
0.5386313465783664,14498
0.539647577092511,14499
0.5406593406593406,14500
0.5416666666666666,14501
0.5404814004376368,14502
0.5414847161572053,14503
0.5424836601307189,14504
0.5434782608695652,14505
0.5422993492407809,14506
0.5411255411255411,14507
0.5421166306695464,14508
0.5431034482758621,14509
0.5419354838709678,14510
0.5407725321888412,14511
0.5417558886509636,14512
0.5427350427350427,14513
0.5437100213219617,14514
0.5425531914893617,14515
0.5414012738853503,14516
0.5423728813559322,14517
0.5412262156448203,14518
0.5421940928270043,14519
0.5431578947368421,14520
0.5441176470588235,14521
0.5450733752620545,14522
0.5460251046025104,14523
0.5448851774530271,14524
0.54375,14525
0.5446985446985447,14526
0.5435684647302904,14527
0.5445134575569358,14528
0.5454545454545454,14529
0.5463917525773195,14530
0.5452674897119342,14531
0.5441478439425051,14532
0.5430327868852459,14533
0.5419222903885481,14534
0.5428571428571428,14535
0.5437881873727087,14536
0.5426829268292683,14537
0.5436105476673428,14538
0.5445344129554656,14539
0.5434343434343434,14540
0.5443548387096774,14541
0.545271629778672,14542
0.5441767068273092,14543
0.5450901803607214,14544
0.546,14545
0.5469061876247505,14546
0.545816733067729,14547
0.5447316103379721,14548
0.5456349206349206,14549
0.5445544554455446,14550
0.5434782608695652,14551
0.5443786982248521,14552
0.5452755905511811,14553
0.5461689587426326,14554
0.5470588235294118,14555
0.5459882583170255,14556
0.546875,14557
0.5477582846003899,14558
0.546692607003891,14559
0.5475728155339806,14560
0.5465116279069767,14561
0.5473887814313346,14562
0.5463320463320464,14563
0.5452793834296724,14564
0.5461538461538461,14565
0.5470249520153551,14566
0.5478927203065134,14567
0.5468451242829828,14568
0.5458015267175572,14569
0.5447619047619048,14570
0.5437262357414449,14571
0.5426944971537002,14572
0.5435606060606061,14573
0.5444234404536862,14574
0.5433962264150943,14575
0.5423728813559322,14576
0.5413533834586466,14577
0.5403377110694184,14578
0.5393258426966292,14579
0.5383177570093458,14580
0.539179104477612,14581
0.5381750465549349,14582
0.5390334572490706,14583
0.5380333951762524,14584
0.5388888888888889,14585
0.5397412199630314,14586
0.5387453874538746,14587
0.5395948434622467,14588
0.5386029411764706,14589
0.5394495412844037,14590
0.5402930402930403,14591
0.5393053016453382,14592
0.5401459854014599,14593
0.5391621129326047,14594
0.54,14595
0.5390199637023594,14596
0.5398550724637681,14597
0.5406871609403255,14598
0.5397111913357401,14599
0.5405405405405406,14600
0.539568345323741,14601
0.5385996409335727,14602
0.5394265232974911,14603
0.5384615384615384,14604
0.5392857142857143,14605
0.5383244206773619,14606
0.5373665480427047,14607
0.5381882770870338,14608
0.5372340425531915,14609
0.5380530973451327,14610
0.5388692579505301,14611
0.5396825396825397,14612
0.5404929577464789,14613
0.539543057996485,14614
0.5403508771929825,14615
0.5411558669001751,14616
0.5402097902097902,14617
0.5392670157068062,14618
0.5383275261324042,14619
0.5373913043478261,14620
0.5364583333333334,14621
0.537261698440208,14622
0.5380622837370242,14623
0.5371329879101899,14624
0.5379310344827586,14625
0.5387263339070568,14626
0.5378006872852233,14627
0.5368782161234992,14628
0.535958904109589,14629
0.5367521367521367,14630
0.537542662116041,14631
0.5366269165247018,14632
0.5357142857142857,14633
0.534804753820034,14634
0.535593220338983,14635
0.5346869712351946,14636
0.5337837837837838,14637
0.5328836424957841,14638
0.5336700336700336,14639
0.534453781512605,14640
0.5335570469798657,14641
0.5326633165829145,14642
0.5334448160535117,14643
0.5325542570951586,14644
0.5333333333333333,14645
0.5341098169717138,14646
0.5348837209302325,14647
0.5356550580431177,14648
0.5364238410596026,14649
0.5371900826446281,14650
0.5379537953795379,14651
0.5370675453047776,14652
0.537828947368421,14653
0.5385878489326765,14654
0.5393442622950819,14655
0.5384615384615384,14656
0.5392156862745098,14657
0.5383360522022839,14658
0.5374592833876222,14659
0.5382113821138211,14660
0.5373376623376623,14661
0.5380875202593193,14662
0.5388349514563107,14663
0.5379644588045234,14664
0.5370967741935484,14665
0.537842190016103,14666
0.5385852090032154,14667
0.5377207062600321,14668
0.5384615384615384,14669
0.5392,14670
0.5399361022364217,14671
0.5406698564593302,14672
0.5414012738853503,14673
0.5421303656597775,14674
0.5412698412698412,14675
0.5419968304278923,14676
0.5411392405063291,14677
0.5402843601895735,14678
0.5410094637223974,14679
0.5401574803149606,14680
0.539308176100629,14681
0.5384615384615384,14682
0.5376175548589341,14683
0.5383411580594679,14684
0.5390625,14685
0.5382215288611545,14686
0.5373831775700935,14687
0.536547433903577,14688
0.5372670807453416,14689
0.537984496124031,14690
0.5386996904024768,14691
0.5394126738794436,14692
0.5401234567901234,14693
0.5408320493066255,14694
0.54,14695
0.5391705069124424,14696
0.5398773006134969,14697
0.5405819295558959,14698
0.5412844036697247,14699
0.5404580152671755,14700
0.5411585365853658,14701
0.5418569254185692,14702
0.5425531914893617,14703
0.5417298937784522,14704
0.5424242424242425,14705
0.5416036308623298,14706
0.540785498489426,14707
0.5414781297134238,14708
0.5421686746987951,14709
0.5413533834586466,14710
0.5420420420420421,14711
0.5427286356821589,14712
0.5434131736526946,14713
0.5426008968609866,14714
0.5417910447761194,14715
0.5424739195230999,14716
0.5416666666666666,14717
0.5423476968796433,14718
0.543026706231454,14719
0.5422222222222223,14720
0.5428994082840237,14721
0.5420974889217134,14722
0.5427728613569321,14723
0.5419734904270986,14724
0.5426470588235294,14725
0.5433186490455213,14726
0.5439882697947214,14727
0.5431918008784773,14728
0.5423976608187134,14729
0.5430656934306569,14730
0.5422740524781341,14731
0.5429403202328966,14732
0.5421511627906976,14733
0.5413642960812772,14734
0.5420289855072464,14735
0.5426917510853835,14736
0.541907514450867,14737
0.5425685425685426,14738
0.5417867435158501,14739
0.5410071942446043,14740
0.5416666666666666,14741
0.5423242467718795,14742
0.5429799426934098,14743
0.542203147353362,14744
0.5414285714285715,14745
0.5420827389443652,14746
0.5427350427350427,14747
0.5419630156472262,14748
0.5426136363636364,14749
0.5418439716312057,14750
0.5424929178470255,14751
0.5431400282885431,14752
0.5437853107344632,14753
0.5444287729196051,14754
0.5450704225352113,14755
0.5457102672292545,14756
0.5449438202247191,14757
0.544179523141655,14758
0.5434173669467787,14759
0.544055944055944,14760
0.5446927374301676,14761
0.5439330543933054,14762
0.5445682451253482,14763
0.5438108484005564,14764
0.5430555555555555,14765
0.5423023578363384,14766
0.5415512465373962,14767
0.5408022130013831,14768
0.5414364640883977,14769
0.5406896551724137,14770
0.5399449035812672,14771
0.5405777166437414,14772
0.5412087912087912,14773
0.541838134430727,14774
0.541095890410959,14775
0.5403556771545828,14776
0.5396174863387978,14777
0.538881309686221,14778
0.5395095367847411,14779
0.5401360544217687,14780
0.5407608695652174,14781
0.5400271370420624,14782
0.540650406504065,14783
0.5399188092016238,14784
0.5405405405405406,14785
0.5411605937921727,14786
0.5417789757412399,14787
0.5410497981157469,14788
0.5416666666666666,14789
0.5422818791946309,14790
0.5415549597855228,14791
0.5408299866131191,14792
0.5414438502673797,14793
0.5420560747663551,14794
0.5413333333333333,14795
0.5406125166444741,14796
0.5398936170212766,14797
0.5405046480743692,14798
0.5397877984084881,14799
0.5390728476821192,14800
0.5396825396825397,14801
0.5389696169088507,14802
0.5382585751978892,14803
0.5375494071146245,14804
0.5381578947368421,14805
0.5374507227332457,14806
0.536745406824147,14807
0.5373525557011796,14808
0.5366492146596858,14809
0.5372549019607843,14810
0.5378590078328982,14811
0.5371577574967406,14812
0.5377604166666666,14813
0.5383615084525357,14814
0.538961038961039,14815
0.5382619974059663,14816
0.538860103626943,14817
0.538163001293661,14818
0.5387596899224806,14819
0.5393548387096774,14820
0.538659793814433,14821
0.5392535392535392,14822
0.5398457583547558,14823
0.540436456996149,14824
0.541025641025641,14825
0.5403329065300896,14826
0.540920716112532,14827
0.5402298850574713,14828
0.5408163265306123,14829
0.5401273885350318,14830
0.539440203562341,14831
0.5400254129606099,14832
0.5393401015228426,14833
0.5399239543726235,14834
0.540506329113924,14835
0.5398230088495575,14836
0.5391414141414141,14837
0.5384615384615384,14838
0.5377833753148614,14839
0.5383647798742138,14840
0.5376884422110553,14841
0.5370138017565872,14842
0.5363408521303258,14843
0.5356695869837297,14844
0.535,14845
0.5343320848938826,14846
0.5336658354114713,14847
0.5342465753424658,14848
0.5335820895522388,14849
0.5341614906832298,14850
0.533498759305211,14851
0.5328376703841388,14852
0.5321782178217822,14853
0.5327564894932015,14854
0.5320987654320988,14855
0.531442663378545,14856
0.5320197044334976,14857
0.5325953259532595,14858
0.5319410319410319,14859
0.5325153374233129,14860
0.5330882352941176,14861
0.5336597307221542,14862
0.5342298288508558,14863
0.5335775335775336,14864
0.5341463414634147,14865
0.5347137637028014,14866
0.5340632603406326,14867
0.534629404617254,14868
0.5351941747572816,14869
0.5357575757575758,14870
0.5351089588377724,14871
0.5344619105199516,14872
0.533816425120773,14873
0.53437876960193,14874
0.5337349397590362,14875
0.53309265944645,14876
0.5324519230769231,14877
0.531812725090036,14878
0.5311750599520384,14879
0.5305389221556887,14880
0.5299043062200957,14881
0.5304659498207885,14882
0.5310262529832935,14883
0.5303933253873659,14884
0.530952380952381,14885
0.5315101070154578,14886
0.5320665083135392,14887
0.531435349940688,14888
0.5319905213270142,14889
0.5325443786982249,14890
0.533096926713948,14891
0.5336481700118064,14892
0.5341981132075472,14893
0.5335689045936396,14894
0.5329411764705883,14895
0.5334900117508813,14896
0.534037558685446,14897
0.5334114888628371,14898
0.5339578454332553,14899
0.5333333333333333,14900
0.5338785046728972,14901
0.5344224037339557,14902
0.5337995337995338,14903
0.5343422584400466,14904
0.5337209302325582,14905
0.5331010452961672,14906
0.5336426914153132,14907
0.5330243337195828,14908
0.5335648148148148,14909
0.5341040462427745,14910
0.5346420323325635,14911
0.5351787773933102,14912
0.5345622119815668,14913
0.5350978135788262,14914
0.535632183908046,14915
0.5361653272101033,14916
0.5355504587155964,14917
0.5360824742268041,14918
0.5354691075514875,14919
0.5348571428571428,14920
0.5353881278538812,14921
0.5347776510832383,14922
0.5353075170842825,14923
0.5358361774744027,14924
0.5352272727272728,14925
0.5346197502837684,14926
0.5351473922902494,14927
0.535673839184598,14928
0.5361990950226244,14929
0.536723163841808,14930
0.5372460496613995,14931
0.5377677564825254,14932
0.5371621621621622,14933
0.5376827896512936,14934
0.5382022471910113,14935
0.5375982042648709,14936
0.5381165919282511,14937
0.5375139977603584,14938
0.5369127516778524,14939
0.5374301675977654,14940
0.5379464285714286,14941
0.5384615384615384,14942
0.5389755011135857,14943
0.5394883203559511,14944
0.5388888888888889,14945
0.5394006659267481,14946
0.5399113082039911,14947
0.540420819490587,14948
0.540929203539823,14949
0.5414364640883977,14950
0.5419426048565121,14951
0.5413450937155457,14952
0.5418502202643172,14953
0.5423542354235423,14954
0.5428571428571428,14955
0.5433589462129528,14956
0.5427631578947368,14957
0.5421686746987951,14958
0.5426695842450766,14959
0.5420765027322404,14960
0.5414847161572053,14961
0.5419847328244275,14962
0.5424836601307189,14963
0.5418933623503809,14964
0.5423913043478261,14965
0.5428881650380022,14966
0.5422993492407809,14967
0.542795232936078,14968
0.5422077922077922,14969
0.5416216216216216,14970
0.541036717062635,14971
0.540453074433657,14972
0.540948275862069,14973
0.5403659849300323,14974
0.5397849462365591,14975
0.5402792696025779,14976
0.5396995708154506,14977
0.5401929260450161,14978
0.5406852248394004,14979
0.5411764705882353,14980
0.5405982905982906,14981
0.5400213447171825,14982
0.5394456289978679,14983
0.5399361022364217,14984
0.5404255319148936,14985
0.5398512221041445,14986
0.5403397027600849,14987
0.5397667020148462,14988
0.5402542372881356,14989
0.5407407407407407,14990
0.5412262156448203,14991
0.5417106652587117,14992
0.5421940928270043,14993
0.5426765015806112,14994
0.5431578947368421,14995
0.5425867507886435,14996
0.542016806722689,14997
0.5424973767051416,14998
0.5429769392033543,14999
0.543455497382199,15000
0.5428870292887029,15001
0.542319749216301,15002
0.5427974947807933,15003
0.543274244004171,15004
0.54375,15005
0.5442247658688866,15006
0.5436590436590436,15007
0.5441329179646937,15008
0.5446058091286307,15009
0.5440414507772021,15010
0.5445134575569358,15011
0.5449844881075491,15012
0.5454545454545454,15013
0.544891640866873,15014
0.5443298969072164,15015
0.544799176107106,15016
0.5452674897119342,15017
0.5457348406988695,15018
0.5462012320328542,15019
0.5456410256410257,15020
0.5461065573770492,15021
0.5465711361310133,15022
0.5460122699386503,15023
0.5454545454545454,15024
0.5459183673469388,15025
0.545361875637105,15026
0.544806517311609,15027
0.5452695829094608,15028
0.5447154471544715,15029
0.5451776649746193,15030
0.5456389452332657,15031
0.5460992907801419,15032
0.5455465587044535,15033
0.544994944388271,15034
0.5444444444444444,15035
0.5438950554994955,15036
0.5443548387096774,15037
0.5448136958710977,15038
0.5442655935613682,15039
0.5447236180904522,15040
0.5451807228915663,15041
0.5446339017051154,15042
0.5440881763527055,15043
0.5435435435435435,15044
0.543,15045
0.5434565434565435,15046
0.5439121756487026,15047
0.5443668993020937,15048
0.5438247011952191,15049
0.5442786069651742,15050
0.5447316103379721,15051
0.5441906653426017,15052
0.5446428571428571,15053
0.5441030723488602,15054
0.5445544554455446,15055
0.5440158259149357,15056
0.5444664031620553,15057
0.5449160908193484,15058
0.5443786982248521,15059
0.5438423645320197,15060
0.5442913385826772,15061
0.543756145526057,15062
0.5442043222003929,15063
0.5446516192345436,15064
0.5450980392156862,15065
0.545543584720862,15066
0.5450097847358122,15067
0.544477028347996,15068
0.544921875,15069
0.5453658536585366,15070
0.5458089668615984,15071
0.5462512171372931,15072
0.5457198443579766,15073
0.5461613216715258,15074
0.5466019417475728,15075
0.5460717749757517,15076
0.5455426356589147,15077
0.5459825750242013,15078
0.5464216634429401,15079
0.5468599033816425,15080
0.5472972972972973,15081
0.5467695274831244,15082
0.546242774566474,15083
0.5457170356111646,15084
0.5461538461538461,15085
0.5465898174831892,15086
0.5470249520153551,15087
0.5465004793863855,15088
0.5459770114942529,15089
0.5454545454545454,15090
0.5449330783938815,15091
0.545367717287488,15092
0.5448473282442748,15093
0.5452812202097236,15094
0.5457142857142857,15095
0.5451950523311132,15096
0.5456273764258555,15097
0.5451092117758785,15098
0.5445920303605313,15099
0.5440758293838862,15100
0.5435606060606061,15101
0.5439924314096499,15102
0.5434782608695652,15103
0.5439093484419264,15104
0.5443396226415095,15105
0.5447690857681433,15106
0.544256120527307,15107
0.5437441204139228,15108
0.5441729323308271,15109
0.543661971830986,15110
0.5431519699812383,15111
0.5435801312089972,15112
0.5430711610486891,15113
0.5425631431244153,15114
0.5429906542056074,15115
0.5434173669467787,15116
0.5438432835820896,15117
0.5442684063373718,15118
0.5446927374301676,15119
0.5441860465116279,15120
0.5446096654275093,15121
0.5441039925719592,15122
0.5435992578849722,15123
0.5440222428174235,15124
0.5444444444444444,15125
0.5448658649398704,15126
0.544362292051756,15127
0.543859649122807,15128
0.5433579335793358,15129
0.5428571428571428,15130
0.5423572744014733,15131
0.5418583256669733,15132
0.5422794117647058,15133
0.54178145087236,15134
0.5412844036697247,15135
0.541704857928506,15136
0.5412087912087912,15137
0.5416285452881976,15138
0.5411334552102377,15139
0.5415525114155251,15140
0.541058394160584,15141
0.5414767547857794,15142
0.5418943533697632,15143
0.5423111919927207,15144
0.5418181818181819,15145
0.5422343324250681,15146
0.542649727767695,15147
0.543064369900272,15148
0.542572463768116,15149
0.5429864253393665,15150
0.5433996383363472,15151
0.5429087624209575,15152
0.5433212996389891,15153
0.5437330928764653,15154
0.5432432432432432,15155
0.5436543654365437,15156
0.5440647482014388,15157
0.5435759209344115,15158
0.5430879712746858,15159
0.5434977578475336,15160
0.5439068100358423,15161
0.5443151298119964,15162
0.5447227191413238,15163
0.5451295799821269,15164
0.5446428571428571,15165
0.544157002676182,15166
0.5445632798573975,15167
0.5440783615316117,15168
0.5444839857651246,15169
0.5448888888888889,15170
0.544404973357016,15171
0.5448092280390417,15172
0.5452127659574468,15173
0.545615589016829,15174
0.5460176991150443,15175
0.5464190981432361,15176
0.5459363957597173,15177
0.5454545454545454,15178
0.544973544973545,15179
0.5444933920704845,15180
0.5440140845070423,15181
0.5435356200527705,15182
0.5439367311072056,15183
0.543459174714662,15184
0.5429824561403509,15185
0.5433829973707275,15186
0.542907180385289,15187
0.5424321959755031,15188
0.5428321678321678,15189
0.5423580786026201,15190
0.5418848167539267,15191
0.5414123801220575,15192
0.5409407665505227,15193
0.5404699738903395,15194
0.54,15195
0.5395308427454387,15196
0.5390625,15197
0.5394622723330442,15198
0.5398613518197574,15199
0.5402597402597402,15200
0.5397923875432526,15201
0.5393258426966292,15202
0.538860103626943,15203
0.5383951682484901,15204
0.5379310344827586,15205
0.5383290267011197,15206
0.5378657487091222,15207
0.5382631126397248,15208
0.538659793814433,15209
0.5390557939914163,15210
0.5394511149228131,15211
0.5398457583547558,15212
0.5393835616438356,15213
0.5389221556886228,15214
0.5393162393162393,15215
0.5388556789069172,15216
0.53839590443686,15217
0.5379369138959932,15218
0.5374787052810903,15219
0.5370212765957447,15220
0.5374149659863946,15221
0.5369583687340697,15222
0.5365025466893039,15223
0.5368956743002544,15224
0.5364406779661017,15225
0.5359864521591872,15226
0.5363790186125211,15227
0.536770921386306,15228
0.5363175675675675,15229
0.5367088607594936,15230
0.5362563237774031,15231
0.535804549283909,15232
0.5361952861952862,15233
0.5365853658536586,15234
0.5361344537815126,15235
0.5365239294710328,15236
0.5360738255033557,15237
0.5364626990779547,15238
0.5360134003350083,15239
0.5364016736401673,15240
0.5367892976588629,15241
0.5363408521303258,15242
0.5358931552587646,15243
0.53628023352794,15244
0.5366666666666666,15245
0.537052456286428,15246
0.5374376039933444,15247
0.5378221113881961,15248
0.5382059800664452,15249
0.5385892116182572,15250
0.538971807628524,15251
0.5393537696768849,15252
0.5397350993377483,15253
0.5392886683209264,15254
0.5388429752066116,15255
0.5383980181668043,15256
0.5379537953795379,15257
0.5383347073371806,15258
0.5387149917627677,15259
0.5382716049382716,15260
0.5386513157894737,15261
0.5382087099424815,15262
0.5385878489326765,15263
0.538966365873667,15264
0.5385245901639344,15265
0.538083538083538,15266
0.5376432078559739,15267
0.5372035977105478,15268
0.5375816993464052,15269
0.5371428571428571,15270
0.5375203915171288,15271
0.537082314588427,15272
0.5374592833876222,15273
0.5370219690805533,15274
0.5365853658536586,15275
0.536961819658814,15276
0.536525974025974,15277
0.5369018653690186,15278
0.5364667747163695,15279
0.5368421052631579,15280
0.5364077669902912,15281
0.5359741309620049,15282
0.5363489499192245,15283
0.5359160613397902,15284
0.5362903225806451,15285
0.5358581788879936,15286
0.5362318840579711,15287
0.5366049879324215,15288
0.5361736334405145,15289
0.5365461847389559,15290
0.536115569823435,15291
0.5364875701684042,15292
0.5368589743589743,15293
0.5372297838270617,15294
0.5368,15295
0.5371702637889688,15296
0.5375399361022364,15297
0.5371109337589784,15298
0.5366826156299841,15299
0.5370517928286852,15300
0.5374203821656051,15301
0.5377883850437549,15302
0.5381558028616852,15303
0.5377283558379666,15304
0.5373015873015873,15305
0.5376685170499603,15306
0.5380348652931854,15307
0.5384006334125099,15308
0.5387658227848101,15309
0.5391304347826087,15310
0.5387045813586098,15311
0.5390686661404893,15312
0.5394321766561514,15313
0.5390070921985816,15314
0.5393700787401575,15315
0.5397324940991345,15316
0.5400943396226415,15317
0.5404556166535742,15318
0.5408163265306123,15319
0.5403921568627451,15320
0.5407523510971787,15321
0.5411119812059515,15322
0.5414710485133021,15323
0.5418295543393276,15324
0.54140625,15325
0.5417642466822795,15326
0.5413416536661466,15327
0.5416991426344505,15328
0.5420560747663551,15329
0.5424124513618677,15330
0.5427682737169518,15331
0.5423465423465423,15332
0.5419254658385093,15333
0.5422808378588053,15334
0.5426356589147286,15335
0.5422153369481022,15336
0.541795665634675,15337
0.5421500386697602,15338
0.5425038639876353,15339
0.5420849420849421,15340
0.5424382716049383,15341
0.5427910562837317,15342
0.5431432973805855,15343
0.5434949961508853,15344
0.5430769230769231,15345
0.5434281322059954,15346
0.543010752688172,15347
0.5433614735226401,15348
0.5437116564417178,15349
0.5440613026819924,15350
0.5436447166921899,15351
0.5439938791124713,15352
0.5435779816513762,15353
0.5439266615737204,15354
0.5442748091603054,15355
0.5446224256292906,15356
0.5442073170731707,15357
0.5437928408225438,15358
0.54337899543379,15359
0.5437262357414449,15360
0.5440729483282675,15361
0.5444191343963554,15362
0.5447647951441578,15363
0.5443517816527672,15364
0.5446969696969697,15365
0.5442846328538986,15366
0.5446293494704992,15367
0.544973544973545,15368
0.5453172205438066,15369
0.5456603773584906,15370
0.5460030165912518,15371
0.546345139412208,15372
0.5466867469879518,15373
0.547027840481565,15374
0.5473684210526316,15375
0.5469571750563486,15376
0.5472972972972973,15377
0.5476369092273068,15378
0.547976011994003,15379
0.547565543071161,15380
0.5479041916167665,15381
0.5474943904263276,15382
0.547085201793722,15383
0.5466766243465273,15384
0.5470149253731343,15385
0.546607009694258,15386
0.5469448584202683,15387
0.5465376023827252,15388
0.5461309523809523,15389
0.5464684014869888,15390
0.5460624071322436,15391
0.5456570155902004,15392
0.5452522255192879,15393
0.5448480355819125,15394
0.5451851851851852,15395
0.5447816432272391,15396
0.5443786982248521,15397
0.5447154471544715,15398
0.5450516986706057,15399
0.5446494464944649,15400
0.5449852507374632,15401
0.5445836403831983,15402
0.5441826215022091,15403
0.5445180279617365,15404
0.5448529411764705,15405
0.5451873622336517,15406
0.5455212922173275,15407
0.5458547322083639,15408
0.5454545454545454,15409
0.5457875457875457,15410
0.5461200585651538,15411
0.5464520848573519,15412
0.5467836257309941,15413
0.5471146822498174,15414
0.5474452554744526,15415
0.5470459518599562,15416
0.5466472303206997,15417
0.5469774217042972,15418
0.5465793304221251,15419
0.5461818181818182,15420
0.5457848837209303,15421
0.5461147421931736,15422
0.54644412191582,15423
0.5467730239303843,15424
0.5471014492753623,15425
0.5467052860246199,15426
0.5463096960926194,15427
0.5466377440347071,15428
0.546242774566474,15429
0.5458483754512635,15430
0.5461760461760462,15431
0.5465032444124008,15432
0.5461095100864554,15433
0.5457163426925846,15434
0.5460431654676259,15435
0.5463695183321352,15436
0.5466954022988506,15437
0.5470208183776023,15438
0.5466284074605452,15439
0.546236559139785,15440
0.5458452722063037,15441
0.5454545454545454,15442
0.5457796852646638,15443
0.5461043602573267,15444
0.5457142857142857,15445
0.5453247680228408,15446
0.5456490727532097,15447
0.5459729151817534,15448
0.5462962962962963,15449
0.5459074733096085,15450
0.5455192034139402,15451
0.5458422174840085,15452
0.5454545454545454,15453
0.5450674237047551,15454
0.5446808510638298,15455
0.5450035435861091,15456
0.5453257790368272,15457
0.5456475583864119,15458
0.545968882602546,15459
0.545583038869258,15460
0.5451977401129944,15461
0.5455187014820042,15462
0.5458392101551481,15463
0.5454545454545454,15464
0.545774647887324,15465
0.546094299788881,15466
0.5457102672292545,15467
0.5453267744202389,15468
0.5456460674157303,15469
0.5459649122807018,15470
0.5455820476858345,15471
0.5451997196916608,15472
0.5455182072829131,15473
0.5458362491252624,15474
0.5454545454545454,15475
0.5457721872816212,15476
0.5453910614525139,15477
0.5457083042568039,15478
0.5453277545327755,15479
0.5456445993031359,15480
0.5452646239554317,15481
0.5448851774530271,15482
0.5445062586926287,15483
0.5441278665740097,15484
0.54375,15485
0.5440666204024983,15486
0.544382801664355,15487
0.5446985446985447,15488
0.5450138504155124,15489
0.5453287197231834,15490
0.5456431535269709,15491
0.5459571527297857,15492
0.5462707182320442,15493
0.5458937198067633,15494
0.5455172413793103,15495
0.5458304617505169,15496
0.5454545454545454,15497
0.5457673778389539,15498
0.5453920220082531,15499
0.5457044673539518,15500
0.5453296703296703,15501
0.544955387783116,15502
0.5452674897119342,15503
0.5455791638108294,15504
0.5452054794520548,15505
0.5448323066392882,15506
0.5444596443228454,15507
0.544771018455229,15508
0.5450819672131147,15509
0.5447098976109215,15510
0.5443383356070941,15511
0.5439672801635992,15512
0.5442779291553134,15513
0.5439074200136147,15514
0.5435374149659864,15515
0.5431679129843644,15516
0.5427989130434783,15517
0.5424304141208418,15518
0.5427408412483039,15519
0.5430508474576271,15520
0.5433604336043361,15521
0.5429925524712255,15522
0.5433017591339648,15523
0.5436105476673428,15524
0.5432432432432432,15525
0.5435516542876435,15526
0.543859649122807,15527
0.5434929197572488,15528
0.5431266846361186,15529
0.5427609427609428,15530
0.5430686406460296,15531
0.543375924680565,15532
0.5436827956989247,15533
0.5433176628609805,15534
0.5436241610738255,15535
0.5432595573440644,15536
0.5435656836461126,15537
0.5432016075016745,15538
0.5428380187416332,15539
0.5431438127090301,15540
0.5427807486631016,15541
0.5430861723446894,15542
0.5433911882510013,15543
0.5436957971981321,15544
0.544,15545
0.5443037974683544,15546
0.5446071904127829,15547
0.5442448436460412,15548
0.5445478723404256,15549
0.5441860465116279,15550
0.5438247011952191,15551
0.544127405441274,15552
0.5437665782493368,15553
0.5440689198144466,15554
0.5437086092715232,15555
0.5433487756452681,15556
0.542989417989418,15557
0.5426305353602116,15558
0.5429326287978864,15559
0.5432343234323432,15560
0.5428759894459103,15561
0.5425181278839816,15562
0.5428194993412385,15563
0.54312047399605,15564
0.5434210526315789,15565
0.5437212360289283,15566
0.5440210249671484,15567
0.5436638214051215,15568
0.5433070866141733,15569
0.5436065573770492,15570
0.5439056356487549,15571
0.5442043222003929,15572
0.543848167539267,15573
0.5434924787442773,15574
0.5437908496732026,15575
0.5440888308295232,15576
0.5443864229765013,15577
0.5446836268754077,15578
0.5449804432855281,15579
0.5452768729641694,15580
0.544921875,15581
0.5452179570592063,15582
0.5455136540962289,15583
0.5458089668615984,15584
0.5461038961038961,15585
0.5463984425697599,15586
0.5460440985732814,15587
0.5463383020090732,15588
0.5459844559585493,15589
0.545631067961165,15590
0.5452781371280725,15591
0.5449256625727213,15592
0.5445736434108527,15593
0.5442220787604907,15594
0.5445161290322581,15595
0.5448098001289491,15596
0.5444587628865979,15597
0.5447520927237605,15598
0.5444015444015444,15599
0.5440514469453376,15600
0.5437017994858612,15601
0.5439948619139371,15602
0.5442875481386393,15603
0.5439384220654265,15604
0.5435897435897435,15605
0.5438821268417681,15606
0.5441741357234315,15607
0.5438259756877799,15608
0.5434782608695652,15609
0.5431309904153354,15610
0.5434227330779055,15611
0.5437141033822591,15612
0.5433673469387755,15613
0.5436583811344805,15614
0.543312101910828,15615
0.5429662635264163,15616
0.5432569974554707,15617
0.54354736172918,15618
0.5438373570520966,15619
0.5434920634920635,15620
0.5437817258883249,15621
0.5440710209258085,15622
0.5443599493029151,15623
0.5440151994933502,15624
0.5436708860759494,15625
0.5433270082226439,15626
0.5436156763590392,15627
0.543903979785218,15628
0.5435606060606061,15629
0.543217665615142,15630
0.5435056746532156,15631
0.5431632010081916,15632
0.5428211586901763,15633
0.5431088735053493,15634
0.5433962264150943,15635
0.5436832181018227,15636
0.5433417085427136,15637
0.5436283741368487,15638
0.5439146800501882,15639
0.5442006269592476,15640
0.5444862155388471,15641
0.5447714464621165,15642
0.5450563204005007,15643
0.5453408380237649,15644
0.545,15645
0.5446595877576514,15646
0.5443196004993758,15647
0.5446038677479725,15648
0.5448877805486284,15649
0.5451713395638629,15650
0.5454545454545454,15651
0.5457373988799005,15652
0.5453980099502488,15653
0.545680546923555,15654
0.5453416149068323,15655
0.5450031036623215,15656
0.5446650124069479,15657
0.5443273403595784,15658
0.5446096654275093,15659
0.5442724458204334,15660
0.5445544554455446,15661
0.54421768707483,15662
0.5438813349814586,15663
0.5435453983940705,15664
0.5438271604938272,15665
0.5441085749537322,15666
0.5443896424167695,15667
0.5440542205791744,15668
0.5443349753694581,15669
0.5446153846153846,15670
0.5448954489544895,15671
0.544560540872772,15672
0.5448402948402948,15673
0.5451197053406999,15674
0.5453987730061349,15675
0.5450643776824035,15676
0.5453431372549019,15677
0.545009185548071,15678
0.5452876376988984,15679
0.544954128440367,15680
0.5452322738386308,15681
0.5455100794135614,15682
0.5457875457875457,15683
0.546064673581452,15684
0.5463414634146342,15685
0.5460085313833029,15686
0.546285018270402,15687
0.5465611685940353,15688
0.5462287104622872,15689
0.5458966565349544,15690
0.5455650060753341,15691
0.5458409228901032,15692
0.5455097087378641,15693
0.5457853244390539,15694
0.546060606060606,15695
0.5463355542095699,15696
0.5466101694915254,15697
0.5468844525105868,15698
0.5471584038694075,15699
0.5474320241691842,15700
0.5477053140096618,15701
0.547978273989137,15702
0.5482509047044632,15703
0.5485232067510548,15704
0.5487951807228916,15705
0.5490668272125225,15706
0.549338146811071,15707
0.5496091401082381,15708
0.5498798076923077,15709
0.5501501501501501,15710
0.5504201680672269,15711
0.5506898620275945,15712
0.5509592326139089,15713
0.5512282804074295,15714
0.551497005988024,15715
0.5511669658886894,15716
0.5514354066985646,15717
0.5517035265989241,15718
0.5519713261648745,15719
0.5522388059701493,15720
0.5525059665871122,15721
0.552772808586762,15722
0.5530393325387366,15723
0.5527099463966647,15724
0.5523809523809524,15725
0.5520523497917906,15726
0.5523186682520809,15727
0.5525846702317291,15728
0.5522565320665083,15729
0.5519287833827893,15730
0.5516014234875445,15731
0.5512744516893895,15732
0.5515402843601895,15733
0.5512137359384252,15734
0.5514792899408284,15735
0.5517445298639858,15736
0.5520094562647754,15737
0.5522740696987596,15738
0.551948051948052,15739
0.552212389380531,15740
0.5524764150943396,15741
0.5527401296405421,15742
0.5530035335689046,15743
0.5526780459093584,15744
0.5529411764705883,15745
0.5532039976484421,15746
0.5534665099882491,15747
0.553141514973576,15748
0.5528169014084507,15749
0.5530791788856305,15750
0.5527549824150059,15751
0.5530169888693615,15752
0.5532786885245902,15753
0.5529549444119368,15754
0.5532163742690058,15755
0.5534774985388662,15756
0.5531542056074766,15757
0.5528312901342674,15758
0.5525087514585765,15759
0.5527696793002915,15760
0.553030303030303,15761
0.553290623179965,15762
0.5529685681024447,15763
0.5532286212914486,15764
0.5534883720930233,15765
0.5531667635095875,15766
0.5534262485481998,15767
0.5536854323853744,15768
0.5539443155452436,15769
0.5542028985507247,15770
0.5544611819235226,15771
0.554140127388535,15772
0.5543981481481481,15773
0.5546558704453441,15774
0.5549132947976878,15775
0.5551704217215483,15776
0.5554272517321016,15777
0.5556837853433353,15778
0.5553633217993079,15779
0.555043227665706,15780
0.5552995391705069,15781
0.5555555555555556,15782
0.5558112773302647,15783
0.5554916618746406,15784
0.5551724137931034,15785
0.5554279149913842,15786
0.5556831228473019,15787
0.555364314400459,15788
0.5556192660550459,15789
0.5558739255014327,15790
0.5555555555555556,15791
0.5558099599313108,15792
0.5560640732265446,15793
0.5563178959405375,15794
0.556,15795
0.555682467161622,15796
0.5559360730593608,15797
0.5556189389617798,15798
0.5553021664766249,15799
0.554985754985755,15800
0.5552391799544419,15801
0.5549231644849175,15802
0.5546075085324232,15803
0.5548607163160887,15804
0.5551136363636363,15805
0.5547984099943214,15806
0.5550510783200908,15807
0.554736245036869,15808
0.5549886621315193,15809
0.5546742209631728,15810
0.5549263873159683,15811
0.5551782682512734,15812
0.5548642533936652,15813
0.5551158846806105,15814
0.5553672316384181,15815
0.5556182947487295,15816
0.5558690744920993,15817
0.5561195713479977,15818
0.556369785794814,15819
0.5566197183098591,15820
0.5568693693693694,15821
0.5565559932470456,15822
0.5568053993250843,15823
0.5564924114671164,15824
0.5567415730337079,15825
0.5569904548006738,15826
0.5566778900112234,15827
0.556926528323051,15828
0.5571748878923767,15829
0.5568627450980392,15830
0.5565509518477044,15831
0.5567991046446559,15832
0.5570469798657718,15833
0.5567356064840693,15834
0.5564245810055866,15835
0.5561139028475712,15836
0.5558035714285714,15837
0.5560513106525377,15838
0.5562987736900781,15839
0.5559888579387187,15840
0.5556792873051225,15841
0.555370061213133,15842
0.5550611790878754,15843
0.5547526403557532,15844
0.5544444444444444,15845
0.5541365907828983,15846
0.5543840177580466,15847
0.5540765391014975,15848
0.5537694013303769,15849
0.5534626038781163,15850
0.5537098560354374,15851
0.5534034311012729,15852
0.5530973451327433,15853
0.552791597567717,15854
0.5530386740331492,15855
0.552733296521259,15856
0.5524282560706402,15857
0.5521235521235521,15858
0.5523704520396913,15859
0.5526170798898071,15860
0.552863436123348,15861
0.5531095211887727,15862
0.5533553355335533,15863
0.5530511269928532,15864
0.5527472527472528,15865
0.5529928610653487,15866
0.5532381997804611,15867
0.5529347229840922,15868
0.5531798245614035,15869
0.5534246575342465,15870
0.5531215772179627,15871
0.5528188286808976,15872
0.5530634573304157,15873
0.5527610716238381,15874
0.5524590163934426,15875
0.5521572910977608,15876
0.5518558951965066,15877
0.5515548281505729,15878
0.5512540894220284,15879
0.5509536784741145,15880
0.55119825708061,15881
0.5514425694066413,15882
0.5516866158868335,15883
0.5513866231647635,15884
0.5516304347826086,15885
0.5513307984790875,15886
0.5515743756786102,15887
0.5512750949538795,15888
0.5515184381778742,15889
0.551219512195122,15890
0.551462621885157,15891
0.5517054683270168,15892
0.5514069264069265,15893
0.5511087074094105,15894
0.5508108108108108,15895
0.5510534846029174,15896
0.5512958963282938,15897
0.5509983810037776,15898
0.5507011866235167,15899
0.5504043126684636,15900
0.5501077586206896,15901
0.5503500269251481,15902
0.5505920344456404,15903
0.5502958579881657,15904
0.55,15905
0.5497044599677593,15906
0.5494092373791621,15907
0.5491143317230274,15908
0.5488197424892703,15909
0.5490616621983915,15910
0.5487674169346195,15911
0.5484734868773433,15912
0.5487152034261242,15913
0.5484216158373462,15914
0.5481283422459893,15915
0.5483698556921432,15916
0.5480769230769231,15917
0.5477843032568073,15918
0.548025613660619,15919
0.5477333333333333,15920
0.5479744136460555,15921
0.5476824720298349,15922
0.547923322683706,15923
0.5481639169771155,15924
0.5484042553191489,15925
0.5486443381180224,15926
0.5483528161530287,15927
0.5480616038236856,15928
0.5483014861995754,15929
0.5485411140583555,15930
0.5487804878048781,15931
0.548489666136725,15932
0.548728813559322,15933
0.5489677077818952,15934
0.5492063492063493,15935
0.5489159175039662,15936
0.5491543340380549,15937
0.5488642366613841,15938
0.5485744456177403,15939
0.5488126649076517,15940
0.5490506329113924,15941
0.5492883500263575,15942
0.5489989462592202,15943
0.5492364402317009,15944
0.5489473684210526,15945
0.5491846396633351,15946
0.5488958990536278,15947
0.5486074619022596,15948
0.5488445378151261,15949
0.5485564304461942,15950
0.5482686253934942,15951
0.5485055060304143,15952
0.5487421383647799,15953
0.5489785227867994,15954
0.5486910994764398,15955
0.5484039769754055,15956
0.5481171548117155,15957
0.548353371667538,15958
0.5480668756530825,15959
0.547780678851175,15960
0.5474947807933194,15961
0.5477308294209703,15962
0.5479666319082378,15963
0.5482021886399167,15964
0.5484375,15965
0.5481520041644976,15966
0.5478668054110302,15967
0.5475819032761311,15968
0.5478170478170478,15969
0.548051948051948,15970
0.5482866043613707,15971
0.5485210171250648,15972
0.5487551867219918,15973
0.5489891135303266,15974
0.5492227979274611,15975
0.5494562402900052,15976
0.5496894409937888,15977
0.5499224004138644,15978
0.5501551189245087,15979
0.5498708010335918,15980
0.5495867768595041,15981
0.54981930820857,15982
0.5500515995872033,15983
0.5497679216090768,15984
0.5494845360824743,15985
0.5497166409067491,15986
0.5494335736354274,15987
0.5491507977354606,15988
0.5488683127572016,15989
0.5491002570694088,15990
0.5488180883864338,15991
0.5485362095531587,15992
0.5487679671457906,15993
0.5489994869163674,15994
0.5492307692307692,15995
0.5489492567913891,15996
0.5486680327868853,15997
0.5483870967741935,15998
0.548618219037871,15999
0.5483375959079284,16000
0.5480572597137015,16001
0.5482881962187021,16002
0.5480081716036772,16003
0.5482388973966309,16004
0.5479591836734694,16005
0.547679755226925,16006
0.5479102956167177,16007
0.5481406011207336,16008
0.5483706720977597,16009
0.5486005089058524,16010
0.5488301119023398,16011
0.5490594814438231,16012
0.5487804878048781,16013
0.5485017775520569,16014
0.5482233502538071,16015
0.547945205479452,16016
0.5481744421906694,16017
0.5484034465281298,16018
0.5486322188449848,16019
0.5488607594936709,16020
0.5490890688259109,16021
0.548811330298432,16022
0.5485338725985844,16023
0.5482566953006569,16024
0.5484848484848485,16025
0.5487127713276123,16026
0.5484359233097881,16027
0.5486636409480585,16028
0.5483870967741935,16029
0.5486146095717884,16030
0.5488418932527693,16031
0.548565676899849,16032
0.5482897384305835,16033
0.5485168426344897,16034
0.5487437185929648,16035
0.5489703666499247,16036
0.5486947791164659,16037
0.5484194681384847,16038
0.5481444332998997,16039
0.5478696741854636,16040
0.5475951903807615,16041
0.5473209814722083,16042
0.5470470470470471,16043
0.5472736368184092,16044
0.5475,16045
0.5472263868065967,16046
0.5474525474525475,16047
0.5476784822765851,16048
0.5479041916167665,16049
0.5481296758104738,16050
0.5478564307078764,16051
0.5475834578973593,16052
0.5473107569721115,16053
0.5470383275261324,16054
0.5467661691542288,16055
0.5469915464942815,16056
0.5472166998011928,16057
0.5474416294088426,16058
0.5471698113207547,16059
0.547394540942928,16060
0.5476190476190477,16061
0.547843331680714,16062
0.5475718533201189,16063
0.5477959385834572,16064
0.5480198019801981,16065
0.5477486392874814,16066
0.5474777448071216,16067
0.5472071181413742,16068
0.5469367588932806,16069
0.5471604938271605,16070
0.5468904244817374,16071
0.5471139615194869,16072
0.546844181459566,16073
0.5465746673238048,16074
0.5467980295566502,16075
0.5470211718365338,16076
0.546751968503937,16077
0.5469749139203148,16078
0.5471976401179941,16079
0.5469287469287469,16080
0.5471512770137524,16081
0.5468826705940109,16082
0.5471050049067714,16083
0.5468366846493379,16084
0.5465686274509803,16085
0.5463008329250367,16086
0.5465230166503428,16087
0.5467449828683308,16088
0.5464774951076321,16089
0.5462102689486552,16090
0.5464320625610948,16091
0.5466536394723986,16092
0.54638671875,16093
0.5466081015129332,16094
0.5463414634146342,16095
0.5465626523647001,16096
0.5462962962962963,16097
0.5465172917681442,16098
0.5467380720545277,16099
0.5469586374695864,16100
0.546692607003891,16101
0.5464268351968887,16102
0.5466472303206997,16103
0.5463817387081107,16104
0.5466019417475728,16105
0.5463367297428433,16106
0.5460717749757517,16107
0.5458070770722249,16108
0.5455426356589147,16109
0.5457627118644067,16110
0.5454985479186835,16111
0.5457184325108854,16112
0.5459381044487428,16113
0.5456742387626873,16114
0.5454106280193237,16115
0.5456301303718011,16116
0.5458494208494209,16117
0.5455861070911722,16118
0.5458052073288332,16119
0.5460240963855422,16120
0.5457610789980732,16121
0.5459797785267212,16122
0.5457170356111646,16123
0.5459355459355459,16124
0.5461538461538461,16125
0.5463719365689572,16126
0.5461095100864554,16127
0.5458473355736918,16128
0.5460652591170825,16129
0.5458033573141486,16130
0.5460210930009588,16131
0.5462386200287495,16132
0.546455938697318,16133
0.5461943513642892,16134
0.5459330143540669,16135
0.5461501673840268,16136
0.5458891013384322,16137
0.5461060678451983,16138
0.5463228271251194,16139
0.5465393794749404,16140
0.5462786259541985,16141
0.5460181211254173,16142
0.5457578646329838,16143
0.5459742734635541,16144
0.5461904761904762,16145
0.5464064731080438,16146
0.5461465271170314,16147
0.545886828340466,16148
0.5461026615969582,16149
0.5458432304038005,16150
0.5455840455840456,16151
0.5457997152349312,16152
0.5455407969639469,16153
0.5452821242294926,16154
0.5450236966824644,16155
0.5452392231170061,16156
0.5454545454545454,16157
0.5456696639848556,16158
0.5458845789971618,16159
0.5456264775413712,16160
0.5458412098298677,16161
0.5460557392536608,16162
0.5462700661000944,16163
0.5464841906559698,16164
0.5462264150943397,16165
0.5464403583215465,16166
0.5466540999057493,16167
0.5463966085727744,16168
0.5461393596986818,16169
0.5458823529411765,16170
0.5456255879586077,16171
0.5458392101551481,16172
0.5455827067669173,16173
0.5453264443400657,16174
0.5450704225352113,16175
0.5452839042702956,16176
0.5454971857410882,16177
0.5452414439756212,16178
0.5449859418931584,16179
0.5451990632318501,16180
0.5454119850187266,16181
0.5451567618156293,16182
0.5453695042095417,16183
0.5455820476858345,16184
0.5457943925233645,16185
0.546006539000467,16186
0.545751633986928,16187
0.5459636024265049,16188
0.5457089552238806,16189
0.5454545454545454,16190
0.5456663560111836,16191
0.5454122030740568,16192
0.5456238361266295,16193
0.5453699395067473,16194
0.5451162790697675,16195
0.5448628544862855,16196
0.5446096654275093,16197
0.5443567115652578,16198
0.5441039925719592,16199
0.5438515081206496,16200
0.5440630797773655,16201
0.5438108484005564,16202
0.5435588507877664,16203
0.5433070866141733,16204
0.5430555555555555,16205
0.5428042572882924,16206
0.5425531914893617,16207
0.5423023578363384,16208
0.5425138632162662,16209
0.5427251732101617,16210
0.5424746075715605,16211
0.5422242731887402,16212
0.5419741697416974,16213
0.5421853388658368,16214
0.5423963133640552,16215
0.5426070935052971,16216
0.5428176795580111,16217
0.5430280717901519,16218
0.5432382704691813,16219
0.543448275862069,16220
0.5436580882352942,16221
0.5434083601286174,16222
0.5436179981634527,16223
0.5438274437815511,16224
0.5435779816513762,16225
0.5433287482806052,16226
0.5435380384967919,16227
0.5437471369674759,16228
0.5434981684981685,16229
0.5437070938215103,16230
0.5434583714547118,16231
0.5432098765432098,16232
0.5429616087751371,16233
0.5431703974417542,16234
0.5429223744292238,16235
0.5426745778183478,16236
0.5424270072992701,16237
0.5421796625626994,16238
0.5419325432999088,16239
0.5421412300683371,16240
0.5418943533697632,16241
0.541647701411015,16242
0.5418562329390355,16243
0.5420645748067303,16244
0.5422727272727272,16245
0.542480690595184,16246
0.5426884650317892,16247
0.542896050839764,16248
0.5431034482758621,16249
0.5428571428571428,16250
0.542611060743427,16251
0.5423652016311735,16252
0.5421195652173914,16253
0.5423268447261205,16254
0.5425339366515837,16255
0.5427408412483039,16256
0.5429475587703436,16257
0.543154089471306,16258
0.5433604336043361,16259
0.5431151241534988,16260
0.5428700361010831,16261
0.5426251691474966,16262
0.542380522993688,16263
0.5421360973411447,16264
0.5423423423423424,16265
0.5420981539846916,16266
0.5418541854185418,16267
0.5420602789023842,16268
0.5422661870503597,16269
0.5420224719101123,16270
0.5417789757412399,16271
0.5415356982487651,16272
0.5417414721723519,16273
0.5414984297891431,16274
0.5412556053811659,16275
0.5414612281488121,16276
0.5416666666666666,16277
0.541424093148231,16278
0.5411817367949866,16279
0.5413870246085011,16280
0.5415921288014311,16281
0.5417970496200268,16282
0.5415549597855228,16283
0.5417597141581063,16284
0.5415178571428572,16285
0.5412762159750112,16286
0.5414808206958073,16287
0.541239411502452,16288
0.5409982174688057,16289
0.5412026726057907,16290
0.5414069456812111,16291
0.5416110369381397,16292
0.5413701067615658,16293
0.5411293908403735,16294
0.5408888888888889,16295
0.5410928476232786,16296
0.5412966252220248,16297
0.5410563692853972,16298
0.5408163265306123,16299
0.5405764966740576,16300
0.5407801418439716,16301
0.5405405405405406,16302
0.5407440212577502,16303
0.5409473218238159,16304
0.54070796460177,16305
0.5409111012826183,16306
0.5406719717064544,16307
0.5404330534688466,16308
0.5406360424028268,16309
0.5403973509933775,16310
0.5406001765225066,16311
0.5408028231142479,16312
0.541005291005291,16313
0.5407668576465403,16314
0.5405286343612334,16315
0.5402906208718626,16316
0.5404929577464789,16317
0.5406951165860097,16318
0.5408970976253298,16319
0.5410989010989011,16320
0.5408611599297012,16321
0.5410628019323671,16322
0.5408252853380158,16323
0.540587977182975,16324
0.5403508771929825,16325
0.5405523893029373,16326
0.5407537248028046,16327
0.5409548839246605,16328
0.5407180385288967,16329
0.5409190371991247,16330
0.5411198600174978,16331
0.5413205072146917,16332
0.541083916083916,16333
0.5408475316732198,16334
0.5410480349344978,16335
0.5408118725447403,16336
0.5410122164048866,16337
0.5412123855211514,16338
0.5414123801220575,16339
0.5411764705882353,16340
0.5409407665505227,16341
0.5411406181976491,16342
0.540905134899913,16343
0.5411048281861679,16344
0.5413043478260869,16345
0.5415036940460669,16346
0.5412684622067767,16347
0.5414676508901433,16348
0.5416666666666666,16349
0.5414316702819957,16350
0.5411968777103209,16351
0.540962288686606,16352
0.5407279029462738,16353
0.5404937202252057,16354
0.5406926406926407,16355
0.5404586758978797,16356
0.5402249134948097,16357
0.5404236921746649,16358
0.5406222990492653,16359
0.5408207343412527,16360
0.5410189982728842,16361
0.5412170910660337,16362
0.5414150129421915,16363
0.5411815437688658,16364
0.5413793103448276,16365
0.5411460577337355,16366
0.541343669250646,16367
0.5415411106328024,16368
0.5413080895008606,16369
0.5410752688172042,16370
0.5412725709372312,16371
0.5410399656209712,16372
0.5412371134020618,16373
0.541004723057106,16374
0.5412017167381974,16375
0.5413985413985414,16376
0.5411663807890223,16377
0.5409344192027432,16378
0.5411311053984575,16379
0.540899357601713,16380
0.541095890410959,16381
0.5412922550278134,16382
0.5410607356715141,16383
0.5412569474134246,16384
0.5414529914529914,16385
0.5412217001281504,16386
0.5414175918018788,16387
0.541186513017499,16388
0.5409556313993175,16389
0.5411513859275053,16390
0.5413469735720375,16391
0.5415423945462292,16392
0.5413117546848382,16393
0.5410813111962537,16394
0.5412765957446809,16395
0.541046363249681,16396
0.5412414965986394,16397
0.5410114747131322,16398
0.5407816482582838,16399
0.5409766454352442,16400
0.5407470288624788,16401
0.5405176071277047,16402
0.5402883799830365,16403
0.5404832556167868,16404
0.5406779661016949,16405
0.5404489623041084,16406
0.5406435224386114,16407
0.5408379179009734,16408
0.5406091370558376,16409
0.5403805496828753,16410
0.540574809805579,16411
0.5407689057879171,16412
0.5405405405405406,16413
0.5403123680878008,16414
0.540506329113924,16415
0.5402783635596795,16416
0.5400505902192243,16417
0.540244416350611,16418
inf,16419
1.0,16420
0.5,16421
0.6666666666666666,16422
0.5,16423
0.4,16424
0.3333333333333333,16425
0.2857142857142857,16426
0.25,16427
0.2222222222222222,16428
0.3,16429
0.36363636363636365,16430
0.4166666666666667,16431
0.38461538461538464,16432
0.35714285714285715,16433
0.3333333333333333,16434
0.3125,16435
0.35294117647058826,16436
0.3333333333333333,16437
0.3157894736842105,16438
0.3,16439
0.3333333333333333,16440
0.36363636363636365,16441
0.34782608695652173,16442
0.3333333333333333,16443
0.32,16444
0.34615384615384615,16445
0.3333333333333333,16446
0.32142857142857145,16447
0.3448275862068966,16448
0.36666666666666664,16449
0.3870967741935484,16450
0.40625,16451
0.42424242424242425,16452
0.4117647058823529,16453
0.4,16454
0.3888888888888889,16455
0.40540540540540543,16456
0.42105263157894735,16457
0.4358974358974359,16458
0.425,16459
0.43902439024390244,16460
0.4523809523809524,16461
0.46511627906976744,16462
0.45454545454545453,16463
0.4444444444444444,16464
0.45652173913043476,16465
0.46808510638297873,16466
0.4583333333333333,16467
0.4489795918367347,16468
0.46,16469
0.47058823529411764,16470
0.4807692307692308,16471
0.4716981132075472,16472
0.46296296296296297,16473
0.45454545454545453,16474
0.4642857142857143,16475
0.45614035087719296,16476
0.4482758620689655,16477
0.4576271186440678,16478
0.4666666666666667,16479
0.45901639344262296,16480
0.45161290322580644,16481
0.4444444444444444,16482
0.4375,16483
0.4461538461538462,16484
0.4393939393939394,16485
0.43283582089552236,16486
0.4264705882352941,16487
0.42028985507246375,16488
0.42857142857142855,16489
0.43661971830985913,16490
0.4305555555555556,16491
0.4246575342465753,16492
0.4189189189189189,16493
0.4266666666666667,16494
0.42105263157894735,16495
0.42857142857142855,16496
0.4358974358974359,16497
0.4430379746835443,16498
0.45,16499
0.4444444444444444,16500
0.45121951219512196,16501
0.4578313253012048,16502
0.4642857142857143,16503
0.4588235294117647,16504
0.46511627906976744,16505
0.45977011494252873,16506
0.45454545454545453,16507
0.4606741573033708,16508
0.4666666666666667,16509
0.46153846153846156,16510
0.4673913043478261,16511
0.4731182795698925,16512
0.46808510638297873,16513
0.4631578947368421,16514
0.4583333333333333,16515
0.4536082474226804,16516
0.4489795918367347,16517
0.4444444444444444,16518
0.44,16519
0.43564356435643564,16520
0.43137254901960786,16521
0.42718446601941745,16522
0.4326923076923077,16523
0.42857142857142855,16524
0.4339622641509434,16525
0.4392523364485981,16526
0.4351851851851852,16527
0.44036697247706424,16528
0.44545454545454544,16529
0.45045045045045046,16530
0.44642857142857145,16531
0.4424778761061947,16532
0.43859649122807015,16533
0.4434782608695652,16534
0.4482758620689655,16535
0.4444444444444444,16536
0.4491525423728814,16537
0.453781512605042,16538
0.45,16539
0.45454545454545453,16540
0.45901639344262296,16541
0.45528455284552843,16542
0.4596774193548387,16543
0.464,16544
0.4603174603174603,16545
0.4645669291338583,16546
0.46875,16547
0.4728682170542636,16548
0.47692307692307695,16549
0.48091603053435117,16550
0.4772727272727273,16551
0.47368421052631576,16552
0.47761194029850745,16553
0.4740740740740741,16554
0.47058823529411764,16555
0.4744525547445255,16556
0.47101449275362317,16557
0.4748201438848921,16558
0.4785714285714286,16559
0.48226950354609927,16560
0.4788732394366197,16561
0.4825174825174825,16562
0.4791666666666667,16563
0.47586206896551725,16564
0.4726027397260274,16565
0.46938775510204084,16566
0.46621621621621623,16567
0.46308724832214765,16568
0.46,16569
0.45695364238410596,16570
0.4605263157894737,16571
0.46405228758169936,16572
0.461038961038961,16573
0.45806451612903226,16574
0.4551282051282051,16575
0.4585987261146497,16576
0.4620253164556962,16577
0.46540880503144655,16578
0.46875,16579
0.4720496894409938,16580
0.4691358024691358,16581
0.4723926380368098,16582
0.4695121951219512,16583
0.4727272727272727,16584
0.46987951807228917,16585
0.47305389221556887,16586
0.47023809523809523,16587
0.47337278106508873,16588
0.4764705882352941,16589
0.47953216374269003,16590
0.47674418604651164,16591
0.4797687861271676,16592
0.4827586206896552,16593
0.48,16594
0.4772727272727273,16595
0.480225988700565,16596
0.48314606741573035,16597
0.48044692737430167,16598
0.4777777777777778,16599
0.48066298342541436,16600
0.47802197802197804,16601
0.47540983606557374,16602
0.4782608695652174,16603
0.4756756756756757,16604
0.4731182795698925,16605
0.47058823529411764,16606
0.4734042553191489,16607
0.4708994708994709,16608
0.47368421052631576,16609
0.47643979057591623,16610
0.4791666666666667,16611
0.48186528497409326,16612
0.4793814432989691,16613
0.48205128205128206,16614
0.47959183673469385,16615
0.47715736040609136,16616
0.47474747474747475,16617
0.4723618090452261,16618
0.475,16619
0.472636815920398,16620
0.47029702970297027,16621
0.4729064039408867,16622
0.47549019607843135,16623
0.47804878048780486,16624
0.47572815533980584,16625
0.47342995169082125,16626
0.47596153846153844,16627
0.47368421052631576,16628
0.47619047619047616,16629
0.47393364928909953,16630
0.47641509433962265,16631
0.47417840375586856,16632
0.4766355140186916,16633
0.4790697674418605,16634
0.48148148148148145,16635
0.4792626728110599,16636
0.481651376146789,16637
0.4840182648401826,16638
0.4818181818181818,16639
0.4841628959276018,16640
0.481981981981982,16641
0.4798206278026906,16642
0.47767857142857145,16643
0.47555555555555556,16644
0.47345132743362833,16645
0.47577092511013214,16646
0.47368421052631576,16647
0.47161572052401746,16648
0.47391304347826085,16649
0.47619047619047616,16650
0.47413793103448276,16651
0.4721030042918455,16652
0.47435897435897434,16653
0.4765957446808511,16654
0.4788135593220339,16655
0.4767932489451477,16656
0.47478991596638653,16657
0.47280334728033474,16658
0.4708333333333333,16659
0.46887966804979253,16660
0.4669421487603306,16661
0.4691358024691358,16662
0.4713114754098361,16663
0.47346938775510206,16664
0.47560975609756095,16665
0.4777327935222672,16666
0.47580645161290325,16667
0.4738955823293173,16668
0.476,16669
0.47410358565737054,16670
0.47619047619047616,16671
0.4782608695652174,16672
0.4763779527559055,16673
0.47843137254901963,16674
0.48046875,16675
0.4785992217898833,16676
0.47674418604651164,16677
0.4749034749034749,16678
0.47307692307692306,16679
0.47126436781609193,16680
0.46946564885496184,16681
0.4714828897338403,16682
0.4734848484848485,16683
0.47547169811320755,16684
0.4774436090225564,16685
0.4756554307116105,16686
0.47388059701492535,16687
0.4721189591078067,16688
0.4740740740740741,16689
0.47232472324723246,16690
0.4742647058823529,16691
0.4725274725274725,16692
0.4744525547445255,16693
0.4763636363636364,16694
0.4782608695652174,16695
0.47653429602888087,16696
0.4784172661870504,16697
0.4767025089605735,16698
0.475,16699
0.47686832740213525,16700
0.4787234042553192,16701
0.48056537102473496,16702
0.4788732394366197,16703
0.4807017543859649,16704
0.479020979020979,16705
0.4808362369337979,16706
0.4826388888888889,16707
0.4809688581314879,16708
0.4793103448275862,16709
0.48109965635738833,16710
0.4828767123287671,16711
0.48464163822525597,16712
0.48299319727891155,16713
0.48135593220338985,16714
0.4831081081081081,16715
0.48484848484848486,16716
0.48322147651006714,16717
0.4816053511705686,16718
0.48,16719
0.47840531561461797,16720
0.48013245033112584,16721
0.47854785478547857,16722
0.4769736842105263,16723
0.47540983606557374,16724
0.477124183006536,16725
0.4788273615635179,16726
0.4805194805194805,16727
0.48220064724919093,16728
0.4806451612903226,16729
0.4790996784565916,16730
0.4775641025641026,16731
0.4792332268370607,16732
0.47770700636942676,16733
0.4793650793650794,16734
0.4778481012658228,16735
0.4794952681388013,16736
0.4779874213836478,16737
0.47962382445141066,16738
0.48125,16739
0.4797507788161994,16740
0.4813664596273292,16741
0.48297213622291024,16742
0.48148148148148145,16743
0.48,16744
0.4785276073619632,16745
0.47706422018348627,16746
0.47865853658536583,16747
0.48024316109422494,16748
0.4818181818181818,16749
0.48036253776435045,16750
0.4819277108433735,16751
0.48348348348348347,16752
0.48502994011976047,16753
0.48656716417910445,16754
0.4880952380952381,16755
0.486646884272997,16756
0.48520710059171596,16757
0.48672566371681414,16758
0.48823529411764705,16759
0.4868035190615836,16760
0.4853801169590643,16761
0.4868804664723032,16762
0.4883720930232558,16763
0.48985507246376814,16764
0.4913294797687861,16765
0.49279538904899134,16766
0.49137931034482757,16767
0.4899713467048711,16768
0.49142857142857144,16769
0.49002849002849,16770
0.4914772727272727,16771
0.49008498583569404,16772
0.4887005649717514,16773
0.48732394366197185,16774
0.4887640449438202,16775
0.48739495798319327,16776
0.4860335195530726,16777
0.48746518105849584,16778
0.4861111111111111,16779
0.48476454293628807,16780
0.48342541436464087,16781
0.4820936639118457,16782
0.4807692307692308,16783
0.4821917808219178,16784
0.4808743169398907,16785
0.47956403269754766,16786
0.48097826086956524,16787
0.4796747967479675,16788
0.4810810810810811,16789
0.4797843665768194,16790
0.48118279569892475,16791
0.47989276139410186,16792
0.4786096256684492,16793
0.48,16794
0.4787234042553192,16795
0.48010610079575594,16796
0.47883597883597884,16797
0.48021108179419525,16798
0.48157894736842105,16799
0.48293963254593175,16800
0.4816753926701571,16801
0.4830287206266319,16802
0.4817708333333333,16803
0.4805194805194805,16804
0.48186528497409326,16805
0.48320413436692505,16806
0.48195876288659795,16807
0.4832904884318766,16808
0.4846153846153846,16809
0.4833759590792839,16810
0.4846938775510204,16811
0.4860050890585242,16812
0.4873096446700508,16813
0.48860759493670886,16814
0.48737373737373735,16815
0.48866498740554154,16816
0.48743718592964824,16817
0.48621553884711777,16818
0.485,16819
0.4837905236907731,16820
0.48507462686567165,16821
0.48635235732009924,16822
0.48514851485148514,16823
0.4839506172839506,16824
0.4852216748768473,16825
0.48402948402948404,16826
0.48284313725490197,16827
0.4841075794621027,16828
0.4853658536585366,16829
0.48661800486618007,16830
0.4878640776699029,16831
0.4891041162227603,16832
0.49033816425120774,16833
0.491566265060241,16834
0.49278846153846156,16835
0.4940047961630695,16836
0.49282296650717705,16837
0.4916467780429594,16838
0.4928571428571429,16839
0.49406175771971494,16840
0.4928909952606635,16841
0.4940898345153664,16842
0.49528301886792453,16843
0.49411764705882355,16844
0.4953051643192488,16845
0.4964871194379391,16846
0.4976635514018692,16847
0.4988344988344988,16848
0.49767441860465117,16849
0.4965197215777262,16850
0.49537037037037035,16851
0.49653579676674364,16852
0.49539170506912444,16853
0.4942528735632184,16854
0.49311926605504586,16855
0.494279176201373,16856
0.4931506849315068,16857
0.49430523917995445,16858
0.4954545454545455,16859
0.4965986394557823,16860
0.49547511312217196,16861
0.49435665914221216,16862
0.49324324324324326,16863
0.4943820224719101,16864
0.49327354260089684,16865
0.49217002237136465,16866
0.49107142857142855,16867
0.48997772828507796,16868
0.4911111111111111,16869
0.49002217294900224,16870
0.4911504424778761,16871
0.4922737306843267,16872
0.4911894273127753,16873
0.49230769230769234,16874
0.49122807017543857,16875
0.4923413566739606,16876
0.4912663755458515,16877
0.49019607843137253,16878
0.4891304347826087,16879
0.4880694143167028,16880
0.487012987012987,16881
0.48812095032397407,16882
0.4870689655172414,16883
0.4881720430107527,16884
0.4871244635193133,16885
0.48822269807280516,16886
0.4893162393162393,16887
0.4904051172707889,16888
0.49148936170212765,16889
0.49256900212314225,16890
0.4915254237288136,16891
0.492600422832981,16892
0.4936708860759494,16893
0.4926315789473684,16894
0.49159663865546216,16895
0.49056603773584906,16896
0.4895397489539749,16897
0.4906054279749478,16898
0.49166666666666664,16899
0.49064449064449067,16900
0.491701244813278,16901
0.4906832298136646,16902
0.49173553719008267,16903
0.49072164948453606,16904
0.4897119341563786,16905
0.4887063655030801,16906
0.48770491803278687,16907
0.4887525562372188,16908
0.4897959183673469,16909
0.48879837067209775,16910
0.4898373983739837,16911
0.48884381338742394,16912
0.4898785425101215,16913
0.4909090909090909,16914
0.49193548387096775,16915
0.49295774647887325,16916
0.4939759036144578,16917
0.49498997995991983,16918
0.494,16919
0.4930139720558882,16920
0.4940239043824701,16921
0.49304174950298213,16922
0.49206349206349204,16923
0.4910891089108911,16924
0.4901185770750988,16925
0.4911242603550296,16926
0.4921259842519685,16927
0.4931237721021611,16928
0.49411764705882355,16929
0.4931506849315068,16930
0.4921875,16931
0.49317738791423,16932
0.49416342412451364,16933
0.49514563106796117,16934
0.4941860465116279,16935
0.4932301740812379,16936
0.4942084942084942,16937
0.4932562620423892,16938
0.49423076923076925,16939
0.4932821497120921,16940
0.4942528735632184,16941
0.49521988527724664,16942
0.4961832061068702,16943
0.49714285714285716,16944
0.49619771863117873,16945
0.4952561669829222,16946
0.4962121212121212,16947
0.497164461247637,16948
0.4962264150943396,16949
0.4971751412429379,16950
0.4981203007518797,16951
0.4971857410881801,16952
0.49812734082397003,16953
0.497196261682243,16954
0.498134328358209,16955
0.49906890130353815,16956
0.5,16957
0.49907235621521334,16958
0.4981481481481482,16959
0.49907578558225507,16960
0.4981549815498155,16961
0.4990791896869245,16962
0.49816176470588236,16963
0.4990825688073395,16964
0.5,16965
0.4990859232175503,16966
0.5,16967
0.4990892531876138,16968
0.49818181818181817,16969
0.49727767695099817,16970
0.4963768115942029,16971
0.4972875226039783,16972
0.4963898916967509,16973
0.4972972972972973,16974
0.4982014388489209,16975
0.4991023339317774,16976
0.4982078853046595,16977
0.49731663685152055,16978
0.4982142857142857,16979
0.49910873440285203,16980
0.5,16981
0.4991119005328597,16982
0.5,16983
0.5008849557522124,16984
0.5017667844522968,16985
0.5008818342151675,16986
0.5,16987
0.5008787346221442,16988
0.5017543859649123,16989
0.5026269702276708,16990
0.5017482517482518,16991
0.5008726003490401,16992
0.5017421602787456,16993
0.5026086956521739,16994
0.5034722222222222,16995
0.5025996533795494,16996
0.5034602076124568,16997
0.5025906735751295,16998
0.5017241379310344,16999
0.5025817555938038,17000
0.5017182130584192,17001
0.5008576329331046,17002
0.5,17003
0.49914529914529915,17004
0.49829351535836175,17005
0.4991482112436116,17006
0.49829931972789115,17007
0.499151103565365,17008
0.5,17009
0.5008460236886633,17010
0.5016891891891891,17011
0.5008431703204047,17012
0.5016835016835017,17013
0.5008403361344538,17014
0.5016778523489933,17015
0.5008375209380235,17016
0.5016722408026756,17017
0.5008347245409015,17018
0.5,17019
0.5008319467554077,17020
0.5016611295681063,17021
0.5008291873963516,17022
0.5016556291390728,17023
0.5008264462809917,17024
0.5,17025
0.49917627677100496,17026
0.49835526315789475,17027
0.4975369458128079,17028
0.4967213114754098,17029
0.4959083469721768,17030
0.4950980392156863,17031
0.49429037520391517,17032
0.49348534201954397,17033
0.4926829268292683,17034
0.4935064935064935,17035
0.49270664505672607,17036
0.4935275080906149,17037
0.49434571890145396,17038
0.4935483870967742,17039
0.4927536231884058,17040
0.49356913183279744,17041
0.4943820224719101,17042
0.4935897435897436,17043
0.4944,17044
0.4952076677316294,17045
0.4944178628389155,17046
0.49522292993630573,17047
0.4944356120826709,17048
0.49523809523809526,17049
0.49445324881141045,17050
0.4936708860759494,17051
0.49447077409162715,17052
0.4952681388012618,17053
0.494488188976378,17054
0.4937106918238994,17055
0.4945054945054945,17056
0.493730407523511,17057
0.4945226917057903,17058
0.49375,17059
0.49297971918876754,17060
0.4937694704049844,17061
0.49455676516329705,17062
0.4937888198757764,17063
0.4945736434108527,17064
0.4938080495356037,17065
0.4945904173106646,17066
0.49537037037037035,17067
0.49614791987673346,17068
0.49538461538461537,17069
0.49615975422427033,17070
0.495398773006135,17071
0.4946401225114854,17072
0.4938837920489297,17073
0.4946564885496183,17074
0.4954268292682927,17075
0.4946727549467275,17076
0.49544072948328266,17077
0.496206373292868,17078
0.49696969696969695,17079
0.4977307110438729,17080
0.4984894259818731,17081
0.497737556561086,17082
0.49849397590361444,17083
0.49774436090225566,17084
0.4984984984984985,17085
0.49775112443778113,17086
0.49850299401197606,17087
0.4992526158445441,17088
0.49850746268656715,17089
0.4992548435171386,17090
0.5,17091
0.5007429420505201,17092
0.5,17093
0.5007407407407407,17094
0.5014792899408284,17095
0.5022156573116692,17096
0.5014749262536873,17097
0.5022091310751104,17098
0.5014705882352941,17099
0.5007342143906021,17100
0.501466275659824,17101
0.5021961932650073,17102
0.5014619883040936,17103
0.5021897810218978,17104
0.5014577259475219,17105
0.5007278020378457,17106
0.501453488372093,17107
0.5007256894049347,17108
0.5014492753623189,17109
0.5007235890014472,17110
0.5,17111
0.5007215007215007,17112
0.5,17113
0.49928057553956834,17114
0.5,17115
0.49928263988522237,17116
0.5,17117
0.49928469241773965,17118
0.49857142857142855,17119
0.4992867332382311,17120
0.5,17121
0.5007112375533428,17122
0.5,17123
0.500709219858156,17124
0.5,17125
0.5007072135785007,17126
0.5,17127
0.5007052186177715,17128
0.5,17129
0.5007032348804501,17130
0.5014044943820225,17131
0.5007012622720898,17132
0.5,17133
0.4993006993006993,17134
0.5,17135
0.499302649930265,17136
0.5,17137
0.5006954102920723,17138
0.5,17139
0.5006934812760055,17140
0.5013850415512465,17141
0.5020746887966805,17142
0.5027624309392266,17143
0.503448275862069,17144
0.5027548209366391,17145
0.5020632737276479,17146
0.5027472527472527,17147
0.5020576131687243,17148
0.5013698630136987,17149
0.5020519835841313,17150
0.5013661202185792,17151
0.5020463847203275,17152
0.502724795640327,17153
0.5034013605442177,17154
0.5040760869565217,17155
0.5047489823609227,17156
0.5040650406504065,17157
0.503382949932341,17158
0.5027027027027027,17159
0.5033738191632928,17160
0.5040431266846361,17161
0.5033647375504711,17162
0.5040322580645161,17163
0.5033557046979866,17164
0.5026809651474531,17165
0.5033467202141901,17166
0.5026737967914439,17167
0.5020026702269693,17168
0.5026666666666667,17169
0.5033288948069241,17170
0.5026595744680851,17171
0.50199203187251,17172
0.5026525198938993,17173
0.5033112582781457,17174
0.503968253968254,17175
0.5046235138705416,17176
0.5052770448548812,17177
0.5059288537549407,17178
0.5052631578947369,17179
0.5045992115637319,17180
0.5039370078740157,17181
0.5045871559633027,17182
0.5039267015706806,17183
0.5045751633986928,17184
0.5039164490861618,17185
0.5032594524119948,17186
0.5026041666666666,17187
0.5019505851755527,17188
0.5025974025974026,17189
0.503242542153048,17190
0.5025906735751295,17191
0.5032341526520052,17192
0.5038759689922481,17193
0.5045161290322581,17194
0.5051546391752577,17195
0.5057915057915058,17196
0.506426735218509,17197
0.5070603337612324,17198
0.5064102564102564,17199
0.5057618437900128,17200
0.5063938618925832,17201
0.5070242656449553,17202
0.5076530612244898,17203
0.5070063694267516,17204
0.5063613231552163,17205
0.5057179161372299,17206
0.5063451776649747,17207
0.5057034220532319,17208
0.5063291139240507,17209
0.506953223767383,17210
0.5075757575757576,17211
0.5069356872635561,17212
0.5075566750629723,17213
0.5069182389937107,17214
0.5062814070351759,17215
0.506900878293601,17216
0.5075187969924813,17217
0.5068836045056321,17218
0.5075,17219
0.5068664169787765,17220
0.5074812967581047,17221
0.5068493150684932,17222
0.5074626865671642,17223
0.5080745341614907,17224
0.5086848635235732,17225
0.5080545229244114,17226
0.5086633663366337,17227
0.5092707045735476,17228
0.508641975308642,17229
0.5092478421701603,17230
0.5098522167487685,17231
0.5104551045510455,17232
0.5110565110565111,17233
0.5104294478527608,17234
0.5110294117647058,17235
0.5116279069767442,17236
0.5122249388753056,17237
0.5128205128205128,17238
0.5134146341463415,17239
0.51278928136419,17240
0.5121654501216545,17241
0.5127582017010935,17242
0.5133495145631068,17243
0.5127272727272727,17244
0.513317191283293,17245
0.5126964933494559,17246
0.5132850241545893,17247
0.5138721351025332,17248
0.5144578313253012,17249
0.5138387484957883,17250
0.5144230769230769,17251
0.5138055222088835,17252
0.5143884892086331,17253
0.5137724550898204,17254
0.5143540669856459,17255
0.5137395459976105,17256
0.513126491646778,17257
0.5137067938021455,17258
0.5142857142857142,17259
0.5148632580261593,17260
0.5142517814726841,17261
0.5148279952550415,17262
0.514218009478673,17263
0.5136094674556213,17264
0.5141843971631206,17265
0.5147579693034239,17266
0.5153301886792453,17267
0.5159010600706714,17268
0.5152941176470588,17269
0.5146886016451234,17270
0.5152582159624414,17271
0.5158264947245017,17272
0.5163934426229508,17273
0.5169590643274854,17274
0.5163551401869159,17275
0.5169194865810969,17276
0.5174825174825175,17277
0.5180442374854481,17278
0.5186046511627908,17279
0.519163763066202,17280
0.5197215777262181,17281
0.5202780996523755,17282
0.5208333333333334,17283
0.5213872832369942,17284
0.5219399538106235,17285
0.5224913494809689,17286
0.521889400921659,17287
0.522439585730725,17288
0.5218390804597701,17289
0.5223880597014925,17290
0.5229357798165137,17291
0.5223367697594502,17292
0.5217391304347826,17293
0.5222857142857142,17294
0.5228310502283106,17295
0.5222348916761688,17296
0.5216400911161732,17297
0.5210466439135382,17298
0.5204545454545455,17299
0.5198637911464246,17300
0.5192743764172335,17301
0.5198187995469988,17302
0.5192307692307693,17303
0.5186440677966102,17304
0.518058690744921,17305
0.5174746335963923,17306
0.5180180180180181,17307
0.5185601799775028,17308
0.5191011235955056,17309
0.5185185185185185,17310
0.5190582959641256,17311
0.5184770436730123,17312
0.5178970917225951,17313
0.5173184357541899,17314
0.5178571428571429,17315
0.5172798216276477,17316
0.5167037861915368,17317
0.5172413793103449,17318
0.5177777777777778,17319
0.5183129855715871,17320
0.5188470066518847,17321
0.5193798449612403,17322
0.5188053097345132,17323
0.5193370165745856,17324
0.5198675496688742,17325
0.5192943770672547,17326
0.5198237885462555,17327
0.5192519251925193,17328
0.5186813186813187,17329
0.5192096597145993,17330
0.518640350877193,17331
0.5191675794085433,17332
0.5196936542669585,17333
0.5202185792349727,17334
0.519650655021834,17335
0.5190839694656488,17336
0.5185185185185185,17337
0.5190424374319913,17338
0.5195652173913043,17339
0.5200868621064061,17340
0.5195227765726681,17341
0.5200433369447454,17342
0.5205627705627706,17343
0.52,17344
0.5205183585313174,17345
0.5199568500539374,17346
0.5193965517241379,17347
0.5199138858988159,17348
0.5204301075268817,17349
0.5198711063372717,17350
0.51931330472103,17351
0.5187566988210075,17352
0.5192719486081371,17353
0.5197860962566845,17354
0.5202991452991453,17355
0.5197438633938101,17356
0.5202558635394456,17357
0.5197018104366348,17358
0.5202127659574468,17359
0.5207226354941552,17360
0.5212314225053079,17361
0.5206786850477201,17362
0.5201271186440678,17363
0.5206349206349207,17364
0.5211416490486258,17365
0.5205913410770855,17366
0.520042194092827,17367
0.5205479452054794,17368
0.52,17369
0.5205047318611987,17370
0.5210084033613446,17371
0.5204616998950682,17372
0.519916142557652,17373
0.5193717277486911,17374
0.5188284518828452,17375
0.5182863113897597,17376
0.5187891440501043,17377
0.5182481751824818,17378
0.51875,17379
0.518210197710718,17380
0.5187110187110187,17381
0.5192107995846313,17382
0.5197095435684648,17383
0.5191709844559586,17384
0.5196687370600414,17385
0.5201654601861427,17386
0.5206611570247934,17387
0.5211558307533539,17388
0.520618556701031,17389
0.5211122554067971,17390
0.5216049382716049,17391
0.5210688591983555,17392
0.5215605749486653,17393
0.522051282051282,17394
0.5215163934426229,17395
0.5209825997952917,17396
0.5204498977505112,17397
0.5199182839632278,17398
0.5193877551020408,17399
0.5198776758409785,17400
0.5193482688391039,17401
0.5188199389623601,17402
0.5182926829268293,17403
0.5187817258883248,17404
0.5182555780933062,17405
0.5187436676798379,17406
0.5192307692307693,17407
0.5197168857431749,17408
0.5191919191919192,17409
0.5186680121089808,17410
0.5181451612903226,17411
0.5176233635448136,17412
0.5181086519114688,17413
0.5185929648241207,17414
0.5180722891566265,17415
0.5175526579739218,17416
0.5170340681362725,17417
0.5165165165165165,17418
0.517,17419
0.5174825174825175,17420
0.5179640718562875,17421
0.518444666001994,17422
0.5189243027888446,17423
0.5184079601990049,17424
0.5188866799204771,17425
0.5183714001986097,17426
0.5188492063492064,17427
0.5193260654112983,17428
0.5188118811881188,17429
0.5192878338278932,17430
0.5187747035573123,17431
0.5182625863770978,17432
0.5187376725838264,17433
0.5192118226600986,17434
0.5196850393700787,17435
0.5191740412979351,17436
0.5196463654223968,17437
0.5191364082433758,17438
0.5196078431372549,17439
0.5200783545543585,17440
0.5205479452054794,17441
0.5210166177908113,17442
0.5205078125,17443
0.5209756097560976,17444
0.5214424951267057,17445
0.5209347614410905,17446
0.5204280155642024,17447
0.5208940719144801,17448
0.5213592233009708,17449
0.5208535402521823,17450
0.5213178294573644,17451
0.5208131655372701,17452
0.5212765957446809,17453
0.5207729468599034,17454
0.5212355212355212,17455
0.5216972034715526,17456
0.5211946050096339,17457
0.5216554379210779,17458
0.5221153846153846,17459
0.5225744476464937,17460
0.5230326295585412,17461
0.5225311601150527,17462
0.5220306513409961,17463
0.5215311004784688,17464
0.5219885277246654,17465
0.5214899713467048,17466
0.5219465648854962,17467
0.5224022878932316,17468
0.5219047619047619,17469
0.5214081826831589,17470
0.5209125475285171,17471
0.5204178537511871,17472
0.5208728652751423,17473
0.5213270142180095,17474
0.521780303030303,17475
0.521286660359508,17476
0.5217391304347826,17477
0.52219074598678,17478
0.5226415094339623,17479
0.5221489161168709,17480
0.5225988700564972,17481
0.522107243650047,17482
0.5216165413533834,17483
0.5220657276995305,17484
0.5225140712945591,17485
0.5229615745079662,17486
0.5234082397003745,17487
0.5229186155285314,17488
0.5224299065420561,17489
0.5228758169934641,17490
0.5223880597014925,17491
0.5228331780055918,17492
0.5232774674115456,17493
0.5227906976744187,17494
0.5232342007434945,17495
0.5227483751160631,17496
0.5231910946196661,17497
0.5236329935125116,17498
0.5231481481481481,17499
0.5226641998149861,17500
0.522181146025878,17501
0.5226223453370268,17502
0.5230627306273062,17503
0.5225806451612903,17504
0.5220994475138122,17505
0.5216191352345906,17506
0.5211397058823529,17507
0.5206611570247934,17508
0.5211009174311927,17509
0.5215398716773603,17510
0.521978021978022,17511
0.5224153705397987,17512
0.5219378427787934,17513
0.5214611872146119,17514
0.5218978102189781,17515
0.5214220601640839,17516
0.5209471766848816,17517
0.521383075523203,17518
0.5218181818181818,17519
0.5213442325158947,17520
0.5217785843920145,17521
0.5213055303717135,17522
0.5217391304347826,17523
0.5221719457013575,17524
0.5216998191681737,17525
0.5221318879855466,17526
0.5225631768953068,17527
0.5229936880072137,17528
0.5234234234234234,17529
0.5229522952295229,17530
0.5233812949640287,17531
0.5238095238095238,17532
0.5242369838420108,17533
0.5246636771300448,17534
0.525089605734767,17535
0.5246195165622203,17536
0.5250447227191414,17537
0.5254691689008043,17538
0.5258928571428572,17539
0.5263157894736842,17540
0.5258467023172906,17541
0.5253784505788067,17542
0.5249110320284698,17543
0.5244444444444445,17544
0.5239786856127886,17545
0.5244010647737356,17546
0.524822695035461,17547
0.5243578387953941,17548
0.5238938053097345,17549
0.5243147656940761,17550
0.523851590106007,17551
0.5242718446601942,17552
0.5238095238095238,17553
0.5233480176211454,17554
0.522887323943662,17555
0.523306948109059,17556
0.5228471001757469,17557
0.5223880597014925,17558
0.5219298245614035,17559
0.5214723926380368,17560
0.521015761821366,17561
0.5205599300087489,17562
0.5201048951048951,17563
0.519650655021834,17564
0.5191972076788831,17565
0.5196163905841326,17566
0.519163763066202,17567
0.5195822454308094,17568
0.5191304347826087,17569
0.5195482189400521,17570
0.5190972222222222,17571
0.5195143104943626,17572
0.5199306759098787,17573
0.5194805194805194,17574
0.5198961937716263,17575
0.5203111495246326,17576
0.5198618307426598,17577
0.5194132873166523,17578
0.5189655172413793,17579
0.5185185185185185,17580
0.5189328743545611,17581
0.5184866723989682,17582
0.5189003436426117,17583
0.51931330472103,17584
0.5188679245283019,17585
0.5184233076263924,17586
0.5188356164383562,17587
0.5192472198460223,17588
0.5188034188034188,17589
0.5183603757472246,17590
0.5187713310580204,17591
0.5191815856777494,17592
0.5187393526405452,17593
0.5191489361702127,17594
0.5195578231292517,17595
0.5199660152931181,17596
0.5203735144312394,17597
0.5199321458863444,17598
0.5194915254237288,17599
0.5198983911939035,17600
0.5203045685279187,17601
0.5198647506339814,17602
0.5194256756756757,17603
0.5198312236286919,17604
0.5202360876897133,17605
0.5197978096040438,17606
0.5202020202020202,17607
0.520605550883095,17608
0.5201680672268908,17609
0.5205709487825357,17610
0.5209731543624161,17611
0.5213746856663872,17612
0.5217755443886097,17613
0.5213389121338912,17614
0.5209030100334449,17615
0.5213032581453634,17616
0.5208681135225376,17617
0.5204336947456214,17618
0.5208333333333334,17619
0.5203996669442131,17620
0.5199667221297837,17621
0.5203657522859518,17622
0.520764119601329,17623
0.5211618257261411,17624
0.5207296849087893,17625
0.52029826014913,17626
0.5198675496688742,17627
0.5202646815550042,17628
0.5206611570247934,17629
0.5202312138728323,17630
0.5206270627062707,17631
0.5201978565539983,17632
0.5205930807248764,17633
0.5209876543209877,17634
0.5213815789473685,17635
0.5217748562037798,17636
0.5213464696223317,17637
0.5217391304347826,17638
0.521311475409836,17639
0.5217035217035217,17640
0.5220949263502455,17641
0.5224856909239575,17642
0.5228758169934641,17643
0.5232653061224489,17644
0.5236541598694943,17645
0.5240423797881011,17646
0.5236156351791531,17647
0.5240032546786005,17648
0.524390243902439,17649
0.5239642567018684,17650
0.5243506493506493,17651
0.5247364152473641,17652
0.5243111831442464,17653
0.5238866396761134,17654
0.5234627831715211,17655
0.5238480194017785,17656
0.5234248788368336,17657
0.5238095238095238,17658
0.5241935483870968,17659
0.523771152296535,17660
0.5233494363929146,17661
0.5237329042638778,17662
0.5233118971061094,17663
0.5228915662650603,17664
0.5232744783306581,17665
0.5236567762630313,17666
0.5232371794871795,17667
0.5228182546036829,17668
0.5232,17669
0.5227817745803357,17670
0.5223642172523961,17671
0.5227454110135674,17672
0.5231259968102073,17673
0.5235059760956176,17674
0.5230891719745223,17675
0.5234685759745425,17676
0.5238473767885533,17677
0.5234312946783162,17678
0.523015873015873,17679
0.5233941316415543,17680
0.5237717908082409,17681
0.5241488519398259,17682
0.5237341772151899,17683
0.5233201581027668,17684
0.523696682464455,17685
0.5240726124704025,17686
0.5236593059936908,17687
0.5232466509062254,17688
0.5228346456692914,17689
0.5224232887490166,17690
0.5227987421383647,17691
0.5231736056559309,17692
0.5235478806907379,17693
0.5231372549019608,17694
0.5235109717868338,17695
0.523884103367267,17696
0.5234741784037559,17697
0.5230648944487881,17698
0.52265625,17699
0.5230288836846214,17700
0.5234009360374415,17701
0.5237724084177708,17702
0.5241433021806854,17703
0.5245136186770428,17704
0.5248833592534993,17705
0.5244755244755245,17706
0.5248447204968945,17707
0.5244375484871994,17708
0.5248062015503876,17709
0.5243996901626646,17710
0.5247678018575851,17711
0.5251353441608662,17712
0.5247295208655333,17713
0.525096525096525,17714
0.5254629629629629,17715
0.5250578257517348,17716
0.524653312788906,17717
0.5250192455735181,17718
0.5253846153846153,17719
0.5257494235203689,17720
0.5261136712749616,17721
0.5264773599386032,17722
0.5260736196319018,17723
0.5264367816091954,17724
0.5260336906584993,17725
0.5263963274674828,17726
0.5259938837920489,17727
0.5255920550038197,17728
0.5251908396946565,17729
0.5255530129672006,17730
0.5251524390243902,17731
0.5255140898705255,17732
0.525875190258752,17733
0.5254752851711026,17734
0.5250759878419453,17735
0.5254365983295368,17736
0.5250379362670713,17737
0.5253980288097043,17738
0.5257575757575758,17739
0.5253595760787282,17740
0.5257186081694403,17741
0.5260770975056689,17742
0.525679758308157,17743
0.5252830188679245,17744
0.5248868778280543,17745
0.5244913338357197,17746
0.5248493975903614,17747
0.5252069224981188,17748
0.524812030075188,17749
0.5244177310293012,17750
0.524024024024024,17751
0.5243810952738185,17752
0.5247376311844077,17753
0.5250936329588015,17754
0.5254491017964071,17755
0.5258040388930442,17756
0.5261584454409567,17757
0.5257654966392831,17758
0.5253731343283582,17759
0.5249813571961223,17760
0.5253353204172876,17761
0.5256887565152644,17762
0.5260416666666666,17763
0.5256505576208178,17764
0.5260029717682021,17765
0.526354862657758,17766
0.5259643916913946,17767
0.5263157894736842,17768
0.5266666666666666,17769
0.5270170244263509,17770
0.5273668639053254,17771
0.5269770879526977,17772
0.5265878877400295,17773
0.5269372693726937,17774
0.5265486725663717,17775
0.5261606484893147,17776
0.5257731958762887,17777
0.5261221486387049,17778
0.5257352941176471,17779
0.5253490080822925,17780
0.5256975036710719,17781
0.5260454878943507,17782
0.5263929618768328,17783
0.5267399267399268,17784
0.527086383601757,17785
0.5274323335771763,17786
0.5277777777777778,17787
0.5281227173119065,17788
0.5284671532846715,17789
0.5288110867979577,17790
0.5291545189504373,17791
0.5294974508375819,17792
0.529839883551674,17793
0.5294545454545454,17794
0.5290697674418605,17795
0.5294117647058824,17796
0.5297532656023222,17797
0.5293691080493111,17798
0.5289855072463768,17799
0.5286024619840695,17800
0.5289435600578871,17801
0.5285610990600145,17802
0.528179190751445,17803
0.527797833935018,17804
0.5281385281385281,17805
0.5277577505407354,17806
0.5280979827089337,17807
0.5277177825773938,17808
0.5280575539568345,17809
0.5283968368080517,17810
0.5287356321839081,17811
0.5290739411342427,17812
0.5294117647058824,17813
0.5290322580645161,17814
0.5293696275071633,17815
0.5289906943450251,17816
0.5293276108726752,17817
0.5289492494639028,17818
0.5285714285714286,17819
0.5289079229122056,17820
0.5285306704707561,17821
0.5288667141838916,17822
0.5284900284900285,17823
0.5288256227758007,17824
0.5284495021337127,17825
0.5287846481876333,17826
0.5284090909090909,17827
0.5287437899219305,17828
0.5290780141843971,17829
0.5287030474840538,17830
0.5290368271954674,17831
0.5286624203821656,17832
0.5282885431400283,17833
0.5286219081272084,17834
0.528954802259887,17835
0.529287226534933,17836
0.5296191819464033,17837
0.529245947850599,17838
0.5295774647887324,17839
0.5292047853624209,17840
0.5288326300984529,17841
0.5291637385804638,17842
0.5287921348314607,17843
0.5284210526315789,17844
0.5287517531556802,17845
0.5290819901892081,17846
0.5287114845938375,17847
0.5283414975507348,17848
0.5286713286713287,17849
0.5290006988120196,17850
0.5286312849162011,17851
0.5282623866015352,17852
0.5278940027894002,17853
0.5282229965156794,17854
0.5285515320334262,17855
0.5288796102992345,17856
0.5292072322670376,17857
0.5295343988881167,17858
0.5298611111111111,17859
0.5294934073560028,17860
0.529126213592233,17861
0.5287595287595288,17862
0.5290858725761773,17863
0.5294117647058824,17864
0.529045643153527,17865
0.5293711126468555,17866
0.5296961325966851,17867
0.5300207039337475,17868
0.5296551724137931,17869
0.5299793246037215,17870
0.5303030303030303,17871
0.5306262904335857,17872
0.5302613480055021,17873
0.5298969072164949,17874
0.529532967032967,17875
0.5298558682223747,17876
0.5301783264746228,17877
0.5298149417409185,17878
0.5294520547945205,17879
0.5297741273100616,17880
0.5294117647058824,17881
0.5297334244702666,17882
0.5300546448087432,17883
0.5296928327645051,17884
0.529331514324693,17885
0.5296523517382413,17886
0.5299727520435967,17887
0.5302927161334241,17888
0.5306122448979592,17889
0.53025152957172,17890
0.529891304347826,17891
0.5302104548540394,17892
0.5298507462686567,17893
0.5301694915254237,17894
0.5298102981029811,17895
0.5294515910629655,17896
0.5297699594046008,17897
0.5300878972278567,17898
0.5304054054054054,17899
0.5307224848075625,17900
0.5303643724696356,17901
0.5300067430883345,17902
0.5296495956873315,17903
0.52996632996633,17904
0.5302826379542396,17905
0.5299260255548084,17906
0.5295698924731183,17907
0.5298858294157153,17908
0.5295302013422819,17909
0.5291750503018109,17910
0.5288203753351206,17911
0.5291359678499665,17912
0.5287817938420348,17913
0.5284280936454849,17914
0.5280748663101604,17915
0.5277221108884436,17916
0.527369826435247,17917
0.5276851234156104,17918
0.5273333333333333,17919
0.5276482345103265,17920
0.5279627163781625,17921
0.5282767797737857,17922
0.5279255319148937,17923
0.5282392026578073,17924
0.5278884462151394,17925
0.5282017252820173,17926
0.5278514588859416,17927
0.5275016567263088,17928
0.5271523178807948,17929
0.5274652547981469,17930
0.5271164021164021,17931
0.527428949107733,17932
0.5277410832232496,17933
0.528052805280528,17934
0.5283641160949868,17935
0.5286750164798946,17936
0.5289855072463768,17937
0.5286372613561554,17938
0.5282894736842105,17939
0.5285996055226825,17940
0.5289093298291722,17941
0.5292186474064347,17942
0.5288713910761155,17943
0.5291803278688525,17944
0.5294888597640891,17945
0.5297969875573019,17946
0.5294502617801047,17947
0.5297580117724002,17948
0.5300653594771242,17949
0.5303723056825604,17950
0.5306788511749347,17951
0.5303326810176126,17952
0.529986962190352,17953
0.5302931596091205,17954
0.5305989583333334,17955
0.5302537410540012,17956
0.5305591677503251,17957
0.5308641975308642,17958
0.5305194805194805,17959
0.5308241401687216,17960
0.5311284046692607,17961
0.5307841866493843,17962
0.5310880829015544,17963
0.5313915857605178,17964
0.5316946959896507,17965
0.5319974143503555,17966
0.5322997416020672,17967
0.5326016785022595,17968
0.5329032258064517,17969
0.533204384268214,17970
0.5335051546391752,17971
0.5331616226658081,17972
0.5334620334620335,17973
0.5331189710610933,17974
0.5327763496143959,17975
0.5330764290301863,17976
0.5333761232349166,17977
0.5330339961513791,17978
0.5326923076923077,17979
0.5323510570147342,17980
0.532010243277849,17981
0.5323096609085093,17982
0.532608695652174,17983
0.5322683706070288,17984
0.5325670498084292,17985
0.5322271857051691,17986
0.5325255102040817,17987
0.5321861057998726,17988
0.532484076433121,17989
0.5321451304901337,17990
0.5324427480916031,17991
0.5327399872854418,17992
0.5324015247776366,17993
0.5326984126984127,17994
0.5329949238578681,17995
0.533291058972733,17996
0.5335868187579215,17997
0.5332488917036099,17998
0.5329113924050632,17999
0.5325743200506009,18000
0.5328697850821744,18001
0.5331648768161719,18002
0.5334595959595959,18003
0.5337539432176656,18004
0.5334174022698613,18005
0.5337114051669817,18006
0.5340050377833753,18007
0.5336689741976086,18008
0.5333333333333333,18009
0.5329981143934632,18010
0.5332914572864321,18011
0.5329566854990584,18012
0.5326223337515684,18013
0.5322884012539185,18014
0.5319548872180451,18015
0.5316217908578584,18016
0.5319148936170213,18017
0.5322076297686054,18018
0.5325,18019
0.5321673953778888,18020
0.5318352059925093,18021
0.5321272613849033,18022
0.5317955112219451,18023
0.5320872274143302,18024
0.5317559153175592,18025
0.5314250155569384,18026
0.5317164179104478,18027
0.531385954008701,18028
0.5316770186335403,18029
0.5313469894475481,18030
0.5316377171215881,18031
0.5319280843149411,18032
0.5322180916976456,18033
0.5325077399380805,18034
0.5327970297029703,18035
0.5330859616573902,18036
0.5327564894932015,18037
0.5330450895614577,18038
0.5333333333333333,18039
0.5330043183220234,18040
0.533292231812577,18041
0.5329636475662354,18042
0.5332512315270936,18043
0.5335384615384615,18044
0.533210332103321,18045
0.5334972341733252,18046
0.5331695331695332,18047
0.5334561080417434,18048
0.5331288343558283,18049
0.5334150827713059,18050
0.5330882352941176,18051
0.5333741579914268,18052
0.533047735618115,18053
0.5333333333333333,18054
0.5330073349633252,18055
0.533292608430055,18056
0.532967032967033,18057
0.5326418547895058,18058
0.5323170731707317,18059
0.5319926873857403,18060
0.5322777101096224,18061
0.5319537431527693,18062
0.5316301703163017,18063
0.5319148936170213,18064
0.5321992709599028,18065
0.5324833029751063,18066
0.5327669902912622,18067
0.5324439053972104,18068
0.5327272727272727,18069
0.5330102967898244,18070
0.5326876513317191,18071
0.5323653962492438,18072
0.5326481257557436,18073
0.5329305135951662,18074
0.5332125603864735,18075
0.5334942667471334,18076
0.5331724969843185,18077
0.5328511151295962,18078
0.5325301204819277,18079
0.5322095123419627,18080
0.5324909747292419,18081
0.5327720986169573,18082
0.5330528846153846,18083
0.5327327327327327,18084
0.5324129651860744,18085
0.5326934613077384,18086
0.5323741007194245,18087
0.5320551228280408,18088
0.5323353293413173,18089
0.5326152004787552,18090
0.5328947368421053,18091
0.5331739390316796,18092
0.533452807646356,18093
0.5337313432835821,18094
0.5340095465393795,18095
0.5336911150864639,18096
0.533373063170441,18097
0.5336509827278142,18098
0.5333333333333333,18099
0.5336109458655562,18100
0.5332936979785969,18101
0.5329768270944741,18102
0.5332541567695962,18103
0.5335311572700296,18104
0.533214709371293,18105
0.5334914048606995,18106
0.533175355450237,18107
0.5328596802841918,18108
0.5331360946745562,18109
0.5328208160851567,18110
0.5325059101654847,18111
0.5327820437093916,18112
0.5324675324675324,18113
0.5321533923303835,18114
0.5318396226415094,18115
0.5321154979375369,18116
0.5318021201413428,18117
0.531489111241907,18118
0.5317647058823529,18119
0.5320399764844209,18120
0.5323149236192715,18121
0.532002348796242,18122
0.5316901408450704,18123
0.5313782991202346,18124
0.5316529894490035,18125
0.5319273579379028,18126
0.531615925058548,18127
0.5318899941486249,18128
0.531578947368421,18129
0.5318527177089422,18130
0.5315420560747663,18131
0.5318155283129014,18132
0.5320886814469078,18133
0.5317784256559767,18134
0.5314685314685315,18135
0.5317414094350612,18136
0.5320139697322468,18137
0.5322862129144852,18138
0.5325581395348837,18139
0.5322486926205694,18140
0.532520325203252,18141
0.5327916424840394,18142
0.5324825986078886,18143
0.5321739130434783,18144
0.5318655851680185,18145
0.5315576143601621,18146
0.53125,18147
0.5315211104684789,18148
0.53121387283237,18149
0.5314846909300982,18150
0.5317551963048499,18151
0.5320253894979804,18152
0.5322952710495963,18153
0.5325648414985591,18154
0.5328341013824884,18155
0.5331030512377662,18156
0.5327963176064442,18157
0.5324899367452559,18158
0.532183908045977,18159
0.5324526134405514,18160
0.5321469575200919,18161
0.5324153757888698,18162
0.5321100917431193,18163
0.532378223495702,18164
0.5320733104238259,18165
0.5323411562678878,18166
0.5320366132723112,18167
0.5317324185248714,18168
0.532,18169
0.5316961736150772,18170
0.5319634703196348,18171
0.5316600114090131,18172
0.5319270239452679,18173
0.5321937321937322,18174
0.5318906605922551,18175
0.5321570859419466,18176
0.5324232081911263,18177
0.5326890278567368,18178
0.5323863636363636,18179
0.532084043157297,18180
0.5317820658342792,18181
0.5314804310833806,18182
0.5317460317460317,18183
0.5314447592067989,18184
0.5317100792751982,18185
0.5319750990379174,18186
0.5322398190045249,18187
0.5319389485585077,18188
0.5322033898305085,18189
0.5319028797289667,18190
0.5316027088036117,18191
0.5313028764805414,18192
0.5310033821871477,18193
0.5307042253521127,18194
0.5309684684684685,18195
0.5306696679797411,18196
0.530933633295838,18197
0.5306351883080382,18198
0.5308988764044944,18199
0.5311622683885457,18200
0.5314253647586981,18201
0.5316881660123387,18202
0.531390134529148,18203
0.5316526610644258,18204
0.5319148936170213,18205
0.5321768326804701,18206
0.5324384787472036,18207
0.5326998323085522,18208
0.5329608938547487,18209
0.5332216638749302,18210
0.5334821428571429,18211
0.5331846068042387,18212
0.5334448160535117,18213
0.5337047353760446,18214
0.5334075723830735,18215
0.5331107401224263,18216
0.5333704115684094,18217
0.5336297943301834,18218
0.5333333333333333,18219
0.5330372015546918,18220
0.532741398446171,18221
0.5324459234608985,18222
0.532150776053215,18223
0.5318559556786704,18224
0.5321151716500554,18225
0.5318206972883232,18226
0.5320796460176991,18227
0.5317855168601437,18228
0.5320441988950276,18229
0.5323025952512425,18230
0.5320088300220751,18231
0.531715388858246,18232
0.5314222712238148,18233
0.5316804407713499,18234
0.5313876651982379,18235
0.5316455696202531,18236
0.5313531353135313,18237
0.5310610225398571,18238
0.5313186813186813,18239
0.5315760571114773,18240
0.531284302963776,18241
0.5315414152495886,18242
0.5317982456140351,18243
0.5320547945205479,18244
0.5323110624315444,18245
0.5320197044334976,18246
0.5317286652078774,18247
0.5314379442318207,18248
0.5311475409836065,18249
0.531403604587657,18250
0.5316593886462883,18251
0.5319148936170213,18252
0.5316248636859324,18253
0.5318801089918256,18254
0.5315904139433552,18255
0.5318454001088732,18256
0.5321001088139282,18257
0.531810766721044,18258
0.5320652173913043,18259
0.5317762085822922,18260
0.5314875135722041,18261
0.5317417254476398,18262
0.5314533622559653,18263
0.5311653116531165,18264
0.5314192849404117,18265
0.5311315646995127,18266
0.5308441558441559,18267
0.5310978907517577,18268
0.5313513513513514,18269
0.5310642895732036,18270
0.5307775377969762,18271
0.5304910955207771,18272
0.5307443365695793,18273
0.5309973045822103,18274
0.53125,18275
0.531502423263328,18276
0.5317545748116254,18277
0.5320064550833782,18278
0.532258064516129,18279
0.5319720580333154,18280
0.5316863587540279,18281
0.5314009661835749,18282
0.5316523605150214,18283
0.5319034852546917,18284
0.5316184351554126,18285
0.5313336904124264,18286
0.5310492505353319,18287
0.530765115034778,18288
0.5310160427807487,18289
0.5312667022982362,18290
0.530982905982906,18291
0.5306994127068874,18292
0.5304162219850587,18293
0.5306666666666666,18294
0.5303837953091685,18295
0.5306339904102291,18296
0.5303514376996805,18297
0.5300691857370942,18298
0.5297872340425532,18299
0.5300372142477405,18300
0.5297555791710946,18301
0.5300053106744557,18302
0.5302547770700637,18303
0.529973474801061,18304
0.5302226935312832,18305
0.530471648118707,18306
0.5301906779661016,18307
0.5304393859184754,18308
0.5301587301587302,18309
0.5298783712321523,18310
0.5295983086680761,18311
0.5298468040147913,18312
0.5300950369588173,18313
0.5303430079155673,18314
0.5305907172995781,18315
0.5308381655245124,18316
0.5310853530031612,18317
0.5308056872037915,18318
0.5305263157894737,18319
0.5307732772225144,18320
0.5304942166140905,18321
0.5307409353652128,18322
0.5309873949579832,18323
0.5307086614173229,18324
0.5309548793284365,18325
0.5306764551651809,18326
0.5303983228511531,18327
0.5306443163960188,18328
0.5308900523560209,18329
0.5311355311355311,18330
0.5308577405857741,18331
0.5305802404600104,18332
0.5308254963427377,18333
0.531070496083551,18334
0.5313152400835073,18335
0.5315597287428273,18336
0.5312825860271115,18337
0.5315268368942158,18338
0.53125,18339
0.5309734513274337,18340
0.5306971904266389,18341
0.5304212168486739,18342
0.5301455301455301,18343
0.5303896103896104,18344
0.5301142263759087,18345
0.5303580695381422,18346
0.5306016597510373,18347
0.5308449974079834,18348
0.5310880829015544,18349
0.5313309166235112,18350
0.5315734989648033,18351
0.5312984997413347,18352
0.531540847983454,18353
0.5317829457364341,18354
0.5320247933884298,18355
0.532266391326794,18356
0.5319917440660474,18357
0.5317173800928313,18358
0.5314432989690722,18359
0.5316846986089645,18360
0.5314109165808445,18361
0.5316520844055584,18362
0.5313786008230452,18363
0.5316195372750643,18364
0.5318602261048304,18365
0.5321006676938881,18366
0.5323408624229979,18367
0.5325808106721396,18368
0.5323076923076923,18369
0.5325474115838031,18370
0.5327868852459017,18371
0.5325140809011777,18372
0.5322415557830092,18373
0.5319693094629157,18374
0.5322085889570553,18375
0.5324476239141543,18376
0.5326864147088867,18377
0.5329249617151608,18378
0.5331632653061225,18379
0.5328913819479857,18380
0.5331294597349643,18381
0.5328578706062149,18382
0.5330957230142567,18383
0.5333333333333333,18384
0.5335707019328586,18385
0.5338078291814946,18386
0.5340447154471545,18387
0.5342813610970035,18388
0.534517766497462,18389
0.534753932014206,18390
0.5344827586206896,18391
0.5347187024835276,18392
0.5344478216818642,18393
0.5346835443037975,18394
0.5344129554655871,18395
0.5346484572584724,18396
0.5343781597573306,18397
0.5341081354219303,18398
0.5343434343434343,18399
0.5345784957092378,18400
0.5348133198789102,18401
0.5345436207766011,18402
0.5347782258064516,18403
0.5350125944584383,18404
0.5347432024169184,18405
0.5344740815299447,18406
0.53420523138833,18407
0.5339366515837104,18408
0.5336683417085427,18409
0.5339025615268709,18410
0.5341365461847389,18411
0.5343702960361264,18412
0.5346038114343029,18413
0.5343358395989974,18414
0.5345691382765531,18415
0.5343014521782674,18416
0.5345345345345346,18417
0.534767383691846,18418
0.535,18419
0.5347326336831584,18420
0.534965034965035,18421
0.5351972041937094,18422
0.5349301397205589,18423
0.5351620947630923,18424
0.5348953140578265,18425
0.5351270553064275,18426
0.5348605577689243,18427
0.5350920856147336,18428
0.5348258706467661,18429
0.5345599204375933,18430
0.5342942345924453,18431
0.5340288127173373,18432
0.5337636544190665,18433
0.533498759305211,18434
0.533234126984127,18435
0.5334655428854734,18436
0.533201189296333,18437
0.5334323922734027,18438
0.5331683168316832,18439
0.5333993072736269,18440
0.5336300692383779,18441
0.5333662876915473,18442
0.533102766798419,18443
0.5333333333333333,18444
0.5330700888450148,18445
0.5328071040947213,18446
0.5325443786982249,18447
0.5322819122720552,18448
0.5320197044334976,18449
0.5322501230920729,18450
0.53248031496063,18451
0.5322183964584358,18452
0.5319567354965585,18453
0.5321867321867322,18454
0.5319253438113949,18455
0.5321551300932744,18456
0.5323846908734053,18457
0.5321235899950957,18458
0.5318627450980392,18459
0.5316021558059775,18460
0.5313418217433888,18461
0.531081742535487,18462
0.5313111545988258,18463
0.5310513447432763,18464
0.5312805474095796,18465
0.5315095261358085,18466
0.53173828125,18467
0.5314787701317716,18468
0.5317073170731708,18469
0.5319356411506582,18470
0.5321637426900585,18471
0.5323916220165611,18472
0.5326192794547225,18473
0.5328467153284672,18474
0.5330739299610895,18475
0.5333009236752553,18476
0.5335276967930029,18477
0.5337542496357455,18478
0.5339805825242718,18479
0.5337214944201844,18480
0.5339476236663434,18481
0.5341735336888027,18482
0.5339147286821705,18483
0.5341404358353511,18484
0.5343659244917716,18485
0.5341074020319303,18486
0.5343326885880078,18487
0.5340744320927985,18488
0.533816425120773,18489
0.5335586673104781,18490
0.5333011583011583,18491
0.5335262904003859,18492
0.5337512054001928,18493
0.5334939759036145,18494
0.5332369942196532,18495
0.5329802599903707,18496
0.5332050048123196,18497
0.5334295334295335,18498
0.5331730769230769,18499
0.5333974050937049,18500
0.5331412103746398,18501
0.5333653384541527,18502
0.533109404990403,18503
0.5333333333333333,18504
0.5330776605944392,18505
0.5333013895543843,18506
0.5330459770114943,18507
0.5332695069411202,18508
0.5334928229665071,18509
0.5332376853180296,18510
0.5329827915869981,18511
0.5327281414237935,18512
0.5329512893982808,18513
0.5326968973747017,18514
0.5329198473282443,18515
0.5331425846447305,18516
0.5333651096282174,18517
0.5331110052405907,18518
0.5328571428571428,18519
0.532603522132318,18520
0.5323501427212178,18521
0.5325725154541132,18522
0.532319391634981,18523
0.5320665083135392,18524
0.5318138651471985,18525
0.53156146179402,18526
0.5313092979127134,18527
0.5315315315315315,18528
0.5312796208530806,18529
0.531501657981999,18530
0.53125,18531
0.5309985802177,18532
0.5307473982970672,18533
0.5304964539007092,18534
0.530718336483932,18535
0.5304676428908833,18536
0.5306893295561851,18537
0.5304388862671071,18538
0.530188679245283,18539
0.5304101838755304,18540
0.530631479736098,18541
0.5308525671219971,18542
0.5310734463276836,18543
0.5312941176470588,18544
0.5310442144873001,18545
0.5312646920545369,18546
0.5314849624060151,18547
0.5312353217472991,18548
0.5309859154929577,18549
0.5312060065696856,18550
0.5314258911819888,18551
0.5316455696202531,18552
0.5313964386129335,18553
0.5311475409836065,18554
0.5308988764044944,18555
0.5306504445484324,18556
0.5308699719363892,18557
0.530621785881253,18558
0.530373831775701,18559
0.5305931807566557,18560
0.5303454715219421,18561
0.5300979934671022,18562
0.5298507462686567,18563
0.5300699300699301,18564
0.5298229263746506,18565
0.5300419189566837,18566
0.5297951582867784,18567
0.5295486272684969,18568
0.5293023255813953,18569
0.5290562529056253,18570
0.529275092936803,18571
0.5294937296795169,18572
0.5292479108635098,18573
0.5294663573085847,18574
0.5292207792207793,18575
0.5289754288363467,18576
0.5287303058387396,18577
0.5289485873089393,18578
0.5287037037037037,18579
0.5289217954650625,18580
0.528677150786309,18581
0.5284327323162274,18582
0.5286506469500925,18583
0.5284064665127021,18584
0.5281625115420129,18585
0.528380249192432,18586
0.5281365313653137,18587
0.5283540802213001,18588
0.528110599078341,18589
0.5278673422385998,18590
0.5276243093922652,18591
0.5278416935112747,18592
0.5275988960441582,18593
0.527816091954023,18594
0.5275735294117647,18595
0.5277905374368397,18596
0.5275482093663911,18597
0.5277650298301974,18598
0.5279816513761468,18599
0.5281980742778541,18600
0.5284142988084326,18601
0.5281722400366469,18602
0.5283882783882784,18603
0.5281464530892449,18604
0.5279048490393413,18605
0.5281207133058985,18606
0.5278793418647166,18607
0.5280950205573322,18608
0.528310502283105,18609
0.5280693747147421,18610
0.5282846715328468,18611
0.5280437756497948,18612
0.5282588878760255,18613
0.5280182232346241,18614
0.5282331511839709,18615
0.5279927173418297,18616
0.5282074613284804,18617
0.5284220100045475,18618
0.5286363636363637,18619
0.5288505224897774,18620
0.5286103542234333,18621
0.5288243304584658,18622
0.528584392014519,18623
0.528344671201814,18624
0.528558476881233,18625
0.5287720888083371,18626
0.5289855072463768,18627
0.5287460389316433,18628
0.5289592760180996,18629
0.5287200361827228,18630
0.5289330922242315,18631
0.5291459557162224,18632
0.5293586269196026,18633
0.5291196388261851,18634
0.5288808664259927,18635
0.5286423094271538,18636
0.5288548241659152,18637
0.5290671473636773,18638
0.5292792792792793,18639
0.5290409725348942,18640
0.5288028802880288,18641
0.5290148448043185,18642
0.5287769784172662,18643
0.5289887640449438,18644
0.5287511230907457,18645
0.5285136955545577,18646
0.5282764811490126,18647
0.5280394795872588,18648
0.5278026905829596,18649
0.528014343343792,18650
0.5282258064516129,18651
0.528437080161218,18652
0.5286481647269472,18653
0.5284116331096197,18654
0.528175313059034,18655
0.5279392042914618,18656
0.5281501340482574,18657
0.5283608753907995,18658
0.528125,18659
0.5278893351182508,18660
0.528099910793934,18661
0.5278644672313866,18662
0.5280748663101604,18663
0.5278396436525612,18664
0.5276046304541407,18665
0.527369826435247,18666
0.527135231316726,18667
0.5273454868830592,18668
0.5275555555555556,18669
0.5273211905819636,18670
0.5275310834813499,18671
0.5277407900577008,18672
0.5275066548358474,18673
0.5272727272727272,18674
0.5274822695035462,18675
0.5272485600354453,18676
0.5274579273693534,18677
0.5272244355909694,18678
0.5274336283185841,18679
0.5276426360017691,18680
0.5274093722369585,18681
0.5271763146266019,18682
0.5273851590106007,18683
0.5275938189845475,18684
0.5273609885260371,18685
0.5271283634759594,18686
0.527336860670194,18687
0.5271044513001322,18688
0.5273127753303964,18689
0.527520915896081,18690
0.5272887323943662,18691
0.5274967003959525,18692
0.5272647317502199,18693
0.5274725274725275,18694
0.5276801405975395,18695
0.5278875713658322,18696
0.5280948200175593,18697
0.5283018867924528,18698
0.5280701754385965,18699
0.528277071459886,18700
0.528045574057844,18701
0.527814279456855,18702
0.5275831873905429,18703
0.5277899343544857,18704
0.5275590551181102,18705
0.5277656318320945,18706
0.527534965034965,18707
0.527741371778069,18708
0.5275109170305677,18709
0.5272806634657354,18710
0.5274869109947644,18711
0.5276929786306149,18712
0.527898866608544,18713
0.5281045751633987,18714
0.5283101045296167,18715
0.5280801044841097,18716
0.5278503046127067,18717
0.5280556763810352,18718
0.5278260869565218,18719
0.5275966970882225,18720
0.527367506516073,18721
0.5275727312201476,18722
0.52734375,18723
0.5275488069414317,18724
0.5277536860364267,18725
0.5275249241439098,18726
0.5277296360485269,18727
0.5275010827197921,18728
0.5272727272727272,18729
0.5270445694504543,18730
0.5272491349480969,18731
0.5270211846087333,18732
0.5267934312878133,18733
0.5265658747300216,18734
0.5267702936096719,18735
0.5269745360379802,18736
0.5271786022433133,18737
0.5273824924536438,18738
0.5275862068965518,18739
0.5277897457992244,18740
0.5279931093884582,18741
0.5281962978906586,18742
0.5283993115318416,18743
0.5286021505376344,18744
0.5283748925193466,18745
0.5285775676837129,18746
0.5287800687285223,18747
0.5285530270502361,18748
0.5287553648068669,18749
0.5285285285285285,18750
0.5287307032590052,18751
0.528932704672096,18752
0.5287060839760068,18753
0.5289079229122056,18754
0.5291095890410958,18755
0.5293110825845101,18756
0.5290846877673225,18757
0.5292860196665241,18758
0.5294871794871795,18759
0.5292609995728321,18760
0.5294619982920581,18761
0.5296628254374733,18762
0.5294368600682594,18763
0.5292110874200426,18764
0.5294117647058824,18765
0.5296122709842352,18766
0.5293867120954003,18767
0.5291613452532993,18768
0.528936170212766,18769
0.529136537643556,18770
0.5293367346938775,18771
0.5291117722056948,18772
0.5293118096856415,18773
0.5295116772823779,18774
0.5297113752122241,18775
0.5299109036911328,18776
0.5301102629346904,18777
0.5303094531581178,18778
0.5300847457627119,18779
0.530283778060144,18780
0.5304826418289585,18781
0.5306813372831147,18782
0.5308798646362098,18783
0.5306553911205074,18784
0.5308537616229924,18785
0.5306294888043938,18786
0.5304054054054054,18787
0.5301815111861545,18788
0.529957805907173,18789
0.5297342893293969,18790
0.5299325463743676,18791
0.5297092288242731,18792
0.5299073294018534,18793
0.5296842105263158,18794
0.5294612794612794,18795
0.5296592343289861,18796
0.5294365012615644,18797
0.5296343001261034,18798
0.5298319327731092,18799
0.5300293994120118,18800
0.5298068849706129,18801
0.5295845572807386,18802
0.5293624161073825,18803
0.529140461215933,18804
0.5293378038558256,18805
0.5291160452450775,18806
0.5293132328308208,18807
0.529510255336961,18808
0.5292887029288703,18809
0.5294855708908407,18810
inf,18811
1.0,18812
1.0,18813
1.0,18814
1.0,18815
1.0,18816
0.8333333333333334,18817
0.7142857142857143,18818
0.75,18819
0.7777777777777778,18820
0.8,18821
0.7272727272727273,18822
0.75,18823
0.7692307692307693,18824
0.7857142857142857,18825
0.7333333333333333,18826
0.6875,18827
0.6470588235294118,18828
0.6111111111111112,18829
0.631578947368421,18830
0.6,18831
0.5714285714285714,18832
0.5454545454545454,18833
0.5217391304347826,18834
0.5416666666666666,18835
0.52,18836
0.5384615384615384,18837
0.5555555555555556,18838
0.5714285714285714,18839
0.5517241379310345,18840
0.5666666666666667,18841
0.5806451612903226,18842
0.5625,18843
0.5757575757575758,18844
0.5882352941176471,18845
0.6,18846
0.6111111111111112,18847
0.6216216216216216,18848
0.6052631578947368,18849
0.6153846153846154,18850
0.6,18851
0.5853658536585366,18852
0.5952380952380952,18853
0.6046511627906976,18854
0.6136363636363636,18855
0.6,18856
0.5869565217391305,18857
0.5957446808510638,18858
0.6041666666666666,18859
0.6122448979591837,18860
0.62,18861
0.6078431372549019,18862
0.5961538461538461,18863
0.5849056603773585,18864
0.5925925925925926,18865
0.6,18866
0.5892857142857143,18867
0.5964912280701754,18868
0.603448275862069,18869
0.6101694915254238,18870
0.6166666666666667,18871
0.6065573770491803,18872
0.6129032258064516,18873
0.6190476190476191,18874
0.625,18875
0.6307692307692307,18876
0.6363636363636364,18877
0.6417910447761194,18878
0.6323529411764706,18879
0.6231884057971014,18880
0.6142857142857143,18881
0.6056338028169014,18882
0.6111111111111112,18883
0.6164383561643836,18884
0.6216216216216216,18885
0.6266666666666667,18886
0.631578947368421,18887
0.6363636363636364,18888
0.6410256410256411,18889
0.6329113924050633,18890
0.6375,18891
0.6419753086419753,18892
0.6341463414634146,18893
0.6385542168674698,18894
0.6309523809523809,18895
0.6235294117647059,18896
0.627906976744186,18897
0.6206896551724138,18898
0.6136363636363636,18899
0.6179775280898876,18900
0.6222222222222222,18901
0.6153846153846154,18902
0.6195652173913043,18903
0.6129032258064516,18904
0.6170212765957447,18905
0.6105263157894737,18906
0.6041666666666666,18907
0.6082474226804123,18908
0.6122448979591837,18909
0.6161616161616161,18910
0.61,18911
0.6138613861386139,18912
0.6176470588235294,18913
0.6116504854368932,18914
0.6057692307692307,18915
0.6095238095238096,18916
0.6132075471698113,18917
0.616822429906542,18918
0.6203703703703703,18919
0.6146788990825688,18920
0.6090909090909091,18921
0.6036036036036037,18922
0.6071428571428571,18923
0.6106194690265486,18924
0.6140350877192983,18925
0.6173913043478261,18926
0.6120689655172413,18927
0.6068376068376068,18928
0.6016949152542372,18929
0.5966386554621849,18930
0.5916666666666667,18931
0.5867768595041323,18932
0.5819672131147541,18933
0.5772357723577236,18934
0.5725806451612904,18935
0.568,18936
0.5634920634920635,18937
0.5590551181102362,18938
0.5625,18939
0.5658914728682171,18940
0.5615384615384615,18941
0.5648854961832062,18942
0.5606060606060606,18943
0.556390977443609,18944
0.5522388059701493,18945
0.5555555555555556,18946
0.5514705882352942,18947
0.5474452554744526,18948
0.5507246376811594,18949
0.5539568345323741,18950
0.55,18951
0.5531914893617021,18952
0.5563380281690141,18953
0.5594405594405595,18954
0.5555555555555556,18955
0.5586206896551724,18956
0.5547945205479452,18957
0.5578231292517006,18958
0.5540540540540541,18959
0.5503355704697986,18960
0.5466666666666666,18961
0.5496688741721855,18962
0.5460526315789473,18963
0.5490196078431373,18964
0.551948051948052,18965
0.5483870967741935,18966
0.5512820512820513,18967
0.554140127388535,18968
0.5569620253164557,18969
0.559748427672956,18970
0.55625,18971
0.5590062111801242,18972
0.5555555555555556,18973
0.5521472392638037,18974
0.5548780487804879,18975
0.5575757575757576,18976
0.5602409638554217,18977
0.562874251497006,18978
0.5595238095238095,18979
0.5621301775147929,18980
0.5588235294117647,18981
0.5555555555555556,18982
0.5581395348837209,18983
0.5549132947976878,18984
0.5517241379310345,18985
0.5542857142857143,18986
0.5568181818181818,18987
0.559322033898305,18988
0.5617977528089888,18989
0.5586592178770949,18990
0.5555555555555556,18991
0.5580110497237569,18992
0.554945054945055,18993
0.5519125683060109,18994
0.5543478260869565,18995
0.5513513513513514,18996
0.553763440860215,18997
0.5508021390374331,18998
0.5478723404255319,18999
0.5502645502645502,19000
0.5526315789473685,19001
0.5549738219895288,19002
0.5572916666666666,19003
0.5544041450777202,19004
0.5515463917525774,19005
0.5487179487179488,19006
0.5510204081632653,19007
0.5482233502538071,19008
0.5505050505050505,19009
0.5477386934673367,19010
0.545,19011
0.5472636815920398,19012
0.5445544554455446,19013
0.5467980295566502,19014
0.5441176470588235,19015
0.5463414634146342,19016
0.5436893203883495,19017
0.5410628019323671,19018
0.5432692307692307,19019
0.5454545454545454,19020
0.5476190476190477,19021
0.5497630331753555,19022
0.5471698113207547,19023
0.5446009389671361,19024
0.5467289719626168,19025
0.5488372093023256,19026
0.5509259259259259,19027
0.5529953917050692,19028
0.555045871559633,19029
0.5570776255707762,19030
0.5590909090909091,19031
0.5610859728506787,19032
0.5630630630630631,19033
0.5650224215246636,19034
0.5669642857142857,19035
0.5688888888888889,19036
0.5663716814159292,19037
0.5638766519823789,19038
0.5614035087719298,19039
0.5633187772925764,19040
0.5652173913043478,19041
0.5627705627705628,19042
0.5646551724137931,19043
0.5622317596566524,19044
0.5641025641025641,19045
0.5659574468085107,19046
0.5677966101694916,19047
0.5654008438818565,19048
0.5630252100840336,19049
0.5648535564853556,19050
0.5666666666666667,19051
0.5643153526970954,19052
0.5619834710743802,19053
0.5596707818930041,19054
0.5614754098360656,19055
0.563265306122449,19056
0.5650406504065041,19057
0.5668016194331984,19058
0.5645161290322581,19059
0.5662650602409639,19060
0.568,19061
0.5697211155378487,19062
0.5674603174603174,19063
0.5652173913043478,19064
0.5669291338582677,19065
0.5686274509803921,19066
0.5703125,19067
0.5719844357976653,19068
0.5697674418604651,19069
0.5675675675675675,19070
0.5653846153846154,19071
0.5632183908045977,19072
0.5610687022900763,19073
0.55893536121673,19074
0.5568181818181818,19075
0.5547169811320755,19076
0.556390977443609,19077
0.5580524344569289,19078
0.5597014925373134,19079
0.5576208178438662,19080
0.5555555555555556,19081
0.5535055350553506,19082
0.5551470588235294,19083
0.5567765567765568,19084
0.5583941605839416,19085
0.5563636363636364,19086
0.5579710144927537,19087
0.5595667870036101,19088
0.5611510791366906,19089
0.5627240143369175,19090
0.5642857142857143,19091
0.5622775800711743,19092
0.5638297872340425,19093
0.5653710247349824,19094
0.5633802816901409,19095
0.5614035087719298,19096
0.5629370629370629,19097
0.5644599303135889,19098
0.5625,19099
0.5605536332179931,19100
0.5620689655172414,19101
0.5601374570446735,19102
0.5616438356164384,19103
0.5631399317406144,19104
0.5612244897959183,19105
0.559322033898305,19106
0.5574324324324325,19107
0.5589225589225589,19108
0.5604026845637584,19109
0.5585284280936454,19110
0.5566666666666666,19111
0.5581395348837209,19112
0.5562913907284768,19113
0.5544554455445545,19114
0.5526315789473685,19115
0.5540983606557377,19116
0.5555555555555556,19117
0.5570032573289903,19118
0.5584415584415584,19119
0.5598705501618123,19120
0.5612903225806452,19121
0.5627009646302251,19122
0.5641025641025641,19123
0.5654952076677316,19124
0.5636942675159236,19125
0.5650793650793651,19126
0.5632911392405063,19127
0.5615141955835962,19128
0.5628930817610063,19129
0.5611285266457681,19130
0.559375,19131
0.5607476635514018,19132
0.562111801242236,19133
0.5634674922600619,19134
0.5617283950617284,19135
0.56,19136
0.5613496932515337,19137
0.5626911314984709,19138
0.5609756097560976,19139
0.5592705167173252,19140
0.5606060606060606,19141
0.5589123867069486,19142
0.5572289156626506,19143
0.5555555555555556,19144
0.5538922155688623,19145
0.5552238805970149,19146
0.5535714285714286,19147
0.5548961424332344,19148
0.5532544378698225,19149
0.551622418879056,19150
0.5529411764705883,19151
0.5513196480938416,19152
0.5497076023391813,19153
0.5481049562682215,19154
0.5494186046511628,19155
0.5478260869565217,19156
0.546242774566474,19157
0.547550432276657,19158
0.5488505747126436,19159
0.5472779369627507,19160
0.5485714285714286,19161
0.5498575498575499,19162
0.5511363636363636,19163
0.5495750708215298,19164
0.5480225988700564,19165
0.5464788732394367,19166
0.5449438202247191,19167
0.5462184873949579,19168
0.547486033519553,19169
0.5487465181058496,19170
0.55,19171
0.5512465373961218,19172
0.5524861878453039,19173
0.5537190082644629,19174
0.5521978021978022,19175
0.5506849315068493,19176
0.5519125683060109,19177
0.5504087193460491,19178
0.5516304347826086,19179
0.5501355013550135,19180
0.5486486486486486,19181
0.5471698113207547,19182
0.5483870967741935,19183
0.5495978552278821,19184
0.5481283422459893,19185
0.5466666666666666,19186
0.5478723404255319,19187
0.5490716180371353,19188
0.5476190476190477,19189
0.5461741424802111,19190
0.5473684210526316,19191
0.5485564304461942,19192
0.5497382198952879,19193
0.5509138381201044,19194
0.5520833333333334,19195
0.5532467532467532,19196
0.5518134715025906,19197
0.5529715762273901,19198
0.5515463917525774,19199
0.5526992287917738,19200
0.5512820512820513,19201
0.5498721227621484,19202
0.548469387755102,19203
0.549618320610687,19204
0.550761421319797,19205
0.5518987341772152,19206
0.553030303030303,19207
0.5541561712846348,19208
0.5527638190954773,19209
0.5538847117794486,19210
0.555,19211
0.5536159600997507,19212
0.5522388059701493,19213
0.5533498759305211,19214
0.5544554455445545,19215
0.5555555555555556,19216
0.5541871921182266,19217
0.5528255528255528,19218
0.553921568627451,19219
0.5525672371638142,19220
0.5536585365853659,19221
0.5523114355231143,19222
0.5509708737864077,19223
0.549636803874092,19224
0.5507246376811594,19225
0.5518072289156627,19226
0.5504807692307693,19227
0.5491606714628298,19228
0.5478468899521531,19229
0.5465393794749404,19230
0.5452380952380952,19231
0.5463182897862233,19232
0.54739336492891,19233
0.5460992907801419,19234
0.5471698113207547,19235
0.5458823529411765,19236
0.5469483568075117,19237
0.5456674473067916,19238
0.5467289719626168,19239
0.5477855477855478,19240
0.5465116279069767,19241
0.5475638051044084,19242
0.5486111111111112,19243
0.5496535796766744,19244
0.5483870967741935,19245
0.5494252873563218,19246
0.5481651376146789,19247
0.5469107551487414,19248
0.547945205479452,19249
0.5489749430523918,19250
0.55,19251
0.5487528344671202,19252
0.5497737556561086,19253
0.5485327313769752,19254
0.5495495495495496,19255
0.5483146067415731,19256
0.547085201793722,19257
0.5480984340044742,19258
0.5491071428571429,19259
0.5478841870824054,19260
0.5488888888888889,19261
0.549889135254989,19262
0.5486725663716814,19263
0.5474613686534217,19264
0.5462555066079295,19265
0.5472527472527473,19266
0.5460526315789473,19267
0.5448577680525164,19268
0.5436681222707423,19269
0.5446623093681917,19270
0.5456521739130434,19271
0.5466377440347071,19272
0.5454545454545454,19273
0.5442764578833693,19274
0.5431034482758621,19275
0.5440860215053763,19276
0.5450643776824035,19277
0.5460385438972163,19278
0.5470085470085471,19279
0.5458422174840085,19280
0.5446808510638298,19281
0.5435244161358811,19282
0.5423728813559322,19283
0.5433403805496829,19284
0.5443037974683544,19285
0.5452631578947369,19286
0.5441176470588235,19287
0.5450733752620545,19288
0.5439330543933054,19289
0.5427974947807933,19290
0.54375,19291
0.5426195426195426,19292
0.5414937759336099,19293
0.5424430641821946,19294
0.5433884297520661,19295
0.5443298969072164,19296
0.5452674897119342,19297
0.5462012320328542,19298
0.5450819672131147,19299
0.5460122699386503,19300
0.5469387755102041,19301
0.5478615071283096,19302
0.5487804878048781,19303
0.5496957403651116,19304
0.5506072874493927,19305
0.5494949494949495,19306
0.5483870967741935,19307
0.5472837022132797,19308
0.5461847389558233,19309
0.5470941883767535,19310
0.548,19311
0.5469061876247505,19312
0.547808764940239,19313
0.5487077534791253,19314
0.5476190476190477,19315
0.5465346534653466,19316
0.5454545454545454,19317
0.5463510848126233,19318
0.547244094488189,19319
0.5481335952848723,19320
0.5470588235294118,19321
0.547945205479452,19322
0.546875,19323
0.5458089668615984,19324
0.546692607003891,19325
0.5475728155339806,19326
0.5465116279069767,19327
0.5454545454545454,19328
0.5444015444015444,19329
0.5452793834296724,19330
0.5442307692307692,19331
0.5431861804222649,19332
0.5421455938697318,19333
0.5411089866156787,19334
0.5419847328244275,19335
0.5428571428571428,19336
0.5437262357414449,19337
0.5426944971537002,19338
0.5435606060606061,19339
0.5444234404536862,19340
0.5433962264150943,19341
0.544256120527307,19342
0.5451127819548872,19343
0.5459662288930581,19344
0.5449438202247191,19345
0.5457943925233645,19346
0.5447761194029851,19347
0.5456238361266295,19348
0.5464684014869888,19349
0.5473098330241187,19350
0.5481481481481482,19351
0.5489833641404805,19352
0.5498154981549815,19353
0.5506445672191529,19354
0.5514705882352942,19355
0.5504587155963303,19356
0.5494505494505495,19357
0.5502742230347349,19358
0.551094890510949,19359
0.5519125683060109,19360
0.5527272727272727,19361
0.5535390199637024,19362
0.5543478260869565,19363
0.5551537070524413,19364
0.5541516245487365,19365
0.5531531531531532,19366
0.5539568345323741,19367
0.5547576301615799,19368
0.553763440860215,19369
0.552772808586762,19370
0.5535714285714286,19371
0.5543672014260249,19372
0.5533807829181495,19373
0.5523978685612788,19374
0.5514184397163121,19375
0.552212389380531,19376
0.5530035335689046,19377
0.5520282186948854,19378
0.551056338028169,19379
0.5500878734622144,19380
0.5491228070175439,19381
0.5481611208406305,19382
0.5472027972027972,19383
0.5479930191972077,19384
0.5487804878048781,19385
0.5478260869565217,19386
0.546875,19387
0.5476603119584056,19388
0.5484429065743944,19389
0.5492227979274611,19390
0.55,19391
0.5507745266781411,19392
0.5498281786941581,19393
0.5506003430531733,19394
0.5496575342465754,19395
0.5487179487179488,19396
0.5494880546075085,19397
0.5502555366269165,19398
0.5510204081632653,19399
0.5517826825127334,19400
0.5508474576271186,19401
0.5516074450084603,19402
0.5523648648648649,19403
0.5531197301854974,19404
0.5538720538720538,19405
0.5529411764705883,19406
0.5536912751677853,19407
0.5544388609715243,19408
0.5535117056856187,19409
0.5525876460767947,19410
0.5533333333333333,19411
0.5524126455906821,19412
0.5514950166112956,19413
0.5522388059701493,19414
0.5529801324503312,19415
0.5520661157024793,19416
0.5511551155115512,19417
0.5518945634266886,19418
0.5526315789473685,19419
0.5533661740558292,19420
0.5524590163934426,19421
0.5515548281505729,19422
0.5506535947712419,19423
0.5497553017944535,19424
0.5488599348534202,19425
0.5495934959349593,19426
0.5503246753246753,19427
0.5510534846029174,19428
0.5501618122977346,19429
0.5508885298869144,19430
0.5516129032258065,19431
0.5507246376811594,19432
0.5514469453376206,19433
0.5521669341894061,19434
0.5528846153846154,19435
0.552,19436
0.5527156549520766,19437
0.5534290271132376,19438
0.552547770700637,19439
0.5532591414944356,19440
0.553968253968254,19441
0.5530903328050714,19442
0.5522151898734177,19443
0.5513428120063191,19444
0.5520504731861199,19445
0.5511811023622047,19446
0.550314465408805,19447
0.5494505494505495,19448
0.5501567398119123,19449
0.5508607198748043,19450
0.55,19451
0.5507020280811232,19452
0.5514018691588785,19453
0.5505443234836703,19454
0.5496894409937888,19455
0.5503875968992248,19456
0.5495356037151703,19457
0.5502318392581144,19458
0.5493827160493827,19459
0.5500770416024653,19460
0.5507692307692308,19461
0.5499231950844854,19462
0.5506134969325154,19463
0.5513016845329249,19464
0.5504587155963303,19465
0.5511450381679389,19466
0.5503048780487805,19467
0.5494672754946728,19468
0.5501519756838906,19469
0.5493171471927162,19470
0.5484848484848485,19471
0.5491679273827534,19472
0.5483383685800605,19473
0.5475113122171946,19474
0.5481927710843374,19475
0.5473684210526316,19476
0.5480480480480481,19477
0.5472263868065967,19478
0.5479041916167665,19479
0.5485799701046338,19480
0.5477611940298508,19481
0.5484351713859911,19482
0.5476190476190477,19483
0.5482912332838039,19484
0.5489614243323442,19485
0.5481481481481482,19486
0.5473372781065089,19487
0.5480059084194978,19488
0.5486725663716814,19489
0.5478645066273933,19490
0.5485294117647059,19491
0.5477239353891337,19492
0.5483870967741935,19493
0.5490483162518301,19494
0.5497076023391813,19495
0.5489051094890511,19496
0.5481049562682215,19497
0.5473071324599709,19498
0.5479651162790697,19499
0.548621190130624,19500
0.5492753623188406,19501
0.5499276410998553,19502
0.5491329479768786,19503
0.5483405483405484,19504
0.5489913544668588,19505
0.5482014388489208,19506
0.5488505747126436,19507
0.5494978479196556,19508
0.5487106017191977,19509
0.547925608011445,19510
0.5471428571428572,19511
0.5477888730385164,19512
0.5484330484330484,19513
0.5476529160739687,19514
0.5482954545454546,19515
0.548936170212766,19516
0.5481586402266289,19517
0.5473833097595474,19518
0.5480225988700564,19519
0.5486600846262342,19520
0.5492957746478874,19521
0.549929676511955,19522
0.550561797752809,19523
0.5497896213183731,19524
0.5504201680672269,19525
0.551048951048951,19526
0.5516759776536313,19527
0.5523012552301255,19528
0.552924791086351,19529
0.5535465924895688,19530
0.5527777777777778,19531
0.5520110957004161,19532
0.5512465373961218,19533
0.5504840940525588,19534
0.5511049723756906,19535
0.5517241379310345,19536
0.5509641873278237,19537
0.5515818431911967,19538
0.5508241758241759,19539
0.5500685871056241,19540
0.5493150684931507,19541
0.5499316005471956,19542
0.5505464480874317,19543
0.5511596180081856,19544
0.5517711171662125,19545
0.5523809523809524,19546
0.5529891304347826,19547
0.5522388059701493,19548
0.551490514905149,19549
0.550744248985115,19550
0.5513513513513514,19551
0.5506072874493927,19552
0.5512129380053908,19553
0.550471063257066,19554
0.5510752688172043,19555
0.5516778523489932,19556
0.5522788203753352,19557
0.5515394912985274,19558
0.5508021390374331,19559
0.5514018691588785,19560
0.5506666666666666,19561
0.5512649800266312,19562
0.5518617021276596,19563
0.5524568393094289,19564
0.5517241379310345,19565
0.5509933774834437,19566
0.5502645502645502,19567
0.5508586525759577,19568
0.5501319261213721,19569
0.5507246376811594,19570
0.5513157894736842,19571
0.5505913272010512,19572
0.5511811023622047,19573
0.5504587155963303,19574
0.5497382198952879,19575
0.5490196078431373,19576
0.5496083550913838,19577
0.5488917861799217,19578
0.5494791666666666,19579
0.5500650195058517,19580
0.5493506493506494,19581
0.5499351491569391,19582
0.5492227979274611,19583
0.5485122897800776,19584
0.5478036175710594,19585
0.5470967741935484,19586
0.5476804123711341,19587
0.546975546975547,19588
0.5475578406169666,19589
0.5468549422336328,19590
0.5474358974358975,19591
0.5480153649167734,19592
0.5485933503836317,19593
0.5478927203065134,19594
0.5471938775510204,19595
0.5477707006369427,19596
0.5470737913486005,19597
0.5463786531130876,19598
0.5469543147208121,19599
0.5475285171102662,19600
0.5481012658227848,19601
0.5474083438685209,19602
0.547979797979798,19603
0.5485498108448928,19604
0.5478589420654912,19605
0.5484276729559748,19606
0.5489949748743719,19607
0.5495608531994981,19608
0.5488721804511278,19609
0.5494367959949937,19610
0.54875,19611
0.5480649188514357,19612
0.5486284289276808,19613
0.5491905354919053,19614
0.5485074626865671,19615
0.5478260869565217,19616
0.5483870967741935,19617
0.5489467162329615,19618
0.5495049504950495,19619
0.5488257107540173,19620
0.5493827160493827,19621
0.5499383477188656,19622
0.5492610837438424,19623
0.5485854858548586,19624
0.547911547911548,19625
0.5472392638036809,19626
0.5477941176470589,19627
0.5471236230110159,19628
0.5476772616136919,19629
0.5470085470085471,19630
0.5475609756097561,19631
0.5468940316686967,19632
0.5474452554744526,19633
0.5467800729040098,19634
0.5473300970873787,19635
0.5466666666666666,19636
0.5472154963680388,19637
0.5465538089480049,19638
0.5458937198067633,19639
0.5464414957780458,19640
0.5457831325301205,19641
0.54632972322503,19642
0.546875,19643
0.5474189675870348,19644
0.5479616306954437,19645
0.548502994011976,19646
0.5490430622009569,19647
0.5495818399044206,19648
0.5501193317422435,19649
0.5494636471990465,19650
0.55,19651
0.549346016646849,19652
0.5486935866983373,19653
0.5492289442467378,19654
0.5485781990521327,19655
0.5491124260355029,19656
0.549645390070922,19657
0.5501770956316411,19658
0.5507075471698113,19659
0.5500588928150766,19660
0.5494117647058824,19661
0.5499412455934195,19662
0.5504694835680751,19663
0.5509964830011723,19664
0.5515222482435597,19665
0.552046783625731,19666
0.552570093457944,19667
0.5519253208868145,19668
0.5524475524475524,19669
0.5529685681024447,19670
0.5523255813953488,19671
0.5516840882694541,19672
0.5510440835266821,19673
0.5515643105446119,19674
0.5520833333333334,19675
0.5526011560693641,19676
0.5519630484988453,19677
0.552479815455594,19678
0.5529953917050692,19679
0.5523590333716916,19680
0.5517241379310345,19681
0.5522388059701493,19682
0.551605504587156,19683
0.5521191294387171,19684
0.5526315789473685,19685
0.5531428571428572,19686
0.5525114155251142,19687
0.5530216647662486,19688
0.5523917995444191,19689
0.552901023890785,19690
0.553409090909091,19691
0.5539160045402951,19692
0.5544217687074829,19693
0.5549263873159683,19694
0.5542986425339367,19695
0.5536723163841808,19696
0.5530474040632054,19697
0.5535512965050733,19698
0.5540540540540541,19699
0.5534308211473565,19700
0.5528089887640449,19701
0.55331088664422,19702
0.5538116591928252,19703
0.5543113101903695,19704
0.5536912751677853,19705
0.553072625698324,19706
0.5535714285714286,19707
0.5529542920847269,19708
0.5523385300668151,19709
0.5528364849833148,19710
0.5533333333333333,19711
0.5527192008879024,19712
0.5521064301552107,19713
0.5514950166112956,19714
0.5508849557522124,19715
0.5513812154696133,19716
0.5518763796909493,19717
0.5512679162072768,19718
0.551762114537445,19719
0.5522552255225522,19720
0.5527472527472528,19721
0.5521405049396267,19722
0.5515350877192983,19723
0.552026286966046,19724
0.5525164113785558,19725
0.5530054644808743,19726
0.5534934497816594,19727
0.5528898582333697,19728
0.5533769063180828,19729
0.5527747551686616,19730
0.5521739130434783,19731
0.5526601520086862,19732
0.5531453362255966,19733
0.5536294691224268,19734
0.553030303030303,19735
0.5524324324324325,19736
0.5529157667386609,19737
0.5533980582524272,19738
0.552801724137931,19739
0.5532831001076426,19740
0.5526881720430108,19741
0.5531686358754028,19742
0.5536480686695279,19743
0.5530546623794212,19744
0.5524625267665952,19745
0.5529411764705883,19746
0.5523504273504274,19747
0.551760939167556,19748
0.5522388059701493,19749
0.5527156549520766,19750
0.5531914893617021,19751
0.5536663124335813,19752
0.5530785562632696,19753
0.5524920466595971,19754
0.5529661016949152,19755
0.5523809523809524,19756
0.5517970401691332,19757
0.5512143611404435,19758
0.5516877637130801,19759
0.5521601685985248,19760
0.5515789473684211,19761
0.5509989484752892,19762
0.5504201680672269,19763
0.5498426023084995,19764
0.550314465408805,19765
0.5507853403141362,19766
0.5502092050209205,19767
0.5506792058516197,19768
0.5511482254697286,19769
0.5505735140771637,19770
0.5510416666666667,19771
0.5504682622268471,19772
0.5509355509355509,19773
0.5514018691588785,19774
0.5518672199170125,19775
0.5523316062176166,19776
0.55175983436853,19777
0.5522233712512926,19778
0.5526859504132231,19779
0.5521155830753354,19780
0.5525773195876289,19781
0.5520082389289392,19782
0.5524691358024691,19783
0.5519013360739979,19784
0.5513347022587269,19785
0.5517948717948717,19786
0.5512295081967213,19787
0.5506653019447287,19788
0.5501022494887525,19789
0.5495403472931563,19790
0.5489795918367347,19791
0.5494393476044852,19792
0.5498981670061099,19793
0.5503560528992879,19794
0.5497967479674797,19795
0.550253807106599,19796
0.550709939148073,19797
0.5501519756838906,19798
0.5495951417004049,19799
0.5490394337714863,19800
0.5484848484848485,19801
0.5489404641775983,19802
0.5493951612903226,19803
0.5488418932527693,19804
0.5492957746478874,19805
0.5487437185929648,19806
0.5481927710843374,19807
0.5486459378134403,19808
0.5480961923847696,19809
0.5485485485485485,19810
0.548,19811
0.5484515484515484,19812
0.5479041916167665,19813
0.5483549351944168,19814
0.548804780876494,19815
0.5482587064676617,19816
0.547713717693837,19817
0.5471698113207547,19818
0.5466269841269841,19819
0.5470763131813677,19820
0.5475247524752476,19821
0.5479723046488625,19822
0.5484189723320159,19823
0.5478775913129319,19824
0.5483234714003945,19825
0.548768472906404,19826
0.5482283464566929,19827
0.5476892822025565,19828
0.5481335952848723,19829
0.5485770363101079,19830
0.5480392156862746,19831
0.5475024485798237,19832
0.547945205479452,19833
0.5483870967741935,19834
0.5478515625,19835
0.5482926829268293,19836
0.5477582846003899,19837
0.5481986368062317,19838
0.5486381322957199,19839
0.5490767735665695,19840
0.5485436893203883,19841
0.5480116391852571,19842
0.5474806201550387,19843
0.547918683446273,19844
0.5483558994197292,19845
0.5478260869565217,19846
0.5472972972972973,19847
0.5477338476374156,19848
0.5481695568400771,19849
0.5476419634263715,19850
0.5471153846153847,19851
0.547550432276657,19852
0.5479846449136276,19853
0.5474592521572388,19854
0.5478927203065134,19855
0.5473684210526316,19856
0.5478011472275335,19857
0.5472779369627507,19858
0.5467557251908397,19859
0.5471877979027645,19860
0.5476190476190477,19861
0.5480494766888677,19862
0.5484790874524715,19863
0.5489078822412156,19864
0.5493358633776091,19865
0.5488151658767773,19866
0.5482954545454546,19867
0.5477767265846736,19868
0.5472589792060492,19869
0.546742209631728,19870
0.5471698113207547,19871
0.5475966069745523,19872
0.5470809792843692,19873
0.5475070555032926,19874
0.5469924812030075,19875
0.5474178403755868,19876
0.5478424015009381,19877
0.5482661668228679,19878
0.548689138576779,19879
0.5481758652946679,19880
0.5476635514018692,19881
0.5480859010270775,19882
0.5485074626865671,19883
0.5479962721342032,19884
0.5484171322160148,19885
0.5488372093023256,19886
0.5492565055762082,19887
0.5496750232126276,19888
0.5500927643784786,19889
0.5505097312326228,19890
0.55,19891
0.5494912118408881,19892
0.5489833641404805,19893
0.5484764542936288,19894
0.5488929889298892,19895
0.5483870967741935,19896
0.5478821362799263,19897
0.547378104875805,19898
0.5477941176470589,19899
0.5482093663911846,19900
0.5477064220183486,19901
0.5472043996333639,19902
0.5476190476190477,19903
0.5471180237877402,19904
0.5475319926873857,19905
0.547945205479452,19906
0.5474452554744526,19907
0.5469462169553327,19908
0.546448087431694,19909
0.545950864422202,19910
0.5454545454545454,19911
0.5449591280653951,19912
0.5444646098003629,19913
0.543970988213962,19914
0.5443840579710145,19915
0.5438914027149321,19916
0.5433996383363472,19917
0.5429087624209575,19918
0.5433212996389891,19919
0.5428313796212805,19920
0.5432432432432432,19921
0.5436543654365437,19922
0.5431654676258992,19923
0.5435759209344115,19924
0.5439856373429084,19925
0.5443946188340807,19926
0.5448028673835126,19927
0.5443151298119964,19928
0.5438282647584973,19929
0.5442359249329759,19930
0.5446428571428571,19931
0.544157002676182,19932
0.5445632798573975,19933
0.5449688334817453,19934
0.5444839857651246,19935
0.5448888888888889,19936
0.5452930728241563,19937
0.5448092280390417,19938
0.5443262411347518,19939
0.5447298494242693,19940
0.5451327433628319,19941
0.5455349248452697,19942
0.5450530035335689,19943
0.5445719329214475,19944
0.544973544973545,19945
0.5444933920704845,19946
0.5448943661971831,19947
0.5452946350043976,19948
0.5448154657293497,19949
0.5443371378402108,19950
0.5447368421052632,19951
0.5451358457493427,19952
0.5455341506129597,19953
0.5459317585301837,19954
0.5454545454545454,19955
0.5449781659388646,19956
0.5453752181500873,19957
0.5457715780296426,19958
0.5461672473867596,19959
0.5456919060052219,19960
0.5452173913043479,19961
0.5447437011294527,19962
0.5451388888888888,19963
0.5446660884648742,19964
0.5441941074523396,19965
0.5445887445887446,19966
0.5449826989619377,19967
0.5445116681071738,19968
0.5440414507772021,19969
0.543572044866264,19970
0.5431034482758621,19971
0.5434969853574505,19972
0.5438898450946644,19973
0.5442820292347378,19974
0.5438144329896907,19975
0.544206008583691,19976
0.5445969125214408,19977
0.5449871465295629,19978
0.5445205479452054,19979
0.544054747647562,19980
0.5435897435897435,19981
0.5439795046968403,19982
0.5443686006825939,19983
0.5439045183290707,19984
0.5434412265758092,19985
0.5438297872340425,19986
0.54421768707483,19987
0.5446049277824979,19988
0.5449915110356537,19989
0.544529262086514,19990
0.5440677966101695,19991
0.5436071126164268,19992
0.5431472081218274,19993
0.5426880811496196,19994
0.5430743243243243,19995
0.5434599156118144,19996
0.5430016863406408,19997
0.5425442291491154,19998
0.5429292929292929,19999
0.543313708999159,20000
0.5436974789915966,20001
0.5432409739714525,20002
0.5436241610738255,20003
0.5431684828164292,20004
0.542713567839196,20005
0.5422594142259414,20006
0.5418060200668896,20007
0.5413533834586466,20008
0.5409015025041736,20009
0.5404503753127606,20010
0.5408333333333334,20011
0.5412156536219817,20012
0.540765391014975,20013
0.5411471321695761,20014
0.5415282392026578,20015
0.541908713692946,20016
0.5422885572139303,20017
0.5426677713338857,20018
0.543046357615894,20019
0.5425971877584781,20020
0.5421487603305785,20021
0.541701073492981,20022
0.5412541254125413,20023
0.5408079142621599,20024
0.5411861614497528,20025
0.5415637860082304,20026
0.5411184210526315,20027
0.5406737880032868,20028
0.5402298850574713,20029
0.5406070549630845,20030
0.5409836065573771,20031
0.5405405405405406,20032
0.5409165302782324,20033
0.5412919051512673,20034
0.5408496732026143,20035
0.5412244897959184,20036
0.5407830342577488,20037
0.5403422982885085,20038
0.5407166123778502,20039
0.5402766476810414,20040
0.5398373983739837,20041
0.5393988627132412,20042
0.5397727272727273,20043
0.5393349553933495,20044
0.539708265802269,20045
0.540080971659919,20046
0.5396440129449838,20047
0.540016168148747,20048
0.5395799676898223,20049
0.5399515738498789,20050
0.5403225806451613,20051
0.540692989524577,20052
0.5410628019323671,20053
0.5406275140788415,20054
0.5401929260450161,20055
0.5397590361445783,20056
0.5401284109149278,20057
0.5396952686447474,20058
0.5400641025641025,20059
0.5396317053642914,20060
0.54,20061
0.5403677058353318,20062
0.5407348242811502,20063
0.5411013567438149,20064
0.5406698564593302,20065
0.5410358565737052,20066
0.5414012738853503,20067
0.5417661097852029,20068
0.541335453100159,20069
0.5409054805401112,20070
0.5404761904761904,20071
0.5408406026962728,20072
0.5404120443740095,20073
0.5407759303246239,20074
0.5403481012658228,20075
0.5399209486166008,20076
0.5394944707740916,20077
0.5398579321231255,20078
0.5394321766561514,20079
0.5397951142631994,20080
0.5401574803149606,20081
0.5405192761605035,20082
0.5408805031446541,20083
0.5404556166535742,20084
0.5400313971742543,20085
0.5403921568627451,20086
0.5407523510971787,20087
0.5403288958496476,20088
0.539906103286385,20089
0.5402658326817826,20090
0.540625,20091
0.5402029664324747,20092
0.5405616224648986,20093
0.5401402961808262,20094
0.5404984423676013,20095
0.5400778210116731,20096
0.5404354587869362,20097
0.54001554001554,20098
0.5403726708074534,20099
0.5399534522885958,20100
0.5395348837209303,20101
0.5391169635941131,20102
0.5386996904024768,20103
0.5390564578499614,20104
0.5386398763523956,20105
0.5382239382239382,20106
0.5385802469135802,20107
0.5389360061680802,20108
0.539291217257319,20109
0.5396458814472671,20110
0.5392307692307692,20111
0.5388162951575711,20112
0.5384024577572964,20113
0.5387567152724482,20114
0.5383435582822086,20115
0.5386973180076629,20116
0.5382848392036753,20117
0.5386381025248661,20118
0.5389908256880734,20119
0.5385790679908327,20120
0.5389312977099237,20121
0.5385202135774219,20122
0.538109756097561,20123
0.5376999238385377,20124
0.5372907153729072,20125
0.5376425855513308,20126
0.5379939209726444,20127
0.5375854214123007,20128
0.5371775417298937,20129
0.5375284306292646,20130
0.5371212121212121,20131
0.5374716124148372,20132
0.537821482602118,20133
0.5381708238851096,20134
0.5385196374622356,20135
0.5381132075471698,20136
0.5384615384615384,20137
0.5380557648831952,20138
0.5384036144578314,20139
0.5379984951091046,20140
0.5383458646616541,20141
0.5379413974455297,20142
0.5382882882882883,20143
0.5378844711177795,20144
0.5374812593703149,20145
0.5370786516853933,20146
0.5366766467065869,20147
0.537023186237846,20148
0.5366218236173393,20149
0.5362210604929052,20150
0.5365671641791044,20151
0.5361670395227442,20152
0.5357675111773472,20153
0.5361131794489948,20154
0.5357142857142857,20155
0.5360594795539033,20156
0.5364041604754829,20157
0.5360059391239792,20158
0.5363501483679525,20159
0.535952557449963,20160
0.5355555555555556,20161
0.535899333826795,20162
0.5355029585798816,20163
0.5351071692535108,20164
0.5354505169867061,20165
0.5350553505535055,20166
0.5346607669616519,20167
0.5350036845983788,20168
0.5346097201767305,20169
0.5342163355408388,20170
0.5338235294117647,20171
0.5341660543717854,20172
0.5345080763582967,20173
0.5348495964783566,20174
0.5344574780058651,20175
0.5347985347985348,20176
0.5351390922401171,20177
0.5354791514264814,20178
0.5358187134502924,20179
0.5361577794010226,20180
0.5364963503649635,20181
0.536834427425237,20182
0.5371720116618076,20183
0.5367807720320467,20184
0.537117903930131,20185
0.5367272727272727,20186
0.5363372093023255,20187
0.5359477124183006,20188
0.5355587808417998,20189
0.5351704133430022,20190
0.5355072463768116,20191
0.5358435916002896,20192
0.5354558610709117,20193
0.5350686912509038,20194
0.5354046242774566,20195
0.535740072202166,20196
0.5353535353535354,20197
0.5349675558759913,20198
0.5345821325648416,20199
0.5341972642188625,20200
0.5345323741007194,20201
0.5341480948957584,20202
0.5344827586206896,20203
0.5340990667623834,20204
0.533715925394548,20205
0.5340501792114696,20206
0.5343839541547278,20207
0.5340014316392269,20208
0.5336194563662375,20209
0.5339528234453181,20210
0.5335714285714286,20211
0.5339043540328337,20212
0.5342368045649073,20213
0.5345687811831789,20214
0.5349002849002849,20215
0.5352313167259787,20216
0.534850640113798,20217
0.535181236673774,20218
0.5355113636363636,20219
0.5358410220014195,20220
0.5354609929078015,20221
0.5350815024805102,20222
0.5347025495750708,20223
0.535031847133758,20224
0.5353606789250354,20225
0.5356890459363958,20226
0.5353107344632768,20227
0.5356386732533521,20228
0.5352609308885754,20229
0.5348837209302325,20230
0.5352112676056338,20231
0.5355383532723434,20232
0.5358649789029536,20233
0.5354884047786367,20234
0.535814606741573,20235
0.536140350877193,20236
0.5364656381486677,20237
0.5367904695164681,20238
0.5364145658263305,20239
0.5360391882435269,20240
0.5356643356643357,20241
0.5359888190076869,20242
0.5356145251396648,20243
0.5359385903698535,20244
0.5362622036262203,20245
0.5365853658536586,20246
0.5362116991643454,20247
0.5365344467640919,20248
0.5361613351877608,20249
0.5357887421820708,20250
0.5361111111111111,20251
0.5357390700902152,20252
0.5353675450762829,20253
0.5356895356895357,20254
0.53601108033241,20255
0.5356401384083045,20256
0.5359612724757953,20257
0.5355908776779544,20258
0.5359116022099447,20259
0.5362318840579711,20260
0.5365517241379311,20261
0.5361819434872501,20262
0.5365013774104683,20263
0.5368203716448727,20264
0.5371389270976616,20265
0.5367697594501718,20266
0.5364010989010989,20267
0.5367192862045299,20268
0.5370370370370371,20269
0.5373543522960932,20270
0.5376712328767124,20271
0.5373032169746749,20272
0.5369357045143639,20273
0.5372522214627478,20274
0.5368852459016393,20275
0.5372013651877133,20276
0.5375170532060027,20277
0.5378323108384458,20278
0.5381471389645777,20279
0.5384615384615384,20280
0.5380952380952381,20281
0.5384092454112849,20282
0.5387228260869565,20283
0.5390359809911744,20284
0.5386702849389416,20285
0.5383050847457627,20286
0.5386178861788617,20287
0.5389302640487474,20288
0.5392422192151556,20289
0.539553752535497,20290
0.5398648648648648,20291
0.5401755570560433,20292
0.5404858299595142,20293
0.5401213755900203,20294
0.5397574123989218,20295
0.54006734006734,20296
0.5397039030955586,20297
0.5400134498991258,20298
0.5403225806451613,20299
0.5399597044996642,20300
0.5395973154362416,20301
0.539906103286385,20302
0.539544235924933,20303
0.5398526456798393,20304
0.5401606425702812,20305
0.5404682274247492,20306
0.5407754010695187,20307
0.5404141616566466,20308
0.5400534045393859,20309
0.5403602401601068,20310
0.54,20311
0.5403064623584277,20312
0.5399467376830892,20313
0.5402528276779773,20314
0.5405585106382979,20315
0.5408637873754153,20316
0.5411686586985391,20317
0.5408095554080955,20318
0.5411140583554377,20319
0.5414181577203446,20320
0.5417218543046357,20321
0.5413633355393779,20322
0.5416666666666666,20323
0.541969596827495,20324
0.5416116248348745,20325
0.5419141914191419,20326
0.5422163588390502,20327
0.5418589321028345,20328
0.541501976284585,20329
0.5418038183015141,20330
0.5421052631578948,20331
0.5417488494411571,20332
0.5420499342969777,20333
0.5416940249507551,20334
0.541994750656168,20335
0.5422950819672131,20336
0.5425950196592398,20337
0.5422396856581533,20338
0.5425392670157068,20339
0.5421844342707652,20340
0.5424836601307189,20341
0.542782495101241,20342
0.5430809399477807,20343
0.54337899543379,20344
0.5436766623207301,20345
0.5433224755700325,20346
0.5436197916666666,20347
0.5432661027976577,20348
0.5429128738621587,20349
0.5432098765432098,20350
0.5435064935064935,20351
0.5431537962362103,20352
0.543450064850843,20353
0.5437459494491251,20354
0.5440414507772021,20355
0.5436893203883495,20356
0.5433376455368694,20357
0.5429864253393665,20358
0.5432816537467701,20359
0.5429309231762427,20360
0.5425806451612903,20361
0.5422308188265635,20362
0.541881443298969,20363
0.5421764327108821,20364
0.5424710424710425,20365
0.5427652733118971,20366
0.5430591259640103,20367
0.5427103403982017,20368
0.5423620025673941,20369
0.5420141116100065,20370
0.5416666666666666,20371
0.5419602818705958,20372
0.5422535211267606,20373
0.5425463851567498,20374
0.5421994884910486,20375
0.5418530351437699,20376
0.541507024265645,20377
0.541799617102744,20378
0.5414540816326531,20379
0.5417463352453792,20380
0.5420382165605095,20381
0.5416931890515595,20382
0.5419847328244275,20383
0.5416401780038144,20384
0.5419313850063533,20385
0.5422222222222223,20386
0.5418781725888325,20387
0.5421686746987951,20388
0.5424588086185045,20389
0.5427485750474984,20390
0.5430379746835443,20391
0.5433270082226439,20392
0.5429835651074589,20393
0.5426405559065066,20394
0.5422979797979798,20395
0.5425867507886435,20396
0.542875157629256,20397
0.5425330812854442,20398
0.542191435768262,20399
0.5424795468848332,20400
0.5427672955974843,20401
0.5430546825895664,20402
0.5433417085427136,20403
0.5430006277463905,20404
0.5426599749058971,20405
0.542319749216301,20406
0.5419799498746867,20407
0.5422667501565435,20408
0.541927409261577,20409
0.541588492808005,20410
0.54125,20411
0.5415365396627108,20412
0.5411985018726592,20413
0.5414847161572053,20414
0.5417705735660848,20415
0.5414330218068536,20416
0.541095890410959,20417
0.5407591785936527,20418
0.5404228855721394,20419
0.540708514605345,20420
0.5409937888198758,20421
0.5406579764121664,20422
0.5409429280397022,20423
0.5412275263484191,20424
0.5415117719950434,20425
0.5411764705882353,20426
0.5408415841584159,20427
0.5411255411255411,20428
0.5407911001236094,20429
0.5404570722668314,20430
0.5401234567901234,20431
0.540407156076496,20432
0.5406905055487053,20433
0.540973505853358,20434
0.541256157635468,20435
0.5415384615384615,20436
0.541820418204182,20437
0.5414874001229256,20438
0.5417690417690417,20439
0.5414364640883977,20440
0.5417177914110429,20441
0.5419987737584304,20442
0.5416666666666666,20443
0.541334966319657,20444
0.5416156670746634,20445
0.5418960244648318,20446
0.5415647921760391,20447
0.5418448381185095,20448
0.5421245421245421,20449
0.5417937766931056,20450
0.5414634146341464,20451
0.5417428397318708,20452
0.5420219244823387,20453
0.54169202678028,20454
0.5413625304136253,20455
0.5416413373860183,20456
0.5419198055893074,20457
0.5415907710989678,20458
0.5412621359223301,20459
0.5415403274711946,20460
0.5418181818181819,20461
0.5420956995760146,20462
0.5417675544794189,20463
0.5414398064125832,20464
0.5411124546553809,20465
0.540785498489426,20466
0.5404589371980676,20467
0.540132770066385,20468
0.5404101326899879,20469
0.540084388185654,20470
0.5403614457831325,20471
0.5406381697772427,20472
0.5409145607701564,20473
0.5405892964521948,20474
0.5408653846153846,20475
0.5405405405405406,20476
0.5408163265306123,20477
0.5404919016196761,20478
0.540167865707434,20479
0.5404433792690234,20480
0.5401197604790419,20481
0.5403949730700179,20482
0.5406698564593302,20483
0.5403466826060969,20484
0.540621266427718,20485
0.5402985074626866,20486
0.5405727923627685,20487
0.5402504472271914,20488
0.5399284862932062,20489
0.5402025014889815,20490
0.5398809523809524,20491
0.5401546698393813,20492
0.539833531510107,20493
0.5395127748068924,20494
0.5397862232779097,20495
0.5400593471810089,20496
0.5397390272835113,20497
0.5400118553645524,20498
0.5402843601895735,20499
0.5405565423327413,20500
0.5402366863905326,20501
0.5399172087522176,20502
0.5401891252955082,20503
0.5398700531600709,20504
0.5401416765053129,20505
0.5398230088495575,20506
0.5400943396226415,20507
0.5397760754272245,20508
0.5400471142520612,20509
0.5397292525014714,20510
0.5394117647058824,20511
0.5390946502057613,20512
0.5393654524089306,20513
0.53904873752202,20514
0.5387323943661971,20515
0.5390029325513197,20516
0.5386869871043376,20517
0.5389572349150556,20518
0.5392271662763466,20519
0.5389116442363956,20520
0.5385964912280702,20521
0.5388661601402689,20522
0.5391355140186916,20523
0.5394045534150613,20524
0.5396732788798133,20525
0.5399416909620991,20526
0.5402097902097902,20527
0.5404775771694816,20528
0.540162980209546,20529
0.5404304828388597,20530
0.5406976744186046,20531
0.5409645554909936,20532
0.5412311265969802,20533
0.5409170052234474,20534
0.5406032482598608,20535
0.5402898550724637,20536
0.5405561993047509,20537
0.540822235089751,20538
0.5410879629629629,20539
0.5407750144592249,20540
0.5404624277456648,20541
0.5407279029462738,20542
0.5409930715935335,20543
0.5406809001731102,20544
0.5409457900807382,20545
0.5412103746397694,20546
0.5414746543778802,20547
0.5417386298215314,20548
0.5420023014959724,20549
0.5422656699252444,20550
0.5419540229885057,20551
0.5422171165996553,20552
0.5424799081515499,20553
0.5427423981640849,20554
0.5424311926605505,20555
0.5426934097421203,20556
0.5429553264604811,20557
0.542644533485976,20558
0.5429061784897025,20559
0.5425957690108634,20560
0.5428571428571428,20561
0.5431182181610509,20562
0.5428082191780822,20563
0.54249857387336,20564
0.5427594070695553,20565
0.5424501424501424,20566
0.5421412300683371,20567
0.5418326693227091,20568
0.5415244596131968,20569
0.541785105173394,20570
0.5414772727272728,20571
0.5417376490630323,20572
0.5414301929625426,20573
0.5416903006239365,20574
0.5419501133786848,20575
0.541643059490085,20576
0.5413363533408834,20577
0.5415959252971138,20578
0.541289592760181,20579
0.5409836065573771,20580
0.5406779661016949,20581
0.5409373235460192,20582
0.5406320541760722,20583
0.5408911449520587,20584
0.5405862457722661,20585
0.5408450704225352,20586
0.5411036036036037,20587
0.5407990996060776,20588
0.5404949381327334,20589
0.5401911186059584,20590
0.5404494382022472,20591
0.540707467714767,20592
0.5409652076318743,20593
0.5406618059450364,20594
0.5403587443946188,20595
0.5400560224089636,20596
0.5403135498320268,20597
0.540570789031897,20598
0.54082774049217,20599
0.5405254332029067,20600
0.5402234636871508,20601
0.5399218313791178,20602
0.5396205357142857,20603
0.5398773006134969,20604
0.540133779264214,20605
0.53983286908078,20606
0.5400890868596881,20607
0.5403450194769059,20608
0.5406006674082313,20609
0.5403001667593107,20610
0.5405555555555556,20611
0.5408106607440311,20612
0.5405105438401776,20613
0.5402107598447032,20614
0.5399113082039911,20615
0.5401662049861495,20616
0.5398671096345515,20617
0.5401217487548423,20618
0.5398230088495575,20619
0.5400773908236595,20620
0.5397790055248619,20621
0.5400331308669244,20622
0.5402869757174393,20623
0.5399889685603971,20624
0.539691289966924,20625
0.5393939393939394,20626
0.539647577092511,20627
0.5393505778756191,20628
0.5390539053905391,20629
0.5387575590984057,20630
0.5384615384615384,20631
0.5387149917627677,20632
0.5384193194291986,20633
0.5381239714755897,20634
0.537828947368421,20635
0.5375342465753424,20636
0.5372398685651698,20637
0.5374931581828134,20638
0.537746170678337,20639
0.5379989065062876,20640
0.5382513661202186,20641
0.5379574003276898,20642
0.5376637554585153,20643
0.5373704309874523,20644
0.5370774263904035,20645
0.5373297002724796,20646
0.5370370370370371,20647
0.5372890582471421,20648
0.5375408052230686,20649
0.5377922784121806,20650
0.5380434782608695,20651
0.5377512221618685,20652
0.5380021715526602,20653
0.5377102550189907,20654
0.5374186550976139,20655
0.5376693766937669,20656
0.537919826652221,20657
0.5376285868976719,20658
0.5373376623376623,20659
0.5375878853434288,20660
0.5378378378378378,20661
0.5375472717450027,20662
0.537257019438445,20663
0.5375067458175931,20664
0.5372168284789643,20665
0.537466307277628,20666
0.537176724137931,20667
0.5374259558427571,20668
0.5376749192680301,20669
0.5373856912318451,20670
0.5376344086021505,20671
0.53788285867813,20672
0.5381310418904404,20673
0.537842190016103,20674
0.5375536480686696,20675
0.5378016085790884,20676
0.537513397642015,20677
0.5377611140867702,20678
0.5380085653104925,20679
0.5382557517388978,20680
0.5379679144385027,20681
0.5376803848209514,20682
0.5379273504273504,20683
0.5376401494927923,20684
0.5373532550693704,20685
0.5376,20686
0.5373134328358209,20687
0.537559936068194,20688
0.5378061767838126,20689
0.5380521554018095,20690
0.5382978723404256,20691
0.5385433280170122,20692
0.5382571732199788,20693
0.5385023898035051,20694
0.5382165605095541,20695
0.5379310344827586,20696
0.5381760339342524,20697
0.5378908320084791,20698
0.5376059322033898,20699
0.5373213340391741,20700
0.5370370370370371,20701
0.5372818614489688,20702
0.5369978858350951,20703
0.5372424722662441,20704
0.5369588173178458,20705
0.5366754617414248,20706
0.5369198312236287,20707
0.536636794939378,20708
0.5368809272918862,20709
0.5365982095839916,20710
0.5368421052631579,20711
0.5370857443450815,20712
0.53732912723449,20713
0.5375722543352601,20714
0.5378151260504201,20715
0.5380577427821522,20716
0.5383001049317944,20717
0.5385422128998427,20718
0.5387840670859538,20719
0.5385018334206391,20720
0.5387434554973822,20721
0.5384615384615384,20722
0.5387029288702929,20723
0.5389440669106116,20724
0.5391849529780565,20725
0.5394255874673629,20726
0.5396659707724426,20727
0.5393844548774126,20728
0.5396246089676746,20729
0.5398645127670662,20730
0.5395833333333333,20731
0.5393024466423738,20732
0.5390218522372529,20733
0.5392615704628185,20734
0.5389812889812889,20735
0.5392207792207793,20736
0.5389408099688473,20737
0.5391800726517904,20738
0.5389004149377593,20739
0.5386210471747019,20740
0.5383419689119171,20741
0.5385810460901087,20742
0.5388198757763976,20743
0.5385411277806519,20744
0.5382626680455016,20745
0.5385012919896641,20746
0.5387396694214877,20747
0.5389778007227671,20748
0.5392156862745098,20749
0.5389375966993295,20750
0.538659793814433,20751
0.538382277176713,20752
0.5381050463439753,20753
0.5383427689140504,20754
0.5380658436213992,20755
0.5383033419023137,20756
0.5380267214799589,20757
0.5377503852080123,20758
0.5379876796714579,20759
0.5377116469984607,20760
0.5374358974358975,20761
0.5376729882111737,20762
0.5373975409836066,20763
0.5376344086021505,20764
0.5373592630501536,20765
0.5370843989769821,20766
0.537321063394683,20767
0.5375574859478794,20768
0.5372829417773238,20769
0.5370086778968862,20770
0.5372448979591836,20771
0.5369709331973483,20772
0.5372069317023446,20773
0.5374426897605705,20774
0.5376782077393075,20775
0.537913486005089,20776
0.5381485249237029,20777
0.5383833248601931,20778
0.5386178861788617,20779
0.5383443372270188,20780
0.5380710659898477,20781
0.5383054287163876,20782
0.5380324543610547,20783
0.5382665990876837,20784
0.538500506585613,20785
0.5382278481012658,20786
0.5384615384615384,20787
0.5386949924127465,20788
0.538422649140546,20789
0.5381505811015664,20790
0.5378787878787878,20791
0.5376072690560323,20792
0.5373360242179617,20793
0.5370650529500757,20794
0.5372983870967742,20795
0.5370277078085642,20796
0.5367573011077543,20797
0.5364871665827882,20798
0.5367203219315896,20799
0.5369532428355958,20800
0.5366834170854271,20801
0.5364138623807132,20802
0.5366465863453815,20803
0.5363773206221776,20804
0.5366098294884654,20805
0.5363408521303258,20806
0.5360721442885772,20807
0.5358037055583375,20808
0.5355355355355356,20809
0.535767883941971,20810
0.5355,20811
0.5357321339330335,20812
0.535964035964036,20813
0.5361957064403395,20814
0.5359281437125748,20815
0.5356608478802992,20816
0.5358923230309073,20817
0.536123567513702,20818
0.5363545816733067,20819
0.5360876057740169,20820
0.5358208955223881,20821
0.5355544505221282,20822
0.5352882703777336,20823
0.5355191256830601,20824
0.5357497517378351,20825
0.535483870967742,20826
0.535218253968254,20827
0.5354486861675756,20828
0.535183349851338,20829
0.5354135710747895,20830
0.5351485148514852,20831
0.5348837209302325,20832
0.5351137487636004,20833
0.5348492338111716,20834
0.5350790513833992,20835
0.5348148148148149,20836
0.5345508390918066,20837
0.5347804637395165,20838
0.5350098619329389,20839
0.5347461803844258,20840
0.5349753694581281,20841
0.534711964549483,20842
0.5344488188976378,20843
0.5346778160354156,20844
0.5349065880039331,20845
0.5346437346437346,20846
0.5343811394891945,20847
0.5346097201767305,20848
0.5343473994111875,20849
0.5340853359489947,20850
0.5343137254901961,20851
0.5340519353258206,20852
0.5342801175318316,20853
0.5345080763582967,20854
0.5347358121330724,20855
0.5344743276283619,20856
0.5347018572825024,20857
0.5344406448461163,20858
0.53466796875,20859
0.5348950707662274,20860
0.5346341463414634,20861
0.5348610433934666,20862
0.5350877192982456,20863
0.5353141743789577,20864
0.5355404089581305,20865
0.5357664233576642,20866
0.5359922178988327,20867
0.5357316480311133,20868
0.5359572400388727,20869
0.5361826129188927,20870
0.5359223300970873,20871
0.5361475012130034,20872
0.5358874878758487,20873
0.5361124575860398,20874
0.5363372093023255,20875
0.5360774818401937,20876
0.5358180058083253,20877
0.5360425737784228,20878
0.5357833655705996,20879
0.5355244079265346,20880
0.5357487922705314,20881
0.5359729599227426,20882
0.5361969111969112,20883
0.5364206464061746,20884
0.5361620057859209,20885
0.5363855421686747,20886
0.5361271676300579,20887
0.536350505536832,20888
0.5365736284889316,20889
0.5363155363155363,20890
0.5360576923076923,20891
0.5362806343104277,20892
0.5360230547550432,20893
0.5362457993278925,20894
0.5359884836852208,20895
0.53621103117506,20896
0.535953978906999,20897
0.535697172975563,20898
0.5354406130268199,20899
0.5356629966491144,20900
0.5358851674641149,20901
0.5361071257771401,20902
0.5358508604206501,20903
0.5360726230291448,20904
0.5362941738299905,20905
0.5365155131264916,20906
0.5367366412213741,20907
0.5369575584167858,20908
0.5371782650142993,20909
0.5369223439733206,20910
0.5371428571428571,20911
0.5368871965730605,20912
0.5371075166508088,20913
0.5373276271992392,20914
0.5370722433460076,20915
0.53729216152019,20916
0.5375118708452041,20917
0.5377313716184148,20918
0.5374762808349146,20919
0.5372214319582741,20920
0.5369668246445498,20921
0.5371861676930365,20922
0.5369318181818182,20923
0.5366777094178893,20924
0.5364238410596026,20925
0.5366430260047281,20926
0.5363894139886578,20927
0.5366084081247048,20928
0.5368271954674221,20929
0.5365738555922605,20930
0.5367924528301887,20931
0.537010843941537,20932
0.5372290292177191,20933
0.5374470089495996,20934
0.5376647834274952,20935
0.5378823529411765,20936
0.5380997177798683,20937
0.537846732487071,20938
0.5375939849624061,20939
0.5378111789572569,20940
0.5380281690140845,20941
0.5382449554199906,20942
0.5379924953095685,20943
0.5377402719174871,20944
0.5379568884723523,20945
0.5381733021077283,20946
0.5379213483146067,20947
0.5381375760411792,20948
0.5378858746492049,20949
0.5381019167835437,20950
0.5378504672897196,20951
0.5375992526856609,20952
0.5378151260504201,20953
0.5380307979468035,20954
0.5377798507462687,20955
0.5379953379953379,20956
0.5377446411929171,20957
0.5379599441080578,20958
0.5377094972067039,20959
0.5379246161005119,20960
0.5376744186046511,20961
0.5374244537424454,20962
0.537639405204461,20963
0.5378541569902462,20964
0.5380687093779016,20965
0.5382830626450116,20966
0.5384972170686456,20967
0.5382475660639777,20968
0.5384615384615384,20969
0.5386753126447429,20970
0.538425925925926,20971
0.5381767700138824,20972
0.5383903792784459,20973
0.5386037910309754,20974
0.538354898336414,20975
0.538568129330254,20976
0.5383194829178208,20977
0.5380710659898477,20978
0.5382841328413284,20979
0.5384970032272937,20980
0.5387096774193548,20981
0.5389221556886228,20982
0.5386740331491713,20983
0.538886332259549,20984
0.5386384544618216,20985
0.5388505747126436,20986
0.5386029411764706,20987
0.5388148828663298,20988
0.5390266299357208,20989
0.5387792565396972,20990
0.5389908256880734,20991
0.5392022008253095,20992
0.538955087076077,20993
0.5387081997251488,20994
0.5389194139194139,20995
0.5386727688787185,20996
0.5384263494967978,20997
0.5381801554641061,20998
0.5383912248628885,20999
0.5381452718136135,21000
0.5383561643835616,21001
0.5381104518484711,21002
0.5383211678832117,21003
0.538531691746466,21004
0.5382862351868732,21005
0.5380410022779043,21006
0.5377959927140255,21007
0.5375512061902594,21008
0.5377616014558689,21009
0.5375170532060027,21010
0.5372727272727272,21011
0.5374829622898682,21012
0.5372388737511353,21013
0.536995006808897,21014
0.5372050816696915,21015
0.5374149659863946,21016
0.5376246600181324,21017
0.5373810602628002,21018
0.5375905797101449,21019
0.5377999094612947,21020
0.5375565610859728,21021
0.5373134328358209,21022
0.5370705244122965,21023
0.5372797107998193,21024
0.5370370370370371,21025
0.5367945823927766,21026
0.5365523465703971,21027
0.5367613892647722,21028
0.5365193868349865,21029
0.5367282559711581,21030
0.5364864864864864,21031
0.5366951823502927,21032
0.536903690369037,21033
0.5371120107962213,21034
0.5373201438848921,21035
0.5375280898876404,21036
0.5377358490566038,21037
0.5374943870678042,21038
0.5372531418312387,21039
0.5370121130551817,21040
0.537219730941704,21041
0.5369789332138055,21042
0.5367383512544803,21043
0.5364979847738468,21044
0.536705461056401,21045
0.5369127516778524,21046
0.5366726296958855,21047
0.5368797496647295,21048
0.5366398570151921,21049
0.5364001786511836,21050
0.5366071428571428,21051
0.5363676929941991,21052
0.5361284567350579,21053
0.5358894337940259,21054
0.535650623885918,21055
0.5358574610244989,21056
0.5360641139804097,21057
0.5358255451713395,21058
0.5355871886120996,21059
0.5357936860827034,21060
0.5355555555555556,21061
0.5357618836072856,21062
0.5359680284191829,21063
0.5357301375943186,21064
0.5354924578527063,21065
0.5356984478935698,21066
0.535904255319149,21067
0.5356668143553389,21068
0.5354295837023915,21069
0.5351925630810093,21070
0.5353982300884956,21071
0.5351614329942503,21072
0.5349248452696729,21073
0.5346884666372073,21074
0.534452296819788,21075
0.5346578366445917,21076
0.5344218887908209,21077
0.5346272606969563,21078
0.5343915343915344,21079
0.5341560158660202,21080
0.533920704845815,21081
0.5341259357111404,21082
0.534330985915493,21083
0.5340959084909811,21084
0.5343007915567283,21085
0.5345054945054946,21086
0.5347100175746925,21087
0.5349143610013175,21088
0.5346795434591747,21089
0.5348837209302325,21090
0.5346491228070176,21091
0.5344147303814116,21092
0.5346187554776511,21093
0.5348226018396847,21094
0.5350262697022767,21095
0.5352297592997812,21096
0.5354330708661418,21097
0.535198950590293,21098
0.5354020979020979,21099
0.5356050677151595,21100
0.5358078602620088,21101
0.5360104757747708,21102
0.5362129144851658,21103
0.5364151766245093,21104
0.536617262423714,21105
0.5363834422657952,21106
0.5361498257839721,21107
0.5363517631693513,21108
0.536118363794604,21109
0.5358851674641149,21110
0.5356521739130434,21111
0.5358539765319427,21112
0.5356211989574283,21113
0.5358228397742075,21114
0.5360243055555556,21115
0.5362255965292841,21116
0.5364267129228101,21117
0.5366276549631556,21118
0.5363951473136915,21119
0.5365959289735817,21120
0.5367965367965368,21121
0.5369969710082215,21122
0.5367647058823529,21123
0.5369649805447471,21124
0.5371650821089023,21125
0.5373650107991361,21126
0.5375647668393783,21127
0.5377643504531722,21128
0.5379637618636756,21129
0.538163001293661,21130
0.5379310344827586,21131
0.5381301163291684,21132
0.5383290267011197,21133
0.5385277658200602,21134
0.5382960413080895,21135
0.5384946236559139,21136
0.5382631126397248,21137
0.538031800601633,21138
0.5378006872852233,21139
0.5375697724345213,21140
0.5377682403433477,21141
0.5379665379665379,21142
0.5381646655231561,21143
0.5379339905700814,21144
0.5377035132819195,21145
0.5379014989293361,21146
inf,21147
1.0,21148
1.0,21149
0.6666666666666666,21150
0.5,21151
0.6,21152
0.5,21153
0.5714285714285714,21154
0.625,21155
0.5555555555555556,21156
0.5,21157
0.5454545454545454,21158
0.5833333333333334,21159
0.5384615384615384,21160
0.5,21161
0.4666666666666667,21162
0.4375,21163
0.47058823529411764,21164
0.5,21165
0.47368421052631576,21166
0.5,21167
0.47619047619047616,21168
0.45454545454545453,21169
0.43478260869565216,21170
0.4166666666666667,21171
0.44,21172
0.4230769230769231,21173
0.4074074074074074,21174
0.39285714285714285,21175
0.41379310344827586,21176
0.4,21177
0.3870967741935484,21178
0.375,21179
0.3939393939393939,21180
0.38235294117647056,21181
0.37142857142857144,21182
0.3611111111111111,21183
0.3783783783783784,21184
0.39473684210526316,21185
0.38461538461538464,21186
0.375,21187
0.3902439024390244,21188
0.38095238095238093,21189
0.37209302325581395,21190
0.36363636363636365,21191
0.37777777777777777,21192
0.3695652173913043,21193
0.3617021276595745,21194
0.375,21195
0.3673469387755102,21196
0.36,21197
0.35294117647058826,21198
0.36538461538461536,21199
0.37735849056603776,21200
0.37037037037037035,21201
0.38181818181818183,21202
0.375,21203
0.38596491228070173,21204
0.39655172413793105,21205
0.3898305084745763,21206
0.4,21207
0.4098360655737705,21208
0.41935483870967744,21209
0.42857142857142855,21210
0.421875,21211
0.4307692307692308,21212
0.4393939393939394,21213
0.44776119402985076,21214
0.45588235294117646,21215
0.463768115942029,21216
0.4714285714285714,21217
0.4647887323943662,21218
0.4583333333333333,21219
0.4657534246575342,21220
0.4594594594594595,21221
0.4533333333333333,21222
0.4605263157894737,21223
0.45454545454545453,21224
0.46153846153846156,21225
0.45569620253164556,21226
0.45,21227
0.4567901234567901,21228
0.4634146341463415,21229
0.46987951807228917,21230
0.47619047619047616,21231
0.4823529411764706,21232
0.4883720930232558,21233
0.4827586206896552,21234
0.4772727272727273,21235
0.48314606741573035,21236
0.4777777777777778,21237
0.4725274725274725,21238
0.4782608695652174,21239
0.4731182795698925,21240
0.46808510638297873,21241
0.47368421052631576,21242
0.4791666666666667,21243
0.4742268041237113,21244
0.47959183673469385,21245
0.47474747474747475,21246
0.48,21247
0.4752475247524752,21248
0.47058823529411764,21249
0.47572815533980584,21250
0.4807692307692308,21251
0.47619047619047616,21252
0.4716981132075472,21253
0.4766355140186916,21254
0.48148148148148145,21255
0.48623853211009177,21256
0.4818181818181818,21257
0.4864864864864865,21258
0.48214285714285715,21259
0.4778761061946903,21260
0.4824561403508772,21261
0.4782608695652174,21262
0.47413793103448276,21263
0.47863247863247865,21264
0.4830508474576271,21265
0.4789915966386555,21266
0.475,21267
0.4793388429752066,21268
0.47540983606557374,21269
0.4715447154471545,21270
0.46774193548387094,21271
0.464,21272
0.4603174603174603,21273
0.4645669291338583,21274
0.4609375,21275
0.4573643410852713,21276
0.46153846153846156,21277
0.46564885496183206,21278
0.4621212121212121,21279
0.45864661654135336,21280
0.4552238805970149,21281
0.45925925925925926,21282
0.45588235294117646,21283
0.45255474452554745,21284
0.4492753623188406,21285
0.4460431654676259,21286
0.45,21287
0.44680851063829785,21288
0.4507042253521127,21289
0.45454545454545453,21290
0.4513888888888889,21291
0.45517241379310347,21292
0.4589041095890411,21293
0.4557823129251701,21294
0.4527027027027027,21295
0.4563758389261745,21296
0.46,21297
0.45695364238410596,21298
0.4605263157894737,21299
0.45751633986928103,21300
0.45454545454545453,21301
0.45806451612903226,21302
0.46153846153846156,21303
0.46496815286624205,21304
0.4620253164556962,21305
0.4591194968553459,21306
0.45625,21307
0.45962732919254656,21308
0.4567901234567901,21309
0.4539877300613497,21310
0.45121951219512196,21311
0.45454545454545453,21312
0.4578313253012048,21313
0.46107784431137727,21314
0.4583333333333333,21315
0.46153846153846156,21316
0.4588235294117647,21317
0.4619883040935672,21318
0.45930232558139533,21319
0.4624277456647399,21320
0.45977011494252873,21321
0.45714285714285713,21322
0.45454545454545453,21323
0.4576271186440678,21324
0.4606741573033708,21325
0.4581005586592179,21326
0.45555555555555555,21327
0.4585635359116022,21328
0.45604395604395603,21329
0.453551912568306,21330
0.45652173913043476,21331
0.4594594594594595,21332
0.45698924731182794,21333
0.45989304812834225,21334
0.4627659574468085,21335
0.4603174603174603,21336
0.45789473684210524,21337
0.4607329842931937,21338
0.4635416666666667,21339
0.46113989637305697,21340
0.4587628865979381,21341
0.4564102564102564,21342
0.45408163265306123,21343
0.4517766497461929,21344
0.45454545454545453,21345
0.457286432160804,21346
0.455,21347
0.4527363184079602,21348
0.4504950495049505,21349
0.4482758620689655,21350
0.44607843137254904,21351
0.44878048780487806,21352
0.45145631067961167,21353
0.45410628019323673,21354
0.4519230769230769,21355
0.45454545454545453,21356
0.45714285714285713,21357
0.4549763033175355,21358
0.4528301886792453,21359
0.4507042253521127,21360
0.4485981308411215,21361
0.4511627906976744,21362
0.44907407407407407,21363
0.45161290322580644,21364
0.4541284403669725,21365
0.4520547945205479,21366
0.45454545454545453,21367
0.45248868778280543,21368
0.45495495495495497,21369
0.452914798206278,21370
0.45535714285714285,21371
0.4533333333333333,21372
0.45132743362831856,21373
0.44933920704845814,21374
0.4517543859649123,21375
0.45414847161572053,21376
0.45217391304347826,21377
0.45454545454545453,21378
0.4525862068965517,21379
0.45064377682403434,21380
0.44871794871794873,21381
0.44680851063829785,21382
0.4491525423728814,21383
0.4472573839662447,21384
0.4495798319327731,21385
0.4476987447698745,21386
0.44583333333333336,21387
0.44398340248962653,21388
0.44214876033057854,21389
0.4444444444444444,21390
0.44672131147540983,21391
0.4489795918367347,21392
0.45121951219512196,21393
0.4534412955465587,21394
0.45564516129032256,21395
0.4578313253012048,21396
0.46,21397
0.4581673306772908,21398
0.4603174603174603,21399
0.4624505928853755,21400
0.4645669291338583,21401
0.4666666666666667,21402
0.46875,21403
0.4669260700389105,21404
0.4689922480620155,21405
0.47104247104247104,21406
0.46923076923076923,21407
0.4674329501915709,21408
0.46564885496183206,21409
0.46387832699619774,21410
0.4621212121212121,21411
0.4641509433962264,21412
0.462406015037594,21413
0.46441947565543074,21414
0.4626865671641791,21415
0.46096654275092935,21416
0.45925925925925926,21417
0.4612546125461255,21418
0.4632352941176471,21419
0.46153846153846156,21420
0.4635036496350365,21421
0.46545454545454545,21422
0.4673913043478261,21423
0.4693140794223827,21424
0.4712230215827338,21425
0.4731182795698925,21426
0.475,21427
0.47330960854092524,21428
0.475177304964539,21429
0.4734982332155477,21430
0.4753521126760563,21431
0.47719298245614034,21432
0.4755244755244755,21433
0.47735191637630664,21434
0.4791666666666667,21435
0.4809688581314879,21436
0.4827586206896552,21437
0.4845360824742268,21438
0.4863013698630137,21439
0.48464163822525597,21440
0.48639455782312924,21441
0.4847457627118644,21442
0.4864864864864865,21443
0.48484848484848486,21444
0.4865771812080537,21445
0.4882943143812709,21446
0.4866666666666667,21447
0.4850498338870432,21448
0.4867549668874172,21449
0.4884488448844885,21450
0.4901315789473684,21451
0.4885245901639344,21452
0.49019607843137253,21453
0.48859934853420195,21454
0.487012987012987,21455
0.4854368932038835,21456
0.4870967741935484,21457
0.4887459807073955,21458
0.49038461538461536,21459
0.48881789137380194,21460
0.49044585987261147,21461
0.4888888888888889,21462
0.4873417721518987,21463
0.48580441640378547,21464
0.48427672955974843,21465
0.48589341692789967,21466
0.484375,21467
0.48598130841121495,21468
0.48757763975155277,21469
0.48606811145510836,21470
0.4845679012345679,21471
0.48307692307692307,21472
0.48466257668711654,21473
0.48623853211009177,21474
0.4847560975609756,21475
0.48632218844984804,21476
0.48484848484848486,21477
0.48338368580060426,21478
0.48493975903614456,21479
0.4864864864864865,21480
0.48502994011976047,21481
0.48656716417910445,21482
0.4851190476190476,21483
0.4836795252225519,21484
0.48520710059171596,21485
0.4837758112094395,21486
0.4852941176470588,21487
0.4838709677419355,21488
0.4853801169590643,21489
0.4839650145772595,21490
0.48255813953488375,21491
0.4811594202898551,21492
0.48265895953757226,21493
0.484149855907781,21494
0.4827586206896552,21495
0.4813753581661891,21496
0.4828571428571429,21497
0.4843304843304843,21498
0.48295454545454547,21499
0.48158640226628896,21500
0.480225988700565,21501
0.4788732394366197,21502
0.47752808988764045,21503
0.47619047619047616,21504
0.4776536312849162,21505
0.4763231197771588,21506
0.475,21507
0.47645429362880887,21508
0.47790055248618785,21509
0.4793388429752066,21510
0.47802197802197804,21511
0.4794520547945205,21512
0.4808743169398907,21513
0.47956403269754766,21514
0.48097826086956524,21515
0.4823848238482385,21516
0.4837837837837838,21517
0.48247978436657685,21518
0.4838709677419355,21519
0.48257372654155495,21520
0.48128342245989303,21521
0.48,21522
0.4787234042553192,21523
0.47745358090185674,21524
0.47619047619047616,21525
0.47757255936675463,21526
0.4763157894736842,21527
0.4776902887139108,21528
0.47643979057591623,21529
0.47780678851174935,21530
0.4765625,21531
0.4779220779220779,21532
0.4792746113989637,21533
0.4806201550387597,21534
0.4793814432989691,21535
0.4781491002570694,21536
0.4794871794871795,21537
0.48081841432225064,21538
0.47959183673469385,21539
0.48091603053435117,21540
0.48223350253807107,21541
0.4835443037974684,21542
0.48484848484848486,21543
0.48614609571788414,21544
0.48743718592964824,21545
0.48621553884711777,21546
0.4875,21547
0.486284289276808,21548
0.48507462686567165,21549
0.48635235732009924,21550
0.4876237623762376,21551
0.4888888888888889,21552
0.49014778325123154,21553
0.48894348894348894,21554
0.49019607843137253,21555
0.49144254278728605,21556
0.4926829268292683,21557
0.49391727493917276,21558
0.49271844660194175,21559
0.4915254237288136,21560
0.49033816425120774,21561
0.4891566265060241,21562
0.4879807692307692,21563
0.4892086330935252,21564
0.4904306220095694,21565
0.4892601431980907,21566
0.49047619047619045,21567
0.48931116389548696,21568
0.4881516587677725,21569
0.48936170212765956,21570
0.4882075471698113,21571
0.48705882352941177,21572
0.4859154929577465,21573
0.4847775175644028,21574
0.48364485981308414,21575
0.48484848484848486,21576
0.48604651162790696,21577
0.48491879350348027,21578
0.4861111111111111,21579
0.48729792147806006,21580
0.48847926267281105,21581
0.4896551724137931,21582
0.4908256880733945,21583
0.4919908466819222,21584
0.4931506849315068,21585
0.49430523917995445,21586
0.4954545454545455,21587
0.4965986394557823,21588
0.49547511312217196,21589
0.4966139954853273,21590
0.4954954954954955,21591
0.4943820224719101,21592
0.49327354260089684,21593
0.49440715883668906,21594
0.49330357142857145,21595
0.49443207126948774,21596
0.49333333333333335,21597
0.49223946784922396,21598
0.49336283185840707,21599
0.49448123620309054,21600
0.4933920704845815,21601
0.49230769230769234,21602
0.49122807017543857,21603
0.49015317286652077,21604
0.4912663755458515,21605
0.49019607843137253,21606
0.49130434782608695,21607
0.4924078091106291,21608
0.4935064935064935,21609
0.4946004319654428,21610
0.4956896551724138,21611
0.4967741935483871,21612
0.4957081545064378,21613
0.49464668094218417,21614
0.4935897435897436,21615
0.4925373134328358,21616
0.49361702127659574,21617
0.49256900212314225,21618
0.4936440677966102,21619
0.49471458773784355,21620
0.4936708860759494,21621
0.4926315789473684,21622
0.49369747899159666,21623
0.4947589098532495,21624
0.49581589958158995,21625
0.4968684759916493,21626
0.49583333333333335,21627
0.4968814968814969,21628
0.495850622406639,21629
0.4968944099378882,21630
0.49586776859504134,21631
0.49690721649484537,21632
0.49588477366255146,21633
0.4948665297741273,21634
0.49385245901639346,21635
0.4948875255623722,21636
0.49387755102040815,21637
0.49287169042769857,21638
0.49390243902439024,21639
0.49290060851926976,21640
0.49190283400809715,21641
0.4909090909090909,21642
0.49193548387096775,21643
0.49295774647887325,21644
0.4919678714859438,21645
0.49298597194388777,21646
0.492,21647
0.49101796407185627,21648
0.4900398406374502,21649
0.49105367793240556,21650
0.49007936507936506,21651
0.4910891089108911,21652
0.4901185770750988,21653
0.4911242603550296,21654
0.4921259842519685,21655
0.4911591355599214,21656
0.49019607843137253,21657
0.4892367906066536,21658
0.490234375,21659
0.49122807017543857,21660
0.490272373540856,21661
0.4912621359223301,21662
0.49224806201550386,21663
0.4912959381044487,21664
0.4922779922779923,21665
0.4932562620423892,21666
0.49423076923076925,21667
0.4952015355086372,21668
0.4942528735632184,21669
0.4933078393881453,21670
0.49427480916030536,21671
0.49333333333333335,21672
0.49429657794676807,21673
0.49335863377609107,21674
0.4943181818181818,21675
0.4933837429111531,21676
0.49245283018867925,21677
0.4934086629001883,21678
0.4924812030075188,21679
0.4915572232645403,21680
0.49063670411985016,21681
0.4897196261682243,21682
0.4906716417910448,21683
0.4897579143389199,21684
0.49070631970260226,21685
0.4897959183673469,21686
0.4888888888888889,21687
0.4879852125693161,21688
0.4870848708487085,21689
0.4861878453038674,21690
0.4852941176470588,21691
0.48440366972477067,21692
0.48534798534798534,21693
0.48628884826325414,21694
0.48722627737226276,21695
0.48633879781420764,21696
0.48545454545454547,21697
0.4863883847549909,21698
0.48731884057971014,21699
0.4864376130198915,21700
0.4855595667870036,21701
0.4864864864864865,21702
0.48741007194244607,21703
0.4865350089766607,21704
0.4874551971326165,21705
0.4865831842576029,21706
0.4875,21707
0.48663101604278075,21708
0.4875444839857651,21709
0.48845470692717585,21710
0.4875886524822695,21711
0.48672566371681414,21712
0.4876325088339223,21713
0.48853615520282184,21714
0.4876760563380282,21715
0.4868189806678383,21716
0.48771929824561405,21717
0.4886164623467601,21718
0.48776223776223776,21719
0.4869109947643979,21720
0.4878048780487805,21721
0.48869565217391303,21722
0.4878472222222222,21723
0.48873483535528595,21724
0.48961937716262977,21725
0.48877374784110533,21726
0.4879310344827586,21727
0.48881239242685026,21728
0.4896907216494845,21729
0.49056603773584906,21730
0.4897260273972603,21731
0.4905982905982906,21732
0.48976109215017066,21733
0.4889267461669506,21734
0.4897959183673469,21735
0.48896434634974534,21736
0.488135593220339,21737
0.4873096446700508,21738
0.48817567567567566,21739
0.48903878583473864,21740
0.4882154882154882,21741
0.4890756302521008,21742
0.48825503355704697,21743
0.48911222780569513,21744
0.4882943143812709,21745
0.48747913188647746,21746
0.48833333333333334,21747
0.4891846921797005,21748
0.4900332225913621,21749
0.49087893864013266,21750
0.4917218543046358,21751
0.4909090909090909,21752
0.49174917491749176,21753
0.4925864909390445,21754
0.4934210526315789,21755
0.49261083743842365,21756
0.4918032786885246,21757
0.4909983633387889,21758
0.49019607843137253,21759
0.4893964110929853,21760
0.48859934853420195,21761
0.4878048780487805,21762
0.48863636363636365,21763
0.4878444084278768,21764
0.48705501618122976,21765
0.4862681744749596,21766
0.4854838709677419,21767
0.4863123993558776,21768
0.4855305466237942,21769
0.48635634028892455,21770
0.4855769230769231,21771
0.4864,21772
0.48562300319488816,21773
0.48484848484848486,21774
0.4856687898089172,21775
0.4848966613672496,21776
0.4857142857142857,21777
0.4865293185419968,21778
0.48575949367088606,21779
0.48657187993680884,21780
0.48580441640378547,21781
0.48503937007874015,21782
0.48427672955974843,21783
0.4835164835164835,21784
0.4843260188087774,21785
0.4835680751173709,21786
0.4828125,21787
0.4836193447737909,21788
0.48286604361370716,21789
0.4821150855365474,21790
0.4829192546583851,21791
0.48372093023255813,21792
0.4845201238390093,21793
0.48377125193199383,21794
0.48302469135802467,21795
0.48382126348228044,21796
0.48307692307692307,21797
0.4823348694316436,21798
0.4831288343558282,21799
0.48238897396630936,21800
0.4831804281345566,21801
0.48396946564885496,21802
0.4847560975609756,21803
0.4840182648401826,21804
0.4848024316109423,21805
0.48558421851289835,21806
0.4863636363636364,21807
0.48714069591527986,21808
0.486404833836858,21809
0.4856711915535445,21810
0.48493975903614456,21811
0.4857142857142857,21812
0.484984984984985,21813
0.48425787106446777,21814
0.48502994011976047,21815
0.484304932735426,21816
0.48507462686567165,21817
0.4843517138599106,21818
0.4851190476190476,21819
0.48588410104011887,21820
0.486646884272997,21821
0.4874074074074074,21822
0.4881656804733728,21823
0.4874446085672083,21824
0.48672566371681414,21825
0.48748159057437407,21826
0.48823529411764705,21827
0.4889867841409692,21828
0.4897360703812317,21829
0.4904831625183016,21830
0.49122807017543857,21831
0.4905109489051095,21832
0.4897959183673469,21833
0.49053857350800584,21834
0.4898255813953488,21835
0.48911465892597966,21836
0.48985507246376814,21837
0.4905933429811867,21838
0.48988439306358383,21839
0.4906204906204906,21840
0.4899135446685879,21841
0.4892086330935252,21842
0.4885057471264368,21843
0.4878048780487805,21844
0.4871060171919771,21845
0.48783977110157367,21846
0.48857142857142855,21847
0.48787446504992865,21848
0.4886039886039886,21849
0.4879089615931721,21850
0.48863636363636365,21851
0.4879432624113475,21852
0.48725212464589235,21853
0.48656294200848654,21854
0.4872881355932203,21855
0.48660084626234135,21856
0.48732394366197185,21857
0.4866385372714487,21858
0.4859550561797753,21859
0.48667601683029454,21860
0.48739495798319327,21861
0.4881118881118881,21862
0.48743016759776536,21863
0.4881450488145049,21864
0.48885793871866295,21865
0.48956884561891517,21866
0.49027777777777776,21867
0.4895977808599168,21868
0.4903047091412742,21869
0.4896265560165975,21870
0.4889502762430939,21871
0.4896551724137931,21872
0.4889807162534435,21873
0.4896836313617607,21874
0.49038461538461536,21875
0.4897119341563786,21876
0.4904109589041096,21877
0.4897400820793434,21878
0.4890710382513661,21879
0.4897680763983629,21880
0.4891008174386921,21881
0.4884353741496599,21882
0.48777173913043476,21883
0.48846675712347354,21884
0.489159891598916,21885
0.489851150202977,21886
0.4905405405405405,21887
0.4898785425101215,21888
0.49056603773584906,21889
0.49125168236877526,21890
0.49193548387096775,21891
0.49261744966442955,21892
0.4932975871313673,21893
0.4926372155287818,21894
0.49331550802139035,21895
0.49265687583444595,21896
0.492,21897
0.49267643142476697,21898
0.4920212765957447,21899
0.49269588313413015,21900
0.493368700265252,21901
0.49271523178807947,21902
0.4933862433862434,21903
0.4940554821664465,21904
0.49340369393139843,21905
0.4927536231884058,21906
0.4934210526315789,21907
0.4940867279894875,21908
0.494750656167979,21909
0.4941022280471822,21910
0.49476439790575916,21911
0.49411764705882355,21912
0.49477806788511747,21913
0.4954367666232073,21914
0.49609375,21915
0.49544863459037713,21916
0.4961038961038961,21917
0.49546044098573283,21918
0.4948186528497409,21919
0.49547218628719275,21920
0.49483204134366926,21921
0.4941935483870968,21922
0.4948453608247423,21923
0.4954954954954955,21924
0.4961439588688946,21925
0.49550706033376124,21926
0.49615384615384617,21927
0.4967989756722151,21928
0.4961636828644501,21929
0.4955300127713921,21930
0.4961734693877551,21931
0.49554140127388535,21932
0.4961832061068702,21933
0.49682337992376113,21934
0.49746192893401014,21935
0.4968314321926489,21936
0.4962025316455696,21937
0.49557522123893805,21938
0.4962121212121212,21939
0.49558638083228246,21940
0.49622166246851385,21941
0.49559748427672956,21942
0.4962311557788945,21943
0.4968632371392723,21944
0.49624060150375937,21945
0.49687108886107634,21946
0.4975,21947
0.49812734082397003,21948
0.49875311720698257,21949
0.49937733499377335,21950
0.5,21951
0.4993788819875776,21952
0.5,21953
0.4993804213135068,21954
0.5,21955
0.49938195302843014,21956
0.5,21957
0.5006165228113441,21958
0.5012315270935961,21959
0.5006150061500615,21960
0.5012285012285013,21961
0.501840490797546,21962
0.5024509803921569,21963
0.5018359853121175,21964
0.5012224938875306,21965
0.5006105006105006,21966
0.501219512195122,21967
0.5018270401948843,21968
0.5024330900243309,21969
0.503037667071689,21970
0.5036407766990292,21971
0.503030303030303,21972
0.5024213075060533,21973
0.5030229746070133,21974
0.5036231884057971,21975
0.5042219541616405,21976
0.5036144578313253,21977
0.5042117930204573,21978
0.5036057692307693,21979
0.503001200480192,21980
0.5023980815347722,21981
0.5017964071856288,21982
0.5023923444976076,21983
0.5029868578255675,21984
0.5023866348448688,21985
0.5029797377830751,21986
0.5035714285714286,21987
0.5029726516052319,21988
0.502375296912114,21989
0.5029655990510083,21990
0.5035545023696683,21991
0.5041420118343195,21992
0.5047281323877069,21993
0.5053128689492326,21994
0.5047169811320755,21995
0.5041224970553593,21996
0.5047058823529412,21997
0.5052878965922444,21998
0.505868544600939,21999
0.5064478311840562,22000
0.5058548009367682,22001
0.5052631578947369,22002
0.5058411214953271,22003
0.5064177362893816,22004
0.506993006993007,22005
0.5075669383003493,22006
0.5069767441860465,22007
0.5063879210220673,22008
0.505800464037123,22009
0.5063731170336037,22010
0.5057870370370371,22011
0.5052023121387283,22012
0.5046189376443418,22013
0.5051903114186851,22014
0.5046082949308756,22015
0.5051783659378596,22016
0.5045977011494253,22017
0.505166475315729,22018
0.5045871559633027,22019
0.5040091638029782,22020
0.5034324942791762,22021
0.504,22022
0.5045662100456622,22023
0.5051311288483467,22024
0.5045558086560364,22025
0.5051194539249146,22026
0.5045454545454545,22027
0.5051078320090806,22028
0.5056689342403629,22029
0.5062287655719139,22030
0.505656108597285,22031
0.5050847457627119,22032
0.5056433408577878,22033
0.5062006764374295,22034
0.5067567567567568,22035
0.5073115860517435,22036
0.5067415730337078,22037
0.5072951739618407,22038
0.507847533632287,22039
0.5072788353863382,22040
0.5067114093959731,22041
0.506145251396648,22042
0.5066964285714286,22043
0.5072463768115942,22044
0.5077951002227171,22045
0.5083426028921023,22046
0.5088888888888888,22047
0.5083240843507214,22048
0.508869179600887,22049
0.5094130675526024,22050
0.5088495575221239,22051
0.5082872928176796,22052
0.5077262693156733,22053
0.5071664829106945,22054
0.5066079295154186,22055
0.506050605060506,22056
0.5065934065934066,22057
0.5060373216245884,22058
0.5054824561403509,22059
0.5060240963855421,22060
0.5054704595185996,22061
0.5049180327868853,22062
0.5054585152838428,22063
0.504907306434024,22064
0.5043572984749455,22065
0.5038084874863983,22066
0.5032608695652174,22067
0.50271444082519,22068
0.5032537960954447,22069
0.5027085590465872,22070
0.5032467532467533,22071
0.5027027027027027,22072
0.5032397408207343,22073
0.5037756202804746,22074
0.5032327586206896,22075
0.503767491926803,22076
0.5032258064516129,22077
0.5037593984962406,22078
0.5042918454935622,22079
0.5048231511254019,22080
0.5042826552462527,22081
0.5048128342245989,22082
0.5042735042735043,22083
0.503735325506937,22084
0.5042643923240938,22085
0.5047923322683706,22086
0.5053191489361702,22087
0.5047821466524973,22088
0.5042462845010616,22089
0.503711558854719,22090
0.5042372881355932,22091
0.5037037037037037,22092
0.5042283298097252,22093
0.5047518479408659,22094
0.5052742616033755,22095
0.5047418335089568,22096
0.5042105263157894,22097
0.5047318611987381,22098
0.5052521008403361,22099
0.5047219307450157,22100
0.5052410901467506,22101
0.5057591623036649,22102
0.5052301255230126,22103
0.5057471264367817,22104
0.5052192066805845,22105
0.5046923879040668,22106
0.5052083333333334,22107
0.5057232049947971,22108
0.5062370062370062,22109
0.505711318795431,22110
0.5062240663900415,22111
0.5067357512953368,22112
0.5062111801242236,22113
0.5067218200620476,22114
0.5072314049586777,22115
0.5077399380804953,22116
0.5072164948453608,22117
0.5066941297631308,22118
0.5061728395061729,22119
0.5066803699897225,22120
0.5071868583162218,22121
0.5076923076923077,22122
0.507172131147541,22123
0.5066530194472876,22124
0.5071574642126789,22125
0.5066394279877426,22126
0.5061224489795918,22127
0.5066258919469928,22128
0.5071283095723014,22129
0.5076297049847406,22130
0.5071138211382114,22131
0.5076142131979695,22132
0.5081135902636917,22133
0.5086119554204661,22134
0.5080971659919028,22135
0.5075834175935288,22136
0.5080808080808081,22137
0.508577194752775,22138
0.5080645161290323,22139
0.5085599194360524,22140
0.5090543259557344,22141
0.5095477386934674,22142
0.5090361445783133,22143
0.5085255767301906,22144
0.5080160320641283,22145
0.5075075075075075,22146
0.508,22147
0.5074925074925075,22148
0.5069860279441117,22149
0.5064805583250249,22150
0.5069721115537849,22151
0.5064676616915423,22152
0.5069582504970179,22153
0.5074478649453823,22154
0.5069444444444444,22155
0.5074331020812686,22156
0.5079207920792079,22157
0.5074183976261127,22158
0.5079051383399209,22159
0.5074037512339585,22160
0.5069033530571992,22161
0.5073891625615764,22162
0.5078740157480315,22163
0.5073746312684366,22164
0.5078585461689588,22165
0.5083415112855741,22166
0.5078431372549019,22167
0.5073457394711067,22168
0.5078277886497065,22169
0.5083088954056696,22170
0.5078125,22171
0.5073170731707317,22172
0.50682261208577,22173
0.50730282375852,22174
0.5077821011673151,22175
0.5072886297376094,22176
0.5067961165048543,22177
0.5063045586808923,22178
0.5058139534883721,22179
0.5062923523717329,22180
0.5058027079303675,22181
0.506280193236715,22182
0.5067567567567568,22183
0.5072324011571842,22184
0.5067437379576107,22185
0.5062560153994226,22186
0.5057692307692307,22187
0.505283381364073,22188
0.5057581573896354,22189
0.5062320230105465,22190
0.5067049808429118,22191
0.507177033492823,22192
0.5066921606118547,22193
0.5071633237822349,22194
0.5076335877862596,22195
0.5071496663489037,22196
0.5076190476190476,22197
0.5080875356803045,22198
0.5076045627376425,22199
0.5071225071225072,22200
0.5075901328273245,22201
0.5080568720379147,22202
0.5085227272727273,22203
0.5089877010406811,22204
0.5085066162570888,22205
0.5089707271010387,22206
0.5084905660377359,22207
0.5080113100848256,22208
0.5084745762711864,22209
0.5079962370649106,22210
0.5084586466165414,22211
0.507981220657277,22212
0.5084427767354597,22213
0.5089034676663543,22214
0.5093632958801498,22215
0.5088868101028999,22216
0.5093457943925234,22217
0.5088702147525677,22218
0.5093283582089553,22219
0.5097856477166822,22220
0.5102420856610801,22221
0.5106976744186047,22222
0.5111524163568774,22223
0.5116063138347261,22224
0.5120593692022264,22225
0.5125115848007414,22226
0.512962962962963,22227
0.5124884366327475,22228
0.5129390018484289,22229
0.5133887349953832,22230
0.5129151291512916,22231
0.5133640552995392,22232
0.5128913443830571,22233
0.5133394664213431,22234
0.5137867647058824,22235
0.5133149678604224,22236
0.5137614678899083,22237
0.5132905591200734,22238
0.5137362637362637,22239
0.5132662397072278,22240
0.5137111517367459,22241
0.5141552511415525,22242
0.5145985401459854,22243
0.5141294439380127,22244
0.5145719489981785,22245
0.5141037306642402,22246
0.5136363636363637,22247
0.5131698455949137,22248
0.5127041742286751,22249
0.5122393472348141,22250
0.5126811594202898,22251
0.5122171945701357,22252
0.5126582278481012,22253
0.5121951219512195,22254
0.5126353790613718,22255
0.5121731289449954,22256
0.5126126126126126,22257
0.5121512151215122,22258
0.512589928057554,22259
0.5121293800539084,22260
0.5116696588868941,22261
0.5112107623318386,22262
0.510752688172043,22263
0.5111906893464637,22264
0.5116279069767442,22265
0.5111706881143878,22266
0.5116071428571428,22267
0.512042818911686,22268
0.5115864527629234,22269
0.5120213713268033,22270
0.5124555160142349,22271
0.512,22272
0.5124333925399644,22273
0.5119787045252884,22274
0.5124113475177305,22275
0.5128432240921169,22276
0.5132743362831859,22277
0.5128205128205128,22278
0.5132508833922261,22279
0.5136804942630185,22280
0.5141093474426808,22281
0.5136563876651983,22282
0.5140845070422535,22283
0.51363236587511,22284
0.5131810193321616,22285
0.5136084284460053,22286
0.5131578947368421,22287
0.5135845749342682,22288
0.5131348511383538,22289
0.5135608048993876,22290
0.513986013986014,22291
0.514410480349345,22292
0.5148342059336823,22293
0.5143853530950305,22294
0.5139372822299652,22295
0.5143603133159269,22296
0.5139130434782608,22297
0.5134665508253693,22298
0.5138888888888888,22299
0.5134431916738942,22300
0.512998266897747,22301
0.5134199134199134,22302
0.513840830449827,22303
0.5142610198789974,22304
0.5138169257340242,22305
0.5142364106988784,22306
0.5146551724137931,22307
0.5150732127476314,22308
0.5146299483648882,22309
0.5141874462596733,22310
0.5137457044673539,22311
0.5133047210300429,22312
0.5137221269296741,22313
0.5141388174807198,22314
0.5136986301369864,22315
0.5132591958939264,22316
0.5136752136752136,22317
0.5132365499573015,22318
0.5127986348122867,22319
0.5132139812446718,22320
0.5127768313458262,22321
0.512340425531915,22322
0.5119047619047619,22323
0.5114698385726423,22324
0.5110356536502547,22325
0.5106022052586938,22326
0.5101694915254237,22327
0.5097375105842507,22328
0.5101522842639594,22329
0.5105663567202029,22330
0.5101351351351351,22331
0.509704641350211,22332
0.5101180438448567,22333
0.5096882898062342,22334
0.51010101010101,22335
0.5105130361648444,22336
0.5109243697478991,22337
0.5104953820319059,22338
0.5109060402684564,22339
0.5104777870913663,22340
0.5108877721943048,22341
0.5104602510460251,22342
0.5108695652173914,22343
0.5112781954887218,22344
0.511686143572621,22345
0.5112593828190158,22346
0.5108333333333334,22347
0.5104079933388843,22348
0.5108153078202995,22349
0.5112219451371571,22350
0.5116279069767442,22351
0.5120331950207468,22352
0.5124378109452736,22353
0.512013256006628,22354
0.5124172185430463,22355
0.5128205128205128,22356
0.5132231404958678,22357
0.5127993393889347,22358
0.5132013201320133,22359
0.5127782357790602,22360
0.5131795716639209,22361
0.5127572016460905,22362
0.5123355263157895,22363
0.5127362366474938,22364
0.5123152709359606,22365
0.5127153404429861,22366
0.5131147540983606,22367
0.5126945126945127,22368
0.5130932896890343,22369
0.5126737530662305,22370
0.5130718954248366,22371
0.5134693877551021,22372
0.5130505709624796,22373
0.5134474327628362,22374
0.5130293159609121,22375
0.5134255492270138,22376
0.5138211382113821,22377
0.5142160844841592,22378
0.5137987012987013,22379
0.51338199513382,22380
0.5129659643435981,22381
0.5133603238866397,22382
0.5137540453074434,22383
0.5141471301535974,22384
0.5145395799676898,22385
0.5141242937853108,22386
0.5145161290322581,22387
0.5141015310233682,22388
0.5136876006441223,22389
0.5132743362831859,22390
0.5136655948553055,22391
0.5140562248995983,22392
0.514446227929374,22393
0.5140336808340016,22394
0.5144230769230769,22395
0.5148118494795837,22396
0.5144,22397
0.5139888089528377,22398
0.5143769968051118,22399
0.5147645650438947,22400
0.5151515151515151,22401
0.5147410358565737,22402
0.5143312101910829,22403
0.5147175815433572,22404
0.514308426073132,22405
0.5146942017474185,22406
0.515079365079365,22407
0.5154639175257731,22408
0.5158478605388273,22409
0.5162311955661124,22410
0.5158227848101266,22411
0.5154150197628459,22412
0.5157977883096366,22413
0.5153906866614049,22414
0.5157728706624606,22415
0.5161544523246651,22416
0.5165354330708661,22417
0.5161290322580645,22418
0.5165094339622641,22419
0.5168892380204242,22420
0.5164835164835165,22421
0.5168627450980392,22422
0.5172413793103449,22423
0.5168363351605325,22424
0.5172143974960877,22425
0.5175918686473807,22426
0.51796875,22427
0.5183450429352069,22428
0.5187207488299532,22429
0.5190958690568979,22430
0.5194704049844237,22431
0.5190661478599222,22432
0.5194401244167963,22433
0.519036519036519,22434
0.5194099378881988,22435
0.5190069821567106,22436
0.5186046511627908,22437
0.5189775367931836,22438
0.5185758513931888,22439
0.5189481825212684,22440
0.5193199381761978,22441
0.518918918918919,22442
0.5185185185185185,22443
0.518118735543562,22444
0.5177195685670262,22445
0.5173210161662818,22446
0.5169230769230769,22447
0.5172943889315911,22448
0.5176651305683564,22449
0.5180353031465849,22450
0.5176380368098159,22451
0.518007662835249,22452
0.5183767228177641,22453
0.5187452180566182,22454
0.518348623853211,22455
0.5187165775401069,22456
0.5190839694656488,22457
0.5194508009153318,22458
0.5190548780487805,22459
0.5186595582635186,22460
0.5182648401826484,22461
0.5178707224334601,22462
0.5174772036474165,22463
0.5178435839028094,22464
0.5174506828528073,22465
0.5170583775587566,22466
0.5174242424242425,22467
0.5170325510976533,22468
0.516641452344932,22469
0.5170068027210885,22470
0.5166163141993958,22471
0.5169811320754717,22472
0.5173453996983409,22473
0.517709118311982,22474
0.5180722891566265,22475
0.5184349134687735,22476
0.5180451127819549,22477
0.5184072126220887,22478
0.5187687687687688,22479
0.5183795948987246,22480
0.5179910044977512,22481
0.5176029962546816,22482
0.5179640718562875,22483
0.5175766641735228,22484
0.5179372197309418,22485
0.5175504107542942,22486
0.5171641791044777,22487
0.5167785234899329,22488
0.5171385991058122,22489
0.5174981384959046,22490
0.5171130952380952,22491
0.516728624535316,22492
0.5163447251114414,22493
0.5167037861915368,22494
0.5170623145400594,22495
0.5166790214974055,22496
0.5170370370370371,22497
0.5173945225758697,22498
0.5177514792899408,22499
0.5181079083518108,22500
0.518463810930576,22501
0.5180811808118081,22502
0.5184365781710915,22503
0.5187914517317612,22504
0.5191458026509573,22505
0.5194996320824136,22506
0.5191176470588236,22507
0.5194709772226305,22508
0.5198237885462555,22509
0.5201760821716801,22510
0.5197947214076246,22511
0.5194139194139195,22512
0.5197657393850659,22513
0.5193855157278713,22514
0.5197368421052632,22515
0.5193571950328707,22516
0.5197080291970803,22517
0.5200583515681984,22518
0.5196793002915452,22519
0.5200291332847778,22520
0.519650655021834,22521
0.52,22522
0.5203488372093024,22523
0.5206971677559913,22524
0.5203193033381712,22525
0.5199419869470631,22526
0.5202898550724637,22527
0.5199131064446053,22528
0.5202604920405209,22529
0.519884309472162,22530
0.5202312138728323,22531
0.51985559566787,22532
0.5194805194805194,22533
0.5198269646719539,22534
0.5201729106628242,22535
0.5197984161267099,22536
0.5194244604316547,22537
0.5190510424155284,22538
0.5193965517241379,22539
0.5197415649676956,22540
0.5200860832137734,22541
0.5197132616487455,22542
0.5200573065902578,22543
0.5196850393700787,22544
0.51931330472103,22545
0.5196568977841315,22546
0.52,22547
0.5196288365453248,22548
0.5192582025677603,22549
0.5196008553100498,22550
0.51994301994302,22551
0.5202846975088968,22552
0.5199146514935988,22553
0.5202558635394456,22554
0.5205965909090909,22555
0.5209368346344926,22556
0.5212765957446809,22557
0.5216158752657689,22558
0.5212464589235127,22559
0.521585279547063,22560
0.521923620933522,22561
0.5222614840989399,22562
0.5225988700564972,22563
0.5222300635144672,22564
0.5218617771509168,22565
0.5214940098661028,22566
0.5218309859154929,22567
0.5214637579169599,22568
0.5210970464135021,22569
0.5207308503162333,22570
0.5203651685393258,22571
0.52,22572
0.520336605890603,22573
0.5199719691660827,22574
0.5203081232492998,22575
0.5199440167949615,22576
0.5195804195804196,22577
0.5192173305380853,22578
0.5195530726256983,22579
0.5191905094207956,22580
0.5188284518828452,22581
0.5184668989547039,22582
0.5188022284122563,22583
0.5184411969380655,22584
0.5180806675938804,22585
0.5184155663655317,22586
0.51875,22587
0.5183900069396252,22588
0.5187239944521498,22589
0.5190575190575191,22590
0.5193905817174516,22591
0.5197231833910034,22592
0.5200553250345782,22593
0.520387007601935,22594
0.5207182320441989,22595
0.5210489993098689,22596
0.5213793103448275,22597
0.5217091660923501,22598
0.522038567493113,22599
0.5216792842395045,22600
0.5220082530949106,22601
0.5216494845360825,22602
0.5212912087912088,22603
0.5216197666437886,22604
0.5219478737997256,22605
0.5215901302261823,22606
0.5212328767123288,22607
0.5208761122518822,22608
0.521203830369357,22609
0.5208475734791524,22610
0.5204918032786885,22611
0.5208191126279863,22612
0.5204638472032742,22613
0.520109066121336,22614
0.5197547683923706,22615
0.5200816882232812,22616
0.5197278911564626,22617
0.5193745751189667,22618
0.5190217391304348,22619
0.5186693822131704,22620
0.5183175033921302,22621
0.5179661016949153,22622
0.5182926829268293,22623
0.5186188219363574,22624
0.5182679296346414,22625
0.5179175118323192,22626
0.5175675675675676,22627
0.5172180958811614,22628
0.5175438596491229,22629
0.5171948752528658,22630
0.5168463611859838,22631
0.5171717171717172,22632
0.5174966352624495,22633
0.5178211163416274,22634
0.5181451612903226,22635
0.5184687709872398,22636
0.5181208053691275,22637
0.5184439973172368,22638
0.5180965147453083,22639
0.5184192900200938,22640
0.5180722891566265,22641
0.5177257525083612,22642
0.518048128342246,22643
0.518370073480294,22644
0.5186915887850467,22645
0.5190126751167445,22646
0.5193333333333333,22647
0.5189873417721519,22648
0.5186418109187749,22649
0.5182967398536261,22650
0.5179521276595744,22651
0.5176079734219269,22652
0.5172642762284196,22653
0.5169210351692104,22654
0.5172413793103449,22655
0.5168986083499006,22656
0.5172185430463576,22657
0.5175380542686963,22658
0.5171957671957672,22659
0.5168539325842697,22660
0.5171730515191546,22661
0.5174917491749175,22662
0.5178100263852242,22663
0.5174686882003955,22664
0.5171277997364954,22665
0.5167873601053324,22666
0.5171052631578947,22667
0.517422748191979,22668
0.5170827858081471,22669
0.5167432698621143,22670
0.5170603674540682,22671
0.5173770491803279,22672
0.5176933158584535,22673
0.5173542894564506,22674
0.5170157068062827,22675
0.5173315892740353,22676
0.5169934640522876,22677
0.5173089483997387,22678
0.5176240208877284,22679
0.5172863666014351,22680
0.5176010430247718,22681
0.5179153094462541,22682
0.5182291666666666,22683
0.5185426154847105,22684
0.5188556566970091,22685
0.5191682910981157,22686
0.5194805194805194,22687
0.5191434133679429,22688
0.5188067444876784,22689
0.5184705119896306,22690
0.5181347150259067,22691
0.5184466019417475,22692
0.51875808538163,22693
0.5184227537168714,22694
0.5180878552971576,22695
0.5183989670755326,22696
0.5180645161290323,22697
0.5183752417794971,22698
0.5180412371134021,22699
0.5183515775917579,22700
0.5186615186615187,22701
0.5189710610932476,22702
0.5186375321336761,22703
0.5183044315992292,22704
0.5186136071887034,22705
0.5189223861449648,22706
0.5185897435897436,22707
0.5188981422165279,22708
0.5192061459667093,22709
0.5195137555982086,22710
0.5198209718670077,22711
0.5194888178913738,22712
0.5191570881226054,22713
0.5194639438417358,22714
0.5197704081632653,22715
0.5194391332058637,22716
0.5191082802547771,22717
0.5187778485041374,22718
0.5190839694656488,22719
0.5187539732994279,22720
0.5190597204574333,22721
0.5193650793650794,22722
0.5196700507614214,22723
0.5199746353836399,22724
0.5202788339670469,22725
0.5199493350221659,22726
0.520253164556962,22727
0.5205566097406704,22728
0.5202275600505689,22729
0.5205306380290587,22730
0.5202020202020202,22731
0.5198738170347004,22732
0.5201765447667087,22733
0.520478890989288,22734
0.5201511335012594,22735
0.5198237885462555,22736
0.520125786163522,22737
0.5197988686360779,22738
0.5201005025125628,22739
0.519774011299435,22740
0.5200752823086575,22741
0.5203761755485894,22742
0.5200501253132832,22743
0.5203506574827802,22744
0.5206508135168961,22745
0.5209505941213258,22746
0.52125,22747
0.5215490318550906,22748
0.521223470661673,22749
0.5208983156581409,22750
0.5211970074812967,22751
0.5214953271028038,22752
0.5217932752179327,22753
0.522090852520224,22754
0.5223880597014925,22755
0.5226848974518334,22756
0.522360248447205,22757
0.5220360024829298,22758
0.521712158808933,22759
0.5220086794792312,22760
0.5223048327137546,22761
0.5226006191950464,22762
0.5222772277227723,22763
0.5219542362399505,22764
0.5222496909765142,22765
0.5225447807288449,22766
0.5228395061728395,22767
0.5231338679827268,22768
0.5234278668310728,22769
0.5237215033887862,22770
0.5240147783251231,22771
0.5243076923076923,22772
0.5239852398523985,22773
0.5242778119237861,22774
0.523955773955774,22775
0.5242480049109883,22776
0.5245398773006135,22777
0.5242182709993869,22778
0.5245098039215687,22779
0.524188609920392,22780
0.5244798041615667,22781
0.5247706422018349,22782
0.5250611246943765,22783
0.5247403787416005,22784
0.5244200244200244,22785
0.5241000610128127,22786
0.524390243902439,22787
0.5246800731261426,22788
0.5243605359317906,22789
0.5246500304321363,22790
0.5249391727493917,22791
0.5246200607902736,22792
0.5243013365735115,22793
0.5239829993928354,22794
0.5242718446601942,22795
0.5245603395997575,22796
0.5248484848484849,22797
0.5245305875227135,22798
0.5242130750605327,22799
0.5238959467634604,22800
0.5241837968561064,22801
0.5244712990936556,22802
0.5247584541062802,22803
0.5250452625226313,22804
0.5247285886610374,22805
0.5244122965641953,22806
0.5240963855421686,22807
0.5237808549066827,22808
0.5234657039711191,22809
0.5231509320505111,22810
0.5234375,22811
0.5231231231231231,22812
0.5228091236494598,22813
0.52249550089982,22814
0.5227817745803357,22815
0.5224685440383463,22816
0.5221556886227545,22817
0.5218432076600837,22818
0.5221291866028708,22819
0.5224148236700538,22820
0.522700119474313,22821
0.5223880597014925,22822
0.522673031026253,22823
0.5229576624925462,22824
0.5226460071513707,22825
0.5223347230494342,22826
0.5220238095238096,22827
0.5217132659131469,22828
0.5219976218787158,22829
0.5222816399286988,22830
0.5219714964370546,22831
0.5222551928783383,22832
0.5225385527876631,22833
0.5222288085358625,22834
0.5219194312796208,22835
0.5216104203670812,22836
0.5218934911242603,22837
0.5221762270845653,22838
0.5224586288416075,22839
0.5221500295333728,22840
0.5224321133412042,22841
0.5227138643067847,22842
0.5229952830188679,22843
0.5232763700648203,22844
0.5235571260306242,22845
0.5238375515008828,22846
0.5235294117647059,22847
0.5238095238095238,22848
0.5235017626321974,22849
0.5237815619495009,22850
0.5240610328638498,22851
0.5243401759530791,22852
0.5240328253223916,22853
0.523725834797891,22854
0.5234192037470726,22855
0.5231129315389117,22856
0.5233918128654971,22857
0.5230859146697837,22858
0.5227803738317757,22859
0.5224751897256276,22860
0.5227537922987164,22861
0.5224489795918368,22862
0.5221445221445221,22863
0.5218404193360513,22864
0.5215366705471478,22865
0.5218150087260035,22866
0.5215116279069767,22867
0.5217896571760604,22868
0.521486643437863,22869
0.5211839814277424,22870
0.5208816705336426,22871
0.5205797101449275,22872
0.5208574739281576,22873
0.5211349160393747,22874
0.5208333333333334,22875
0.5211104684788895,22876
0.5213872832369942,22877
0.5216637781629117,22878
0.5213625866050808,22879
0.5210617426428159,22880
0.5207612456747405,22881
0.5210374639769453,22882
0.5207373271889401,22883
0.5210132412204951,22884
0.5207134637514385,22885
0.5209890741805635,22886
0.5206896551724138,22887
0.520964962665135,22888
0.5206659012629162,22889
0.5203671830177854,22890
0.5206422018348624,22891
0.520916905444126,22892
0.5211912943871707,22893
0.5214653692043503,22894
0.5217391304347826,22895
0.5214408233276158,22896
0.5217142857142857,22897
0.5214163335237008,22898
0.521689497716895,22899
0.5213918996006845,22900
0.5210946408209807,22901
0.5213675213675214,22902
0.5210706150341685,22903
0.5213431986340353,22904
0.5210466439135382,22905
0.5213189312109153,22906
0.5210227272727272,22907
0.5212947189097104,22908
0.5209988649262202,22909
0.5207033465683494,22910
0.5209750566893424,22911
0.5212464589235127,22912
0.5209513023782559,22913
0.5206564799094511,22914
0.5209276018099548,22915
0.5206331260599208,22916
0.5203389830508475,22917
0.5206098249576511,22918
0.5208803611738149,22919
0.5211505922165821,22920
0.5208568207440811,22921
0.5205633802816901,22922
0.5202702702702703,22923
0.5205402363534046,22924
0.5202474690663667,22925
0.5205171444631815,22926
0.5202247191011236,22927
0.5204941044357103,22928
0.5202020202020202,22929
0.5204711160964667,22930
0.5207399103139013,22931
0.5210084033613446,22932
0.5212765957446809,22933
0.5209848908785675,22934
0.5206935123042505,22935
0.5204024594745668,22936
0.5201117318435754,22937
0.519821328866555,22938
0.51953125,22939
0.5192414947016174,22940
0.5195094760312151,22941
0.5197771587743732,22942
0.5200445434298441,22943
0.5203116304952699,22944
0.5205784204671857,22945
0.5202890494719289,22946
0.5205555555555555,22947
0.5208217656857301,22948
0.521087680355161,22949
0.5213533000554631,22950
0.5210643015521065,22951
0.5213296398891967,22952
0.521594684385382,22953
0.5218594355285002,22954
0.5221238938053098,22955
0.5218352681039248,22956
0.5220994475138122,22957
0.5218111540585312,22958
0.522075055187638,22959
0.5217870932156646,22960
0.5220507166482911,22961
0.521763085399449,22962
0.5220264317180616,22963
0.5217391304347826,22964
0.522002200220022,22965
0.5217152281473337,22966
0.5214285714285715,22967
0.5216913783635365,22968
0.5214050493962679,22969
0.5211190345584202,22970
0.5208333333333334,22971
0.5205479452054794,22972
0.5208105147864184,22973
0.5205254515599343,22974
0.5207877461706784,22975
0.5210497539639147,22976
0.5207650273224044,22977
0.5210267613326052,22978
0.5207423580786026,22979
0.5210038188761593,22980
0.5212649945474372,22981
0.5209809264305177,22982
0.5212418300653595,22983
0.5209580838323353,22984
0.5212187159956474,22985
0.521479064709081,22986
0.5217391304347826,22987
0.5214557305812059,22988
0.5211726384364821,22989
0.5208898534997287,22990
0.5211496746203904,22991
0.5214092140921409,22992
0.5211267605633803,22993
0.5208446128857607,22994
0.5205627705627706,22995
0.5208220659816117,22996
0.5210810810810811,22997
0.5207995678011885,22998
0.5205183585313174,22999
0.5202374527792768,23000
0.5199568500539374,23001
0.5202156334231806,23002
0.5199353448275862,23003
0.5201938610662359,23004
0.5204520990312164,23005
0.5207100591715976,23006
0.5204301075268817,23007
0.5206878022568512,23008
0.5204081632653061,23009
0.5206655931293612,23010
0.5209227467811158,23011
0.5211796246648793,23012
0.5209003215434084,23013
0.5211569362613819,23014
0.5214132762312634,23015
0.521669341894061,23016
0.5213903743315508,23017
0.5216461785141635,23018
0.5213675213675214,23019
0.5210891617725574,23020
0.5213447171824973,23021
0.5216,23022
0.5218550106609808,23023
0.5221097496004262,23024
0.5223642172523961,23025
0.5220862160723789,23026
0.5223404255319148,23027
0.5225943646996278,23028
0.5228480340063762,23029
0.5225703664365374,23030
0.522823779193206,23031
0.5225464190981433,23032
0.5222693531283139,23033
0.5225225225225225,23034
0.5222457627118644,23035
0.5219692959237692,23036
0.5216931216931217,23037
0.5219460602855632,23038
0.5221987315010571,23039
0.5219228737453777,23040
0.5216473072861668,23041
0.5218997361477573,23042
0.5221518987341772,23043
0.522403795466526,23044
0.5226554267650158,23045
0.5223802001053186,23046
0.5226315789473684,23047
0.5228826933193056,23048
0.5226077812828601,23049
0.5228586442459274,23050
0.523109243697479,23051
0.5233595800524934,23052
0.5230849947534103,23053
0.5228106974305191,23054
0.5225366876310272,23055
0.5227867993713986,23056
0.5230366492146596,23057
0.5232862375719518,23058
0.5235355648535565,23059
0.5232618923157345,23060
0.5229885057471264,23061
0.5232375979112271,23062
0.5234864300626305,23063
0.5232133541992697,23064
0.5234619395203337,23065
0.5231891610213653,23066
0.5234375,23067
0.5231650182196772,23068
0.5234131113423517,23069
0.5231409256370255,23070
0.5228690228690228,23071
0.5225974025974026,23072
0.5228452751817237,23073
0.5225739491437468,23074
0.5228215767634855,23075
0.5230689476412649,23076
0.5233160621761658,23077
0.5235629207664423,23078
0.5238095238095238,23079
0.5235385411277806,23080
0.5232678386763185,23081
0.5235142118863049,23082
0.5237603305785123,23083
0.5234899328859061,23084
0.5237358101135191,23085
0.5239814337287262,23086
0.5237113402061856,23087
0.52344152498712,23088
0.523686920700309,23089
0.5239320638188368,23090
0.5241769547325102,23091
0.5244215938303342,23092
0.5246659815005139,23093
0.5249101181304571,23094
0.5246406570841889,23095
0.5243714725500257,23096
0.5241025641025641,23097
0.5238339313172732,23098
0.5235655737704918,23099
0.5232974910394266,23100
0.5230296827021494,23101
0.5232736572890025,23102
0.5230061349693251,23103
0.5232498722534492,23104
0.5234933605720122,23105
0.5237366003062787,23106
0.523469387755102,23107
0.52371239163692,23108
0.5239551478083588,23109
0.5241976566479878,23110
0.5239307535641547,23111
0.5241730279898219,23112
0.5239064089521872,23113
0.5236400610066091,23114
0.5233739837398373,23115
0.5231081767394616,23116
0.5233502538071066,23117
0.5230847285641806,23118
0.5233265720081136,23119
0.5230613279270147,23120
0.5233029381965553,23121
0.5235443037974683,23122
0.5237854251012146,23123
0.5240263024785028,23124
0.5242669362992922,23125
0.5245073269327943,23126
0.5247474747474747,23127
0.5244825845532559,23128
0.5242179616548941,23129
0.5239536056480081,23130
0.5241935483870968,23131
0.5239294710327456,23132
0.5241691842900302,23133
0.5244086562657272,23134
0.5241448692152918,23135
0.5243841126194068,23136
0.5241206030150753,23137
0.5238573581115018,23138
0.5240963855421686,23139
0.5243351731058705,23140
0.5240722166499499,23141
0.5243107769423558,23142
0.5240480961923848,23143
0.5237856785177767,23144
0.524024024024024,23145
0.5237618809404703,23146
0.524,23147
0.5237381309345327,23148
0.5239760239760239,23149
0.5242136794807788,23150
0.5239520958083832,23151
0.5241895261845386,23152
0.5239282153539382,23153
0.5241654210264076,23154
0.5239043824701195,23155
0.5241413638626182,23156
0.5243781094527363,23157
0.5241173545499751,23158
0.5243538767395626,23159
0.524093392945852,23160
0.5238331678252235,23161
0.5235732009925558,23162
0.5233134920634921,23163
0.5235498264749628,23164
0.5232903865213082,23165
0.5230312035661219,23166
0.5227722772277228,23167
0.5225136071251856,23168
0.5222551928783383,23169
0.5224913494809689,23170
0.5227272727272727,23171
0.522962962962963,23172
0.5231984205330701,23173
0.5234336457819437,23174
0.5236686390532544,23175
0.5239034006899951,23176
0.5236453201970444,23177
0.5238798621368784,23178
0.5241141732283464,23179
0.5238563698967044,23180
0.523598820058997,23181
0.5238329238329238,23182
0.5240667976424361,23183
0.5238095238095238,23184
0.5240431795878312,23185
0.5242766061794998,23186
0.5245098039215687,23187
0.5242528172464478,23188
0.5244857982370226,23189
0.5242290748898678,23190
0.523972602739726,23191
0.5242053789731052,23192
0.5239491691104594,23193
0.524181729360039,23194
0.5244140625,23195
0.52464616886286,23196
0.524390243902439,23197
0.5246221355436372,23198
0.5243664717348928,23199
0.5241110569897711,23200
0.5238558909444986,23201
0.5240875912408759,23202
0.52431906614786,23203
0.5245503159941662,23204
0.5242954324586978,23205
0.5245264691597863,23206
0.5242718446601942,23207
0.5240174672489083,23208
0.5237633365664404,23209
0.523509452253999,23210
0.5232558139534884,23211
0.5230024213075061,23212
0.5232333010648597,23213
0.5234639574262215,23214
0.52321083172147,23215
0.5229579507008216,23216
0.5231884057971015,23217
0.5234186383389667,23218
0.5231660231660231,23219
0.5233960443801254,23220
0.5231436837029894,23221
0.5233734939759036,23222
0.5236030828516378,23223
0.523832450649976,23224
0.5240615976900866,23225
0.5238095238095238,23226
0.5235576923076923,23227
0.5237866410379625,23228
0.5235350624399616,23229
0.5237638022083534,23230
0.5235124760076776,23231
0.5237410071942447,23232
0.5239693192713327,23233
0.5241974125539052,23234
0.5244252873563219,23235
0.524174246050742,23236
0.5244019138755981,23237
0.5241511238641798,23238
0.5243785850860421,23239
0.524605828953655,23240
0.5248328557784145,23241
0.5250596658711217,23242
0.5248091603053435,23243
0.5245588936576061,23244
0.5247855100095329,23245
0.5250119104335398,23246
0.5247619047619048,23247
0.5249881009043312,23248
0.5247383444338725,23249
0.5249643366619116,23250
0.5251901140684411,23251
0.5249406175771971,23252
0.5246913580246914,23253
0.5249169435215947,23254
0.5251423149905123,23255
0.5253674727358938,23256
0.5251184834123223,23257
0.5248697299857887,23258
0.525094696969697,23259
0.5253194510175107,23260
0.5250709555345316,23261
0.524822695035461,23262
0.5245746691871456,23263
0.5247992442135097,23264
0.5245514636449481,23265
0.5247758376592733,23266
0.525,23267
0.5252239509665252,23268
0.5254476908576814,23269
0.5256712199717382,23270
0.5254237288135594,23271
0.5251764705882352,23272
0.5249294449670743,23273
0.5246826516220028,23274
0.5249060150375939,23275
0.5246594645373415,23276
0.5244131455399061,23277
0.5246363209760676,23278
0.524859287054409,23279
0.5246132208157525,23280
0.5248359887535146,23281
0.5245901639344263,23282
0.524812734082397,23283
0.5245671502105755,23284
0.5243217960710945,23285
0.5240766713417485,23286
0.5242990654205607,23287
0.5240541802895843,23288
0.5238095238095238,23289
0.5235650956602893,23290
0.5237873134328358,23291
0.5235431235431235,23292
0.5232991612301957,23293
0.5235211923614346,23294
0.5232774674115456,23295
0.5234993020009306,23296
0.5237209302325582,23297
0.5239423523942353,23298
0.5236988847583643,23299
0.5239201114723642,23300
0.5241411327762303,23301
0.5243619489559165,23302
0.5241187384044527,23303
0.5238757533611498,23304
0.5240963855421686,23305
0.523853635942566,23306
0.5236111111111111,23307
0.5238315594632115,23308
0.5240518038852914,23309
0.5242718446601942,23310
0.5240295748613678,23311
0.5237875288683603,23312
0.5235457063711911,23313
0.5233041070604523,23314
0.5235239852398524,23315
0.5237436606731213,23316
0.5235023041474655,23317
0.5237217871948411,23318
0.5234806629834254,23319
0.5236999539806719,23320
0.5239190432382704,23321
0.5236781609195402,23322
0.5234375,23323
0.5236564079007809,23324
0.5238751147842057,23325
0.5240936209270307,23326
0.5238532110091743,23327
0.5240715268225584,23328
0.5238313473877176,23329
0.5235913879981676,23330
0.5238095238095238,23331
0.5240274599542334,23332
0.5242451967063129,23333
0.52400548696845,23334
0.5237659963436929,23335
0.5235267245317496,23336
0.5237442922374429,23337
0.5235052487448654,23338
0.5232664233576643,23339
0.5230278157774738,23340
0.5227894257064722,23341
0.5230068337129841,23342
0.523224043715847,23343
0.5234410559854347,23344
0.5232029117379435,23345
0.5234197362437472,23346
0.5231818181818182,23347
0.5229441163107679,23348
0.5227066303360581,23349
0.5224693599636859,23350
0.5226860254083484,23351
0.5224489795918368,23352
0.5222121486854034,23353
0.5224286361576801,23354
0.5221920289855072,23355
0.5219556360344048,23356
0.5221719457013575,23357
0.5223880597014925,23358
0.5221518987341772,23359
0.5219159511974695,23360
0.521680216802168,23361
0.5218961625282167,23362
0.5216606498194946,23363
0.521425349571493,23364
0.521190261496844,23365
0.5214060387561965,23366
0.5211711711711712,23367
0.5209365150832959,23368
0.5207020702070208,23369
0.5209176788124157,23370
0.5211330935251799,23371
0.5213483146067416,23372
0.5215633423180593,23373
0.5217781769196228,23374
0.5219928186714542,23375
0.522207267833109,23376
0.5219730941704036,23377
0.5221873599282832,23378
0.5224014336917563,23379
0.522615315718764,23380
0.5228290062667861,23381
0.5230425055928412,23382
0.5232558139534884,23383
0.5230219043361645,23384
0.5227882037533512,23385
0.5230013398838768,23386
0.5232142857142857,23387
0.5229808121374386,23388
0.5231935771632471,23389
0.5229603209986625,23390
0.5231729055258467,23391
0.5229398663697105,23392
0.5227070347284061,23393
0.522919448153093,23394
0.5226868327402135,23395
0.5228990662516674,23396
0.5226666666666666,23397
0.5228787205686362,23398
0.5230905861456483,23399
0.5233022636484687,23400
0.5235137533274179,23401
0.5232815964523282,23402
0.5230496453900709,23403
0.5232609658839167,23404
0.5230292294065545,23405
0.5232403718459495,23406
0.5230088495575221,23407
0.5227775320654577,23408
0.5229885057471264,23409
0.5231992929739284,23410
0.5234098939929329,23411
0.5231788079470199,23412
0.5229479258605472,23413
0.5227172474636083,23414
0.5229276895943563,23415
0.5231379462318202,23416
0.5233480176211454,23417
0.5235579040070454,23418
0.5237676056338029,23419
0.5239771227452705,23420
0.5241864555848724,23421
0.5243956043956044,23422
0.5246045694200352,23423
0.5248133509003075,23424
0.5250219490781387,23425
0.5247915752523037,23426
0.525,23427
0.5247698377904428,23428
0.5249780893952674,23429
0.5247481384143671,23430
0.5249562171628721,23431
0.52472647702407,23432
0.5244969378827646,23433
0.524704853519895,23434
0.5244755244755245,23435
0.5242463958060288,23436
0.5240174672489083,23437
0.5237887385421214,23438
0.5239965095986039,23439
0.5237679895333625,23440
0.5239755884917175,23441
0.5237472766884531,23442
0.5235191637630662,23443
0.523291249455812,23444
0.5234986945169713,23445
0.5232709873858199,23446
0.5230434782608696,23447
0.5232507605388962,23448
0.5234578627280626,23449
0.5236647850629613,23450
0.5238715277777778,23451
0.5240780911062907,23452
0.5242844752818734,23453
0.5240572171651495,23454
0.524263431542461,23455
0.5240363793850151,23456
0.5238095238095238,23457
0.5235828645607962,23458
0.523356401384083,23459
0.5231301340250757,23460
0.5233362143474503,23461
0.5231101511879049,23462
0.5228842832469776,23463
0.5226586102719033,23464
0.5228645383951682,23465
0.523070288917637,23466
0.5232758620689655,23467
0.5230504093063335,23468
0.5232558139534884,23469
0.5234610417563496,23470
0.5236660929432013,23471
0.5238709677419355,23472
0.523645743766122,23473
0.5234207133648474,23474
0.5231958762886598,23475
0.523400601116359,23476
0.5236051502145923,23477
0.5238095238095238,23478
0.5235849056603774,23479
0.5237891127303901,23480
0.523993144815767,23481
0.5241970021413276,23482
0.5244006849315068,23483
0.5246041934103551,23484
0.5243798118049615,23485
0.5245831551945276,23486
0.5247863247863248,23487
0.5249893208030756,23488
0.5247651579846285,23489
0.5249679897567221,23490
0.5251706484641638,23491
0.5253731343283582,23492
0.525149190110827,23493
0.5249254367277375,23494
0.524701873935264,23495
0.5244785014899958,23496
0.5242553191489362,23497
0.5240323266695024,23498
0.5242346938775511,23499
0.5244368890777731,23500
0.5246389124893798,23501
0.524416135881104,23502
0.5241935483870968,23503
0.5239711497666525,23504
0.5237489397794741,23505
0.5239508266214498,23506
0.5241525423728813,23507
0.5243540872511647,23508
0.5245554614733277,23509
0.5247566652560305,23510
0.5249576988155669,23511
0.5251585623678647,23512
0.5249366018596788,23513
0.5247148288973384,23514
0.5244932432432432,23515
0.5242718446601942,23516
0.5244725738396624,23517
0.5242513707296499,23518
0.5240303541315345,23519
0.5242309313105773,23520
0.5244313395113732,23521
0.5246315789473684,23522
0.5248316498316499,23523
0.5250315523769458,23524
0.5252312867956266,23525
0.5254308532997057,23526
0.5256302521008404,23527
0.5258294834103318,23528
0.5256087321578505,23529
0.5258078052874527,23530
inf,23531
0.0,23532
0.0,23533
0.3333333333333333,23534
0.5,23535
0.6,23536
0.6666666666666666,23537
0.5714285714285714,23538
0.625,23539
0.6666666666666666,23540
0.7,23541
0.6363636363636364,23542
0.5833333333333334,23543
0.5384615384615384,23544
0.5714285714285714,23545
0.6,23546
0.625,23547
0.5882352941176471,23548
0.5555555555555556,23549
0.5789473684210527,23550
0.55,23551
0.5238095238095238,23552
0.5,23553
0.4782608695652174,23554
0.5,23555
0.52,23556
0.5384615384615384,23557
0.5555555555555556,23558
0.5714285714285714,23559
0.5517241379310345,23560
0.5666666666666667,23561
0.5806451612903226,23562
0.59375,23563
0.6060606060606061,23564
0.6176470588235294,23565
0.6285714285714286,23566
0.6388888888888888,23567
0.6216216216216216,23568
0.6052631578947368,23569
0.5897435897435898,23570
0.6,23571
0.6097560975609756,23572
0.6190476190476191,23573
0.627906976744186,23574
0.6363636363636364,23575
0.6444444444444445,23576
0.6304347826086957,23577
0.6382978723404256,23578
0.6458333333333334,23579
0.6530612244897959,23580
0.66,23581
0.6470588235294118,23582
0.6346153846153846,23583
0.6226415094339622,23584
0.6111111111111112,23585
0.6181818181818182,23586
0.625,23587
0.6140350877192983,23588
0.6206896551724138,23589
0.6101694915254238,23590
0.6166666666666667,23591
0.6065573770491803,23592
0.5967741935483871,23593
0.6031746031746031,23594
0.609375,23595
0.6,23596
0.6060606060606061,23597
0.5970149253731343,23598
0.6029411764705882,23599
0.6086956521739131,23600
0.6,23601
0.6056338028169014,23602
0.5972222222222222,23603
0.589041095890411,23604
0.5945945945945946,23605
0.5866666666666667,23606
0.5789473684210527,23607
0.5714285714285714,23608
0.5769230769230769,23609
0.569620253164557,23610
0.575,23611
0.5802469135802469,23612
0.573170731707317,23613
0.5662650602409639,23614
0.5714285714285714,23615
0.5647058823529412,23616
0.5697674418604651,23617
0.5632183908045977,23618
0.5568181818181818,23619
0.550561797752809,23620
0.5555555555555556,23621
0.5494505494505495,23622
0.5434782608695652,23623
0.5483870967741935,23624
0.5531914893617021,23625
0.5578947368421052,23626
0.5625,23627
0.5567010309278351,23628
0.5612244897959183,23629
0.5555555555555556,23630
0.56,23631
0.5643564356435643,23632
0.5686274509803921,23633
0.5728155339805825,23634
0.5769230769230769,23635
0.580952380952381,23636
0.5849056603773585,23637
0.5887850467289719,23638
0.5833333333333334,23639
0.5779816513761468,23640
0.5727272727272728,23641
0.5765765765765766,23642
0.5803571428571429,23643
0.5752212389380531,23644
0.5701754385964912,23645
0.5739130434782609,23646
0.5689655172413793,23647
0.5641025641025641,23648
0.5677966101694916,23649
0.5714285714285714,23650
0.575,23651
0.5702479338842975,23652
0.5655737704918032,23653
0.5609756097560976,23654
0.5645161290322581,23655
0.568,23656
0.5714285714285714,23657
0.5669291338582677,23658
0.5703125,23659
0.5736434108527132,23660
0.5692307692307692,23661
0.5725190839694656,23662
0.5757575757575758,23663
0.5789473684210527,23664
0.582089552238806,23665
0.5851851851851851,23666
0.5882352941176471,23667
0.583941605839416,23668
0.5797101449275363,23669
0.5827338129496403,23670
0.5857142857142857,23671
0.5815602836879432,23672
0.5774647887323944,23673
0.5734265734265734,23674
0.5763888888888888,23675
0.5793103448275863,23676
0.5821917808219178,23677
0.5850340136054422,23678
0.5878378378378378,23679
0.5838926174496645,23680
0.5866666666666667,23681
0.5894039735099338,23682
0.5921052631578947,23683
0.5882352941176471,23684
0.5844155844155844,23685
0.5870967741935483,23686
0.5897435897435898,23687
0.5859872611464968,23688
0.5822784810126582,23689
0.5786163522012578,23690
0.58125,23691
0.577639751552795,23692
0.5740740740740741,23693
0.5705521472392638,23694
0.573170731707317,23695
0.5696969696969697,23696
0.5662650602409639,23697
0.562874251497006,23698
0.5654761904761905,23699
0.5680473372781065,23700
0.5705882352941176,23701
0.5672514619883041,23702
0.563953488372093,23703
0.5664739884393064,23704
0.5632183908045977,23705
0.56,23706
0.5625,23707
0.5649717514124294,23708
0.5617977528089888,23709
0.5642458100558659,23710
0.5611111111111111,23711
0.56353591160221,23712
0.5604395604395604,23713
0.5628415300546448,23714
0.5597826086956522,23715
0.5567567567567567,23716
0.5591397849462365,23717
0.5614973262032086,23718
0.5585106382978723,23719
0.5555555555555556,23720
0.5526315789473685,23721
0.5549738219895288,23722
0.5520833333333334,23723
0.5492227979274611,23724
0.5515463917525774,23725
0.5487179487179488,23726
0.5459183673469388,23727
0.5431472081218274,23728
0.5404040404040404,23729
0.542713567839196,23730
0.54,23731
0.5373134328358209,23732
0.5346534653465347,23733
0.5369458128078818,23734
0.5392156862745098,23735
0.5414634146341464,23736
0.5436893203883495,23737
0.5458937198067633,23738
0.5480769230769231,23739
0.5502392344497608,23740
0.5476190476190477,23741
0.5497630331753555,23742
0.5471698113207547,23743
0.5492957746478874,23744
0.5514018691588785,23745
0.5534883720930233,23746
0.5509259259259259,23747
0.5529953917050692,23748
0.5504587155963303,23749
0.547945205479452,23750
0.55,23751
0.5520361990950227,23752
0.5540540540540541,23753
0.5515695067264574,23754
0.5491071428571429,23755
0.5466666666666666,23756
0.5486725663716814,23757
0.5462555066079295,23758
0.5482456140350878,23759
0.5458515283842795,23760
0.5434782608695652,23761
0.5454545454545454,23762
0.5474137931034483,23763
0.5493562231759657,23764
0.5470085470085471,23765
0.5446808510638298,23766
0.5423728813559322,23767
0.540084388185654,23768
0.542016806722689,23769
0.5397489539748954,23770
0.5375,23771
0.5352697095435685,23772
0.5371900826446281,23773
0.5390946502057613,23774
0.5409836065573771,23775
0.5387755102040817,23776
0.5365853658536586,23777
0.5344129554655871,23778
0.5362903225806451,23779
0.5381526104417671,23780
0.536,23781
0.5338645418326693,23782
0.5357142857142857,23783
0.5375494071146245,23784
0.5393700787401575,23785
0.5411764705882353,23786
0.5390625,23787
0.5408560311284046,23788
0.5387596899224806,23789
0.5405405405405406,23790
0.5384615384615384,23791
0.5363984674329502,23792
0.5381679389312977,23793
0.5399239543726235,23794
0.5378787878787878,23795
0.5358490566037736,23796
0.5375939849624061,23797
0.5355805243445693,23798
0.5335820895522388,23799
0.5353159851301115,23800
0.5333333333333333,23801
0.5313653136531366,23802
0.5294117647058824,23803
0.5311355311355311,23804
0.5291970802919708,23805
0.5309090909090909,23806
0.5289855072463768,23807
0.5270758122743683,23808
0.5251798561151079,23809
0.5232974910394266,23810
0.525,23811
0.5231316725978647,23812
0.5212765957446809,23813
0.519434628975265,23814
0.5176056338028169,23815
0.519298245614035,23816
0.5174825174825175,23817
0.519163763066202,23818
0.5208333333333334,23819
0.5224913494809689,23820
0.5206896551724138,23821
0.5189003436426117,23822
0.5171232876712328,23823
0.5187713310580204,23824
0.5204081632653061,23825
0.5186440677966102,23826
0.5168918918918919,23827
0.5185185185185185,23828
0.5167785234899329,23829
0.5183946488294314,23830
0.5166666666666667,23831
0.5182724252491694,23832
0.5165562913907285,23833
0.5181518151815182,23834
0.5197368421052632,23835
0.5180327868852459,23836
0.5196078431372549,23837
0.5179153094462541,23838
0.5194805194805194,23839
0.5210355987055016,23840
0.5225806451612903,23841
0.5241157556270096,23842
0.5256410256410257,23843
0.5239616613418531,23844
0.5222929936305732,23845
0.5206349206349207,23846
0.5221518987341772,23847
0.5205047318611987,23848
0.5188679245283019,23849
0.5203761755485894,23850
0.521875,23851
0.5202492211838006,23852
0.5217391304347826,23853
0.5201238390092879,23854
0.5216049382716049,23855
0.5230769230769231,23856
0.5245398773006135,23857
0.5229357798165137,23858
0.5213414634146342,23859
0.5227963525835866,23860
0.5242424242424243,23861
0.5226586102719033,23862
0.5210843373493976,23863
0.5225225225225225,23864
0.5239520958083832,23865
0.5253731343283582,23866
0.5238095238095238,23867
0.5252225519287834,23868
0.5266272189349113,23869
0.5250737463126843,23870
0.5264705882352941,23871
0.5249266862170088,23872
0.5263157894736842,23873
0.5247813411078717,23874
0.5232558139534884,23875
0.5217391304347826,23876
0.523121387283237,23877
0.5244956772334294,23878
0.5258620689655172,23879
0.5243553008595988,23880
0.5257142857142857,23881
0.5242165242165242,23882
0.5227272727272727,23883
0.5212464589235127,23884
0.5225988700564972,23885
0.523943661971831,23886
0.5252808988764045,23887
0.5266106442577031,23888
0.5279329608938548,23889
0.5264623955431755,23890
0.5277777777777778,23891
0.5290858725761773,23892
0.5276243093922652,23893
0.5289256198347108,23894
0.5274725274725275,23895
0.5287671232876713,23896
0.5273224043715847,23897
0.5258855585831063,23898
0.5244565217391305,23899
0.5257452574525745,23900
0.527027027027027,23901
0.5283018867924528,23902
0.5268817204301075,23903
0.5254691689008043,23904
0.5267379679144385,23905
0.5253333333333333,23906
0.526595744680851,23907
0.5251989389920424,23908
0.5238095238095238,23909
0.525065963060686,23910
0.5263157894736842,23911
0.5249343832020997,23912
0.5261780104712042,23913
0.5248041775456919,23914
0.5234375,23915
0.522077922077922,23916
0.5233160621761658,23917
0.5219638242894057,23918
0.5231958762886598,23919
0.5218508997429306,23920
0.5230769230769231,23921
0.5217391304347826,23922
0.5204081632653061,23923
0.5216284987277354,23924
0.5228426395939086,23925
0.5240506329113924,23926
0.5252525252525253,23927
0.5239294710327456,23928
0.5251256281407035,23929
0.5238095238095238,23930
0.5225,23931
0.5211970074812967,23932
0.5223880597014925,23933
0.5235732009925558,23934
0.5247524752475248,23935
0.5259259259259259,23936
0.5270935960591133,23937
0.5282555282555282,23938
0.5294117647058824,23939
0.5281173594132029,23940
0.5292682926829269,23941
0.5304136253041363,23942
0.529126213592233,23943
0.5302663438256658,23944
0.5314009661835749,23945
0.5325301204819277,23946
0.5336538461538461,23947
0.5347721822541966,23948
0.5334928229665071,23949
0.5322195704057279,23950
0.530952380952381,23951
0.5320665083135392,23952
0.5308056872037915,23953
0.5319148936170213,23954
0.5306603773584906,23955
0.5317647058823529,23956
0.5305164319248826,23957
0.5292740046838408,23958
0.530373831775701,23959
0.5291375291375291,23960
0.5302325581395348,23961
0.5290023201856149,23962
0.5277777777777778,23963
0.5288683602771362,23964
0.5299539170506913,23965
0.5310344827586206,23966
0.5298165137614679,23967
0.5308924485125858,23968
0.5319634703196348,23969
0.5330296127562643,23970
0.5318181818181819,23971
0.5328798185941043,23972
0.5316742081447964,23973
0.5304740406320542,23974
0.5315315315315315,23975
0.5303370786516854,23976
0.531390134529148,23977
0.5302013422818792,23978
0.53125,23979
0.532293986636971,23980
0.5333333333333333,23981
0.5343680709534369,23982
0.5331858407079646,23983
0.5320088300220751,23984
0.5330396475770925,23985
0.5318681318681319,23986
0.5328947368421053,23987
0.5317286652078774,23988
0.5305676855895196,23989
0.5294117647058824,23990
0.5304347826086957,23991
0.5292841648590022,23992
0.5281385281385281,23993
0.5291576673866091,23994
0.5301724137931034,23995
0.5290322580645161,23996
0.5300429184549357,23997
0.5289079229122056,23998
0.5277777777777778,23999
0.5287846481876333,24000
0.5297872340425532,24001
0.5286624203821656,24002
0.527542372881356,24003
0.5285412262156448,24004
0.5274261603375527,24005
0.5284210526315789,24006
0.5273109243697479,24007
0.5283018867924528,24008
0.5292887029288703,24009
0.5281837160751566,24010
0.5291666666666667,24011
0.5280665280665281,24012
0.529045643153527,24013
0.5279503105590062,24014
0.5289256198347108,24015
0.5278350515463918,24016
0.5288065843621399,24017
0.5277207392197125,24018
0.5266393442622951,24019
0.5276073619631901,24020
0.5285714285714286,24021
0.5295315682281059,24022
0.5304878048780488,24023
0.5314401622718052,24024
0.5323886639676113,24025
0.5333333333333333,24026
0.532258064516129,24027
0.5331991951710262,24028
0.5321285140562249,24029
0.533066132264529,24030
0.534,24031
0.5349301397205589,24032
0.5338645418326693,24033
0.5347912524850894,24034
0.5357142857142857,24035
0.5366336633663367,24036
0.5355731225296443,24037
0.5364891518737672,24038
0.5374015748031497,24039
0.5363457760314342,24040
0.5372549019607843,24041
0.538160469667319,24042
0.537109375,24043
0.5380116959064327,24044
0.5369649805447471,24045
0.5359223300970873,24046
0.5368217054263565,24047
0.5357833655705996,24048
0.5366795366795367,24049
0.535645472061657,24050
0.5365384615384615,24051
0.5355086372360844,24052
0.5344827586206896,24053
0.5353728489483748,24054
0.5362595419847328,24055
0.5352380952380953,24056
0.5361216730038023,24057
0.5370018975332068,24058
0.5378787878787878,24059
0.5387523629489603,24060
0.539622641509434,24061
0.5386064030131826,24062
0.5375939849624061,24063
0.5365853658536586,24064
0.5374531835205992,24065
0.5383177570093458,24066
0.5373134328358209,24067
0.5381750465549349,24068
0.5371747211895911,24069
0.536178107606679,24070
0.5351851851851852,24071
0.5360443622920518,24072
0.5369003690036901,24073
0.5377532228360957,24074
0.5386029411764706,24075
0.5376146788990825,24076
0.5384615384615384,24077
0.5393053016453382,24078
0.5401459854014599,24079
0.5391621129326047,24080
0.54,24081
0.5390199637023594,24082
0.5398550724637681,24083
0.5406871609403255,24084
0.5415162454873647,24085
0.5405405405405406,24086
0.5413669064748201,24087
0.5421903052064632,24088
0.543010752688172,24089
0.5438282647584973,24090
0.5428571428571428,24091
0.5436720142602496,24092
0.5427046263345195,24093
0.5417406749555951,24094
0.5407801418439716,24095
0.5398230088495575,24096
0.5388692579505301,24097
0.5379188712522046,24098
0.5387323943661971,24099
0.539543057996485,24100
0.5385964912280702,24101
0.5394045534150613,24102
0.5402097902097902,24103
0.5410122164048866,24104
0.5400696864111498,24105
0.5391304347826087,24106
0.5399305555555556,24107
0.5389948006932409,24108
0.5380622837370242,24109
0.538860103626943,24110
0.5396551724137931,24111
0.5387263339070568,24112
0.5395189003436426,24113
0.5385934819897084,24114
0.5393835616438356,24115
0.5401709401709401,24116
0.5392491467576792,24117
0.5383304940374787,24118
0.5391156462585034,24119
0.5382003395585738,24120
0.5372881355932203,24121
0.5363790186125211,24122
0.5371621621621622,24123
0.5379426644182125,24124
0.5387205387205387,24125
0.5394957983193277,24126
0.540268456375839,24127
0.5393634840871022,24128
0.5384615384615384,24129
0.5392320534223706,24130
0.54,24131
0.540765391014975,24132
0.5398671096345515,24133
0.538971807628524,24134
0.5397350993377483,24135
0.540495867768595,24136
0.5396039603960396,24137
0.5387149917627677,24138
0.537828947368421,24139
0.5369458128078818,24140
0.5360655737704918,24141
0.5351882160392799,24142
0.5343137254901961,24143
0.533442088091354,24144
0.5342019543973942,24145
0.5333333333333333,24146
0.5340909090909091,24147
0.5348460291734197,24148
0.5339805825242718,24149
0.5331179321486268,24150
0.532258064516129,24151
0.533011272141707,24152
0.5337620578778135,24153
0.5345104333868379,24154
0.5352564102564102,24155
0.536,24156
0.536741214057508,24157
0.5374800637958532,24158
0.5382165605095541,24159
0.5373608903020668,24160
0.5380952380952381,24161
0.5388272583201268,24162
0.5395569620253164,24163
0.5402843601895735,24164
0.5394321766561514,24165
0.5385826771653544,24166
0.5377358490566038,24167
0.5384615384615384,24168
0.5376175548589341,24169
0.5367762128325508,24170
0.5375,24171
0.5382215288611545,24172
0.5373831775700935,24173
0.5381026438569206,24174
0.5388198757763976,24175
0.537984496124031,24176
0.5371517027863777,24177
0.5363214837712519,24178
0.5354938271604939,24179
0.5362095531587057,24180
0.536923076923077,24181
0.5376344086021505,24182
0.5368098159509203,24183
0.5359877488514548,24184
0.5351681957186545,24185
0.5358778625954198,24186
0.5350609756097561,24187
0.5357686453576864,24188
0.5349544072948328,24189
0.5356600910470409,24190
0.5363636363636364,24191
0.5370650529500757,24192
0.5377643504531722,24193
0.5369532428355958,24194
0.5376506024096386,24195
0.5368421052631579,24196
0.5375375375375375,24197
0.5367316341829086,24198
0.5359281437125748,24199
0.5351270553064275,24200
0.5358208955223881,24201
0.5350223546944859,24202
0.5357142857142857,24203
0.5349182763744428,24204
0.5341246290801187,24205
0.5333333333333333,24206
0.5340236686390533,24207
0.534711964549483,24208
0.5353982300884956,24209
0.5346097201767305,24210
0.5338235294117647,24211
0.5345080763582967,24212
0.533724340175953,24213
0.5344070278184481,24214
0.5350877192982456,24215
0.5343065693430656,24216
0.5335276967930029,24217
0.5327510917030568,24218
0.5334302325581395,24219
0.532656023222061,24220
0.5333333333333333,24221
0.5340086830680174,24222
0.5346820809248555,24223
0.5339105339105339,24224
0.5331412103746398,24225
0.5338129496402878,24226
0.5330459770114943,24227
0.533715925394548,24228
0.5329512893982808,24229
0.5336194563662375,24230
0.5328571428571428,24231
0.5320970042796006,24232
0.5313390313390314,24233
0.5305832147937412,24234
0.53125,24235
0.5319148936170213,24236
0.5311614730878187,24237
0.5318246110325319,24238
0.5324858757062146,24239
0.5317348377997179,24240
0.5309859154929577,24241
0.530239099859353,24242
0.5308988764044944,24243
0.5315568022440392,24244
0.530812324929972,24245
0.5300699300699301,24246
0.5307262569832403,24247
0.5299860529986054,24248
0.5292479108635098,24249
0.5285118219749653,24250
0.5277777777777778,24251
0.5270457697642164,24252
0.5263157894736842,24253
0.5255878284923928,24254
0.5248618784530387,24255
0.5255172413793103,24256
0.5261707988980716,24257
0.5254470426409904,24258
0.5260989010989011,24259
0.5253772290809328,24260
0.5260273972602739,24261
0.5253077975376197,24262
0.5259562841530054,24263
0.5252387448840382,24264
0.5258855585831063,24265
0.5265306122448979,24266
0.5258152173913043,24267
0.5251017639077341,24268
0.524390243902439,24269
0.5250338294993234,24270
0.5243243243243243,24271
0.524966261808367,24272
0.5242587601078167,24273
0.5235531628532974,24274
0.5241935483870968,24275
0.5234899328859061,24276
0.5241286863270778,24277
0.5234270414993306,24278
0.5227272727272727,24279
0.5233644859813084,24280
0.524,24281
0.5233022636484687,24282
0.523936170212766,24283
0.5232403718459495,24284
0.5238726790450928,24285
0.5231788079470199,24286
0.5238095238095238,24287
0.523117569352708,24288
0.5237467018469657,24289
0.5243741765480896,24290
0.5236842105263158,24291
0.5243101182654402,24292
0.5236220472440944,24293
0.5242463958060288,24294
0.5235602094240838,24295
0.5241830065359477,24296
0.5248041775456919,24297
0.5241199478487614,24298
0.5247395833333334,24299
0.5240572171651495,24300
0.5246753246753246,24301
0.5252918287937743,24302
0.5259067357512953,24303
0.5265200517464425,24304
0.5271317829457365,24305
0.5264516129032258,24306
0.5270618556701031,24307
0.5276705276705277,24308
0.5282776349614395,24309
0.527599486521181,24310
0.5282051282051282,24311
0.5275288092189501,24312
0.5268542199488491,24313
0.5261813537675607,24314
0.5255102040816326,24315
0.5261146496815287,24316
0.5267175572519084,24317
0.5273189326556544,24318
0.5279187817258884,24319
0.5272496831432193,24320
0.5265822784810127,24321
0.527180783817952,24322
0.5277777777777778,24323
0.5271122320302648,24324
0.5277078085642317,24325
0.5283018867924528,24326
0.5276381909547738,24327
0.5282308657465495,24328
0.5288220551378446,24329
0.5294117647058824,24330
0.53,24331
0.5305867665418227,24332
0.529925187032419,24333
0.5292652552926526,24334
0.5298507462686567,24335
0.5304347826086957,24336
0.5297766749379652,24337
0.5291201982651796,24338
0.5284653465346535,24339
0.5278121137206427,24340
0.528395061728395,24341
0.5277435265104808,24342
0.5283251231527094,24343
0.5276752767527675,24344
0.5282555282555282,24345
0.5276073619631901,24346
0.5281862745098039,24347
0.5275397796817626,24348
0.5281173594132029,24349
0.5274725274725275,24350
0.526829268292683,24351
0.5274056029232643,24352
0.5279805352798054,24353
0.528554070473876,24354
0.5279126213592233,24355
0.5272727272727272,24356
0.5278450363196125,24357
0.528415961305925,24358
0.5289855072463768,24359
0.5295536791314838,24360
0.5289156626506024,24361
0.529482551143201,24362
0.5288461538461539,24363
0.5294117647058824,24364
0.5299760191846523,24365
0.5305389221556887,24366
0.5311004784688995,24367
0.5316606929510155,24368
0.5310262529832935,24369
0.5303933253873659,24370
0.530952380952381,24371
0.5315101070154578,24372
0.5308788598574822,24373
0.531435349940688,24374
0.5319905213270142,24375
0.5313609467455621,24376
0.5307328605200946,24377
0.5301062573789846,24378
0.5306603773584906,24379
0.5300353356890459,24380
0.5294117647058824,24381
0.5287896592244419,24382
0.528169014084507,24383
0.5287221570926143,24384
0.5292740046838408,24385
0.5286549707602339,24386
0.5280373831775701,24387
0.5285880980163361,24388
0.5291375291375291,24389
0.529685681024447,24390
0.5302325581395348,24391
0.5296167247386759,24392
0.5301624129930395,24393
0.52954808806489,24394
0.5289351851851852,24395
0.5283236994219653,24396
0.5288683602771362,24397
0.5282583621683967,24398
0.5276497695852534,24399
0.5281933256616801,24400
0.5275862068965518,24401
0.5269804822043628,24402
0.5263761467889908,24403
0.5257731958762887,24404
0.5251716247139588,24405
0.5245714285714286,24406
0.5251141552511416,24407
0.5245153933865451,24408
0.5239179954441914,24409
0.5244596131968146,24410
0.525,24411
0.5244040862656073,24412
0.5249433106575964,24413
0.5243488108720272,24414
0.5248868778280543,24415
0.5254237288135594,24416
0.5259593679458239,24417
0.5253664036076663,24418
0.5259009009009009,24419
0.5264341957255343,24420
0.5258426966292135,24421
0.5263748597081931,24422
0.5257847533632287,24423
0.5263157894736842,24424
0.5268456375838926,24425
0.5273743016759777,24426
0.5279017857142857,24427
0.5273132664437012,24428
0.5278396436525612,24429
0.5283648498331479,24430
0.5277777777777778,24431
0.5283018867924528,24432
0.5277161862527716,24433
0.5271317829457365,24434
0.5265486725663717,24435
0.5259668508287293,24436
0.5264900662251656,24437
0.525909592061742,24438
0.526431718061674,24439
0.5258525852585259,24440
0.5263736263736264,24441
0.5268935236004391,24442
0.5274122807017544,24443
0.5279299014238773,24444
0.5273522975929978,24445
0.5278688524590164,24446
0.5283842794759825,24447
0.5288985823336968,24448
0.528322440087146,24449
0.5277475516866159,24450
0.5282608695652173,24451
0.5276872964169381,24452
0.527114967462039,24453
0.5265438786565547,24454
0.525974025974026,24455
0.5264864864864864,24456
0.5269978401727862,24457
0.5264293419633226,24458
0.5269396551724138,24459
0.527448869752422,24460
0.5279569892473118,24461
0.5284640171858217,24462
0.5278969957081545,24463
0.5284030010718114,24464
0.5289079229122056,24465
0.5283422459893048,24466
0.5277777777777778,24467
0.528281750266809,24468
0.5287846481876333,24469
0.5282215122470714,24470
0.5276595744680851,24471
0.5281615302869288,24472
0.5286624203821656,24473
0.528101802757158,24474
0.527542372881356,24475
0.526984126984127,24476
0.5264270613107822,24477
0.5258711721224921,24478
0.5263713080168776,24479
0.5268703898840885,24480
0.5263157894736842,24481
0.5257623554153522,24482
0.5252100840336135,24483
0.5257082896117523,24484
0.5251572327044025,24485
0.5246073298429319,24486
0.5240585774058577,24487
0.5245559038662487,24488
0.5250521920668059,24489
0.5245046923879041,24490
0.525,24491
0.5244536940686785,24492
0.5239085239085239,24493
0.5244029075804777,24494
0.5238589211618258,24495
0.5243523316062176,24496
0.5248447204968945,24497
0.5253360910031024,24498
0.5258264462809917,24499
0.5263157894736842,24500
0.5268041237113402,24501
0.5272914521112255,24502
0.5267489711934157,24503
0.527235354573484,24504
0.526694045174538,24505
0.5261538461538462,24506
0.5266393442622951,24507
0.526100307062436,24508
0.5265848670756647,24509
0.5270684371807968,24510
0.5275510204081633,24511
0.527013251783894,24512
0.5264765784114053,24513
0.525940996948118,24514
0.5264227642276422,24515
0.5269035532994923,24516
0.526369168356998,24517
0.5258358662613982,24518
0.5263157894736842,24519
0.5257836198179979,24520
0.5252525252525253,24521
0.5257315842583249,24522
0.5262096774193549,24523
0.526686807653575,24524
0.5261569416498993,24525
0.5256281407035176,24526
0.5251004016064257,24527
0.5255767301905717,24528
0.5260521042084169,24529
0.5265265265265265,24530
0.527,24531
0.5264735264735265,24532
0.5259481037924152,24533
0.5264207377866401,24534
0.5268924302788844,24535
0.527363184079602,24536
0.5278330019880716,24537
0.5273088381330685,24538
0.5267857142857143,24539
0.5262636273538157,24540
0.5257425742574258,24541
0.5262116716122651,24542
0.525691699604743,24543
0.5261599210266535,24544
0.5256410256410257,24545
0.5251231527093596,24546
0.5255905511811023,24547
0.5260570304818093,24548
0.5255402750491159,24549
0.5250245338567223,24550
0.5245098039215687,24551
0.524975514201763,24552
0.525440313111546,24553
0.5249266862170088,24554
0.525390625,24555
0.5258536585365854,24556
0.5253411306042886,24557
0.5258033106134372,24558
0.5252918287937743,24559
0.5247813411078717,24560
0.525242718446602,24561
0.524733268671193,24562
0.5242248062015504,24563
0.5237173281703775,24564
0.52321083172147,24565
0.5227053140096618,24566
0.5222007722007722,24567
0.5226615236258437,24568
0.523121387283237,24569
0.5235803657362849,24570
0.5230769230769231,24571
0.5225744476464937,24572
0.5220729366602687,24573
0.5225311601150527,24574
0.5220306513409961,24575
0.5215311004784688,24576
0.5219885277246654,24577
0.5214899713467048,24578
0.5219465648854962,24579
0.5224022878932316,24580
0.5219047619047619,24581
0.5223596574690771,24582
0.5228136882129277,24583
0.5232668566001899,24584
0.5227703984819735,24585
0.5232227488151658,24586
0.5236742424242424,24587
0.5241248817407758,24588
0.5236294896030246,24589
0.5240793201133145,24590
0.5235849056603774,24591
0.5230914231856739,24592
0.5235404896421846,24593
0.5230479774223895,24594
0.5225563909774437,24595
0.5220657276995305,24596
0.5225140712945591,24597
0.5220243673851921,24598
0.5224719101123596,24599
0.5219831618334893,24600
0.5224299065420561,24601
0.5219421101774043,24602
0.5223880597014925,24603
0.5219012115563839,24604
0.5223463687150838,24605
0.521860465116279,24606
0.5223048327137546,24607
0.5218198700092851,24608
0.5222634508348795,24609
0.5227062094531975,24610
0.5231481481481481,24611
0.5235892691951897,24612
0.5240295748613678,24613
0.5244690674053555,24614
0.5249077490774908,24615
0.5253456221198156,24616
0.5257826887661142,24617
0.5262189512419503,24618
0.5266544117647058,24619
0.5261707988980716,24620
0.5266055045871559,24621
0.5261228230980751,24622
0.5265567765567766,24623
0.5269899359560841,24624
0.5274223034734917,24625
0.5269406392694064,24626
0.5273722627737226,24627
0.5278030993618961,24628
0.5282331511839709,24629
0.5277525022747953,24630
0.5272727272727272,24631
0.5267938237965486,24632
0.5272232304900182,24633
0.5267452402538532,24634
0.5262681159420289,24635
0.5266968325791855,24636
0.527124773960217,24637
0.5275519421860885,24638
0.5270758122743683,24639
0.527502254283138,24640
0.527927927927928,24641
0.5274527452745275,24642
0.5269784172661871,24643
0.527403414195867,24644
0.5278276481149012,24645
0.5282511210762332,24646
0.5277777777777778,24647
0.5282005371530887,24648
0.5286225402504472,24649
0.5281501340482574,24650
0.5285714285714286,24651
0.528099910793934,24652
0.5276292335115864,24653
0.5280498664292075,24654
0.5275800711743772,24655
0.5271111111111111,24656
0.5275310834813499,24657
0.5270629991126885,24658
0.5274822695035462,24659
0.5279007971656333,24660
0.5283185840707965,24661
0.5287356321839081,24662
0.5291519434628975,24663
0.529567519858782,24664
0.5299823633156967,24665
0.5295154185022026,24666
0.5299295774647887,24667
0.5303430079155673,24668
0.5298769771528998,24669
0.5294117647058824,24670
0.5289473684210526,24671
0.5293602103418055,24672
0.5297723292469352,24673
0.5301837270341208,24674
0.5305944055944056,24675
0.5310043668122271,24676
0.5314136125654451,24677
0.5318221447253705,24678
0.5322299651567944,24679
0.5317667536988686,24680
0.5313043478260869,24681
0.5317115551694179,24682
0.53125,24683
0.5316565481352992,24684
0.5311958405545927,24685
0.5316017316017316,24686
0.5311418685121108,24687
0.5306828003457217,24688
0.5302245250431779,24689
0.5297670405522001,24690
0.5301724137931034,24691
0.5305770887166236,24692
0.5301204819277109,24693
0.530524505588994,24694
0.5309278350515464,24695
0.5304721030042918,24696
0.5300171526586621,24697
0.5295629820051414,24698
0.5291095890410958,24699
0.5295124037639007,24700
0.5290598290598291,24701
0.5294619982920581,24702
0.5290102389078498,24703
0.5294117647058824,24704
0.5289608177172062,24705
0.5293617021276595,24706
0.5297619047619048,24707
0.5293118096856415,24708
0.5288624787775892,24709
0.5284139100932994,24710
0.5288135593220339,24711
0.5283657917019475,24712
0.5287648054145516,24713
0.5283178360101437,24714
0.5278716216216216,24715
0.5282700421940928,24716
0.5286677908937606,24717
0.5290648694187026,24718
0.5286195286195287,24719
0.5290159798149706,24720
0.5285714285714286,24721
0.5281276238455079,24722
0.5285234899328859,24723
0.5280804694048616,24724
0.5284757118927973,24725
0.5280334728033472,24726
0.5284280936454849,24727
0.5288220551378446,24728
0.5292153589315526,24729
0.5287739783152627,24730
0.5283333333333333,24731
0.5287260616153205,24732
0.5291181364392679,24733
0.5295095594347464,24734
0.5290697674418605,24735
0.5286307053941909,24736
0.5290215588723052,24737
0.5294117647058824,24738
0.5289735099337748,24739
0.5293631100082713,24740
0.5297520661157025,24741
0.5301403798513625,24742
0.5305280528052805,24743
0.5300906842539159,24744
0.5296540362438221,24745
0.5300411522633744,24746
0.5296052631578947,24747
0.5299917830731307,24748
0.5303776683087028,24749
0.5307629204265791,24750
0.530327868852459,24751
0.5298935298935299,24752
0.530278232405892,24753
0.5298446443172526,24754
0.5294117647058824,24755
0.5289795918367347,24756
0.5285481239804242,24757
0.5289323553382234,24758
0.5293159609120521,24759
0.5296989422294548,24760
0.5300813008130081,24761
0.529650690495532,24762
0.5300324675324676,24763
0.5304136253041363,24764
0.5299837925445705,24765
0.5295546558704454,24766
0.529126213592233,24767
0.5286984640258691,24768
0.5290791599353797,24769
0.5294592413236481,24770
0.5298387096774193,24771
0.5294117647058824,24772
0.5297906602254429,24773
0.5301689460981497,24774
0.5305466237942122,24775
0.5301204819277109,24776
0.5296950240770465,24777
0.529270248596632,24778
0.5288461538461539,24779
0.5292233787029623,24780
0.5288,24781
0.5283772981614708,24782
0.5287539936102237,24783
0.5291300877893057,24784
0.5287081339712919,24785
0.5282868525896415,24786
0.5286624203821656,24787
0.5290373906125696,24788
0.5294117647058824,24789
0.5297855440826053,24790
0.5301587301587302,24791
0.5305313243457573,24792
0.5309033280507132,24793
0.5304829770387965,24794
0.5300632911392406,24795
0.5296442687747036,24796
0.5300157977883097,24797
0.5295974743488555,24798
0.5291798107255521,24799
0.5295508274231678,24800
0.5291338582677165,24801
0.5295043273013376,24802
0.5290880503144654,24803
0.5286724273369993,24804
0.5282574568288854,24805
0.5286274509803922,24806
0.5282131661442007,24807
0.52858261550509,24808
0.5289514866979655,24809
0.5285379202501954,24810
0.528125,24811
0.5277127244340359,24812
0.5273010920436817,24813
0.5268901013250195,24814
0.5264797507788161,24815
0.5268482490272374,24816
0.526438569206843,24817
0.5268065268065268,24818
0.5271739130434783,24819
0.5267649340574089,24820
0.5271317829457365,24821
0.5274980635166537,24822
0.5270897832817337,24823
0.5266821345707656,24824
0.526275115919629,24825
0.5266409266409267,24826
0.5270061728395061,24827
0.5273708558211256,24828
0.5269645608628659,24829
0.527328714395689,24830
0.5276923076923077,24831
0.5272867025365103,24832
0.5276497695852534,24833
0.5280122793553338,24834
0.5283742331288344,24835
0.5287356321839081,24836
0.5290964777947933,24837
0.5294567712318287,24838
0.5290519877675841,24839
0.5286478227654698,24840
0.5282442748091603,24841
0.528604118993135,24842
0.5289634146341463,24843
0.5293221629855294,24844
0.5289193302891934,24845
0.529277566539924,24846
0.5296352583586627,24847
0.5299924069855733,24848
0.5303490136570561,24849
0.5299469294920395,24850
0.5295454545454545,24851
0.5299015897047691,24852
0.5302571860816944,24853
0.5298563869992441,24854
0.5302114803625377,24855
0.5298113207547169,24856
0.5301659125188537,24857
0.5297663903541824,24858
0.5301204819277109,24859
0.5304740406320542,24860
0.5300751879699248,24861
0.5296769346356123,24862
0.5292792792792793,24863
0.5288822205551388,24864
0.5292353823088456,24865
0.5295880149812734,24866
0.5291916167664671,24867
0.5295437546746448,24868
0.5291479820627802,24869
0.5287528005974608,24870
0.5283582089552239,24871
0.5287099179716629,24872
0.5290611028315947,24873
0.5286671630677587,24874
0.5282738095238095,24875
0.5278810408921933,24876
0.5282317979197623,24877
0.5285820341499629,24878
0.5289317507418397,24879
0.5285396590066717,24880
0.5288888888888889,24881
0.5284974093264249,24882
0.5288461538461539,24883
0.5284552845528455,24884
0.5288035450516987,24885
0.5284132841328413,24886
0.528023598820059,24887
0.5283714075165807,24888
0.5287187039764359,24889
0.52906548933039,24890
0.5294117647058824,24891
0.529757531227039,24892
0.5293685756240822,24893
0.528980190755686,24894
0.5293255131964809,24895
0.5296703296703297,24896
0.5292825768667643,24897
0.528895391367959,24898
0.5285087719298246,24899
0.5288531775018261,24900
0.5291970802919708,24901
0.5288110867979577,24902
0.5291545189504373,24903
0.5287691187181355,24904
0.5291120815138283,24905
0.5287272727272727,24906
0.5290697674418605,24907
0.5286855482933914,24908
0.5283018867924528,24909
0.5286439448875997,24910
0.5289855072463768,24911
0.5286024619840695,24912
0.5289435600578871,24913
0.5292841648590022,24914
0.5289017341040463,24915
0.5292418772563177,24916
0.5288600288600288,24917
0.5291997116077866,24918
0.5295389048991355,24919
0.5291576673866091,24920
0.5294964028776978,24921
0.5291157440690151,24922
0.5294540229885057,24923
0.5290739411342427,24924
0.5294117647058824,24925
0.5297491039426523,24926
0.5300859598853869,24927
0.5297065139584825,24928
0.5300429184549357,24929
0.5296640457469621,24930
0.5292857142857142,24931
0.529621698786581,24932
0.5292439372325249,24933
0.5288667141838916,24934
0.5292022792022792,24935
0.5295373665480427,24936
0.5298719772403983,24937
0.5302061122956645,24938
0.5305397727272727,24939
0.5308729595457772,24940
0.5312056737588653,24941
0.5315379163713678,24942
0.5318696883852692,24943
0.5322009907997169,24944
0.5325318246110325,24945
0.5328621908127208,24946
0.5324858757062146,24947
0.5328158080451658,24948
0.5324400564174894,24949
0.53276955602537,24950
0.532394366197183,24951
0.5320197044334976,24952
0.5323488045007032,24953
0.5326774420238932,24954
0.5323033707865169,24955
0.5326315789473685,24956
0.5329593267882188,24957
0.5325858444288718,24958
0.5322128851540616,24959
0.5325402379286214,24960
0.5321678321678321,24961
0.5324947589098532,24962
0.5321229050279329,24963
0.531751570132589,24964
0.5320781032078103,24965
0.5317073170731708,24966
0.5313370473537604,24967
0.5309672929714684,24968
0.5312934631432545,24969
0.5316191799861014,24970
0.5319444444444444,24971
0.5315752949340735,24972
0.5319001386962552,24973
0.5315315315315315,24974
0.5311634349030471,24975
0.5314878892733564,24976
0.5318118948824343,24977
0.5314443676572218,24978
0.5317679558011049,24979
0.5320910973084886,24980
0.5324137931034483,24981
0.5320468642315644,24982
0.5323691460055097,24983
0.5326909841706814,24984
0.5330123796423659,24985
0.5333333333333333,24986
0.5336538461538461,24987
0.5332875772134523,24988
0.53360768175583,24989
0.5332419465387251,24990
0.5328767123287671,24991
0.5325119780971937,24992
0.5321477428180574,24993
0.531784005468216,24994
0.532103825136612,24995
0.531740614334471,24996
0.5313778990450204,24997
0.5310156782549421,24998
0.5306539509536785,24999
0.5302927161334241,25000
0.5299319727891156,25001
0.5295717199184229,25002
0.529891304347826,25003
0.5295315682281059,25004
0.5298507462686567,25005
0.5294915254237288,25006
0.5298102981029811,25007
0.5294515910629655,25008
0.5290933694181326,25009
0.5287356321839081,25010
0.5283783783783784,25011
0.5280216070222823,25012
0.5276653171390013,25013
0.5273095077545515,25014
0.5269541778975741,25015
0.5272727272727272,25016
0.5275908479138627,25017
0.5279085406859448,25018
0.5282258064516129,25019
0.5278710543989255,25020
0.5281879194630873,25021
0.528504359490275,25022
0.5288203753351206,25023
0.5284661754855995,25024
0.5281124497991968,25025
0.5277591973244147,25026
0.5274064171122995,25027
0.5277221108884436,25028
0.527369826435247,25029
0.5270180120080054,25030
0.5273333333333333,25031
0.5269820119920053,25032
0.5272969374167776,25033
0.5269461077844312,25034
0.526595744680851,25035
0.5262458471760797,25036
0.5265604249667994,25037
0.5262110152621101,25038
0.5265251989389921,25039
0.5268389662027833,25040
0.5271523178807948,25041
0.5274652547981469,25042
0.5271164021164021,25043
0.5267680105750165,25044
0.5264200792602378,25045
0.526072607260726,25046
0.5263852242744064,25047
0.5266974291364536,25048
0.5263504611330698,25049
0.5260039499670837,25050
0.5263157894736842,25051
0.5266272189349113,25052
0.5269382391590013,25053
0.5272488509520683,25054
0.5269028871391076,25055
0.5265573770491804,25056
0.526867627785059,25057
0.527177472167649,25058
0.5268324607329843,25059
0.5271419228253761,25060
0.526797385620915,25061
0.527106466361855,25062
0.5274151436031331,25063
0.5270711024135681,25064
0.5267275097783573,25065
0.5263843648208469,25066
0.5266927083333334,25067
0.5270006506180872,25068
0.5273081924577373,25069
0.5276153346328785,25070
0.5272727272727272,25071
0.527579493835172,25072
0.5278858625162127,25073
0.5275437459494491,25074
0.5278497409326425,25075
0.5275080906148867,25076
0.5278137128072445,25077
0.5281189398836458,25078
0.5284237726098191,25079
0.5287282117495158,25080
0.5290322580645161,25081
0.5286911669890393,25082
0.5283505154639175,25083
0.5286542176432711,25084
0.5283140283140283,25085
0.5279742765273312,25086
0.5276349614395887,25087
0.527296082209377,25088
0.5269576379974326,25089
0.5266196279666453,25090
0.5262820512820513,25091
0.5265855221012171,25092
0.5262483994878361,25093
0.525911708253359,25094
0.5255754475703325,25095
0.5252396166134186,25096
0.524904214559387,25097
0.5252074026802808,25098
0.5248724489795918,25099
0.5251752708731676,25100
0.5248407643312102,25101
0.524506683640993,25102
0.5241730279898219,25103
0.5238397965670692,25104
0.5235069885641678,25105
0.5238095238095238,25106
0.5241116751269036,25107
0.5237793278376665,25108
0.5240811153358682,25109
0.5243825205826472,25110
0.5246835443037975,25111
0.5243516761543326,25112
0.5240202275600506,25113
0.523689197725837,25114
0.523989898989899,25115
0.5236593059936908,25116
0.5239596469104666,25117
0.5242596093257719,25118
0.5239294710327456,25119
0.5235997482693517,25120
0.5238993710691824,25121
0.524198617221873,25122
0.5244974874371859,25123
0.5247959824231011,25124
0.5244667503136763,25125
0.5247648902821317,25126
0.5244360902255639,25127
0.5247338760175329,25128
0.5244055068836045,25129
0.5247029393370857,25130
0.525,25131
0.5252966895690193,25132
0.5255930087390761,25133
0.5252651278852152,25134
0.5255610972568578,25135
0.5258566978193147,25136
0.5261519302615193,25137
0.5264467952706907,25138
0.5267412935323383,25139
0.5270354257302673,25140
0.5273291925465838,25141
0.527001862197393,25142
0.5272952853598015,25143
0.527588344699318,25144
0.5278810408921933,25145
0.5281733746130031,25146
0.5284653465346535,25147
0.5287569573283859,25148
0.5290482076637825,25149
0.5293390982087709,25150
0.5296296296296297,25151
0.5293028994447871,25152
0.528976572133169,25153
0.5292667898952557,25154
0.5295566502463054,25155
0.5298461538461539,25156
0.5295202952029521,25157
0.5298094652735095,25158
0.5294840294840295,25159
0.529158993247391,25160
0.5294478527607362,25161
0.5297363580625383,25162
0.5300245098039216,25163
0.5303123086344151,25164
0.5299877600979193,25165
0.5296636085626911,25166
0.5299511002444988,25167
0.529627367135003,25168
0.5293040293040293,25169
0.5289810860280659,25170
0.5292682926829269,25171
0.5295551492992078,25172
0.5292326431181485,25173
0.5295191722458916,25174
0.5298053527980535,25175
0.5294832826747721,25176
0.5291616038882139,25177
0.5288403157255617,25178
0.529126213592233,25179
0.5294117647058824,25180
0.5296969696969697,25181
0.5299818291944276,25182
0.5296610169491526,25183
0.529340592861464,25184
0.5290205562273277,25185
0.5293051359516616,25186
0.5289855072463768,25187
0.5286662643331321,25188
0.528950542822678,25189
0.5286317058468957,25190
0.5289156626506024,25191
0.5291992775436484,25192
0.529482551143201,25193
0.5297654840649428,25194
0.5294471153846154,25195
0.5291291291291291,25196
0.5288115246098439,25197
0.5290941811637673,25198
0.5293764988009593,25199
0.5296584781306172,25200
0.5293413173652695,25201
0.5296229802513465,25202
0.5293062200956937,25203
0.529587567244471,25204
0.529868578255675,25205
0.5295522388059701,25206
0.529236276849642,25207
0.5289206917113893,25208
0.5292014302741359,25209
0.5288862418106015,25210
0.5291666666666667,25211
0.529446757882213,25212
0.5291319857312723,25213
0.5294117647058824,25214
0.5296912114014252,25215
0.5299703264094956,25216
0.529655990510083,25217
0.5299347954949615,25218
0.5302132701421801,25219
0.5298993487270575,25220
0.5295857988165681,25221
0.5298639858072147,25222
0.5301418439716312,25223
0.5304193738924985,25224
0.5306965761511216,25225
0.5309734513274337,25226
0.53125,25227
0.5315262227460223,25228
0.5318021201413428,25229
0.531489111241907,25230
0.5311764705882352,25231
0.5314520870076426,25232
0.5311398354876615,25233
0.5314151497357604,25234
0.5316901408450704,25235
0.5319648093841642,25236
0.5322391559202814,25237
0.5319273579379028,25238
0.5322014051522248,25239
0.5318899941486249,25240
0.531578947368421,25241
0.5312682641729982,25242
0.5309579439252337,25243
0.5306479859894921,25244
0.530338389731622,25245
0.5300291545189504,25246
0.5297202797202797,25247
0.5299941758881771,25248
0.529685681024447,25249
0.5293775450843514,25250
0.5290697674418605,25251
0.5287623474723998,25252
0.5290360046457607,25253
0.5293093441671504,25254
0.5295823665893271,25255
0.5298550724637681,25256
0.52954808806489,25257
0.5292414591777649,25258
0.5295138888888888,25259
0.5292076344707923,25260
0.5289017341040463,25261
0.5285961871750433,25262
0.5288683602771362,25263
0.5291402192729371,25264
0.5288350634371396,25265
0.5285302593659942,25266
0.5282258064516129,25267
0.5284974093264249,25268
0.5287686996547756,25269
0.5290396779758482,25270
0.5293103448275862,25271
0.5290063182079264,25272
0.5287026406429391,25273
0.5289730349971313,25274
0.529243119266055,25275
0.529512893982808,25276
0.5292096219931272,25277
0.529479107040641,25278
0.5297482837528604,25279
0.5294453973699257,25280
0.5297142857142857,25281
0.5299828669331811,25282
0.5302511415525114,25283
0.5305191100969766,25284
0.5302166476624858,25285
0.5304843304843305,25286
0.5301822323462415,25287
0.5304496300512237,25288
0.5307167235494881,25289
0.5304150085275725,25290
0.5301136363636364,25291
0.5298126064735945,25292
0.5300794551645857,25293
0.5297787861599547,25294
0.530045351473923,25295
0.5303116147308782,25296
0.5300113250283126,25297
0.5302773061686474,25298
0.5299773755656109,25299
0.5296777840587903,25300
0.5299435028248588,25301
0.5302089215132694,25302
0.5299097065462754,25303
0.5296108291032149,25304
0.5298759864712514,25305
0.5295774647887324,25306
0.5292792792792793,25307
0.5295441755768149,25308
0.5298087739032621,25309
0.5300730747611018,25310
0.5303370786516854,25311
0.5306007860752386,25312
0.5308641975308642,25313
0.5305664610207516,25314
0.530829596412556,25315
0.5305322128851541,25316
0.5307950727883539,25317
0.5304980414101846,25318
0.5307606263982103,25319
0.5304639463387367,25320
0.5301675977653632,25321
0.5304299274148521,25322
0.5306919642857143,25323
0.5309537088678193,25324
0.5306577480490524,25325
0.5303621169916435,25326
0.5306236080178174,25327
0.5308848080133556,25328
0.5305895439377085,25329
0.5308504724847137,25330
0.5311111111111111,25331
0.5308162132148806,25332
0.5305216426193119,25333
0.5307820299500832,25334
0.5304878048780488,25335
0.5307479224376731,25336
0.530454042081949,25337
0.5307138904261206,25338
0.5304203539823009,25339
0.5301271420674406,25340
0.5303867403314917,25341
0.5306460519050249,25342
0.5303532008830022,25343
0.5306122448979592,25344
0.5308710033076075,25345
0.5305785123966942,25346
0.5302863436123348,25347
0.5299944964226747,25348
0.5297029702970297,25349
0.5299615173172073,25350
0.5302197802197802,25351
0.5304777594728172,25352
0.530735455543359,25353
0.5309928688974218,25354
0.53125,25355
0.5315068493150685,25356
0.531763417305586,25357
0.5320197044334976,25358
0.5317286652078774,25359
0.5319846910880263,25360
0.5322404371584699,25361
0.5319497542326598,25362
0.5322052401746725,25363
0.5324604473540644,25364
0.5321701199563795,25365
0.532425068119891,25366
0.5326797385620915,25367
0.5323897659227,25368
0.5326441784548422,25369
0.5323545405111474,25370
0.532608695652174,25371
0.532319391634981,25372
0.5325732899022801,25373
0.5328269126424309,25374
0.5325379609544468,25375
0.5327913279132791,25376
0.5325027085590466,25377
0.5322144017325392,25378
0.5324675324675324,25379
0.5327203893996755,25380
0.532972972972973,25381
0.5332252836304701,25382
0.5334773218142549,25383
0.5337290879654614,25384
0.5339805825242718,25385
0.5342318059299191,25386
0.5344827586206896,25387
0.5341949380721593,25388
0.5339074273412271,25389
0.534158149542765,25390
0.5344086021505376,25391
0.5341214400859753,25392
0.5338345864661654,25393
0.5340848094471283,25394
0.5343347639484979,25395
0.5345844504021448,25396
0.5348338692390139,25397
0.535083020889127,25398
0.534796573875803,25399
0.5350454788657036,25400
0.5352941176470588,25401
0.5350080171031534,25402
0.5347222222222222,25403
0.5349706353443673,25404
0.5346851654215582,25405
0.5344,25406
0.5341151385927505,25407
0.5338305807139052,25408
0.5340788072417465,25409
0.533794571580628,25410
0.5340425531914894,25411
0.5342902711323764,25412
0.5345377258235919,25413
0.534784917684546,25414
0.5345010615711253,25415
0.5347480106100796,25416
0.5349946977730647,25417
0.5347111817700053,25418
0.534957627118644,25419
0.5346744309158284,25420
0.5343915343915344,25421
0.5346377578001058,25422
0.5348837209302325,25423
0.5346011621764395,25424
0.5343189017951425,25425
0.5345646437994723,25426
0.5348101265822784,25427
0.5350553505535055,25428
0.5347734457323499,25429
0.5350184307530279,25430
0.5347368421052632,25431
0.5349815886375592,25432
0.5347003154574133,25433
0.534944823962165,25434
0.5351890756302521,25435
0.5349081364829397,25436
0.5346274921301154,25437
0.534347142108023,25438
0.5340670859538784,25439
0.533787323205867,25440
0.5340314136125655,25441
0.5342752485609629,25442
0.5339958158995816,25443
0.5337166753789859,25444
0.5339602925809822,25445
0.5336814621409922,25446
0.5334029227557411,25447
0.5331246739697444,25448
0.5328467153284672,25449
0.5330901511203752,25450
0.5328125,25451
0.5325351379489849,25452
0.532258064516129,25453
0.53198127925117,25454
0.5322245322245323,25455
0.531948051948052,25456
0.5316718587746625,25457
0.5313959522573949,25458
0.5311203319502075,25459
0.5308449974079834,25460
0.5310880829015544,25461
0.5308130502330399,25462
0.531055900621118,25463
0.5307811691670977,25464
0.5305067218200621,25465
0.5302325581395348,25466
0.5299586776859504,25467
0.5302013422818792,25468
0.5304437564499485,25469
0.5301701908200103,25470
0.5304123711340206,25471
0.5301391035548686,25472
0.5303810504634398,25473
0.5301080802882141,25474
0.529835390946502,25475
0.5300771208226221,25476
0.5298047276464543,25477
0.529532614278377,25478
0.5292607802874744,25479
0.5289892252437147,25480
0.5287179487179487,25481
0.5289595079446437,25482
0.5286885245901639,25483
0.5289298515104967,25484
0.5286591606960082,25485
0.528388746803069,25486
0.5286298568507157,25487
0.5288707204905467,25488
0.5286006128702758,25489
0.5288412455334355,25490
0.5285714285714286,25491
0.5283018867924528,25492
0.528032619775739,25493
0.5282730514518594,25494
0.5285132382892057,25495
0.5282442748091603,25496
0.5284842319430315,25497
0.5282155566853076,25498
0.5284552845528455,25499
0.5286947689182326,25500
0.5289340101522843,25501
0.5291730086250634,25502
0.5294117647058824,25503
0.5296502787633046,25504
0.5298885511651469,25505
0.529620253164557,25506
0.5298582995951417,25507
0.5295902883156297,25508
0.5298281092012134,25509
0.5300656897422941,25510
0.5303030303030303,25511
0.5300353356890459,25512
0.5302724520686175,25513
0.5300050428643469,25514
0.5297379032258065,25515
0.5294710327455919,25516
0.5292044310171199,25517
0.5289380976346251,25518
0.528672032193159,25519
0.5289089994972348,25520
0.5291457286432161,25521
0.5288799598191863,25522
0.5291164658634538,25523
0.5288509784244857,25524
0.529087261785356,25525
0.5293233082706766,25526
0.529559118236473,25527
0.5297946920380571,25528
0.53003003003003,25529
0.5297648824412207,25530
0.53,25531
0.5302348825587206,25532
0.52997002997003,25533
0.5302046929605592,25534
0.5299401197604791,25535
0.5301745635910224,25536
0.5299102691924227,25537
0.5296462381664175,25538
0.5298804780876494,25539
0.5301144848183176,25540
0.5303482587064676,25541
0.530581800099453,25542
0.5308151093439364,25543
0.5310481867858917,25544
0.5312810327706058,25545
0.5315136476426799,25546
0.53125,25547
0.5309866137828458,25548
0.5307234886025768,25549
0.5309559187716691,25550
0.5306930693069307,25551
0.5309252845126176,25552
0.5311572700296736,25553
0.5313890261987148,25554
0.5316205533596838,25555
0.5318518518518518,25556
0.5315893385982231,25557
0.5318204242723237,25558
0.532051282051282,25559
0.5322819122720552,25560
0.532512315270936,25561
0.5327424913835549,25562
0.53248031496063,25563
0.5327102803738317,25564
0.5329400196656834,25565
0.5326781326781327,25566
0.5324165029469549,25567
0.5326460481099656,25568
0.5323846908734053,25569
0.5321235899950957,25570
0.5323529411764706,25571
0.5320921117099461,25572
0.5323212536728698,25573
0.5320606950562897,25574
0.5322896281800391,25575
0.5320293398533007,25576
0.5317693059628543,25577
0.5315095261358085,25578
0.53125,25579
0.5309907271839922,25580
0.531219512195122,25581
0.5309605070697221,25582
0.5311890838206628,25583
0.5314174378957623,25584
0.5311587147030185,25585
0.5309002433090024,25586
0.5311284046692607,25587
0.5308701993193972,25588
0.5310981535471332,25589
0.5308402136959689,25590
0.5310679611650485,25591
0.5312954876273653,25592
0.5315227934044617,25593
0.5312651478429472,25594
0.5314922480620154,25595
0.5317191283292978,25596
0.531945788964182,25597
0.5316884373488147,25598
0.531431334622824,25599
0.5311744804253262,25600
0.5309178743961352,25601
0.5311443746982134,25602
0.5308880308880309,25603
0.5306319343945972,25604
0.5303760848601736,25605
0.5306024096385542,25606
0.5308285163776493,25607
0.5310544053923929,25608
0.5312800769971127,25609
0.5315055315055315,25610
0.5317307692307692,25611
0.5314752522825564,25612
0.5312199807877042,25613
0.5309649543927029,25614
0.531190019193858,25615
0.5314148681055156,25616
0.5311601150527325,25617
0.5313847628174413,25618
0.5311302681992337,25619
0.5308760172331259,25620
0.530622009569378,25621
0.5303682448589192,25622
0.5305927342256214,25623
0.5303392259913999,25624
0.5300859598853869,25625
0.5303102625298329,25626
0.5300572519083969,25627
0.5302813543156891,25628
0.5305052430886559,25629
0.5302525011910434,25630
0.5304761904761904,25631
0.5306996668253213,25632
0.5309229305423406,25633
0.5306704707560628,25634
0.5304182509505704,25635
0.5306413301662708,25636
0.5303893637226971,25637
0.5306122448979592,25638
0.5308349146110057,25639
0.5305832147937412,25640
0.5308056872037915,25641
0.5310279488394126,25642
0.53125,25643
0.5314718409843824,25644
0.5312204351939451,25645
0.5314420803782506,25646
0.5311909262759924,25647
0.5309400094473311,25648
0.5306893295561851,25649
0.5309108069844266,25650
0.5306603773584906,25651
0.5304101838755304,25652
0.530631479736098,25653
0.5308525671219971,25654
0.5310734463276836,25655
0.5308235294117647,25656
0.5305738476011289,25657
0.5303244005641748,25658
0.5305451127819549,25659
0.530295913574448,25660
0.5300469483568075,25661
0.5302674800563116,25662
0.5300187617260788,25663
0.5297702766057196,25664
0.5295220243673852,25665
0.5292740046838408,25666
0.5290262172284644,25667
0.5287786616752457,25668
0.5285313376987839,25669
0.528284244974287,25670
0.5285046728971963,25671
0.528724894908921,25672
0.5284780578898226,25673
0.5282314512365842,25674
0.5279850746268657,25675
0.5282051282051282,25676
0.5279589934762349,25677
0.528178854215184,25678
0.5279329608938548,25679
0.5276872964169381,25680
0.5274418604651163,25681
0.5276615527661552,25682
0.5274163568773235,25683
0.5276358569437993,25684
0.5278551532033426,25685
0.5276102088167053,25686
0.5273654916512059,25687
0.5275846082522021,25688
0.5278035217794254,25689
0.5275590551181102,25690
0.5273148148148148,25691
0.5270708005552984,25692
0.5272895467160037,25693
0.5270457697642164,25694
0.527264325323475,25695
0.5270207852193995,25696
0.5267774699907664,25697
0.5269958467928011,25698
0.5267527675276753,25699
0.5265099124020286,25700
0.5262672811059907,25701
0.5264854905573468,25702
0.5267034990791897,25703
0.5269213069489186,25704
0.5271389144434223,25705
0.526896551724138,25706
0.5271139705882353,25707
0.5268718419843822,25708
0.5266299357208448,25709
0.5268471776044057,25710
0.5270642201834862,25711
0.5268225584594223,25712
0.5270394133822182,25713
0.5267979844251031,25714
0.5265567765567766,25715
0.5267734553775744,25716
0.5269899359560841,25717
0.5272062185642432,25718
0.5274223034734917,25719
0.5276381909547738,25720
0.5278538812785388,25721
0.5280693747147421,25722
0.5282846715328468,25723
0.528499772001824,25724
0.5282588878760255,25725
0.5280182232346241,25726
0.5282331511839709,25727
0.5279927173418297,25728
0.5277525022747953,25729
0.5279672578444747,25730
0.5281818181818182,25731
0.5279418446160836,25732
0.5277020890099909,25733
0.5279164775306401,25734
0.5276769509981851,25735
0.527437641723356,25736
0.527651858567543,25737
0.5278658812868147,25738
0.5276268115942029,25739
0.5273879583521955,25740
0.5271493212669683,25741
0.5269109000452284,25742
0.5266726943942134,25743
0.52643470402169,25744
0.5266485998193315,25745
0.526410835214447,25746
0.526173285198556,25747
0.525935949481281,25748
0.5261496844003607,25749
0.5263632266786841,25750
0.5261261261261261,25751
0.5263394867176947,25752
0.5265526552655265,25753
0.5263157894736842,25754
0.5265287769784173,25755
0.5262921348314606,25756
0.5265049415992812,25757
0.5267175572519084,25758
0.5269299820466786,25759
0.5266935845670704,25760
0.5269058295964125,25761
0.5271178843567906,25762
0.5268817204301075,25763
0.5270935960591133,25764
0.5273052820053715,25765
0.5275167785234899,25766
0.5277280858676208,25767
0.5279392042914618,25768
0.5277033065236819,25769
0.5279142474318892,25770
0.5276785714285714,25771
0.5274431057563588,25772
0.5276538804638715,25773
0.5278644672313866,25774
0.5276292335115864,25775
0.5273942093541203,25776
0.5271593944790739,25777
0.527369826435247,25778
0.527135231316726,25779
0.52690084481992,25780
0.5271111111111111,25781
0.5268769435806309,25782
0.5266429840142096,25783
0.5264092321349312,25784
0.5261756876663709,25785
0.5263858093126386,25786
0.526595744680851,25787
0.5263624280017722,25788
0.5265721877767936,25789
0.5267817618415228,25790
0.5269911504424779,25791
0.5272003538257408,25792
0.5269672855879752,25793
0.5267344233318604,25794
0.5269434628975265,25795
0.5271523178807948,25796
0.526919682259488,25797
0.5266872518747243,25798
0.5268959435626103,25799
0.5271044513001322,25800
0.5268722466960353,25801
0.5270805812417437,25802
0.5272887323943662,25803
0.5270567531896172,25804
0.5268249780123131,25805
0.527032967032967,25806
0.5272407732864675,25807
0.5274483970136145,25808
0.5272168568920106,25809
0.5269855199648968,25810
0.5271929824561403,25811
0.5269618588338448,25812
0.5271691498685364,25813
0.5273762593079282,25814
0.5271453590192644,25815
0.5269146608315098,25816
0.5271216097987752,25817
0.5273283777874945,25818
0.5270979020979021,25819
0.527304499781564,25820
0.5275109170305677,25821
0.5272806634657354,25822
0.5270506108202443,25823
0.5272568687309201,25824
0.527027027027027,25825
0.526797385620915,25826
0.5265679442508711,25827
0.5267740531127557,25828
0.5265448215839861,25829
0.526750761200522,25830
0.5265217391304348,25831
0.5267275097783573,25832
0.5269331016507385,25833
0.5271385149804603,25834
0.52734375,25835
0.5275488069414317,25836
0.5273200346921075,25837
0.5270914607715648,25838
0.5272963604852686,25839
0.527067994802945,25840
0.5272727272727272,25841
0.5274772825616616,25842
0.5272491349480969,25843
0.527453523562473,25844
0.5276577355229041,25845
0.5278617710583153,25846
0.5276338514680483,25847
0.5278377211911955,25848
0.5276100086281277,25849
0.5273824924536438,25850
0.5271551724137931,25851
0.5273588970271434,25852
0.5271317829457365,25853
0.5273353422298752,25854
0.5271084337349398,25855
0.5268817204301075,25856
0.5270851246775581,25857
0.5268586162440911,25858
0.5266323024054983,25859
0.5268355517389438,25860
0.5266094420600859,25861
0.5268125268125268,25862
0.5270154373927959,25863
0.5272181740248607,25864
0.5269922879177378,25865
0.5267665952890792,25866
0.5269691780821918,25867
0.5271715875053488,25868
0.5273738237810094,25869
0.5275758871312527,25870
0.5273504273504274,25871
0.5271251601879539,25872
0.5269000853970965,25873
0.5271020059752454,25874
0.5268771331058021,25875
0.5270788912579958,25876
0.5272804774083546,25877
0.5274818917767362,25878
0.5272572402044293,25879
0.5270327799063431,25880
0.5272340425531915,25881
0.5274351339855381,25882
inf,25883
1.0,25884
0.5,25885
0.6666666666666666,25886
0.75,25887
0.8,25888
0.8333333333333334,25889
0.8571428571428571,25890
0.75,25891
0.7777777777777778,25892
0.8,25893
0.8181818181818182,25894
0.8333333333333334,25895
0.7692307692307693,25896
0.7142857142857143,25897
0.7333333333333333,25898
0.75,25899
0.7647058823529411,25900
0.7777777777777778,25901
0.7368421052631579,25902
0.7,25903
0.6666666666666666,25904
0.6818181818181818,25905
0.6521739130434783,25906
0.625,25907
0.64,25908
0.6153846153846154,25909
0.6296296296296297,25910
0.6428571428571429,25911
0.6551724137931034,25912
0.6333333333333333,25913
0.6129032258064516,25914
0.59375,25915
0.5757575757575758,25916
0.5882352941176471,25917
0.5714285714285714,25918
0.5555555555555556,25919
0.5675675675675675,25920
0.5526315789473685,25921
0.5384615384615384,25922
0.525,25923
0.5121951219512195,25924
0.5,25925
0.5116279069767442,25926
0.5227272727272727,25927
0.5111111111111111,25928
0.5,25929
0.48936170212765956,25930
0.4791666666666667,25931
0.4897959183673469,25932
0.48,25933
0.47058823529411764,25934
0.4807692307692308,25935
0.4716981132075472,25936
0.48148148148148145,25937
0.4909090909090909,25938
0.48214285714285715,25939
0.47368421052631576,25940
0.4827586206896552,25941
0.4745762711864407,25942
0.4666666666666667,25943
0.47540983606557374,25944
0.46774193548387094,25945
0.47619047619047616,25946
0.484375,25947
0.47692307692307695,25948
0.48484848484848486,25949
0.4925373134328358,25950
0.4852941176470588,25951
0.4927536231884058,25952
0.4857142857142857,25953
0.49295774647887325,25954
0.5,25955
0.4931506849315068,25956
0.5,25957
0.5066666666666667,25958
0.5,25959
0.4935064935064935,25960
0.48717948717948717,25961
0.4936708860759494,25962
0.4875,25963
0.48148148148148145,25964
0.4878048780487805,25965
0.4819277108433735,25966
0.47619047619047616,25967
0.47058823529411764,25968
0.46511627906976744,25969
0.47126436781609193,25970
0.4659090909090909,25971
0.4606741573033708,25972
0.45555555555555555,25973
0.45054945054945056,25974
0.44565217391304346,25975
0.45161290322580644,25976
0.4574468085106383,25977
0.45263157894736844,25978
0.4583333333333333,25979
0.4639175257731959,25980
0.45918367346938777,25981
0.46464646464646464,25982
0.46,25983
0.46534653465346537,25984
0.47058823529411764,25985
0.47572815533980584,25986
0.4807692307692308,25987
0.4857142857142857,25988
0.4811320754716981,25989
0.48598130841121495,25990
0.48148148148148145,25991
0.48623853211009177,25992
0.4909090909090909,25993
0.4954954954954955,25994
0.5,25995
0.504424778761062,25996
0.5087719298245614,25997
0.5043478260869565,25998
0.5086206896551724,25999
0.5042735042735043,26000
0.5,26001
0.4957983193277311,26002
0.49166666666666664,26003
0.49586776859504134,26004
0.4918032786885246,26005
0.4959349593495935,26006
0.5,26007
0.496,26008
0.5,26009
0.5039370078740157,26010
0.5,26011
0.5038759689922481,26012
0.5,26013
0.5038167938931297,26014
0.5075757575757576,26015
0.5037593984962406,26016
0.5074626865671642,26017
0.5037037037037037,26018
0.5073529411764706,26019
0.5109489051094891,26020
0.5072463768115942,26021
0.5035971223021583,26022
0.5071428571428571,26023
0.5035460992907801,26024
0.5070422535211268,26025
0.5104895104895105,26026
0.5069444444444444,26027
0.503448275862069,26028
0.5068493150684932,26029
0.5102040816326531,26030
0.5135135135135135,26031
0.5100671140939598,26032
0.5133333333333333,26033
0.5165562913907285,26034
0.5197368421052632,26035
0.5228758169934641,26036
0.5194805194805194,26037
0.5161290322580645,26038
0.5128205128205128,26039
0.5095541401273885,26040
0.5126582278481012,26041
0.5094339622641509,26042
0.50625,26043
0.5093167701863354,26044
0.5061728395061729,26045
0.5030674846625767,26046
0.5,26047
0.49696969696969695,26048
0.4939759036144578,26049
0.49101796407185627,26050
0.49404761904761907,26051
0.4970414201183432,26052
0.5,26053
0.5029239766081871,26054
0.5058139534883721,26055
0.5086705202312138,26056
0.5057471264367817,26057
0.5085714285714286,26058
0.5113636363636364,26059
0.5141242937853108,26060
0.5168539325842697,26061
0.5139664804469274,26062
0.5166666666666667,26063
0.5193370165745856,26064
0.521978021978022,26065
0.5245901639344263,26066
0.5217391304347826,26067
0.5243243243243243,26068
0.5268817204301075,26069
0.5240641711229946,26070
0.5212765957446809,26071
0.5238095238095238,26072
0.5210526315789473,26073
0.518324607329843,26074
0.515625,26075
0.5129533678756477,26076
0.5103092783505154,26077
0.5076923076923077,26078
0.5102040816326531,26079
0.5126903553299492,26080
0.5151515151515151,26081
0.5175879396984925,26082
0.515,26083
0.5174129353233831,26084
0.5198019801980198,26085
0.5172413793103449,26086
0.5147058823529411,26087
0.5121951219512195,26088
0.5145631067961165,26089
0.5169082125603864,26090
0.5192307692307693,26091
0.5215311004784688,26092
0.5238095238095238,26093
0.5260663507109005,26094
0.5283018867924528,26095
0.5305164319248826,26096
0.5280373831775701,26097
0.5302325581395348,26098
0.5324074074074074,26099
0.5299539170506913,26100
0.5321100917431193,26101
0.5296803652968036,26102
0.5318181818181819,26103
0.5294117647058824,26104
0.527027027027027,26105
0.5246636771300448,26106
0.5223214285714286,26107
0.5244444444444445,26108
0.5221238938053098,26109
0.5242290748898678,26110
0.5263157894736842,26111
0.5240174672489083,26112
0.5217391304347826,26113
0.5238095238095238,26114
0.5258620689655172,26115
0.5278969957081545,26116
0.5256410256410257,26117
0.5234042553191489,26118
0.5211864406779662,26119
0.5189873417721519,26120
0.5210084033613446,26121
0.5188284518828452,26122
0.5208333333333334,26123
0.5228215767634855,26124
0.5247933884297521,26125
0.5267489711934157,26126
0.5245901639344263,26127
0.5265306122448979,26128
0.524390243902439,26129
0.5263157894736842,26130
0.5282258064516129,26131
0.5261044176706827,26132
0.524,26133
0.5219123505976095,26134
0.5198412698412699,26135
0.5177865612648221,26136
0.515748031496063,26137
0.5137254901960784,26138
0.515625,26139
0.5175097276264592,26140
0.5155038759689923,26141
0.5135135135135135,26142
0.5115384615384615,26143
0.5134099616858238,26144
0.5114503816793893,26145
0.5133079847908745,26146
0.5113636363636364,26147
0.5132075471698113,26148
0.5112781954887218,26149
0.5093632958801498,26150
0.5111940298507462,26151
0.5092936802973977,26152
0.5111111111111111,26153
0.5129151291512916,26154
0.5147058823529411,26155
0.5164835164835165,26156
0.5145985401459854,26157
0.5127272727272727,26158
0.5108695652173914,26159
0.5126353790613718,26160
0.5107913669064749,26161
0.5125448028673835,26162
0.5142857142857142,26163
0.5160142348754448,26164
0.5141843971631206,26165
0.5123674911660777,26166
0.5105633802816901,26167
0.512280701754386,26168
0.5104895104895105,26169
0.5087108013937283,26170
0.5104166666666666,26171
0.5121107266435986,26172
0.5137931034482759,26173
0.5120274914089347,26174
0.5102739726027398,26175
0.5119453924914675,26176
0.5102040816326531,26177
0.5084745762711864,26178
0.5101351351351351,26179
0.5117845117845118,26180
0.5134228187919463,26181
0.5117056856187291,26182
0.51,26183
0.5083056478405316,26184
0.5066225165562914,26185
0.5082508250825083,26186
0.5098684210526315,26187
0.5114754098360655,26188
0.5130718954248366,26189
0.5146579804560261,26190
0.512987012987013,26191
0.511326860841424,26192
0.5129032258064516,26193
0.5144694533762058,26194
0.5128205128205128,26195
0.5143769968051118,26196
0.5127388535031847,26197
0.5142857142857142,26198
0.5126582278481012,26199
0.5141955835962145,26200
0.5157232704402516,26201
0.5172413793103449,26202
0.515625,26203
0.514018691588785,26204
0.5124223602484472,26205
0.5139318885448917,26206
0.5123456790123457,26207
0.5107692307692308,26208
0.50920245398773,26209
0.5107033639143731,26210
0.5091463414634146,26211
0.5075987841945289,26212
0.509090909090909,26213
0.5105740181268882,26214
0.5120481927710844,26215
0.5135135135135135,26216
0.5149700598802395,26217
0.5134328358208955,26218
0.5148809523809523,26219
0.5133531157270029,26220
0.5118343195266272,26221
0.5103244837758112,26222
0.5088235294117647,26223
0.5073313782991202,26224
0.5087719298245614,26225
0.5072886297376094,26226
0.5087209302325582,26227
0.5072463768115942,26228
0.5086705202312138,26229
0.5100864553314121,26230
0.5114942528735632,26231
0.5128939828080229,26232
0.5114285714285715,26233
0.5128205128205128,26234
0.5113636363636364,26235
0.509915014164306,26236
0.5084745762711864,26237
0.5098591549295775,26238
0.5112359550561798,26239
0.5126050420168067,26240
0.5139664804469274,26241
0.5153203342618384,26242
0.5138888888888888,26243
0.5124653739612188,26244
0.5138121546961326,26245
0.512396694214876,26246
0.5137362637362637,26247
0.5123287671232877,26248
0.5136612021857924,26249
0.5122615803814714,26250
0.5108695652173914,26251
0.5121951219512195,26252
0.5135135135135135,26253
0.5148247978436657,26254
0.5161290322580645,26255
0.514745308310992,26256
0.516042780748663,26257
0.5173333333333333,26258
0.5186170212765957,26259
0.519893899204244,26260
0.5185185185185185,26261
0.5197889182058048,26262
0.5210526315789473,26263
0.5196850393700787,26264
0.5209424083769634,26265
0.5221932114882507,26266
0.5208333333333334,26267
0.522077922077922,26268
0.5233160621761658,26269
0.524547803617571,26270
0.5257731958762887,26271
0.5269922879177378,26272
0.5282051282051282,26273
0.5294117647058824,26274
0.5280612244897959,26275
0.5292620865139949,26276
0.5279187817258884,26277
0.529113924050633,26278
0.5303030303030303,26279
0.5314861460957179,26280
0.5301507537688442,26281
0.531328320802005,26282
0.5325,26283
0.5336658354114713,26284
0.5348258706467661,26285
0.533498759305211,26286
0.5321782178217822,26287
0.5308641975308642,26288
0.5295566502463054,26289
0.5307125307125307,26290
0.5294117647058824,26291
0.5281173594132029,26292
0.526829268292683,26293
0.5279805352798054,26294
0.529126213592233,26295
0.5302663438256658,26296
0.5289855072463768,26297
0.5301204819277109,26298
0.53125,26299
0.5299760191846523,26300
0.5311004784688995,26301
0.5298329355608592,26302
0.5285714285714286,26303
0.5273159144893111,26304
0.5284360189573459,26305
0.5271867612293144,26306
0.5283018867924528,26307
0.5270588235294118,26308
0.528169014084507,26309
0.5292740046838408,26310
0.530373831775701,26311
0.5314685314685315,26312
0.5325581395348837,26313
0.5336426914153132,26314
0.5324074074074074,26315
0.5334872979214781,26316
0.5345622119815668,26317
0.5333333333333333,26318
0.5321100917431193,26319
0.5308924485125858,26320
0.5296803652968036,26321
0.5284738041002278,26322
0.5272727272727272,26323
0.5260770975056689,26324
0.5271493212669683,26325
0.5282167042889391,26326
0.5292792792792793,26327
0.5280898876404494,26328
0.5269058295964125,26329
0.5279642058165548,26330
0.5290178571428571,26331
0.5300668151447662,26332
0.5288888888888889,26333
0.5299334811529933,26334
0.5309734513274337,26335
0.5298013245033113,26336
0.5308370044052864,26337
0.5318681318681319,26338
0.5307017543859649,26339
0.5317286652078774,26340
0.5305676855895196,26341
0.5315904139433552,26342
0.532608695652174,26343
0.5336225596529284,26344
0.5346320346320347,26345
0.5356371490280778,26346
0.5344827586206896,26347
0.535483870967742,26348
0.5343347639484979,26349
0.5331905781584583,26350
0.5341880341880342,26351
0.535181236673774,26352
0.5340425531914894,26353
0.535031847133758,26354
0.5338983050847458,26355
0.5348837209302325,26356
0.5337552742616034,26357
0.5326315789473685,26358
0.5315126050420168,26359
0.5303983228511531,26360
0.5292887029288703,26361
0.5302713987473904,26362
0.5291666666666667,26363
0.5301455301455301,26364
0.5311203319502075,26365
0.5300207039337475,26366
0.53099173553719,26367
0.5298969072164949,26368
0.5308641975308642,26369
0.5297741273100616,26370
0.5307377049180327,26371
0.5296523517382413,26372
0.5285714285714286,26373
0.5295315682281059,26374
0.5304878048780488,26375
0.5294117647058824,26376
0.52834008097166,26377
0.5292929292929293,26378
0.5282258064516129,26379
0.5271629778672032,26380
0.5261044176706827,26381
0.5250501002004008,26382
0.526,26383
0.5249500998003992,26384
0.5239043824701195,26385
0.5248508946322068,26386
0.5238095238095238,26387
0.5227722772277228,26388
0.5237154150197628,26389
0.5226824457593688,26390
0.5236220472440944,26391
0.5225933202357563,26392
0.5235294117647059,26393
0.5225048923679061,26394
0.5234375,26395
0.5224171539961013,26396
0.5233463035019456,26397
0.5242718446601942,26398
0.5232558139534884,26399
0.5241779497098646,26400
0.5231660231660231,26401
0.5221579961464354,26402
0.5230769230769231,26403
0.5220729366602687,26404
0.5229885057471264,26405
0.5219885277246654,26406
0.5209923664122137,26407
0.5219047619047619,26408
0.5228136882129277,26409
0.5218216318785579,26410
0.5208333333333334,26411
0.5217391304347826,26412
0.5226415094339623,26413
0.5235404896421846,26414
0.5244360902255639,26415
0.525328330206379,26416
0.5243445692883895,26417
0.5233644859813084,26418
0.5242537313432836,26419
0.5251396648044693,26420
0.5260223048327137,26421
0.5269016697588126,26422
0.5259259259259259,26423
0.5249537892791127,26424
0.5239852398523985,26425
0.5230202578268877,26426
0.5220588235294118,26427
0.5211009174311927,26428
0.521978021978022,26429
0.5210237659963437,26430
0.5218978102189781,26431
0.5209471766848816,26432
0.52,26433
0.5208711433756806,26434
0.5217391304347826,26435
0.5207956600361664,26436
0.5216606498194946,26437
0.5225225225225225,26438
0.5233812949640287,26439
0.5224416517055656,26440
0.5232974910394266,26441
0.5241502683363148,26442
0.525,26443
0.5258467023172906,26444
0.5249110320284698,26445
0.5239786856127886,26446
0.5230496453900709,26447
0.5221238938053098,26448
0.5229681978798587,26449
0.5220458553791887,26450
0.5211267605633803,26451
0.5219683655536028,26452
0.5228070175438596,26453
0.521891418563923,26454
0.5227272727272727,26455
0.5218150087260035,26456
0.5209059233449478,26457
0.52,26458
0.5208333333333334,26459
0.5216637781629117,26460
0.5224913494809689,26461
0.5233160621761658,26462
0.5241379310344828,26463
0.5249569707401033,26464
0.5257731958762887,26465
0.5265866209262435,26466
0.5273972602739726,26467
0.5282051282051282,26468
0.5290102389078498,26469
0.5298126064735945,26470
0.5306122448979592,26471
0.5314091680814941,26472
0.5322033898305085,26473
0.5313028764805414,26474
0.5304054054054054,26475
0.5311973018549747,26476
0.5303030303030303,26477
0.5310924369747899,26478
0.5318791946308725,26479
0.5326633165829145,26480
0.5317725752508361,26481
0.5308848080133556,26482
0.5316666666666666,26483
0.5307820299500832,26484
0.53156146179402,26485
0.5323383084577115,26486
0.5331125827814569,26487
0.5322314049586777,26488
0.5313531353135313,26489
0.5321252059308073,26490
0.5328947368421053,26491
0.5320197044334976,26492
0.5327868852459017,26493
0.5319148936170213,26494
0.5326797385620915,26495
0.531810766721044,26496
0.5325732899022801,26497
0.5333333333333333,26498
0.5340909090909091,26499
0.5348460291734197,26500
0.5339805825242718,26501
0.5331179321486268,26502
0.532258064516129,26503
0.5314009661835749,26504
0.5321543408360129,26505
0.5329052969502408,26506
0.5336538461538461,26507
0.5344,26508
0.5335463258785943,26509
0.532695374800638,26510
0.5318471337579618,26511
0.5310015898251192,26512
0.5301587301587302,26513
0.5309033280507132,26514
0.5316455696202531,26515
0.5323854660347551,26516
0.5331230283911672,26517
0.5322834645669291,26518
0.5330188679245284,26519
0.533751962323391,26520
0.5344827586206896,26521
0.5352112676056338,26522
0.534375,26523
0.5351014040561622,26524
0.5358255451713395,26525
0.5349922239502333,26526
0.5357142857142857,26527
0.5348837209302325,26528
0.5356037151702786,26529
0.5363214837712519,26530
0.5354938271604939,26531
0.5346687211093991,26532
0.5338461538461539,26533
0.5345622119815668,26534
0.5337423312883436,26535
0.5344563552833078,26536
0.5336391437308868,26537
0.5343511450381679,26538
0.5350609756097561,26539
0.5357686453576864,26540
0.5349544072948328,26541
0.5341426403641881,26542
0.5348484848484848,26543
0.5355521936459909,26544
0.5362537764350453,26545
0.5369532428355958,26546
0.536144578313253,26547
0.5368421052631579,26548
0.536036036036036,26549
0.5367316341829086,26550
0.5374251497005988,26551
0.5366218236173393,26552
0.5373134328358209,26553
0.5365126676602087,26554
0.5372023809523809,26555
0.537890044576523,26556
0.5370919881305638,26557
0.5377777777777778,26558
0.5369822485207101,26559
0.5376661742983752,26560
0.5383480825958702,26561
0.5375552282768777,26562
0.538235294117647,26563
0.5389133627019089,26564
0.5395894428152492,26565
0.5402635431918009,26566
0.5409356725146199,26567
0.5416058394160584,26568
0.5408163265306123,26569
0.5400291120815138,26570
0.5406976744186046,26571
0.5413642960812772,26572
0.5420289855072464,26573
0.5426917510853835,26574
0.5433526011560693,26575
0.5425685425685426,26576
0.5432276657060519,26577
0.543884892086331,26578
0.5445402298850575,26579
0.5451936872309899,26580
0.5444126074498568,26581
0.5450643776824035,26582
0.5442857142857143,26583
0.543509272467903,26584
0.5441595441595442,26585
0.5433854907539118,26586
0.5440340909090909,26587
0.5446808510638298,26588
0.5439093484419264,26589
0.5445544554455446,26590
0.5437853107344632,26591
0.5444287729196051,26592
0.5450704225352113,26593
0.5443037974683544,26594
0.5435393258426966,26595
0.5427769985974754,26596
0.542016806722689,26597
0.5412587412587413,26598
0.5418994413407822,26599
0.5411436541143654,26600
0.541782729805014,26601
0.5424200278164116,26602
0.5416666666666666,26603
0.5423023578363384,26604
0.5415512465373962,26605
0.5421853388658368,26606
0.5414364640883977,26607
0.5420689655172414,26608
0.5413223140495868,26609
0.5419532324621733,26610
0.5412087912087912,26611
0.541838134430727,26612
0.5424657534246575,26613
0.5417236662106704,26614
0.5409836065573771,26615
0.5416098226466576,26616
0.5408719346049047,26617
0.5401360544217687,26618
0.5407608695652174,26619
0.5400271370420624,26620
0.5392953929539296,26621
0.5385656292286874,26622
0.5391891891891892,26623
0.5398110661268556,26624
0.5390835579514824,26625
0.5383580080753702,26626
0.5376344086021505,26627
0.5369127516778524,26628
0.5375335120643432,26629
0.5381526104417671,26630
0.5374331550802139,26631
0.5380507343124166,26632
0.5373333333333333,26633
0.5379494007989347,26634
0.538563829787234,26635
0.5391766268260292,26636
0.5397877984084881,26637
0.5390728476821192,26638
0.5383597883597884,26639
0.5376486129458389,26640
0.5369393139841688,26641
0.5362318840579711,26642
0.5368421052631579,26643
0.5361366622864652,26644
0.536745406824147,26645
0.5373525557011796,26646
0.5379581151832461,26647
0.5372549019607843,26648
0.5378590078328982,26649
0.5371577574967406,26650
0.5377604166666666,26651
0.5383615084525357,26652
0.5376623376623376,26653
0.5382619974059663,26654
0.538860103626943,26655
0.5394566623544631,26656
0.5387596899224806,26657
0.5380645161290323,26658
0.538659793814433,26659
0.5392535392535392,26660
0.5398457583547558,26661
0.540436456996149,26662
0.541025641025641,26663
0.5416133162612036,26664
0.5421994884910486,26665
0.5427841634738186,26666
0.5420918367346939,26667
0.5414012738853503,26668
0.5407124681933843,26669
0.5412960609911055,26670
0.5418781725888325,26671
0.5424588086185045,26672
0.5430379746835443,26673
0.5436156763590392,26674
0.5429292929292929,26675
0.5422446406052963,26676
0.5428211586901763,26677
0.5433962264150943,26678
0.5439698492462312,26679
0.5445420326223338,26680
0.543859649122807,26681
0.5444305381727159,26682
0.545,26683
0.5455680399500624,26684
0.5461346633416458,26685
0.5454545454545454,26686
0.5460199004975125,26687
0.546583850931677,26688
0.5471464019851117,26689
0.5477075588599752,26690
0.5482673267326733,26691
0.5488257107540173,26692
0.5481481481481482,26693
0.5474722564734895,26694
0.5480295566502463,26695
0.5485854858548586,26696
0.5491400491400491,26697
0.5484662576687117,26698
0.5477941176470589,26699
0.5471236230110159,26700
0.5476772616136919,26701
0.5482295482295483,26702
0.5475609756097561,26703
0.5468940316686967,26704
0.5474452554744526,26705
0.5479951397326853,26706
0.5485436893203883,26707
0.5490909090909091,26708
0.549636803874092,26709
0.5501813784764208,26710
0.5495169082125604,26711
0.548854041013269,26712
0.5493975903614458,26713
0.5499398315282792,26714
0.5504807692307693,26715
0.5510204081632653,26716
0.5515587529976019,26717
0.5508982035928144,26718
0.5514354066985646,26719
0.5519713261648745,26720
0.5525059665871122,26721
0.5530393325387366,26722
0.5535714285714286,26723
0.5529131985731273,26724
0.5522565320665083,26725
0.5516014234875445,26726
0.5521327014218009,26727
0.5514792899408284,26728
0.5520094562647754,26729
0.551357733175915,26730
0.5518867924528302,26731
0.5512367491166078,26732
0.5517647058823529,26733
0.5522914218566393,26734
0.5528169014084507,26735
0.552168815943728,26736
0.5526932084309133,26737
0.5532163742690058,26738
0.5537383177570093,26739
0.5542590431738623,26740
0.5547785547785548,26741
0.5541327124563445,26742
0.5534883720930233,26743
0.554006968641115,26744
0.5533642691415314,26745
0.5538818076477404,26746
0.5532407407407407,26747
0.5526011560693641,26748
0.5531177829099307,26749
0.5536332179930796,26750
inf,26751
1.0,26752
0.5,26753
0.6666666666666666,26754
0.5,26755
0.6,26756
0.6666666666666666,26757
0.5714285714285714,26758
0.625,26759
0.6666666666666666,26760
0.6,26761
0.6363636363636364,26762
0.6666666666666666,26763
0.6153846153846154,26764
0.6428571428571429,26765
0.6,26766
0.5625,26767
0.5294117647058824,26768
0.5,26769
0.47368421052631576,26770
0.45,26771
0.47619047619047616,26772
0.5,26773
0.5217391304347826,26774
0.5,26775
0.48,26776
0.5,26777
0.5185185185185185,26778
0.5,26779
0.5172413793103449,26780
0.5333333333333333,26781
0.5483870967741935,26782
0.53125,26783
0.5454545454545454,26784
0.5588235294117647,26785
0.5714285714285714,26786
0.5555555555555556,26787
0.5405405405405406,26788
0.5263157894736842,26789
0.5384615384615384,26790
0.525,26791
0.5121951219512195,26792
0.5,26793
0.5116279069767442,26794
0.5,26795
0.4888888888888889,26796
0.5,26797
0.48936170212765956,26798
0.4791666666666667,26799
0.46938775510204084,26800
0.48,26801
0.49019607843137253,26802
0.5,26803
0.5094339622641509,26804
0.5185185185185185,26805
0.509090909090909,26806
0.5178571428571429,26807
0.5087719298245614,26808
0.5,26809
0.4915254237288136,26810
0.5,26811
0.4918032786885246,26812
0.4838709677419355,26813
0.47619047619047616,26814
0.484375,26815
0.47692307692307695,26816
0.48484848484848486,26817
0.47761194029850745,26818
0.47058823529411764,26819
0.4782608695652174,26820
0.4857142857142857,26821
0.4788732394366197,26822
0.4861111111111111,26823
0.4931506849315068,26824
0.5,26825
0.49333333333333335,26826
0.4868421052631579,26827
0.4805194805194805,26828
0.48717948717948717,26829
0.4936708860759494,26830
0.5,26831
0.49382716049382713,26832
0.5,26833
0.5060240963855421,26834
0.5119047619047619,26835
0.5058823529411764,26836
0.5116279069767442,26837
0.5057471264367817,26838
0.5113636363636364,26839
0.5056179775280899,26840
0.5111111111111111,26841
0.5164835164835165,26842
0.5217391304347826,26843
0.5268817204301075,26844
0.5212765957446809,26845
0.5157894736842106,26846
0.5208333333333334,26847
0.5154639175257731,26848
0.5102040816326531,26849
0.5050505050505051,26850
0.51,26851
0.5148514851485149,26852
0.5098039215686274,26853
0.5145631067961165,26854
0.5192307692307693,26855
0.5238095238095238,26856
0.5283018867924528,26857
0.5327102803738317,26858
0.5370370370370371,26859
0.5412844036697247,26860
0.5363636363636364,26861
0.5315315315315315,26862
0.5357142857142857,26863
0.5398230088495575,26864
0.5350877192982456,26865
0.5391304347826087,26866
0.5344827586206896,26867
0.5299145299145299,26868
0.5254237288135594,26869
0.5294117647058824,26870
0.525,26871
0.5289256198347108,26872
0.5327868852459017,26873
0.5365853658536586,26874
0.532258064516129,26875
0.528,26876
0.5238095238095238,26877
0.5196850393700787,26878
0.5234375,26879
0.5193798449612403,26880
0.5153846153846153,26881
0.5190839694656488,26882
0.5151515151515151,26883
0.5112781954887218,26884
0.5149253731343284,26885
0.5111111111111111,26886
0.5073529411764706,26887
0.5036496350364964,26888
0.5072463768115942,26889
0.5035971223021583,26890
0.5071428571428571,26891
0.5035460992907801,26892
0.5,26893
0.5034965034965035,26894
0.5069444444444444,26895
0.503448275862069,26896
0.5,26897
0.5034013605442177,26898
0.5067567567567568,26899
0.5100671140939598,26900
0.5066666666666667,26901
0.5033112582781457,26902
0.5,26903
0.5032679738562091,26904
0.5064935064935064,26905
0.5096774193548387,26906
0.5128205128205128,26907
0.5095541401273885,26908
0.5063291139240507,26909
0.5031446540880503,26910
0.50625,26911
0.5093167701863354,26912
0.5061728395061729,26913
0.5030674846625767,26914
0.5060975609756098,26915
0.503030303030303,26916
0.5060240963855421,26917
0.5029940119760479,26918
0.5059523809523809,26919
0.5088757396449705,26920
0.5117647058823529,26921
0.5087719298245614,26922
0.5116279069767442,26923
0.5144508670520231,26924
0.5172413793103449,26925
0.52,26926
0.5170454545454546,26927
0.5141242937853108,26928
0.5112359550561798,26929
0.5083798882681564,26930
0.5111111111111111,26931
0.5082872928176796,26932
0.5054945054945055,26933
0.5081967213114754,26934
0.5054347826086957,26935
0.5081081081081081,26936
0.510752688172043,26937
0.5133689839572193,26938
0.5106382978723404,26939
0.5079365079365079,26940
0.5105263157894737,26941
0.5130890052356021,26942
0.5104166666666666,26943
0.5129533678756477,26944
0.5154639175257731,26945
0.5128205128205128,26946
0.5102040816326531,26947
0.5076142131979695,26948
0.51010101010101,26949
0.5125628140703518,26950
0.51,26951
0.5124378109452736,26952
0.5148514851485149,26953
0.5123152709359606,26954
0.5147058823529411,26955
0.5170731707317073,26956
0.5194174757281553,26957
0.5169082125603864,26958
0.5192307692307693,26959
0.5167464114832536,26960
0.5142857142857142,26961
0.5165876777251185,26962
0.5141509433962265,26963
0.5117370892018779,26964
0.514018691588785,26965
0.5162790697674419,26966
0.5185185185185185,26967
0.5161290322580645,26968
0.518348623853211,26969
0.5205479452054794,26970
0.5181818181818182,26971
0.5158371040723982,26972
0.5135135135135135,26973
0.5112107623318386,26974
0.5089285714285714,26975
0.5066666666666667,26976
0.5088495575221239,26977
0.5066079295154186,26978
0.5087719298245614,26979
0.5065502183406113,26980
0.5043478260869565,26981
0.5021645021645021,26982
0.5,26983
0.5021459227467812,26984
0.5,26985
0.502127659574468,26986
0.5042372881355932,26987
0.5063291139240507,26988
0.5042016806722689,26989
0.5062761506276151,26990
0.5083333333333333,26991
0.5062240663900415,26992
0.5082644628099173,26993
0.5061728395061729,26994
0.5081967213114754,26995
0.5102040816326531,26996
0.508130081300813,26997
0.5060728744939271,26998
0.5080645161290323,26999
0.5100401606425703,27000
0.508,27001
0.5059760956175299,27002
0.5079365079365079,27003
0.5059288537549407,27004
0.5039370078740157,27005
0.5019607843137255,27006
0.5,27007
0.5019455252918288,27008
0.5038759689922481,27009
0.5057915057915058,27010
0.5038461538461538,27011
0.5057471264367817,27012
0.5076335877862596,27013
0.5057034220532319,27014
0.5075757575757576,27015
0.5094339622641509,27016
0.5112781954887218,27017
0.5093632958801498,27018
0.5074626865671642,27019
0.5055762081784386,27020
0.5037037037037037,27021
0.5018450184501845,27022
0.5036764705882353,27023
0.5054945054945055,27024
0.5072992700729927,27025
0.509090909090909,27026
0.5108695652173914,27027
0.5126353790613718,27028
0.5143884892086331,27029
0.5161290322580645,27030
0.5142857142857142,27031
0.5124555160142349,27032
0.5141843971631206,27033
0.5123674911660777,27034
0.5105633802816901,27035
0.512280701754386,27036
0.513986013986014,27037
0.5121951219512195,27038
0.5104166666666666,27039
0.5121107266435986,27040
0.5103448275862069,27041
0.5085910652920962,27042
0.5102739726027398,27043
0.5119453924914675,27044
0.5102040816326531,27045
0.5084745762711864,27046
0.5101351351351351,27047
0.5084175084175084,27048
0.5067114093959731,27049
0.5050167224080268,27050
0.5033333333333333,27051
0.5016611295681063,27052
0.5033112582781457,27053
0.504950495049505,27054
0.5032894736842105,27055
0.5049180327868853,27056
0.5065359477124183,27057
0.504885993485342,27058
0.5032467532467533,27059
0.5016181229773463,27060
0.5032258064516129,27061
0.5048231511254019,27062
0.5032051282051282,27063
0.5047923322683706,27064
0.5031847133757962,27065
0.5047619047619047,27066
0.5031645569620253,27067
0.5047318611987381,27068
0.5062893081761006,27069
0.5047021943573667,27070
0.503125,27071
0.5015576323987538,27072
0.5031055900621118,27073
0.5015479876160991,27074
0.5030864197530864,27075
0.5046153846153846,27076
0.5030674846625767,27077
0.5015290519877675,27078
0.5,27079
0.5015197568389058,27080
0.5,27081
0.5015105740181269,27082
0.5030120481927711,27083
0.5045045045045045,27084
0.5059880239520959,27085
0.5074626865671642,27086
0.5059523809523809,27087
0.5074183976261127,27088
0.5088757396449705,27089
0.5073746312684366,27090
0.5088235294117647,27091
0.5102639296187683,27092
0.5116959064327485,27093
0.5102040816326531,27094
0.5116279069767442,27095
0.5101449275362319,27096
0.5086705202312138,27097
0.5100864553314121,27098
0.5114942528735632,27099
0.5100286532951289,27100
0.5085714285714286,27101
0.5071225071225072,27102
0.5056818181818182,27103
0.5070821529745042,27104
0.5056497175141242,27105
0.504225352112676,27106
0.5056179775280899,27107
0.5070028011204482,27108
0.5083798882681564,27109
0.5097493036211699,27110
0.5083333333333333,27111
0.5096952908587258,27112
0.5082872928176796,27113
0.509641873278237,27114
0.5082417582417582,27115
0.5095890410958904,27116
0.5109289617486339,27117
0.5122615803814714,27118
0.5135869565217391,27119
0.5121951219512195,27120
0.5108108108108108,27121
0.5121293800539084,27122
0.5134408602150538,27123
0.5120643431635389,27124
0.5133689839572193,27125
0.5146666666666667,27126
0.5132978723404256,27127
0.5145888594164456,27128
0.5158730158730159,27129
0.5171503957783641,27130
0.5157894736842106,27131
0.5144356955380578,27132
0.5157068062827225,27133
0.5143603133159269,27134
0.515625,27135
0.5168831168831168,27136
0.5181347150259067,27137
0.5167958656330749,27138
0.5154639175257731,27139
0.5141388174807198,27140
0.5128205128205128,27141
0.5115089514066496,27142
0.5127551020408163,27143
0.5114503816793893,27144
0.5126903553299492,27145
0.5139240506329114,27146
0.5126262626262627,27147
0.5138539042821159,27148
0.5125628140703518,27149
0.5137844611528822,27150
0.515,27151
0.516209476309227,27152
0.5149253731343284,27153
0.5136476426799007,27154
0.5148514851485149,27155
0.5160493827160494,27156
0.5172413793103449,27157
0.5184275184275184,27158
0.5196078431372549,27159
0.5183374083129584,27160
0.5195121951219512,27161
0.5206812652068127,27162
0.5194174757281553,27163
0.5205811138014528,27164
0.5193236714975845,27165
0.5180722891566265,27166
0.5192307692307693,27167
0.5203836930455635,27168
0.5215311004784688,27169
0.5202863961813843,27170
0.5214285714285715,27171
0.5225653206650831,27172
0.5213270142180095,27173
0.5224586288416075,27174
0.5212264150943396,27175
0.5223529411764706,27176
0.5211267605633803,27177
0.522248243559719,27178
0.5233644859813084,27179
0.5244755244755245,27180
0.5232558139534884,27181
0.5220417633410673,27182
0.5231481481481481,27183
0.5219399538106235,27184
0.5230414746543779,27185
0.5218390804597701,27186
0.5206422018348624,27187
0.5194508009153318,27188
0.5182648401826484,27189
0.5193621867881549,27190
0.5204545454545455,27191
0.5192743764172335,27192
0.5180995475113123,27193
0.5191873589164786,27194
0.5202702702702703,27195
0.5191011235955056,27196
0.5201793721973094,27197
0.5212527964205816,27198
0.5200892857142857,27199
0.5211581291759465,27200
0.5222222222222223,27201
0.5210643015521065,27202
0.5221238938053098,27203
0.5209713024282561,27204
0.5198237885462555,27205
0.5186813186813187,27206
0.5175438596491229,27207
0.5185995623632386,27208
0.517467248908297,27209
0.5163398692810458,27210
0.5173913043478261,27211
0.5184381778741866,27212
0.5194805194805194,27213
0.5205183585313174,27214
0.521551724137931,27215
0.5225806451612903,27216
0.5214592274678111,27217
0.5203426124197003,27218
0.5192307692307693,27219
0.5181236673773987,27220
0.5170212765957447,27221
0.5180467091295117,27222
0.5190677966101694,27223
0.5179704016913319,27224
0.5168776371308017,27225
0.5178947368421053,27226
0.5168067226890757,27227
0.5178197064989518,27228
0.5167364016736402,27229
0.5156576200417536,27230
0.5166666666666667,27231
0.5155925155925156,27232
0.516597510373444,27233
0.5175983436853002,27234
0.5165289256198347,27235
0.5175257731958763,27236
0.5185185185185185,27237
0.5195071868583162,27238
0.5204918032786885,27239
0.5214723926380368,27240
0.5224489795918368,27241
0.5234215885947047,27242
0.5223577235772358,27243
0.5233265720081136,27244
0.5222672064777328,27245
0.5232323232323233,27246
0.5221774193548387,27247
0.5231388329979879,27248
0.5240963855421686,27249
0.5230460921843687,27250
0.522,27251
0.5229540918163673,27252
0.5219123505976095,27253
0.5228628230616302,27254
0.5238095238095238,27255
0.5247524752475248,27256
0.5237154150197628,27257
0.52465483234714,27258
0.5236220472440944,27259
0.5245579567779961,27260
0.5254901960784314,27261
0.5244618395303327,27262
0.525390625,27263
0.5263157894736842,27264
0.5252918287937743,27265
0.5242718446601942,27266
0.5232558139534884,27267
0.5241779497098646,27268
0.525096525096525,27269
0.5240847784200385,27270
0.5230769230769231,27271
0.5239923224568138,27272
0.524904214559387,27273
0.5258126195028681,27274
0.5267175572519084,27275
0.5257142857142857,27276
0.526615969581749,27277
0.5275142314990512,27278
0.5284090909090909,27279
0.5274102079395085,27280
0.5264150943396226,27281
0.527306967984934,27282
0.5263157894736842,27283
0.525328330206379,27284
0.5262172284644194,27285
0.525233644859813,27286
0.5261194029850746,27287
0.5251396648044693,27288
0.5260223048327137,27289
0.5250463821892394,27290
0.524074074074074,27291
0.5249537892791127,27292
0.525830258302583,27293
0.5267034990791897,27294
0.5275735294117647,27295
0.5266055045871559,27296
0.5274725274725275,27297
0.526508226691042,27298
0.5273722627737226,27299
0.5282331511839709,27300
0.5272727272727272,27301
0.5281306715063521,27302
0.5289855072463768,27303
0.5298372513562387,27304
0.5288808664259927,27305
0.5297297297297298,27306
0.5305755395683454,27307
0.5314183123877917,27308
0.5304659498207885,27309
0.5295169946332737,27310
0.5285714285714286,27311
0.5294117647058824,27312
0.5284697508896797,27313
0.5293072824156305,27314
0.5283687943262412,27315
0.5292035398230088,27316
0.5282685512367491,27317
0.5291005291005291,27318
0.5299295774647887,27319
0.5307557117750439,27320
0.531578947368421,27321
0.5306479859894921,27322
0.5297202797202797,27323
0.5305410122164049,27324
0.5296167247386759,27325
0.528695652173913,27326
0.5295138888888888,27327
0.5303292894280762,27328
0.5311418685121108,27329
0.531951640759931,27330
0.5327586206896552,27331
0.5335628227194492,27332
0.5326460481099656,27333
0.5317324185248714,27334
0.5325342465753424,27335
0.5316239316239316,27336
0.5324232081911263,27337
0.5332197614991482,27338
0.5340136054421769,27339
0.533106960950764,27340
0.5322033898305085,27341
0.5313028764805414,27342
0.5320945945945946,27343
0.5328836424957841,27344
0.5336700336700336,27345
0.5327731092436975,27346
0.5335570469798657,27347
0.5343383584589615,27348
0.5334448160535117,27349
0.5342237061769616,27350
0.535,27351
0.5357737104825291,27352
0.5348837209302325,27353
0.5339966832504146,27354
0.5331125827814569,27355
0.5338842975206611,27356
0.5346534653465347,27357
0.5337726523887973,27358
0.5345394736842105,27359
0.5336617405582923,27360
0.5344262295081967,27361
0.5335515548281505,27362
0.5343137254901961,27363
0.5350734094616639,27364
0.5358306188925082,27365
0.5365853658536586,27366
0.5357142857142857,27367
0.5348460291734197,27368
0.5355987055016181,27369
0.5347334410339257,27370
0.535483870967742,27371
0.534621578099839,27372
0.5337620578778135,27373
0.5345104333868379,27374
0.5336538461538461,27375
0.5328,27376
0.5335463258785943,27377
0.532695374800638,27378
0.5318471337579618,27379
0.5325914149443561,27380
0.5317460317460317,27381
0.5309033280507132,27382
0.5300632911392406,27383
0.5308056872037915,27384
0.5299684542586751,27385
0.5307086614173229,27386
0.529874213836478,27387
0.5290423861852434,27388
0.5282131661442007,27389
0.5273865414710485,27390
0.528125,27391
0.5273010920436817,27392
0.5280373831775701,27393
0.5272161741835147,27394
0.5263975155279503,27395
0.5255813953488372,27396
0.5263157894736842,27397
0.5255023183925811,27398
0.5246913580246914,27399
0.5254237288135594,27400
0.5246153846153846,27401
0.5238095238095238,27402
0.5245398773006135,27403
0.5237366003062787,27404
0.5244648318042814,27405
0.5251908396946565,27406
0.524390243902439,27407
0.5235920852359208,27408
0.5243161094224924,27409
0.5235204855842185,27410
0.5242424242424243,27411
0.5234493192133132,27412
0.5241691842900302,27413
0.5233785822021116,27414
0.5225903614457831,27415
0.5218045112781955,27416
0.5225225225225225,27417
0.5232383808095952,27418
0.5224550898203593,27419
0.523168908819133,27420
0.5238805970149254,27421
0.5245901639344263,27422
0.5252976190476191,27423
0.5260029717682021,27424
0.526706231454006,27425
0.5274074074074074,27426
0.5266272189349113,27427
0.5273264401772526,27428
0.528023598820059,27429
0.5272459499263623,27430
0.5279411764705882,27431
0.5286343612334802,27432
0.5293255131964809,27433
0.5300146412884333,27434
0.5292397660818714,27435
0.5284671532846715,27436
0.5291545189504373,27437
0.5283842794759825,27438
0.5290697674418605,27439
0.5297532656023222,27440
0.5304347826086957,27441
0.5296671490593343,27442
0.5303468208092486,27443
0.5310245310245311,27444
0.531700288184438,27445
0.5309352517985612,27446
0.5301724137931034,27447
0.5308464849354376,27448
0.5300859598853869,27449
0.5293276108726752,27450
0.5285714285714286,27451
0.5292439372325249,27452
0.5299145299145299,27453
0.5291607396870555,27454
0.5284090909090909,27455
0.5290780141843971,27456
0.5283286118980169,27457
0.5275813295615276,27458
0.5282485875706214,27459
0.5275035260930888,27460
0.5267605633802817,27461
0.5260196905766527,27462
0.5252808988764045,27463
0.5245441795231417,27464
0.5238095238095238,27465
0.5244755244755245,27466
0.5237430167597765,27467
0.5244072524407253,27468
0.5250696378830083,27469
0.5257301808066759,27470
0.5263888888888889,27471
0.5256588072122053,27472
0.5263157894736842,27473
0.5269709543568465,27474
0.5262430939226519,27475
0.526896551724138,27476
0.5275482093663911,27477
0.5281980742778541,27478
0.5274725274725275,27479
0.5281207133058985,27480
0.5287671232876713,27481
0.5294117647058824,27482
0.5286885245901639,27483
0.5279672578444747,27484
0.5286103542234333,27485
0.5292517006802722,27486
0.529891304347826,27487
0.5291723202170964,27488
0.5298102981029811,27489
0.5290933694181326,27490
0.5283783783783784,27491
0.5290148448043185,27492
0.5283018867924528,27493
0.5289367429340511,27494
0.5282258064516129,27495
0.5288590604026846,27496
0.5281501340482574,27497
0.5274431057563588,27498
0.5280748663101604,27499
0.527369826435247,27500
0.528,27501
0.5286284953395473,27502
0.5279255319148937,27503
0.5285524568393094,27504
0.5278514588859416,27505
0.528476821192053,27506
0.5277777777777778,27507
0.5284015852047557,27508
0.5277044854881267,27509
0.52832674571805,27510
0.5289473684210526,27511
0.5282522996057819,27512
0.5288713910761155,27513
0.5294888597640891,27514
0.5301047120418848,27515
0.530718954248366,27516
0.5300261096605744,27517
0.530638852672751,27518
0.53125,27519
0.5318595578673602,27520
0.5324675324675324,27521
0.5317769130998703,27522
0.5323834196891192,27523
0.5316946959896507,27524
0.5310077519379846,27525
0.5316129032258065,27526
0.5322164948453608,27527
0.5315315315315315,27528
0.5308483290488432,27529
0.5314505776636713,27530
0.532051282051282,27531
0.5313700384122919,27532
0.530690537084399,27533
0.5300127713920817,27534
0.5306122448979592,27535
0.5312101910828025,27536
0.5318066157760815,27537
0.5324015247776366,27538
0.5329949238578681,27539
0.5335868187579215,27540
0.5341772151898734,27541
0.5335018963337548,27542
0.5340909090909091,27543
0.5346784363177806,27544
0.535264483627204,27545
0.5345911949685535,27546
0.5339195979899497,27547
0.533249686323714,27548
0.5325814536340853,27549
0.5319148936170213,27550
0.5325,27551
0.533083645443196,27552
0.5336658354114713,27553
0.5342465753424658,27554
0.5348258706467661,27555
0.5341614906832298,27556
0.533498759305211,27557
0.5328376703841388,27558
0.5334158415841584,27559
0.5339925834363412,27560
0.5345679012345679,27561
0.5339087546239211,27562
0.5344827586206896,27563
0.5350553505535055,27564
0.5356265356265356,27565
0.5349693251533743,27566
0.5355392156862745,27567
0.5361077111383109,27568
0.5354523227383863,27569
0.536019536019536,27570
0.5365853658536586,27571
0.5371498172959805,27572
0.5364963503649635,27573
0.5358444714459295,27574
0.5364077669902912,27575
0.536969696969697,27576
0.5375302663438256,27577
0.5380894800483675,27578
0.538647342995169,27579
0.5379975874547648,27580
0.5373493975903615,27581
0.5379061371841155,27582
0.5384615384615384,27583
0.539015606242497,27584
0.539568345323741,27585
0.5389221556886228,27586
0.5394736842105263,27587
0.5388291517323776,27588
0.5393794749403341,27589
0.5399284862932062,27590
0.5404761904761904,27591
0.539833531510107,27592
0.5403800475059383,27593
0.5397390272835113,27594
0.5390995260663507,27595
0.5396449704142012,27596
0.5390070921985816,27597
0.5395513577331759,27598
0.5389150943396226,27599
0.5394581861012956,27600
0.5388235294117647,27601
0.5393654524089306,27602
0.5387323943661971,27603
0.5392731535756154,27604
0.5386416861826698,27605
0.5391812865497077,27606
0.5397196261682243,27607
0.5390898483080513,27608
0.5384615384615384,27609
0.5378346915017462,27610
0.5372093023255814,27611
0.5365853658536586,27612
0.5359628770301624,27613
0.5353418308227115,27614
0.5358796296296297,27615
0.5352601156069364,27616
0.5346420323325635,27617
0.5351787773933102,27618
0.5345622119815668,27619
0.5350978135788262,27620
0.535632183908046,27621
0.5361653272101033,27622
0.536697247706422,27623
0.5360824742268041,27624
0.5366132723112128,27625
0.5371428571428571,27626
0.5376712328767124,27627
0.5370581527936146,27628
0.5375854214123007,27629
0.5381114903299203,27630
0.5375,27631
0.5380249716231555,27632
0.5374149659863946,27633
0.5368063420158551,27634
0.5361990950226244,27635
0.535593220338983,27636
0.536117381489842,27637
0.5366403607666291,27638
0.5371621621621622,27639
0.5376827896512936,27640
0.5370786516853933,27641
0.5364758698092031,27642
0.5369955156950673,27643
0.5375139977603584,27644
0.5369127516778524,27645
0.5363128491620112,27646
0.5357142857142857,27647
0.5362318840579711,27648
0.5356347438752784,27649
0.5350389321468298,27650
0.5344444444444445,27651
0.5338512763596004,27652
0.5343680709534369,27653
0.5337763012181617,27654
0.5331858407079646,27655
0.5337016574585636,27656
0.5342163355408388,27657
0.5336273428886439,27658
0.5341409691629956,27659
0.5346534653465347,27660
0.5351648351648352,27661
0.535675082327113,27662
0.5361842105263158,27663
0.5366922234392114,27664
0.5361050328227571,27665
0.5355191256830601,27666
0.5360262008733624,27667
0.5354416575790621,27668
0.5359477124183006,27669
0.5364526659412405,27670
0.5358695652173913,27671
0.5363735070575462,27672
0.5368763557483731,27673
0.5373781148429035,27674
0.5367965367965368,27675
0.5372972972972972,27676
0.5377969762419006,27677
0.5382955771305286,27678
0.5377155172413793,27679
0.5382131324004306,27680
0.5376344086021505,27681
0.5381310418904404,27682
0.5386266094420601,27683
0.5380493033226152,27684
0.5374732334047109,27685
0.5379679144385027,27686
0.5384615384615384,27687
0.5378868729989328,27688
0.5383795309168443,27689
0.5388711395101171,27690
0.5393617021276595,27691
0.5398512221041445,27692
0.5403397027600849,27693
0.5408271474019088,27694
0.5413135593220338,27695
0.5417989417989418,27696
0.5412262156448203,27697
0.5417106652587117,27698
0.5421940928270043,27699
0.5426765015806112,27700
0.5421052631578948,27701
0.5415352260778128,27702
0.542016806722689,27703
0.5414480587618048,27704
0.5408805031446541,27705
0.5403141361256545,27706
0.5397489539748954,27707
0.5402298850574713,27708
0.5407098121085595,27709
0.5411887382690302,27710
0.5416666666666666,27711
0.5421436004162331,27712
0.5426195426195426,27713
0.5430944963655244,27714
0.5435684647302904,27715
0.5440414507772021,27716
0.5434782608695652,27717
0.5429162357807652,27718
0.5423553719008265,27719
0.542827657378741,27720
0.5432989690721649,27721
0.5437693099897013,27722
0.5442386831275721,27723
0.5447070914696814,27724
0.5451745379876797,27725
0.5456410256410257,27726
0.5461065573770492,27727
0.5465711361310133,27728
0.5470347648261759,27729
0.5474974463738509,27730
0.5479591836734694,27731
0.5474006116207951,27732
0.5468431771894093,27733
0.5462868769074263,27734
0.5467479674796748,27735
0.5472081218274112,27736
0.5476673427991886,27737
0.547112462006079,27738
0.5465587044534413,27739
0.5470171890798786,27740
0.5474747474747474,27741
0.5469223007063572,27742
0.5473790322580645,27743
0.5478348439073515,27744
0.5482897384305835,27745
0.5487437185929648,27746
0.5491967871485943,27747
0.5496489468405216,27748
0.5490981963927856,27749
0.5485485485485485,27750
0.549,27751
0.5494505494505495,27752
0.5499001996007984,27753
0.5503489531405783,27754
0.5507968127490039,27755
0.5512437810945273,27756
0.55168986083499,27757
0.551142005958292,27758
0.5515873015873016,27759
0.5520317145688801,27760
0.5524752475247525,27761
0.552917903066271,27762
0.5533596837944664,27763
0.5528134254689042,27764
0.5532544378698225,27765
0.5536945812807882,27766
0.5541338582677166,27767
0.5545722713864307,27768
0.5540275049115914,27769
0.5534838076545633,27770
0.553921568627451,27771
0.55435847208619,27772
0.5538160469667319,27773
0.5542521994134897,27774
0.5546875,27775
0.5541463414634147,27776
0.5545808966861598,27777
0.555014605647517,27778
0.5544747081712063,27779
0.5549076773566569,27780
0.5553398058252427,27781
0.5557710960232783,27782
0.5552325581395349,27783
0.5546950629235237,27784
0.5551257253384912,27785
0.5545893719806764,27786
0.5540540540540541,27787
0.553519768563163,27788
0.5539499036608864,27789
0.5534167468719923,27790
0.5538461538461539,27791
0.553314121037464,27792
0.553742802303263,27793
0.5541706615532119,27794
0.553639846743295,27795
0.554066985645933,27796
0.5535372848948374,27797
0.5530085959885387,27798
0.5534351145038168,27799
0.5529075309818875,27800
0.5533333333333333,27801
0.5537583254043768,27802
0.5532319391634981,27803
0.553656220322887,27804
0.5531309297912713,27805
0.5535545023696683,27806
0.5539772727272727,27807
0.554399243140965,27808
0.554820415879017,27809
0.554296506137866,27810
0.5537735849056604,27811
0.5541941564561734,27812
0.5536723163841808,27813
0.5540921919096896,27814
0.5545112781954887,27815
0.5549295774647888,27816
0.5544090056285178,27817
0.5538894095595126,27818
0.5543071161048689,27819
0.5537885874649204,27820
0.5532710280373832,27821
0.5536881419234361,27822
0.5531716417910447,27823
0.5526561043802423,27824
0.5521415270018621,27825
0.5516279069767441,27826
0.5511152416356877,27827
0.5515320334261838,27828
0.5510204081632653,27829
0.5514365152919369,27830
0.5518518518518518,27831
0.5513413506012951,27832
0.5517560073937153,27833
0.5521698984302862,27834
0.551660516605166,27835
0.552073732718894,27836
0.5515653775322283,27837
0.5510579576816927,27838
0.5505514705882353,27839
0.5509641873278237,27840
0.5504587155963303,27841
0.5499541704857929,27842
0.5494505494505495,27843
0.5489478499542544,27844
0.5484460694698354,27845
0.5488584474885845,27846
0.5483576642335767,27847
0.5478577939835916,27848
0.5482695810564663,27849
0.5477707006369427,27850
0.5481818181818182,27851
0.5485921889191644,27852
0.5490018148820327,27853
0.5494106980961015,27854
0.5489130434782609,27855
0.5484162895927602,27856
0.5488245931283906,27857
0.5492321589882565,27858
0.5496389891696751,27859
0.5491433724075744,27860
0.5495495495495496,27861
0.54995499549955,27862
0.5503597122302158,27863
0.550763701707098,27864
0.5502692998204668,27865
0.5506726457399103,27866
0.5510752688172043,27867
0.5514771709937332,27868
0.5509838998211091,27869
0.5513851653261841,27870
0.5517857142857143,27871
0.552185548617306,27872
0.5525846702317291,27873
0.5529830810329475,27874
0.5533807829181495,27875
0.5537777777777778,27876
0.5541740674955595,27877
0.554569653948536,27878
0.5549645390070922,27879
0.5553587245349867,27880
0.5548672566371682,27881
0.5552608311229,27882
0.5547703180212014,27883
0.5542806707855251,27884
0.5546737213403881,27885
0.5550660792951542,27886
0.5554577464788732,27887
0.5549692172383466,27888
0.5553602811950791,27889
0.5548726953467954,27890
0.5543859649122806,27891
0.5539000876424189,27892
0.5542907180385289,27893
0.5546806649168854,27894
0.5541958041958042,27895
0.5545851528384279,27896
0.5549738219895288,27897
0.5553618134263295,27898
0.5548780487804879,27899
0.5552654482158399,27900
0.5556521739130434,27901
0.5560382276281495,27902
0.5564236111111112,27903
0.5559410234171726,27904
0.5563258232235702,27905
0.5567099567099567,27906
0.5570934256055363,27907
0.5566119273984442,27908
0.5569948186528497,27909
0.5565142364106989,27910
0.5568965517241379,27911
0.5564168819982773,27912
0.5567986230636833,27913
0.5571797076526225,27914
0.5575601374570447,27915
0.5579399141630901,27916
0.5583190394511149,27917
0.5578406169665809,27918
0.5582191780821918,27919
0.5585970915312233,27920
0.5581196581196581,27921
0.5576430401366353,27922
0.5571672354948806,27923
0.556692242114237,27924
0.5562180579216355,27925
0.556595744680851,27926
0.5569727891156463,27927
0.5573491928632116,27928
0.5577249575551783,27929
0.5581000848176421,27930
0.5584745762711865,27931
0.558848433530906,27932
0.5592216582064298,27933
0.558748943364328,27934
0.558277027027027,27935
0.5578059071729958,27936
0.5573355817875211,27937
0.5577085088458298,27938
0.5580808080808081,27939
0.5584524810765349,27940
0.5579831932773109,27941
0.5575146935348446,27942
0.5578859060402684,27943
0.5574182732606874,27944
0.5577889447236181,27945
0.5581589958158996,27946
0.5585284280936454,27947
0.5580618212197159,27948
0.5575959933222037,27949
0.5571309424520434,27950
0.5566666666666666,27951
0.5570358034970858,27952
0.5565723793677204,27953
0.5569409808811305,27954
0.5564784053156147,27955
0.5568464730290457,27956
0.5572139303482587,27957
0.5575807787903894,27958
0.5579470198675497,27959
0.5574855252274608,27960
0.5570247933884298,27961
0.5565648224607762,27962
0.556930693069307,27963
0.5572959604286892,27964
0.556836902800659,27965
0.557201646090535,27966
0.5575657894736842,27967
0.5571076417419885,27968
0.5566502463054187,27969
0.55701394585726,27970
0.5573770491803278,27971
0.556920556920557,27972
0.5572831423895254,27973
0.5568274734260016,27974
0.5571895424836601,27975
0.556734693877551,27976
0.5562805872756933,27977
0.5558272208638957,27978
0.5553745928338762,27979
0.5549227013832384,27980
0.5544715447154471,27981
0.5548334687246141,27982
0.5551948051948052,27983
0.5555555555555556,27984
0.5559157212317666,27985
0.5562753036437247,27986
0.5558252427184466,27987
0.5561843168957155,27988
0.555735056542811,27989
0.5552865213882163,27990
0.5556451612903226,27991
0.5560032232070911,27992
0.5563607085346216,27993
0.5567176186645213,27994
0.5562700964630225,27995
0.5558232931726907,27996
0.5561797752808989,27997
0.5565356856455493,27998
0.5568910256410257,27999
0.5572457966373099,28000
0.5568,28001
0.5563549160671463,28002
0.5567092651757188,28003
0.5570630486831604,28004
0.5574162679425837,28005
0.5577689243027888,28006
0.5573248407643312,28007
0.5568814638027049,28008
0.5572337042925278,28009
0.556791104050834,28010
0.5571428571428572,28011
0.5574940523394132,28012
0.5570522979397782,28013
0.5566112430720507,28014
0.5561708860759493,28015
0.5565217391304348,28016
0.556872037914692,28017
0.5572217837411207,28018
0.557570977917981,28019
0.5571315996847912,28020
0.5574803149606299,28021
0.5578284815106216,28022
0.5573899371069182,28023
0.5569520816967792,28024
0.5565149136577708,28025
0.556078431372549,28026
0.5564263322884012,28027
0.5567736883320282,28028
0.5571205007824727,28029
0.5566849100860047,28030
0.55625,28031
0.5565964090554254,28032
0.5569422776911076,28033
0.5572876071706937,28034
0.557632398753894,28035
0.5571984435797666,28036
0.557542768273717,28037
0.5578865578865578,28038
0.5574534161490683,28039
0.5577967416602017,28040
0.5581395348837209,28041
0.557707203718048,28042
0.5580495356037152,28043
0.5576179427687549,28044
0.5571870170015456,28045
0.5567567567567567,28046
0.5570987654320988,28047
0.5574402467232074,28048
0.5570107858243452,28049
0.5565819861431871,28050
0.5561538461538461,28051
0.5557263643351268,28052
0.5560675883256528,28053
0.555640828856485,28054
0.5559815950920245,28055
0.5563218390804597,28056
0.5566615620214395,28057
0.5562356541698547,28058
0.5558103975535168,28059
0.5561497326203209,28060
0.5557251908396946,28061
0.5560640732265446,28062
0.555640243902439,28063
0.555978674790556,28064
0.5555555555555556,28065
0.555893536121673,28066
0.5554711246200608,28067
0.5550493545937737,28068
0.5546282245827011,28069
0.55420773313116,28070
0.5545454545454546,28071
0.5541256623769871,28072
0.5537065052950075,28073
0.5532879818594104,28074
0.552870090634441,28075
0.5532075471698114,28076
0.552790346907994,28077
0.5523737754333082,28078
0.5519578313253012,28079
0.5522949586155004,28080
0.5518796992481203,28081
0.5522163786626596,28082
0.5525525525525525,28083
0.5521380345086272,28084
0.5524737631184408,28085
0.5528089887640449,28086
0.5531437125748503,28087
0.5534779356768885,28088
0.5530642750373692,28089
0.5526512322628827,28090
0.5529850746268656,28091
0.5525727069351231,28092
0.5521609538002981,28093
0.552494415487714,28094
0.5528273809523809,28095
0.5531598513011152,28096
0.5527488855869243,28097
0.5523385300668151,28098
0.5526706231454006,28099
0.553002223869533,28100
0.5533333333333333,28101
0.5536639526276832,28102
0.5532544378698225,28103
0.5535846267553585,28104
0.553175775480059,28105
0.5527675276752767,28106
0.5530973451327433,28107
0.5534266764922623,28108
0.553019145802651,28109
0.5526122148638705,28110
0.5522058823529412,28111
0.5525349008082292,28112
0.552863436123348,28113
0.5531914893617021,28114
0.5535190615835777,28115
0.5538461538461539,28116
0.5534407027818448,28117
0.5537673738112655,28118
0.5533625730994152,28119
0.5536888239590942,28120
0.5532846715328467,28121
0.5536105032822757,28122
0.5539358600583091,28123
0.5535324107793154,28124
0.5531295487627366,28125
0.5534545454545454,28126
0.5537790697674418,28127
0.5541031227305737,28128
0.5544267053701016,28129
0.5547498187092096,28130
0.5550724637681159,28131
0.555394641564084,28132
0.5557163531114327,28133
0.5553145336225597,28134
0.555635838150289,28135
0.5552346570397112,28136
0.5555555555555556,28137
0.555155010814708,28138
0.5547550432276657,28139
0.5550755939524838,28140
0.5553956834532374,28141
0.5549964054636952,28142
0.555316091954023,28143
0.5556353194544149,28144
0.5552367288378766,28145
0.5548387096774193,28146
0.5544412607449857,28147
0.5547602004294918,28148
0.5543633762517882,28149
0.5539671193709793,28150
0.5535714285714286,28151
0.5538900785153462,28152
0.5542082738944365,28153
0.5538132573057734,28154
0.5534188034188035,28155
0.5530249110320284,28156
0.5533428165007113,28157
0.5529495380241649,28158
0.5532670454545454,28159
0.552874378992193,28160
0.5531914893617021,28161
0.553508150248051,28162
0.5538243626062322,28163
0.554140127388535,28164
0.5544554455445545,28165
0.5547703180212014,28166
0.5543785310734464,28167
0.5539872971065631,28168
0.5543018335684062,28169
0.55461592670895,28170
0.5549295774647888,28171
0.5552427867698804,28172
0.5555555555555556,28173
0.5551651440618411,28174
0.5554775280898876,28175
0.5557894736842105,28176
0.5561009817671809,28177
0.5557112824106517,28178
0.5560224089635855,28179
0.556333100069979,28180
0.5559440559440559,28181
0.5555555555555556,28182
0.5551675977653632,28183
0.5547801814375436,28184
0.5550906555090656,28185
0.5554006968641115,28186
0.5557103064066853,28187
0.5560194850382741,28188
0.5563282336578581,28189
0.556636553161918,28190
0.55625,28191
0.556557945870923,28192
0.5561719833564494,28193
0.5564795564795565,28194
0.556786703601108,28195
0.5570934256055363,28196
0.5573997233748271,28197
0.557705597788528,28198
0.5580110497237569,28199
0.5583160800552105,28200
0.5586206896551724,28201
0.5589248793935218,28202
0.559228650137741,28203
0.559532002752925,28204
0.5598349381017882,28205
0.5601374570446735,28206
0.5597527472527473,28207
0.5600549073438572,28208
0.5596707818930041,28209
0.5599725839616175,28210
0.5595890410958904,28211
0.5592060232717317,28212
0.5588235294117647,28213
0.5584415584415584,28214
0.5587431693989071,28215
0.5583617747440273,28216
0.557980900409277,28217
0.5576005453306067,28218
0.5572207084468664,28219
0.5568413886997958,28220
0.5564625850340136,28221
0.5567641060503059,28222
0.5563858695652174,28223
0.5560081466395111,28224
0.5563093622795116,28225
0.5566101694915254,28226
0.556910569105691,28227
0.5565335138794855,28228
0.5561569688768606,28229
0.5564570655848546,28230
0.5560810810810811,28231
0.5557056043214045,28232
0.5560053981106613,28233
0.5556304787592717,28234
0.5559299191374663,28235
0.5562289562289562,28236
0.5558546433378196,28237
0.5561533288500337,28238
0.5564516129032258,28239
0.5560779046339825,28240
0.5557046979865772,28241
0.5553319919517102,28242
0.5556300268096515,28243
0.5552578700602813,28244
0.5555555555555556,28245
0.5558528428093645,28246
0.55548128342246,28247
0.5551102204408818,28248
0.554739652870494,28249
0.5543695797198132,28250
0.554,28251
0.5542971352431713,28252
0.5545938748335553,28253
0.5548902195608783,28254
0.555186170212766,28255
0.5548172757475083,28256
0.5544488711819389,28257
0.5547445255474452,28258
0.5543766578249337,28259
0.5540092776673293,28260
0.5543046357615894,28261
0.5545996029119789,28262
0.5548941798941799,28263
0.5545274289491078,28264
0.5541611624834875,28265
0.5537953795379538,28266
0.554089709762533,28267
0.5543836519446276,28268
0.5546772068511199,28269
0.554970375246873,28270
0.5552631578947368,28271
0.5548980933596318,28272
0.5551905387647832,28273
0.5548260013131976,28274
0.5551181102362205,28275
0.5554098360655738,28276
0.5557011795543906,28277
0.555992141453831,28278
0.555628272251309,28279
0.5559189012426422,28280
0.5555555555555556,28281
0.5551926845199217,28282
0.5554830287206266,28283
0.5551206784083497,28284
0.5554106910039114,28285
0.5550488599348534,28286
0.5553385416666666,28287
0.5556278464541314,28288
0.5559167750325098,28289
0.5555555555555556,28290
0.5551948051948052,28291
0.554834523036989,28292
0.5544747081712063,28293
0.5541153596889177,28294
0.5544041450777202,28295
0.5540453074433657,28296
0.5543337645536869,28297
0.5539754363283775,28298
0.5542635658914729,28299
0.55390574564235,28300
0.5535483870967742,28301
0.5531914893617021,28302
0.553479381443299,28303
0.5537669027688346,28304
0.5534105534105535,28305
0.5536977491961415,28306
0.5539845758354756,28307
0.5536287732819525,28308
0.5532734274711169,28309
0.5535599743425272,28310
0.5532051282051282,28311
0.5528507367072389,28312
0.5524967989756722,28313
0.5521433141394754,28314
0.5517902813299232,28315
0.5514376996805112,28316
0.5517241379310345,28317
0.5520102105934908,28318
0.5516581632653061,28319
0.5519439133205863,28320
0.5522292993630573,28321
0.5525143220878421,28322
0.5527989821882952,28323
0.5524475524475524,28324
0.5520965692503177,28325
0.5517460317460318,28326
0.5520304568527918,28327
0.5523145212428662,28328
0.5525982256020279,28329
0.5522482583913869,28330
0.5518987341772152,28331
0.5521821631878557,28332
0.5518331226295828,28333
0.5521162349968415,28334
0.55239898989899,28335
0.5520504731861199,28336
0.5517023959646911,28337
0.5519848771266541,28338
0.5522670025188917,28339
0.55254877281309,28340
0.5522012578616352,28341
0.552482715273413,28342
0.5527638190954773,28343
0.5530445699937225,28344
0.5533249686323714,28345
0.5536050156739812,28346
0.5532581453634086,28347
0.5535378835316218,28348
0.5538172715894869,28349
0.5534709193245778,28350
0.55375,28351
0.5540287320424735,28352
0.5543071161048689,28353
0.5539613225202745,28354
0.5542394014962594,28355
0.5545171339563862,28356
0.5541718555417185,28357
0.5544492843808339,28358
0.5541044776119403,28359
0.5537600994406464,28360
0.5534161490683229,28361
0.5536933581626319,28362
0.5539702233250621,28363
0.5542467451952883,28364
0.5539033457249071,28365
0.5541795665634675,28366
0.5538366336633663,28367
0.5541125541125541,28368
0.5543881334981459,28369
0.5546633724521309,28370
0.5549382716049382,28371
0.554595928439235,28372
0.5542540073982737,28373
0.5539125077017868,28374
0.5541871921182266,28375
0.5544615384615385,28376
0.5547355473554736,28377
0.5550092194222496,28378
0.5546683046683046,28379
0.5543278084714549,28380
0.554601226993865,28381
0.5548743102391172,28382
0.5545343137254902,28383
0.554194733619106,28384
0.554467564259486,28385
0.5547400611620795,28386
0.55440097799511,28387
0.5540623091020159,28388
0.5543345543345544,28389
0.5546064673581452,28390
0.5548780487804879,28391
0.5551492992078001,28392
0.5548112058465287,28393
0.5550821667681071,28394
0.5547445255474452,28395
0.5544072948328268,28396
0.5540704738760632,28397
0.5537340619307832,28398
0.5533980582524272,28399
0.5530624620982414,28400
0.5527272727272727,28401
0.5529981829194428,28402
0.5532687651331719,28403
0.5529340592861464,28404
0.5525997581620314,28405
0.552870090634441,28406
0.5531400966183575,28407
0.5528062764031382,28408
0.5524728588661038,28409
0.5521398432790838,28410
0.5518072289156627,28411
0.5520770620108368,28412
0.5517448856799038,28413
0.5520144317498497,28414
0.5516826923076923,28415
0.5519519519519519,28416
0.5522208883553421,28417
0.55248950209958,28418
0.552757793764988,28419
0.5530257639304973,28420
0.5526946107784431,28421
0.5523638539796529,28422
0.5526315789473685,28423
0.5523012552301255,28424
0.5525686977299881,28425
0.5522388059701493,28426
0.551909307875895,28427
0.5521765056648777,28428
0.5518474374255066,28429
0.5521143537820131,28430
0.5523809523809524,28431
0.552647233789411,28432
0.5529131985731273,28433
0.5525846702317291,28434
0.5522565320665083,28435
0.5519287833827893,28436
0.5521945432977462,28437
0.5524599881446355,28438
0.5521327014218009,28439
0.5523978685612788,28440
0.5520710059171597,28441
0.5517445298639858,28442
0.5514184397163121,28443
0.5516834022445364,28444
0.551357733175915,28445
0.5510324483775811,28446
0.5512971698113207,28447
0.5509723040659988,28448
0.5506478209658422,28449
0.5509123013537375,28450
0.5505882352941176,28451
0.5502645502645502,28452
0.5499412455934195,28453
0.5502055196711685,28454
0.5504694835680751,28455
0.5501466275659824,28456
0.5504103165298945,28457
0.5506736965436438,28458
0.5509367681498829,28459
0.5506143943826799,28460
0.5502923976608187,28461
0.5499707773232028,28462
0.5502336448598131,28463
0.5504962054874489,28464
0.5507584597432905,28465
0.5504373177842565,28466
0.5501165501165501,28467
0.5503785672684915,28468
0.5506402793946449,28469
0.5503199534613147,28470
0.5505813953488372,28471
0.5502614758861127,28472
0.5499419279907085,28473
0.5496227510156704,28474
0.5498839907192575,28475
0.5501449275362319,28476
0.5504055619930475,28477
0.5506658946149392,28478
0.5509259259259259,28479
0.5511856564488143,28480
0.5514450867052023,28481
0.5511265164644714,28482
0.5513856812933026,28483
0.5516445470282747,28484
0.5519031141868512,28485
0.5521613832853026,28486
0.5524193548387096,28487
0.5526770293609672,28488
0.5529344073647872,28489
0.5531914893617021,28490
0.5528735632183908,28491
0.5525560022975301,28492
0.5522388059701493,28493
0.5519219736087206,28494
0.551605504587156,28495
0.5512893982808023,28496
0.5515463917525774,28497
0.5518030910131654,28498
0.5520594965675057,28499
0.5523156089193825,28500
0.5525714285714286,28501
0.5528269560251285,28502
0.553082191780822,28503
0.5533371363377068,28504
0.5530216647662486,28505
0.5527065527065527,28506
0.5523917995444191,28507
0.5520774046670461,28508
0.5523321956769056,28509
0.5525866969869244,28510
0.5528409090909091,28511
0.552526973310619,28512
0.5527809307604994,28513
0.553034600113443,28514
0.5527210884353742,28515
0.5529745042492917,28516
0.5532276330690826,28517
0.5534804753820034,28518
0.5537330316742082,28519
0.5539853024307518,28520
0.5536723163841808,28521
0.5533596837944664,28522
0.5530474040632054,28523
0.5527354765933447,28524
0.5529875986471251,28525
0.5532394366197183,28526
0.5529279279279279,28527
0.5531795160382668,28528
0.5534308211473565,28529
0.5531197301854974,28530
0.5533707865168539,28531
0.5530600786075238,28532
0.55331088664422,28533
0.5535614133482895,28534
0.5538116591928252,28535
0.5535014005602241,28536
0.5531914893617021,28537
0.5528819250139899,28538
0.5531319910514542,28539
0.5528228060368922,28540
0.553072625698324,28541
0.553322166387493,28542
0.5530133928571429,28543
0.5527049637479086,28544
0.552396878483835,28545
0.5526462395543176,28546
0.5528953229398663,28547
0.5531441291040623,28548
0.5528364849833148,28549
0.5530850472484714,28550
0.5533333333333333,28551
0.5535813436979455,28552
0.553274139844617,28553
0.5535219079312257,28554
0.5537694013303769,28555
0.554016620498615,28556
0.5537098560354374,28557
0.5534034311012729,28558
0.5530973451327433,28559
0.552791597567717,28560
0.5524861878453039,28561
0.552733296521259,28562
0.5524282560706402,28563
0.5526751241036956,28564
0.5529217199558986,28565
0.5531680440771349,28566
0.552863436123348,28567
0.5525591634562466,28568
0.5522552255225522,28569
0.5519516217702034,28570
0.5521978021978022,28571
0.5518945634266886,28572
0.5521405049396267,28573
0.5523861766319254,28574
0.5526315789473685,28575
0.5523287671232877,28576
0.5525739320920043,28577
0.5528188286808976,28578
0.5525164113785558,28579
0.5522143247676325,28580
0.5524590163934426,28581
0.5521572910977608,28582
0.5518558951965066,28583
0.5515548281505729,28584
0.5512540894220284,28585
0.5509536784741145,28586
0.5506535947712419,28587
0.5508982035928144,28588
0.5505984766050055,28589
0.5502990755845568,28590
0.5505434782608696,28591
0.5502444323737099,28592
0.5504885993485342,28593
0.550732501356484,28594
0.5504338394793926,28595
0.5506775067750678,28596
0.5509209100758397,28597
0.5506226312939903,28598
0.5503246753246753,28599
0.550027041644132,28600
0.5502702702702703,28601
0.5505132360886008,28602
0.550755939524838,28603
0.5504587155963303,28604
0.5501618122977346,28605
0.5498652291105122,28606
0.5501077586206896,28607
0.5503500269251481,28608
0.5505920344456404,28609
0.5502958579881657,28610
0.55,28611
0.5502418054809243,28612
0.5499462943071965,28613
0.549651100375738,28614
0.549892703862661,28615
0.5495978552278821,28616
0.5493033226152197,28617
0.549009105516872,28618
0.5487152034261242,28619
0.5489566613162119,28620
0.5491978609625668,28621
0.5489043292357029,28622
0.5491452991452992,28623
0.5488521089161773,28624
0.5485592315901814,28625
0.5488,28626
0.5485074626865671,28627
0.5482152370804475,28628
0.5484558040468583,28629
0.5481639169771155,28630
0.5484042553191489,28631
0.5486443381180224,28632
0.5483528161530287,28633
0.5480616038236856,28634
0.5483014861995754,28635
0.5485411140583555,28636
0.5482502651113468,28637
0.5479597244303127,28638
0.5476694915254238,28639
0.5473795659078877,28640
0.5476190476190477,28641
0.5478582760444209,28642
0.547568710359408,28643
0.5478077126254622,28644
0.5475184794086589,28645
0.5477572559366755,28646
0.5474683544303798,28647
0.547706905640485,28648
0.547945205479452,28649
0.5481832543443917,28650
0.5478947368421052,28651
0.5481325618095739,28652
0.5483701366982124,28653
0.5480819758276406,28654
0.5483193277310925,28655
0.5485564304461942,28656
0.5482686253934942,28657
0.5485055060304143,28658
0.5487421383647799,28659
0.5489785227867994,28660
0.5486910994764398,28661
0.5484039769754055,28662
0.5481171548117155,28663
0.548353371667538,28664
0.54858934169279,28665
0.5488250652741514,28666
0.5490605427974948,28667
0.548774126238915,28668
0.5484880083420229,28669
0.5482021886399167,28670
0.5484375,28671
0.5486725663716814,28672
0.5483870967741935,28673
0.5481019240769631,28674
0.5483367983367984,28675
0.5485714285714286,28676
0.5482866043613707,28677
0.5480020757654385,28678
0.5482365145228216,28679
0.5479523068947642,28680
0.5481865284974093,28681
0.5484205075090627,28682
0.5481366459627329,28683
0.5478530781169167,28684
0.5480868665977249,28685
0.5483204134366925,28686
0.5480371900826446,28687
0.5482705214248839,28688
0.5479876160990712,28689
0.5477050025786487,28690
0.547938144329897,28691
0.547655847501288,28692
0.547373841400618,28693
0.5476067936181163,28694
0.5478395061728395,28695
0.5480719794344473,28696
0.5483042137718397,28697
0.5480225988700564,28698
0.547741273100616,28699
0.547460236018471,28700
0.5471794871794872,28701
0.5474115838031779,28702
0.5476434426229508,28703
0.547363031233999,28704
0.5475946775844421,28705
0.5473145780051151,28706
0.5470347648261759,28707
0.5467552376085846,28708
0.5469867211440245,28709
0.5467075038284839,28710
0.5469387755102041,28711
0.5471698113207547,28712
0.5474006116207951,28713
0.5471217524197657,28714
0.5473523421588594,28715
0.5470737913486005,28716
0.5473041709053916,28717
0.5475343162175902,28718
0.5477642276422764,28719
0.547993905535805,28720
0.5477157360406092,28721
0.547945205479452,28722
0.5481744421906694,28723
0.5478966041561074,28724
0.5481256332320162,28725
0.5478481012658228,28726
0.5480769230769231,28727
0.5483055134041477,28728
0.5480283114256825,28729
0.5482566953006569,28730
0.5484848484848485,28731
0.5487127713276123,28732
0.5489404641775983,28733
0.5491679273827534,28734
0.5493951612903226,28735
0.5496221662468513,28736
0.5493454179254783,28737
0.5490689481630598,28738
0.5492957746478874,28739
0.5490196078431373,28740
0.5492462311557789,28741
0.5489703666499247,28742
0.5486947791164659,28743
0.5489212242849975,28744
0.549147442326981,28745
0.5493734335839598,28746
0.5490981963927856,28747
0.5488232348522785,28748
0.5485485485485485,28749
0.5482741370685342,28750
0.5485,28751
0.5482258870564718,28752
0.547952047952048,28753
0.5476784822765851,28754
0.5479041916167665,28755
0.5476309226932669,28756
0.5473579262213359,28757
0.547085201793722,28758
0.5473107569721115,28759
0.5470383275261324,28760
0.5472636815920398,28761
0.5469915464942815,28762
0.5467196819085487,28763
0.546448087431694,28764
0.5466732869910625,28765
0.5464019851116625,28766
0.5461309523809523,28767
0.5458601883986118,28768
0.5455896927651139,28769
0.5458147597820703,28770
0.5455445544554456,28771
0.545274616526472,28772
0.5454995054401582,28773
0.5457241720217498,28774
0.5454545454545454,28775
0.5456790123456791,28776
0.5454096742349457,28777
0.5451406018746917,28778
0.5453648915187377,28779
0.5450961064563824,28780
0.545320197044335,28781
0.5455440669620877,28782
0.5457677165354331,28783
0.5459911460895229,28784
0.5462143559488692,28785
0.5459459459459459,28786
0.5461689587426326,28787
0.5463917525773195,28788
0.5461236506378803,28789
0.5463462481608632,28790
0.546078431372549,28791
0.5458108770210681,28792
0.545543584720862,28793
0.5452765540871267,28794
0.5450097847358122,28795
0.5452322738386308,28796
0.5449657869012707,28797
0.5446995603321935,28798
0.54443359375,28799
0.5446559297218155,28800
0.5448780487804878,28801
0.5450999512432959,28802
0.5453216374269005,28803
0.5455431076473454,28804
0.5457643622200584,28805
0.545985401459854,28806
0.5457198443579766,28807
0.545940690325717,28808
0.5461613216715258,28809
0.5458960660514813,28810
0.5461165048543689,28811
0.5458515283842795,28812
0.5460717749757517,28813
0.5462918080465342,28814
0.5465116279069767,28815
0.5462469733656174,28816
0.5464666021297193,28817
0.5462022254475085,28818
0.5464216634429401,28819
0.5461575640405993,28820
0.5458937198067633,28821
0.5456301303718011,28822
0.5453667953667953,28823
0.5455861070911722,28824
0.5453230472516876,28825
0.5450602409638554,28826
0.5452793834296724,28827
0.5454983148772268,28828
0.5452358036573628,28829
0.544973544973545,28830
0.5451923076923076,28831
0.5449303219605959,28832
0.5446685878962536,28833
0.5444071051368219,28834
0.5446257197696737,28835
0.5448441247002398,28836
0.5445829338446788,28837
0.5443219932918064,28838
0.5440613026819924,28839
0.5438008616562949,28840
0.5440191387559808,28841
0.5442372070779531,28842
0.5444550669216062,28843
0.544672718585762,28844
0.5444126074498568,28845
0.5441527446300716,28846
0.5438931297709924,28847
0.5436337625178826,28848
0.5438512869399428,28849
0.5440686040971892,28850
0.5442857142857143,28851
0.5445026178010471,28852
0.544243577545195,28853
0.5439847836424156,28854
0.5442015209125475,28855
0.5439429928741093,28856
0.5441595441595442,28857
0.5443758898908401,28858
0.5441176470588235,28859
0.5443338074917022,28860
0.5445497630331754,28861
0.5447655139744197,28862
0.5449810606060606,28863
0.5451964032181732,28864
0.5449385052034059,28865
0.5446808510638298,28866
0.5444234404536862,28867
0.5441662730278696,28868
0.5439093484419264,28869
0.5441245870693724,28870
0.5443396226415095,28871
0.5445544554455446,28872
0.5442978322337417,28873
0.5445124823363166,28874
0.544256120527307,28875
0.544,28876
0.5437441204139228,28877
0.5434884814292431,28878
0.543233082706767,28879
0.542977923907938,28880
0.5427230046948357,28881
0.5424683247301736,28882
0.5426829268292683,28883
0.5428973277074542,28884
0.542642924086223,28885
0.5428571428571428,28886
0.5430711610486891,28887
0.542817033224146,28888
0.5425631431244153,28889
0.5427769985974754,28890
0.5429906542056074,28891
0.5432041102288651,28892
0.5429505135387488,28893
0.5426971535230984,28894
0.5424440298507462,28895
0.5421911421911422,28896
0.5424044734389561,28897
0.5421518397764322,28898
0.542364990689013,28899
0.542577943229409,28900
0.5423255813953488,28901
0.5425383542538355,28902
0.5422862453531598,28903
0.5424988388295402,28904
0.542711234911792,28905
0.5424593967517402,28906
0.5422077922077922,28907
0.5424200278164116,28908
0.5421686746987951,28909
0.5423807318202871,28910
0.5421296296296296,28911
0.5418787598334105,28912
0.5420906567992599,28913
0.5423023578363384,28914
0.5420517560073937,28915
0.5422632794457275,28916
0.5420129270544783,28917
0.5422242731887402,28918
0.5424354243542435,28919
0.5421853388658368,28920
0.5419354838709678,28921
0.5416858590511285,28922
0.5418968692449355,28923
0.5416474919466175,28924
0.5418583256669733,28925
0.5416091954022989,28926
0.5418198529411765,28927
0.5415709692237023,28928
0.5413223140495868,28929
0.5410738871041763,28930
0.5412844036697247,28931
0.5414947271893626,28932
0.5412465627864345,28933
0.5409986257443885,28934
0.5412087912087912,28935
0.5409610983981693,28936
0.541171088746569,28937
0.5409236396890718,28938
0.5411334552102377,28939
0.540886249428963,28940
0.541095890410959,28941
0.540848927430397,28942
0.5406021897810219,28943
0.5403556771545828,28944
0.540109389243391,28945
0.5398633257403189,28946
0.5400728597449909,28947
0.5402822030040965,28948
0.5400363967242948,28949
0.5402455661664393,28950
0.5404545454545454,28951
0.5406633348477965,28952
0.5404178019981835,28953
0.5401724920562869,28954
0.5399274047186933,28955
0.5396825396825397,28956
0.5394378966455122,28957
0.539193475305845,28958
0.5389492753623188,28959
0.5387052965142598,28960
0.5389140271493212,28961
0.5386702849389416,28962
0.538878842676311,28963
0.5390872119295075,28964
0.5388437217705511,28965
0.5386004514672686,28966
0.5388086642599278,28967
0.5390166892196662,28968
0.5387736699729486,28969
0.5385308697611537,28970
0.5382882882882883,28971
0.5380459252588924,28972
0.5382538253825383,28973
0.5380116959064327,28974
0.5377697841726619,28975
0.5379775280898876,28976
0.5381850853548967,28977
0.5383924562191289,28978
0.5381508078994613,28979
0.5383580080753702,28980
0.5385650224215247,28981
0.5387718511878081,28982
0.5389784946236559,28983
0.5391849529780565,28984
0.5389435989256938,28985
0.5391498881431768,28986
0.539355992844365,28987
0.5395619132767099,28988
0.5393208221626452,28989
0.539079946404645,28990
0.5388392857142857,28991
0.5385988398036591,28992
0.5383586083853702,28993
0.5381185911725368,28994
0.5383244206773619,28995
0.5380846325167038,28996
0.5378450578806767,28997
0.5376056964842012,28998
0.5378113879003559,28999
0.5380168963983993,29000
0.5377777777777778,29001
0.5375388716126166,29002
0.5377442273534636,29003
0.5375055481580115,29004
0.5372670807453416,29005
0.5374722838137472,29006
0.5372340425531915,29007
0.537439078422685,29008
0.5372010628875111,29009
0.5374059318282426,29010
0.5376106194690266,29011
0.5373728438743919,29012
0.537577365163572,29013
0.5373398144056563,29014
0.5375441696113075,29015
0.5377483443708609,29016
0.5375110326566638,29017
0.5377150419056022,29018
0.5379188712522046,29019
0.5381225209343323,29020
0.5378854625550661,29021
0.5380889476001761,29022
0.5382922535211268,29023
0.5380554333479982,29024
0.5378188214599824,29025
0.5375824175824175,29026
0.5373462214411248,29027
0.5375494071146245,29028
0.5373134328358209,29029
0.5370776656428258,29030
0.5368421052631579,29031
0.5370451556334941,29032
0.5368098159509203,29033
0.5370127025843189,29034
0.5367775831873906,29035
0.536980306345733,29036
0.536745406824147,29037
0.5365107127240927,29038
0.5362762237762237,29039
0.5364788117081695,29040
0.5362445414847161,29041
0.5364469663902226,29042
0.5366492146596858,29043
0.5364151766245093,29044
0.536617262423714,29045
0.5368191721132898,29046
0.537020905923345,29047
0.5372224640835873,29048
0.5374238468233247,29049
0.5376250543714659,29050
0.5378260869565218,29051
0.5380269448066058,29052
0.5382276281494353,29053
0.5384281372123317,29054
0.5386284722222222,29055
0.5388286334056399,29056
0.5385949696444059,29057
0.5387949718248808,29058
0.5389948006932409,29059
0.5391944564746644,29060
0.5393939393939394,29061
0.5395932496754652,29062
0.5397923875432526,29063
0.5399913532209252,29064
0.5397579948141746,29065
0.5399568034557235,29066
0.5397236614853195,29067
0.5394907207596029,29068
0.5396893874029336,29069
0.5398878827080639,29070
0.5396551724137931,29071
0.5398535114174925,29072
0.5396210163652024,29073
0.5393887214808437,29074
0.5395869191049913,29075
0.5397849462365591,29076
0.5399828030954428,29077
0.5397507520412549,29078
0.5395189003436426,29079
0.5397166165736368,29080
0.5399141630901287,29081
0.5401115401115401,29082
0.5398799313893653,29083
0.5400771538791256,29084
0.5398457583547558,29085
0.5400428265524625,29086
0.5402397260273972,29087
0.540436456996149,29088
0.5402053036783576,29089
0.5404018811457888,29090
0.5401709401709401,29091
0.5403673643741991,29092
0.5405636208368916,29093
0.5403329065300896,29094
0.5405290102389079,29095
0.5402985074626866,29096
0.5400682011935208,29097
0.5398380911802301,29098
0.5400340715502555,29099
0.5398041719880801,29100
0.5395744680851063,29101
0.5397703105061676,29102
0.5399659863945578,29103
0.540161495962601,29104
0.54035683942226,29105
0.540552016985138,29106
0.5403225806451613,29107
0.5405176071277047,29108
0.5407124681933843,29109
0.5404832556167868,29110
0.5406779661016949,29111
0.540872511647607,29112
0.5410668924640135,29113
0.5408379179009734,29114
0.5406091370558376,29115
0.5408033826638478,29116
0.540574809805579,29117
0.5407689057879171,29118
0.5405405405405406,29119
0.5407344871253693,29120
0.540506329113924,29121
0.5407001265288908,29122
0.5404721753794266,29123
0.5406658238516645,29124
0.5408593091828138,29125
0.5406315789473685,29126
0.5408249158249159,29127
0.5410180900294489,29128
0.5407905803195963,29129
0.5405632618747372,29130
0.5403361344537815,29131
inf,29132
1.0,29133
0.5,29134
0.3333333333333333,29135
0.25,29136
0.4,29137
0.5,29138
0.5714285714285714,29139
0.5,29140
0.4444444444444444,29141
0.5,29142
0.5454545454545454,29143
0.5,29144
0.5384615384615384,29145
0.5,29146
0.4666666666666667,29147
0.5,29148
0.5294117647058824,29149
0.5555555555555556,29150
0.5789473684210527,29151
0.6,29152
0.5714285714285714,29153
0.5909090909090909,29154
0.6086956521739131,29155
0.5833333333333334,29156
0.6,29157
0.6153846153846154,29158
0.6296296296296297,29159
0.6071428571428571,29160
0.6206896551724138,29161
0.6333333333333333,29162
0.6451612903225806,29163
0.625,29164
0.6060606060606061,29165
0.6176470588235294,29166
0.6,29167
0.5833333333333334,29168
0.5675675675675675,29169
0.5789473684210527,29170
0.5897435897435898,29171
0.575,29172
0.5609756097560976,29173
0.5476190476190477,29174
0.5581395348837209,29175
0.5454545454545454,29176
0.5333333333333333,29177
0.5434782608695652,29178
0.5319148936170213,29179
0.5416666666666666,29180
0.5306122448979592,29181
0.52,29182
0.5294117647058824,29183
0.5384615384615384,29184
0.5283018867924528,29185
0.5185185185185185,29186
0.5272727272727272,29187
0.5178571428571429,29188
0.5263157894736842,29189
0.5172413793103449,29190
0.5254237288135594,29191
0.5166666666666667,29192
0.5245901639344263,29193
0.5161290322580645,29194
0.5079365079365079,29195
0.515625,29196
0.5076923076923077,29197
0.5151515151515151,29198
0.5223880597014925,29199
0.5147058823529411,29200
0.5217391304347826,29201
0.5142857142857142,29202
0.5211267605633803,29203
0.5138888888888888,29204
0.5205479452054794,29205
0.5135135135135135,29206
0.5066666666666667,29207
0.5131578947368421,29208
0.5064935064935064,29209
0.5,29210
0.4936708860759494,29211
0.5,29212
0.5061728395061729,29213
0.5,29214
0.4939759036144578,29215
0.4880952380952381,29216
0.4823529411764706,29217
0.4883720930232558,29218
0.4827586206896552,29219
0.48863636363636365,29220
0.48314606741573035,29221
0.4777777777777778,29222
0.4835164835164835,29223
0.4891304347826087,29224
0.4946236559139785,29225
0.5,29226
0.5052631578947369,29227
0.5104166666666666,29228
0.5051546391752577,29229
0.5,29230
0.5050505050505051,29231
0.51,29232
0.504950495049505,29233
0.5098039215686274,29234
0.5048543689320388,29235
0.5,29236
0.49523809523809526,29237
0.5,29238
0.4953271028037383,29239
0.5,29240
0.5045871559633027,29241
0.509090909090909,29242
0.5045045045045045,29243
0.5,29244
0.504424778761062,29245
0.5087719298245614,29246
0.5043478260869565,29247
0.5086206896551724,29248
0.5042735042735043,29249
0.5,29250
0.4957983193277311,29251
0.5,29252
0.49586776859504134,29253
0.4918032786885246,29254
0.4959349593495935,29255
0.5,29256
0.496,29257
0.49206349206349204,29258
0.49606299212598426,29259
0.4921875,29260
0.49612403100775193,29261
0.5,29262
0.5038167938931297,29263
0.5,29264
0.49624060150375937,29265
0.4925373134328358,29266
0.4962962962962963,29267
0.49264705882352944,29268
0.49635036496350365,29269
0.5,29270
0.5035971223021583,29271
0.5071428571428571,29272
0.5106382978723404,29273
0.5140845070422535,29274
0.5174825174825175,29275
0.5208333333333334,29276
0.5241379310344828,29277
0.5273972602739726,29278
0.5306122448979592,29279
0.5337837837837838,29280
0.5369127516778524,29281
0.5333333333333333,29282
0.5298013245033113,29283
0.5328947368421053,29284
0.5359477124183006,29285
0.538961038961039,29286
0.5419354838709678,29287
0.5384615384615384,29288
0.5414012738853503,29289
0.5379746835443038,29290
0.5408805031446541,29291
0.54375,29292
0.546583850931677,29293
0.5432098765432098,29294
0.5398773006134969,29295
0.5426829268292683,29296
0.5454545454545454,29297
0.5481927710843374,29298
0.5508982035928144,29299
0.5535714285714286,29300
0.5502958579881657,29301
0.5470588235294118,29302
0.543859649122807,29303
0.5406976744186046,29304
0.5375722543352601,29305
0.5344827586206896,29306
0.5314285714285715,29307
0.5284090909090909,29308
0.5310734463276836,29309
0.5337078651685393,29310
0.5307262569832403,29311
0.5333333333333333,29312
0.5359116022099447,29313
0.5384615384615384,29314
0.5355191256830601,29315
0.532608695652174,29316
0.5351351351351351,29317
0.532258064516129,29318
0.5347593582887701,29319
0.5319148936170213,29320
0.5291005291005291,29321
0.531578947368421,29322
0.5340314136125655,29323
0.5364583333333334,29324
0.533678756476684,29325
0.5309278350515464,29326
0.5282051282051282,29327
0.5306122448979592,29328
0.5279187817258884,29329
0.5252525252525253,29330
0.5276381909547738,29331
0.525,29332
0.527363184079602,29333
0.5247524752475248,29334
0.5270935960591133,29335
0.5294117647058824,29336
0.526829268292683,29337
0.5242718446601942,29338
0.5265700483091788,29339
0.5240384615384616,29340
0.5263157894736842,29341
0.5285714285714286,29342
0.5260663507109005,29343
0.5235849056603774,29344
0.5258215962441315,29345
0.5233644859813084,29346
0.5209302325581395,29347
0.5185185185185185,29348
0.5207373271889401,29349
0.518348623853211,29350
0.5205479452054794,29351
0.5227272727272727,29352
0.5248868778280543,29353
0.5225225225225225,29354
0.5201793721973094,29355
0.5178571428571429,29356
0.5155555555555555,29357
0.5176991150442478,29358
0.5198237885462555,29359
0.5219298245614035,29360
0.519650655021834,29361
0.5217391304347826,29362
0.5238095238095238,29363
0.5258620689655172,29364
0.5236051502145923,29365
0.5256410256410257,29366
0.5234042553191489,29367
0.5211864406779662,29368
0.5232067510548524,29369
0.5210084033613446,29370
0.5230125523012552,29371
0.525,29372
0.5228215767634855,29373
0.5247933884297521,29374
0.5267489711934157,29375
0.5245901639344263,29376
0.5265306122448979,29377
0.5284552845528455,29378
0.5303643724696356,29379
0.5282258064516129,29380
0.5261044176706827,29381
0.528,29382
0.5298804780876494,29383
0.5277777777777778,29384
0.5296442687747036,29385
0.531496062992126,29386
0.5294117647058824,29387
0.53125,29388
0.5291828793774319,29389
0.5271317829457365,29390
0.525096525096525,29391
0.5230769230769231,29392
0.524904214559387,29393
0.5229007633587787,29394
0.5247148288973384,29395
0.5227272727272727,29396
0.5207547169811321,29397
0.5225563909774437,29398
0.5205992509363296,29399
0.5223880597014925,29400
0.5204460966542751,29401
0.5222222222222223,29402
0.5202952029520295,29403
0.5220588235294118,29404
0.5238095238095238,29405
0.5255474452554745,29406
0.5272727272727272,29407
0.5289855072463768,29408
0.5306859205776173,29409
0.5323741007194245,29410
0.5304659498207885,29411
0.5285714285714286,29412
0.5302491103202847,29413
0.5319148936170213,29414
0.5335689045936396,29415
0.5352112676056338,29416
0.5333333333333333,29417
0.5314685314685315,29418
0.5296167247386759,29419
0.5277777777777778,29420
0.5294117647058824,29421
0.5275862068965518,29422
0.5292096219931272,29423
0.5273972602739726,29424
0.5255972696245734,29425
0.5272108843537415,29426
0.5254237288135594,29427
0.5236486486486487,29428
0.5252525252525253,29429
0.5268456375838926,29430
0.5250836120401338,29431
0.5233333333333333,29432
0.5249169435215947,29433
0.5231788079470199,29434
0.5214521452145214,29435
0.5230263157894737,29436
0.521311475409836,29437
0.5228758169934641,29438
0.5211726384364821,29439
0.5227272727272727,29440
0.5242718446601942,29441
0.5258064516129032,29442
0.5273311897106109,29443
0.5256410256410257,29444
0.5239616613418531,29445
0.5254777070063694,29446
0.526984126984127,29447
0.5284810126582279,29448
0.526813880126183,29449
0.5283018867924528,29450
0.5297805642633229,29451
0.528125,29452
0.5264797507788161,29453
0.5279503105590062,29454
0.5294117647058824,29455
0.5308641975308642,29456
0.5292307692307693,29457
0.5276073619631901,29458
0.5259938837920489,29459
0.524390243902439,29460
0.5258358662613982,29461
0.5242424242424243,29462
0.5226586102719033,29463
0.5240963855421686,29464
0.5225225225225225,29465
0.5239520958083832,29466
0.5223880597014925,29467
0.5208333333333334,29468
0.5192878338278932,29469
0.5177514792899408,29470
0.5191740412979351,29471
0.5205882352941177,29472
0.5219941348973607,29473
0.52046783625731,29474
0.5189504373177842,29475
0.5203488372093024,29476
0.5217391304347826,29477
0.5202312138728323,29478
0.521613832853026,29479
0.5229885057471264,29480
0.5214899713467048,29481
0.52,29482
0.5185185185185185,29483
0.5170454545454546,29484
0.5184135977337111,29485
0.519774011299435,29486
0.5211267605633803,29487
0.5224719101123596,29488
0.5210084033613446,29489
0.5223463687150838,29490
0.520891364902507,29491
0.5222222222222223,29492
0.5235457063711911,29493
0.5220994475138122,29494
0.5206611570247934,29495
0.521978021978022,29496
0.5205479452054794,29497
0.5218579234972678,29498
0.5204359673024523,29499
0.5217391304347826,29500
0.5203252032520326,29501
0.518918918918919,29502
0.5175202156334232,29503
0.5161290322580645,29504
0.517426273458445,29505
0.516042780748663,29506
0.5173333333333333,29507
0.5186170212765957,29508
0.5172413793103449,29509
0.5185185185185185,29510
0.5197889182058048,29511
0.5210526315789473,29512
0.5196850393700787,29513
0.518324607329843,29514
0.5195822454308094,29515
0.5208333333333334,29516
0.5194805194805194,29517
0.5207253886010362,29518
0.5219638242894057,29519
0.5231958762886598,29520
0.5218508997429306,29521
0.5205128205128206,29522
0.5191815856777494,29523
0.5178571428571429,29524
0.5165394402035624,29525
0.5152284263959391,29526
0.5139240506329114,29527
0.5151515151515151,29528
0.5163727959697733,29529
0.5150753768844221,29530
0.5162907268170426,29531
0.515,29532
0.516209476309227,29533
0.5149253731343284,29534
0.5161290322580645,29535
0.5148514851485149,29536
0.5160493827160494,29537
0.5147783251231527,29538
0.515970515970516,29539
0.5147058823529411,29540
0.5158924205378973,29541
0.5170731707317073,29542
0.5182481751824818,29543
0.5194174757281553,29544
0.5205811138014528,29545
0.5193236714975845,29546
0.5204819277108433,29547
0.5216346153846154,29548
0.5227817745803357,29549
0.5239234449760766,29550
0.5250596658711217,29551
0.5238095238095238,29552
0.5249406175771971,29553
0.5260663507109005,29554
0.524822695035461,29555
0.5259433962264151,29556
0.5270588235294118,29557
0.5258215962441315,29558
0.5245901639344263,29559
0.5257009345794392,29560
0.5244755244755245,29561
0.5232558139534884,29562
0.5243619489559165,29563
0.5254629629629629,29564
0.5265588914549654,29565
0.5276497695852534,29566
0.5287356321839081,29567
0.5298165137614679,29568
0.5308924485125858,29569
0.5319634703196348,29570
0.5330296127562643,29571
0.5340909090909091,29572
0.5351473922902494,29573
0.5339366515837104,29574
0.5327313769751693,29575
0.5315315315315315,29576
0.5325842696629214,29577
0.531390134529148,29578
0.5302013422818792,29579
0.5290178571428571,29580
0.5278396436525612,29581
0.5266666666666666,29582
0.5254988913525499,29583
0.5265486725663717,29584
0.5275938189845475,29585
0.526431718061674,29586
0.5252747252747253,29587
0.5263157894736842,29588
0.5251641137855579,29589
0.5262008733624454,29590
0.5250544662309368,29591
0.5239130434782608,29592
0.5249457700650759,29593
0.525974025974026,29594
0.5269978401727862,29595
0.5258620689655172,29596
0.524731182795699,29597
0.5257510729613734,29598
0.5246252676659529,29599
0.5235042735042735,29600
0.5223880597014925,29601
0.5212765957446809,29602
0.5201698513800425,29603
0.5190677966101694,29604
0.5179704016913319,29605
0.5189873417721519,29606
0.5178947368421053,29607
0.5168067226890757,29608
0.5157232704402516,29609
0.5146443514644351,29610
0.5156576200417536,29611
0.5145833333333333,29612
0.5135135135135135,29613
0.5145228215767634,29614
0.5134575569358178,29615
0.5144628099173554,29616
0.51340206185567,29617
0.5123456790123457,29618
0.5112936344969199,29619
0.5102459016393442,29620
0.50920245398773,29621
0.5081632653061224,29622
0.5091649694501018,29623
0.5101626016260162,29624
0.5091277890466531,29625
0.5101214574898786,29626
0.509090909090909,29627
0.5100806451612904,29628
0.5110663983903421,29629
0.5120481927710844,29630
0.5110220440881763,29631
0.512,29632
0.5129740518962076,29633
0.5139442231075697,29634
0.5149105367793241,29635
0.5158730158730159,29636
0.5148514851485149,29637
0.5158102766798419,29638
0.514792899408284,29639
0.5137795275590551,29640
0.5147347740667977,29641
0.5137254901960784,29642
0.5146771037181996,29643
0.515625,29644
0.5146198830409356,29645
0.5136186770428015,29646
0.5145631067961165,29647
0.5155038759689923,29648
0.5145067698259188,29649
0.5135135135135135,29650
0.5144508670520231,29651
0.5134615384615384,29652
0.5124760076775432,29653
0.5114942528735632,29654
0.5124282982791587,29655
0.5133587786259542,29656
0.5142857142857142,29657
0.5152091254752852,29658
0.5161290322580645,29659
0.5151515151515151,29660
0.5160680529300568,29661
0.5150943396226415,29662
0.5160075329566854,29663
0.5169172932330827,29664
0.5159474671669794,29665
0.5168539325842697,29666
0.5177570093457944,29667
0.5167910447761194,29668
0.515828677839851,29669
0.516728624535316,29670
0.5176252319109462,29671
0.5166666666666667,29672
0.5157116451016636,29673
0.5166051660516605,29674
0.5174953959484346,29675
0.5165441176470589,29676
0.5155963302752293,29677
0.5164835164835165,29678
0.5173674588665448,29679
0.5164233576642335,29680
0.517304189435337,29681
0.5181818181818182,29682
0.5172413793103449,29683
0.5181159420289855,29684
0.5171790235081374,29685
0.516245487364621,29686
0.5171171171171172,29687
0.5161870503597122,29688
0.5170556552962298,29689
0.517921146953405,29690
0.516994633273703,29691
0.5178571428571429,29692
0.5187165775401069,29693
0.5195729537366548,29694
0.5204262877442274,29695
0.5195035460992907,29696
0.5203539823008849,29697
0.519434628975265,29698
0.5185185185185185,29699
0.5193661971830986,29700
0.5184534270650264,29701
0.519298245614035,29702
0.5183887915936952,29703
0.5174825174825175,29704
0.5165794066317626,29705
0.5156794425087108,29706
0.5165217391304348,29707
0.5173611111111112,29708
0.5181975736568457,29709
0.5190311418685121,29710
0.5198618307426598,29711
0.5189655172413793,29712
0.5180722891566265,29713
0.5171821305841925,29714
0.516295025728988,29715
0.5171232876712328,29716
0.517948717948718,29717
0.5187713310580204,29718
0.5178875638841567,29719
0.5187074829931972,29720
0.5178268251273345,29721
0.5169491525423728,29722
0.5160744500846024,29723
0.5152027027027027,29724
0.5160202360876898,29725
0.5151515151515151,29726
0.5142857142857142,29727
0.5151006711409396,29728
0.5142378559463987,29729
0.5150501672240803,29730
0.5141903171953256,29731
0.515,29732
0.5141430948419301,29733
0.5132890365448505,29734
0.5124378109452736,29735
0.5132450331125827,29736
0.5140495867768595,29737
0.5132013201320133,29738
0.5123558484349259,29739
0.5115131578947368,29740
0.5123152709359606,29741
0.5114754098360655,29742
0.5122749590834698,29743
0.5130718954248366,29744
0.5138662316476346,29745
0.5130293159609121,29746
0.5121951219512195,29747
0.512987012987013,29748
0.513776337115073,29749
0.5145631067961165,29750
0.5137318255250404,29751
0.5145161290322581,29752
0.5152979066022544,29753
0.5144694533762058,29754
0.5136436597110754,29755
0.5128205128205128,29756
0.512,29757
0.512779552715655,29758
0.5135566188197768,29759
0.5143312101910829,29760
0.5135135135135135,29761
0.5126984126984127,29762
0.5134706814580031,29763
0.5126582278481012,29764
0.5134281200631912,29765
0.5126182965299685,29766
0.5133858267716536,29767
0.5141509433962265,29768
0.5149136577708007,29769
0.5141065830721003,29770
0.513302034428795,29771
0.5140625,29772
0.5132605304212169,29773
0.5124610591900312,29774
0.5132192846034215,29775
0.5139751552795031,29776
0.5147286821705427,29777
0.5154798761609907,29778
0.5162287480680062,29779
0.5169753086419753,29780
0.5161787365177196,29781
0.5153846153846153,29782
0.5161290322580645,29783
0.5168711656441718,29784
0.5160796324655437,29785
0.5168195718654435,29786
0.516030534351145,29787
0.5152439024390244,29788
0.5144596651445966,29789
0.513677811550152,29790
0.5128983308042488,29791
0.5121212121212121,29792
0.5113464447806354,29793
0.5120845921450151,29794
0.5128205128205128,29795
0.5120481927710844,29796
0.512781954887218,29797
0.512012012012012,29798
0.5112443778110944,29799
0.5119760479041916,29800
0.5127055306427504,29801
0.5119402985074627,29802
0.5126676602086438,29803
0.5133928571428571,29804
0.5141158989598811,29805
0.5133531157270029,29806
0.5140740740740741,29807
0.5133136094674556,29808
0.5140324963072378,29809
0.5132743362831859,29810
0.5139911634756995,29811
0.513235294117647,29812
0.5124816446402349,29813
0.5117302052785924,29814
0.5124450951683748,29815
0.5116959064327485,29816
0.5109489051094891,29817
0.5102040816326531,29818
0.5109170305676856,29819
0.5101744186046512,29820
0.5108853410740203,29821
0.5101449275362319,29822
0.5108538350217077,29823
0.5101156069364162,29824
0.5108225108225108,29825
0.5115273775216138,29826
0.5122302158273381,29827
0.5114942528735632,29828
0.5121951219512195,29829
0.5114613180515759,29830
0.5121602288984263,29831
0.5114285714285715,29832
0.5106990014265336,29833
0.5113960113960114,29834
0.5120910384068279,29835
0.5127840909090909,29836
0.5134751773049645,29837
0.5141643059490085,29838
0.5148514851485149,29839
0.5155367231638418,29840
0.5148095909732017,29841
0.5140845070422535,29842
0.5147679324894515,29843
0.5154494382022472,29844
0.514726507713885,29845
0.5140056022408963,29846
0.5146853146853146,29847
0.5153631284916201,29848
0.5160390516039052,29849
0.5153203342618384,29850
0.5146036161335188,29851
0.5152777777777777,29852
0.5159500693481276,29853
0.5152354570637119,29854
0.5145228215767634,29855
0.5151933701657458,29856
0.5144827586206897,29857
0.5151515151515151,29858
0.515818431911967,29859
0.5164835164835165,29860
0.5157750342935528,29861
0.5164383561643836,29862
0.5170998632010944,29863
0.51775956284153,29864
0.5170532060027285,29865
0.5177111716621253,29866
0.5170068027210885,29867
0.5176630434782609,29868
0.5169606512890095,29869
0.516260162601626,29870
0.516914749661705,29871
0.5162162162162162,29872
0.5168690958164642,29873
0.5175202156334232,29874
0.5181695827725438,29875
0.5188172043010753,29876
0.5194630872483221,29877
0.5201072386058981,29878
0.5194109772423026,29879
0.5187165775401069,29880
0.5180240320427236,29881
0.5186666666666667,29882
0.5193075898801598,29883
0.5199468085106383,29884
0.5205843293492696,29885
0.519893899204244,29886
0.5205298013245033,29887
0.5211640211640212,29888
0.5204755614266843,29889
0.521108179419525,29890
0.5217391304347826,29891
0.5223684210526316,29892
0.5229960578186597,29893
0.5223097112860893,29894
0.5229357798165137,29895
0.5235602094240838,29896
0.5241830065359477,29897
0.5234986945169713,29898
0.5228161668839635,29899
0.5221354166666666,29900
0.5214564369310793,29901
0.5207792207792208,29902
0.5214007782101168,29903
0.5207253886010362,29904
0.5200517464424321,29905
0.520671834625323,29906
0.5212903225806451,29907
0.520618556701031,29908
0.51994851994852,29909
0.519280205655527,29910
0.5186136071887034,29911
0.517948717948718,29912
0.5172855313700384,29913
0.5166240409207161,29914
0.5172413793103449,29915
0.5165816326530612,29916
0.5171974522292994,29917
0.5178117048346056,29918
0.5171537484116899,29919
0.516497461928934,29920
0.5158428390367554,29921
0.5164556962025316,29922
0.5170670037926675,29923
0.5176767676767676,29924
0.5182849936948297,29925
0.5188916876574308,29926
0.519496855345912,29927
0.5188442211055276,29928
0.5181932245922208,29929
0.5175438596491229,29930
0.5168961201501877,29931
0.51625,29932
0.5156054931335831,29933
0.5149625935162094,29934
0.5143212951432129,29935
0.513681592039801,29936
0.5130434782608696,29937
0.5124069478908189,29938
0.5117719950433705,29939
0.5123762376237624,29940
0.5129789864029666,29941
0.5135802469135803,29942
0.5129469790382244,29943
0.5123152709359606,29944
0.5116851168511685,29945
0.5110565110565111,29946
0.5116564417177915,29947
0.5110294117647058,29948
0.5116279069767442,29949
0.511002444987775,29950
0.5115995115995116,29951
0.5121951219512195,29952
0.5115712545676004,29953
0.5109489051094891,29954
0.5103280680437424,29955
0.5109223300970874,29956
0.5115151515151515,29957
0.5121065375302664,29958
0.5114873035066505,29959
0.5120772946859904,29960
0.5126658624849216,29961
0.5120481927710844,29962
0.5126353790613718,29963
0.5132211538461539,29964
0.5138055222088835,29965
0.513189448441247,29966
0.5125748502994012,29967
0.5119617224880383,29968
0.5125448028673835,29969
0.513126491646778,29970
0.5137067938021455,29971
0.5142857142857142,29972
0.5136741973840666,29973
0.5130641330166271,29974
0.5136417556346382,29975
0.514218009478673,29976
0.5136094674556213,29977
0.5141843971631206,29978
0.5147579693034239,29979
0.5141509433962265,29980
0.5147232037691402,29981
0.5152941176470588,29982
0.5158636897767332,29983
0.5152582159624414,29984
0.5146541617819461,29985
0.5140515222482436,29986
0.5146198830409356,29987
0.514018691588785,29988
0.514585764294049,29989
0.513986013986014,29990
0.5145518044237486,29991
0.513953488372093,29992
0.5145180023228804,29993
0.5150812064965197,29994
0.5144843568945539,29995
0.5150462962962963,29996
0.5156069364161849,29997
0.5161662817551963,29998
0.5167243367935409,29999
0.5161290322580645,30000
0.5166858457997698,30001
0.5172413793103449,30002
0.5177956371986223,30003
0.5172018348623854,30004
0.5177548682703322,30005
0.5183066361556065,30006
0.5188571428571429,30007
0.519406392694064,30008
0.5199543899657925,30009
0.5193621867881549,30010
0.5199089874857793,30011
0.5193181818181818,30012
0.5187287173666288,30013
0.5192743764172335,30014
0.5198187995469988,30015
0.5203619909502263,30016
0.5209039548022599,30017
0.5203160270880361,30018
0.5208568207440811,30019
0.5202702702702703,30020
0.5196850393700787,30021
0.5191011235955056,30022
0.5196408529741863,30023
0.5190582959641256,30024
0.5184770436730123,30025
0.5190156599552572,30026
0.5184357541899441,30027
0.5178571428571429,30028
0.5172798216276477,30029
0.5178173719376392,30030
0.5183537263626251,30031
0.5177777777777778,30032
0.5172031076581576,30033
0.5177383592017738,30034
0.5171650055370985,30035
0.5176991150442478,30036
0.5171270718232044,30037
0.5165562913907285,30038
0.5170893054024256,30039
0.5176211453744494,30040
0.517051705170517,30041
0.5175824175824176,30042
0.5181119648737651,30043
0.5175438596491229,30044
0.5180722891566265,30045
0.5185995623632386,30046
0.5191256830601093,30047
0.5185589519650655,30048
0.5179934569247546,30049
0.5174291938997821,30050
0.5168661588683352,30051
0.5173913043478261,30052
0.5179153094462541,30053
0.517353579175705,30054
0.5178764897074756,30055
0.5173160173160173,30056
0.5178378378378379,30057
0.5172786177105831,30058
0.5167206040992449,30059
0.5172413793103449,30060
0.5177610333692142,30061
0.5172043010752688,30062
0.5166487647690655,30063
0.5160944206008584,30064
0.5166130760986066,30065
0.5160599571734475,30066
0.5165775401069519,30067
0.5170940170940171,30068
0.5165421558164355,30069
0.5159914712153518,30070
0.5154419595314164,30071
0.5159574468085106,30072
0.5154091392136025,30073
0.5148619957537155,30074
0.5153764581124072,30075
0.5148305084745762,30076
0.5142857142857142,30077
0.514799154334038,30078
0.515311510031679,30079
0.5147679324894515,30080
0.5142255005268704,30081
0.5136842105263157,30082
0.5131440588853838,30083
0.5126050420168067,30084
0.5120671563483735,30085
0.5125786163522013,30086
0.5130890052356021,30087
0.5125523012552301,30088
0.5130616509926855,30089
0.5135699373695198,30090
0.5140771637122002,30091
0.5135416666666667,30092
0.514047866805411,30093
0.5135135135135135,30094
0.5129802699896158,30095
0.5124481327800829,30096
0.5119170984455959,30097
0.5124223602484472,30098
0.5129265770423992,30099
0.512396694214876,30100
0.5118679050567595,30101
0.511340206185567,30102
0.5118434603501545,30103
0.5113168724279835,30104
0.5118191161356629,30105
0.5112936344969199,30106
0.5107692307692308,30107
0.5112704918032787,30108
0.510747185261003,30109
0.5112474437627812,30110
0.5107252298263534,30111
0.5102040816326531,30112
0.509683995922528,30113
0.5091649694501018,30114
0.508646998982706,30115
0.5091463414634146,30116
0.5096446700507614,30117
0.5101419878296146,30118
0.5096251266464032,30119
0.5091093117408907,30120
0.5096056622851365,30121
0.51010101010101,30122
0.5095862764883956,30123
0.5090725806451613,30124
0.5095669687814703,30125
0.5090543259557344,30126
0.5095477386934674,30127
0.5100401606425703,30128
0.5105315947843531,30129
0.5110220440881763,30130
0.5115115115115115,30131
0.512,30132
0.5114885114885115,30133
0.5119760479041916,30134
0.5124626121635095,30135
0.5129482071713147,30136
0.5134328358208955,30137
0.5129224652087475,30138
0.5134061569016882,30139
0.5138888888888888,30140
0.5133795837462835,30141
0.5138613861386139,30142
0.5133531157270029,30143
0.5138339920948617,30144
0.5143139190523198,30145
0.5138067061143984,30146
0.5142857142857142,30147
0.5137795275590551,30148
0.5132743362831859,30149
0.5137524557956779,30150
0.5142296368989205,30151
0.5137254901960784,30152
0.5142017629774731,30153
0.5136986301369864,30154
0.5141739980449658,30155
0.5146484375,30156
0.5141463414634146,30157
0.51364522417154,30158
0.5131450827653359,30159
0.5136186770428015,30160
0.5140913508260447,30161
0.5135922330097087,30162
0.5140640155189137,30163
0.5135658914728682,30164
0.5130687318489835,30165
0.5135396518375241,30166
0.5140096618357488,30167
0.5144787644787645,30168
0.5139826422372228,30169
0.5144508670520231,30170
0.5139557266602502,30171
0.5134615384615384,30172
0.5139289145052833,30173
0.5134357005758158,30174
0.513902205177373,30175
0.514367816091954,30176
0.5138755980861244,30177
0.51434034416826,30178
0.5148042024832856,30179
0.5152671755725191,30180
0.5147759771210677,30181
0.5142857142857142,30182
0.5147478591817317,30183
0.5142585551330798,30184
0.5137701804368471,30185
0.5132827324478179,30186
0.5137440758293839,30187
0.5132575757575758,30188
0.5127719962157048,30189
0.5122873345935728,30190
0.5118035882908404,30191
0.5113207547169811,30192
0.5117813383600377,30193
0.5112994350282486,30194
0.510818438381938,30195
0.5103383458646616,30196
0.5098591549295775,30197
0.5093808630393997,30198
0.5098406747891284,30199
0.5102996254681648,30200
0.510757717492984,30201
0.5102803738317757,30202
0.5098039215686274,30203
0.5093283582089553,30204
0.5097856477166822,30205
0.5102420856610801,30206
0.5106976744186047,30207
0.5102230483271375,30208
0.510677808727948,30209
0.5102040816326531,30210
0.5097312326227988,30211
0.5101851851851852,30212
0.509713228492137,30213
0.5101663585951941,30214
0.5096952908587258,30215
0.5092250922509225,30216
0.5087557603686635,30217
0.509208103130755,30218
0.5087396504139834,30219
0.5091911764705882,30220
0.509641873278237,30221
0.5091743119266054,30222
0.5096241979835013,30223
0.51007326007326,30224
0.5105215004574566,30225
0.5100548446069469,30226
0.5105022831050229,30227
0.5109489051094891,30228
0.5104831358249772,30229
0.5109289617486339,30230
0.5104640582347588,30231
0.5109090909090909,30232
0.5113533151680291,30233
0.5117967332123412,30234
0.5122393472348141,30235
0.5126811594202898,30236
0.5131221719457013,30237
0.5126582278481012,30238
0.5130984643179766,30239
0.5126353790613718,30240
0.5121731289449954,30241
0.5126126126126126,30242
0.5121512151215122,30243
0.5116906474820144,30244
0.5112309074573226,30245
0.5116696588868941,30246
0.5121076233183857,30247
0.5116487455197133,30248
0.5120859444941809,30249
0.5125223613595706,30250
0.51295799821269,30251
0.5125,30252
0.5129348795718108,30253
0.5124777183600713,30254
0.5129118432769367,30255
0.5124555160142349,30256
0.512,30257
0.5124333925399644,30258
0.5119787045252884,30259
0.5115248226950354,30260
0.5119574844995571,30261
0.511504424778761,30262
0.5119363395225465,30263
0.5114840989399293,30264
0.5110326566637247,30265
0.5114638447971781,30266
0.5118942731277533,30267
0.5123239436619719,30268
0.5127528583992964,30269
0.5131810193321616,30270
0.5136084284460053,30271
0.5140350877192983,30272
0.5144609991235758,30273
0.5140105078809106,30274
0.5144356955380578,30275
0.513986013986014,30276
0.5135371179039301,30277
0.5139616055846422,30278
0.5143853530950305,30279
0.5139372822299652,30280
0.5143603133159269,30281
0.5139130434782608,30282
0.5134665508253693,30283
0.5138888888888888,30284
0.5134431916738942,30285
0.5138648180242634,30286
0.5142857142857142,30287
0.5147058823529411,30288
0.5151253241140882,30289
0.5155440414507773,30290
0.5150992234685073,30291
0.5146551724137931,30292
0.5142118863049095,30293
0.5146299483648882,30294
0.5150472914875323,30295
0.5146048109965635,30296
0.5150214592274678,30297
0.5145797598627787,30298
0.5149957155098543,30299
0.514554794520548,30300
0.514114627887083,30301
0.5145299145299145,30302
0.5140905209222887,30303
0.5136518771331058,30304
0.5140664961636828,30305
0.5136286201022147,30306
0.5140425531914894,30307
0.5136054421768708,30308
0.514018691588785,30309
0.5135823429541596,30310
0.5139949109414759,30311
0.5135593220338983,30312
0.5139712108382727,30313
0.5143824027072758,30314
0.514792899408284,30315
0.5143581081081081,30316
0.5139240506329114,30317
0.5134907251264755,30318
0.5130581297388374,30319
0.5134680134680135,30320
0.5138772077375946,30321
0.5134453781512605,30322
0.5138539042821159,30323
0.5134228187919463,30324
0.5138306789606035,30325
0.5134003350083752,30326
0.5138075313807532,30327
0.5142140468227425,30328
0.5146198830409356,30329
0.5150250417362271,30330
0.5154295246038365,30331
0.5158333333333334,30332
0.5154038301415487,30333
0.5158069883527454,30334
0.516209476309227,30335
0.5166112956810631,30336
0.5161825726141079,30337
0.5165837479270315,30338
0.5161557580778791,30339
0.5165562913907285,30340
0.5161290322580645,30341
0.5165289256198347,30342
0.5169281585466556,30343
0.5173267326732673,30344
0.517724649629019,30345
0.5181219110378913,30346
0.5185185185185185,30347
0.5180921052631579,30348
0.5184880854560394,30349
0.5180623973727422,30350
0.5176374077112387,30351
0.5172131147540984,30352
0.5176085176085176,30353
0.5171849427168577,30354
0.517579721995094,30355
0.5171568627450981,30356
0.516734693877551,30357
0.5163132137030995,30358
0.5158924205378973,30359
0.5162866449511401,30360
0.51586655817738,30361
0.516260162601626,30362
0.5166531275385865,30363
0.5170454545454546,30364
0.5166261151662611,30365
0.5170178282009724,30366
0.5165991902834008,30367
0.5161812297734628,30368
0.5157639450282943,30369
0.5161550888529887,30370
0.516545601291364,30371
0.5169354838709678,30372
0.5165189363416599,30373
0.5169082125603864,30374
0.5172968624296058,30375
0.5176848874598071,30376
0.5172690763052209,30377
0.5168539325842697,30378
0.5172413793103449,30379
0.5168269230769231,30380
0.5164131305044035,30381
0.5168,30382
0.5171862509992007,30383
0.5175718849840255,30384
0.5179569034317638,30385
0.5175438596491229,30386
0.5171314741035856,30387
0.517515923566879,30388
0.5178997613365155,30389
0.5182829888712241,30390
0.5186656076250993,30391
0.5190476190476191,30392
0.5186360031720857,30393
0.5190174326465927,30394
0.5193982581155978,30395
0.5197784810126582,30396
0.5193675889328063,30397
0.518957345971564,30398
0.5193370165745856,30399
0.5197160883280757,30400
0.5200945626477541,30401
0.5204724409448819,30402
0.5200629425649095,30403
0.5204402515723271,30404
0.5208169677926159,30405
0.5204081632653061,30406
0.5207843137254902,30407
0.5203761755485894,30408
0.5207517619420516,30409
0.5203442879499217,30410
0.5199374511336982,30411
0.5203125,30412
0.5206869633099142,30413
0.5210608424336973,30414
0.5206547155105222,30415
0.5210280373831776,30416
0.5206225680933853,30417
0.52099533437014,30418
0.5213675213675214,30419
0.5209627329192547,30420
0.5205585725368502,30421
0.5209302325581395,30422
0.5213013168086754,30423
0.5208978328173375,30424
0.5212683681361175,30425
0.5216383307573416,30426
0.522007722007722,30427
0.5216049382716049,30428
0.5219737856592136,30429
0.522342064714946,30430
0.5219399538106235,30431
0.5223076923076924,30432
0.5219062259800153,30433
0.521505376344086,30434
0.5211051419800461,30435
0.5214723926380368,30436
0.5210727969348659,30437
0.5214395099540582,30438
0.5210405508798776,30439
0.5214067278287462,30440
0.5217723453017571,30441
0.5213740458015267,30442
0.520976353928299,30443
0.5213414634146342,30444
0.5217060167555218,30445
0.5220700152207002,30446
0.5216730038022813,30447
0.5220364741641338,30448
0.5216400911161732,30449
0.5212443095599393,30450
0.5216072782410918,30451
0.521969696969697,30452
0.522331566994701,30453
0.5226928895612708,30454
0.5222978080120937,30455
0.5226586102719033,30456
0.5230188679245283,30457
0.5233785822021116,30458
0.5229841748304446,30459
0.5225903614457831,30460
0.5221971407072987,30461
0.5218045112781955,30462
0.521412471825695,30463
0.521021021021021,30464
0.5206301575393848,30465
0.52023988005997,30466
0.5205992509363296,30467
0.5209580838323353,30468
0.5205684367988033,30469
0.5201793721973094,30470
0.5197908887229276,30471
0.5201492537313432,30472
0.5205070842654735,30473
0.5208643815201193,30474
0.5212211466865228,30475
0.5208333333333334,30476
0.521189591078067,30477
0.5215453194650818,30478
0.5211581291759465,30479
0.5207715133531158,30480
0.5203854707190512,30481
0.5207407407407407,30482
0.5210954848260547,30483
0.5214497041420119,30484
0.5210643015521065,30485
0.5206794682422452,30486
0.5202952029520295,30487
0.5199115044247787,30488
0.5202652910832719,30489
0.5198821796759941,30490
0.5202354672553348,30491
0.5205882352941177,30492
0.520940484937546,30493
0.5212922173274597,30494
0.520909757887014,30495
0.5205278592375366,30496
0.5201465201465202,30497
0.5197657393850659,30498
0.5201170446232626,30499
0.52046783625731,30500
0.5200876552227903,30501
0.5204379562043796,30502
0.5207877461706784,30503
0.5204081632653061,30504
0.5207574654042243,30505
0.5203784570596798,30506
0.52,30507
0.5203488372093024,30508
0.5199709513435004,30509
0.5195936139332366,30510
0.5192168237853517,30511
0.5195652173913043,30512
0.5199131064446053,30513
0.5202604920405209,30514
0.5206073752711496,30515
0.5209537572254336,30516
0.5212996389891696,30517
0.5216450216450217,30518
0.5212689257390051,30519
0.521613832853026,30520
0.5212383009359252,30521
0.5215827338129496,30522
0.5212077641984184,30523
0.521551724137931,30524
0.5218951902368988,30525
0.5222381635581061,30526
0.5218637992831541,30527
0.5214899713467048,30528
0.521832498210451,30529
0.5214592274678111,30530
0.5210864903502502,30531
0.5207142857142857,30532
0.5203426124197003,30533
0.5199714693295292,30534
0.5203136136849608,30535
0.5206552706552706,30536
0.5209964412811388,30537
0.5213371266002845,30538
0.5216773276474769,30539
0.5220170454545454,30540
0.5223562810503903,30541
0.5226950354609929,30542
0.5223245924875974,30543
0.5226628895184136,30544
0.5230007077140835,30545
0.5226308345120226,30546
0.5222614840989399,30547
0.5218926553672316,30548
0.5215243472124206,30549
0.5211565585331452,30550
0.5207892882311487,30551
0.5211267605633803,30552
0.5207600281491908,30553
0.5210970464135021,30554
0.5207308503162333,30555
0.5203651685393258,30556
0.5207017543859649,30557
0.5210378681626928,30558
0.5213735108619482,30559
0.5217086834733894,30560
0.5213435969209237,30561
0.5209790209790209,30562
0.5206149545772187,30563
0.5202513966480447,30564
0.5198883461270063,30565
0.5195258019525802,30566
0.519163763066202,30567
0.5194986072423399,30568
0.5198329853862212,30569
0.5201668984700973,30570
0.5205003474635164,30571
0.5201388888888889,30572
0.520471894517696,30573
0.5208044382801664,30574
0.5211365211365211,30575
0.5214681440443213,30576
0.5217993079584775,30577
0.5221300138312587,30578
0.5217691776088459,30579
0.5220994475138122,30580
0.5224292615596964,30581
0.5227586206896552,30582
0.5223983459682977,30583
0.522038567493113,30584
0.522367515485203,30585
0.5220082530949106,30586
0.5216494845360825,30587
0.521978021978022,30588
0.5223061084420041,30589
0.522633744855967,30590
0.5222755311857437,30591
0.5219178082191781,30592
0.5222450376454483,30593
0.5218878248974008,30594
0.5222146274777854,30595
0.5218579234972678,30596
0.5215017064846417,30597
0.5218281036834925,30598
0.5221540558963872,30599
0.5224795640326976,30600
0.5228046289993192,30601
0.5231292517006803,30602
0.5234534330387491,30603
0.5230978260869565,30604
0.5234215885947047,30605
0.5237449118046132,30606
0.5240677966101694,30607
0.524390243902439,30608
0.5240352064996615,30609
0.523680649526387,30610
0.5240027045300879,30611
0.5243243243243243,30612
0.5246455097906819,30613
0.524966261808367,30614
0.5246122724207687,30615
0.5249326145552561,30616
0.5245791245791246,30617
0.5242261103633916,30618
0.5245460659045057,30619
0.5241935483870968,30620
0.5238415043653458,30621
0.5234899328859061,30622
0.5238095238095238,30623
0.5241286863270778,30624
0.5237776289350301,30625
0.5234270414993306,30626
0.5230769230769231,30627
0.5233957219251337,30628
0.5230460921843687,30629
0.5226969292389854,30630
0.5223482321547699,30631
0.522,30632
0.5223184543637575,30633
0.5226364846870839,30634
0.5229540918163673,30635
0.5232712765957447,30636
0.5235880398671097,30637
0.5232403718459495,30638
0.5228931652289317,30639
0.523209549071618,30640
0.5228628230616302,30641
0.5231788079470199,30642
0.5228325612177366,30643
0.5224867724867724,30644
0.5228023793787178,30645
0.523117569352708,30646
0.5234323432343234,30647
0.5237467018469657,30648
0.5240606460118655,30649
0.5237154150197628,30650
0.5233706385780118,30651
0.5236842105263158,30652
0.5239973701512163,30653
0.5243101182654402,30654
0.5239658568614577,30655
0.5236220472440944,30656
0.5232786885245901,30657
0.5229357798165137,30658
0.5232481990831697,30659
0.5235602094240838,30660
0.5232177894048398,30661
0.5235294117647059,30662
0.5231874591770085,30663
0.5234986945169713,30664
0.5231572080887149,30665
0.5228161668839635,30666
0.5224755700325733,30667
0.5227864583333334,30668
0.5230969420949902,30669
0.523407022106632,30670
0.5230669265756985,30671
0.5227272727272727,30672
0.5230369889682025,30673
0.522697795071336,30674
0.5230071289695398,30675
0.5233160621761658,30676
0.5229773462783172,30677
0.5226390685640362,30678
0.5229476405946994,30679
0.522609819121447,30680
0.5229180116204003,30681
0.5225806451612903,30682
0.5222437137330754,30683
0.5219072164948454,30684
0.5222150676110754,30685
0.5225225225225225,30686
0.5221864951768489,30687
0.5224935732647815,30688
0.5221579961464354,30689
0.5224646983311938,30690
0.5221295702373316,30691
0.5224358974358975,30692
0.5227418321588725,30693
0.5224071702944942,30694
0.5227127319257837,30695
0.5230179028132992,30696
0.5226837060702876,30697
0.5229885057471264,30698
0.5232929164007658,30699
0.5229591836734694,30700
0.5226258763543659,30701
0.5229299363057325,30702
0.5232336091661363,30703
0.5235368956743003,30704
0.5238397965670692,30705
0.5235069885641678,30706
0.5231746031746032,30707
0.5228426395939086,30708
0.523145212428662,30709
0.523447401774398,30710
0.5231158961367954,30711
0.5227848101265823,30712
0.5224541429475016,30713
0.52275600505689,30714
0.5230574857864814,30715
0.5233585858585859,30716
0.5230283911671925,30717
0.5233291298865069,30718
0.5236294896030246,30719
0.5232997481108312,30720
0.5235997482693517,30721
0.5238993710691824,30722
0.5235700817096166,30723
0.5232412060301508,30724
0.5229127432517263,30725
0.5225846925972396,30726
0.5228840125391849,30727
0.5231829573934837,30728
0.5234815278647464,30729
0.523153942428035,30730
0.5234521575984991,30731
0.523125,30732
0.5227982510930669,30733
0.5230961298377028,30734
0.5233936369307548,30735
0.5236907730673317,30736
0.52398753894081,30737
0.5236612702366127,30738
0.5239576851275669,30739
0.5242537313432836,30740
0.5245494095711623,30741
0.5248447204968945,30742
0.5251396648044693,30743
0.5254342431761787,30744
0.5257284562926224,30745
0.5260223048327137,30746
0.5263157894736842,30747
0.5266089108910891,30748
0.5269016697588126,30749
0.5271940667490729,30750
0.5268684373069796,30751
0.5265432098765432,30752
0.526218383713757,30753
0.5265104808877928,30754
0.5268022181146026,30755
0.5264778325123153,30756
0.5261538461538462,30757
0.525830258302583,30758
0.5255070682237246,30759
0.5257985257985258,30760
0.5260896255371393,30761
0.5257668711656441,30762
0.5260576333537706,30763
0.5257352941176471,30764
0.5254133496631965,30765
0.5257037943696451,30766
0.5259938837920489,30767
0.5262836185819071,30768
0.5265729993891265,30769
0.5268620268620269,30770
0.5271507016473459,30771
0.526829268292683,30772
0.5271176112126752,30773
0.5274056029232643,30774
0.5276932440657334,30775
0.5279805352798054,30776
0.5276595744680851,30777
0.5273390036452005,30778
0.5270188221007893,30779
0.5273058252427184,30780
0.5275924802910855,30781
0.5278787878787878,30782
0.5281647486371895,30783
0.5278450363196125,30784
0.5275257108287962,30785
0.5272067714631197,30786
0.5274924471299094,30787
0.5271739130434783,30788
0.5268557634278818,30789
0.5271411338962606,30790
0.5274261603375527,30791
0.5277108433734939,30792
0.5273931366646598,30793
0.5276774969915764,30794
0.5279615153337343,30795
0.5282451923076923,30796
0.5285285285285285,30797
0.5288115246098439,30798
0.5290941811637673,30799
0.5293764988009593,30800
0.5296584781306172,30801
0.5293413173652695,30802
0.5290245362058648,30803
0.5293062200956937,30804
0.5289898386132695,30805
0.5292712066905615,30806
0.5295522388059701,30807
0.5298329355608592,30808
0.5295169946332737,30809
0.5292014302741359,30810
0.5294818344252531,30811
0.5297619047619048,30812
0.529446757882213,30813
0.5291319857312723,30814
0.5288175876411171,30815
0.5285035629453682,30816
0.5281899109792285,30817
0.5284697508896797,30818
0.5287492590397155,30819
0.5284360189573459,30820
0.5281231497927767,30821
0.527810650887574,30822
0.5280898876404494,30823
0.5283687943262412,30824
0.5286473715298287,30825
0.5283353010625738,30826
0.528023598820059,30827
0.5283018867924528,30828
0.5285798467884502,30829
0.5282685512367491,30830
0.5285462036492055,30831
0.5288235294117647,30832
0.5285126396237507,30833
0.5287896592244419,30834
0.5290663534938345,30835
0.5293427230046949,30836
0.5290322580645161,30837
0.5293083235638921,30838
0.5295840656121851,30839
0.5298594847775175,30840
0.5301345816266823,30841
0.5304093567251462,30842
0.5306838106370544,30843
0.530373831775701,30844
0.5306479859894921,30845
0.5309218203033839,30846
0.5306122448979592,30847
0.5303030303030303,30848
0.5305765870704717,30849
0.530267753201397,30850
0.5305410122164049,30851
0.5302325581395348,30852
0.5305055200464845,30853
0.5307781649245064,30854
0.5310504933255948,30855
0.5307424593967517,30856
0.5304347826086957,30857
0.5307068366164542,30858
0.5303995367689636,30859
0.5306712962962963,30860
0.5303643724696356,30861
0.530635838150289,30862
0.5309069901790873,30863
0.5306004618937644,30864
0.5308713214079631,30865
0.5311418685121108,30866
0.530835734870317,30867
0.5311059907834101,30868
0.5313759355210133,30869
0.5316455696202531,30870
0.5313398504887866,30871
0.5310344827586206,30872
0.530729465824239,30873
0.5304247990815155,30874
0.5301204819277109,30875
0.5298165137614679,30876
0.5300859598853869,30877
0.5297823596792669,30878
0.529479107040641,30879
0.5291762013729977,30880
0.5288736420811893,30881
0.5291428571428571,30882
0.5288406624785836,30883
0.5291095890410958,30884
0.5293782087849401,30885
0.5290763968072976,30886
0.5287749287749288,30887
0.5284738041002278,30888
0.5287421741605008,30889
0.5290102389078498,30890
0.5287094940306992,30891
0.5289772727272727,30892
0.5286768881317433,30893
0.52894438138479,30894
0.5292115711854793,30895
0.5289115646258503,30896
0.5291784702549575,30897
0.5288788221970555,30898
0.5285795132993775,30899
0.5282805429864253,30900
0.5285472018089316,30901
0.5288135593220339,30902
0.5290796160361377,30903
0.5293453724604966,30904
0.5290468133107727,30905
0.5287485907553551,30906
0.5284507042253521,30907
0.5287162162162162,30908
0.5289814293753518,30909
0.5292463442069741,30910
0.5295109612141653,30911
0.5292134831460674,30912
0.5289163391353172,30913
0.5291806958473625,30914
0.5288839035333707,30915
0.5285874439461884,30916
0.5288515406162465,30917
0.5291153415453528,30918
0.5293788472299944,30919
0.5296420581655481,30920
0.529346003353829,30921
0.529608938547486,30922
0.5298715801228364,30923
0.5301339285714286,30924
0.5298382598996096,30925
0.5295429208472687,30926
0.5292479108635098,30927
0.529510022271715,30928
0.5292153589315526,30929
0.5294771968854283,30930
0.5297387437465259,30931
0.5294444444444445,30932
0.5291504719600222,30933
0.5294117647058824,30934
0.5291181364392679,30935
0.529379157427938,30936
0.5296398891966759,30937
0.5299003322259136,30938
0.5296070835639181,30939
0.5293141592920354,30940
0.5290215588723052,30941
0.5292817679558011,30942
0.5295416896742131,30943
0.5292494481236203,30944
0.5295091009376723,30945
0.5292171995589857,30946
0.5289256198347108,30947
0.5286343612334802,30948
0.5283434232250963,30949
0.528052805280528,30950
0.5277625068719076,30951
0.528021978021978,30952
0.528281164195497,30953
0.5285400658616904,30954
0.5282501371365881,30955
0.5285087719298246,30956
0.5287671232876713,30957
0.5290251916757941,30958
0.5287356321839081,30959
0.5284463894967177,30960
0.5287042099507928,30961
0.5289617486338798,30962
0.5286728563626434,30963
0.5283842794759825,30964
0.5280960174577196,30965
0.5278080697928026,30966
0.5280653950953679,30967
0.528322440087146,30968
0.5285792052259118,30969
0.528835690968444,30970
0.5285481239804242,30971
0.528804347826087,30972
0.5290602933188484,30973
0.5293159609120521,30974
0.5295713510580575,30975
0.529826464208243,30976
0.529539295392954,30977
0.5297941495124594,30978
0.5295073091499729,30979
0.5297619047619048,30980
0.5294753921038399,30981
0.5291891891891892,30982
0.529443544030254,30983
0.5291576673866091,30984
0.5294117647058824,30985
0.529126213592233,30986
0.5288409703504043,30987
0.5290948275862069,30988
0.5288099084544965,30989
0.5290635091496233,30990
0.5293168370091447,30991
0.5295698924731183,30992
0.5298226759806556,30993
0.5295381310418904,30994
0.5297906602254429,30995
0.5300429184549357,30996
0.5297587131367292,30997
0.5294748124330118,30998
0.5291912158543117,30999
0.5289079229122056,31000
0.5286249331193151,31001
0.5283422459893048,31002
0.5285943345804383,31003
0.5288461538461539,31004
0.5290977042178323,31005
0.5293489861259338,31006
0.5290666666666667,31007
0.529317697228145,31008
0.529035695258391,31009
0.5287539936102237,31010
0.5284725918041512,31011
0.5287234042553192,31012
0.5289739500265817,31013
0.5292242295430393,31014
0.5289431757833245,31015
0.5286624203821656,31016
0.5283819628647215,31017
0.5286320254506893,31018
0.5288818229994701,31019
0.5286016949152542,31020
0.5283218634197988,31021
0.5285714285714286,31022
0.5288207297726071,31023
0.5290697674418605,31024
0.5287902799788695,31025
0.529039070749736,31026
0.529287598944591,31027
0.5295358649789029,31028
0.52925672113864,31029
0.5289778714436248,31030
0.5292259083728278,31031
0.5294736842105263,31032
0.5297211993687533,31033
0.5299684542586751,31034
0.5296899632159747,31035
0.5294117647058824,31036
0.5291338582677165,31037
0.5288562434417629,31038
0.5291033036182485,31039
0.5288259958071279,31040
0.5285489785227868,31041
0.5287958115183246,31042
0.5290423861852434,31043
0.5292887029288703,31044
0.5295347621536853,31045
0.5297805642633229,31046
0.5295039164490861,31047
0.5292275574112735,31048
0.5289514866979655,31049
0.5291970802919708,31050
0.52892131318395,31051
0.5286458333333334,31052
0.5283706402915148,31053
0.5280957336108221,31054
0.5283411336453459,31055
0.5280665280665281,31056
0.5277922077922078,31057
0.5275181723779855,31058
0.5277633627400103,31059
0.5274896265560166,31060
0.527734577501296,31061
0.5274611398963731,31062
0.5277058518902124,31063
0.527432712215321,31064
0.5276771857216761,31065
0.5279214064115823,31066
0.5276485788113695,31067
0.5278925619834711,31068
0.5276200309757356,31069
0.5278637770897833,31070
0.5275915420319752,31071
0.5278350515463918,31072
0.5275631117980423,31073
0.5272914521112255,31074
0.5270200720535255,31075
0.5267489711934157,31076
0.5269922879177378,31077
0.5267214799588901,31078
0.5269645608628659,31079
0.5272073921971252,31080
0.5274499743458184,31081
0.5271794871794871,31082
0.5274218349564326,31083
0.5276639344262295,31084
0.5279057859703021,31085
0.5276356192425793,31086
0.5278772378516624,31087
0.5276073619631901,31088
0.5278487480838018,31089
0.5275791624106231,31090
0.5278203164880041,31091
0.5280612244897959,31092
0.5283018867924528,31093
0.5285423037716616,31094
0.5282730514518594,31095
0.5285132382892057,31096
0.5287531806615776,31097
0.5289928789420142,31098
0.5292323335027961,31099
0.5294715447154471,31100
0.5292026409344845,31101
0.5294416243654823,31102
0.5296803652968036,31103
0.5294117647058824,31104
0.5296502787633046,31105
0.5293819655521783,31106
0.529113924050633,31107
0.5293522267206477,31108
0.5295902883156297,31109
0.5298281092012134,31110
0.5295603840323395,31111
0.5292929292929293,31112
0.5295305401312469,31113
0.5297679112008072,31114
0.5300050428643469,31115
0.530241935483871,31116
0.530478589420655,31117
0.5302114803625377,31118
0.5304479114242576,31119
0.5306841046277666,31120
0.5304172951231775,31121
0.5306532663316583,31122
0.5303867403314917,31123
0.5301204819277109,31124
0.5298544907175113,31125
0.5295887662988967,31126
0.5298245614035088,31127
0.529559118236473,31128
0.5297946920380571,31129
0.5295295295295295,31130
0.5292646323161581,31131
0.529,31132
0.5292353823088456,31133
0.528971028971029,31134
0.5292061907139292,31135
0.5289421157684631,31136
0.5286783042394015,31137
0.5284147557328016,31138
0.5281514698555058,31139
0.5283864541832669,31140
0.5281234444997511,31141
0.527860696517413,31142
0.5280954748881154,31143
0.5283300198807157,31144
0.5280675608544461,31145
0.5283018867924528,31146
0.5285359801488834,31147
0.5287698412698413,31148
0.5290034705007437,31149
0.5287413280475719,31150
0.5284794452699356,31151
0.5287128712871287,31152
0.52894606630381,31153
0.5291790306627102,31154
0.5294117647058824,31155
0.5296442687747036,31156
0.5298765432098765,31157
0.5301085883514314,31158
0.5303404045387272,31159
0.5305719921104537,31160
0.5308033514046329,31161
0.5305418719211823,31162
0.5302806499261448,31163
0.530511811023622,31164
0.5307427447122479,31165
0.5309734513274337,31166
0.5307125307125307,31167
0.5309430255402751,31168
0.5306823760432008,31169
0.5304219823356232,31170
0.5301618440411967,31171
0.5303921568627451,31172
0.5306222439980401,31173
0.5303623898139079,31174
0.5301027900146843,31175
0.5303326810176126,31176
0.5300733496332518,31177
0.5298142717497556,31178
0.5300439667806546,31179
0.52978515625,31180
0.529526598340654,31181
0.5292682926829269,31182
0.5294978059483179,31183
0.5292397660818714,31184
0.5294690696541646,31185
0.5296981499513145,31186
0.5294403892944038,31187
0.5291828793774319,31188
0.5289256198347108,31189
0.5286686103012633,31190
0.5288975230694511,31191
0.5286407766990291,31192
0.5288694808345463,31193
0.5290979631425801,31194
0.5293262239457102,31195
0.5295542635658915,31196
0.5297820823244552,31197
0.5295256534365924,31198
0.5297532656023222,31199
0.5294970986460348,31200
0.5292411793136781,31201
0.5294685990338164,31202
0.5292129406084017,31203
0.528957528957529,31204
0.5287023637240714,31205
0.5289296046287367,31206
0.5286746987951807,31207
0.5284200385356455,31208
0.5281656234954261,31209
0.5279114533205005,31210
0.5281385281385281,31211
0.5278846153846154,31212
0.5276309466602594,31213
0.5278578290105668,31214
0.528084493518963,31215
0.527831094049904,31216
0.5280575539568345,31217
0.5282837967401726,31218
0.5285098227120268,31219
0.5287356321839081,31220
0.5284825275251317,31221
0.5282296650717704,31222
0.5284552845528455,31223
0.5282026768642447,31224
0.5279503105590062,31225
0.5281757402101241,31226
0.528400954653938,31227
0.5281488549618321,31228
0.5283738674296614,31229
0.5281220209723546,31230
0.5283468318246785,31231
0.5280952380952381,31232
0.5278438838648263,31233
0.5280685061845861,31234
0.5278174037089871,31235
0.5275665399239544,31236
0.5273159144893111,31237
0.5270655270655271,31238
0.5272899857617466,31239
0.5275142314990512,31240
0.5272641062114747,31241
0.5274881516587677,31242
0.527238275698721,31243
0.5269886363636364,31244
0.526739233317558,31245
0.5264900662251656,31246
0.526241134751773,31247
0.5264650283553876,31248
0.5262163438828531,31249
0.5259678942398489,31250
0.5261915998112318,31251
0.5259433962264151,31252
0.5261669024045261,31253
0.5263901979264844,31254
0.5261422515308526,31255
0.525894538606403,31256
0.5261176470588236,31257
0.5258701787394168,31258
0.5256229431123648,31259
0.5258458646616542,31260
0.5260685767966181,31261
0.5258215962441315,31262
0.5260441107461286,31263
0.525797373358349,31264
0.5255508673230193,31265
0.5257731958762887,31266
0.5255269320843091,31267
0.525749063670412,31268
0.5259709873654657,31269
0.5261927034611786,31270
0.5264142122487143,31271
0.5261682242990654,31272
0.525922466137319,31273
0.5256769374416433,31274
0.5254316378908073,31275
0.5256529850746269,31276
0.5258741258741259,31277
0.5260950605778192,31278
0.5263157894736842,31279
0.526536312849162,31280
0.5267566309911587,31281
0.5269767441860466,31282
0.5271966527196653,31283
0.5274163568773235,31284
0.5271713887598699,31285
0.5273909006499535,31286
0.5276102088167053,31287
0.5278293135435993,31288
0.5280482151135837,31289
0.5278035217794254,31290
0.5275590551181102,31291
0.5277777777777778,31292
0.5279962980101804,31293
0.5282146160962072,31294
0.5279704114655571,31295
0.5281885397412199,31296
0.5284064665127021,31297
0.528624192059095,31298
0.528380249192432,31299
0.5281365313653137,31300
0.5283540802213001,31301
0.5285714285714286,31302
0.528327959465684,31303
0.5285451197053407,31304
0.5287620800736309,31305
0.5285188592456301,31306
0.5282758620689655,31307
0.5284926470588235,31308
0.5282498851630685,31309
0.5280073461891643,31310
0.5282239559430931,31311
0.5279816513761468,31312
0.5277395690050436,31313
0.5279560036663611,31314
0.5277141548327989,31315
0.5279304029304029,31316
0.5281464530892449,31317
0.5279048490393413,31318
0.5281207133058985,31319
0.5278793418647166,31320
0.5280950205573322,31321
0.5278538812785388,31322
0.5276129621177544,31323
0.5278284671532847,31324
0.5275877792977656,31325
0.5278030993618961,31326
0.5275626423690205,31327
0.5273224043715847,31328
0.5275375512061903,31329
0.5272975432211101,31330
0.527512505684402,31331
0.5277272727272727,31332
0.5274875056792367,31333
0.5272479564032697,31334
0.5274625510667272,31335
0.5272232304900182,31336
0.526984126984127,31337
0.5271985494106981,31338
0.5269596737652923,31339
0.5271739130434783,31340
0.526935264825713,31341
0.5266968325791855,31342
0.5264586160108549,31343
0.5262206148282098,31344
0.52643470402169,31345
0.526196928635953,31346
0.526410835214447,31347
0.5266245487364621,31348
0.5263870094722598,31349
0.5261496844003607,31350
0.5263632266786841,31351
0.5265765765765765,31352
0.5267897343538946,31353
0.527002700270027,31354
0.5272154745838956,31355
0.5274280575539568,31356
0.527191011235955,31357
0.5269541778975741,31358
0.5271665918275708,31359
0.5269299820466786,31360
0.5271422162404665,31361
0.5269058295964125,31362
0.5271178843567906,31363
0.5273297491039427,31364
0.5275414240931482,31365
0.5273052820053715,31366
0.5275167785234899,31367
0.5272808586762076,31368
0.527045149754135,31369
0.5268096514745308,31370
0.5265743635551585,31371
0.5267857142857143,31372
0.5269968763944668,31373
0.5267618198037467,31374
0.52652697280428,31375
0.5262923351158645,31376
0.5260579064587974,31377
0.5262689225289403,31378
0.5264797507788161,31379
0.5262455516014235,31380
0.5260115606936416,31381
0.5262222222222223,31382
0.5264326965792981,31383
0.5266429840142096,31384
0.5268530847758545,31385
0.5266193433895298,31386
0.526829268292683,31387
0.526595744680851,31388
0.5268054940186088,31389
0.5270150575730735,31390
0.5267817618415228,31391
0.5265486725663717,31392
0.5263157894736842,31393
0.5265251989389921,31394
0.5262925320371189,31395
0.526060070671378,31396
0.5258278145695364,31397
0.5260370697263901,31398
0.5262461402734891,31399
0.5260141093474426,31400
0.5262230057293962,31401
0.5259911894273128,31402
0.5261999119330691,31403
0.5264084507042254,31404
0.526616805983282,31405
0.5263852242744064,31406
0.5261538461538462,31407
0.5259226713532513,31408
0.525691699604743,31409
0.525460930640913,31410
0.525669153137341,31411
0.525438596491228,31412
0.5256466462078035,31413
0.5254163014899211,31414
0.5251861585632939,31415
0.5249562171628721,31416
0.52472647702407,31417
0.5244969378827646,31418
0.5242675994752951,31419
0.5244755244755245,31420
0.5242463958060288,31421
0.5244541484716158,31422
0.5246617197730249,31423
0.524869109947644,31424
0.5246402093327519,31425
0.5248474280732345,31426
0.5250544662309368,31427
0.5252613240418118,31428
0.5250326512842839,31429
0.5252393385552655,31430
0.5254458460200087,31431
0.5252173913043479,31432
0.5249891351586267,31433
0.5247610773240661,31434
0.5249674337820235,31435
0.5251736111111112,31436
0.5249457700650759,31437
0.5251517779705117,31438
0.5249241439098397,31439
0.5251299826689775,31440
0.5253356431355565,31441
0.5251082251082251,31442
0.5253137170056252,31443
0.5255190311418685,31444
0.5257241677475141,31445
0.5259291270527225,31446
0.526133909287257,31447
0.5259067357512953,31448
0.5261113508847648,31449
0.5263157894736842,31450
0.5265200517464425,31451
0.5267241379310345,31452
0.5269280482550625,31453
0.5267011197243755,31454
0.5269048643994835,31455
0.5271084337349398,31456
0.5268817204301075,31457
0.5270851246775581,31458
0.5272883541039965,31459
0.5274914089347079,31460
0.52769428939459,31461
0.5274678111587983,31462
0.5276705276705277,31463
0.5278730703259005,31464
0.5276468066866695,31465
0.5278491859468724,31466
0.528051391862955,31467
0.5282534246575342,31468
0.5280273855370132,31469
0.5282292557741659,31470
0.5284309533988885,31471
0.5286324786324786,31472
0.5284066638188808,31473
0.5286080273270709,31474
0.5283824157063594,31475
0.5285836177474402,31476
0.5283582089552239,31477
0.5285592497868713,31478
0.5287601193012356,31479
0.5289608177172062,31480
0.5291613452532993,31481
0.5293617021276595,31482
0.5295618885580604,31483
0.5293367346938775,31484
0.5291117722056948,31485
0.5288870008496177,31486
0.5290870488322718,31487
0.5292869269949066,31488
0.529062367416207,31489
0.5292620865139949,31490
0.5294616362865621,31491
0.5296610169491526,31492
0.5298602287166455,31493
0.5300592718035563,31494
0.5298349555649597,31495
0.5296108291032149,31496
0.5293868921775898,31497
0.5295857988165681,31498
0.5297845373891001,31499
0.5299831081081081,31500
0.5297593921485859,31501
0.529957805907173,31502
0.5297342893293969,31503
0.5299325463743676,31504
0.5301306363253266,31505
0.5299073294018534,31506
0.5296842105263158,31507
0.5298821548821548,31508
0.5296592343289861,31509
0.5298570227081582,31510
0.5300546448087432,31511
0.5298319327731092,31512
0.5300293994120118,31513
0.5298068849706129,31514
0.5300041963911036,31515
0.5302013422818792,31516
0.529979035639413,31517
0.5297569153394803,31518
0.5299539170506913,31519
0.5301507537688442,31520
0.5303474257011301,31521
0.5301255230125523,31522
0.5299038059389377,31523
0.5301003344481605,31524
0.530296698704555,31525
0.5304928989139516,31526
0.5306889352818371,31527
0.5308848080133556,31528
0.5310805173133083,31529
0.5312760633861552,31530
0.531471446436015,31531
0.5316666666666666,31532
0.5314452311536859,31533
0.5312239800166528,31534
0.5314190595089472,31535
0.5316139767054908,31536
0.5318087318087318,31537
0.5315876974231089,31538
0.5317823016202742,31539
0.5319767441860465,31540
0.5317559153175592,31541
0.5319502074688797,31542
0.5321443384487764,31543
0.5323383084577115,31544
0.532117695814339,31545
0.5323115161557581,31546
0.5320910973084886,31547
0.5322847682119205,31548
0.5320645428216798,31549
0.5318444995864351,31550
0.5320380322447292,31551
0.5322314049586777,31552
0.5324246179264767,31553
inf,31554
1.0,31555
1.0,31556
1.0,31557
0.75,31558
0.6,31559
0.5,31560
0.42857142857142855,31561
0.375,31562
0.3333333333333333,31563
0.4,31564
0.45454545454545453,31565
0.5,31566
0.46153846153846156,31567
0.5,31568
0.4666666666666667,31569
0.4375,31570
0.4117647058823529,31571
0.3888888888888889,31572
0.42105263157894735,31573
0.45,31574
0.42857142857142855,31575
0.45454545454545453,31576
0.4782608695652174,31577
0.5,31578
0.52,31579
0.5,31580
0.48148148148148145,31581
0.5,31582
0.4827586206896552,31583
0.4666666666666667,31584
0.4838709677419355,31585
0.46875,31586
0.45454545454545453,31587
0.47058823529411764,31588
0.4857142857142857,31589
0.5,31590
0.4864864864864865,31591
0.5,31592
0.48717948717948717,31593
0.475,31594
0.4634146341463415,31595
0.47619047619047616,31596
0.46511627906976744,31597
0.45454545454545453,31598
0.4666666666666667,31599
0.45652173913043476,31600
0.46808510638297873,31601
0.4791666666666667,31602
0.4897959183673469,31603
0.5,31604
0.5098039215686274,31605
0.5,31606
0.5094339622641509,31607
0.5,31608
0.4909090909090909,31609
0.48214285714285715,31610
0.47368421052631576,31611
0.4827586206896552,31612
0.4745762711864407,31613
0.48333333333333334,31614
0.47540983606557374,31615
0.4838709677419355,31616
0.47619047619047616,31617
0.46875,31618
0.47692307692307695,31619
0.48484848484848486,31620
0.4925373134328358,31621
0.5,31622
0.4927536231884058,31623
0.4857142857142857,31624
0.4788732394366197,31625
0.4722222222222222,31626
0.4794520547945205,31627
0.47297297297297297,31628
0.4666666666666667,31629
0.4605263157894737,31630
0.45454545454545453,31631
0.46153846153846156,31632
0.45569620253164556,31633
0.45,31634
0.4444444444444444,31635
0.43902439024390244,31636
0.4457831325301205,31637
0.4523809523809524,31638
0.4588235294117647,31639
0.46511627906976744,31640
0.45977011494252873,31641
0.45454545454545453,31642
0.4606741573033708,31643
0.4666666666666667,31644
0.46153846153846156,31645
0.45652173913043476,31646
0.46236559139784944,31647
0.46808510638297873,31648
0.4631578947368421,31649
0.4583333333333333,31650
0.4536082474226804,31651
0.45918367346938777,31652
0.45454545454545453,31653
0.45,31654
0.45544554455445546,31655
0.45098039215686275,31656
0.4563106796116505,31657
0.4519230769230769,31658
0.45714285714285713,31659
0.4528301886792453,31660
0.45794392523364486,31661
0.46296296296296297,31662
0.46788990825688076,31663
0.4727272727272727,31664
0.4774774774774775,31665
0.48214285714285715,31666
0.48672566371681414,31667
0.4824561403508772,31668
0.4782608695652174,31669
0.47413793103448276,31670
0.4700854700854701,31671
0.4661016949152542,31672
0.46218487394957986,31673
0.4583333333333333,31674
0.4628099173553719,31675
0.4672131147540984,31676
0.4715447154471545,31677
0.47580645161290325,31678
0.472,31679
0.47619047619047616,31680
0.47244094488188976,31681
0.4765625,31682
0.4728682170542636,31683
0.47692307692307695,31684
0.48091603053435117,31685
0.4772727272727273,31686
0.48120300751879697,31687
0.47761194029850745,31688
0.48148148148148145,31689
0.47794117647058826,31690
0.4744525547445255,31691
0.4782608695652174,31692
0.4748201438848921,31693
0.4785714285714286,31694
0.475177304964539,31695
0.47183098591549294,31696
0.4755244755244755,31697
0.4722222222222222,31698
0.47586206896551725,31699
0.4794520547945205,31700
0.48299319727891155,31701
0.4864864864864865,31702
0.4899328859060403,31703
0.49333333333333335,31704
0.4966887417218543,31705
0.5,31706
0.49673202614379086,31707
0.5,31708
0.4967741935483871,31709
0.5,31710
0.4968152866242038,31711
0.5,31712
0.4968553459119497,31713
0.5,31714
0.5031055900621118,31715
0.5061728395061729,31716
0.50920245398773,31717
0.5060975609756098,31718
0.509090909090909,31719
0.5060240963855421,31720
0.5089820359281437,31721
0.5119047619047619,31722
0.514792899408284,31723
0.5117647058823529,31724
0.5087719298245614,31725
0.5058139534883721,31726
0.5086705202312138,31727
0.5114942528735632,31728
0.5142857142857142,31729
0.5113636363636364,31730
0.5141242937853108,31731
0.5112359550561798,31732
0.5139664804469274,31733
0.5111111111111111,31734
0.5082872928176796,31735
0.5054945054945055,31736
0.5081967213114754,31737
0.5108695652173914,31738
0.5081081081081081,31739
0.5053763440860215,31740
0.5026737967914439,31741
0.5,31742
0.4973544973544973,31743
0.5,31744
0.5026178010471204,31745
0.5052083333333334,31746
0.5025906735751295,31747
0.5051546391752577,31748
0.5025641025641026,31749
0.5,31750
0.5025380710659898,31751
0.5,31752
0.49748743718592964,31753
0.5,31754
0.4975124378109453,31755
0.5,31756
0.4975369458128079,31757
0.4950980392156863,31758
0.4926829268292683,31759
0.49514563106796117,31760
0.4975845410628019,31761
0.5,31762
0.5023923444976076,31763
0.5047619047619047,31764
0.5071090047393365,31765
0.5094339622641509,31766
0.5070422535211268,31767
0.5093457943925234,31768
0.5069767441860465,31769
0.5092592592592593,31770
0.5069124423963134,31771
0.5091743119266054,31772
0.5068493150684932,31773
0.509090909090909,31774
0.5113122171945701,31775
0.5135135135135135,31776
0.5112107623318386,31777
0.5089285714285714,31778
0.5066666666666667,31779
0.5088495575221239,31780
0.5066079295154186,31781
0.5087719298245614,31782
0.5065502183406113,31783
0.5043478260869565,31784
0.5021645021645021,31785
0.5,31786
0.4978540772532189,31787
0.5,31788
0.502127659574468,31789
0.5042372881355932,31790
0.5021097046413502,31791
0.5,31792
0.497907949790795,31793
0.49583333333333335,31794
0.49377593360995853,31795
0.49586776859504134,31796
0.49382716049382713,31797
0.4918032786885246,31798
0.49387755102040815,31799
0.4959349593495935,31800
0.4939271255060729,31801
0.4959677419354839,31802
0.4939759036144578,31803
0.492,31804
0.4900398406374502,31805
0.4880952380952381,31806
0.48616600790513836,31807
0.484251968503937,31808
0.4823529411764706,31809
0.484375,31810
0.48249027237354086,31811
0.4806201550387597,31812
0.47876447876447875,31813
0.4807692307692308,31814
0.4789272030651341,31815
0.48091603053435117,31816
0.4828897338403042,31817
0.4810606060606061,31818
0.4830188679245283,31819
0.48120300751879697,31820
0.48314606741573035,31821
0.48134328358208955,31822
0.4795539033457249,31823
0.4777777777777778,31824
0.47601476014760147,31825
0.4742647058823529,31826
0.4725274725274725,31827
0.4744525547445255,31828
0.4727272727272727,31829
0.47101449275362317,31830
0.4693140794223827,31831
0.4676258992805755,31832
0.4659498207885305,31833
0.4642857142857143,31834
0.4626334519572954,31835
0.4645390070921986,31836
0.4664310954063604,31837
0.46830985915492956,31838
0.4666666666666667,31839
0.46853146853146854,31840
0.47038327526132406,31841
0.4722222222222222,31842
0.47058823529411764,31843
0.4689655172413793,31844
0.46735395189003437,31845
0.4657534246575342,31846
0.46757679180887374,31847
0.46598639455782315,31848
0.46779661016949153,31849
0.46959459459459457,31850
0.4713804713804714,31851
0.47315436241610737,31852
0.47491638795986624,31853
0.47333333333333333,31854
0.4717607973421927,31855
0.47019867549668876,31856
0.47194719471947194,31857
0.47368421052631576,31858
0.47540983606557374,31859
0.477124183006536,31860
0.4755700325732899,31861
0.4772727272727273,31862
0.47896440129449835,31863
0.4774193548387097,31864
0.4790996784565916,31865
0.4775641025641026,31866
0.476038338658147,31867
0.47770700636942676,31868
0.4793650793650794,31869
0.4778481012658228,31870
0.47634069400630913,31871
0.4779874213836478,31872
0.47962382445141066,31873
0.478125,31874
0.4766355140186916,31875
0.4782608695652174,31876
0.47987616099071206,31877
0.48148148148148145,31878
0.48,31879
0.4815950920245399,31880
0.4801223241590214,31881
0.4817073170731707,31882
0.48328267477203646,31883
0.48484848484848486,31884
0.486404833836858,31885
0.48493975903614456,31886
0.48348348348348347,31887
0.48502994011976047,31888
0.48656716417910445,31889
0.4880952380952381,31890
0.4896142433234421,31891
0.4911242603550296,31892
0.49262536873156343,31893
0.49117647058823527,31894
0.49266862170087977,31895
0.49122807017543857,31896
0.49271137026239065,31897
0.4941860465116279,31898
0.4927536231884058,31899
0.49421965317919075,31900
0.4956772334293948,31901
0.4942528735632184,31902
0.49570200573065903,31903
0.49714285714285716,31904
0.49572649572649574,31905
0.4943181818181818,31906
0.49291784702549574,31907
0.4915254237288136,31908
0.49014084507042255,31909
0.49157303370786515,31910
0.49299719887955185,31911
0.49162011173184356,31912
0.49303621169916434,31913
0.49166666666666664,31914
0.4930747922437673,31915
0.49171270718232046,31916
0.4931129476584022,31917
0.4945054945054945,31918
0.4958904109589041,31919
0.4972677595628415,31920
0.49591280653950953,31921
0.49728260869565216,31922
0.4986449864498645,31923
0.5,31924
0.49865229110512127,31925
0.5,31926
0.49865951742627346,31927
0.5,31928
0.49866666666666665,31929
0.5,31930
0.4986737400530504,31931
0.5,31932
0.5013192612137203,31933
0.5026315789473684,31934
0.5013123359580053,31935
0.5026178010471204,31936
0.5013054830287206,31937
0.5,31938
0.4987012987012987,31939
0.5,31940
0.5012919896640827,31941
0.5,31942
0.4987146529562982,31943
0.49743589743589745,31944
0.49872122762148335,31945
0.5,31946
0.5012722646310432,31947
0.5025380710659898,31948
0.5012658227848101,31949
0.5,31950
0.5012594458438288,31951
0.5025125628140703,31952
0.5012531328320802,31953
0.5,31954
0.49875311720698257,31955
0.5,31956
0.4987593052109181,31957
0.5,31958
0.5012345679012346,31959
0.5,31960
0.5012285012285013,31961
0.5024509803921569,31962
0.5036674816625917,31963
0.5048780487804878,31964
0.5060827250608273,31965
0.5072815533980582,31966
0.5084745762711864,31967
0.5072463768115942,31968
0.5084337349397591,31969
0.5072115384615384,31970
0.5059952038369304,31971
0.507177033492823,31972
0.5083532219570406,31973
0.5095238095238095,31974
0.5106888361045131,31975
0.5118483412322274,31976
0.5130023640661938,31977
0.5141509433962265,31978
0.5129411764705882,31979
0.5117370892018779,31980
0.5128805620608899,31981
0.514018691588785,31982
0.5128205128205128,31983
0.5116279069767442,31984
0.5127610208816705,31985
0.5115740740740741,31986
0.5127020785219399,31987
0.511520737327189,31988
0.5103448275862069,31989
0.5114678899082569,31990
0.5125858123569794,31991
0.5136986301369864,31992
0.5148063781321185,31993
0.5136363636363637,31994
0.5147392290249433,31995
0.5135746606334841,31996
0.5146726862302483,31997
0.5135135135135135,31998
0.5146067415730337,31999
0.515695067264574,32000
0.5167785234899329,32001
0.5178571428571429,32002
0.5189309576837416,32003
0.52,32004
0.5188470066518847,32005
0.5199115044247787,32006
0.5209713024282561,32007
0.5220264317180616,32008
0.5208791208791209,32009
0.5197368421052632,32010
0.5207877461706784,32011
0.5218340611353712,32012
0.5206971677559913,32013
0.5195652173913043,32014
0.5206073752711496,32015
0.5194805194805194,32016
0.5183585313174947,32017
0.5172413793103449,32018
0.5182795698924731,32019
0.51931330472103,32020
0.5203426124197003,32021
0.5213675213675214,32022
0.5202558635394456,32023
0.5212765957446809,32024
0.5222929936305732,32025
0.5233050847457628,32026
0.5221987315010571,32027
0.5210970464135021,32028
0.52,32029
0.5189075630252101,32030
0.519916142557652,32031
0.5188284518828452,32032
0.5177453027139874,32033
0.51875,32034
0.5176715176715176,32035
0.5186721991701245,32036
0.5196687370600414,32037
0.518595041322314,32038
0.5175257731958763,32039
0.5185185185185185,32040
0.5195071868583162,32041
0.5184426229508197,32042
0.5194274028629857,32043
0.5183673469387755,32044
0.5193482688391039,32045
0.5182926829268293,32046
0.5192697768762677,32047
0.5182186234817814,32048
0.5171717171717172,32049
0.5181451612903226,32050
0.5171026156941649,32051
0.5160642570281124,32052
0.5150300601202404,32053
0.514,32054
0.5149700598802395,32055
0.5139442231075697,32056
0.5129224652087475,32057
0.5119047619047619,32058
0.5128712871287129,32059
0.5138339920948617,32060
0.514792899408284,32061
0.5137795275590551,32062
0.5147347740667977,32063
0.515686274509804,32064
0.5146771037181996,32065
0.515625,32066
0.5146198830409356,32067
0.5155642023346303,32068
0.5145631067961165,32069
0.5155038759689923,32070
0.5145067698259188,32071
0.5154440154440154,32072
0.5163776493256262,32073
0.5173076923076924,32074
0.5163147792706334,32075
0.5172413793103449,32076
0.5162523900573613,32077
0.517175572519084,32078
0.5161904761904762,32079
0.5171102661596958,32080
0.5161290322580645,32081
0.5151515151515151,32082
0.5141776937618148,32083
0.5132075471698113,32084
0.512241054613936,32085
0.5131578947368421,32086
0.5140712945590994,32087
0.5149812734082397,32088
0.5158878504672897,32089
0.5167910447761194,32090
0.515828677839851,32091
0.516728624535316,32092
0.5176252319109462,32093
0.5185185185185185,32094
0.5194085027726433,32095
0.518450184501845,32096
0.5174953959484346,32097
0.5183823529411765,32098
0.5174311926605505,32099
0.5183150183150184,32100
0.5173674588665448,32101
0.5164233576642335,32102
0.5154826958105647,32103
0.5145454545454545,32104
0.5136116152450091,32105
0.5144927536231884,32106
0.5135623869801085,32107
0.5126353790613718,32108
0.5117117117117117,32109
0.5107913669064749,32110
0.5116696588868941,32111
0.5125448028673835,32112
0.5134168157423972,32113
0.5142857142857142,32114
0.5151515151515151,32115
0.5160142348754448,32116
0.5150976909413855,32117
0.5141843971631206,32118
0.5150442477876106,32119
0.5141342756183745,32120
0.5132275132275133,32121
0.5123239436619719,32122
0.5131810193321616,32123
0.5140350877192983,32124
0.5148861646234676,32125
0.513986013986014,32126
0.5130890052356021,32127
0.5121951219512195,32128
0.5130434782608696,32129
0.5121527777777778,32130
0.512998266897747,32131
0.513840830449827,32132
0.5146804835924007,32133
0.5155172413793103,32134
0.5163511187607573,32135
0.5154639175257731,32136
0.5145797598627787,32137
0.5154109589041096,32138
0.5162393162393163,32139
0.515358361774744,32140
0.514480408858603,32141
0.5153061224489796,32142
0.5144312393887945,32143
0.5135593220338983,32144
0.5143824027072758,32145
0.5152027027027027,32146
0.5143338954468802,32147
0.5151515151515151,32148
0.5142857142857142,32149
0.5151006711409396,32150
0.5159128978224455,32151
0.5167224080267558,32152
0.5175292153589316,32153
0.5183333333333333,32154
0.5174708818635607,32155
0.5166112956810631,32156
0.5174129353233831,32157
0.5182119205298014,32158
0.5190082644628099,32159
0.5198019801980198,32160
0.5189456342668863,32161
0.5197368421052632,32162
0.5205254515599343,32163
0.521311475409836,32164
0.5204582651391162,32165
0.5212418300653595,32166
0.5203915171288744,32167
0.5195439739413681,32168
0.5186991869918699,32169
0.5194805194805194,32170
0.5186385737439222,32171
0.5194174757281553,32172
0.5201938610662359,32173
0.5193548387096775,32174
0.5185185185185185,32175
0.5192926045016077,32176
0.5200642054574639,32177
0.5208333333333334,32178
0.52,32179
0.5207667731629393,32180
0.5199362041467305,32181
0.5191082802547771,32182
0.519872813990461,32183
0.5206349206349207,32184
0.5213946117274167,32185
0.5221518987341772,32186
0.5229067930489731,32187
0.5220820189274448,32188
0.5228346456692914,32189
0.5235849056603774,32190
0.5243328100470958,32191
0.5250783699059561,32192
0.5258215962441315,32193
0.5265625,32194
0.5257410296411856,32195
0.5264797507788161,32196
0.5256609642301711,32197
0.5263975155279503,32198
0.5271317829457365,32199
0.5263157894736842,32200
0.527047913446677,32201
0.5262345679012346,32202
0.5254237288135594,32203
0.5261538461538462,32204
0.5268817204301075,32205
0.5260736196319018,32206
0.5267993874425727,32207
0.5259938837920489,32208
0.5267175572519084,32209
0.5259146341463414,32210
0.5266362252663622,32211
0.5273556231003039,32212
0.5280728376327769,32213
0.5287878787878788,32214
0.529500756429652,32215
0.5287009063444109,32216
0.5279034690799397,32217
0.5271084337349398,32218
0.5263157894736842,32219
0.527027027027027,32220
0.527736131934033,32221
0.5269461077844312,32222
0.5261584454409567,32223
0.5253731343283582,32224
0.526080476900149,32225
0.5252976190476191,32226
0.5260029717682021,32227
0.526706231454006,32228
0.5274074074074074,32229
0.5266272189349113,32230
0.5258493353028065,32231
0.5265486725663717,32232
0.5272459499263623,32233
0.5264705882352941,32234
0.527165932452276,32235
0.5278592375366569,32236
0.5285505124450952,32237
0.5292397660818714,32238
0.5299270072992701,32239
0.5306122448979592,32240
0.5312954876273653,32241
0.5319767441860465,32242
0.532656023222061,32243
0.5318840579710145,32244
0.5311143270622286,32245
0.5317919075144508,32246
0.5324675324675324,32247
0.531700288184438,32248
0.5323741007194245,32249
0.5316091954022989,32250
0.5322812051649928,32251
0.5329512893982808,32252
0.5336194563662375,32253
0.5328571428571428,32254
0.5320970042796006,32255
0.5313390313390314,32256
0.5305832147937412,32257
0.53125,32258
0.5304964539007092,32259
0.5311614730878187,32260
0.5318246110325319,32261
0.5324858757062146,32262
0.5331452750352609,32263
0.5338028169014084,32264
0.5344585091420534,32265
0.5351123595505618,32266
0.5357643758765779,32267
0.5364145658263305,32268
0.5356643356643357,32269
0.5349162011173184,32270
0.5341701534170153,32271
0.5348189415041783,32272
0.5340751043115438,32273
0.5333333333333333,32274
0.5325936199722607,32275
0.5318559556786704,32276
0.5311203319502075,32277
0.5317679558011049,32278
0.5324137931034483,32279
0.5316804407713499,32280
0.53232462173315,32281
0.5315934065934066,32282
0.532235939643347,32283
0.5315068493150685,32284
0.5321477428180574,32285
0.5327868852459017,32286
0.5334242837653479,32287
0.5326975476839237,32288
0.5333333333333333,32289
0.5339673913043478,32290
0.5345997286295794,32291
0.5338753387533876,32292
0.5345060893098782,32293
0.5337837837837838,32294
0.5330634278002699,32295
0.5336927223719676,32296
0.5329744279946165,32297
0.5336021505376344,32298
0.5328859060402684,32299
0.5335120643431636,32300
0.5341365461847389,32301
0.5334224598930482,32302
0.5327102803738317,32303
0.532,32304
0.5312916111850865,32305
0.5305851063829787,32306
0.5298804780876494,32307
0.5291777188328912,32308
0.528476821192053,32309
0.5277777777777778,32310
0.5270805812417437,32311
0.5277044854881267,32312
0.5270092226613966,32313
0.5263157894736842,32314
0.5256241787122208,32315
0.526246719160105,32316
0.5255570117955439,32317
0.524869109947644,32318
0.5254901960784314,32319
0.5248041775456919,32320
0.5241199478487614,32321
0.5234375,32322
0.5227568270481144,32323
0.522077922077922,32324
0.5214007782101168,32325
0.522020725388601,32326
0.5213454075032341,32327
0.520671834625323,32328
0.52,32329
0.520618556701031,32330
0.5212355212355212,32331
0.5218508997429306,32332
0.5224646983311938,32333
0.5230769230769231,32334
0.5236875800256082,32335
0.5230179028132992,32336
0.5223499361430396,32337
0.5229591836734694,32338
0.5222929936305732,32339
0.5229007633587787,32340
0.5235069885641678,32341
0.5228426395939086,32342
0.523447401774398,32343
0.5240506329113924,32344
0.5246523388116309,32345
0.5252525252525253,32346
0.5258511979823455,32347
0.5251889168765743,32348
0.5257861635220126,32349
0.5251256281407035,32350
0.5257214554579673,32351
0.5263157894736842,32352
0.5269086357947435,32353
0.52625,32354
0.5268414481897628,32355
0.5261845386533666,32356
0.5255292652552926,32357
0.5248756218905473,32358
0.5254658385093167,32359
0.5248138957816377,32360
0.5254027261462205,32361
0.525990099009901,32362
0.5253399258343634,32363
0.5259259259259259,32364
0.5265104808877928,32365
0.5270935960591133,32366
0.5276752767527675,32367
0.527027027027027,32368
0.5276073619631901,32369
0.5281862745098039,32370
0.5287637698898409,32371
0.5281173594132029,32372
0.5274725274725275,32373
0.5280487804878049,32374
0.5286236297198539,32375
0.5279805352798054,32376
0.5273390036452005,32377
0.5279126213592233,32378
0.5272727272727272,32379
0.5278450363196125,32380
0.5272067714631197,32381
0.5265700483091788,32382
0.525934861278649,32383
0.5253012048192771,32384
0.5246690734055355,32385
0.5240384615384616,32386
0.524609843937575,32387
0.5251798561151079,32388
0.525748502994012,32389
0.5263157894736842,32390
0.5268817204301075,32391
0.5262529832935561,32392
0.5268176400476758,32393
0.5273809523809524,32394
0.5267538644470868,32395
0.5273159144893111,32396
0.527876631079478,32397
0.5272511848341233,32398
0.527810650887574,32399
0.5283687943262412,32400
0.5277449822904369,32401
0.5283018867924528,32402
0.5288574793875147,32403
0.528235294117647,32404
0.5287896592244419,32405
0.5293427230046949,32406
0.52989449003517,32407
0.5292740046838408,32408
0.5286549707602339,32409
0.5292056074766355,32410
0.5297549591598599,32411
0.5291375291375291,32412
0.5285215366705471,32413
0.5279069767441861,32414
0.5284552845528455,32415
0.5278422273781903,32416
0.5283893395133256,32417
0.5277777777777778,32418
0.5283236994219653,32419
0.5288683602771362,32420
0.5282583621683967,32421
0.5288018433179723,32422
0.5281933256616801,32423
0.5275862068965518,32424
0.5269804822043628,32425
0.5263761467889908,32426
0.5269186712485682,32427
0.5274599542334096,32428
0.5268571428571428,32429
0.5273972602739726,32430
0.5267958950969214,32431
0.5261958997722096,32432
0.5267349260523322,32433
0.5261363636363636,32434
0.5255391600454029,32435
0.5249433106575964,32436
0.5254813137032842,32437
0.5260180995475113,32438
0.5265536723163842,32439
0.5270880361173815,32440
0.5264937993235626,32441
0.527027027027027,32442
0.5275590551181102,32443
0.5280898876404494,32444
0.5274971941638609,32445
0.5269058295964125,32446
0.5274356103023516,32447
0.5268456375838926,32448
0.5273743016759777,32449
0.5279017857142857,32450
0.5284280936454849,32451
0.5289532293986637,32452
0.5283648498331479,32453
0.5288888888888889,32454
0.5283018867924528,32455
0.5277161862527716,32456
0.5271317829457365,32457
0.5276548672566371,32458
0.5281767955801105,32459
0.5286975717439294,32460
0.5292171995589857,32461
0.5286343612334802,32462
0.528052805280528,32463
0.5285714285714286,32464
0.5290889132821076,32465
0.5296052631578947,32466
0.5301204819277109,32467
0.5306345733041575,32468
0.5300546448087432,32469
0.5305676855895196,32470
0.5310796074154853,32471
0.5315904139433552,32472
0.5310119695321001,32473
0.5315217391304348,32474
0.5320304017372421,32475
0.5325379609544468,32476
0.5330444203683641,32477
0.5335497835497836,32478
0.532972972972973,32479
0.5323974082073434,32480
0.5318230852211435,32481
0.5323275862068966,32482
0.5317545748116254,32483
0.5311827956989247,32484
0.5316863587540279,32485
0.5311158798283262,32486
0.5316184351554126,32487
0.5321199143468951,32488
0.5315508021390374,32489
0.532051282051282,32490
0.5325506937033084,32491
0.5319829424307037,32492
0.5324813631522897,32493
0.5319148936170213,32494
0.5324123273113709,32495
0.5329087048832272,32496
0.5323435843054083,32497
0.5328389830508474,32498
0.5322751322751322,32499
0.53276955602537,32500
0.53220696937698,32501
0.5316455696202531,32502
0.5321390937829295,32503
0.531578947368421,32504
0.5310199789695058,32505
0.5315126050420168,32506
0.5309548793284365,32507
0.5303983228511531,32508
0.5298429319371728,32509
0.5292887029288703,32510
0.5287356321839081,32511
0.5281837160751566,32512
0.5276329509906152,32513
0.5270833333333333,32514
0.5275754422476587,32515
0.5280665280665281,32516
0.5285565939771547,32517
0.5280082987551867,32518
0.5274611398963731,32519
0.5269151138716356,32520
0.5274043433298863,32521
0.5278925619834711,32522
0.5273477812177503,32523
0.5278350515463918,32524
0.5283213182286303,32525
0.5288065843621399,32526
0.5292908530318602,32527
0.528747433264887,32528
0.5292307692307693,32529
0.5297131147540983,32530
0.5301944728761515,32531
0.5296523517382413,32532
0.5291113381001021,32533
0.5285714285714286,32534
0.528032619775739,32535
0.5285132382892057,32536
0.5289928789420142,32537
0.5284552845528455,32538
0.5289340101522843,32539
0.5294117647058824,32540
0.5298885511651469,32541
0.5303643724696356,32542
0.5298281092012134,32543
0.5303030303030303,32544
0.5297679112008072,32545
0.5292338709677419,32546
0.5297079556898288,32547
0.5291750503018109,32548
0.528643216080402,32549
0.5291164658634538,32550
0.5285857572718154,32551
0.5280561122244489,32552
0.5275275275275275,32553
0.528,32554
0.5274725274725275,32555
0.5279441117764471,32556
0.5274177467597209,32557
0.5278884462151394,32558
0.5283582089552239,32559
0.5288270377733598,32560
0.5292949354518371,32561
0.5287698412698413,32562
0.5282457879088206,32563
0.5277227722772277,32564
0.5272007912957468,32565
0.5276679841897233,32566
0.5281342546890424,32567
0.5276134122287969,32568
0.5270935960591133,32569
0.5275590551181102,32570
0.5270403146509341,32571
0.5275049115913556,32572
0.5269872423945045,32573
0.5264705882352941,32574
0.5259549461312438,32575
0.5264187866927593,32576
0.5259042033235581,32577
0.5263671875,32578
0.526829268292683,32579
0.5263157894736842,32580
0.5258033106134372,32581
0.5252918287937743,32582
0.5247813411078717,32583
0.525242718446602,32584
0.524733268671193,32585
0.5242248062015504,32586
0.5246853823814134,32587
0.5251450676982592,32588
0.5256038647342995,32589
0.525096525096525,32590
0.5255544840887174,32591
0.5260115606936416,32592
0.5255052935514918,32593
0.5259615384615385,32594
0.526416906820365,32595
0.525911708253359,32596
0.5263662511984659,32597
0.5268199233716475,32598
0.5263157894736842,32599
0.5258126195028681,32600
0.5253104106972302,32601
0.5257633587786259,32602
0.5252621544327931,32603
0.5257142857142857,32604
0.5261655566127498,32605
0.5256653992395437,32606
0.5251661918328585,32607
0.5256166982922201,32608
0.5260663507109005,32609
0.5255681818181818,32610
0.5260170293282876,32611
0.5255198487712666,32612
0.5250236071765817,32613
0.5254716981132076,32614
0.5249764373232799,32615
0.524482109227872,32616
0.5249294449670743,32617
0.525375939849624,32618
0.5248826291079812,32619
0.524390243902439,32620
0.5248359887535146,32621
0.5243445692883895,32622
0.5238540692235735,32623
0.5233644859813084,32624
0.5228758169934641,32625
0.523320895522388,32626
0.5228331780055918,32627
0.5232774674115456,32628
0.5237209302325582,32629
0.5232342007434945,32630
0.5227483751160631,32631
0.5231910946196661,32632
0.5236329935125116,32633
0.524074074074074,32634
0.5245143385753932,32635
0.5240295748613678,32636
0.5244690674053555,32637
0.5249077490774908,32638
0.5253456221198156,32639
0.5248618784530387,32640
0.5243790248390064,32641
0.5238970588235294,32642
0.5234159779614325,32643
0.5229357798165137,32644
0.5224564619615032,32645
0.5228937728937729,32646
0.5224153705397987,32647
0.5219378427787934,32648
0.5223744292237443,32649
0.5228102189781022,32650
0.5232452142206017,32651
0.52367941712204,32652
0.5241128298453139,32653
0.5236363636363637,32654
0.5240690281562216,32655
0.5245009074410163,32656
0.5240253853127833,32657
0.5235507246376812,32658
0.5239819004524887,32659
0.523508137432188,32660
0.5239385727190605,32661
0.5234657039711191,32662
0.5229936880072137,32663
0.5234234234234234,32664
0.5238523852385238,32665
0.5233812949640287,32666
0.522911051212938,32667
0.5233393177737882,32668
0.5237668161434977,32669
0.5241935483870968,32670
0.5246195165622203,32671
0.5241502683363148,32672
0.5236818588025023,32673
0.5232142857142857,32674
0.5227475468331847,32675
0.5222816399286988,32676
0.5227070347284061,32677
0.5231316725978647,32678
0.5226666666666666,32679
0.522202486678508,32680
0.5226264418811003,32681
0.5221631205673759,32682
0.5217006200177148,32683
0.5221238938053098,32684
0.5225464190981433,32685
0.5229681978798587,32686
0.5225066195939982,32687
0.5229276895943563,32688
0.5233480176211454,32689
0.522887323943662,32690
0.523306948109059,32691
0.523725834797891,32692
0.52414398595259,32693
0.5236842105263158,32694
0.5241016652059597,32695
0.5236427320490368,32696
0.5231846019247594,32697
0.5227272727272727,32698
0.5231441048034935,32699
0.5235602094240838,32700
0.5231037489102005,32701
0.5226480836236934,32702
0.5230635335073978,32703
0.5234782608695652,32704
0.523892267593397,32705
0.5243055555555556,32706
0.5247181266261925,32707
0.5251299826689775,32708
0.5246753246753246,32709
0.5250865051903114,32710
0.5254969749351772,32711
0.5250431778929189,32712
0.5254529767040552,32713
0.525,32714
0.5254091300602929,32715
0.5258175559380379,32716
0.5262252794496991,32717
0.5257731958762887,32718
0.5261802575107296,32719
0.5257289879931389,32720
0.5252784918594687,32721
0.5248287671232876,32722
0.525235243798118,32723
0.5256410256410257,32724
0.5260461144321094,32725
0.5255972696245734,32726
0.526001705029838,32727
0.5255536626916525,32728
0.5251063829787234,32729
0.5255102040816326,32730
0.5250637213254036,32731
0.5246179966044142,32732
0.5241730279898219,32733
0.5245762711864407,32734
0.5241320914479255,32735
0.5236886632825719,32736
0.5240912933220625,32737
0.5236486486486487,32738
0.5232067510548524,32739
0.5227655986509275,32740
0.523167649536647,32741
0.5227272727272727,32742
0.5231286795626577,32743
0.5226890756302521,32744
0.5230898404701931,32745
0.5226510067114094,32746
0.5222129086336965,32747
0.5217755443886097,32748
0.5213389121338912,32749
0.5217391304347826,32750
0.5213032581453634,32751
0.5208681135225376,32752
0.5204336947456214,32753
0.52,32754
0.5203996669442131,32755
0.5199667221297837,32756
0.5203657522859518,32757
0.5199335548172758,32758
0.5203319502074689,32759
0.5199004975124378,32760
0.52029826014913,32761
0.5198675496688742,32762
0.5194375516956162,32763
0.5198347107438016,32764
0.5194054500412882,32765
0.518976897689769,32766
0.5185490519373455,32767
0.5189456342668863,32768
0.5185185185185185,32769
0.5189144736842105,32770
0.5193097781429745,32771
0.5188834154351396,32772
0.5184577522559475,32773
0.5180327868852459,32774
0.5184275184275184,32775
0.5188216039279869,32776
0.5183973834832379,32777
0.5187908496732027,32778
0.5191836734693878,32779
0.5195758564437194,32780
0.5191524042379788,32781
0.5195439739413681,32782
0.5191212367778681,32783
0.5195121951219512,32784
0.5190901705930138,32785
0.5186688311688312,32786
0.519059205190592,32787
0.5186385737439222,32788
0.5190283400809717,32789
0.5186084142394822,32790
0.5189975747776879,32791
0.518578352180937,32792
0.5181598062953995,32793
0.5185483870967742,32794
0.5189363416599516,32795
0.5193236714975845,32796
0.5189058728881738,32797
0.5192926045016077,32798
0.5188755020080321,32799
0.5184590690208668,32800
0.5188452285485164,32801
0.5192307692307693,32802
0.5188150520416333,32803
0.5192,32804
0.5195843325339728,32805
0.5191693290734825,32806
0.5195530726256983,32807
0.5199362041467305,32808
0.5195219123505976,32809
0.5199044585987261,32810
0.5194908512330947,32811
0.5190779014308426,32812
0.5186656076250993,32813
0.5190476190476191,32814
0.5186360031720857,32815
0.5190174326465927,32816
0.5186064924782264,32817
0.5181962025316456,32818
0.5185770750988142,32819
0.5181674565560821,32820
0.5177584846093133,32821
0.5181388012618297,32822
0.5177304964539007,32823
0.5181102362204725,32824
0.5184893784421715,32825
0.5180817610062893,32826
0.5184603299293009,32827
0.5180533751962323,32828
0.5184313725490196,32829
0.5188087774294671,32830
0.5184025058731402,32831
0.5187793427230047,32832
0.5191555903049258,32833
0.51875,32834
0.5183450429352069,32835
0.5179407176287052,32836
0.5175370226032736,32837
0.5179127725856698,32838
0.5175097276264592,32839
0.5178849144634525,32840
0.5182595182595182,32841
0.5178571428571429,32842
0.517455391776571,32843
0.517829457364341,32844
0.5182029434546863,32845
0.5178018575851393,32846
0.5174013921113689,32847
0.5170015455950541,32848
0.5166023166023166,32849
0.5169753086419753,32850
0.5173477255204317,32851
0.5169491525423728,32852
0.5165511932255581,32853
0.5169230769230769,32854
0.5172943889315911,32855
0.5168970814132104,32856
0.5172678434382195,32857
0.5168711656441718,32858
0.5172413793103449,32859
0.5168453292496171,32860
0.5172149961744453,32861
0.5175840978593272,32862
0.5171886936592819,32863
0.516793893129771,32864
0.5163996948893974,32865
0.5160060975609756,32866
0.5156130997715156,32867
0.5159817351598174,32868
0.5163498098859316,32869
0.5167173252279635,32870
0.5163249810174639,32871
0.5166919575113809,32872
0.5170583775587566,32873
0.5174242424242425,32874
0.5177895533686601,32875
0.5173978819969742,32876
0.5177626606198035,32877
0.5181268882175226,32878
0.5177358490566037,32879
0.5173453996983409,32880
0.517709118311982,32881
0.5180722891566265,32882
0.5176824680210684,32883
0.5180451127819549,32884
0.5184072126220887,32885
0.5180180180180181,32886
0.5176294073518379,32887
0.5179910044977512,32888
0.5176029962546816,32889
0.5172155688622755,32890
0.5168287210172027,32891
0.5171898355754858,32892
0.5175504107542942,32893
0.517910447761194,32894
0.517524235645041,32895
0.5178837555886736,32896
0.5174981384959046,32897
0.5171130952380952,32898
0.516728624535316,32899
0.5170876671619614,32900
0.5167037861915368,32901
0.5170623145400594,32902
0.5174203113417346,32903
0.5170370370370371,32904
0.5166543301258327,32905
0.5170118343195266,32906
0.5173688100517368,32907
0.51698670605613,32908
0.5166051660516605,32909
0.5162241887905604,32910
0.5165806927044952,32911
0.5162002945508101,32912
0.5158204562178073,32913
0.5154411764705882,32914
0.5157972079353417,32915
0.5154185022026432,32916
0.5150403521643434,32917
0.5153958944281525,32918
0.515018315018315,32919
0.5153733528550513,32920
0.5157278712509145,32921
0.5160818713450293,32922
0.5157048940832725,32923
0.5153284671532846,32924
0.5149525893508388,32925
0.5153061224489796,32926
0.515659140568099,32927
0.5152838427947598,32928
0.5156363636363637,32929
0.5159883720930233,32930
0.5156136528685549,32931
0.5159651669085631,32932
0.5163161711385061,32933
0.5159420289855072,32934
0.5162925416364953,32935
0.515918958031838,32936
0.5162689804772235,32937
0.5166184971098265,32938
0.516245487364621,32939
0.5158730158730159,32940
0.5162220620043259,32941
0.5165706051873199,32942
0.5161987041036717,32943
0.5158273381294964,32944
0.516175413371675,32945
0.5165229885057471,32946
0.5161521895190236,32947
0.5157819225251076,32948
0.5161290322580645,32949
0.5157593123209169,32950
0.5161059413027917,32951
0.5164520743919886,32952
0.5167977126518942,32953
0.5171428571428571,32954
0.5174875089221984,32955
0.5178316690442225,32956
0.5174625801853172,32957
0.5170940170940171,32958
0.5174377224199288,32959
0.5170697012802276,32960
0.5167022032693674,32961
0.5163352272727273,32962
0.5166784953867991,32963
0.5163120567375886,32964
0.515946137491141,32965
0.5155807365439093,32966
0.5159235668789809,32967
0.5155586987270155,32968
0.5159010600706714,32969
0.5162429378531074,32970
0.5165843330980946,32971
0.5162200282087447,32972
0.5158562367864693,32973
0.5161971830985915,32974
0.5158339197748065,32975
0.5161744022503516,32976
0.516514406184118,32977
0.5168539325842697,32978
0.5171929824561403,32979
0.5168302945301543,32980
0.5164681149264191,32981
0.5161064425770309,32982
0.516445066480056,32983
0.5160839160839161,32984
0.5157232704402516,32985
0.5160614525139665,32986
0.5163991625959525,32987
0.5160390516039052,32988
0.5163763066202091,32989
0.5167130919220055,32990
0.5163535142658316,32991
0.5166898470097357,32992
0.5163307852675469,32993
0.5166666666666667,32994
0.5163081193615545,32995
0.5166435506241331,32996
0.5169785169785169,32997
0.5173130193905817,32998
0.5176470588235295,32999
0.5172890733056709,33000
0.5169315825846579,33001
0.5172651933701657,33002
0.5175983436853002,33003
0.5179310344827586,33004
0.5175740868366644,33005
0.5179063360881543,33006
0.5182381280110117,33007
0.5185694635488308,33008
0.5189003436426117,33009
0.5192307692307693,33010
0.5188743994509266,33011
0.5192043895747599,33012
0.5195339273474983,33013
0.5191780821917809,33014
0.5188227241615332,33015
0.5191518467852257,33016
0.518796992481203,33017
0.5184426229508197,33018
0.5187713310580204,33019
0.5190995907230559,33020
0.5187457396046353,33021
0.5183923705722071,33022
0.5187202178352621,33023
0.5190476190476191,33024
0.5193745751189667,33025
0.5190217391304348,33026
0.5193482688391039,33027
0.519674355495251,33028
0.5193220338983051,33029
0.5196476964769647,33030
0.5192958700067705,33031
0.5196211096075778,33032
0.519945909398242,33033
0.5202702702702703,33034
0.5199189736664416,33035
0.5195681511470985,33036
0.519217801753203,33037
0.5195417789757413,33038
0.5198653198653199,33039
0.5201884253028264,33040
0.519838601210491,33041
0.519489247311828,33042
0.519140362659503,33043
0.5194630872483221,33044
0.5197853789403085,33045
0.5201072386058981,33046
0.5204286671131949,33047
0.5207496653279786,33048
0.5210702341137123,33049
0.5207219251336899,33050
0.5210420841683366,33051
0.520694259012016,33052
0.5203468979319547,33053
0.5206666666666667,33054
0.5209860093271153,33055
0.5206391478029294,33056
0.520292747837658,33057
0.5206117021276596,33058
0.5209302325581395,33059
0.5212483399734396,33060
0.5209024552090246,33061
0.5205570291777188,33062
0.5208747514910537,33063
0.5211920529801325,33064
0.5215089344804765,33065
0.5211640211640212,33066
0.5208195637805684,33067
0.5204755614266843,33068
0.5207920792079208,33069
0.521108179419525,33070
0.5207646671061306,33071
0.5204216073781291,33072
0.5207373271889401,33073
0.5203947368421052,33074
0.5200525969756739,33075
0.5203679369250985,33076
0.5200262639527249,33077
0.5196850393700787,33078
0.519344262295082,33079
0.5190039318479686,33080
0.518664047151277,33081
0.518979057591623,33082
0.5186396337475474,33083
0.5183006535947713,33084
0.5179621162638798,33085
0.5182767624020888,33086
0.5185909980430529,33087
0.5189048239895697,33088
0.5192182410423453,33089
0.51953125,33090
0.5198438516590761,33091
0.5195058517555267,33092
0.5198180636777128,33093
0.5201298701298701,33094
0.5204412719013628,33095
0.5207522697795072,33096
0.5204147764095917,33097
0.5207253886010362,33098
0.5203883495145631,33099
0.5206985769728332,33100
0.5210084033613446,33101
0.520671834625323,33102
0.5209812782440284,33103
0.5212903225806451,33104
0.5209542230818827,33105
0.5212628865979382,33106
0.5209272376046362,33107
0.5212355212355212,33108
0.5215434083601286,33109
0.5212082262210797,33110
0.5208734746307001,33111
0.521181001283697,33112
0.5214881334188582,33113
0.5217948717948718,33114
0.5221012171684818,33115
0.5217669654289373,33116
0.5214331413947537,33117
0.5217391304347826,33118
0.5220447284345048,33119
0.5223499361430396,33120
0.5226547543075941,33121
0.5229591836734694,33122
0.5226258763543659,33123
0.5222929936305732,33124
0.5225970719287079,33125
0.5229007633587787,33126
0.5232040686586141,33127
0.52287166454892,33128
0.5225396825396825,33129
0.5222081218274112,33130
0.5218769816106531,33131
0.5221799746514575,33132
0.5218492716909436,33133
0.5221518987341772,33134
0.5224541429475016,33135
0.5221238938053098,33136
0.52179406190777,33137
0.5220959595959596,33138
0.522397476340694,33139
0.5226986128625473,33140
0.5229993698802773,33141
0.5226700251889169,33142
0.5229704216488358,33143
0.5226415094339623,33144
0.5223130106851037,33145
0.5226130653266332,33146
0.5222849968612681,33147
0.5219573400250941,33148
0.522257053291536,33149
0.5225563909774437,33150
0.5228553537883531,33151
0.523153942428035,33152
0.5234521575984991,33153
0.52375,33154
0.5240474703310432,33155
0.5243445692883895,33156
0.5246412975670618,33157
0.5249376558603491,33158
0.5246105919003116,33159
0.524906600249066,33160
0.5252022401991289,33161
0.5248756218905473,33162
0.5251709136109385,33163
0.5254658385093167,33164
0.5251396648044693,33165
0.5254342431761787,33166
0.5251084934903906,33167
0.5254027261462205,33168
0.5256965944272446,33169
0.525990099009901,33170
0.525664811379097,33171
0.5259579728059333,33172
0.5262507720815318,33173
0.5259259259259259,33174
0.5256014805675508,33175
0.5252774352651048,33176
0.5249537892791127,33177
0.5246305418719212,33178
0.5249230769230769,33179
0.5252152521525215,33180
0.5248924400737554,33181
0.5251842751842751,33182
0.525475751995089,33183
0.5251533742331288,33184
0.5248313917841815,33185
0.5245098039215687,33186
0.524188609920392,33187
0.5238678090575275,33188
0.5235474006116208,33189
0.523838630806846,33190
0.5241295051924252,33191
0.5238095238095238,33192
0.5241000610128127,33193
0.524390243902439,33194
0.5246800731261426,33195
0.5249695493300852,33196
0.5252586731588558,33197
0.5249391727493917,33198
0.5246200607902736,33199
0.5249088699878494,33200
0.525197328476017,33201
0.5254854368932039,33202
0.5257731958762887,33203
0.5254545454545455,33204
0.5257419745608722,33205
0.5254237288135594,33206
0.5257108287961283,33207
0.5259975816203144,33208
0.525679758308157,33209
0.5253623188405797,33210
0.5256487628243814,33211
0.5253317249698432,33212
0.5250150693188668,33213
0.5253012048192771,33214
0.5255869957856713,33215
0.5252707581227437,33216
0.5249549007817198,33217
0.5246394230769231,33218
0.5243243243243243,33219
0.5240096038415366,33220
0.5242951409718056,33221
0.5245803357314148,33222
0.5248651887357699,33223
0.5245508982035928,33224
0.5248354278874925,33225
0.5251196172248804,33226
0.525403466826061,33227
0.525089605734767,33228
0.5247761194029851,33229
0.5244630071599046,33230
0.5241502683363148,33231
0.5244338498212158,33232
0.5247170935080405,33233
0.5244047619047619,33234
0.5240928019036288,33235
0.523781212841855,33236
0.5240641711229946,33237
0.5237529691211401,33238
0.5234421364985163,33239
0.5231316725978647,33240
0.5228215767634855,33241
0.5225118483412322,33242
0.5227945529899348,33243
0.5230769230769231,33244
0.5233589591957422,33245
0.5230496453900709,33246
0.5233313644418193,33247
0.5236127508854782,33248
0.5238938053097345,33249
0.5241745283018868,33250
0.5238656452563347,33251
0.5241460541813898,33252
0.5238375515008828,33253
0.5235294117647059,33254
0.5238095238095238,33255
0.5240893066980024,33256
0.5237815619495009,33257
0.5240610328638498,33258
0.5243401759530791,33259
0.5240328253223916,33260
0.5243116578793204,33261
0.5245901639344263,33262
0.5248683440608543,33263
0.5245614035087719,33264
0.5248392752776154,33265
0.5251168224299065,33266
0.5253940455341506,33267
0.5256709451575262,33268
0.5253644314868805,33269
0.5256410256410257,33270
0.5259172976121141,33271
0.5256111757857974,33272
0.525305410122164,33273
0.5255813953488372,33274
0.5258570598489251,33275
0.5261324041811847,33276
0.5258270458502612,33277
0.525522041763341,33278
0.5257971014492754,33279
0.5254924681344149,33280
0.5257672264041691,33281
0.5254629629629629,33282
0.5257374204742625,33283
0.5254335260115607,33284
0.5257076834199884,33285
0.5254041570438799,33286
0.5256780150028851,33287
0.5253748558246828,33288
0.5256484149855908,33289
0.5253456221198156,33290
0.5250431778929189,33291
0.5253164556962026,33292
0.5250143760782059,33293
0.524712643678161,33294
0.5249856404365307,33295
0.5252583237657864,33296
0.5249569707401033,33297
0.5246559633027523,33298
0.5249283667621777,33299
0.5246277205040092,33300
0.5248998282770464,33301
0.5251716247139588,33302
0.5248713550600344,33303
0.5251428571428571,33304
0.5248429468874929,33305
0.5245433789954338,33306
0.5248146035367941,33307
0.5245153933865451,33308
0.5247863247863248,33309
0.5244874715261959,33310
0.5247581104154809,33311
0.5250284414106939,33312
0.5252984650369528,33313
0.525,33314
0.524701873935264,33315
0.5249716231555052,33316
0.525241066364152,33317
0.5255102040816326,33318
0.5257790368271955,33319
0.5260475651189128,33320
0.5263157894736842,33321
0.5265837104072398,33322
0.5268513284341436,33323
0.5271186440677966,33324
0.5273856578204404,33325
0.5270880361173815,33326
0.526790750141004,33327
0.5264937993235626,33328
0.5267605633802817,33329
0.527027027027027,33330
0.5272931907709623,33331
0.5275590551181102,33332
0.5272625070264193,33333
0.5275280898876404,33334
0.5272318921953958,33335
0.5269360269360269,33336
0.5266404935501963,33337
0.5269058295964125,33338
0.527170868347339,33339
0.526875699888018,33340
0.5271404588696139,33341
0.5268456375838926,33342
0.5271101173840134,33343
0.5268156424581005,33344
0.5270798436627583,33345
0.5267857142857143,33346
0.5270496374790853,33347
0.5267558528428093,33348
0.5264623955431755,33349
0.5261692650334076,33350
0.5258764607679466,33351
0.5261401557285873,33352
0.5264035575319622,33353
0.5261111111111111,33354
0.5258189894503054,33355
0.5260821309655938,33356
0.5257903494176372,33357
0.5254988913525499,33358
0.525207756232687,33359
0.5254706533776301,33360
0.5251798561151079,33361
0.5254424778761062,33362
0.5251520176893312,33363
0.5248618784530387,33364
0.5251242407509663,33365
0.5248344370860927,33366
0.525096525096525,33367
0.5253583241455347,33368
0.525068870523416,33369
0.525330396475771,33370
0.5255916345624656,33371
0.5253025302530253,33372
0.5250137438152831,33373
0.5252747252747253,33374
0.5249862712795168,33375
0.5246981339187706,33376
0.5244103126714207,33377
0.524671052631579,33378
0.5249315068493151,33379
0.524644030668127,33380
0.5243568691844553,33381
0.524070021881838,33382
0.5237834882449426,33383
0.5234972677595628,33384
0.523211359912616,33385
0.5229257641921398,33386
0.5226404800872886,33387
0.5229007633587787,33388
0.5226158038147138,33389
0.5223311546840959,33390
0.5220468154599891,33391
0.5217627856365615,33392
0.5220228384991843,33393
0.5222826086956521,33394
0.5225420966865834,33395
0.5222584147665581,33396
0.5219750406945198,33397
0.5216919739696312,33398
0.5214092140921409,33399
0.5211267605633803,33400
0.5213860314022739,33401
0.5216450216450217,33402
0.5219037317468902,33403
0.5216216216216216,33404
0.5218800648298217,33405
0.521598272138229,33406
0.521856449001619,33407
0.5215749730312838,33408
0.521832884097035,33409
0.5220905172413793,33410
0.522347872913301,33411
0.5220667384284177,33412
0.521785906401291,33413
0.521505376344086,33414
0.5217624932831811,33415
0.5220193340494093,33416
0.5222758990874933,33417
0.5225321888412017,33418
0.5222520107238606,33419
0.5219721329046088,33420
0.5222281735404392,33421
0.5224839400428265,33422
0.5227394328517924,33423
0.5229946524064171,33424
0.5227151256012827,33425
0.5224358974358975,33426
0.5226908702616124,33427
0.5229455709711847,33428
0.5232,33429
0.523454157782516,33430
0.5237080447522643,33431
0.5234291799787008,33432
0.5231506120276743,33433
0.5228723404255319,33434
0.5231259968102073,33435
0.5233793836344315,33436
0.5231014338821031,33437
0.522823779193206,33438
0.5230769230769231,33439
0.5227995758218452,33440
0.5230524642289348,33441
0.5233050847457628,33442
0.5230280571731075,33443
0.5227513227513227,33444
0.5224748810153358,33445
0.5227272727272727,33446
0.5224511357633386,33447
0.5221752903907075,33448
0.5218997361477573,33449
0.5221518987341772,33450
0.522403795466526,33451
0.5226554267650158,33452
0.5229067930489731,33453
0.5226315789473684,33454
0.5223566543924251,33455
0.5220820189274448,33456
0.5218076720966894,33457
0.5220588235294118,33458
0.5223097112860893,33459
0.5225603357817419,33460
0.5228106974305191,33461
0.5225366876310272,33462
0.5222629649030907,33463
0.5219895287958115,33464
0.521716378859236,33465
0.5219665271966527,33466
0.5216936748562467,33467
0.5219435736677116,33468
0.5221932114882507,33469
0.5219206680584552,33470
0.5221700573813249,33471
0.5218978102189781,33472
0.522146951537259,33473
0.521875,33474
0.5221238938053098,33475
0.522372528616025,33476
0.5221008840353614,33477
0.5223492723492723,33478
0.5225974025974026,33479
0.5228452751817237,33480
0.5230928905033732,33481
0.5233402489626556,33482
0.5235873509590462,33483
0.5238341968911917,33484
0.5235629207664423,33485
0.5238095238095238,33486
0.5240558717020176,33487
0.5237849017580145,33488
0.5235142118863049,33489
0.5232438016528925,33490
0.5234899328859061,33491
0.5232198142414861,33492
0.5234657039711191,33493
0.5237113402061856,33494
0.5239567233384853,33495
0.5242018537590113,33496
0.5239320638188368,33497
0.5236625514403292,33498
0.5233933161953728,33499
0.5231243576567317,33500
0.5233692860811505,33501
0.5231006160164271,33502
0.5228322216521293,33503
0.5230769230769231,33504
0.5233213736545361,33505
0.5230532786885246,33506
0.5232974910394266,33507
0.5235414534288638,33508
0.5237851662404092,33509
0.523517382413088,33510
0.5232498722534492,33511
0.5229826353421859,33512
0.523226135783563,33513
0.523469387755102,33514
0.5232024477307496,33515
0.5229357798165137,33516
0.5226693835965359,33517
0.5224032586558045,33518
0.5226463104325699,33519
0.5223804679552391,33520
0.5221148957803762,33521
0.5223577235772358,33522
0.5226003047232097,33523
0.5223350253807106,33524
0.5220700152207002,33525
0.5218052738336714,33526
0.5215408008109478,33527
0.5217831813576495,33528
0.5215189873417722,33529
0.5217611336032388,33530
0.5214972180070815,33531
0.5217391304347826,33532
0.5219807983830217,33533
0.5222222222222223,33534
0.5219586067642604,33535
0.5216952573158425,33536
0.5214321734745335,33537
0.5211693548387096,33538
0.5209068010075567,33539
0.5206445115810675,33540
0.5208857574232512,33541
0.5206237424547284,33542
0.5208647561588738,33543
0.521105527638191,33544
0.5213460572576595,33545
0.5210843373493976,33546
0.520822880080281,33547
0.5205616850551655,33548
0.5203007518796993,33549
0.5205410821643287,33550
0.5207811717576365,33551
0.5205205205205206,33552
0.5207603801900951,33553
0.521,33554
0.5207396301849075,33555
0.5209790209790209,33556
0.5207189216175736,33557
0.5204590818363274,33558
0.5206982543640898,33559
0.5204386839481555,33560
0.5206776283009467,33561
0.5209163346613546,33562
0.520657043305127,33563
0.5203980099502488,33564
0.5201392342118349,33565
0.5198807157057654,33566
0.5196224540486836,33567
0.519364448857994,33568
0.5196029776674937,33569
0.5198412698412699,33570
0.5200793257312841,33571
0.5198216055500495,33572
0.5195641406636949,33573
0.5193069306930693,33574
0.5190499752597724,33575
0.5192878338278932,33576
0.5195254572417202,33577
0.5197628458498024,33578
0.5195061728395062,33579
0.5197433366238894,33580
0.519980266403552,33581
0.519723865877712,33582
0.519467718087728,33583
0.5197044334975369,33584
0.5194485475135401,33585
0.5191929133858267,33586
0.5189375307427447,33587
0.5186823992133727,33588
0.5184275184275184,33589
0.518664047151277,33590
0.5184094256259205,33591
0.5186457311089303,33592
0.5188818048062775,33593
0.5186274509803922,33594
0.5183733463988242,33595
0.5181194906953966,33596
0.5183553597650514,33597
0.5185909980430529,33598
0.5183374083129584,33599
0.5180840664711632,33600
0.5183194919394235,33601
0.51806640625,33602
0.5178135675939483,33603
0.5180487804878049,33604
0.5182837640175524,33605
0.5180311890838206,33606
0.5177788602045786,33607
0.5180136319376826,33608
0.5182481751824818,33609
0.5184824902723736,33610
0.5187165775401069,33611
0.5184645286686103,33612
0.5182127246236037,33613
0.5179611650485437,33614
0.5177098495875788,33615
0.5174587778855481,33616
0.5172079495879787,33617
0.5174418604651163,33618
0.5176755447941889,33619
0.5174249757986448,33620
0.5176584421867441,33621
0.5178916827852998,33622
0.5176413726437893,33623
0.5178743961352656,33624
0.5181071945919845,33625
0.5183397683397684,33626
0.518572117703811,33627
0.5188042430086789,33628
0.5190361445783133,33629
0.5187861271676301,33630
0.5190178141550313,33631
0.5187680461982676,33632
0.5185185185185185,33633
0.5182692307692308,33634
0.5185007208073041,33635
0.5182516810758886,33636
0.5180028804608737,33637
0.5182341650671785,33638
0.5179856115107914,33639
0.5182166826462129,33640
0.5179683756588405,33641
0.5181992337164751,33642
0.517951172809957,33643
0.5177033492822967,33644
0.517455762792922,33645
0.517208413001912,33646
0.5169612995699953,33647
0.5171919770773639,33648
0.516945107398568,33649
0.517175572519084,33650
0.5174058178350024,33651
0.517159199237369,33652
0.51738923296808,33653
0.5176190476190476,33654
0.5173726796763446,33655
0.5176022835394862,33656
0.5178316690442225,33657
0.5175855513307985,33658
0.517814726840855,33659
0.5180436847103513,33660
0.5182724252491694,33661
0.5180265654648957,33662
0.5182550972024657,33663
0.5180094786729857,33664
0.5182378019895784,33665
0.5184659090909091,33666
0.5186938002839565,33667
0.5189214758751183,33668
0.5191489361702127,33669
0.5189035916824196,33670
0.5191308455361361,33671
0.5193578847969783,33672
0.5195847097687588,33673
0.519811320754717,33674
0.5200377180575201,33675
0.5197926484448633,33676
0.5200188412623645,33677
0.5202448210922788,33678
0.52,33679
0.519755409219191,33680
0.5199811941701927,33681
0.5197368421052632,33682
0.5194927195866604,33683
0.5192488262910798,33684
0.5194744251525105,33685
0.5192307692307693,33686
0.5189873417721519,33687
0.5187441424554826,33688
0.5189695550351288,33689
0.5187265917602997,33690
0.5184838558727187,33691
0.5187090739008419,33692
0.5184665731650304,33693
0.5186915887850467,33694
0.5189163942083139,33695
0.5186741363211952,33696
0.5184321045263649,33697
0.5186567164179104,33698
0.5188811188811189,33699
0.5186393289841565,33700
0.5188635305076852,33701
0.5186219739292365,33702
0.5183806421591438,33703
0.5181395348837209,33704
0.5178986517898652,33705
0.5181226765799256,33706
0.5183464932652113,33707
0.5181058495821727,33708
0.5178654292343388,33709
0.5176252319109462,33710
0.5173852573018081,33711
0.5176088971269694,33712
0.5178323297823066,33713
0.5175925925925926,33714
0.5173530772790375,33715
0.517113783533765,33716
0.5168747110494684,33717
0.517097966728281,33718
0.5173210161662818,33719
0.5175438596491229,33720
0.5177664974619289,33721
0.5175276752767528,33722
0.5172890733056709,33723
0.5170506912442396,33724
0.5168125287885766,33725
0.5165745856353591,33726
0.5167970547630004,33727
0.5170193192272309,33728
0.5172413793103449,33729
0.5174632352941176,33730
0.5176848874598071,33731
0.5174471992653811,33732
0.5176686553464892,33733
0.5174311926605505,33734
0.517193947730399,33735
0.5174152153987168,33736
0.5171781951442969,33737
0.5173992673992674,33738
0.5176201372997712,33739
0.5173833485818847,33740
0.5176040237768633,33741
0.5173674588665448,33742
0.5175879396984925,33743
0.517351598173516,33744
0.5175718849840255,33745
0.5173357664233577,33746
0.5170998632010944,33747
0.5168641750227895,33748
0.5170842824601367,33749
0.517304189435337,33750
0.5170687300864816,33751
0.5172884440400364,33752
0.5175079581628013,33753
0.5177272727272727,33754
0.5174920490686051,33755
0.5177111716621253,33756
0.5174761688606446,33757
0.5176950998185118,33758
0.5179138321995465,33759
0.5176790571169537,33760
0.517897598550068,33761
0.5181159420289855,33762
0.5183340878225441,33763
0.5180995475113123,33764
0.5178652193577566,33765
0.5176311030741411,33766
0.5173971983732489,33767
0.5176151761517616,33768
0.5173814898419865,33769
0.5171480144404332,33770
0.516914749661705,33771
0.5171325518485121,33772
0.5173501577287066,33773
0.5175675675675676,33774
0.5177847816298965,33775
0.518001800180018,33776
0.5182186234817814,33777
0.5184352517985612,33778
0.5182022471910113,33779
0.518418688230009,33780
0.5181859003143242,33781
0.5179533213644524,33782
0.5181695827725438,33783
0.5179372197309418,33784
0.5177050649932765,33785
0.517921146953405,33786
0.5176892073443797,33787
0.517905102954342,33788
0.5181208053691275,33789
0.5183363148479427,33790
0.5181046043808673,33791
0.5183199285075961,33792
0.5180884323358642,33793
0.5183035714285714,33794
0.5180722891566265,33795
0.5182872435325602,33796
0.5185020062416407,33797
0.5187165775401069,33798
0.5184855233853006,33799
0.518699910952805,33800
0.518469069870939,33801
0.5186832740213523,33802
0.5188972876834148,33803
0.5186666666666667,33804
0.5184362505553087,33805
0.5182060390763765,33806
0.5179760319573902,33807
0.5177462289263531,33808
0.5175166297117516,33809
0.5177304964539007,33810
0.5179441736818786,33811
0.5177147918511957,33812
0.5179282868525896,33813
0.518141592920354,33814
0.5183547103051747,33815
0.5185676392572944,33816
0.518338488731772,33817
0.5181095406360424,33818
0.5183222958057395,33819
0.5180935569285083,33820
0.5178650198500221,33821
0.5180776014109347,33822
0.5182899955927721,33823
0.5185022026431718,33824
0.5182738881549978,33825
0.5180457746478874,33826
0.5182578090629124,33827
0.5180299032541776,33828
0.5182417582417582,33829
0.5184534270650264,33830
0.51822573561704,33831
0.5184372256365233,33832
0.5186485300570426,33833
0.518859649122807,33834
0.5190705830775976,33835
0.5192813321647678,33836
0.5194918966272448,33837
0.5192644483362522,33838
0.5190371991247265,33839
0.5188101487314086,33840
0.5185832968954963,33841
0.5187937062937062,33842
0.5190039318479686,33843
0.5187772925764192,33844
0.5185508511567001,33845
0.518760907504363,33846
0.5185346707370257,33847
0.518308631211857,33848
0.518082788671024,33849
0.5182926829268293,33850
0.5185023944275141,33851
0.5187119234116623,33852
0.5189212701174424,33853
0.5191304347826087,33854
0.5189048239895697,33855
0.5191138140747177,33856
0.5188884064264003,33857
0.5190972222222222,33858
0.5193058568329718,33859
0.5190806591500433,33860
0.5192891200693541,33861
0.5194974003466204,33862
0.5192724122996968,33863
0.5194805194805194,33864
0.5196884465599307,33865
0.5194636678200693,33866
0.5196714223951578,33867
0.5194468452895419,33868
0.5192224622030237,33869
0.5194300518134715,33870
0.5192058696590419,33871
0.5194132873166523,33872
0.5191893057352307,33873
0.5189655172413793,33874
0.5191727703576045,33875
0.5193798449612403,33876
0.5191562634524322,33877
0.5193631669535284,33878
0.5191397849462366,33879
0.5189165950128977,33880
0.5186935969058875,33881
0.5189003436426117,33882
0.5191069128381279,33883
0.5188841201716738,33884
0.5186615186615187,33885
0.5188679245283019,33886
0.5190741534504929,33887
0.519280205655527,33888
0.5190578158458244,33889
0.519263698630137,33890
0.5190415062045357,33891
0.518819503849444,33892
0.5185976913210774,33893
0.5183760683760684,33894
0.5185818026484409,33895
0.5187873612297181,33896
0.518992744344857,33897
0.5187713310580204,33898
0.518550106609808,33899
0.5187553282182438,33900
0.5189603749467405,33901
0.5187393526405452,33902
0.5189442315879097,33903
0.5191489361702127,33904
0.5189281156954487,33905
0.5191326530612245,33906
0.5193370165745856,33907
0.5195412064570943,33908
0.5197452229299363,33909
0.5199490662139219,33910
0.5197284683920238,33911
0.5199321458863444,33912
0.5201356506994489,33913
0.5203389830508475,33914
0.5205421431596781,33915
0.5203217612193056,33916
0.5201015658061786,33917
0.5203045685279187,33918
0.5200845665961945,33919
0.5202874049027895,33920
0.5200675961132235,33921
0.519847972972973,33922
0.5200506542845083,33923
0.520253164556962,33924
0.5200337410375369,33925
0.519814502529511,33926
0.5200168563000421,33927
0.5197978096040438,33928
0.519578947368421,33929
0.5193602693602694,33930
0.5191417753470762,33931
0.5193439865433137,33932
0.5191256830601093,33933
0.5189075630252101,33934
0.5191096178076439,33935
0.519311502938707,33936
0.5190935795216114,33937
0.5192953020134228,33938
0.5190775681341719,33939
0.5188600167644594,33940
0.5186426476749058,33941
0.5188442211055276,33942
0.5186270406027627,33943
0.5188284518828452,33944
0.5186114596403179,33945
0.5188127090301003,33946
0.5190137902214793,33947
0.518796992481203,33948
0.518580375782881,33949
0.5187813021702838,33950
0.5189820609094702,33951
0.5191826522101751,33952
0.5189662359316382,33953
0.5191666666666667,33954
0.5189504373177842,33955
0.519150707743547,33956
0.519350811485643,33957
0.519134775374376,33958
0.518918918918919,33959
0.5191188694929343,33960
0.5189031990029082,33961
inf,33962
0.0,33963
0.0,33964
0.3333333333333333,33965
0.25,33966
0.2,33967
0.3333333333333333,33968
0.2857142857142857,33969
0.375,33970
0.3333333333333333,33971
0.3,33972
0.36363636363636365,33973
0.3333333333333333,33974
0.38461538461538464,33975
0.35714285714285715,33976
0.4,33977
0.4375,33978
0.47058823529411764,33979
0.5,33980
0.47368421052631576,33981
0.45,33982
0.42857142857142855,33983
0.4090909090909091,33984
0.43478260869565216,33985
0.4166666666666667,33986
0.4,33987
0.4230769230769231,33988
0.4074074074074074,33989
0.39285714285714285,33990
0.3793103448275862,33991
0.36666666666666664,33992
0.3870967741935484,33993
0.375,33994
0.36363636363636365,33995
0.35294117647058826,33996
0.37142857142857144,33997
0.3611111111111111,33998
0.3783783783783784,33999
0.3684210526315789,34000
0.358974358974359,34001
0.35,34002
0.36585365853658536,34003
0.38095238095238093,34004
0.3953488372093023,34005
0.38636363636363635,34006
0.4,34007
0.391304347826087,34008
0.3829787234042553,34009
0.375,34010
0.3877551020408163,34011
0.4,34012
0.39215686274509803,34013
0.38461538461538464,34014
0.37735849056603776,34015
0.37037037037037035,34016
0.38181818181818183,34017
0.39285714285714285,34018
0.38596491228070173,34019
0.3793103448275862,34020
0.3728813559322034,34021
0.38333333333333336,34022
0.39344262295081966,34023
0.3870967741935484,34024
0.38095238095238093,34025
0.375,34026
0.36923076923076925,34027
0.3787878787878788,34028
0.373134328358209,34029
0.38235294117647056,34030
0.37681159420289856,34031
0.38571428571428573,34032
0.39436619718309857,34033
0.3888888888888889,34034
0.3835616438356164,34035
0.3783783783783784,34036
0.37333333333333335,34037
0.3815789473684211,34038
0.38961038961038963,34039
0.3974358974358974,34040
0.3924050632911392,34041
0.4,34042
0.3950617283950617,34043
0.4024390243902439,34044
0.40963855421686746,34045
0.4166666666666667,34046
0.4235294117647059,34047
0.43023255813953487,34048
0.4367816091954023,34049
0.4318181818181818,34050
0.42696629213483145,34051
0.4222222222222222,34052
0.4175824175824176,34053
0.41304347826086957,34054
0.40860215053763443,34055
0.40425531914893614,34056
0.4105263157894737,34057
0.4166666666666667,34058
0.422680412371134,34059
0.41836734693877553,34060
0.41414141414141414,34061
0.42,34062
0.4158415841584158,34063
0.4117647058823529,34064
0.4174757281553398,34065
0.4230769230769231,34066
0.42857142857142855,34067
0.4339622641509434,34068
0.42990654205607476,34069
0.42592592592592593,34070
0.43119266055045874,34071
0.42727272727272725,34072
0.43243243243243246,34073
0.4375,34074
0.4424778761061947,34075
0.43859649122807015,34076
0.4434782608695652,34077
0.4396551724137931,34078
0.4358974358974359,34079
0.4406779661016949,34080
0.44537815126050423,34081
0.44166666666666665,34082
0.4462809917355372,34083
0.45081967213114754,34084
0.45528455284552843,34085
0.45161290322580644,34086
0.456,34087
0.4523809523809524,34088
0.4566929133858268,34089
0.453125,34090
0.4496124031007752,34091
0.4461538461538462,34092
0.44274809160305345,34093
0.44696969696969696,34094
0.44360902255639095,34095
0.44776119402985076,34096
0.4444444444444444,34097
0.4485294117647059,34098
0.45255474452554745,34099
0.4492753623188406,34100
0.4460431654676259,34101
0.45,34102
0.45390070921985815,34103
0.45774647887323944,34104
0.46153846153846156,34105
0.4583333333333333,34106
0.46206896551724136,34107
0.4657534246575342,34108
0.46938775510204084,34109
0.46621621621621623,34110
0.46308724832214765,34111
0.46,34112
0.45695364238410596,34113
0.4605263157894737,34114
0.46405228758169936,34115
0.4675324675324675,34116
0.47096774193548385,34117
0.47435897435897434,34118
0.4713375796178344,34119
0.46835443037974683,34120
0.46540880503144655,34121
0.4625,34122
0.45962732919254656,34123
0.46296296296296297,34124
0.4662576687116564,34125
0.4634146341463415,34126
0.4666666666666667,34127
0.46987951807228917,34128
0.47305389221556887,34129
0.47023809523809523,34130
0.46745562130177515,34131
0.4647058823529412,34132
0.4619883040935672,34133
0.46511627906976744,34134
0.4682080924855491,34135
0.46551724137931033,34136
0.46285714285714286,34137
0.4602272727272727,34138
0.4632768361581921,34139
0.46629213483146065,34140
0.46368715083798884,34141
0.4666666666666667,34142
0.46408839779005523,34143
0.46153846153846156,34144
0.45901639344262296,34145
0.46195652173913043,34146
0.4594594594594595,34147
0.46236559139784944,34148
0.45989304812834225,34149
0.4627659574468085,34150
0.4603174603174603,34151
0.45789473684210524,34152
0.45549738219895286,34153
0.4583333333333333,34154
0.46113989637305697,34155
0.4587628865979381,34156
0.4564102564102564,34157
0.45408163265306123,34158
0.4517766497461929,34159
0.45454545454545453,34160
0.45226130653266333,34161
0.45,34162
0.4527363184079602,34163
0.45544554455445546,34164
0.45320197044334976,34165
0.45098039215686275,34166
0.45365853658536587,34167
0.4563106796116505,34168
0.45410628019323673,34169
0.4567307692307692,34170
0.45454545454545453,34171
0.45714285714285713,34172
0.4549763033175355,34173
0.4528301886792453,34174
0.4507042253521127,34175
0.4532710280373832,34176
0.4558139534883721,34177
0.4583333333333333,34178
0.45622119815668205,34179
0.4541284403669725,34180
0.4520547945205479,34181
0.45,34182
0.4479638009049774,34183
0.45045045045045046,34184
0.4484304932735426,34185
0.45089285714285715,34186
0.4488888888888889,34187
0.45132743362831856,34188
0.45374449339207046,34189
0.45614035087719296,34190
0.45414847161572053,34191
0.45652173913043476,34192
0.4588744588744589,34193
0.46120689655172414,34194
0.463519313304721,34195
0.4658119658119658,34196
0.46382978723404256,34197
0.461864406779661,34198
0.4641350210970464,34199
0.46218487394957986,34200
0.4602510460251046,34201
0.4583333333333333,34202
0.45643153526970953,34203
0.45454545454545453,34204
0.4567901234567901,34205
0.45901639344262296,34206
0.45714285714285713,34207
0.45528455284552843,34208
0.4534412955465587,34209
0.45564516129032256,34210
0.4578313253012048,34211
0.456,34212
0.4581673306772908,34213
0.4603174603174603,34214
0.45849802371541504,34215
0.46062992125984253,34216
0.4588235294117647,34217
0.45703125,34218
0.45525291828793774,34219
0.4573643410852713,34220
0.4594594594594595,34221
0.46153846153846156,34222
0.46360153256704983,34223
0.46564885496183206,34224
0.467680608365019,34225
0.4696969696969697,34226
0.4716981132075472,34227
0.4699248120300752,34228
0.47191011235955055,34229
0.47388059701492535,34230
0.4758364312267658,34231
0.4740740740740741,34232
0.47601476014760147,34233
0.4742647058823529,34234
0.4725274725274725,34235
0.4708029197080292,34236
0.4690909090909091,34237
0.4673913043478261,34238
0.4693140794223827,34239
0.4712230215827338,34240
0.4731182795698925,34241
0.4714285714285714,34242
0.47330960854092524,34243
0.4716312056737589,34244
0.46996466431095407,34245
0.47183098591549294,34246
0.47017543859649125,34247
0.46853146853146854,34248
0.46689895470383275,34249
0.4652777777777778,34250
0.46366782006920415,34251
0.46551724137931033,34252
0.46735395189003437,34253
0.4691780821917808,34254
0.4709897610921502,34255
0.46938775510204084,34256
0.4711864406779661,34257
0.47297297297297297,34258
0.4713804713804714,34259
0.47315436241610737,34260
0.47157190635451507,34261
0.47,34262
0.4717607973421927,34263
0.4735099337748344,34264
0.47194719471947194,34265
0.47368421052631576,34266
0.47540983606557374,34267
0.477124183006536,34268
0.4755700325732899,34269
0.474025974025974,34270
0.47572815533980584,34271
0.4774193548387097,34272
0.4758842443729904,34273
0.47435897435897434,34274
0.476038338658147,34275
0.4745222929936306,34276
0.473015873015873,34277
0.47151898734177217,34278
0.47318611987381703,34279
0.4748427672955975,34280
0.47335423197492166,34281
0.475,34282
0.4735202492211838,34283
0.4720496894409938,34284
0.47058823529411764,34285
0.4691358024691358,34286
0.4707692307692308,34287
0.4723926380368098,34288
0.4740061162079511,34289
0.47560975609756095,34290
0.47416413373860183,34291
0.47575757575757577,34292
0.4773413897280967,34293
0.4759036144578313,34294
0.4744744744744745,34295
0.47604790419161674,34296
0.4746268656716418,34297
0.47619047619047616,34298
0.47774480712166173,34299
0.47633136094674555,34300
0.4749262536873156,34301
0.4764705882352941,34302
0.4750733137829912,34303
0.4766081871345029,34304
0.478134110787172,34305
0.4796511627906977,34306
0.4782608695652174,34307
0.476878612716763,34308
0.4783861671469741,34309
0.47988505747126436,34310
0.4813753581661891,34311
0.4828571428571429,34312
0.4843304843304843,34313
0.48295454545454547,34314
0.48158640226628896,34315
0.4830508474576271,34316
0.48450704225352115,34317
0.4859550561797753,34318
0.484593837535014,34319
0.4860335195530726,34320
0.48746518105849584,34321
0.4888888888888889,34322
0.4903047091412742,34323
0.49171270718232046,34324
0.4931129476584022,34325
0.4945054945054945,34326
0.4931506849315068,34327
0.49453551912568305,34328
0.49318801089918257,34329
0.49184782608695654,34330
0.4905149051490515,34331
0.4891891891891892,34332
0.49056603773584906,34333
0.489247311827957,34334
0.4879356568364611,34335
0.4893048128342246,34336
0.488,34337
0.48936170212765956,34338
0.4907161803713528,34339
0.49206349206349204,34340
0.49340369393139843,34341
0.4921052631578947,34342
0.49081364829396323,34343
0.49214659685863876,34344
0.4908616187989556,34345
0.4921875,34346
0.4909090909090909,34347
0.49222797927461137,34348
0.4935400516795866,34349
0.4948453608247423,34350
0.4961439588688946,34351
0.4948717948717949,34352
0.4936061381074169,34353
0.4923469387755102,34354
0.4910941475826972,34355
0.48984771573604063,34356
0.48860759493670886,34357
0.4898989898989899,34358
0.48866498740554154,34359
0.48743718592964824,34360
0.48621553884711777,34361
0.485,34362
0.486284289276808,34363
0.48507462686567165,34364
0.48635235732009924,34365
0.48514851485148514,34366
0.48641975308641977,34367
0.4852216748768473,34368
0.4864864864864865,34369
0.4852941176470588,34370
0.4841075794621027,34371
0.48292682926829267,34372
0.48418491484184917,34373
0.4830097087378641,34374
0.48184019370460046,34375
0.4806763285024155,34376
0.4795180722891566,34377
0.4807692307692308,34378
0.48201438848920863,34379
0.48325358851674644,34380
0.4821002386634845,34381
0.48333333333333334,34382
0.4821852731591449,34383
0.4834123222748815,34384
0.4846335697399527,34385
0.4858490566037736,34386
0.48470588235294115,34387
0.4835680751173709,34388
0.4847775175644028,34389
0.48364485981308414,34390
0.48484848484848486,34391
0.48604651162790696,34392
0.48491879350348027,34393
0.4837962962962963,34394
0.48267898383371827,34395
0.4838709677419355,34396
0.4827586206896552,34397
0.48394495412844035,34398
0.4851258581235698,34399
0.4863013698630137,34400
0.4874715261958998,34401
0.48863636363636365,34402
0.4875283446712018,34403
0.48868778280542985,34404
0.4898419864559819,34405
0.48873873873873874,34406
0.4898876404494382,34407
0.4910313901345291,34408
0.49217002237136465,34409
0.49107142857142855,34410
0.4922048997772829,34411
0.49333333333333335,34412
0.49445676274944567,34413
0.49336283185840707,34414
0.4922737306843267,34415
0.4911894273127753,34416
0.4901098901098901,34417
0.49122807017543857,34418
0.49015317286652077,34419
0.4912663755458515,34420
0.49019607843137253,34421
0.49130434782608695,34422
0.49023861171366595,34423
0.48917748917748916,34424
0.490280777537797,34425
0.4892241379310345,34426
0.4881720430107527,34427
0.4892703862660944,34428
0.49036402569593146,34429
0.49145299145299143,34430
0.4925373134328358,34431
0.49148936170212765,34432
0.49256900212314225,34433
0.4936440677966102,34434
0.49471458773784355,34435
0.4957805907172996,34436
0.49473684210526314,34437
0.4957983193277311,34438
0.4947589098532495,34439
0.49581589958158995,34440
0.4968684759916493,34441
0.4979166666666667,34442
0.498960498960499,34443
0.4979253112033195,34444
0.4989648033126294,34445
0.5,34446
0.5010309278350515,34447
0.5020576131687243,34448
0.5010266940451745,34449
0.5,34450
0.5010224948875256,34451
0.5,34452
0.4989816700610998,34453
0.5,34454
0.49898580121703856,34455
0.4979757085020243,34456
0.498989898989899,34457
0.5,34458
0.5010060362173038,34459
0.5020080321285141,34460
0.501002004008016,34461
0.502,34462
0.500998003992016,34463
0.50199203187251,34464
0.5029821073558648,34465
0.503968253968254,34466
0.504950495049505,34467
0.5039525691699605,34468
0.504930966469428,34469
0.5039370078740157,34470
0.5049115913555993,34471
0.503921568627451,34472
0.50293542074364,34473
0.501953125,34474
0.5009746588693957,34475
0.5019455252918288,34476
0.5029126213592233,34477
0.5038759689922481,34478
0.504835589941973,34479
0.5057915057915058,34480
0.5067437379576107,34481
0.5057692307692307,34482
0.5047984644913628,34483
0.5038314176245211,34484
0.5047801147227533,34485
0.5057251908396947,34486
0.5066666666666667,34487
0.5076045627376425,34488
0.50853889943074,34489
0.509469696969697,34490
0.5103969754253308,34491
0.5094339622641509,34492
0.5084745762711864,34493
0.5093984962406015,34494
0.5084427767354597,34495
0.5074906367041199,34496
0.508411214953271,34497
0.5093283582089553,34498
0.5102420856610801,34499
0.5111524163568774,34500
0.5102040816326531,34501
0.5111111111111111,34502
0.5101663585951941,34503
0.5092250922509225,34504
0.5082872928176796,34505
0.5073529411764706,34506
0.5082568807339449,34507
0.5091575091575091,34508
0.5100548446069469,34509
0.5091240875912408,34510
0.5081967213114754,34511
0.5072727272727273,34512
0.5063520871143375,34513
0.5072463768115942,34514
0.5081374321880651,34515
0.5072202166064982,34516
0.5081081081081081,34517
0.5089928057553957,34518
0.5080789946140036,34519
0.507168458781362,34520
0.5062611806797853,34521
0.5071428571428571,34522
0.5080213903743316,34523
0.5071174377224199,34524
0.5079928952042628,34525
0.5070921985815603,34526
0.5079646017699115,34527
0.5070671378091873,34528
0.5079365079365079,34529
0.5088028169014085,34530
0.507908611599297,34531
0.5087719298245614,34532
0.5096322241681261,34533
0.5104895104895105,34534
0.5095986038394416,34535
0.5087108013937283,34536
0.5078260869565218,34537
0.5069444444444444,34538
0.5077989601386482,34539
0.5069204152249135,34540
0.5060449050086355,34541
0.5051724137931034,34542
0.504302925989673,34543
0.5051546391752577,34544
0.5042881646655232,34545
0.5051369863013698,34546
0.505982905982906,34547
0.5068259385665529,34548
0.5076660988074957,34549
0.5085034013605442,34550
0.5093378607809848,34551
0.5084745762711864,34552
0.5076142131979695,34553
0.5084459459459459,34554
0.5092748735244519,34555
0.51010101010101,34556
0.5109243697478991,34557
0.511744966442953,34558
0.5125628140703518,34559
0.5133779264214047,34560
0.5125208681135225,34561
0.5133333333333333,34562
0.5141430948419301,34563
0.5132890365448505,34564
0.5124378109452736,34565
0.5115894039735099,34566
0.512396694214876,34567
0.5115511551155115,34568
0.5107084019769358,34569
0.5098684210526315,34570
0.5106732348111659,34571
0.5098360655737705,34572
0.5090016366612111,34573
0.5098039215686274,34574
0.5089722675367048,34575
0.509771986970684,34576
0.5089430894308943,34577
0.5097402597402597,34578
0.5089141004862237,34579
0.5080906148867314,34580
0.5088852988691438,34581
0.5080645161290323,34582
0.5072463768115942,34583
0.5080385852090032,34584
0.507223113964687,34585
0.5064102564102564,34586
0.5056,34587
0.5047923322683706,34588
0.5039872408293461,34589
0.5031847133757962,34590
0.5039745627980922,34591
0.5031746031746032,34592
0.5039619651347068,34593
0.504746835443038,34594
0.5039494470774092,34595
0.5047318611987381,34596
0.5055118110236221,34597
0.5047169811320755,34598
0.5039246467817896,34599
0.5031347962382445,34600
0.5039123630672926,34601
0.5046875,34602
0.5054602184087363,34603
0.5062305295950156,34604
0.505443234836703,34605
0.5046583850931677,34606
0.5038759689922481,34607
0.5046439628482973,34608
0.5038639876352395,34609
0.5046296296296297,34610
0.5053929121725732,34611
0.5061538461538462,34612
0.5053763440860215,34613
0.5061349693251533,34614
0.5068912710566615,34615
0.5061162079510704,34616
0.5068702290076336,34617
0.5060975609756098,34618
0.5053272450532724,34619
0.5045592705167173,34620
0.503793626707132,34621
0.5045454545454545,34622
0.5052950075642966,34623
0.5045317220543807,34624
0.5052790346907994,34625
0.5060240963855421,34626
0.5052631578947369,34627
0.506006006006006,34628
0.5052473763118441,34629
0.5059880239520959,34630
0.5067264573991032,34631
0.5059701492537313,34632
0.5067064083457526,34633
0.5074404761904762,34634
0.5081723625557206,34635
0.5074183976261127,34636
0.5081481481481481,34637
0.507396449704142,34638
0.5081240768094535,34639
0.5088495575221239,34640
0.508100147275405,34641
0.5088235294117647,34642
0.5095447870778267,34643
0.5102639296187683,34644
0.5109809663250366,34645
0.5102339181286549,34646
0.5109489051094891,34647
0.5102040816326531,34648
0.5109170305676856,34649
0.5116279069767442,34650
0.5108853410740203,34651
0.5115942028985507,34652
0.5123010130246021,34653
0.5130057803468208,34654
0.5122655122655123,34655
0.5115273775216138,34656
0.5122302158273381,34657
0.5129310344827587,34658
0.5136298421807748,34659
0.5128939828080229,34660
0.5135908440629471,34661
0.5142857142857142,34662
0.514978601997147,34663
0.5156695156695157,34664
0.5149359886201992,34665
0.515625,34666
0.5148936170212766,34667
0.5155807365439093,34668
0.5162659123055162,34669
0.5155367231638418,34670
0.5148095909732017,34671
0.5154929577464789,34672
0.5161744022503516,34673
0.5168539325842697,34674
0.517531556802244,34675
0.5182072829131653,34676
0.5174825174825175,34677
0.5167597765363129,34678
0.5174337517433751,34679
0.5181058495821727,34680
0.5187760778859527,34681
0.5194444444444445,34682
0.5187239944521498,34683
0.518005540166205,34684
0.5172890733056709,34685
0.5165745856353591,34686
0.5172413793103449,34687
0.5165289256198347,34688
0.517193947730399,34689
0.5178571428571429,34690
0.5185185185185185,34691
0.5178082191780822,34692
0.5170998632010944,34693
0.5163934426229508,34694
0.5170532060027285,34695
0.5177111716621253,34696
0.5170068027210885,34697
0.5163043478260869,34698
0.5169606512890095,34699
0.5176151761517616,34700
0.516914749661705,34701
0.5162162162162162,34702
0.5168690958164642,34703
0.5175202156334232,34704
0.5181695827725438,34705
0.5174731182795699,34706
0.5181208053691275,34707
0.517426273458445,34708
0.5167336010709505,34709
0.517379679144385,34710
0.5166889185580774,34711
0.516,34712
0.5166444740346205,34713
0.5172872340425532,34714
0.5166002656042497,34715
0.5159151193633952,34716
0.5152317880794702,34717
0.5145502645502645,34718
0.5138705416116248,34719
0.5145118733509235,34720
0.5138339920948617,34721
0.5131578947368421,34722
0.5137976346911958,34723
0.5144356955380578,34724
0.5137614678899083,34725
0.5130890052356021,34726
0.5137254901960784,34727
0.5143603133159269,34728
0.5149934810951761,34729
0.515625,34730
0.5149544863459038,34731
0.5142857142857142,34732
0.5136186770428015,34733
0.5142487046632125,34734
0.5148771021992238,34735
0.5142118863049095,34736
0.5135483870967742,34737
0.5141752577319587,34738
0.5148005148005148,34739
0.5154241645244216,34740
0.5147625160462131,34741
0.5153846153846153,34742
0.5147247119078106,34743
0.5153452685421995,34744
0.5159642401021711,34745
0.5153061224489796,34746
0.5159235668789809,34747
0.5152671755725191,34748
0.5146124523506989,34749
0.5152284263959391,34750
0.514575411913815,34751
0.5139240506329114,34752
0.5145385587863464,34753
0.5151515151515151,34754
0.5157629255989912,34755
0.5151133501259446,34756
0.5144654088050314,34757
0.5150753768844221,34758
0.5156838143036386,34759
0.5162907268170426,34760
0.5168961201501877,34761
0.5175,34762
0.5168539325842697,34763
0.5174563591022444,34764
0.5180572851805728,34765
0.5186567164179104,34766
0.5180124223602485,34767
0.5186104218362283,34768
0.5192069392812887,34769
0.5198019801980198,34770
0.5203955500618047,34771
0.5209876543209877,34772
0.5215782983970407,34773
0.520935960591133,34774
0.5215252152521526,34775
0.5208845208845209,34776
0.5202453987730061,34777
0.5208333333333334,34778
0.5214198286413708,34779
0.5207823960880196,34780
0.5201465201465202,34781
0.5195121951219512,34782
0.5188794153471377,34783
0.5182481751824818,34784
0.5188335358444714,34785
0.5182038834951457,34786
0.5187878787878788,34787
0.5181598062953995,34788
0.5187424425634825,34789
0.5181159420289855,34790
0.517490952955368,34791
0.5180722891566265,34792
0.5186522262334536,34793
0.5180288461538461,34794
0.517406962785114,34795
0.5167865707434053,34796
0.5161676646706587,34797
0.5167464114832536,34798
0.5161290322580645,34799
0.5167064439140812,34800
0.5160905840286055,34801
0.5154761904761904,34802
0.5148632580261593,34803
0.5154394299287411,34804
0.5148279952550415,34805
0.5154028436018957,34806
0.5159763313609468,34807
0.516548463356974,34808
0.5159386068476978,34809
0.5153301886792453,34810
0.5159010600706714,34811
0.5152941176470588,34812
0.5146886016451234,34813
0.5152582159624414,34814
0.5158264947245017,34815
0.5163934426229508,34816
0.5169590643274854,34817
0.5175233644859814,34818
0.5180863477246208,34819
0.5186480186480187,34820
0.519208381839348,34821
0.5197674418604651,34822
0.519163763066202,34823
0.5197215777262181,34824
0.5191193511008111,34825
0.5196759259259259,34826
0.5202312138728323,34827
0.5207852193995381,34828
0.5201845444059977,34829
0.5207373271889401,34830
0.5212888377445339,34831
0.5218390804597701,34832
0.521239954075775,34833
0.5206422018348624,34834
0.5211912943871707,34835
0.5205949656750573,34836
0.5211428571428571,34837
0.5205479452054794,34838
0.5199543899657925,34839
0.520501138952164,34840
0.5210466439135382,34841
0.5204545454545455,34842
0.5198637911464246,34843
0.5204081632653061,34844
0.5209513023782559,34845
0.5203619909502263,34846
0.519774011299435,34847
0.5191873589164786,34848
0.5197294250281849,34849
0.5202702702702703,34850
0.5196850393700787,34851
0.5191011235955056,34852
0.5185185185185185,34853
0.5190582959641256,34854
0.5195968645016797,34855
0.5190156599552572,34856
0.5195530726256983,34857
0.5189732142857143,34858
0.5183946488294314,34859
0.5178173719376392,34860
0.5183537263626251,34861
0.5188888888888888,34862
0.5183129855715871,34863
0.5188470066518847,34864
0.5182724252491694,34865
0.5188053097345132,34866
0.5193370165745856,34867
0.5187637969094923,34868
0.5181918412348401,34869
0.5176211453744494,34870
0.5181518151815182,34871
0.5175824175824176,34872
0.5181119648737651,34873
0.5175438596491229,34874
0.5180722891566265,34875
0.5185995623632386,34876
0.5191256830601093,34877
0.519650655021834,34878
0.520174482006543,34879
0.5206971677559913,34880
0.5212187159956474,34881
0.5217391304347826,34882
0.5211726384364821,34883
0.5216919739696312,34884
0.5222101841820151,34885
0.5216450216450217,34886
0.5210810810810811,34887
0.5205183585313174,34888
0.5199568500539374,34889
0.5204741379310345,34890
0.5199138858988159,34891
0.5193548387096775,34892
0.518796992481203,34893
0.51931330472103,34894
0.5198285101822079,34895
0.5192719486081371,34896
0.5187165775401069,34897
0.5181623931623932,34898
0.5176093916755603,34899
0.5181236673773987,34900
0.5186368477103301,34901
0.5191489361702127,34902
0.5185972369819342,34903
0.5191082802547771,34904
0.5196182396606575,34905
0.5201271186440678,34906
0.5195767195767196,34907
0.5200845665961945,34908
0.5205913410770855,34909
0.520042194092827,34910
0.5194942044257113,34911
0.52,34912
0.519453207150368,34913
0.5199579831932774,34914
0.5194123819517313,34915
0.519916142557652,34916
0.5193717277486911,34917
0.5188284518828452,34918
0.5182863113897597,34919
0.5187891440501043,34920
0.5192909280500522,34921
0.51875,34922
0.5192507804370448,34923
0.5187110187110187,34924
0.5181723779854621,34925
0.5186721991701245,34926
0.5181347150259067,34927
0.5186335403726708,34928
0.5180972078593589,34929
0.518595041322314,34930
0.5180598555211559,34931
0.5175257731958763,34932
0.518022657054583,34933
0.5185185185185185,34934
0.5179856115107914,34935
0.5174537987679672,34936
0.5169230769230769,34937
0.5163934426229508,34938
0.5168884339815762,34939
0.516359918200409,34940
0.515832482124617,34941
0.5163265306122449,34942
0.5168195718654435,34943
0.5162932790224033,34944
0.5167853509664293,34945
0.5172764227642277,34946
0.5177664974619289,34947
0.5172413793103449,34948
0.5177304964539007,34949
0.5182186234817814,34950
0.5176946410515673,34951
0.5181818181818182,34952
0.5176589303733602,34953
0.5181451612903226,34954
0.5186304128902316,34955
0.5191146881287726,34956
0.5185929648241207,34957
0.5180722891566265,34958
0.5175526579739218,34959
0.5170340681362725,34960
0.5165165165165165,34961
0.516,34962
0.5154845154845155,34963
0.5159680638722555,34964
0.5154536390827518,34965
0.5159362549800797,34966
0.5154228855721393,34967
0.5149105367793241,34968
0.5153922542204568,34969
0.5148809523809523,34970
0.5153617443012884,34971
0.5158415841584159,34972
0.516320474777448,34973
0.516798418972332,34974
0.5162882527147088,34975
0.5157790927021696,34976
0.516256157635468,34977
0.5167322834645669,34978
0.5172074729596854,34979
0.5176817288801572,34980
0.5181550539744848,34981
0.5176470588235295,34982
0.5181194906953966,34983
0.5176125244618396,34984
0.5180840664711632,34985
0.5185546875,34986
0.5190243902439025,34987
0.5194931773879142,34988
0.5199610516066212,34989
0.5204280155642024,34990
0.5208940719144801,34991
0.5203883495145631,34992
0.5198836081474297,34993
0.5203488372093024,34994
0.5208131655372701,34995
0.5212765957446809,34996
0.5207729468599034,34997
0.5212355212355212,34998
0.5207328833172613,34999
0.5211946050096339,35000
0.5216554379210779,35001
0.5221153846153846,35002
0.521613832853026,35003
0.5211132437619962,35004
0.5215723873441994,35005
0.5210727969348659,35006
0.5205741626794258,35007
0.5200764818355641,35008
0.5205348615090736,35009
0.5200381679389313,35010
0.5204957102001907,35011
0.520952380952381,35012
0.5214081826831589,35013
0.5209125475285171,35014
0.5213675213675214,35015
0.5218216318785579,35016
0.5222748815165876,35017
0.521780303030303,35018
0.522232734153264,35019
0.5226843100189036,35020
0.5231350330500472,35021
0.5235849056603774,35022
0.5240339302544769,35023
0.524482109227872,35024
0.5249294449670743,35025
0.525375939849624,35026
0.5258215962441315,35027
0.525328330206379,35028
0.5257731958762887,35029
0.5262172284644194,35030
0.5266604303086997,35031
0.5271028037383177,35032
0.5275443510737629,35033
0.5270522388059702,35034
0.527493010251631,35035
0.5279329608938548,35036
0.5274418604651163,35037
0.5278810408921933,35038
0.5273909006499535,35039
0.5269016697588126,35040
0.5264133456904542,35041
0.5268518518518519,35042
0.5263644773358002,35043
0.5258780036968577,35044
0.5263157894736842,35045
0.5267527675276753,35046
0.5271889400921659,35047
0.5267034990791897,35048
0.5262189512419503,35049
0.5266544117647058,35050
0.527089072543618,35051
0.5266055045871559,35052
0.5270394133822182,35053
0.5274725274725275,35054
0.5269899359560841,35055
0.5274223034734917,35056
0.5269406392694064,35057
0.5264598540145985,35058
0.5268915223336372,35059
0.5264116575591985,35060
0.5268425841674249,35061
0.5272727272727272,35062
0.5267938237965486,35063
0.5272232304900182,35064
0.5267452402538532,35065
0.5271739130434783,35066
0.5266968325791855,35067
0.5262206148282098,35068
0.5257452574525745,35069
0.526173285198556,35070
0.5266005410279531,35071
0.527027027027027,35072
0.5265526552655265,35073
0.5269784172661871,35074
0.527403414195867,35075
0.5278276481149012,35076
0.5282511210762332,35077
0.5286738351254481,35078
0.5282005371530887,35079
0.5277280858676208,35080
0.5272564789991063,35081
0.5267857142857143,35082
0.5272078501338091,35083
0.5267379679144385,35084
0.5262689225289403,35085
0.5258007117437722,35086
0.5262222222222223,35087
0.5266429840142096,35088
0.5261756876663709,35089
0.526595744680851,35090
0.5270150575730735,35091
0.5274336283185841,35092
0.5278514588859416,35093
0.5282685512367491,35094
0.527802294792586,35095
0.5282186948853616,35096
0.5277533039647577,35097
0.5272887323943662,35098
0.5268249780123131,35099
0.5272407732864675,35100
0.5276558384547849,35101
0.5280701754385965,35102
0.5284837861524978,35103
0.5280210157618214,35104
0.5284339457567804,35105
0.5288461538461539,35106
0.5283842794759825,35107
0.5279232111692844,35108
0.5283347863993025,35109
0.5287456445993032,35110
0.5291557876414273,35111
0.5295652173913044,35112
0.5299739357080799,35113
0.5295138888888888,35114
0.5290546400693842,35115
0.5285961871750433,35116
0.5281385281385281,35117
0.527681660899654,35118
0.5280898876404494,35119
0.5284974093264249,35120
0.5289042277825712,35121
0.528448275862069,35122
0.52885443583118,35123
0.5292598967297762,35124
0.529664660361135,35125
0.5292096219931272,35126
0.5287553648068669,35127
0.5291595197255574,35128
0.5295629820051414,35129
0.5299657534246576,35130
0.5303678357570573,35131
0.5299145299145299,35132
0.5303159692570453,35133
0.5307167235494881,35134
0.5311167945439045,35135
0.5315161839863713,35136
0.5319148936170213,35137
0.532312925170068,35138
0.5318606627017842,35139
0.5314091680814941,35140
0.5318066157760815,35141
0.5322033898305085,35142
0.5325994919559696,35143
0.5329949238578681,35144
0.5325443786982249,35145
0.5329391891891891,35146
0.5324894514767933,35147
0.5328836424957841,35148
0.5324347093513058,35149
0.531986531986532,35150
0.5323801513877208,35151
0.5327731092436975,35152
0.5331654072208228,35153
0.5327181208053692,35154
0.5331098072087175,35155
0.5326633165829145,35156
0.5322175732217573,35157
0.532608695652174,35158
0.5329991645781119,35159
0.5333889816360601,35160
0.5337781484570475,35161
0.5341666666666667,35162
0.5345545378850958,35163
0.5349417637271214,35164
0.5353283458021613,35165
0.5348837209302325,35166
0.5344398340248963,35167
0.5339966832504146,35168
0.5335542667771334,35169
0.5339403973509934,35170
0.5343258891645989,35171
0.5338842975206611,35172
0.5342691990090834,35173
0.5346534653465347,35174
0.5342126957955482,35175
0.5345963756177924,35176
0.5341563786008231,35177
0.5337171052631579,35178
0.5341002465078061,35179
0.5336617405582923,35180
0.5340442986054142,35181
0.5344262295081967,35182
0.5348075348075348,35183
0.5351882160392799,35184
0.53556827473426,35185
0.5359477124183006,35186
0.5363265306122449,35187
0.535889070146819,35188
0.5362673186634067,35189
0.5358306188925082,35190
0.5362082994304312,35191
0.5365853658536586,35192
0.536961819658814,35193
0.536525974025974,35194
0.5369018653690186,35195
0.5372771474878444,35196
0.5368421052631579,35197
0.5372168284789643,35198
0.5375909458367018,35199
0.537156704361874,35200
0.536723163841808,35201
0.5362903225806451,35202
0.5358581788879936,35203
0.535426731078905,35204
0.5349959774738536,35205
0.5353697749196141,35206
0.5349397590361445,35207
0.5353130016051364,35208
0.5348837209302325,35209
0.5352564102564102,35210
0.5348278622898318,35211
0.5344,35212
0.5347721822541966,35213
0.5351437699680511,35214
0.5347166799680766,35215
0.5350877192982456,35216
0.5354581673306773,35217
0.535031847133758,35218
0.5354017501988863,35219
0.5349761526232114,35220
0.5353455123113582,35221
0.5357142857142857,35222
0.535289452815226,35223
0.5356576862123613,35224
0.5352335708630246,35225
0.5348101265822784,35226
0.5351778656126482,35227
0.5355450236966824,35228
0.5351223362273086,35229
0.5347003154574133,35230
0.5342789598108747,35231
0.5338582677165354,35232
0.5342250196695515,35233
0.5345911949685535,35234
0.5341712490180676,35235
0.5345368916797488,35236
0.5341176470588235,35237
0.5336990595611285,35238
0.5340642129992169,35239
0.5336463223787168,35240
0.5332290852228303,35241
0.5328125,35242
0.5323965651834505,35243
0.5327613104524181,35244
0.5323460639127046,35245
0.5327102803738317,35246
0.532295719844358,35247
0.5318818040435459,35248
0.5314685314685315,35249
0.531832298136646,35250
0.5314197051978278,35251
0.5310077519379846,35252
0.5313710302091402,35253
0.5309597523219814,35254
0.5305491105955144,35255
0.5309119010819165,35256
0.5305019305019305,35257
0.5308641975308642,35258
0.5304548959136469,35259
0.5300462249614792,35260
0.5304080061585835,35261
0.5307692307692308,35262
0.5303612605687933,35263
0.5307219662058372,35264
0.5310821181887951,35265
0.5306748466257669,35266
0.5310344827586206,35267
0.5306278713629403,35268
0.5302218821729151,35269
0.5298165137614679,35270
0.5301757066462949,35271
0.5305343511450382,35272
0.5301296720061022,35273
0.5304878048780488,35274
0.5308453922315308,35275
0.5312024353120244,35276
0.5307984790874525,35277
0.5311550151975684,35278
0.530751708428246,35279
0.5303490136570561,35280
0.5299469294920395,35281
0.5295454545454545,35282
0.5291445874337622,35283
0.5287443267776096,35284
0.5291005291005291,35285
0.5294561933534743,35286
0.5290566037735849,35287
0.5294117647058824,35288
0.5297663903541824,35289
0.5301204819277109,35290
0.5297215951843491,35291
0.5300751879699248,35292
0.5304282494365139,35293
0.53003003003003,35294
0.5303825956489122,35295
0.5299850074962519,35296
0.5303370786516854,35297
0.530688622754491,35298
0.5302916978309649,35299
0.5306427503736921,35300
0.5309932785660941,35301
0.5305970149253731,35302
0.5302013422818792,35303
0.529806259314456,35304
0.5294117647058824,35305
0.5290178571428571,35306
0.5286245353159851,35307
0.5289747399702823,35308
0.5293244246473645,35309
0.5296735905044511,35310
0.5292809488510007,35311
0.5296296296296297,35312
0.5299777942264989,35313
0.5303254437869822,35314
0.5299334811529933,35315
0.5295420974889217,35316
0.5291512915129152,35317
0.5287610619469026,35318
0.5283714075165807,35319
0.5287187039764359,35320
0.52906548933039,35321
0.5286764705882353,35322
0.5290227773695811,35323
0.5293685756240822,35324
0.528980190755686,35325
0.5285923753665689,35326
0.5282051282051282,35327
0.5285505124450952,35328
0.5281638624725676,35329
0.5285087719298246,35330
0.5288531775018261,35331
0.5291970802919708,35332
0.5295404814004376,35333
0.5291545189504373,35334
0.5294974508375819,35335
0.5291120815138283,35336
0.5287272727272727,35337
0.5290697674418605,35338
0.5294117647058824,35339
0.5297532656023222,35340
0.5300942712110225,35341
0.5297101449275362,35342
0.5293265749456916,35343
0.5289435600578871,35344
0.5292841648590022,35345
0.5296242774566474,35346
0.5292418772563177,35347
0.5295815295815296,35348
0.5291997116077866,35349
0.5288184438040345,35350
0.5284377249820015,35351
0.5287769784172662,35352
0.5283968368080517,35353
0.5287356321839081,35354
0.5283560660445082,35355
0.5286944045911047,35356
0.5290322580645161,35357
0.5293696275071633,35358
0.5289906943450251,35359
0.5293276108726752,35360
0.5289492494639028,35361
0.5285714285714286,35362
0.5289079229122056,35363
0.5292439372325249,35364
0.5295794725588026,35365
0.5299145299145299,35366
0.5302491103202847,35367
0.5298719772403983,35368
0.5302061122956645,35369
0.5298295454545454,35370
0.5294535131298793,35371
0.5297872340425532,35372
0.5294117647058824,35373
0.5290368271954674,35374
0.5293701344656758,35375
0.5297029702970297,35376
0.5293286219081272,35377
0.5296610169491526,35378
0.529287226534933,35379
0.5289139633286318,35380
0.529245947850599,35381
0.5295774647887324,35382
0.52990851513019,35383
0.530239099859353,35384
0.5298664792691496,35385
0.5301966292134831,35386
0.5305263157894737,35387
0.5301542776998598,35388
0.5297827610371408,35389
0.5301120448179272,35390
0.529741077676697,35391
0.5293706293706294,35392
0.5296995108315863,35393
0.5300279329608939,35394
0.5296580600139568,35395
0.5299860529986054,35396
0.5296167247386759,35397
0.5292479108635098,35398
0.5295755045233125,35399
0.5299026425591099,35400
0.5295343988881167,35401
0.5291666666666667,35402
0.5287994448299792,35403
0.529126213592233,35404
0.5287595287595288,35405
0.5290858725761773,35406
0.528719723183391,35407
0.529045643153527,35408
0.5293711126468555,35409
0.5290055248618785,35410
0.5293305728088337,35411
0.5296551724137931,35412
0.5292901447277739,35413
0.5296143250688705,35414
0.5299380591878872,35415
0.5302613480055021,35416
0.5298969072164949,35417
0.5302197802197802,35418
0.5305422100205902,35419
0.5301783264746228,35420
0.5305003427004797,35421
0.5308219178082192,35422
0.5311430527036276,35423
0.53077975376197,35424
0.530416951469583,35425
0.5307377049180327,35426
0.5303754266211604,35427
0.5300136425648022,35428
0.5303340149965917,35429
0.5306539509536785,35430
0.5302927161334241,35431
0.5299319727891156,35432
0.5295717199184229,35433
0.529891304347826,35434
0.5302104548540394,35435
0.5298507462686567,35436
0.5301694915254237,35437
0.5298102981029811,35438
0.5301286391333785,35439
0.5297699594046008,35440
0.5300878972278567,35441
0.5304054054054054,35442
0.5300472653612424,35443
0.529689608636977,35444
0.5300067430883345,35445
0.5303234501347709,35446
0.5306397306397307,35447
0.5302826379542396,35448
0.5305985205110961,35449
0.5309139784946236,35450
0.5305574210879785,35451
0.5302013422818792,35452
0.5298457411133467,35453
0.5301608579088471,35454
0.5298057602143336,35455
0.5301204819277109,35456
0.5304347826086957,35457
0.5300802139037433,35458
0.5303941215764864,35459
0.5307076101468625,35460
0.5310206804536357,35461
0.5313333333333333,35462
0.5316455696202531,35463
0.5312916111850865,35464
0.530938123752495,35465
0.5305851063829787,35466
0.5308970099667774,35467
0.5312084993359893,35468
0.5315195753151958,35469
0.5318302387267905,35470
0.5314777998674619,35471
0.5311258278145695,35472
0.5307743216412971,35473
0.5304232804232805,35474
0.5307336417713153,35475
0.5303830911492734,35476
0.53003300330033,35477
0.5296833773087071,35478
0.5293342122610415,35479
0.5296442687747036,35480
0.5299539170506913,35481
0.5296052631578947,35482
0.5292570677186061,35483
0.5289093298291722,35484
0.5292186474064347,35485
0.5295275590551181,35486
0.5291803278688525,35487
0.5288335517693316,35488
0.5291421087098886,35489
0.5294502617801047,35490
0.5291039895356442,35491
0.5287581699346405,35492
0.5290659699542782,35493
0.5287206266318538,35494
0.5290280495759948,35495
0.529335071707953,35496
0.5289902280130293,35497
0.5286458333333334,35498
0.5289525048796356,35499
0.52925877763329,35500
0.5289148797920727,35501
0.5292207792207793,35502
0.5288773523685918,35503
0.5285343709468223,35504
0.5281918340894362,35505
0.5284974093264249,35506
0.5288025889967638,35507
0.5284605433376456,35508
0.5281189398836458,35509
0.5277777777777778,35510
0.5280826339573919,35511
0.5283870967741936,35512
0.528046421663443,35513
0.5283505154639175,35514
0.5286542176432711,35515
0.528957528957529,35516
0.5286173633440514,35517
0.5282776349614395,35518
0.5279383429672447,35519
0.527599486521181,35520
0.5279025016035921,35521
0.5275641025641026,35522
0.5278667520819987,35523
0.5275288092189501,35524
0.527191298784389,35525
0.5268542199488491,35526
0.5271565495207667,35527
0.5268199233716475,35528
0.5264837268666241,35529
0.5267857142857143,35530
0.5270873167622689,35531
0.5273885350318471,35532
0.5270528325907066,35533
0.52735368956743,35534
0.5270184361093452,35535
0.5273189326556544,35536
0.526984126984127,35537
0.5266497461928934,35538
0.5269499048826887,35539
0.5272496831432193,35540
0.5275490816972768,35541
0.5272151898734178,35542
0.5268817204301075,35543
0.5265486725663717,35544
0.5268477574226152,35545
0.5265151515151515,35546
0.5261829652996846,35547
0.5264817150063051,35548
0.5267800882167611,35549
0.5264483627204031,35550
0.5267463813719321,35551
0.5270440251572327,35552
0.5267127592708988,35553
0.5263819095477387,35554
0.5266792215944758,35555
0.526348808030113,35556
0.5266457680250783,35557
0.5269423558897243,35558
0.5272385723231058,35559
0.5269086357947435,35560
0.5265791119449656,35561
0.52625,35562
0.5265459088069956,35563
0.5262172284644194,35564
0.5265127885215222,35565
0.5268079800498753,35566
0.5271028037383177,35567
0.526774595267746,35568
0.5264467952706907,35569
0.5261194029850746,35570
0.526413921690491,35571
0.5260869565217391,35572
0.526381129733085,35573
0.5266749379652605,35574
0.5269683818970862,35575
0.5266418835192069,35576
0.5269349845201239,35577
0.5266089108910891,35578
0.5269016697588126,35579
0.5265760197775031,35580
0.5268684373069796,35581
0.5271604938271605,35582
0.526835286859963,35583
0.5271270036991369,35584
0.5274183610597659,35585
0.5277093596059114,35586
0.5273846153846153,35587
0.527060270602706,35588
0.5267363245236631,35589
0.527027027027027,35590
0.5267034990791897,35591
0.5263803680981595,35592
0.5260576333537706,35593
0.5263480392156863,35594
0.5266380894060012,35595
0.5269277845777234,35596
0.5266055045871559,35597
0.5268948655256723,35598
0.5265729993891265,35599
0.5268620268620269,35600
0.5265405735204393,35601
0.526829268292683,35602
0.5271176112126752,35603
0.5267965895249695,35604
0.527084601339014,35605
0.5267639902676399,35606
0.5270516717325228,35607
0.5267314702308628,35608
0.5264116575591985,35609
0.5260922330097088,35610
0.5257731958762887,35611
0.526060606060606,35612
0.5263476680799516,35613
0.5266343825665859,35614
0.5263157894736842,35615
0.526602176541717,35616
0.5262839879154079,35617
0.5265700483091788,35618
0.5262522631261316,35619
0.525934861278649,35620
0.5262206148282098,35621
0.5265060240963856,35622
0.526791089704997,35623
0.5270758122743683,35624
0.5273601924233313,35625
0.5270432692307693,35626
0.5273273273273273,35627
0.5276110444177671,35628
0.5278944211157769,35629
0.5275779376498801,35630
0.5272618334331935,35631
0.5275449101796407,35632
0.5272292040694195,35633
0.5269138755980861,35634
0.5271966527196653,35635
0.5268817204301075,35636
0.5265671641791044,35637
0.5262529832935561,35638
0.5265354800238521,35639
0.5262216924910608,35640
0.5265038713519953,35641
0.5261904761904762,35642
0.5264723378941106,35643
0.5267538644470868,35644
0.5264408793820559,35645
0.5261282660332541,35646
0.5264094955489614,35647
0.5260972716488731,35648
0.5257854179016005,35649
0.5254739336492891,35650
0.5251628182356424,35651
0.5248520710059171,35652
0.524541691306919,35653
0.5242316784869976,35654
0.5245126993502658,35655
0.5242030696576151,35656
0.5244837758112094,35657
0.5241745283018868,35658
0.5244549204478491,35659
0.5241460541813898,35660
0.5244261330194232,35661
0.5247058823529411,35662
0.5243974132863022,35663
0.5240893066980024,35664
0.5237815619495009,35665
0.5234741784037559,35666
0.52316715542522,35667
0.5234466588511137,35668
0.523725834797891,35669
0.5234192037470726,35670
0.5231129315389117,35671
0.5228070175438596,35672
0.5225014611338399,35673
0.5227803738317757,35674
0.5224751897256276,35675
0.5221703617269545,35676
0.5224489795918368,35677
0.5227272727272727,35678
0.5224228305183459,35679
0.5227008149010477,35680
0.5223967422920303,35681
0.522093023255814,35682
0.5223707147007554,35683
0.5220673635307782,35684
0.522344747533372,35685
0.5220417633410673,35686
0.5217391304347826,35687
0.5214368482039398,35688
0.5211349160393747,35689
0.5208333333333334,35690
0.5205320994794679,35691
0.5208092485549133,35692
0.5210860774119006,35693
0.5213625866050808,35694
0.5216387766878245,35695
0.5219146482122261,35696
0.521613832853026,35697
0.5213133640552995,35698
0.5215889464594128,35699
0.5218642117376294,35700
0.5215641173087981,35701
0.521264367816092,35702
0.5215393452039058,35703
0.521239954075775,35704
0.5215146299483648,35705
0.5217889908256881,35706
0.5220630372492837,35707
0.5223367697594502,35708
0.522610188895249,35709
0.5223112128146453,35710
0.5220125786163522,35711
0.5217142857142857,35712
0.5219874357509994,35713
0.5222602739726028,35714
0.5219623502567028,35715
0.5222348916761688,35716
0.5219373219373219,35717
0.5216400911161732,35718
0.5213431986340353,35719
0.5216154721274175,35720
0.5213189312109153,35721
0.5215909090909091,35722
0.521862578080636,35723
0.5221339387060159,35724
0.5224049914917753,35725
0.5221088435374149,35726
0.5223796033994335,35727
0.522083805209513,35728
0.5217883418222977,35729
0.5220588235294118,35730
0.5223289994347089,35731
0.5220338983050847,35732
0.5217391304347826,35733
0.5220090293453724,35734
0.5217146080090242,35735
0.5214205186020293,35736
0.5216901408450704,35737
0.5219594594594594,35738
0.5216657287563309,35739
0.5219347581552306,35740
0.5216413715570545,35741
0.5219101123595505,35742
0.5221785513756316,35743
0.5218855218855218,35744
0.5221536735838475,35745
0.5224215246636771,35746
0.5221288515406163,35747
0.5223964165733482,35748
0.5226636821488528,35749
0.5223713646532439,35750
0.5220793739519285,35751
0.5217877094972067,35752
0.5220547180346176,35753
0.5223214285714286,35754
0.5220301171221416,35755
0.5217391304347826,35756
0.5220055710306407,35757
0.522271714922049,35758
0.5225375626043406,35759
0.5222469410456062,35760
0.5219566425792107,35761
0.5216666666666666,35762
0.5213770127706829,35763
0.521087680355161,35764
0.5213533000554631,35765
0.5216186252771619,35766
0.5213296398891967,35767
0.521594684385382,35768
0.5218594355285002,35769
0.5221238938053098,35770
0.5223880597014925,35771
0.5226519337016574,35772
0.5223633351739371,35773
0.5226269315673289,35774
0.5228902371759515,35775
0.5226019845644984,35776
0.5223140495867769,35777
0.5225770925110133,35778
0.5228398458998349,35779
0.523102310231023,35780
0.5233644859813084,35781
0.5236263736263737,35782
0.5233388248215266,35783
0.5236004390779363,35784
0.523861766319254,35785
0.5235745614035088,35786
0.5232876712328767,35787
0.5235487404162102,35788
0.5232621784345922,35789
0.5235229759299781,35790
0.523236741388737,35791
0.5234972677595628,35792
0.523211359912616,35793
0.5229257641921398,35794
0.5231860338243317,35795
0.5234460196292258,35796
0.5237057220708446,35797
0.5234204793028322,35798
0.5231355470876429,35799
0.5233949945593036,35800
0.5236541598694943,35801
0.5239130434782608,35802
0.5241716458446496,35803
0.5238870792616721,35804
0.5236028214867064,35805
0.5233188720173536,35806
0.5235772357723577,35807
0.5238353196099675,35808
0.5240931239848403,35809
0.5243506493506493,35810
0.5246078961600865,35811
0.5248648648648648,35812
0.5251215559157212,35813
0.5248380129589633,35814
0.5245547760388559,35815
0.5248112189859763,35816
0.525067385444744,35817
0.5247844827586207,35818
0.5245018847603662,35819
0.5247578040904198,35820
0.5250134480903712,35821
0.524731182795699,35822
0.5249865663621709,35823
0.5252416756176155,35824
0.5249597423510467,35825
0.5246781115879828,35826
0.524396782841823,35827
0.5246516613076099,35828
0.5249062667380825,35829
0.5251605995717344,35830
0.5254146602461209,35831
0.5256684491978609,35832
0.5259219668626403,35833
0.5261752136752137,35834
0.5264281900694073,35835
0.5261472785485592,35836
0.5258666666666667,35837
0.5261194029850746,35838
0.5263718700053277,35839
0.5260915867944622,35840
0.5263437998935604,35841
0.5260638297872341,35842
0.5257841573631047,35843
0.5260361317747078,35844
0.5257567711099309,35845
0.5254777070063694,35846
0.5257294429708222,35847
0.5254506892895016,35848
0.5257021727609963,35849
0.5254237288135594,35850
0.525145579671784,35851
0.5248677248677248,35852
0.5251189846641988,35853
0.5248414376321353,35854
0.5250924458531432,35855
0.5248152059134108,35856
0.525065963060686,35857
0.5247890295358649,35858
0.5245123879810226,35859
0.5247629083245522,35860
0.5250131648235914,35861
0.5247368421052632,35862
0.5244608100999474,35863
0.5241850683491062,35864
0.5244351024697845,35865
0.5241596638655462,35866
0.5244094488188976,35867
0.5241343126967472,35868
0.5243838489774515,35869
0.5241090146750524,35870
0.5243583027763227,35871
0.5246073298429319,35872
0.5248560962846677,35873
0.5251046025104602,35874
0.5253528489283847,35875
0.5256008359456635,35876
0.5258485639686684,35877
0.5260960334029228,35878
0.5263432446531038,35879
0.5260688216892596,35880
0.5263157894736842,35881
0.5260416666666666,35882
0.5262883914627798,35883
0.5260145681581686,35884
0.5262610504420177,35885
0.525987525987526,35886
0.5257142857142857,35887
0.5254413291796469,35888
0.5256875973015049,35889
0.5259336099585062,35890
0.5261793675479524,35891
0.5264248704663212,35892
0.5261522527187985,35893
0.525879917184265,35894
0.5261251939989653,35895
0.5258531540847984,35896
0.5260981912144703,35897
0.5258264462809917,35898
0.5260712441920495,35899
0.5257997936016512,35900
0.5255286230015472,35901
0.5252577319587629,35902
0.5249871200412158,35903
0.5247167868177137,35904
0.5249613998970664,35905
0.5252057613168725,35906
0.5249357326478149,35907
0.5246659815005139,35908
0.5249101181304571,35909
0.5251540041067762,35910
0.5253976398152899,35911
0.5256410256410257,35912
0.5253716043054844,35913
0.5251024590163934,35914
0.5248335893497184,35915
0.5250767656090072,35916
0.5253196930946291,35917
0.5255623721881391,35918
0.5252938170669392,35919
0.5255362614913177,35920
0.5257784583971414,35921
0.5255102040816326,35922
0.5257521672616012,35923
0.5259938837920489,35924
0.5257259296994397,35925
0.5254582484725051,35926
0.5251908396946565,35927
0.5249237029501526,35928
0.5246568378240977,35929
0.524390243902439,35930
0.5246317927882174,35931
0.5243654822335025,35932
0.5240994419076611,35933
0.5238336713995944,35934
0.523568170299037,35935
0.5233029381965553,35936
0.5230379746835443,35937
0.5227732793522267,35938
0.52250885179565,35939
0.5222446916076845,35940
0.5224861040929762,35941
0.5227272727272727,35942
0.5224634023220596,35943
0.5227043390514632,35944
0.5229450327786183,35945
0.5226814516129032,35946
0.5224181360201511,35947
0.5226586102719033,35948
0.5228988424760946,35949
0.5231388329979879,35950
0.5228758169934641,35951
0.5231155778894472,35952
0.5233550979407333,35953
0.5230923694779116,35954
0.523331660812845,35955
0.5235707121364093,35956
0.5233082706766917,35957
0.5235470941883767,35958
0.5232849273910867,35959
0.5235235235235235,35960
0.5232616308154077,35961
0.5235,35962
0.5232383808095952,35963
0.5234765234765235,35964
0.5237144283574638,35965
0.5234530938123753,35966
0.5236907730673317,35967
0.5239282153539382,35968
0.5236671649227703,35969
0.523406374501992,35970
0.5236436037829766,35971
0.5233830845771145,35972
0.5236200895077076,35973
0.5233598409542743,35974
0.5235966219572777,35975
0.5233366434955313,35976
0.5230769230769231,35977
0.5228174603174603,35978
0.5225582548339117,35979
0.522794846382557,35980
0.5230312035661219,35981
0.5227722772277228,35982
0.5230084116773874,35983
0.52324431256182,35984
0.522985664854177,35985
0.5227272727272727,35986
0.5224691358024691,35987
0.5222112537018756,35988
0.5219536260483473,35989
0.5216962524654832,35990
0.5219319862000986,35991
0.5216748768472906,35992
0.5214180206794683,35993
0.5216535433070866,35994
0.5213969503197246,35995
0.5216322517207473,35996
0.5213759213759214,35997
0.5216110019646365,35998
0.5213549337260678,35999
0.5215897939156036,36000
0.5213339872486513,36001
0.5215686274509804,36002
0.5218030377266046,36003
0.5215475024485798,36004
0.5212922173274597,36005
0.5215264187866928,36006
0.521760391198044,36007
0.5219941348973607,36008
0.5217391304347826,36009
0.521484375,36010
0.5217179111761835,36011
0.5214634146341464,36012
0.5216967333008289,36013
0.5219298245614035,36014
0.5221626887481734,36015
0.5223953261927945,36016
0.5221411192214112,36017
0.521887159533074,36018
0.5216334467671366,36019
0.521865889212828,36020
0.5216124332200097,36021
0.5213592233009708,36022
0.5215914604560893,36023
0.521823472356935,36024
0.521570528356762,36025
0.5218023255813954,36026
0.5215496368038741,36027
0.5217812197483059,36028
0.521528785679729,36029
0.5217601547388782,36030
0.5219913001449976,36031
0.5217391304347826,36032
0.521970062771608,36033
0.5217181467181468,36034
0.521948866377231,36035
0.5216972034715526,36036
0.5214457831325301,36037
0.5211946050096339,36038
0.5214251324025037,36039
0.5216554379210779,36040
0.5214045214045214,36041
0.5216346153846154,36042
0.5213839500240269,36043
0.521613832853026,36044
0.5213634181469035,36045
0.5211132437619962,36046
0.5213429256594724,36047
0.5215723873441994,36048
0.5218016291327264,36049
0.5220306513409961,36050
0.5222594542843466,36051
0.5220095693779905,36052
0.5222381635581061,36053
0.5224665391969407,36054
0.52269469660774,36055
0.5229226361031518,36056
0.5231503579952267,36057
0.5229007633587787,36058
0.5226514067715784,36059
0.5224022878932316,36060
0.5226298237255836,36061
0.5223809523809524,36062
0.5221323179438363,36063
0.5223596574690771,36064
0.5225867807893485,36065
0.5223384030418251,36066
0.5225653206650831,36067
0.5223171889838556,36068
0.5220692928334124,36069
0.5222960151802657,36070
0.5225225225225225,36071
0.5222748815165876,36072
0.5225011842728564,36073
0.5227272727272727,36074
0.522479886417416,36075
0.5227057710501419,36076
0.5229314420803782,36077
0.5226843100189036,36078
0.5229097779877184,36079
0.5231350330500472,36080
0.5228881547899953,36081
0.5226415094339623,36082
0.5228665723715229,36083
0.5226201696512723,36084
0.5223739990579369,36085
0.5225988700564972,36086
0.5228235294117647,36087
0.5230479774223895,36088
0.5232722143864598,36089
0.5234962406015038,36090
0.5232503522780648,36091
0.5234741784037559,36092
0.5236977944626936,36093
0.523921200750469,36094
0.5236755743084857,36095
0.5234301780693533,36096
0.5231850117096019,36097
0.5229400749063671,36098
0.5226953673373889,36099
0.5229186155285314,36100
0.522674146797569,36101
0.5224299065420561,36102
0.5226529659037833,36103
0.5228758169934641,36104
0.5226318245450303,36105
0.5228544776119403,36106
0.5226107226107226,36107
0.5228331780055918,36108
0.5225896599906846,36109
0.5228119180633147,36110
0.5225686365751512,36111
0.5227906976744187,36112
0.5225476522547652,36113
0.5223048327137546,36114
0.5220622387366466,36115
0.5218198700092851,36116
0.5220417633410673,36117
0.5217996289424861,36118
0.5220213259156236,36119
0.5217794253938832,36120
0.5220009263547939,36121
0.5222222222222223,36122
0.5219805645534474,36123
0.5217391304347826,36124
0.521497919556172,36125
0.5217190388170055,36126
0.5214780600461894,36127
0.5212373037857803,36128
0.5209967697277342,36129
0.5212177121771218,36130
0.520977408944214,36131
0.5211981566820276,36132
0.5209580838323353,36133
0.5207182320441989,36134
0.5209387942936033,36135
0.5211591536338547,36136
0.5213793103448275,36137
0.5215992647058824,36138
0.5218190169958659,36139
0.522038567493113,36140
0.5217989903625516,36141
0.5220183486238532,36142
0.5222375057313159,36143
0.5224564619615032,36144
0.5226752175904719,36145
0.5228937728937729,36146
0.5231121281464531,36147
0.5233302836230558,36148
0.5235482395976223,36149
0.523308957952468,36150
0.5230698949291914,36151
0.5232876712328767,36152
0.5230488361478777,36153
0.5228102189781022,36154
0.5225718194254446,36155
0.5227894257064722,36156
0.5225512528473805,36157
0.5227686703096539,36158
0.5229858898497952,36159
0.5227479526842584,36160
0.5225102319236017,36161
0.5227272727272727,36162
0.522489777373921,36163
0.522252497729337,36164
0.5224693599636859,36165
0.5222323049001815,36166
0.5219954648526077,36167
0.5222121486854034,36168
0.5219755323969189,36169
0.5221920289855072,36170
0.5224083295608872,36171
0.5226244343891403,36172
0.5228403437358661,36173
0.5226039783001808,36174
0.5223678264798916,36175
0.5225835591689251,36176
0.5223476297968397,36177
0.5221119133574007,36178
0.5218764095624718,36179
0.5220919747520288,36180
0.5223073456511942,36181
0.5225225225225225,36182
0.5222872579918956,36183
0.5225022502250225,36184
0.5222672064777328,36185
0.5224820143884892,36186
0.5226966292134831,36187
0.522911051212938,36188
0.5226762460709474,36189
0.5224416517055656,36190
0.522207267833109,36191
0.5224215246636771,36192
0.522635589421784,36193
0.5224014336917563,36194
0.5221674876847291,36195
0.5219337511190689,36196
0.5221476510067115,36197
0.5223613595706619,36198
0.5225748770675012,36199
0.5227882037533512,36200
0.5230013398838768,36201
0.5232142857142857,36202
0.5234270414993306,36203
0.5236396074933095,36204
0.5238519839500668,36205
0.5240641711229946,36206
0.5238307349665924,36207
0.5240427426536064,36208
0.5242545616377392,36209
0.5244661921708185,36210
0.5242329924410849,36211
0.5244444444444445,36212
0.5242114615726344,36213
0.5244227353463587,36214
0.5246338215712384,36215
0.5244010647737356,36216
0.5241685144124169,36217
0.5243794326241135,36218
0.5245901639344263,36219
0.524800708591674,36220
0.5250110668437362,36221
0.5247787610619469,36222
0.524546660769571,36223
0.5243147656940761,36224
0.5245249668581529,36225
0.5247349823321554,36226
0.5249448123620309,36227
0.5247131509267432,36228
0.5249228054697839,36229
0.5246913580246914,36230
0.5244601145879242,36231
0.5246696035242291,36232
0.5248789079700572,36233
0.5246478873239436,36234
0.5248570171579411,36235
0.525065963060686,36236
0.5248351648351648,36237
0.5246045694200352,36238
0.5248133509003075,36239
0.5245829675153644,36240
0.5247915752523037,36241
0.5245614035087719,36242
0.5247698377904428,36243
0.5245398773006135,36244
0.5243101182654402,36245
0.5245183887915937,36246
0.52472647702407,36247
0.5244969378827646,36248
0.524704853519895,36249
0.5244755244755245,36250
0.5246832678025338,36251
0.5244541484716158,36252
0.5246617197730249,36253
0.5244328097731239,36254
0.5242040994330571,36255
0.5244115082824761,36256
0.5246187363834423,36257
0.5248257839721254,36258
0.5245973008271658,36259
0.5248041775456919,36260
0.5245759025663332,36261
0.5247826086956522,36262
0.5245545415036941,36263
0.5243266724587315,36264
0.5240990013026487,36265
0.5238715277777778,36266
0.5240780911062907,36267
0.5238508239375542,36268
0.5240572171651495,36269
0.524263431542461,36270
0.5244694673018623,36271
0.5246753246753246,36272
0.5244482907832108,36273
0.5242214532871973,36274
0.5244271508862949,36275
0.5246326707000865,36276
0.5248380129589633,36277
0.5246113989637305,36278
0.524384980578334,36279
0.5241587575496117,36280
0.5239327296248383,36281
0.5241379310344828,36282
0.5243429556225765,36283
0.5241171403962102,36284
0.5238915195867413,36285
0.5240963855421686,36286
0.5243010752688172,36287
0.524505588993981,36288
0.5247099269445639,36289
0.5249140893470791,36290
0.5246887075998282,36291
0.524892703862661,36292
0.525096525096525,36293
0.5253001715265866,36294
0.5250750107158165,36295
0.5248500428449014,36296
0.5250535331905781,36297
0.5248287671232876,36298
0.5250320924261874,36299
0.5248075278015398,36300
0.5245831551945276,36301
0.5247863247863248,36302
0.5245621529261,36303
0.5243381725021349,36304
0.5241143832693128,36305
0.5243174061433447,36306
0.5240938166311301,36307
0.5238704177323104,36308
0.5240732850447379,36309
0.5238500851788757,36310
0.5240527884206045,36311
0.5242553191489362,36312
0.5240323266695024,36313
0.5242346938775511,36314
0.5240118997025074,36315
0.5237892948173322,36316
0.5235668789808917,36317
0.5237691001697793,36318
0.5235468816291896,36319
0.5233248515691263,36320
0.5235269181856719,36321
0.523728813559322,36322
0.5239305379076662,36323
0.5237087214225233,36324
0.5234870926787981,36325
0.5236886632825719,36326
0.5238900634249471,36327
0.5240912933220625,36328
0.5238698774820448,36329
0.5236486486486487,36330
0.5238497256226256,36331
0.5240506329113924,36332
0.5242513707296499,36333
0.524451939291737,36334
0.5242309313105773,36335
0.5244313395113732,36336
0.5242105263157895,36337
0.5244107744107744,36338
0.5246108540176694,36339
0.5248107653490328,36340
0.525010508617066,36341
0.5252100840336135,36342
0.5249895002099958,36343
0.5247691015952981,36344
0.5245488879563576,36345
0.524748322147651,36346
0.5245283018867924,36347
0.5243084660519698,36348
0.5240888144113951,36349
0.52428810720268,36350
0.5240686479698619,36351
0.5242677824267783,36352
0.5240485152655793,36353
0.5238294314381271,36354
0.5236105307145842,36355
0.5233918128654971,36356
0.5235908141962422,36357
0.5237896494156928,36358
0.523988318731748,36359
0.52418682235196,36360
0.5239683201333889,36361
0.52375,36362
0.5235318617242816,36363
0.5237302248126561,36364
0.5239284228048273,36365
0.5237104825291181,36366
0.5234927234927235,36367
0.5232751454696591,36368
0.5234732031574574,36369
0.5236710963455149,36370
0.5234537152345371,36371
0.5236514522821577,36372
0.5234342596433015,36373
0.5232172470978441,36374
0.5230004144218815,36375
0.5227837613918807,36376
0.5225672877846791,36377
0.5223509933774835,36378
0.522548613984278,36379
0.5223325062034739,36380
0.5221165770979743,36381
0.5223140495867769,36382
0.5220983064849236,36383
0.5218827415359207,36384
0.5220800660338424,36385
0.5222772277227723,36386
0.5220618556701031,36387
0.5218466611706513,36388
0.5220436753193243,36389
inf,36390
0.0,36391
0.0,36392
0.0,36393
0.25,36394
0.4,36395
0.5,36396
0.5714285714285714,36397
0.5,36398
0.5555555555555556,36399
0.5,36400
0.5454545454545454,36401
0.5833333333333334,36402
0.5384615384615384,36403
0.5,36404
0.4666666666666667,36405
0.5,36406
0.5294117647058824,36407
0.5555555555555556,36408
0.5789473684210527,36409
0.55,36410
0.5238095238095238,36411
0.5454545454545454,36412
0.5217391304347826,36413
0.5416666666666666,36414
0.52,36415
0.5384615384615384,36416
0.5185185185185185,36417
0.5357142857142857,36418
0.5517241379310345,36419
0.5666666666666667,36420
0.5806451612903226,36421
0.59375,36422
0.6060606060606061,36423
0.5882352941176471,36424
0.5714285714285714,36425
0.5833333333333334,36426
0.5675675675675675,36427
0.5789473684210527,36428
0.5897435897435898,36429
0.6,36430
0.6097560975609756,36431
0.6190476190476191,36432
0.627906976744186,36433
0.6136363636363636,36434
0.6,36435
0.5869565217391305,36436
0.5957446808510638,36437
0.6041666666666666,36438
0.6122448979591837,36439
0.62,36440
0.6274509803921569,36441
0.6153846153846154,36442
0.6226415094339622,36443
0.6111111111111112,36444
0.6,36445
0.5892857142857143,36446
0.5964912280701754,36447
0.603448275862069,36448
0.5932203389830508,36449
0.6,36450
0.6065573770491803,36451
0.6129032258064516,36452
0.6031746031746031,36453
0.609375,36454
0.6,36455
0.6060606060606061,36456
0.5970149253731343,36457
0.5882352941176471,36458
0.5797101449275363,36459
0.5714285714285714,36460
0.5774647887323944,36461
0.5833333333333334,36462
0.5753424657534246,36463
0.5675675675675675,36464
0.5733333333333334,36465
0.5789473684210527,36466
0.5714285714285714,36467
0.5769230769230769,36468
0.569620253164557,36469
0.5625,36470
0.5555555555555556,36471
0.5609756097560976,36472
0.5662650602409639,36473
0.5595238095238095,36474
0.5647058823529412,36475
0.5581395348837209,36476
0.5632183908045977,36477
0.5681818181818182,36478
0.5617977528089888,36479
0.5666666666666667,36480
0.5714285714285714,36481
0.5652173913043478,36482
0.5591397849462365,36483
0.5638297872340425,36484
0.5578947368421052,36485
0.5625,36486
0.5670103092783505,36487
0.5714285714285714,36488
0.5757575757575758,36489
0.58,36490
0.5742574257425742,36491
0.5784313725490197,36492
0.5728155339805825,36493
0.5673076923076923,36494
0.5714285714285714,36495
0.5754716981132075,36496
0.5794392523364486,36497
0.5833333333333334,36498
0.5871559633027523,36499
0.5909090909090909,36500
0.5855855855855856,36501
0.5803571428571429,36502
0.5752212389380531,36503
0.5789473684210527,36504
0.5826086956521739,36505
0.5775862068965517,36506
0.5726495726495726,36507
0.5677966101694916,36508
0.5714285714285714,36509
0.575,36510
0.5785123966942148,36511
0.5819672131147541,36512
0.5853658536585366,36513
0.5887096774193549,36514
0.592,36515
0.5952380952380952,36516
0.5984251968503937,36517
0.59375,36518
0.5968992248062015,36519
0.6,36520
0.5954198473282443,36521
0.5984848484848485,36522
0.6015037593984962,36523
0.6044776119402985,36524
0.6074074074074074,36525
0.6102941176470589,36526
0.6131386861313869,36527
0.6086956521739131,36528
0.60431654676259,36529
0.6,36530
0.6028368794326241,36531
0.6056338028169014,36532
0.6083916083916084,36533
0.6111111111111112,36534
0.6068965517241379,36535
0.6095890410958904,36536
0.6122448979591837,36537
0.6148648648648649,36538
0.6174496644295302,36539
0.6133333333333333,36540
0.6158940397350994,36541
0.6118421052631579,36542
0.6078431372549019,36543
0.6103896103896104,36544
0.6129032258064516,36545
0.6153846153846154,36546
0.6114649681528662,36547
0.6139240506329114,36548
0.610062893081761,36549
0.6125,36550
0.6149068322981367,36551
0.6172839506172839,36552
0.6134969325153374,36553
0.6097560975609756,36554
0.6060606060606061,36555
0.6024096385542169,36556
0.6047904191616766,36557
0.6071428571428571,36558
0.6035502958579881,36559
0.6058823529411764,36560
0.6081871345029239,36561
0.6046511627906976,36562
0.6011560693641619,36563
0.5977011494252874,36564
0.5942857142857143,36565
0.5965909090909091,36566
0.5988700564971752,36567
0.601123595505618,36568
0.6033519553072626,36569
0.6055555555555555,36570
0.6077348066298343,36571
0.6098901098901099,36572
0.6065573770491803,36573
0.6032608695652174,36574
0.6054054054054054,36575
0.6075268817204301,36576
0.6096256684491979,36577
0.6117021276595744,36578
0.6084656084656085,36579
0.6105263157894737,36580
0.6073298429319371,36581
0.6041666666666666,36582
0.6062176165803109,36583
0.6082474226804123,36584
0.6102564102564103,36585
0.6071428571428571,36586
0.6091370558375635,36587
0.6111111111111112,36588
0.6080402010050251,36589
0.61,36590
0.6119402985074627,36591
0.6138613861386139,36592
0.6157635467980296,36593
0.6176470588235294,36594
0.6195121951219512,36595
0.6213592233009708,36596
0.6183574879227053,36597
0.6153846153846154,36598
0.6124401913875598,36599
0.6142857142857143,36600
0.6161137440758294,36601
0.6179245283018868,36602
0.6150234741784038,36603
0.616822429906542,36604
0.6139534883720931,36605
0.6157407407407407,36606
0.6175115207373272,36607
0.6192660550458715,36608
0.6164383561643836,36609
0.6181818181818182,36610
0.6153846153846154,36611
0.6126126126126126,36612
0.6143497757847534,36613
0.6160714285714286,36614
0.6177777777777778,36615
0.6150442477876106,36616
0.6123348017621145,36617
0.6096491228070176,36618
0.611353711790393,36619
0.6086956521739131,36620
0.6103896103896104,36621
0.6120689655172413,36622
0.6094420600858369,36623
0.6111111111111112,36624
0.6085106382978723,36625
0.6059322033898306,36626
0.6075949367088608,36627
0.6092436974789915,36628
0.6108786610878661,36629
0.6083333333333333,36630
0.6099585062240664,36631
0.6115702479338843,36632
0.6131687242798354,36633
0.610655737704918,36634
0.6081632653061224,36635
0.6097560975609756,36636
0.611336032388664,36637
0.6088709677419355,36638
0.6104417670682731,36639
0.608,36640
0.6055776892430279,36641
0.6031746031746031,36642
0.6007905138339921,36643
0.6023622047244095,36644
0.6039215686274509,36645
0.60546875,36646
0.6070038910505836,36647
0.6085271317829457,36648
0.61003861003861,36649
0.6115384615384616,36650
0.6130268199233716,36651
0.6145038167938931,36652
0.6121673003802282,36653
0.6136363636363636,36654
0.6150943396226415,36655
0.6165413533834586,36656
0.6142322097378277,36657
0.6119402985074627,36658
0.6133828996282528,36659
0.6111111111111112,36660
0.6125461254612546,36661
0.6139705882352942,36662
0.6153846153846154,36663
0.6131386861313869,36664
0.6145454545454545,36665
0.6159420289855072,36666
0.6173285198555957,36667
0.6187050359712231,36668
0.6164874551971327,36669
0.6142857142857143,36670
0.6156583629893239,36671
0.6170212765957447,36672
0.6148409893992933,36673
0.6161971830985915,36674
0.6140350877192983,36675
0.6153846153846154,36676
0.6167247386759582,36677
0.6145833333333334,36678
0.615916955017301,36679
0.6137931034482759,36680
0.6151202749140894,36681
0.6164383561643836,36682
0.6177474402730375,36683
0.6156462585034014,36684
0.6169491525423729,36685
0.6148648648648649,36686
0.6161616161616161,36687
0.6174496644295302,36688
0.6187290969899666,36689
0.62,36690
0.6179401993355482,36691
0.6192052980132451,36692
0.6171617161716172,36693
0.6151315789473685,36694
0.6131147540983607,36695
0.6143790849673203,36696
0.6123778501628665,36697
0.6136363636363636,36698
0.6116504854368932,36699
0.6096774193548387,36700
0.6109324758842444,36701
0.6089743589743589,36702
0.6070287539936102,36703
0.6050955414012739,36704
0.6031746031746031,36705
0.6044303797468354,36706
0.6056782334384858,36707
0.6069182389937107,36708
0.6081504702194357,36709
0.609375,36710
0.6105919003115264,36711
0.6118012422360248,36712
0.6130030959752322,36713
0.6111111111111112,36714
0.6092307692307692,36715
0.6104294478527608,36716
0.6085626911314985,36717
0.6097560975609756,36718
0.6109422492401215,36719
0.6121212121212121,36720
0.6132930513595166,36721
0.6114457831325302,36722
0.6126126126126126,36723
0.6137724550898204,36724
0.6149253731343284,36725
0.6130952380952381,36726
0.6142433234421365,36727
0.6153846153846154,36728
0.616519174041298,36729
0.6176470588235294,36730
0.6158357771260997,36731
0.6140350877192983,36732
0.6151603498542274,36733
0.6162790697674418,36734
0.6173913043478261,36735
0.615606936416185,36736
0.6167146974063401,36737
0.6149425287356322,36738
0.6160458452722063,36739
0.6142857142857143,36740
0.6153846153846154,36741
0.6164772727272727,36742
0.6175637393767706,36743
0.615819209039548,36744
0.6169014084507042,36745
0.6151685393258427,36746
0.6162464985994398,36747
0.61731843575419,36748
0.6183844011142061,36749
0.6166666666666667,36750
0.6149584487534626,36751
0.6132596685082873,36752
0.6115702479338843,36753
0.6126373626373627,36754
0.6109589041095891,36755
0.6092896174863388,36756
0.6076294277929155,36757
0.6059782608695652,36758
0.6070460704607046,36759
0.6081081081081081,36760
0.6091644204851752,36761
0.6075268817204301,36762
0.6085790884718498,36763
0.6096256684491979,36764
0.6106666666666667,36765
0.6117021276595744,36766
0.610079575596817,36767
0.6084656084656085,36768
0.6094986807387863,36769
0.6078947368421053,36770
0.6089238845144357,36771
0.6073298429319371,36772
0.6057441253263708,36773
0.6067708333333334,36774
0.6051948051948052,36775
0.6036269430051814,36776
0.6046511627906976,36777
0.6056701030927835,36778
0.6066838046272494,36779
0.6076923076923076,36780
0.6061381074168798,36781
0.6071428571428571,36782
0.6081424936386769,36783
0.6091370558375635,36784
0.6075949367088608,36785
0.6085858585858586,36786
0.6095717884130982,36787
0.6105527638190955,36788
0.6090225563909775,36789
0.6075,36790
0.6059850374064838,36791
0.6044776119402985,36792
0.6054590570719603,36793
0.6064356435643564,36794
0.6074074074074074,36795
0.6083743842364532,36796
0.6093366093366094,36797
0.6078431372549019,36798
0.60880195599022,36799
0.6073170731707317,36800
0.6082725060827251,36801
0.6092233009708737,36802
0.6077481840193705,36803
0.606280193236715,36804
0.6072289156626506,36805
0.6081730769230769,36806
0.6091127098321343,36807
0.6076555023923444,36808
0.6085918854415274,36809
0.6095238095238096,36810
0.6080760095011877,36811
0.6090047393364929,36812
0.607565011820331,36813
0.6061320754716981,36814
0.6070588235294118,36815
0.6056338028169014,36816
0.6042154566744731,36817
0.6051401869158879,36818
0.6037296037296037,36819
0.6023255813953489,36820
0.6009280742459396,36821
0.6018518518518519,36822
0.6004618937644342,36823
0.6013824884792627,36824
0.6,36825
0.6009174311926605,36826
0.6018306636155606,36827
0.6027397260273972,36828
0.6036446469248291,36829
0.6045454545454545,36830
0.6054421768707483,36831
0.6063348416289592,36832
0.6049661399548533,36833
0.6036036036036037,36834
0.6022471910112359,36835
0.600896860986547,36836
0.6017897091722595,36837
0.6004464285714286,36838
0.5991091314031181,36839
0.6,36840
0.6008869179600886,36841
0.5995575221238938,36842
0.5982339955849889,36843
0.5991189427312775,36844
0.5978021978021978,36845
0.5986842105263158,36846
0.5973741794310722,36847
0.5960698689956332,36848
0.5947712418300654,36849
0.5934782608695652,36850
0.5943600867678959,36851
0.5930735930735931,36852
0.593952483801296,36853
0.5926724137931034,36854
0.5935483870967742,36855
0.5944206008583691,36856
0.5952890792291221,36857
0.5961538461538461,36858
0.5948827292110874,36859
0.5957446808510638,36860
0.5966029723991507,36861
0.5953389830508474,36862
0.5940803382663847,36863
0.5928270042194093,36864
0.5915789473684211,36865
0.5903361344537815,36866
0.5911949685534591,36867
0.5899581589958159,36868
0.5908141962421712,36869
0.5895833333333333,36870
0.5904365904365905,36871
0.5892116182572614,36872
0.587991718426501,36873
0.5867768595041323,36874
0.5876288659793815,36875
0.588477366255144,36876
0.5872689938398358,36877
0.5860655737704918,36878
0.5869120654396728,36879
0.5877551020408164,36880
0.5885947046843177,36881
0.5894308943089431,36882
0.5882352941176471,36883
0.5870445344129555,36884
0.5858585858585859,36885
0.5846774193548387,36886
0.5835010060362174,36887
0.5823293172690763,36888
0.5811623246492986,36889
0.582,36890
0.5828343313373253,36891
0.5816733067729084,36892
0.5825049701789264,36893
0.5833333333333334,36894
0.5841584158415841,36895
0.5849802371541502,36896
0.5857988165680473,36897
0.5846456692913385,36898
0.5834970530451866,36899
0.5823529411764706,36900
0.5831702544031311,36901
0.583984375,36902
0.5847953216374269,36903
0.5836575875486382,36904
0.5844660194174758,36905
0.5852713178294574,36906
0.586073500967118,36907
0.5868725868725869,36908
0.5857418111753372,36909
0.5865384615384616,36910
0.5854126679462572,36911
0.5862068965517241,36912
0.5850860420650096,36913
0.5858778625954199,36914
0.5866666666666667,36915
0.5855513307984791,36916
0.5863377609108159,36917
0.5871212121212122,36918
0.5860113421550095,36919
0.5867924528301887,36920
0.5856873822975518,36921
0.5864661654135338,36922
0.5853658536585366,36923
0.5842696629213483,36924
0.5831775700934579,36925
0.582089552238806,36926
0.5828677839851024,36927
0.5817843866171004,36928
0.5807050092764379,36929
0.5814814814814815,36930
0.5804066543438078,36931
0.5811808118081181,36932
0.580110497237569,36933
0.5790441176470589,36934
0.5779816513761468,36935
0.5787545787545788,36936
0.5795246800731262,36937
0.5802919708029197,36938
0.5792349726775956,36939
0.5781818181818181,36940
0.5771324863883848,36941
0.5760869565217391,36942
0.5750452079566004,36943
0.575812274368231,36944
0.5765765765765766,36945
0.5773381294964028,36946
0.578096947935368,36947
0.578853046594982,36948
0.5796064400715564,36949
0.5803571428571429,36950
0.5793226381461676,36951
0.5800711743772242,36952
0.5808170515097691,36953
0.5797872340425532,36954
0.5805309734513274,36955
0.5812720848056537,36956
0.5802469135802469,36957
0.5809859154929577,36958
0.5799648506151143,36959
0.5789473684210527,36960
0.5779334500875657,36961
0.5769230769230769,36962
0.5759162303664922,36963
0.5749128919860628,36964
0.5756521739130435,36965
0.5746527777777778,36966
0.5736568457538995,36967
0.5743944636678201,36968
0.5734024179620034,36969
0.5724137931034483,36970
0.5714285714285714,36971
0.570446735395189,36972
0.5694682675814752,36973
0.5702054794520548,36974
0.5709401709401709,36975
0.5716723549488054,36976
0.5706984667802385,36977
0.5714285714285714,36978
0.5704584040747029,36979
0.5694915254237288,36980
0.5702199661590525,36981
0.5692567567567568,36982
0.5699831365935919,36983
0.569023569023569,36984
0.5680672268907563,36985
0.5671140939597316,36986
0.5661641541038526,36987
0.5668896321070234,36988
0.5676126878130217,36989
0.5683333333333334,36990
0.5690515806988353,36991
0.5681063122923588,36992
0.5688225538971807,36993
0.5695364238410596,36994
0.5685950413223141,36995
0.5693069306930693,36996
0.5700164744645799,36997
0.5707236842105263,36998
0.5714285714285714,36999
0.5721311475409836,37000
0.5728314238952537,37001
0.5735294117647058,37002
0.5742251223491027,37003
0.5732899022801303,37004
0.5723577235772358,37005
0.573051948051948,37006
0.5737439222042139,37007
0.5744336569579288,37008
0.5751211631663974,37009
0.5758064516129032,37010
0.5764895330112721,37011
0.5755627009646302,37012
0.5746388443017657,37013
0.5737179487179487,37014
0.5728,37015
0.5734824281150159,37016
0.5741626794258373,37017
0.5732484076433121,37018
0.5723370429252782,37019
0.5714285714285714,37020
0.5705229793977813,37021
0.569620253164557,37022
0.5703001579778831,37023
0.5694006309148265,37024
0.5700787401574803,37025
0.5707547169811321,37026
0.5698587127158555,37027
0.5705329153605015,37028
0.5696400625978091,37029
0.5703125,37030
0.5709828393135725,37031
0.5700934579439252,37032
0.5707620528771384,37033
0.5698757763975155,37034
0.5689922480620155,37035
0.5681114551083591,37036
0.5672333848531684,37037
0.566358024691358,37038
0.5670261941448382,37039
0.5661538461538461,37040
0.565284178187404,37041
0.5659509202453987,37042
0.5666156202143952,37043
0.5672782874617737,37044
0.5679389312977099,37045
0.5670731707317073,37046
0.5677321156773212,37047
0.5668693009118541,37048
0.5660091047040972,37049
0.5666666666666667,37050
0.5658093797276853,37051
0.5649546827794562,37052
0.5656108597285068,37053
0.5662650602409639,37054
0.5669172932330827,37055
0.566066066066066,37056
0.5652173913043478,37057
0.5658682634730539,37058
0.5665171898355755,37059
0.5656716417910448,37060
0.5663189269746647,37061
0.5669642857142857,37062
0.5661218424962853,37063
0.5652818991097923,37064
0.5659259259259259,37065
0.5665680473372781,37066
0.5672082717872969,37067
0.5678466076696165,37068
0.5684830633284241,37069
0.5691176470588235,37070
0.5682819383259912,37071
0.5674486803519062,37072
0.5666178623718887,37073
0.5672514619883041,37074
0.5664233576642336,37075
0.565597667638484,37076
0.5647743813682679,37077
0.563953488372093,37078
0.5631349782293179,37079
0.563768115942029,37080
0.5629522431259045,37081
0.5635838150289018,37082
0.5627705627705628,37083
0.5634005763688761,37084
0.5640287769784172,37085
0.5632183908045977,37086
0.563845050215208,37087
0.5630372492836676,37088
0.5636623748211731,37089
0.5628571428571428,37090
0.5620542082738944,37091
0.5626780626780626,37092
0.5633001422475107,37093
0.5639204545454546,37094
0.5645390070921986,37095
0.5651558073654391,37096
0.5657708628005658,37097
0.5663841807909604,37098
0.5655853314527504,37099
0.5661971830985916,37100
0.5668073136427567,37101
0.5660112359550562,37102
0.5652173913043478,37103
0.5658263305322129,37104
0.5664335664335665,37105
0.5656424581005587,37106
0.5648535564853556,37107
0.564066852367688,37108
0.5632823365785814,37109
0.5625,37110
0.5631067961165048,37111
0.5623268698060941,37112
0.5615491009681881,37113
0.5621546961325967,37114
0.5627586206896552,37115
0.5633608815426997,37116
0.5639614855570839,37117
0.5631868131868132,37118
0.5624142661179699,37119
0.5616438356164384,37120
0.560875512995896,37121
0.5614754098360656,37122
0.5620736698499318,37123
0.5613079019073569,37124
0.5619047619047619,37125
0.5625,37126
0.5630936227951153,37127
0.5623306233062331,37128
0.5629228687415426,37129
0.5635135135135135,37130
0.562753036437247,37131
0.5619946091644205,37132
0.5612382234185733,37133
0.5618279569892473,37134
0.5610738255033557,37135
0.5603217158176944,37136
0.5609103078982597,37137
0.5614973262032086,37138
0.5607476635514018,37139
0.56,37140
0.559254327563249,37141
0.5598404255319149,37142
0.5604249667994687,37143
0.5596816976127321,37144
0.5602649006622517,37145
0.5608465608465608,37146
0.5614266842800528,37147
0.5606860158311345,37148
0.5612648221343873,37149
0.5618421052631579,37150
0.5624178712220762,37151
0.562992125984252,37152
0.563564875491481,37153
0.5641361256544503,37154
0.5647058823529412,37155
0.5639686684073107,37156
0.5632333767926988,37157
0.5638020833333334,37158
0.5630689206762028,37159
0.5636363636363636,37160
0.562905317769131,37161
0.5634715025906736,37162
0.5627425614489003,37163
0.562015503875969,37164
0.5625806451612904,37165
0.5618556701030928,37166
0.5611325611325612,37167
0.5604113110539846,37168
0.5609756097560976,37169
0.5602564102564103,37170
0.5608194622279129,37171
0.5613810741687979,37172
0.561941251596424,37173
0.5612244897959183,37174
0.5605095541401274,37175
0.5610687022900763,37176
0.5603557814485387,37177
0.5609137055837563,37178
0.5614702154626109,37179
0.5620253164556962,37180
0.5625790139064475,37181
0.5618686868686869,37182
0.562421185372005,37183
0.5629722921914357,37184
0.5622641509433962,37185
0.5628140703517588,37186
0.5633626097867002,37187
0.5639097744360902,37188
0.5632040050062578,37189
0.56375,37190
0.5642946317103621,37191
0.5635910224438903,37192
0.564134495641345,37193
0.5646766169154229,37194
0.5639751552795031,37195
0.5632754342431762,37196
0.5625774473358116,37197
0.5618811881188119,37198
0.5624227441285538,37199
0.5617283950617284,37200
0.562268803945746,37201
0.5615763546798029,37202
0.5608856088560885,37203
0.5601965601965602,37204
0.5607361963190184,37205
0.5612745098039216,37206
0.5618115055079559,37207
0.5623471882640587,37208
0.5616605616605617,37209
0.5621951219512196,37210
0.561510353227771,37211
0.5608272506082725,37212
0.5613608748481167,37213
0.5606796116504854,37214
0.5612121212121212,37215
0.5617433414043583,37216
0.5610640870616687,37217
0.5603864734299517,37218
0.5609167671893848,37219
0.5614457831325301,37220
0.5607701564380265,37221
0.5612980769230769,37222
0.56062424969988,37223
0.5599520383693045,37224
0.5592814371257485,37225
0.5598086124401914,37226
0.5603345280764636,37227
0.5596658711217184,37228
0.5601907032181168,37229
0.5595238095238095,37230
0.558858501783591,37231
0.5581947743467933,37232
0.5587188612099644,37233
0.5592417061611374,37234
0.5597633136094674,37235
0.5602836879432624,37236
0.5596221959858324,37237
0.5601415094339622,37238
0.5606595995288575,37239
0.5611764705882353,37240
0.5616921269095182,37241
0.5610328638497653,37242
0.5603751465416178,37243
0.5608899297423887,37244
0.5614035087719298,37245
0.5607476635514018,37246
0.5612602100350058,37247
0.5617715617715617,37248
0.5622817229336438,37249
0.5627906976744186,37250
0.562137049941928,37251
0.5626450116009281,37252
0.5631517960602549,37253
0.5625,37254
0.5630057803468208,37255
0.5635103926096998,37256
0.5628604382929643,37257
0.5633640552995391,37258
0.5627157652474108,37259
0.5632183908045977,37260
0.5625717566016073,37261
0.5619266055045872,37262
0.561282932416953,37263
0.5606407322654462,37264
0.56,37265
0.5593607305936074,37266
0.5587229190421893,37267
0.5592255125284739,37268
0.558589306029579,37269
0.5579545454545455,37270
0.5573212258796821,37271
0.5566893424036281,37272
0.5571913929784824,37273
0.5576923076923077,37274
0.5570621468926553,37275
0.5564334085778782,37276
0.5569334836527621,37277
0.5563063063063063,37278
0.5568053993250843,37279
0.5561797752808989,37280
0.5555555555555556,37281
0.554932735426009,37282
0.5543113101903695,37283
0.5536912751677853,37284
0.5541899441340782,37285
0.5535714285714286,37286
0.5529542920847269,37287
0.5534521158129176,37288
0.5528364849833148,37289
0.5533333333333333,37290
0.5527192008879024,37291
0.5532150776053215,37292
0.5537098560354374,37293
0.5542035398230089,37294
0.5535911602209945,37295
0.5529801324503312,37296
0.5523704520396913,37297
0.552863436123348,37298
0.5533553355335533,37299
0.5527472527472528,37300
0.5521405049396267,37301
0.5526315789473685,37302
0.5531215772179627,37303
0.5525164113785558,37304
0.5530054644808743,37305
0.5534934497816594,37306
0.5539803707742639,37307
0.5544662309368191,37308
0.5538628944504896,37309
0.5543478260869565,37310
0.5548317046688382,37311
0.5553145336225597,37312
0.5547128927410617,37313
0.5551948051948052,37314
0.5545945945945946,37315
0.5539956803455723,37316
0.5544768069039914,37317
0.5538793103448276,37318
0.5543595263724435,37319
0.5548387096774193,37320
0.5553168635875403,37321
0.555793991416309,37322
0.5562700964630225,37323
0.5556745182012848,37324
0.5550802139037433,37325
0.5555555555555556,37326
0.5560298826040555,37327
0.5554371002132196,37328
0.5559105431309904,37329
0.5563829787234043,37330
0.5557917109458024,37331
0.5552016985138004,37332
0.5556733828207847,37333
0.5561440677966102,37334
0.5555555555555556,37335
0.5560253699788583,37336
0.5564941921858501,37337
0.5559071729957806,37338
0.5553213909378293,37339
0.5547368421052632,37340
0.5541535226077813,37341
0.5546218487394958,37342
0.5550891920251836,37343
0.5545073375262054,37344
0.5539267015706806,37345
0.553347280334728,37346
0.5538140020898642,37347
0.5542797494780793,37348
0.5547445255474452,37349
0.5552083333333333,37350
0.5556711758584808,37351
0.5550935550935551,37352
0.5545171339563862,37353
0.5549792531120332,37354
0.555440414507772,37355
0.5548654244306418,37356
0.5553257497414684,37357
0.5547520661157025,37358
0.5541795665634675,37359
0.5536082474226804,37360
0.5540679711637487,37361
0.5534979423868313,37362
0.5539568345323741,37363
0.5544147843942505,37364
0.5548717948717948,37365
0.555327868852459,37366
0.5547594677584442,37367
0.5541922290388548,37368
0.5536261491317671,37369
0.5530612244897959,37370
0.5535168195718655,37371
0.5529531568228105,37372
0.5534079348931842,37373
0.5538617886178862,37374
0.5532994923857868,37375
0.552738336713996,37376
0.5521783181357649,37377
0.5516194331983806,37378
0.5510616784630941,37379
0.5515151515151515,37380
0.5509586276488395,37381
0.5514112903225806,37382
0.5518630412890232,37383
0.5523138832997988,37384
0.5527638190954773,37385
0.5522088353413654,37386
0.5526579739217653,37387
0.5531062124248497,37388
0.5525525525525525,37389
0.552,37390
0.5524475524475524,37391
0.5528942115768463,37392
0.5533399800598205,37393
0.5537848605577689,37394
0.554228855721393,37395
0.5536779324055666,37396
0.5541211519364448,37397
0.5535714285714286,37398
0.554013875123885,37399
0.5534653465346535,37400
0.5539070227497527,37401
0.5533596837944664,37402
0.5538005923000987,37403
0.5542406311637081,37404
0.554679802955665,37405
0.5541338582677166,37406
0.5545722713864307,37407
0.5550098231827112,37408
0.5554465161923454,37409
0.5558823529411765,37410
0.5563173359451518,37411
0.5557729941291585,37412
0.5562072336265884,37413
0.556640625,37414
0.5560975609756098,37415
0.5555555555555556,37416
0.5559883154819864,37417
0.556420233463035,37418
0.5568513119533528,37419
0.5572815533980583,37420
0.5577109602327837,37421
0.5581395348837209,37422
0.5575992255566312,37423
0.5570599613152805,37424
0.5565217391304348,37425
0.556949806949807,37426
0.5573770491803278,37427
0.5578034682080925,37428
0.5582290664100096,37429
0.5576923076923077,37430
0.5571565802113353,37431
0.5575815738963532,37432
0.5570469798657718,37433
0.5574712643678161,37434
0.5578947368421052,37435
0.5583173996175909,37436
0.5587392550143266,37437
0.558206106870229,37438
0.5586272640610105,37439
0.5580952380952381,37440
0.5575642245480494,37441
0.5579847908745247,37442
0.5584045584045584,37443
0.5588235294117647,37444
0.5582938388625592,37445
0.5577651515151515,37446
0.5581835383159887,37447
0.558601134215501,37448
0.5580736543909348,37449
0.5584905660377358,37450
0.5579641847313855,37451
0.5574387947269304,37452
0.5569143932267169,37453
0.5573308270676691,37454
0.5568075117370892,37455
0.5562851782363978,37456
0.5567010309278351,37457
0.5571161048689138,37458
0.5565949485500468,37459
0.5560747663551402,37460
0.5555555555555556,37461
0.5559701492537313,37462
0.5563839701770736,37463
0.5567970204841713,37464
0.5562790697674419,37465
0.5557620817843866,37466
0.5561745589600743,37467
0.5565862708719852,37468
0.556997219647822,37469
0.5564814814814815,37470
0.5559666975023126,37471
0.555452865064695,37472
0.5558633425669437,37473
0.5562730627306273,37474
0.5566820276497696,37475
0.5570902394106814,37476
0.5565777368905244,37477
0.5560661764705882,37478
0.5555555555555556,37479
0.555045871559633,37480
0.5545371219065078,37481
0.554945054945055,37482
0.5544373284537969,37483
0.5548446069469836,37484
0.554337899543379,37485
0.5538321167883211,37486
0.5533272561531449,37487
0.5537340619307832,37488
0.5532302092811647,37489
0.5527272727272727,37490
0.5522252497729337,37491
0.5517241379310345,37492
0.5521305530371714,37493
0.552536231884058,37494
0.5529411764705883,37495
0.5524412296564195,37496
0.5519421860885275,37497
0.5523465703971119,37498
0.5527502254283138,37499
0.5522522522522523,37500
0.5517551755175517,37501
0.5512589928057554,37502
0.550763701707098,37503
0.5511669658886894,37504
0.5515695067264574,37505
0.5519713261648745,37506
0.5514771709937332,37507
0.5509838998211091,37508
0.5513851653261841,37509
0.5508928571428572,37510
0.5504014272970562,37511
0.5499108734402852,37512
0.5494211932324132,37513
0.5498220640569395,37514
0.5493333333333333,37515
0.5488454706927176,37516
0.54924578527063,37517
0.5487588652482269,37518
0.5482728077945084,37519
0.5486725663716814,37520
0.5490716180371353,37521
0.549469964664311,37522
0.5498676081200353,37523
0.5493827160493827,37524
0.5497797356828193,37525
0.5501760563380281,37526
0.5505716798592788,37527
0.5509666080843585,37528
0.5513608428446005,37529
0.5508771929824562,37530
0.5503943908851884,37531
0.5507880910683012,37532
0.5511811023622047,37533
0.5506993006993007,37534
0.5502183406113537,37535
0.5497382198952879,37536
0.5501307759372276,37537
0.5496515679442509,37538
0.5500435161009574,37539
0.5495652173913044,37540
0.5499565595134666,37541
0.5494791666666666,37542
0.5498699045967043,37543
0.550259965337955,37544
0.5497835497835498,37545
0.5493079584775087,37546
0.5488331892826275,37547
0.5492227979274611,37548
0.548748921484038,37549
0.5491379310344827,37550
0.5486649440137812,37551
0.5490533562822719,37552
0.5494411006018917,37553
0.5489690721649485,37554
0.5493562231759657,37555
0.5497427101200686,37556
0.5492716366752356,37557
0.5488013698630136,37558
0.5491873396065012,37559
0.5487179487179488,37560
0.5482493595217762,37561
0.5486348122866894,37562
0.5481670929241261,37563
0.5485519591141397,37564
0.5480851063829787,37565
0.5476190476190477,37566
0.5471537807986406,37567
0.5475382003395586,37568
0.5470737913486005,37569
0.5466101694915254,37570
0.5469940728196444,37571
0.5465313028764806,37572
0.5469146238377007,37573
0.5472972972972973,37574
0.5468354430379747,37575
0.5463743676222597,37576
0.5467565290648694,37577
0.5471380471380471,37578
0.5475189234650967,37579
0.5478991596638656,37580
0.5482787573467675,37581
0.5478187919463087,37582
0.5473595976529757,37583
0.5469011725293133,37584
0.5472803347280335,37585
0.5468227424749164,37586
0.5463659147869674,37587
0.5467445742904842,37588
0.5471226021684737,37589
0.5466666666666666,37590
0.5462114904246461,37591
0.5465890183028286,37592
0.5461346633416458,37593
0.5465116279069767,37594
0.546058091286307,37595
0.5456053067993366,37596
0.5451532725766363,37597
0.5447019867549668,37598
0.5450785773366419,37599
0.5446280991735537,37600
0.5441783649876135,37601
0.5445544554455446,37602
0.5449299258037923,37603
0.5453047775947282,37604
0.5456790123456791,37605
0.5460526315789473,37606
0.5456039441248973,37607
0.5451559934318555,37608
0.5455291222313372,37609
0.5459016393442623,37610
0.5454545454545454,37611
0.5450081833060556,37612
0.5453802125919869,37613
0.545751633986928,37614
0.5453061224489796,37615
0.5456769983686787,37616
0.5460472697636511,37617
0.5464169381107492,37618
0.5459723352318958,37619
0.5463414634146342,37620
0.545897644191714,37621
0.5454545454545454,37622
0.5450121654501217,37623
0.5453808752025932,37624
0.545748987854251,37625
0.5453074433656958,37626
0.5448666127728375,37627
0.5452342487883683,37628
0.5447941888619855,37629
0.5451612903225806,37630
0.5447219983883964,37631
0.5450885668276972,37632
0.5454545454545454,37633
0.545016077170418,37634
0.5453815261044177,37635
0.5457463884430177,37636
0.545308740978348,37637
0.5448717948717948,37638
0.5452361889511609,37639
0.5456,37640
0.5459632294164668,37641
0.5463258785942492,37642
0.5466879489225858,37643
0.5470494417862839,37644
0.546613545816733,37645
0.5461783439490446,37646
0.5465393794749404,37647
0.5468998410174881,37648
0.5464654487688642,37649
0.546031746031746,37650
0.5463917525773195,37651
0.5467511885895404,37652
0.5471100554235946,37653
0.5474683544303798,37654
0.5470355731225296,37655
0.54739336492891,37656
0.5469613259668509,37657
0.5473186119873817,37658
0.5476753349093775,37659
0.5480314960629922,37660
0.5476003147128246,37661
0.5479559748427673,37662
0.5483110761979576,37663
0.5486656200941915,37664
0.548235294117647,37665
0.54858934169279,37666
0.5489428347689899,37667
0.5485133020344288,37668
0.5480844409695075,37669
0.54765625,37670
0.5480093676814989,37671
0.5483619344773791,37672
0.54871395167576,37673
0.5482866043613707,37674
0.5478599221789884,37675
0.5482115085536547,37676
0.5477855477855478,37677
0.5481366459627329,37678
0.5484871993793639,37679
0.5488372093023256,37680
0.5491866769945778,37681
0.5495356037151703,37682
0.5498839907192575,37683
0.5494590417310664,37684
0.549034749034749,37685
0.5486111111111112,37686
0.5481881264456437,37687
0.5477657935285054,37688
0.5473441108545035,37689
0.5476923076923077,37690
0.5480399692544197,37691
0.5483870967741935,37692
0.5487336914811972,37693
0.549079754601227,37694
0.5494252873563218,37695
0.5490045941807045,37696
0.5485845447589901,37697
0.5489296636085627,37698
0.5485103132161956,37699
0.5480916030534351,37700
0.547673531655225,37701
0.5472560975609756,37702
0.5468392993145469,37703
0.5464231354642314,37704
0.5467680608365019,37705
0.547112462006079,37706
0.5474563401670464,37707
0.5477996965098634,37708
0.5473843821076573,37709
0.5477272727272727,37710
0.5473126419379258,37711
0.5476550680786687,37712
0.54724111866969,37713
0.547583081570997,37714
0.5479245283018868,37715
0.5475113122171946,37716
0.5470987189148455,37717
0.5474397590361446,37718
0.5477802859292701,37719
0.5473684210526316,37720
0.5469571750563486,37721
0.5465465465465466,37722
0.5461365341335334,37723
0.5464767616191905,37724
0.5468164794007491,37725
0.5464071856287425,37726
0.5459985041136873,37727
0.546337817638266,37728
0.5459297983569829,37729
0.5462686567164179,37730
0.5458612975391499,37731
0.5454545454545454,37732
0.5457930007446017,37733
0.5461309523809523,37734
0.5464684014869888,37735
0.5460624071322436,37736
0.5463994060876021,37737
0.5467359050445104,37738
0.5470719051148999,37739
0.5474074074074075,37740
0.5470022205773502,37741
0.5465976331360947,37742
0.5469327420546932,37743
0.5465288035450517,37744
0.5468634686346864,37745
0.5471976401179941,37746
0.5475313190862195,37747
0.5478645066273933,37748
0.5474613686534217,37749
0.5477941176470589,37750
0.5481263776634827,37751
0.5477239353891337,37752
0.5473220836390316,37753
0.5469208211143695,37754
0.5472527472527473,37755
0.5468521229868228,37756
0.5464520848573519,37757
0.5467836257309941,37758
0.5471146822498174,37759
0.5474452554744526,37760
0.5477753464624362,37761
0.5481049562682215,37762
0.5477057538237436,37763
0.5473071324599709,37764
0.5476363636363636,37765
0.5479651162790697,37766
0.5482933914306464,37767
0.5478955007256894,37768
0.5482233502538071,37769
0.5485507246376812,37770
0.5488776249094859,37771
0.5492040520984081,37772
0.549530007230658,37773
0.5498554913294798,37774
0.5494584837545127,37775
0.5497835497835498,37776
0.5501081470800289,37777
0.5497118155619597,37778
0.5500359971202304,37779
0.5503597122302158,37780
0.5499640546369519,37781
0.5502873563218391,37782
0.5498923187365399,37783
0.5494978479196556,37784
0.5498207885304659,37785
0.5501432664756447,37786
0.5504652827487473,37787
0.550071530758226,37788
0.5496783416726233,37789
0.55,37790
0.550321199143469,37791
0.5499286733238231,37792
0.5502494654312188,37793
0.5505698005698005,37794
0.5508896797153024,37795
0.5512091038406828,37796
0.5515280739161336,37797
0.5511363636363636,37798
0.5514549325762953,37799
0.551063829787234,37800
0.5513819985825655,37801
0.5509915014164306,37802
0.5506015569709837,37803
0.5502121640735502,37804
0.550530035335689,37805
0.5501412429378532,37806
0.5497529992942837,37807
0.5493653032440057,37808
0.5489781536293165,37809
0.5492957746478874,37810
0.5489092188599578,37811
0.5492264416315049,37812
0.5488404778636683,37813
0.5484550561797753,37814
0.5487719298245614,37815
0.5490883590462833,37816
0.5487035739313244,37817
0.5490196078431373,37818
0.5486354093771868,37819
0.5482517482517483,37820
0.5485674353598882,37821
0.5481843575418994,37822
0.5478018143754362,37823
0.5481171548117155,37824
0.5484320557491289,37825
0.5487465181058496,37826
0.5490605427974948,37827
0.5493741307371349,37828
0.5496872828353023,37829
0.55,37830
0.5503122831367107,37831
0.5499306518723994,37832
0.5502425502425502,37833
0.5498614958448753,37834
0.5494809688581315,37835
0.5491009681881052,37836
0.5494125777470629,37837
0.5497237569060773,37838
0.549344375431332,37839
0.5496551724137931,37840
0.5499655410062027,37841
0.5495867768595041,37842
0.5498967653131452,37843
0.5495185694635488,37844
0.5498281786941581,37845
0.5501373626373627,37846
0.55044612216884,37847
0.5500685871056241,37848
0.5503769705277587,37849
0.5506849315068493,37850
0.5503080082135524,37851
0.5506155950752394,37852
0.5502392344497608,37853
0.5505464480874317,37854
0.5501706484641639,37855
0.5497953615279673,37856
0.5494205862304021,37857
0.5490463215258855,37858
0.549353301565691,37859
0.5489795918367347,37860
0.549286199864038,37861
0.5489130434782609,37862
0.548540393754243,37863
0.5481682496607869,37864
0.5477966101694915,37865
0.5474254742547425,37866
0.5477318889641164,37867
0.5480378890392422,37868
0.5476673427991886,37869
0.5472972972972973,37870
0.5469277515192438,37871
0.5465587044534413,37872
0.5468644639244774,37873
0.5464959568733153,37874
0.5468013468013468,37875
0.5471063257065949,37876
0.5474108944182918,37877
0.5477150537634409,37878
0.5480188045668234,37879
0.5483221476510067,37880
0.5479543930248155,37881
0.5482573726541555,37882
0.5478901540522438,37883
0.5475234270414994,37884
0.5478260869565217,37885
0.5481283422459893,37886
0.5484301937207748,37887
0.5487316421895861,37888
0.5483655770513676,37889
0.5486666666666666,37890
0.5483011325782812,37891
0.5486018641810919,37892
0.5489021956087824,37893
0.5492021276595744,37894
0.5495016611295681,37895
0.549800796812749,37896
0.5500995355009953,37897
0.5503978779840849,37898
0.5500331345261763,37899
0.5503311258278145,37900
0.5499669093315684,37901
0.5502645502645502,37902
0.550561797752809,37903
0.5501981505944518,37904
0.5498349834983498,37905
0.5501319261213721,37906
0.5497692814765985,37907
0.5500658761528326,37908
0.5503620803159973,37909
0.55,37910
0.5502958579881657,37911
0.5499342969776609,37912
0.5495732107682206,37913
0.5492125984251969,37914
0.5495081967213115,37915
0.5491480996068152,37916
0.5487884741322855,37917
0.5484293193717278,37918
0.5487246566383257,37919
0.5483660130718955,37920
0.5486610058785107,37921
0.5489556135770235,37922
0.5492498369210698,37923
0.5495436766623207,37924
0.549185667752443,37925
0.5494791666666666,37926
0.5491216655823032,37927
0.5487646293888166,37928
0.548408057179987,37929
0.548051948051948,37930
0.5476963011031798,37931
0.5473411154345007,37932
0.5469863901490603,37933
0.5472797927461139,37934
0.5475728155339806,37935
0.5472186287192755,37936
0.5468648998060762,37937
0.5465116279069767,37938
0.5461588121368625,37939
0.5458064516129032,37940
0.5454545454545454,37941
0.5457474226804123,37942
0.5460399227301996,37943
0.5463320463320464,37944
0.5459807073954984,37945
0.5462724935732648,37946
0.5459216441875402,37947
0.5455712451861361,37948
0.5458627325208467,37949
0.5461538461538461,37950
0.5458039718129404,37951
0.5454545454545454,37952
0.54510556621881,37953
0.5453964194373402,37954
0.5456869009584665,37955
0.545338441890166,37956
0.5456285896617741,37957
0.5459183673469388,37958
0.5462077756532824,37959
0.5464968152866242,37960
0.5467854869509866,37961
0.5470737913486005,37962
0.5467260012714558,37963
0.5463786531130876,37964
0.5466666666666666,37965
0.5469543147208121,37966
0.5466074825618262,37967
0.5468948035487959,37968
0.5471817606079797,37969
0.5468354430379747,37970
0.5471220746363061,37971
0.5474083438685209,37972
0.5470625394819962,37973
0.5467171717171717,37974
0.546372239747634,37975
0.5466582597730139,37976
0.5469439193446755,37977
0.5472292191435768,37978
0.5468848332284456,37979
0.5471698113207547,37980
0.5474544311753614,37981
0.5477386934673367,37982
0.5473948524795983,37983
0.5470514429109159,37984
0.5473354231974922,37985
0.5476190476190477,37986
0.5472761427676894,37987
0.5469336670838548,37988
0.5472170106316447,37989
0.5475,37990
0.5477826358525921,37991
0.5480649188514357,37992
0.5483468496568933,37993
0.5486284289276808,37994
0.5482866043613707,37995
0.547945205479452,37996
0.5482265090230243,37997
0.5485074626865671,37998
0.5487880671224363,37999
0.5490683229813664,38000
0.5487274984481688,38001
0.5490074441687345,38002
0.5492870427774333,38003
0.5495662949194547,38004
0.5492260061919505,38005
0.5495049504950495,38006
0.549165120593692,38007
0.5488257107540173,38008
0.5491043854231007,38009
0.5487654320987654,38010
0.5490438001233806,38011
0.5493218249075216,38012
0.5495995070856439,38013
0.5498768472906403,38014
0.5495384615384615,38015
0.5498154981549815,38016
0.5494775660725261,38017
0.5497542997542998,38018
0.5500306936771026,38019
0.5503067484662577,38020
0.5499693439607602,38021
0.5496323529411765,38022
0.5499081445192896,38023
0.5495716034271726,38024
0.5498470948012233,38025
0.5501222493887531,38026
0.5497861942577886,38027
0.5494505494505495,38028
0.5491153142159854,38029
0.5493902439024391,38030
0.5496648385131018,38031
0.5499390986601705,38032
0.5502130249543518,38033
0.5498783454987834,38034
0.5495440729483283,38035
0.5492102065613609,38036
0.5494839101396478,38037
0.5497572815533981,38038
0.5494238932686477,38039
0.5496969696969697,38040
0.549969715324046,38041
0.5502421307506054,38042
0.5505142165759226,38043
0.5507859733978234,38044
0.5504531722054381,38045
0.5501207729468599,38046
0.5503922751961376,38047
0.5500603136308806,38048
0.5503315250150693,38049
0.55,38050
0.5496688741721855,38051
0.549338146811071,38052
0.5490078171978352,38053
0.5492788461538461,38054
0.548948948948949,38055
0.5492196878751501,38056
0.5494901019796041,38057
0.5491606714628298,38058
0.548831635710006,38059
0.5491017964071856,38060
0.5487731897067624,38061
0.5490430622009569,38062
0.548714883442917,38063
0.548984468339307,38064
0.5492537313432836,38065
0.548926014319809,38066
0.5491949910554562,38067
0.5494636471990465,38068
0.5491363907087552,38069
0.549404761904762,38070
0.5490779298036883,38071
0.5487514863258026,38072
0.5484254307783719,38073
0.5486935866983373,38074
0.5483679525222552,38075
0.5486358244365361,38076
0.5483106105512745,38077
0.5485781990521327,38078
0.5482534043812907,38079
0.5479289940828402,38080
0.547604967474867,38081
0.5472813238770685,38082
0.5469580626107502,38083
0.5472255017709563,38084
0.5469026548672566,38085
0.5465801886792453,38086
0.5468473777253977,38087
0.5471142520612485,38088
0.5467922307239552,38089
0.5464705882352942,38090
0.5461493239271017,38091
0.545828437132785,38092
0.546095126247798,38093
0.545774647887324,38094
0.5454545454545454,38095
0.5451348182883939,38096
0.5448154657293497,38097
0.5450819672131147,38098
0.545348156816852,38099
0.5456140350877193,38100
0.5452951490356517,38101
0.5455607476635514,38102
0.545826036193812,38103
0.5460910151691949,38104
0.5457725947521865,38105
0.546037296037296,38106
0.5463016889924287,38107
0.5465657741559954,38108
0.5468295520651542,38109
0.5465116279069767,38110
0.5461940732132481,38111
0.5458768873403019,38112
0.5461404526987812,38113
0.5464037122969838,38114
0.5460869565217391,38115
0.5463499420625724,38116
0.5466126230457441,38117
0.546875,38118
0.5471370734528629,38119
0.5473988439306359,38120
0.5476603119584056,38121
0.5473441108545035,38122
0.5470282746682055,38123
0.5467128027681661,38124
0.5469740634005764,38125
0.5466589861751152,38126
0.5463442717328728,38127
0.546029919447641,38128
0.5457159286946521,38129
0.5454022988505747,38130
0.5456634118322803,38131
0.5459242250287026,38132
0.5461847389558233,38133
0.5464449541284404,38134
0.5461318051575931,38135
0.5463917525773195,38136
0.5466514024041214,38137
0.5463386727688787,38138
0.5460263007432818,38139
0.5462857142857143,38140
0.5465448315248429,38141
0.5468036529680366,38142
0.547062179121506,38143
0.5467502850627138,38144
0.5464387464387465,38145
0.5461275626423691,38146
0.5463858850313034,38147
0.5460750853242321,38148
0.5457646389994315,38149
0.5460227272727273,38150
0.5462805224304372,38151
0.5465380249716232,38152
0.5467952353942144,38153
0.546485260770975,38154
0.546742209631728,38155
0.5469988674971688,38156
0.5472552348613469,38157
0.5469457013574661,38158
0.5472018089315998,38159
0.5468926553672316,38160
0.5471485036702428,38161
0.5468397291196389,38162
0.5465313028764806,38163
0.5462232243517474,38164
0.5464788732394367,38165
0.5467342342342343,38166
0.5469893078221723,38167
0.547244094488189,38168
0.5474985947161327,38169
0.547752808988764,38170
0.5480067377877597,38171
0.5482603815937149,38172
0.5479528883903534,38173
0.547645739910314,38174
0.5478991596638656,38175
0.5481522956326987,38176
0.5478455512031337,38177
0.5475391498881432,38178
0.5472330911123533,38179
0.5469273743016759,38180
0.5471803461753211,38181
0.5474330357142857,38182
0.54712771890686,38183
0.5468227424749164,38184
0.5465181058495822,38185
0.5462138084632516,38186
0.5459098497495827,38187
0.5461624026696329,38188
0.5458588104502501,38189
0.5455555555555556,38190
0.5452526374236535,38191
0.5455049944506104,38192
0.5457570715474209,38193
0.5460088691796009,38194
0.5462603878116343,38195
0.5459579180509413,38196
0.5462091864969563,38197
0.5464601769911505,38198
0.546710889994472,38199
0.5464088397790056,38200
0.5461071231363888,38201
0.5463576158940397,38202
0.5460562603419746,38203
0.5463065049614112,38204
0.5460055096418733,38205
0.545704845814978,38206
0.5459548706659328,38207
0.5456545654565457,38208
0.5453545904343046,38209
0.545054945054945,38210
0.5453047775947282,38211
0.5455543358946213,38212
0.5452550740537575,38213
0.5455043859649122,38214
0.5452054794520548,38215
0.5449069003285871,38216
0.5446086480569239,38217
0.5448577680525164,38218
0.5451066156369601,38219
0.5448087431693989,38220
0.5450573457127252,38221
0.5453056768558951,38222
0.5455537370430987,38223
0.5458015267175572,38224
0.5460490463215258,38225
0.5462962962962963,38226
0.5465432770821992,38227
0.5462459194776932,38228
0.5464926590538336,38229
0.5467391304347826,38230
0.5469853340575774,38231
0.5466883821932682,38232
0.5463917525773195,38233
0.5466377440347071,38234
0.5468834688346883,38235
0.5471289274106176,38236
0.5468327016783974,38237
0.5465367965367965,38238
0.5462412114656571,38239
0.5459459459459459,38240
0.5456509994597515,38241
0.5453563714902808,38242
0.5450620615218564,38243
0.5453074433656958,38244
0.5455525606469003,38245
0.5452586206896551,38246
0.5449649973074852,38247
0.5452099031216362,38248
0.5454545454545454,38249
0.5451612903225806,38250
0.5454056958624396,38251
0.5451127819548872,38252
0.5453569511540526,38253
0.5456008583690987,38254
0.5453083109919571,38255
0.545016077170418,38256
0.5452597750401714,38257
0.5455032119914347,38258
0.545211342964152,38259
0.5449197860962567,38260
0.5451630144307856,38261
0.5448717948717948,38262
0.5451147891083823,38263
0.5448239060832444,38264
0.5450666666666667,38265
0.5447761194029851,38266
0.5444858817261587,38267
0.5447284345047924,38268
0.5449707291112293,38269
0.5452127659574468,38270
0.5454545454545454,38271
0.5456960680127524,38272
0.5454062665958577,38273
0.5451167728237792,38274
0.5448275862068965,38275
0.545068928950159,38276
0.5453100158982512,38277
0.5455508474576272,38278
0.5457914240338804,38279
0.546031746031746,38280
0.5462718138551031,38281
0.5465116279069767,38282
0.5462229265715794,38283
0.545934530095037,38284
0.545646437994723,38285
0.5458860759493671,38286
0.5461254612546126,38287
0.5458377239199157,38288
0.545550289626119,38289
0.5457894736842105,38290
0.545502367175171,38291
0.5457413249211357,38292
0.5459800315291645,38293
0.5462184873949579,38294
0.5459317585301837,38295
0.5461699895068206,38296
0.5464079706345044,38297
0.5461215932914046,38298
0.5463593504452593,38299
0.5460732984293194,38300
0.5463108320251178,38301
0.5460251046025104,38302
0.545739675901725,38303
0.5454545454545454,38304
0.5451697127937337,38305
0.5454070981210856,38306
0.5451225873761085,38307
0.5448383733055265,38308
0.5450755601875977,38309
0.5453125,38310
0.5450286309213951,38311
0.5452653485952134,38312
0.5449817992719709,38313
0.5446985446985447,38314
0.5449350649350649,38315
0.5451713395638629,38316
0.5454073689673067,38317
0.5456431535269709,38318
0.545360290305858,38319
0.5450777202072539,38320
0.5453133091662351,38321
0.5450310559006211,38322
0.5447490946714951,38323
0.5449844881075491,38324
0.544702842377261,38325
0.5449380165289256,38326
0.5451729478575116,38327
0.544891640866873,38328
0.5446106240330068,38329
0.5448453608247422,38330
0.5450798557444616,38331
0.5453141091658085,38332
0.5455481214616572,38333
0.5457818930041153,38334
0.5460154241645244,38335
0.5462487153134635,38336
0.5464817668207499,38337
0.5467145790554415,38338
0.5464340687532068,38339
0.5466666666666666,38340
0.5468990261404408,38341
0.5471311475409836,38342
0.547363031233999,38343
0.5475946775844421,38344
0.5478260869565217,38345
0.5475460122699386,38346
0.5477772100153296,38347
0.5474974463738509,38348
0.5477284328739153,38349
0.5479591836734694,38350
0.5481896991330953,38351
0.5479102956167177,38352
0.5476311767702496,38353
0.5478615071283096,38354
0.5475826972010178,38355
0.5473041709053916,38356
0.5475343162175902,38357
0.5477642276422764,38358
0.547486033519553,38359
0.5477157360406092,38360
0.547945205479452,38361
0.5476673427991886,38362
0.5473897617840852,38363
0.5476190476190477,38364
0.5478481012658228,38365
0.5480769230769231,38366
0.5483055134041477,38367
0.5485338725985844,38368
0.5482566953006569,38369
0.547979797979798,38370
0.5477031802120141,38371
0.5479313824419778,38372
0.5481593545133636,38373
0.547883064516129,38374
0.548110831234257,38375
0.5483383685800605,38376
0.5480624056366381,38377
0.5482897384305835,38378
0.5480140774258422,38379
0.5477386934673367,38380
0.5479658463083877,38381
0.5481927710843374,38382
0.5484194681384847,38383
0.5486459378134403,38384
0.5483709273182957,38385
0.5480961923847696,38386
0.5483224837255883,38387
0.5480480480480481,38388
0.5477738869434717,38389
0.5475,38390
0.5477261369315343,38391
0.5474525474525475,38392
0.5476784822765851,38393
0.5474051896207585,38394
0.5471321695760598,38395
0.5473579262213359,38396
0.5475834578973593,38397
0.5473107569721115,38398
0.547536087605774,38399
0.5472636815920398,38400
0.5469915464942815,38401
0.5467196819085487,38402
0.546448087431694,38403
0.5461767626613704,38404
0.5464019851116625,38405
0.5466269841269841,38406
0.5463559742191373,38407
0.5460852329038652,38408
0.5458147597820703,38409
0.5455445544554456,38410
0.545274616526472,38411
0.5454995054401582,38412
0.5452298566485417,38413
0.5449604743083004,38414
0.5446913580246914,38415
0.5444225074037512,38416
0.5441539220522941,38417
0.5443786982248521,38418
0.5441103992114342,38419
0.5443349753694581,38420
0.5445593303791236,38421
0.5447834645669292,38422
0.544515494343335,38423
0.5442477876106194,38424
0.543980343980344,38425
0.543713163064833,38426
0.5439371624938635,38427
0.5441609421000981,38428
0.5438940657184894,38429
0.5441176470588235,38430
0.5443410093091622,38431
0.5440744368266406,38432
0.544297601566324,38433
0.5440313111545988,38434
0.5437652811735941,38435
0.5434995112414467,38436
0.5437225207620908,38437
0.54345703125,38438
0.5436798438262567,38439
0.5434146341463415,38440
0.5436372501218918,38441
0.543859649122807,38442
0.5435947394057477,38443
0.5438169425511198,38444
0.5440389294403893,38445
0.5437743190661478,38446
0.543509965969859,38447
0.543245869776482,38448
0.5434677027683341,38449
0.5432038834951456,38450
0.5434255215914604,38451
0.5431619786614937,38452
0.5433834222006786,38453
0.5436046511627907,38454
0.5438256658595642,38455
0.5435624394966118,38456
0.5432994678277697,38457
0.5435203094777563,38458
0.5432576123731271,38459
0.5434782608695652,38460
0.5436986962819894,38461
0.5434362934362934,38462
0.543174143753015,38463
0.5433944069431051,38464
0.5431325301204819,38465
0.5433526011560693,38466
0.5430909966297545,38467
0.5428296438883542,38468
0.543049543049543,38469
0.5427884615384615,38470
0.5430081691494474,38471
0.5432276657060519,38472
0.543446951512242,38473
0.5431861804222649,38474
0.5434052757793765,38475
0.5431447746883988,38476
0.5433636799233349,38477
0.5435823754789272,38478
0.543322163714696,38479
0.5435406698564593,38480
0.5432807269249164,38481
0.5434990439770554,38482
0.5432393693263259,38483
0.5434574976122254,38484
0.5436754176610978,38485
0.5434160305343512,38486
0.5436337625178826,38487
0.5433746425166825,38488
0.543592186755598,38489
0.5433333333333333,38490
0.5430747263207997,38491
0.5428163653663178,38492
0.5425582501188778,38493
0.5427756653992395,38494
0.5425178147268409,38495
0.5427350427350427,38496
0.5424774560987186,38497
0.5422201138519924,38498
0.5424371740161213,38499
0.542654028436019,38500
0.5423969682614874,38501
0.5426136363636364,38502
0.5423568386180786,38503
0.5425733207190161,38504
0.5423167848699764,38505
0.5425330812854442,38506
0.5422768068020785,38507
0.5420207743153919,38508
0.5422369042000944,38509
0.5419811320754717,38510
0.5421970768505422,38511
0.5419415645617343,38512
0.5421573245407443,38513
0.5419020715630886,38514
0.5421176470588235,38515
0.541862652869238,38516
0.5420780441937001,38517
0.5418233082706767,38518
0.5420385157350869,38519
0.5417840375586854,38520
0.5419990614734866,38521
0.5417448405253283,38522
0.5414908579465542,38523
0.5412371134020618,38524
0.5414519906323185,38525
0.5411985018726592,38526
0.541413196069256,38527
0.5416276894293732,38528
0.5418419822346892,38529
0.541588785046729,38530
0.541802895843064,38531
0.542016806722689,38532
0.542230517965469,38533
0.5424440298507462,38534
0.5421911421911422,38535
0.5424044734389561,38536
0.5421518397764322,38537
0.542364990689013,38538
0.5421126105165193,38539
0.5423255813953488,38540
0.5425383542538355,38541
0.5427509293680297,38542
0.5424988388295402,38543
0.542246982358403,38544
0.5424593967517402,38545
0.5422077922077922,38546
0.5424200278164116,38547
0.5426320667284523,38548
0.5423807318202871,38549
0.5425925925925926,38550
0.5428042572882924,38551
0.5430157261794635,38552
0.5427646786870088,38553
0.5429759704251387,38554
0.5427251732101617,38555
0.5424746075715605,38556
0.5422242731887402,38557
0.5424354243542435,38558
0.5421853388658368,38559
0.5423963133640552,38560
0.5426070935052971,38561
0.5428176795580111,38562
0.5425678785089738,38563
0.5427782888684453,38564
0.5429885057471264,38565
0.5431985294117647,38566
0.5434083601286174,38567
0.5436179981634527,38568
0.5438274437815511,38569
0.5440366972477064,38570
0.5442457588262265,38571
0.5444546287809349,38572
0.5446633073751718,38573
0.5448717948717948,38574
0.5450800915331808,38575
0.5452881976212259,38576
0.5454961133973479,38577
0.5452468007312614,38578
0.5454545454545454,38579
0.545662100456621,38580
0.5454130534002738,38581
0.5451642335766423,38582
0.5453716370269038,38583
0.5455788514129444,38584
0.5453302961275627,38585
0.5455373406193078,38586
0.5457441966317707,38587
0.545950864422202,38588
0.5461573442473852,38589
0.5463636363636364,38590
0.546569741026806,38591
0.5463215258855586,38592
0.5465274625510668,38593
0.5467332123411979,38594
0.546485260770975,38595
0.5462375339981868,38596
0.5464431354780245,38597
0.5466485507246377,38598
0.5464010864644635,38599
0.5466063348416289,38600
0.5463591135232926,38601
0.546112115732369,38602
0.5463172164482603,38603
0.5460704607046071,38604
0.54627539503386,38605
0.5464801444043321,38606
0.5466847090663058,38607
0.5468890892696122,38608
0.5466426318161334,38609
0.5468468468468468,38610
0.5466006303466907,38611
0.5463546354635463,38612
0.5465587044534413,38613
0.5463129496402878,38614
0.5465168539325843,38615
0.5467205750224619,38616
0.5469241131567131,38617
0.5466786355475763,38618
0.5468820098698968,38619
0.5466367713004484,38620
0.5468399820708203,38621
0.5470430107526881,38622
0.5467980295566502,38623
0.5465532676812892,38624
0.5467561521252796,38625
0.5465116279069767,38626
0.5462673223066608,38627
0.5460232350312779,38628
0.5457793657882983,38629
0.5459821428571429,38630
0.5457385095939313,38631
0.5459411239964318,38632
0.5461435577351761,38633
0.5459001782531194,38634
0.5456570155902004,38635
0.5458593054318789,38636
0.5456163773920784,38637
0.5453736654804271,38638
0.5455758114717653,38639
0.5453333333333333,38640
0.5450910706352732,38641
0.5448490230905861,38642
0.5446071904127829,38643
0.5443655723158829,38644
0.5445676274944568,38645
0.5443262411347518,38646
0.5445281346920691,38647
0.5447298494242693,38648
0.5449313855688358,38649
0.5446902654867256,38650
0.5444493586908448,38651
0.5446507515473032,38652
0.5448519664162615,38653
0.5446113074204947,38654
0.5443708609271524,38655
0.5441306266548985,38656
0.5438906043228937,38657
0.5436507936507936,38658
0.5434111943587483,38659
0.5436123348017621,38660
0.543813298106561,38661
0.5435739436619719,38662
0.5437747470303563,38663
0.5435356200527705,38664
0.5432967032967033,38665
0.5430579964850615,38666
0.5428194993412385,38667
0.5430201931518877,38668
0.5432207108380869,38669
0.5434210526315789,38670
0.5431828145550197,38671
0.5433829973707275,38672
0.5435830048182216,38673
0.5433450087565674,38674
0.5431072210065645,38675
0.5428696412948382,38676
0.5430695233930913,38677
0.5432692307692307,38678
0.5430318916557448,38679
0.5432314410480349,38680
0.5434308162374509,38681
0.543630017452007,38682
0.5433929350196249,38683
0.5431560592850916,38684
0.543355119825708,38685
0.5435540069686411,38686
0.543317370483239,38687
0.5430809399477807,38688
0.542844715093519,38689
0.542608695652174,38690
0.5428074750108648,38691
0.5425716768027802,38692
0.542336083369518,38693
0.5421006944444444,38694
0.5418655097613883,38695
0.5420641803989592,38696
0.5422626788036411,38697
0.5420277296360485,38698
0.541792983975747,38699
0.5415584415584416,38700
0.5417568152315015,38701
0.5415224913494809,38702
0.5417207090358841,38703
0.541486603284356,38704
0.5416846652267818,38705
0.5414507772020726,38706
0.5416486836426413,38707
0.5414150129421915,38708
0.5411815437688658,38709
0.5413793103448276,38710
0.5415769065058165,38711
0.541343669250646,38712
0.5411106328024107,38713
0.5408777969018933,38714
0.5410752688172042,38715
0.5408426483233018,38716
0.5410399656209712,38717
0.5412371134020618,38718
0.5414340918849292,38719
0.5412017167381974,38720
0.5413985413985414,38721
0.5415951972555746,38722
0.541791684526361,38723
0.5415595544130248,38724
0.5413276231263383,38725
0.541095890410959,38726
0.5412922550278134,38727
0.5410607356715141,38728
0.5412569474134246,38729
0.541025641025641,38730
0.5407945322511747,38731
0.5409906063193851,38732
0.541186513017499,38733
0.5413822525597269,38734
0.5415778251599147,38735
0.5413469735720375,38736
0.5415423945462292,38737
0.5417376490630323,38738
0.5419327373350362,38739
0.5421276595744681,38740
0.54189706507869,38741
0.5420918367346939,38742
0.542286442838929,38743
0.5420560747663551,38744
0.5422505307855626,38745
0.5420203735144312,38746
0.5417904115400933,38747
0.5415606446140797,38748
0.5417549809241204,38749
0.5415254237288135,38750
0.5412960609911055,38751
0.5414902624894158,38752
0.5416842996191282,38753
0.5414551607445008,38754
0.5416490486257928,38755
0.5414201183431953,38756
0.541191381495564,38757
0.5409628378378378,38758
0.5411566061629379,38759
0.5413502109704641,38760
0.5415436524673134,38761
0.5417369308600337,38762
0.5419300463548251,38763
0.5417017691659646,38764
0.5418947368421053,38765
0.5416666666666666,38766
0.5414387883887253,38767
0.5416316232127838,38768
0.5414039512400168,38769
0.5415966386554621,38770
0.5417891642167156,38771
0.5419815281276238,38772
0.5421737305916912,38773
0.5419463087248322,38774
0.5421383647798742,38775
0.5419111483654652,38776
0.5416841223292836,38777
0.5414572864321608,38778
0.5416492256174131,38779
0.5414225941422595,38780
0.5416143872856546,38781
0.5413879598662207,38782
0.5411617216882574,38783
0.5413533834586466,38784
0.5411273486430063,38785
0.5409015025041736,38786
0.541093032957864,38787
0.5412844036697247,38788
0.5414756148395165,38789
0.5416666666666666,38790
0.5418575593502707,38791
0.5420482930890924,38792
0.5422388680815647,38793
0.5424292845257903,38794
0.5426195426195426,38795
0.542809642560266,38796
0.542584129621936,38797
0.542358803986711,38798
0.5425487754254877,38799
0.5423236514522821,38800
0.5425134798838657,38801
0.5427031509121062,38802
0.5428926647326979,38803
0.5430820215410108,38804
