prediction,game_index
0.0,1
0.5,2
0.3333333333333333,3
0.5,4
0.6,5
0.6666666666666666,6
0.5714285714285714,7
0.625,8
0.6666666666666666,9
0.7,10
0.7272727272727273,11
0.75,12
0.6923076923076923,13
0.6428571428571429,14
0.6666666666666666,15
0.6875,16
0.7058823529411765,17
0.7222222222222222,18
0.6842105263157895,19
0.65,20
0.6666666666666666,21
0.6363636363636364,22
0.6521739130434783,23
0.625,24
0.64,25
0.6153846153846154,26
0.6296296296296297,27
0.6071428571428571,28
0.5862068965517241,29
0.5666666666666667,30
0.5806451612903226,31
0.59375,32
0.6060606060606061,33
0.6176470588235294,34
0.6,35
0.6111111111111112,36
0.5945945945945946,37
0.5789473684210527,38
0.5641025641025641,39
0.575,40
0.5609756097560976,41
0.5714285714285714,42
0.5813953488372093,43
0.5909090909090909,44
0.5777777777777777,45
0.5869565217391305,46
0.5957446808510638,47
0.5833333333333334,48
0.5918367346938775,49
0.6,50
0.6078431372549019,51
0.6153846153846154,52
0.6037735849056604,53
0.6111111111111112,54
0.6181818181818182,55
0.625,56
0.6140350877192983,57
0.603448275862069,58
0.6101694915254238,59
0.6166666666666667,60
0.6229508196721312,61
0.6290322580645161,62
0.6349206349206349,63
0.640625,64
0.6461538461538462,65
0.6363636363636364,66
0.6417910447761194,67
0.6470588235294118,68
0.6521739130434783,69
0.6571428571428571,70
0.647887323943662,71
0.6527777777777778,72
0.6575342465753424,73
0.6621621621621622,74
0.6533333333333333,75
0.6578947368421053,76
0.6623376623376623,77
0.6538461538461539,78
0.6582278481012658,79
0.65,80
0.654320987654321,81
0.6585365853658537,82
0.6506024096385542,83
0.6547619047619048,84
0.6470588235294118,85
0.6511627906976745,86
0.6551724137931034,87
0.6590909090909091,88
0.651685393258427,89
0.6555555555555556,90
0.6593406593406593,91
0.6630434782608695,92
0.6559139784946236,93
0.648936170212766,94
0.6526315789473685,95
0.6458333333333334,96
0.6494845360824743,97
0.6530612244897959,98
0.6565656565656566,99
0.65,100
0.6534653465346535,101
0.6470588235294118,102
0.6504854368932039,103
0.6442307692307693,104
0.638095238095238,105
0.6415094339622641,106
0.6448598130841121,107
0.6388888888888888,108
0.6330275229357798,109
0.6363636363636364,110
0.6306306306306306,111
0.625,112
0.6283185840707964,113
0.6228070175438597,114
0.6173913043478261,115
0.6120689655172413,116
0.6153846153846154,117
0.6101694915254238,118
0.6134453781512605,119
0.6083333333333333,120
0.6033057851239669,121
0.6065573770491803,122
0.6097560975609756,123
0.6129032258064516,124
0.608,125
0.6111111111111112,126
0.6141732283464567,127
0.6171875,128
0.6201550387596899,129
0.6230769230769231,130
0.6183206106870229,131
0.6212121212121212,132
0.6240601503759399,133
0.6268656716417911,134
0.6296296296296297,135
0.6323529411764706,136
0.635036496350365,137
0.6376811594202898,138
0.6402877697841727,139
0.6428571428571429,140
0.6453900709219859,141
0.647887323943662,142
0.6503496503496503,143
0.6527777777777778,144
0.6551724137931034,145
0.6506849315068494,146
0.6462585034013606,147
0.6486486486486487,148
0.6510067114093959,149
0.6533333333333333,150
0.6490066225165563,151
0.6513157894736842,152
0.6535947712418301,153
0.6493506493506493,154
0.6516129032258065,155
0.6538461538461539,156
0.6560509554140127,157
0.6582278481012658,158
0.660377358490566,159
0.6625,160
0.6583850931677019,161
0.654320987654321,162
0.656441717791411,163
0.6524390243902439,164
0.6484848484848484,165
0.6506024096385542,166
0.6526946107784432,167
0.6547619047619048,168
0.650887573964497,169
0.6470588235294118,170
0.6432748538011696,171
0.6453488372093024,172
0.6416184971098265,173
0.6379310344827587,174
0.64,175
0.6363636363636364,176
0.6384180790960452,177
0.6348314606741573,178
0.6368715083798883,179
0.6333333333333333,180
0.6353591160220995,181
0.6373626373626373,182
0.639344262295082,183
0.6413043478260869,184
0.6378378378378379,185
0.6344086021505376,186
0.6310160427807486,187
0.6329787234042553,188
0.6349206349206349,189
0.631578947368421,190
0.6282722513089005,191
0.625,192
0.6269430051813472,193
0.6288659793814433,194
0.6256410256410256,195
0.6275510204081632,196
0.6243654822335025,197
0.6212121212121212,198
0.6231155778894473,199
0.625,200
0.6268656716417911,201
0.6237623762376238,202
0.625615763546798,203
0.6274509803921569,204
0.6292682926829268,205
0.6262135922330098,206
0.6280193236714976,207
0.6298076923076923,208
0.631578947368421,209
0.6333333333333333,210
0.6350710900473934,211
0.6320754716981132,212
0.6338028169014085,213
0.6355140186915887,214
0.6372093023255814,215
0.6388888888888888,216
0.6359447004608295,217
0.6330275229357798,218
0.634703196347032,219
0.6363636363636364,220
0.6380090497737556,221
0.6351351351351351,222
0.6367713004484304,223
0.6383928571428571,224
0.64,225
0.6415929203539823,226
0.6431718061674009,227
0.6447368421052632,228
0.6462882096069869,229
0.6478260869565218,230
0.6493506493506493,231
0.646551724137931,232
0.6437768240343348,233
0.6452991452991453,234
0.6425531914893617,235
0.6398305084745762,236
0.6413502109704642,237
0.6428571428571429,238
0.6401673640167364,239
0.6416666666666667,240
0.6431535269709544,241
0.6446280991735537,242
0.6460905349794238,243
0.6475409836065574,244
0.6489795918367347,245
0.6463414634146342,246
0.6477732793522267,247
0.6491935483870968,248
0.6465863453815262,249
0.648,250
0.6454183266932271,251
0.6428571428571429,252
0.6403162055335968,253
0.6417322834645669,254
0.6392156862745098,255
0.63671875,256
0.6342412451361867,257
0.6317829457364341,258
0.6332046332046332,259
0.6346153846153846,260
0.632183908045977,261
0.6335877862595419,262
0.6311787072243346,263
0.6287878787878788,264
0.6264150943396226,265
0.6278195488721805,266
0.6254681647940075,267
0.6268656716417911,268
0.6245353159851301,269
0.6259259259259259,270
0.6273062730627307,271
0.625,272
0.6263736263736264,273
0.6240875912408759,274
0.6254545454545455,275
0.6268115942028986,276
0.628158844765343,277
0.6258992805755396,278
0.6272401433691757,279
0.6285714285714286,280
0.6263345195729537,281
0.6276595744680851,282
0.6254416961130742,283
0.6232394366197183,284
0.624561403508772,285
0.6258741258741258,286
0.627177700348432,287
0.6284722222222222,288
0.629757785467128,289
0.6310344827586207,290
0.6323024054982818,291
0.6301369863013698,292
0.6279863481228669,293
0.6258503401360545,294
0.6271186440677966,295
0.625,296
0.622895622895623,297
0.6241610738255033,298
0.6254180602006689,299
0.6266666666666667,300
0.6245847176079734,301
0.6258278145695364,302
0.6270627062706271,303
0.6282894736842105,304
0.6295081967213115,305
0.630718954248366,306
0.6286644951140065,307
0.6298701298701299,308
0.6310679611650486,309
0.632258064516129,310
0.6334405144694534,311
0.6346153846153846,312
0.6357827476038339,313
0.6369426751592356,314
0.638095238095238,315
0.6392405063291139,316
0.6403785488958991,317
0.6383647798742138,318
0.6394984326018809,319
0.6375,320
0.6355140186915887,321
0.6366459627329193,322
0.6346749226006192,323
0.6358024691358025,324
0.6338461538461538,325
0.6319018404907976,326
0.6330275229357798,327
0.6341463414634146,328
0.6352583586626139,329
0.6363636363636364,330
0.6374622356495468,331
0.6355421686746988,332
0.6366366366366366,333
0.6377245508982036,334
0.6388059701492538,335
0.6369047619047619,336
0.6379821958456974,337
0.6390532544378699,338
0.6371681415929203,339
0.638235294117647,340
0.6392961876832844,341
0.6403508771929824,342
0.641399416909621,343
0.6424418604651163,344
0.6434782608695652,345
0.6416184971098265,346
0.6426512968299711,347
0.6408045977011494,348
0.6418338108882522,349
0.6428571428571429,350
0.6410256410256411,351
0.6392045454545454,352
0.6402266288951841,353
0.6384180790960452,354
0.6366197183098592,355
0.6348314606741573,356
0.6358543417366946,357
0.6368715083798883,358
0.6350974930362117,359
0.6361111111111111,360
0.6343490304709142,361
0.6353591160220995,362
0.6363636363636364,363
0.6346153846153846,364
0.6328767123287671,365
0.6311475409836066,366
0.6321525885558583,367
0.6304347826086957,368
0.6314363143631436,369
0.6324324324324324,370
0.6307277628032345,371
0.6290322580645161,372
0.6300268096514745,373
0.6310160427807486,374
0.6293333333333333,375
0.6276595744680851,376
0.6259946949602122,377
0.626984126984127,378
0.6253298153034301,379
0.6236842105263158,380
0.6246719160104987,381
0.6256544502617801,382
0.6240208877284595,383
0.6223958333333334,384
0.6233766233766234,385
0.6217616580310881,386
0.6227390180878553,387
0.6237113402061856,388
0.6246786632390745,389
0.6230769230769231,390
0.6240409207161125,391
0.6224489795918368,392
0.6234096692111959,393
0.6218274111675127,394
0.6227848101265823,395
0.6237373737373737,396
0.6246851385390428,397
0.6256281407035176,398
0.6265664160401002,399
0.6275,400
0.628428927680798,401
0.6268656716417911,402
0.6253101736972705,403
0.6262376237623762,404
0.6271604938271605,405
0.625615763546798,406
0.6240786240786241,407
0.6225490196078431,408
0.6234718826405868,409
0.624390243902439,410
0.6228710462287105,411
0.6237864077669902,412
0.6246973365617433,413
0.6256038647342995,414
0.6240963855421687,415
0.625,416
0.6258992805755396,417
0.6267942583732058,418
0.6276849642004774,419
0.6261904761904762,420
0.6270783847980997,421
0.6279620853080569,422
0.6288416075650118,423
0.6297169811320755,424
0.6305882352941177,425
0.6314553990610329,426
0.6323185011709602,427
0.633177570093458,428
0.6317016317016317,429
0.6302325581395349,430
0.62877030162413,431
0.6296296296296297,432
0.628175519630485,433
0.6290322580645161,434
0.6275862068965518,435
0.6284403669724771,436
0.6292906178489702,437
0.6278538812785388,438
0.6264236902050114,439
0.6272727272727273,440
0.6281179138321995,441
0.6289592760180995,442
0.6297968397291196,443
0.6283783783783784,444
0.6292134831460674,445
0.6300448430493274,446
inf,447
1.0,448
1.0,449
0.6666666666666666,450
0.5,451
0.6,452
0.5,453
0.42857142857142855,454
0.375,455
0.4444444444444444,456
0.5,457
0.5454545454545454,458
0.5833333333333334,459
0.6153846153846154,460
0.6428571428571429,461
0.6666666666666666,462
0.6875,463
0.6470588235294118,464
0.6666666666666666,465
0.631578947368421,466
0.65,467
0.6666666666666666,468
0.6818181818181818,469
0.6521739130434783,470
0.625,471
0.6,472
0.6153846153846154,473
0.5925925925925926,474
0.6071428571428571,475
0.6206896551724138,476
0.6333333333333333,477
0.6451612903225806,478
0.625,479
0.6363636363636364,480
0.6470588235294118,481
0.6571428571428571,482
0.6666666666666666,483
0.6486486486486487,484
0.6578947368421053,485
0.6666666666666666,486
0.675,487
0.6829268292682927,488
0.6666666666666666,489
0.6744186046511628,490
0.6818181818181818,491
0.6666666666666666,492
0.6739130434782609,493
0.6808510638297872,494
0.6666666666666666,495
0.673469387755102,496
0.68,497
0.6666666666666666,498
0.6730769230769231,499
0.6792452830188679,500
0.6666666666666666,501
0.6727272727272727,502
0.6607142857142857,503
0.6666666666666666,504
0.6551724137931034,505
0.6440677966101694,506
0.65,507
0.639344262295082,508
0.6290322580645161,509
0.6190476190476191,510
0.609375,511
0.6,512
0.6060606060606061,513
0.6119402985074627,514
0.6029411764705882,515
0.6086956521739131,516
0.6,517
0.5915492957746479,518
0.5972222222222222,519
0.6027397260273972,520
0.6081081081081081,521
0.6,522
0.5921052631578947,523
0.5844155844155844,524
0.5769230769230769,525
0.5822784810126582,526
0.5875,527
0.5925925925925926,528
0.5975609756097561,529
0.6024096385542169,530
0.6071428571428571,531
0.6,532
0.6046511627906976,533
0.6091954022988506,534
0.6136363636363636,535
0.6067415730337079,536
0.6111111111111112,537
0.6153846153846154,538
0.6195652173913043,539
0.6236559139784946,540
0.6276595744680851,541
0.631578947368421,542
0.625,543
0.6288659793814433,544
0.6224489795918368,545
0.6262626262626263,546
0.62,547
0.6138613861386139,548
0.6176470588235294,549
0.6213592233009708,550
0.6153846153846154,551
0.6095238095238096,552
0.6132075471698113,553
0.6074766355140186,554
0.6018518518518519,555
0.6055045871559633,556
0.6090909090909091,557
0.6126126126126126,558
0.6160714285714286,559
0.6106194690265486,560
0.6052631578947368,561
0.6,562
0.603448275862069,563
0.5982905982905983,564
0.6016949152542372,565
0.6050420168067226,566
0.6083333333333333,567
0.6033057851239669,568
0.6065573770491803,569
0.6016260162601627,570
0.6048387096774194,571
0.6,572
0.5952380952380952,573
0.5905511811023622,574
0.5859375,575
0.5891472868217055,576
0.5846153846153846,577
0.5877862595419847,578
0.5833333333333334,579
0.5864661654135338,580
0.5895522388059702,581
0.5925925925925926,582
0.5955882352941176,583
0.5985401459854015,584
0.5942028985507246,585
0.5971223021582733,586
0.5928571428571429,587
0.5886524822695035,588
0.5915492957746479,589
0.5874125874125874,590
0.5833333333333334,591
0.5793103448275863,592
0.5821917808219178,593
0.5850340136054422,594
0.5878378378378378,595
0.5838926174496645,596
0.5866666666666667,597
0.5827814569536424,598
0.5855263157894737,599
0.5816993464052288,600
0.577922077922078,601
0.5806451612903226,602
0.5833333333333334,603
0.5859872611464968,604
0.5886075949367089,605
0.5911949685534591,606
0.5875,607
0.5900621118012422,608
0.5925925925925926,609
0.5950920245398773,610
0.5914634146341463,611
0.593939393939394,612
0.5963855421686747,613
0.5988023952095808,614
0.6011904761904762,615
0.5976331360946746,616
0.6,617
0.6023391812865497,618
0.6046511627906976,619
0.6069364161849711,620
0.6091954022988506,621
0.6057142857142858,622
0.6079545454545454,623
0.6101694915254238,624
0.6067415730337079,625
0.6033519553072626,626
0.6055555555555555,627
0.6077348066298343,628
0.6098901098901099,629
0.6120218579234973,630
0.6141304347826086,631
0.6162162162162163,632
0.6129032258064516,633
0.6149732620320856,634
0.6170212765957447,635
0.6137566137566137,636
0.6157894736842106,637
0.6178010471204188,638
0.6197916666666666,639
0.6217616580310881,640
0.6185567010309279,641
0.6153846153846154,642
0.6173469387755102,643
0.6192893401015228,644
0.6212121212121212,645
0.6231155778894473,646
0.625,647
0.6268656716417911,648
0.6237623762376238,649
0.6206896551724138,650
0.6225490196078431,651
0.624390243902439,652
0.6262135922330098,653
0.6280193236714976,654
0.6298076923076923,655
0.6267942583732058,656
0.6285714285714286,657
0.6255924170616114,658
0.6226415094339622,659
0.6244131455399061,660
0.6261682242990654,661
0.6232558139534884,662
0.625,663
0.6267281105990783,664
0.6284403669724771,665
0.6255707762557078,666
0.6227272727272727,667
0.6244343891402715,668
0.6216216216216216,669
0.6233183856502242,670
0.625,671
0.6222222222222222,672
0.6194690265486725,673
0.6167400881057269,674
0.618421052631579,675
0.6157205240174672,676
0.6173913043478261,677
0.6147186147186147,678
0.6120689655172413,679
0.6094420600858369,680
0.6111111111111112,681
0.6127659574468085,682
0.6101694915254238,683
0.6118143459915611,684
0.6134453781512605,685
0.6108786610878661,686
0.6083333333333333,687
0.6099585062240664,688
0.6074380165289256,689
0.6049382716049383,690
0.6065573770491803,691
0.6081632653061224,692
0.6056910569105691,693
0.6072874493927125,694
0.6088709677419355,695
0.6104417670682731,696
0.612,697
0.6135458167330677,698
0.6111111111111112,699
0.6126482213438735,700
0.6141732283464567,701
0.611764705882353,702
0.609375,703
0.6070038910505836,704
0.6085271317829457,705
0.61003861003861,706
0.6076923076923076,707
0.6091954022988506,708
0.6068702290076335,709
0.6083650190114068,710
0.6098484848484849,711
0.6113207547169811,712
0.6127819548872181,713
0.6142322097378277,714
0.6119402985074627,715
0.6096654275092936,716
0.6111111111111112,717
0.6125461254612546,718
0.6139705882352942,719
0.6153846153846154,720
0.6167883211678832,721
0.6181818181818182,722
0.6195652173913043,723
0.6173285198555957,724
0.6151079136690647,725
0.6129032258064516,726
0.6107142857142858,727
0.6120996441281139,728
0.6134751773049646,729
0.6113074204946997,730
0.6126760563380281,731
0.6105263157894737,732
0.6083916083916084,733
0.6097560975609756,734
0.6111111111111112,735
0.6124567474048442,736
0.6103448275862069,737
0.6116838487972509,738
0.6095890410958904,739
0.6109215017064846,740
0.6122448979591837,741
0.6135593220338983,742
0.6148648648648649,743
0.6127946127946128,744
0.610738255033557,745
0.6120401337792643,746
0.61,747
0.6112956810631229,748
0.6125827814569537,749
0.6138613861386139,750
0.6151315789473685,751
0.6163934426229508,752
0.6176470588235294,753
0.6188925081433225,754
0.6201298701298701,755
0.6213592233009708,756
0.6193548387096774,757
0.617363344051447,758
0.6185897435897436,759
0.6166134185303515,760
0.6146496815286624,761
0.6158730158730159,762
0.6139240506329114,763
0.6151419558359621,764
0.6163522012578616,765
0.6175548589341693,766
0.61875,767
0.6199376947040498,768
0.6211180124223602,769
0.6191950464396285,770
0.6172839506172839,771
0.6153846153846154,772
0.6165644171779141,773
0.6146788990825688,774
0.6128048780487805,775
0.6139817629179332,776
0.6151515151515151,777
0.6163141993957704,778
0.6174698795180723,779
0.6186186186186187,780
0.6167664670658682,781
0.6179104477611941,782
0.6160714285714286,783
0.6142433234421365,784
0.6124260355029586,785
0.6106194690265486,786
0.611764705882353,787
0.6129032258064516,788
0.6140350877192983,789
0.6151603498542274,790
0.6133720930232558,791
0.6144927536231884,792
0.6127167630057804,793
0.6138328530259366,794
0.6149425287356322,795
0.6160458452722063,796
0.6171428571428571,797
0.6182336182336182,798
0.6164772727272727,799
0.6175637393767706,800
0.6186440677966102,801
0.6197183098591549,802
0.6179775280898876,803
0.6190476190476191,804
0.6201117318435754,805
0.6183844011142061,806
0.6194444444444445,807
0.6177285318559557,808
0.6160220994475138,809
0.6143250688705234,810
0.6153846153846154,811
0.6164383561643836,812
0.6174863387978142,813
0.6158038147138964,814
0.6168478260869565,815
0.6178861788617886,816
0.6189189189189189,817
0.6172506738544474,818
0.6155913978494624,819
0.6166219839142091,820
0.6176470588235294,821
0.6186666666666667,822
0.6196808510638298,823
0.6206896551724138,824
0.6216931216931217,825
0.6226912928759895,826
0.6210526315789474,827
0.6220472440944882,828
0.6230366492146597,829
0.6240208877284595,830
0.6223958333333334,831
0.6233766233766234,832
0.6217616580310881,833
0.6227390180878553,834
0.6211340206185567,835
0.6195372750642674,836
0.6205128205128205,837
0.6214833759590793,838
0.6224489795918368,839
0.6234096692111959,840
0.6218274111675127,841
0.620253164556962,842
0.6212121212121212,843
0.6221662468513854,844
0.6206030150753769,845
0.6215538847117794,846
0.62,847
0.6184538653366584,848
0.6194029850746269,849
0.6203473945409429,850
0.6188118811881188,851
0.6197530864197531,852
0.6206896551724138,853
0.6191646191646192,854
0.6200980392156863,855
0.6210268948655256,856
0.6219512195121951,857
0.6228710462287105,858
0.6213592233009708,859
0.6222760290556901,860
0.6207729468599034,861
0.619277108433735,862
0.6177884615384616,863
0.6187050359712231,864
0.6172248803827751,865
0.6157517899761337,866
0.6166666666666667,867
0.6175771971496437,868
0.6184834123222749,869
0.6193853427895981,870
0.6179245283018868,871
0.6164705882352941,872
0.6150234741784038,873
0.6159250585480094,874
0.6144859813084113,875
0.6153846153846154,876
0.6139534883720931,877
0.6148491879350348,878
0.6157407407407407,879
0.6166281755196305,880
0.6152073732718893,881
0.6137931034482759,882
0.6146788990825688,883
0.6155606407322655,884
0.6141552511415526,885
0.6150341685649203,886
0.615909090909091,887
0.6145124716553289,888
0.6153846153846154,889
0.6162528216704289,890
0.6148648648648649,891
0.6157303370786517,892
0.6165919282511211,893
0.6174496644295302,894
0.6160714285714286,895
0.6169265033407573,896
0.6177777777777778,897
0.6186252771618626,898
0.6194690265486725,899
0.6203090507726269,900
0.6189427312775331,901
0.6175824175824176,902
0.6162280701754386,903
0.6170678336980306,904
0.6157205240174672,905
0.616557734204793,906
0.6173913043478261,907
0.6160520607375272,908
0.6168831168831169,909
0.6177105831533477,910
0.6163793103448276,911
0.6172043010752688,912
0.6180257510729614,913
0.6188436830835118,914
0.6196581196581197,915
0.6204690831556503,916
0.6212765957446809,917
0.6199575371549894,918
0.6207627118644068,919
0.6194503171247357,920
0.6181434599156118,921
0.6189473684210526,922
0.6176470588235294,923
0.6163522012578616,924
0.6150627615062761,925
0.615866388308977,926
0.6166666666666667,927
0.6174636174636174,928
0.6182572614107884,929
0.6190476190476191,930
0.6177685950413223,931
0.6164948453608248,932
0.6152263374485597,933
0.6160164271047228,934
0.6147540983606558,935
0.6134969325153374,936
0.6142857142857143,937
0.615071283095723,938
0.6158536585365854,939
0.6146044624746451,940
0.6133603238866396,941
0.6141414141414141,942
0.6149193548387096,943
0.613682092555332,944
0.6124497991967871,945
0.6132264529058116,946
0.614,947
0.6127744510978044,948
0.6135458167330677,949
0.614314115308151,950
0.6130952380952381,951
0.6138613861386139,952
0.6146245059288538,953
0.6153846153846154,954
0.6161417322834646,955
0.6149312377210217,956
0.6137254901960785,957
0.6125244618395304,958
0.61328125,959
0.6140350877192983,960
0.6128404669260701,961
0.6135922330097088,962
0.6143410852713178,963
0.6150870406189555,964
0.6158301158301158,965
0.6146435452793835,966
0.6153846153846154,967
0.6142034548944337,968
0.6149425287356322,969
0.615678776290631,970
0.6164122137404581,971
0.6171428571428571,972
0.6159695817490495,973
0.6166982922201139,974
0.6174242424242424,975
0.6162570888468809,976
0.6169811320754717,977
0.6177024482109228,978
0.618421052631579,979
0.6172607879924953,980
0.6179775280898876,981
0.6186915887850467,982
0.6194029850746269,983
0.6182495344506518,984
0.6189591078066915,985
0.6196660482374768,986
0.6185185185185185,987
0.6173752310536045,988
0.6162361623616236,989
0.6169429097605893,990
0.6176470588235294,991
0.618348623853211,992
0.6190476190476191,993
0.6197440585009141,994
0.6186131386861314,995
0.6193078324225865,996
0.62,997
0.6188747731397459,998
0.6195652173913043,999
0.620253164556962,1000
0.6209386281588448,1001
0.6198198198198198,1002
0.6187050359712231,1003
0.6193895870736086,1004
0.6200716845878136,1005
0.6189624329159212,1006
0.6196428571428572,1007
0.6203208556149733,1008
0.6192170818505338,1009
0.6181172291296625,1010
0.6187943262411347,1011
0.6194690265486725,1012
0.6183745583038869,1013
0.6190476190476191,1014
0.6179577464788732,1015
0.616871704745167,1016
0.6175438596491228,1017
0.6182136602451839,1018
0.6188811188811189,1019
0.6178010471204188,1020
0.6184668989547039,1021
0.6173913043478261,1022
0.6180555555555556,1023
0.6187175043327556,1024
0.6193771626297578,1025
0.6183074265975821,1026
0.6189655172413793,1027
0.6196213425129088,1028
0.6185567010309279,1029
0.6192109777015438,1030
0.6198630136986302,1031
0.6205128205128205,1032
0.621160409556314,1033
0.6218057921635435,1034
0.6224489795918368,1035
0.6213921901528013,1036
0.6220338983050847,1037
0.622673434856176,1038
0.6233108108108109,1039
0.6222596964586846,1040
0.622895622895623,1041
0.6235294117647059,1042
0.6241610738255033,1043
0.6247906197654941,1044
0.6237458193979933,1045
0.6243739565943238,1046
0.6233333333333333,1047
0.6239600665557404,1048
0.6245847176079734,1049
0.6252072968490879,1050
0.6258278145695364,1051
0.6264462809917355,1052
0.6254125412541254,1053
0.6260296540362438,1054
0.6266447368421053,1055
0.625615763546798,1056
0.6262295081967213,1057
0.6268412438625205,1058
0.6258169934640523,1059
0.6264274061990212,1060
0.6270358306188925,1061
0.6276422764227643,1062
0.6282467532467533,1063
0.6272285251215559,1064
0.6262135922330098,1065
0.6268174474959612,1066
0.6274193548387097,1067
0.6280193236714976,1068
0.6270096463022508,1069
0.6260032102728732,1070
0.625,1071
0.6256,1072
0.6246006389776357,1073
0.6236044657097288,1074
0.6242038216560509,1075
0.6248012718600954,1076
0.6253968253968254,1077
0.6259904912836767,1078
0.6265822784810127,1079
0.6255924170616114,1080
0.6261829652996845,1081
0.6267716535433071,1082
0.6273584905660378,1083
0.6263736263736264,1084
0.6269592476489029,1085
0.6275430359937402,1086
0.6265625,1087
0.6271450858034321,1088
0.6261682242990654,1089
0.6251944012441679,1090
0.6257763975155279,1091
0.6248062015503876,1092
0.6238390092879257,1093
0.6228748068006182,1094
0.6234567901234568,1095
0.6240369799691834,1096
0.6230769230769231,1097
0.6221198156682027,1098
0.6226993865030674,1099
0.6232771822358346,1100
0.6223241590214067,1101
0.6213740458015267,1102
0.6219512195121951,1103
0.6210045662100456,1104
0.621580547112462,1105
0.622154779969651,1106
0.6212121212121212,1107
0.6202723146747352,1108
0.6193353474320241,1109
0.6184012066365008,1110
0.6189759036144579,1111
0.6195488721804512,1112
0.6186186186186187,1113
0.6191904047976012,1114
0.6182634730538922,1115
0.6188340807174888,1116
0.6179104477611941,1117
0.6184798807749627,1118
0.6190476190476191,1119
0.6196136701337296,1120
0.6186943620178041,1121
0.6177777777777778,1122
0.6183431952662722,1123
0.6189069423929099,1124
0.6194690265486725,1125
0.6185567010309279,1126
0.6176470588235294,1127
0.618208516886931,1128
0.6173020527859238,1129
0.6178623718887262,1130
0.618421052631579,1131
0.6175182481751825,1132
0.6166180758017493,1133
0.6157205240174672,1134
0.6148255813953488,1135
0.6153846153846154,1136
0.6144927536231884,1137
0.6150506512301013,1138
0.615606936416185,1139
0.6147186147186147,1140
0.6152737752161384,1141
0.6158273381294964,1142
0.6149425287356322,1143
0.6154949784791965,1144
0.6146131805157593,1145
0.6151645207439199,1146
0.6142857142857143,1147
0.6134094151212554,1148
0.613960113960114,1149
0.6145092460881935,1150
0.6150568181818182,1151
0.6156028368794326,1152
0.6147308781869688,1153
0.6138613861386139,1154
0.6129943502824858,1155
0.613540197461213,1156
0.6126760563380281,1157
0.6132208157524613,1158
0.6123595505617978,1159
0.6129032258064516,1160
0.6134453781512605,1161
0.6139860139860139,1162
0.6131284916201117,1163
0.6136680613668062,1164
0.6128133704735376,1165
0.6133518776077886,1166
0.6138888888888889,1167
0.6144244105409153,1168
0.6135734072022161,1169
0.6141078838174274,1170
0.6146408839779005,1171
0.6151724137931035,1172
0.6157024793388429,1173
0.6162310866574966,1174
0.6167582417582418,1175
0.6159122085048011,1176
0.6150684931506849,1177
0.6142270861833106,1178
0.6147540983606558,1179
0.6139154160982264,1180
0.6130790190735694,1181
0.6136054421768707,1182
0.6127717391304348,1183
0.6132971506105834,1184
0.6124661246612466,1185
0.6116373477672531,1186
0.6108108108108108,1187
0.6099865047233468,1188
0.610512129380054,1189
0.6096904441453567,1190
0.6102150537634409,1191
0.610738255033557,1192
0.6112600536193029,1193
0.6117804551539491,1194
0.6122994652406417,1195
0.6114819759679573,1196
0.6106666666666667,1197
0.611185086551265,1198
0.6103723404255319,1199
0.6108897742363878,1200
0.6114058355437666,1201
0.6105960264900663,1202
0.6097883597883598,1203
0.6103038309114928,1204
0.6094986807387863,1205
0.6086956521739131,1206
0.6092105263157894,1207
0.6084099868593955,1208
0.6089238845144357,1209
0.6094364351245085,1210
0.6086387434554974,1211
0.6091503267973856,1212
0.6096605744125326,1213
0.6088657105606258,1214
0.6080729166666666,1215
0.6072821846553966,1216
0.6064935064935065,1217
0.6070038910505836,1218
0.6062176165803109,1219
0.6054333764553687,1220
0.6046511627906976,1221
0.6051612903225806,1222
0.604381443298969,1223
0.6048906048906049,1224
0.6053984575835476,1225
0.6059050064184852,1226
0.6051282051282051,1227
0.6043533930857875,1228
0.6048593350383632,1229
0.6040868454661558,1230
0.6045918367346939,1231
0.6050955414012739,1232
0.6043256997455471,1233
0.6035578144853876,1234
0.6040609137055838,1235
0.6032953105196451,1236
0.6037974683544304,1237
0.6030341340075853,1238
0.6022727272727273,1239
0.6015132408575031,1240
0.6007556675062973,1241
0.6,1242
0.6005025125628141,1243
0.5997490589711418,1244
0.600250626566416,1245
0.5994993742177722,1246
0.59875,1247
0.5980024968789014,1248
0.5972568578553616,1249
0.597758405977584,1250
0.5970149253731343,1251
0.5962732919254659,1252
0.5955334987593052,1253
0.5947955390334573,1254
0.5952970297029703,1255
0.5945611866501854,1256
0.5950617283950618,1257
0.5955610357583231,1258
0.5960591133004927,1259
0.5965559655596556,1260
0.597051597051597,1261
0.596319018404908,1262
0.5968137254901961,1263
0.5973072215422277,1264
0.5965770171149144,1265
0.5970695970695971,1266
0.5963414634146341,1267
0.5968331303288672,1268
0.597323600973236,1269
0.5965978128797084,1270
0.5970873786407767,1271
0.5963636363636363,1272
0.5968523002421308,1273
0.5973397823458283,1274
0.5978260869565217,1275
0.5983112183353438,1276
0.5975903614457831,1277
0.5980746089049338,1278
0.5973557692307693,1279
0.5978391356542617,1280
0.5971223021582733,1281
0.5964071856287425,1282
0.5956937799043063,1283
0.5949820788530465,1284
0.5954653937947494,1285
0.5947556615017878,1286
0.594047619047619,1287
0.5945303210463734,1288
0.5950118764845606,1289
0.5954922894424673,1290
0.5959715639810427,1291
0.5964497041420118,1292
0.5957446808510638,1293
0.5962219598583235,1294
0.5966981132075472,1295
0.5971731448763251,1296
0.5976470588235294,1297
0.5969447708578144,1298
0.596244131455399,1299
0.5955451348182884,1300
0.594847775175644,1301
0.5941520467836258,1302
0.594626168224299,1303
0.5950991831971996,1304
0.5955710955710956,1305
0.5960419091967404,1306
0.5965116279069768,1307
0.5969802555168409,1308
0.5974477958236659,1309
0.59675550405562,1310
0.5972222222222222,1311
0.5965317919075145,1312
0.5958429561200924,1313
0.5951557093425606,1314
0.5956221198156681,1315
0.5960874568469505,1316
0.5954022988505747,1317
0.5947187141216992,1318
0.5951834862385321,1319
0.5945017182130584,1320
0.5938215102974829,1321
0.5942857142857143,1322
0.5947488584474886,1323
0.5952109464082098,1324
0.5956719817767654,1325
0.59613196814562,1326
0.5954545454545455,1327
0.5959137343927355,1328
0.5963718820861678,1329
0.5968289920724802,1330
0.5972850678733032,1331
0.5977401129943503,1332
0.5970654627539503,1333
0.5963923337091319,1334
0.5957207207207207,1335
0.595050618672666,1336
0.5955056179775281,1337
0.5948372615039281,1338
0.5952914798206278,1339
0.5957446808510638,1340
0.5950782997762863,1341
0.5955307262569832,1342
0.5948660714285714,1343
0.5953177257525084,1344
0.5957683741648107,1345
0.5962180200222469,1346
0.5955555555555555,1347
0.5960044395116537,1348
0.5953436807095344,1349
0.5957918050941307,1350
0.5951327433628318,1351
0.5955801104972376,1352
0.5960264900662252,1353
0.5964718853362734,1354
0.5958149779735683,1355
0.5951595159515951,1356
0.5956043956043956,1357
0.5949506037321625,1358
0.5953947368421053,1359
0.5958378970427163,1360
0.5962800875273523,1361
0.5956284153005464,1362
0.5960698689956332,1363
0.5965103598691385,1364
0.5969498910675382,1365
0.5963003264417845,1366
0.5967391304347827,1367
0.5960912052117264,1368
0.596529284164859,1369
0.5969664138678223,1370
0.5974025974025974,1371
0.5967567567567568,1372
0.5961123110151187,1373
0.5954692556634305,1374
0.5959051724137931,1375
0.5952637244348762,1376
0.5956989247311828,1377
0.5961331901181526,1378
0.5954935622317596,1379
0.5959271168274384,1380
0.5963597430406852,1381
0.5967914438502674,1382
0.5961538461538461,1383
0.5965848452508005,1384
0.5959488272921108,1385
0.5963791267305645,1386
0.5968085106382979,1387
0.5972369819341127,1388
0.5976645435244161,1389
0.5980911983032874,1390
0.597457627118644,1391
0.5978835978835979,1392
0.5983086680761099,1393
0.5987328405491025,1394
0.5991561181434599,1395
0.5985247629083246,1396
0.5989473684210527,1397
0.5993690851735016,1398
0.5997899159663865,1399
0.5991605456453305,1400
0.59958071278826,1401
0.5989528795811518,1402
0.5983263598326359,1403
0.5987460815047022,1404
0.5981210855949896,1405
0.5974973931178311,1406
0.5979166666666667,1407
0.5972944849115505,1408
0.5966735966735967,1409
0.5960539979231568,1410
0.5964730290456431,1411
0.5968911917098445,1412
0.5973084886128365,1413
0.5966907962771458,1414
0.5960743801652892,1415
0.5964912280701754,1416
0.5969072164948453,1417
0.5973223480947477,1418
0.5977366255144033,1419
0.5971223021582733,1420
0.5975359342915811,1421
0.5969230769230769,1422
0.5973360655737705,1423
0.5977482088024565,1424
0.5971370143149284,1425
0.5975485188968335,1426
0.5969387755102041,1427
0.5973496432212029,1428
0.5977596741344195,1429
0.5981688708036622,1430
0.5985772357723578,1431
0.5989847715736041,1432
0.5983772819472617,1433
0.5987841945288754,1434
0.5991902834008097,1435
0.5985844287158746,1436
0.597979797979798,1437
0.5983854692230071,1438
0.5987903225806451,1439
0.5991943605236657,1440
0.5985915492957746,1441
0.5989949748743718,1442
0.5983935742971888,1443
0.5987963891675026,1444
0.5991983967935872,1445
0.5985985985985987,1446
0.598,1447
0.5974025974025974,1448
0.5978043912175649,1449
0.5982053838484547,1450
0.598605577689243,1451
0.5990049751243781,1452
0.5994035785288271,1453
0.5998013902681232,1454
0.6001984126984127,1455
0.6005946481665014,1456
0.600990099009901,1457
0.6013847675568744,1458
0.6017786561264822,1459
0.6021717670286278,1460
0.6025641025641025,1461
0.6019704433497537,1462
0.6023622047244095,1463
0.6027531956735497,1464
0.6031434184675835,1465
0.6025515210991168,1466
0.6019607843137255,1467
0.6023506366307542,1468
0.601761252446184,1469
0.6021505376344086,1470
0.6025390625,1471
0.6029268292682927,1472
0.6023391812865497,1473
0.6017526777020448,1474
0.6011673151750972,1475
0.6015549076773566,1476
0.6019417475728155,1477
0.6013579049466538,1478
0.6017441860465116,1479
0.601161665053243,1480
0.6015473887814313,1481
0.6019323671497585,1482
0.6023166023166023,1483
0.6027000964320154,1484
0.6021194605009634,1485
0.602502406159769,1486
0.6019230769230769,1487
0.6013448607108549,1488
0.6007677543186181,1489
0.6011505273250239,1490
0.6015325670498084,1491
0.6019138755980862,1492
0.6013384321223709,1493
0.6017191977077364,1494
0.601145038167939,1495
0.6005719733079123,1496
0.6,1497
0.6003805899143673,1498
0.5998098859315589,1499
0.6001899335232669,1500
0.5996204933586338,1501
0.6,1502
0.5994318181818182,1503
0.5988647114474929,1504
0.5982986767485823,1505
0.5986779981114259,1506
0.5990566037735849,1507
0.5994344957587182,1508
0.5998116760828626,1509
0.6001881467544685,1510
0.6005639097744361,1511
0.6,1512
0.600375234521576,1513
0.5998125585754451,1514
0.599250936329588,1515
0.5996258185219832,1516
0.5990654205607476,1517
0.5994397759103641,1518
0.5998134328358209,1519
0.6001863932898416,1520
0.6005586592178771,1521
0.6009302325581395,1522
0.6013011152416357,1523
0.6016713091922006,1524
0.6020408163265306,1525
0.6014828544949027,1526
0.600925925925926,1527
0.6003700277520814,1528
0.600739371534196,1529
0.6001846722068329,1530
0.5996309963099631,1531
0.5990783410138248,1532
0.5985267034990792,1533
0.5979760809567617,1534
0.5974264705882353,1535
0.5968778696051423,1536
0.5972477064220183,1537
0.5976168652612283,1538
0.597985347985348,1539
0.5983531564501372,1540
0.5987202925045704,1541
0.5990867579908675,1542
0.5994525547445255,1543
0.5998176845943483,1544
0.6001821493624773,1545
0.5996360327570519,1546
0.6,1547
0.5994550408719346,1548
0.5998185117967332,1549
0.600181323662738,1550
0.5996376811594203,1551
0.6,1552
0.6003616636528029,1553
0.6007226738934056,1554
0.6001805054151624,1555
0.6005410279531109,1556
0.6,1557
0.5994599459945995,1558
0.5989208633093526,1559
0.5983827493261455,1560
0.5987432675044884,1561
0.5991031390134529,1562
0.5994623655913979,1563
0.5998209489704566,1564
0.6001788908765653,1565
0.5996425379803396,1566
0.6,1567
0.6003568242640499,1568
0.6007130124777184,1569
0.6010685663401603,1570
0.6005338078291815,1571
0.6008888888888889,1572
0.6003552397868561,1573
0.6007098491570542,1574
0.600177304964539,1575
0.5996457041629761,1576
0.5991150442477876,1577
0.5994694960212201,1578
0.598939929328622,1579
0.5992939099735216,1580
0.599647266313933,1581
0.5991189427312775,1582
0.5994718309859155,1583
0.5998240985048373,1584
0.5992970123022847,1585
0.5987708516242318,1586
0.5991228070175438,1587
0.5994741454864154,1588
0.5998248686514887,1589
0.5993000874890638,1590
0.5996503496503497,1591
0.5991266375545852,1592
0.599476439790576,1593
0.5989537925021796,1594
0.5993031358885017,1595
0.598781549173194,1596
0.5982608695652174,1597
0.5986099044309297,1598
0.5989583333333334,1599
0.5993061578490894,1600
0.598786828422877,1601
0.5991341991341992,1602
0.5986159169550173,1603
0.5989628349178912,1604
0.5993091537132987,1605
0.5996548748921484,1606
0.6,1607
0.599483204134367,1608
0.5989672977624785,1609
0.5984522785898538,1610
0.5987972508591065,1611
0.5991416309012876,1612
0.5994854202401372,1613
0.5998286203941731,1614
0.5993150684931506,1615
0.5996578272027374,1616
0.6,1617
0.6003415883859948,1618
0.5998293515358362,1619
0.6001705029838023,1620
0.5996592844974447,1621
0.6,1622
0.5994897959183674,1623
0.5989804587935429,1624
0.599320882852292,1625
0.5996607294317218,1626
0.5991525423728814,1627
0.598645215918713,1628
0.5981387478849408,1629
0.5984784446322908,1630
0.597972972972973,1631
0.5983122362869199,1632
0.5978077571669477,1633
0.5973041280539174,1634
0.5968013468013468,1635
0.5962994112699748,1636
0.5966386554621849,1637
0.5969773299748111,1638
0.5964765100671141,1639
0.5968147527242247,1640
0.5971524288107203,1641
0.597489539748954,1642
0.596989966555184,1643
0.5964912280701754,1644
0.5959933222036727,1645
0.5954962468723937,1646
0.595,1647
0.5953372189841799,1648
0.5948419301164726,1649
0.5951787198669992,1650
0.595514950166113,1651
0.5950207468879668,1652
0.5945273631840796,1653
0.5940347970173985,1654
0.5943708609271523,1655
0.5938792390405294,1656
0.5933884297520661,1657
0.5928984310487201,1658
0.5932343234323433,1659
0.5935696619950536,1660
0.5939044481054365,1661
0.594238683127572,1662
0.59375,1663
0.5932621199671323,1664
0.5935960591133005,1665
0.5931091058244463,1666
0.5926229508196721,1667
0.592956592956593,1668
0.5924713584288053,1669
0.5928045789043336,1670
0.5923202614379085,1671
0.5926530612244898,1672
0.5929853181076672,1673
0.5933170334148329,1674
inf,1675
1.0,1676
1.0,1677
1.0,1678
1.0,1679
0.8,1680
0.8333333333333334,1681
0.8571428571428571,1682
0.875,1683
0.7777777777777778,1684
0.7,1685
0.7272727272727273,1686
0.75,1687
0.7692307692307693,1688
0.7857142857142857,1689
0.7333333333333333,1690
0.6875,1691
0.6470588235294118,1692
0.6666666666666666,1693
0.6842105263157895,1694
0.65,1695
0.6190476190476191,1696
0.5909090909090909,1697
0.6086956521739131,1698
0.625,1699
0.64,1700
0.6538461538461539,1701
0.6666666666666666,1702
0.6428571428571429,1703
0.6206896551724138,1704
0.6333333333333333,1705
0.6129032258064516,1706
0.59375,1707
0.6060606060606061,1708
0.5882352941176471,1709
0.5714285714285714,1710
0.5833333333333334,1711
0.5945945945945946,1712
0.6052631578947368,1713
0.6153846153846154,1714
0.625,1715
0.6097560975609756,1716
0.5952380952380952,1717
0.5813953488372093,1718
0.5681818181818182,1719
0.5777777777777777,1720
0.5869565217391305,1721
0.5957446808510638,1722
0.5833333333333334,1723
0.5714285714285714,1724
0.58,1725
0.5686274509803921,1726
0.5769230769230769,1727
0.5849056603773585,1728
0.5925925925925926,1729
0.5818181818181818,1730
0.5714285714285714,1731
0.5614035087719298,1732
0.5689655172413793,1733
0.559322033898305,1734
0.5666666666666667,1735
0.5737704918032787,1736
0.5645161290322581,1737
0.5714285714285714,1738
0.578125,1739
0.5692307692307692,1740
0.5606060606060606,1741
0.5671641791044776,1742
0.5735294117647058,1743
0.5797101449275363,1744
0.5857142857142857,1745
0.5915492957746479,1746
0.5833333333333334,1747
0.589041095890411,1748
0.5945945945945946,1749
0.6,1750
0.5921052631578947,1751
0.5974025974025974,1752
0.5897435897435898,1753
0.5949367088607594,1754
0.5875,1755
0.5802469135802469,1756
0.5853658536585366,1757
0.5783132530120482,1758
0.5833333333333334,1759
0.5882352941176471,1760
0.5813953488372093,1761
0.5747126436781609,1762
0.5795454545454546,1763
0.5842696629213483,1764
0.5777777777777777,1765
0.5824175824175825,1766
0.5760869565217391,1767
0.5698924731182796,1768
0.574468085106383,1769
0.5789473684210527,1770
0.5833333333333334,1771
0.5773195876288659,1772
0.5816326530612245,1773
0.5757575757575758,1774
0.58,1775
0.5841584158415841,1776
0.5882352941176471,1777
0.5922330097087378,1778
0.5865384615384616,1779
0.580952380952381,1780
0.5849056603773585,1781
0.5794392523364486,1782
0.5833333333333334,1783
0.5779816513761468,1784
0.5818181818181818,1785
0.5765765765765766,1786
0.5714285714285714,1787
0.5663716814159292,1788
0.5614035087719298,1789
0.5565217391304348,1790
0.5603448275862069,1791
0.5641025641025641,1792
0.5677966101694916,1793
0.5630252100840336,1794
0.5583333333333333,1795
0.5619834710743802,1796
0.5655737704918032,1797
0.5691056910569106,1798
0.5725806451612904,1799
0.568,1800
0.5634920634920635,1801
0.5590551181102362,1802
0.5546875,1803
0.5581395348837209,1804
0.5615384615384615,1805
0.5648854961832062,1806
0.5606060606060606,1807
0.5639097744360902,1808
0.5597014925373134,1809
0.562962962962963,1810
0.5588235294117647,1811
0.5547445255474452,1812
0.5507246376811594,1813
0.5467625899280576,1814
0.5428571428571428,1815
0.5390070921985816,1816
0.5422535211267606,1817
0.5454545454545454,1818
0.5416666666666666,1819
0.5448275862068965,1820
0.541095890410959,1821
0.54421768707483,1822
0.5472972972972973,1823
0.5503355704697986,1824
0.5533333333333333,1825
0.5496688741721855,1826
0.5460526315789473,1827
0.5424836601307189,1828
0.5454545454545454,1829
0.5419354838709678,1830
0.5448717948717948,1831
0.5414012738853503,1832
0.5443037974683544,1833
0.5471698113207547,1834
0.55,1835
0.5527950310559007,1836
0.5555555555555556,1837
0.558282208588957,1838
0.5548780487804879,1839
0.5575757575757576,1840
0.5542168674698795,1841
0.5568862275449101,1842
0.5595238095238095,1843
0.5621301775147929,1844
0.5588235294117647,1845
0.5614035087719298,1846
0.5581395348837209,1847
0.5549132947976878,1848
0.5517241379310345,1849
0.5542857142857143,1850
0.5568181818181818,1851
0.5536723163841808,1852
0.5561797752808989,1853
0.5586592178770949,1854
0.5611111111111111,1855
0.5580110497237569,1856
0.554945054945055,1857
0.5573770491803278,1858
0.5597826086956522,1859
0.5567567567567567,1860
0.5591397849462365,1861
0.5614973262032086,1862
0.5585106382978723,1863
0.5608465608465608,1864
0.5631578947368421,1865
0.5602094240837696,1866
0.5625,1867
0.5595854922279793,1868
0.5618556701030928,1869
0.5641025641025641,1870
0.5612244897959183,1871
0.5634517766497462,1872
0.5656565656565656,1873
0.5628140703517588,1874
0.56,1875
0.5621890547263682,1876
0.5643564356435643,1877
0.5665024630541872,1878
0.5686274509803921,1879
0.5707317073170731,1880
0.5728155339805825,1881
0.5700483091787439,1882
0.5721153846153846,1883
0.5741626794258373,1884
0.5761904761904761,1885
0.5734597156398105,1886
0.5707547169811321,1887
0.5727699530516432,1888
0.5747663551401869,1889
0.5720930232558139,1890
0.5740740740740741,1891
0.576036866359447,1892
0.5779816513761468,1893
0.5799086757990868,1894
0.5772727272727273,1895
0.579185520361991,1896
0.581081081081081,1897
0.5829596412556054,1898
0.5848214285714286,1899
0.5822222222222222,1900
0.5796460176991151,1901
0.5814977973568282,1902
0.5833333333333334,1903
0.5851528384279476,1904
0.5869565217391305,1905
0.5887445887445888,1906
0.5862068965517241,1907
0.5879828326180258,1908
0.5897435897435898,1909
0.5872340425531914,1910
0.5889830508474576,1911
0.5907172995780591,1912
0.5882352941176471,1913
0.5857740585774058,1914
0.5833333333333334,1915
0.5850622406639004,1916
0.5867768595041323,1917
0.588477366255144,1918
0.5860655737704918,1919
0.5836734693877551,1920
0.5813008130081301,1921
0.5789473684210527,1922
0.5806451612903226,1923
0.5823293172690763,1924
0.584,1925
0.5856573705179283,1926
0.5833333333333334,1927
0.5810276679841897,1928
0.5826771653543307,1929
0.5843137254901961,1930
0.58203125,1931
0.5836575875486382,1932
0.5852713178294574,1933
0.5868725868725869,1934
0.5884615384615385,1935
0.5900383141762452,1936
0.5916030534351145,1937
0.5931558935361216,1938
0.5909090909090909,1939
0.5924528301886792,1940
0.5939849624060151,1941
0.5955056179775281,1942
0.5970149253731343,1943
0.5947955390334573,1944
0.5962962962962963,1945
0.5940959409594095,1946
0.5919117647058824,1947
0.5934065934065934,1948
0.5912408759124088,1949
0.5927272727272728,1950
0.5942028985507246,1951
0.5956678700361011,1952
0.5971223021582733,1953
0.5949820788530465,1954
0.5928571428571429,1955
0.594306049822064,1956
0.5921985815602837,1957
0.5936395759717314,1958
0.5950704225352113,1959
0.5964912280701754,1960
0.5944055944055944,1961
0.5958188153310104,1962
0.5972222222222222,1963
0.5986159169550173,1964
0.6,1965
0.6013745704467354,1966
0.6027397260273972,1967
0.6040955631399317,1968
0.6054421768707483,1969
0.6067796610169491,1970
0.6081081081081081,1971
0.6094276094276094,1972
0.6073825503355704,1973
0.6053511705685619,1974
0.6066666666666667,1975
0.6079734219269103,1976
0.609271523178808,1977
0.6072607260726073,1978
0.6085526315789473,1979
0.6098360655737705,1980
0.6078431372549019,1981
0.6091205211726385,1982
0.6103896103896104,1983
0.6116504854368932,1984
0.6129032258064516,1985
0.6141479099678456,1986
0.6153846153846154,1987
0.6166134185303515,1988
0.6146496815286624,1989
0.6158730158730159,1990
0.6139240506329114,1991
0.61198738170347,1992
0.6132075471698113,1993
0.6144200626959248,1994
0.6125,1995
0.6137071651090342,1996
0.6149068322981367,1997
0.6160990712074303,1998
0.6141975308641975,1999
0.6153846153846154,2000
0.6165644171779141,2001
0.6146788990825688,2002
0.6128048780487805,2003
0.6109422492401215,2004
0.6121212121212121,2005
0.6132930513595166,2006
0.6144578313253012,2007
0.6156156156156156,2008
0.6167664670658682,2009
0.6149253731343284,2010
0.6160714285714286,2011
0.6142433234421365,2012
0.6124260355029586,2013
0.6106194690265486,2014
0.611764705882353,2015
0.6129032258064516,2016
0.6140350877192983,2017
0.6122448979591837,2018
0.6133720930232558,2019
0.6115942028985507,2020
0.6098265895953757,2021
0.6080691642651297,2022
0.6091954022988506,2023
0.6103151862464183,2024
0.6085714285714285,2025
0.6096866096866097,2026
0.6107954545454546,2027
0.6118980169971672,2028
0.6101694915254238,2029
0.6112676056338028,2030
0.6123595505617978,2031
0.6134453781512605,2032
0.6145251396648045,2033
0.6155988857938719,2034
0.6166666666666667,2035
0.6177285318559557,2036
0.6160220994475138,2037
0.6170798898071626,2038
0.6153846153846154,2039
0.6164383561643836,2040
0.6174863387978142,2041
0.6185286103542235,2042
0.6195652173913043,2043
0.6205962059620597,2044
0.6216216216216216,2045
0.6226415094339622,2046
0.6209677419354839,2047
0.6193029490616622,2048
0.6203208556149733,2049
0.6186666666666667,2050
0.6170212765957447,2051
0.6180371352785146,2052
0.6190476190476191,2053
0.6200527704485488,2054
0.6210526315789474,2055
0.6220472440944882,2056
0.6230366492146597,2057
0.6240208877284595,2058
0.625,2059
0.6233766233766234,2060
0.6243523316062176,2061
0.6227390180878553,2062
0.6211340206185567,2063
0.622107969151671,2064
0.6230769230769231,2065
0.6240409207161125,2066
0.6224489795918368,2067
0.6234096692111959,2068
0.6218274111675127,2069
0.6227848101265823,2070
0.6212121212121212,2071
0.6196473551637279,2072
0.6180904522613065,2073
0.6190476190476191,2074
0.6175,2075
0.6184538653366584,2076
0.6194029850746269,2077
0.6178660049627791,2078
0.6163366336633663,2079
0.6172839506172839,2080
0.6182266009852216,2081
0.6191646191646192,2082
0.6176470588235294,2083
0.6185819070904646,2084
0.6170731707317073,2085
0.6180048661800487,2086
0.6189320388349514,2087
0.6174334140435835,2088
0.6159420289855072,2089
0.6168674698795181,2090
0.6153846153846154,2091
0.6139088729016786,2092
0.6124401913875598,2093
0.6109785202863962,2094
0.611904761904762,2095
0.6104513064133017,2096
0.6113744075829384,2097
0.6122931442080378,2098
0.6132075471698113,2099
0.6141176470588235,2100
0.6126760563380281,2101
0.6112412177985949,2102
0.6098130841121495,2103
0.6083916083916084,2104
0.6093023255813953,2105
0.6102088167053364,2106
0.6111111111111112,2107
0.6096997690531177,2108
0.6105990783410138,2109
0.6114942528735632,2110
0.6100917431192661,2111
0.6086956521739131,2112
0.6095890410958904,2113
0.6082004555808656,2114
0.6068181818181818,2115
0.6077097505668935,2116
0.6085972850678733,2117
0.6072234762979684,2118
0.6058558558558559,2119
0.6067415730337079,2120
0.6076233183856502,2121
0.6062639821029083,2122
0.6071428571428571,2123
0.6057906458797327,2124
0.6066666666666667,2125
0.6053215077605322,2126
0.6061946902654868,2127
0.6048565121412803,2128
0.6057268722466961,2129
0.6065934065934065,2130
0.6074561403508771,2131
0.6061269146608315,2132
0.6048034934497817,2133
0.6034858387799564,2134
0.6043478260869565,2135
0.6030368763557483,2136
0.6017316017316018,2137
0.6004319654427646,2138
0.6012931034482759,2139
0.6021505376344086,2140
0.6030042918454935,2141
0.6038543897216274,2142
0.6047008547008547,2143
0.605543710021322,2144
0.6042553191489362,2145
0.6050955414012739,2146
0.6059322033898306,2147
0.6067653276955602,2148
0.6075949367088608,2149
0.608421052631579,2150
0.6071428571428571,2151
0.6058700209643606,2152
0.606694560669456,2153
0.6075156576200418,2154
0.6083333333333333,2155
0.6091476091476091,2156
0.6099585062240664,2157
0.6107660455486542,2158
0.6115702479338843,2159
0.6123711340206186,2160
0.6131687242798354,2161
0.6119096509240246,2162
0.610655737704918,2163
0.6114519427402862,2164
0.6122448979591837,2165
0.6109979633401222,2166
0.6097560975609756,2167
0.6085192697768763,2168
0.6093117408906883,2169
0.6101010101010101,2170
0.6108870967741935,2171
0.6116700201207244,2172
0.6124497991967871,2173
0.6112224448897795,2174
0.612,2175
0.6127744510978044,2176
0.6135458167330677,2177
0.614314115308151,2178
0.6150793650793651,2179
0.6158415841584158,2180
0.616600790513834,2181
0.6173570019723866,2182
0.6161417322834646,2183
0.6149312377210217,2184
0.6137254901960785,2185
0.6125244618395304,2186
0.611328125,2187
0.6120857699805068,2188
0.6128404669260701,2189
0.6116504854368932,2190
0.6124031007751938,2191
0.6131528046421664,2192
0.6138996138996139,2193
0.6127167630057804,2194
0.6134615384615385,2195
0.6142034548944337,2196
0.6130268199233716,2197
0.6118546845124283,2198
0.6125954198473282,2199
0.6114285714285714,2200
0.6121673003802282,2201
0.6129032258064516,2202
0.6117424242424242,2203
0.6124763705103969,2204
0.6132075471698113,2205
0.6120527306967984,2206
0.6109022556390977,2207
0.6116322701688556,2208
0.6123595505617978,2209
0.6130841121495327,2210
0.6138059701492538,2211
0.6126629422718808,2212
0.6133828996282528,2213
0.614100185528757,2214
0.6129629629629629,2215
0.6118299445471349,2216
0.6125461254612546,2217
0.6132596685082873,2218
0.6139705882352942,2219
0.6146788990825688,2220
0.6153846153846154,2221
0.6142595978062158,2222
0.614963503649635,2223
0.6156648451730419,2224
0.6145454545454545,2225
0.6152450090744102,2226
0.6141304347826086,2227
0.6130198915009042,2228
0.6137184115523465,2229
0.6126126126126126,2230
0.6133093525179856,2231
0.6140035906642729,2232
0.6146953405017921,2233
0.6135957066189625,2234
0.6125,2235
0.6131907308377896,2236
0.6138790035587188,2237
0.6127886323268206,2238
0.6134751773049646,2239
0.6141592920353982,2240
0.6130742049469965,2241
0.6137566137566137,2242
0.6144366197183099,2243
0.6151142355008787,2244
0.6157894736842106,2245
0.6164623467600701,2246
0.6171328671328671,2247
0.6178010471204188,2248
0.6167247386759582,2249
0.6173913043478261,2250
0.6180555555555556,2251
0.6169844020797227,2252
0.615916955017301,2253
0.616580310880829,2254
0.6155172413793103,2255
0.6161790017211703,2256
0.6168384879725086,2257
0.6174957118353345,2258
0.6181506849315068,2259
0.6170940170940171,2260
0.6160409556313993,2261
0.616695059625213,2262
0.6173469387755102,2263
0.6179966044142614,2264
0.6186440677966102,2265
0.6192893401015228,2266
0.6199324324324325,2267
0.6205733558178752,2268
0.6195286195286195,2269
0.6184873949579832,2270
0.6191275167785235,2271
0.6197654941373534,2272
0.6187290969899666,2273
0.6193656093489148,2274
0.62,2275
0.6206322795341098,2276
0.6212624584717608,2277
0.6218905472636815,2278
0.6225165562913907,2279
0.6231404958677685,2280
0.6237623762376238,2281
0.6227347611202636,2282
0.6233552631578947,2283
0.6239737274220033,2284
0.6245901639344262,2285
0.6252045826513911,2286
0.6241830065359477,2287
0.6247960848287113,2288
0.6254071661237784,2289
0.6260162601626016,2290
0.625,2291
0.6256077795786061,2292
0.6245954692556634,2293
0.6252019386106623,2294
0.6258064516129033,2295
0.6247987117552335,2296
0.6254019292604501,2297
0.6260032102728732,2298
0.625,2299
0.624,2300
0.6246006389776357,2301
0.6251993620414673,2302
0.6257961783439491,2303
0.6263910969793323,2304
0.626984126984127,2305
0.6275752773375595,2306
0.6265822784810127,2307
0.6255924170616114,2308
0.6261829652996845,2309
0.6267716535433071,2310
0.6257861635220126,2311
0.6248037676609105,2312
0.6253918495297806,2313
0.6244131455399061,2314
0.625,2315
0.625585023400936,2316
0.6261682242990654,2317
0.6251944012441679,2318
0.6257763975155279,2319
0.6248062015503876,2320
0.6253869969040248,2321
0.624420401854714,2322
0.625,2323
0.6255778120184899,2324
0.6246153846153846,2325
0.6236559139784946,2326
0.6226993865030674,2327
0.6217457886676876,2328
0.6223241590214067,2329
0.6229007633587786,2330
0.6219512195121951,2331
0.6210045662100456,2332
0.621580547112462,2333
0.6206373292867982,2334
0.6196969696969697,2335
0.6187594553706506,2336
0.6193353474320241,2337
0.6199095022624435,2338
0.6189759036144579,2339
0.6180451127819548,2340
0.6186186186186187,2341
0.6191904047976012,2342
0.6197604790419161,2343
0.6203288490284006,2344
0.6208955223880597,2345
0.6199701937406855,2346
0.6205357142857143,2347
0.6210995542347697,2348
0.6201780415430267,2349
0.6192592592592593,2350
0.6198224852071006,2351
0.620384047267356,2352
0.6209439528023599,2353
0.6215022091310751,2354
0.6220588235294118,2355
0.6226138032305433,2356
0.6231671554252199,2357
0.623718887262079,2358
0.6242690058479532,2359
0.6248175182481752,2360
0.6253644314868805,2361
0.6259097525473072,2362
0.626453488372093,2363
0.625544267053701,2364
0.6246376811594203,2365
0.6251808972503617,2366
0.6257225433526011,2367
0.6262626262626263,2368
0.6268011527377522,2369
0.6273381294964029,2370
0.6278735632183908,2371
0.6284074605451937,2372
0.6289398280802292,2373
0.6294706723891274,2374
0.6285714285714286,2375
0.6291012838801712,2376
0.6282051282051282,2377
0.6287339971550497,2378
0.6292613636363636,2379
0.6283687943262412,2380
0.6274787535410765,2381
0.628005657708628,2382
0.6271186440677966,2383
0.6262341325811002,2384
0.6267605633802817,2385
0.6258790436005626,2386
0.625,2387
0.6255259467040674,2388
0.6246498599439776,2389
0.6237762237762238,2390
0.6229050279329609,2391
0.6220362622036262,2392
0.6211699164345403,2393
0.6203059805285118,2394
0.6208333333333333,2395
0.6213592233009708,2396
0.6218836565096952,2397
0.6210235131396957,2398
0.6215469613259669,2399
0.6220689655172413,2400
0.6225895316804407,2401
0.6217331499312242,2402
0.6222527472527473,2403
0.6213991769547325,2404
0.6219178082191781,2405
0.6210670314637483,2406
0.6202185792349727,2407
0.6193724420190996,2408
0.6185286103542235,2409
0.617687074829932,2410
0.6168478260869565,2411
0.6173677069199457,2412
0.6165311653116531,2413
0.6170500676589986,2414
0.6175675675675676,2415
0.6167341430499326,2416
0.6172506738544474,2417
0.6164199192462988,2418
0.6155913978494624,2419
0.6161073825503356,2420
0.6152815013404825,2421
0.6144578313253012,2422
0.6149732620320856,2423
0.6141522029372497,2424
0.6146666666666667,2425
0.6138482023968043,2426
0.613031914893617,2427
0.6135458167330677,2428
0.6127320954907162,2429
0.6132450331125828,2430
0.6137566137566137,2431
0.6129458388375165,2432
0.6121372031662269,2433
0.61133069828722,2434
0.6118421052631579,2435
0.6110381077529566,2436
0.6115485564304461,2437
0.6107470511140236,2438
0.6099476439790575,2439
0.6104575163398693,2440
0.6109660574412533,2441
0.6114732724902217,2442
0.6106770833333334,2443
0.6098829648894668,2444
0.6103896103896104,2445
0.6095979247730221,2446
0.6101036269430051,2447
0.6093143596377749,2448
0.6085271317829457,2449
0.6090322580645161,2450
0.6082474226804123,2451
0.6087516087516087,2452
0.6079691516709511,2453
0.6071887034659821,2454
0.6064102564102564,2455
0.6056338028169014,2456
0.6048593350383632,2457
0.6040868454661558,2458
0.6033163265306123,2459
0.6025477707006369,2460
0.6017811704834606,2461
0.602287166454892,2462
0.6015228426395939,2463
0.6007604562737643,2464
0.6,2465
0.6005056890012642,2466
0.601010101010101,2467
0.6015132408575031,2468
0.6020151133501259,2469
0.6025157232704402,2470
0.6030150753768844,2471
0.6022584692597239,2472
0.6015037593984962,2473
0.6007509386733417,2474
0.60125,2475
0.6017478152309613,2476
0.6022443890274314,2477
0.6027397260273972,2478
0.6032338308457711,2479
0.6037267080745342,2480
0.6029776674937966,2481
0.6034696406443618,2482
0.6027227722772277,2483
0.6019777503090235,2484
0.6024691358024692,2485
0.6017262638717632,2486
0.6009852216748769,2487
0.6014760147601476,2488
0.601965601965602,2489
0.6024539877300613,2490
0.6029411764705882,2491
0.6034271725826194,2492
0.6026894865525673,2493
0.6019536019536019,2494
0.6024390243902439,2495
0.6017052375152253,2496
0.6021897810218978,2497
0.6026731470230863,2498
0.6031553398058253,2499
0.6036363636363636,2500
0.6029055690072639,2501
0.6033857315598549,2502
0.6038647342995169,2503
0.6031363088057901,2504
0.6024096385542169,2505
0.6028880866425993,2506
0.6033653846153846,2507
0.6038415366146459,2508
0.6031175059952039,2509
0.6035928143712574,2510
0.6028708133971292,2511
0.6033452807646356,2512
0.6026252983293556,2513
0.6030989272943981,2514
0.6035714285714285,2515
0.6040428061831153,2516
0.6045130641330166,2517
0.604982206405694,2518
0.6042654028436019,2519
0.6047337278106509,2520
0.6052009456264775,2521
0.6056670602125147,2522
0.6049528301886793,2523
0.6054181389870436,2524
0.6058823529411764,2525
0.6063454759106933,2526
0.6068075117370892,2527
0.6060961313012896,2528
0.6065573770491803,2529
0.6058479532163743,2530
0.6051401869158879,2531
0.6056009334889149,2532
0.6048951048951049,2533
0.6053550640279395,2534
0.6046511627906976,2535
0.6051103368176539,2536
0.6044083526682135,2537
0.6037079953650057,2538
0.6030092592592593,2539
0.6034682080924856,2540
0.6039260969976905,2541
0.6032295271049596,2542
0.6025345622119815,2543
0.6029919447640967,2544
0.6022988505747127,2545
0.6016073478760046,2546
0.6020642201834863,2547
0.6025200458190149,2548
0.6018306636155606,2549
0.6011428571428571,2550
0.6004566210045662,2551
0.5997719498289624,2552
0.6002277904328018,2553
0.6006825938566553,2554
0.6,2555
0.6004540295119183,2556
0.6009070294784581,2557
0.6002265005662514,2558
0.6006787330316742,2559
0.6011299435028249,2560
0.600451467268623,2561
0.6009019165727171,2562
0.6013513513513513,2563
0.6017997750281214,2564
0.601123595505618,2565
0.6015712682379349,2566
0.602017937219731,2567
0.6013437849944009,2568
0.6006711409395973,2569
0.6,2570
0.5993303571428571,2571
0.5997770345596433,2572
0.6002227171492205,2573
0.6006674082313682,2574
0.6,2575
0.5993340732519423,2576
0.5986696230598669,2577
0.5991140642303433,2578
0.5984513274336283,2579
0.5977900552486188,2580
0.5982339955849889,2581
0.5986769570011026,2582
0.5991189427312775,2583
0.5995599559955995,2584
0.6,2585
0.6004390779363337,2586
0.6008771929824561,2587
0.6013143483023001,2588
0.600656455142232,2589
0.6,2590
0.6004366812227074,2591
0.5997818974918212,2592
0.599128540305011,2593
0.5995647442872688,2594
0.6,2595
0.5993485342019544,2596
0.5986984815618221,2597
0.5980498374864572,2598
0.5984848484848485,2599
0.5989189189189189,2600
0.5982721382289417,2601
0.598705501618123,2602
0.5980603448275862,2603
0.5974165769644779,2604
0.5978494623655914,2605
0.5972073039742213,2606
0.5965665236051502,2607
0.5959271168274384,2608
0.5952890792291221,2609
0.5946524064171123,2610
0.594017094017094,2611
0.5944503735325507,2612
0.593816631130064,2613
0.5942492012779552,2614
0.5946808510638298,2615
0.5951115834218916,2616
0.5944798301486199,2617
0.5949098621420997,2618
0.5942796610169492,2619
0.5936507936507937,2620
0.5930232558139535,2621
0.5923970432946146,2622
0.5928270042194093,2623
0.5932560590094836,2624
0.5936842105263158,2625
0.594111461619348,2626
0.5945378151260504,2627
0.5949632738719832,2628
0.5953878406708596,2629
0.5958115183246073,2630
0.5962343096234309,2631
0.5966562173458725,2632
0.5970772442588727,2633
0.5964546402502607,2634
0.596875,2635
0.5962539021852237,2636
0.5966735966735967,2637
0.5970924195223261,2638
0.5975103734439834,2639
0.5979274611398964,2640
0.5973084886128365,2641
0.5977249224405378,2642
0.5981404958677686,2643
0.5985552115583075,2644
0.5979381443298969,2645
0.5973223480947477,2646
0.5967078189300411,2647
0.5960945529290853,2648
0.5965092402464066,2649
0.5969230769230769,2650
0.5973360655737705,2651
0.5977482088024565,2652
0.598159509202454,2653
0.5985699693564862,2654
0.5979591836734693,2655
0.5983690112130479,2656
0.5977596741344195,2657
0.5981688708036622,2658
0.5985772357723578,2659
0.5989847715736041,2660
0.5993914807302231,2661
0.5987841945288754,2662
0.5981781376518218,2663
0.5975733063700708,2664
0.597979797979798,2665
0.5983854692230071,2666
0.5977822580645161,2667
0.5971802618328298,2668
0.5975855130784709,2669
0.5979899497487438,2670
0.5983935742971888,2671
0.5977933801404213,2672
0.5981963927855711,2673
0.5985985985985987,2674
0.598,2675
0.5984015984015985,2676
0.5988023952095808,2677
0.5982053838484547,2678
0.5976095617529881,2679
0.5980099502487563,2680
0.5984095427435387,2681
0.5988083416087389,2682
0.5982142857142857,2683
0.5986124876114965,2684
0.599009900990099,2685
0.599406528189911,2686
0.599802371541502,2687
0.6001974333662389,2688
0.6005917159763313,2689
0.6009852216748769,2690
0.6003937007874016,2691
0.6007866273352999,2692
0.6011787819253438,2693
0.6015701668302257,2694
0.6019607843137255,2695
0.6023506366307542,2696
0.601761252446184,2697
0.6011730205278593,2698
0.6005859375,2699
0.6009756097560975,2700
0.601364522417154,2701
0.6017526777020448,2702
0.6021400778210116,2703
0.6025267249757046,2704
0.6029126213592233,2705
0.6032977691561591,2706
0.6027131782945736,2707
0.6021297192642788,2708
0.6015473887814313,2709
0.6019323671497585,2710
0.6023166023166023,2711
0.6017357762777242,2712
0.6021194605009634,2713
0.602502406159769,2714
0.6028846153846154,2715
0.6032660902977905,2716
0.6026871401151631,2717
0.6021093000958773,2718
0.6024904214559387,2719
0.6019138755980862,2720
0.6013384321223709,2721
0.600764087870105,2722
0.6001908396946565,2723
0.6005719733079123,2724
0.6,2725
0.6003805899143673,2726
0.6007604562737643,2727
0.6011396011396012,2728
0.6005692599620494,2729
0.6009478672985782,2730
0.6013257575757576,2731
0.6017029328287606,2732
0.6020793950850661,2733
0.6015108593012276,2734
0.6018867924528302,2735
0.6022620169651273,2736
0.6016949152542372,2737
0.6011288805268109,2738
0.6015037593984962,2739
0.6018779342723005,2740
0.6013133208255159,2741
0.6016869728209935,2742
0.6020599250936329,2743
0.6024321796071095,2744
0.6018691588785047,2745
0.6022408963585434,2746
0.6026119402985075,2747
0.6029822926374651,2748
0.6024208566108007,2749
0.6018604651162791,2750
0.6022304832713755,2751
0.6025998142989787,2752
0.6020408163265306,2753
0.6014828544949027,2754
0.600925925925926,2755
0.6003700277520814,2756
0.600739371534196,2757
0.6011080332409973,2758
0.6014760147601476,2759
0.6018433179723502,2760
0.6022099447513812,2761
0.6016559337626495,2762
0.6020220588235294,2763
0.6014692378328742,2764
0.6009174311926605,2765
0.6012832263978002,2766
0.6016483516483516,2767
0.6010978956999085,2768
0.6014625228519196,2769
0.6018264840182649,2770
0.6021897810218978,2771
0.6025524156791249,2772
0.6029143897996357,2773
0.6032757051865332,2774
0.6027272727272728,2775
0.6021798365122616,2776
0.6025408348457351,2777
0.6019945602901179,2778
0.6014492753623188,2779
0.6018099547511312,2780
0.6021699819168174,2781
0.6016260162601627,2782
0.601985559566787,2783
0.6023444544634806,2784
0.6018018018018018,2785
0.6012601260126013,2786
0.6007194244604317,2787
0.601078167115903,2788
0.6014362657091562,2789
0.6017937219730942,2790
0.6021505376344086,2791
0.6025067144136079,2792
0.6028622540250447,2793
0.6032171581769437,2794
0.6035714285714285,2795
0.6039250669045495,2796
0.6042780748663101,2797
0.6046304541406946,2798
0.604982206405694,2799
0.6053333333333333,2800
0.6047957371225577,2801
0.6042590949423248,2802
0.6046099290780141,2803
0.6049601417183348,2804
0.6053097345132743,2805
0.6047745358090185,2806
0.6051236749116607,2807
0.6045895851721095,2808
0.6040564373897708,2809
0.6035242290748899,2810
0.6029929577464789,2811
0.6024626209322779,2812
0.6028119507908611,2813
0.6031606672519754,2814
0.6026315789473684,2815
0.6029798422436459,2816
0.6033274956217163,2817
0.6036745406824147,2818
0.6040209790209791,2819
0.6043668122270742,2820
0.6038394415357766,2821
0.6041848299912816,2822
0.6036585365853658,2823
0.6031331592689295,2824
0.6034782608695652,2825
0.6038227628149435,2826
0.6032986111111112,2827
0.603642671292281,2828
0.6031195840554593,2829
0.6025974025974026,2830
0.6020761245674741,2831
0.6024200518582541,2832
0.6027633851468048,2833
0.6031061259706644,2834
0.603448275862069,2835
0.6037898363479759,2836
0.6032702237521514,2837
0.6036113499570077,2838
0.6039518900343642,2839
0.6034334763948498,2840
0.6037735849056604,2841
0.6041131105398457,2842
0.6044520547945206,2843
0.6047904191616766,2844
0.6051282051282051,2845
0.605465414175918,2846
0.6049488054607508,2847
0.6044330775788577,2848
0.6047700170357752,2849
0.6042553191489362,2850
0.6037414965986394,2851
0.6040781648258283,2852
0.6044142614601019,2853
0.6047497879558948,2854
0.6042372881355932,2855
0.6045723962743438,2856
0.6040609137055838,2857
0.6043956043956044,2858
0.6038851351351351,2859
0.6042194092827005,2860
0.6037099494097807,2861
0.603201347935973,2862
0.6026936026936027,2863
0.6021867115222876,2864
0.6016806722689075,2865
0.6020151133501259,2866
0.6023489932885906,2867
0.6026823134953898,2868
0.602177554438861,2869
0.602510460251046,2870
0.6028428093645485,2871
0.6031746031746031,2872
0.6026711185308848,2873
0.6030025020850709,2874
0.6033333333333334,2875
0.6036636136552873,2876
0.6039933444259568,2877
0.6034912718204489,2878
0.6029900332225914,2879
0.6024896265560166,2880
inf,2881
0.0,2882
0.5,2883
0.3333333333333333,2884
0.25,2885
0.4,2886
0.5,2887
0.5714285714285714,2888
0.625,2889
0.5555555555555556,2890
0.5,2891
0.5454545454545454,2892
0.5,2893
0.5384615384615384,2894
0.5,2895
0.5333333333333333,2896
0.5625,2897
0.5294117647058824,2898
0.5555555555555556,2899
0.5789473684210527,2900
0.6,2901
0.6190476190476191,2902
0.5909090909090909,2903
0.6086956521739131,2904
0.625,2905
0.6,2906
0.6153846153846154,2907
0.5925925925925926,2908
0.6071428571428571,2909
0.5862068965517241,2910
0.6,2911
0.5806451612903226,2912
0.5625,2913
0.5757575757575758,2914
0.5882352941176471,2915
0.5714285714285714,2916
0.5833333333333334,2917
0.5945945945945946,2918
0.6052631578947368,2919
0.5897435897435898,2920
0.6,2921
0.6097560975609756,2922
0.6190476190476191,2923
0.627906976744186,2924
0.6136363636363636,2925
0.6,2926
0.6086956521739131,2927
0.6170212765957447,2928
0.6041666666666666,2929
0.6122448979591837,2930
0.6,2931
0.6078431372549019,2932
0.6153846153846154,2933
0.6037735849056604,2934
0.6111111111111112,2935
0.6181818181818182,2936
0.625,2937
0.631578947368421,2938
0.6379310344827587,2939
0.6440677966101694,2940
0.65,2941
0.6557377049180327,2942
0.6612903225806451,2943
0.6666666666666666,2944
0.671875,2945
0.6615384615384615,2946
0.6666666666666666,2947
0.6716417910447762,2948
0.6764705882352942,2949
0.6811594202898551,2950
0.6857142857142857,2951
0.676056338028169,2952
0.6805555555555556,2953
0.6712328767123288,2954
0.6621621621621622,2955
0.6666666666666666,2956
0.6710526315789473,2957
0.6753246753246753,2958
0.6794871794871795,2959
0.6835443037974683,2960
0.675,2961
0.6790123456790124,2962
0.6829268292682927,2963
0.6867469879518072,2964
0.6904761904761905,2965
0.6941176470588235,2966
0.686046511627907,2967
0.6781609195402298,2968
0.6818181818181818,2969
0.6741573033707865,2970
0.6777777777777778,2971
0.6703296703296703,2972
0.6739130434782609,2973
0.6774193548387096,2974
0.6808510638297872,2975
0.6842105263157895,2976
0.6875,2977
0.6804123711340206,2978
0.6836734693877551,2979
0.6868686868686869,2980
0.69,2981
0.6831683168316832,2982
0.6764705882352942,2983
0.6796116504854369,2984
0.6730769230769231,2985
0.6666666666666666,2986
0.660377358490566,2987
0.6635514018691588,2988
0.6574074074074074,2989
0.6513761467889908,2990
0.6454545454545455,2991
0.6486486486486487,2992
0.6517857142857143,2993
0.6548672566371682,2994
0.6491228070175439,2995
0.6521739130434783,2996
0.646551724137931,2997
0.6410256410256411,2998
0.6440677966101694,2999
0.6470588235294118,3000
0.65,3001
0.6528925619834711,3002
0.6557377049180327,3003
0.6585365853658537,3004
0.6532258064516129,3005
0.648,3006
0.6428571428571429,3007
0.6456692913385826,3008
0.640625,3009
0.6434108527131783,3010
0.6461538461538462,3011
0.648854961832061,3012
0.6515151515151515,3013
0.6541353383458647,3014
0.6567164179104478,3015
0.6592592592592592,3016
0.6544117647058824,3017
0.656934306569343,3018
0.6521739130434783,3019
0.6474820143884892,3020
0.6428571428571429,3021
0.6453900709219859,3022
0.647887323943662,3023
0.6503496503496503,3024
0.6458333333333334,3025
0.6482758620689655,3026
0.6438356164383562,3027
0.6462585034013606,3028
0.6418918918918919,3029
0.6442953020134228,3030
0.64,3031
0.6423841059602649,3032
0.6447368421052632,3033
0.6405228758169934,3034
0.6363636363636364,3035
0.632258064516129,3036
0.6346153846153846,3037
0.6369426751592356,3038
0.6392405063291139,3039
0.6415094339622641,3040
0.64375,3041
0.639751552795031,3042
0.6419753086419753,3043
0.6441717791411042,3044
0.6402439024390244,3045
0.6424242424242425,3046
0.6385542168674698,3047
0.6347305389221557,3048
0.6369047619047619,3049
0.6331360946745562,3050
0.6352941176470588,3051
0.6374269005847953,3052
0.6395348837209303,3053
0.6416184971098265,3054
0.6436781609195402,3055
0.6457142857142857,3056
0.6477272727272727,3057
0.6497175141242938,3058
0.651685393258427,3059
0.6536312849162011,3060
0.65,3061
0.6519337016574586,3062
0.6483516483516484,3063
0.644808743169399,3064
0.6467391304347826,3065
0.6432432432432432,3066
0.6451612903225806,3067
0.6470588235294118,3068
0.648936170212766,3069
0.6455026455026455,3070
0.6421052631578947,3071
0.643979057591623,3072
0.640625,3073
0.6424870466321243,3074
0.6391752577319587,3075
0.6410256410256411,3076
0.6428571428571429,3077
0.6446700507614214,3078
0.6414141414141414,3079
0.6432160804020101,3080
0.64,3081
0.6417910447761194,3082
0.6435643564356436,3083
0.645320197044335,3084
0.6470588235294118,3085
0.6487804878048781,3086
0.6456310679611651,3087
0.6473429951690821,3088
0.6490384615384616,3089
0.645933014354067,3090
0.6428571428571429,3091
0.6398104265402843,3092
0.6415094339622641,3093
0.6384976525821596,3094
0.6401869158878505,3095
0.641860465116279,3096
0.6388888888888888,3097
0.6359447004608295,3098
0.6330275229357798,3099
0.634703196347032,3100
0.6318181818181818,3101
0.6289592760180995,3102
0.6261261261261262,3103
0.6233183856502242,3104
0.625,3105
0.6222222222222222,3106
0.6194690265486725,3107
0.6211453744493393,3108
0.618421052631579,3109
0.6200873362445415,3110
0.6217391304347826,3111
0.6233766233766234,3112
0.6206896551724138,3113
0.6223175965665236,3114
0.6239316239316239,3115
0.6212765957446809,3116
0.6228813559322034,3117
0.620253164556962,3118
0.6218487394957983,3119
0.6192468619246861,3120
0.6208333333333333,3121
0.6182572614107884,3122
0.6157024793388429,3123
0.6172839506172839,3124
0.6188524590163934,3125
0.6204081632653061,3126
0.6178861788617886,3127
0.6153846153846154,3128
0.6129032258064516,3129
0.6144578313253012,3130
0.616,3131
0.6175298804780877,3132
0.6190476190476191,3133
0.616600790513834,3134
0.6181102362204725,3135
0.615686274509804,3136
0.61328125,3137
0.6147859922178989,3138
0.6162790697674418,3139
0.6138996138996139,3140
0.6115384615384616,3141
0.6091954022988506,3142
0.6106870229007634,3143
0.6083650190114068,3144
0.6060606060606061,3145
0.6075471698113207,3146
0.6052631578947368,3147
0.6067415730337079,3148
0.6044776119402985,3149
0.6059479553903345,3150
0.6074074074074074,3151
0.6051660516605166,3152
0.6029411764705882,3153
0.6043956043956044,3154
0.6058394160583942,3155
0.6072727272727273,3156
0.6086956521739131,3157
0.6101083032490975,3158
0.6115107913669064,3159
0.6129032258064516,3160
0.6142857142857143,3161
0.6156583629893239,3162
0.6134751773049646,3163
0.6113074204946997,3164
0.6126760563380281,3165
0.6140350877192983,3166
0.6153846153846154,3167
0.6167247386759582,3168
0.6180555555555556,3169
0.615916955017301,3170
0.6172413793103448,3171
0.6151202749140894,3172
0.613013698630137,3173
0.6109215017064846,3174
0.6122448979591837,3175
0.6101694915254238,3176
0.6081081081081081,3177
0.6060606060606061,3178
0.6073825503355704,3179
0.6086956521739131,3180
0.6066666666666667,3181
0.6079734219269103,3182
0.6059602649006622,3183
0.6039603960396039,3184
0.6052631578947368,3185
0.6065573770491803,3186
0.6078431372549019,3187
0.6058631921824105,3188
0.6071428571428571,3189
0.6084142394822006,3190
0.6096774193548387,3191
0.6109324758842444,3192
0.6089743589743589,3193
0.610223642172524,3194
0.60828025477707,3195
0.6063492063492063,3196
0.6075949367088608,3197
0.6088328075709779,3198
0.6069182389937107,3199
0.6081504702194357,3200
0.60625,3201
0.6043613707165109,3202
0.6055900621118012,3203
0.6068111455108359,3204
0.6080246913580247,3205
0.6092307692307692,3206
0.6104294478527608,3207
0.6085626911314985,3208
0.6097560975609756,3209
0.6109422492401215,3210
0.6090909090909091,3211
0.6072507552870091,3212
0.6054216867469879,3213
0.6036036036036037,3214
0.6047904191616766,3215
0.6059701492537314,3216
0.6071428571428571,3217
0.6053412462908012,3218
0.606508875739645,3219
0.6076696165191741,3220
0.6058823529411764,3221
0.6070381231671554,3222
0.6081871345029239,3223
0.60932944606414,3224
0.6104651162790697,3225
0.6115942028985507,3226
0.6098265895953757,3227
0.6109510086455331,3228
0.6120689655172413,3229
0.6131805157593123,3230
0.6142857142857143,3231
0.6153846153846154,3232
0.6136363636363636,3233
0.6118980169971672,3234
0.6101694915254238,3235
0.6112676056338028,3236
0.6123595505617978,3237
0.6106442577030813,3238
0.6089385474860335,3239
0.6072423398328691,3240
0.6055555555555555,3241
0.6038781163434903,3242
0.6022099447513812,3243
0.6033057851239669,3244
0.6016483516483516,3245
0.6027397260273972,3246
0.6038251366120219,3247
0.6021798365122616,3248
0.6005434782608695,3249
0.6016260162601627,3250
0.6027027027027027,3251
0.6037735849056604,3252
0.6048387096774194,3253
0.6032171581769437,3254
0.6016042780748663,3255
0.6026666666666667,3256
0.601063829787234,3257
0.6021220159151194,3258
0.6005291005291006,3259
0.5989445910290238,3260
0.5973684210526315,3261
0.5984251968503937,3262
0.599476439790576,3263
0.597911227154047,3264
0.5989583333333334,3265
0.5974025974025974,3266
0.5958549222797928,3267
0.5943152454780362,3268
0.5927835051546392,3269
0.5938303341902313,3270
0.5923076923076923,3271
0.5907928388746803,3272
0.5918367346938775,3273
0.5903307888040712,3274
0.5913705583756346,3275
0.589873417721519,3276
0.5883838383838383,3277
0.5869017632241813,3278
0.5879396984924623,3279
0.5864661654135338,3280
0.585,3281
0.5835411471321695,3282
0.5845771144278606,3283
0.5831265508684863,3284
0.5816831683168316,3285
0.5802469135802469,3286
0.5788177339901478,3287
0.5773955773955773,3288
0.5759803921568627,3289
0.5770171149144254,3290
0.5756097560975609,3291
0.5742092457420924,3292
0.5752427184466019,3293
0.5738498789346247,3294
0.5748792270531401,3295
0.5759036144578313,3296
0.5745192307692307,3297
0.5755395683453237,3298
0.5741626794258373,3299
0.5751789976133651,3300
0.5761904761904761,3301
0.5748218527315915,3302
0.5758293838862559,3303
0.5768321513002365,3304
0.5778301886792453,3305
0.5788235294117647,3306
0.5774647887323944,3307
0.5761124121779859,3308
0.5747663551401869,3309
0.5757575757575758,3310
0.5744186046511628,3311
0.5730858468677494,3312
0.5740740740740741,3313
0.5750577367205543,3314
0.5737327188940092,3315
0.5747126436781609,3316
0.573394495412844,3317
0.5720823798627003,3318
0.5730593607305936,3319
0.5740318906605922,3320
0.575,3321
0.5736961451247166,3322
0.5723981900452488,3323
0.5733634311512416,3324
0.5743243243243243,3325
0.5752808988764045,3326
0.5762331838565022,3327
0.5749440715883669,3328
0.5758928571428571,3329
0.5746102449888641,3330
0.5755555555555556,3331
0.5742793791574279,3332
0.5730088495575221,3333
0.5739514348785872,3334
0.5748898678414097,3335
0.5736263736263736,3336
0.5745614035087719,3337
0.5754923413566739,3338
0.574235807860262,3339
0.5729847494553377,3340
0.5739130434782609,3341
0.5748373101952278,3342
0.5735930735930735,3343
0.5745140388768899,3344
0.5754310344827587,3345
0.5763440860215053,3346
0.5772532188841202,3347
0.5781584582441114,3348
0.5790598290598291,3349
0.579957356076759,3350
0.5808510638297872,3351
0.5817409766454352,3352
0.5826271186440678,3353
0.5835095137420718,3354
0.5822784810126582,3355
0.5831578947368421,3356
0.5840336134453782,3357
0.5828092243186582,3358
0.5836820083682008,3359
0.5824634655532359,3360
0.5833333333333334,3361
0.5841995841995842,3362
0.5850622406639004,3363
0.5859213250517599,3364
0.5867768595041323,3365
0.5876288659793815,3366
0.588477366255144,3367
0.5872689938398358,3368
0.5860655737704918,3369
0.5869120654396728,3370
0.5877551020408164,3371
0.5885947046843177,3372
0.5873983739837398,3373
0.5882352941176471,3374
0.5870445344129555,3375
0.5858585858585859,3376
0.5866935483870968,3377
0.5875251509054326,3378
0.5863453815261044,3379
0.5871743486973948,3380
0.586,3381
0.5868263473053892,3382
0.5876494023904383,3383
0.5864811133200796,3384
0.5873015873015873,3385
0.5861386138613861,3386
0.5869565217391305,3387
0.5877712031558185,3388
0.5885826771653543,3389
0.587426326129666,3390
0.5862745098039216,3391
0.5870841487279843,3392
0.587890625,3393
0.5886939571150097,3394
0.5875486381322957,3395
0.5883495145631068,3396
0.5891472868217055,3397
0.5880077369439072,3398
0.5868725868725869,3399
0.5876685934489403,3400
0.5884615384615385,3401
0.5892514395393474,3402
0.5881226053639846,3403
0.5869980879541109,3404
0.5858778625954199,3405
0.5847619047619048,3406
0.5855513307984791,3407
0.5844402277039848,3408
0.5852272727272727,3409
0.5860113421550095,3410
0.5867924528301887,3411
0.5875706214689266,3412
0.5864661654135338,3413
0.5872420262664165,3414
0.5880149812734082,3415
0.5887850467289719,3416
0.5895522388059702,3417
0.5884543761638734,3418
0.587360594795539,3419
0.5862708719851577,3420
0.587037037037037,3421
0.5878003696857671,3422
0.5867158671586716,3423
0.5874769797421732,3424
0.5882352941176471,3425
0.5889908256880734,3426
0.5879120879120879,3427
0.5886654478976234,3428
0.5875912408759124,3429
0.5865209471766849,3430
0.5854545454545454,3431
0.5862068965517241,3432
0.5869565217391305,3433
0.5877034358047016,3434
0.5884476534296029,3435
0.5891891891891892,3436
0.5899280575539568,3437
0.5906642728904847,3438
0.5913978494623656,3439
0.592128801431127,3440
0.5910714285714286,3441
0.5900178253119429,3442
0.5889679715302492,3443
0.5896980461811723,3444
0.5904255319148937,3445
0.5911504424778761,3446
0.5918727915194346,3447
0.5925925925925926,3448
0.5915492957746479,3449
0.5905096660808435,3450
0.5912280701754385,3451
0.5901926444833625,3452
0.5909090909090909,3453
0.5916230366492147,3454
0.5923344947735192,3455
0.5930434782608696,3456
0.5920138888888888,3457
0.5927209705372617,3458
0.5916955017301038,3459
0.5924006908462867,3460
0.593103448275862,3461
0.5938037865748709,3462
0.5945017182130584,3463
0.5934819897084048,3464
0.5941780821917808,3465
0.5948717948717949,3466
0.5955631399317406,3467
0.5945485519591142,3468
0.5935374149659864,3469
0.5925297113752123,3470
0.5932203389830508,3471
0.5939086294416244,3472
0.5929054054054054,3473
0.5935919055649241,3474
0.5942760942760943,3475
0.5949579831932773,3476
0.5939597315436241,3477
0.5946398659966499,3478
0.5936454849498328,3479
0.5943238731218697,3480
0.595,3481
0.5956738768718802,3482
0.5946843853820598,3483
0.593698175787728,3484
0.5927152317880795,3485
0.5917355371900826,3486
0.5924092409240924,3487
0.5930807248764415,3488
0.5921052631578947,3489
0.5927750410509032,3490
0.5918032786885246,3491
0.5908346972176759,3492
0.5898692810457516,3493
0.5905383360522023,3494
0.5912052117263844,3495
0.591869918699187,3496
0.5909090909090909,3497
0.5899513776337115,3498
0.5889967637540453,3499
0.5896607431340872,3500
0.5903225806451613,3501
0.5893719806763285,3502
0.5884244372990354,3503
0.5874799357945425,3504
0.5881410256410257,3505
0.5888,3506
0.5878594249201278,3507
0.5885167464114832,3508
0.589171974522293,3509
0.5882352941176471,3510
0.5888888888888889,3511
0.589540412044374,3512
0.5901898734177216,3513
0.5908372827804107,3514
0.5899053627760252,3515
0.5905511811023622,3516
0.5911949685534591,3517
0.5918367346938775,3518
0.5909090909090909,3519
0.5899843505477308,3520
0.590625,3521
0.5912636505460218,3522
0.5903426791277259,3523
0.5894245723172629,3524
0.5900621118012422,3525
0.5906976744186047,3526
0.5913312693498453,3527
0.5904173106646059,3528
0.5895061728395061,3529
0.588597842835131,3530
0.5892307692307692,3531
0.5898617511520737,3532
0.5904907975460123,3533
0.5895865237366003,3534
0.5902140672782875,3535
0.5908396946564886,3536
0.5914634146341463,3537
0.5905631659056316,3538
0.5911854103343465,3539
0.5918057663125948,3540
0.5909090909090909,3541
0.5915279878971256,3542
0.5906344410876133,3543
0.5912518853695324,3544
0.5918674698795181,3545
0.5924812030075188,3546
0.5930930930930931,3547
0.5937031484257871,3548
0.594311377245509,3549
0.593423019431988,3550
0.5925373134328358,3551
0.5916542473919523,3552
0.5907738095238095,3553
0.5898959881129272,3554
0.5890207715133531,3555
0.5881481481481482,3556
0.5872781065088757,3557
0.5878877400295421,3558
0.588495575221239,3559
0.5891016200294551,3560
0.5897058823529412,3561
0.5903083700440529,3562
0.5909090909090909,3563
0.5900439238653001,3564
0.5906432748538012,3565
0.5912408759124088,3566
0.5903790087463557,3567
0.5909752547307132,3568
0.5915697674418605,3569
0.590711175616836,3570
0.591304347826087,3571
0.5904486251808972,3572
0.5895953757225434,3573
0.5901875901875901,3574
0.5893371757925072,3575
0.5899280575539568,3576
0.5890804597701149,3577
0.5896700143472023,3578
0.5888252148997135,3579
0.5894134477825465,3580
0.59,3581
0.5905848787446505,3582
0.5911680911680912,3583
0.5917496443812233,3584
0.5923295454545454,3585
0.5914893617021276,3586
0.5906515580736544,3587
0.5898161244695899,3588
0.5903954802259888,3589
0.5909732016925247,3590
0.5915492957746479,3591
0.5907172995780591,3592
0.5912921348314607,3593
0.5904628330995793,3594
0.5896358543417367,3595
0.5902097902097903,3596
0.590782122905028,3597
0.5899581589958159,3598
0.5905292479108635,3599
0.5897079276773296,3600
0.5902777777777778,3601
0.5908460471567267,3602
0.5914127423822715,3603
0.5919778699861687,3604
0.5925414364640884,3605
0.593103448275862,3606
0.5922865013774105,3607
0.5928473177441541,3608
0.592032967032967,3609
0.5925925925925926,3610
0.5917808219178082,3611
0.5923392612859097,3612
0.5915300546448088,3613
0.592087312414734,3614
0.5912806539509536,3615
0.5904761904761905,3616
0.5896739130434783,3617
0.5888738127544098,3618
0.5880758807588076,3619
0.5886332882273342,3620
0.5891891891891892,3621
0.5897435897435898,3622
0.5902964959568733,3623
0.5895020188425303,3624
0.5900537634408602,3625
0.5892617449664429,3626
0.5884718498659517,3627
0.5890227576974565,3628
0.589572192513369,3629
0.5887850467289719,3630
0.588,3631
0.5885486018641811,3632
0.589095744680851,3633
0.5883134130146083,3634
0.5888594164456233,3635
0.5894039735099338,3636
0.58994708994709,3637
0.5891677675033025,3638
0.5897097625329816,3639
0.5889328063241107,3640
0.5894736842105263,3641
0.5900131406044679,3642
0.589238845144357,3643
0.5884665792922673,3644
0.5890052356020943,3645
0.5882352941176471,3646
0.587467362924282,3647
0.5867014341590613,3648
0.5872395833333334,3649
0.58777633289987,3650
0.587012987012987,3651
0.5862516212710766,3652
0.5867875647668394,3653
0.5873221216041398,3654
0.5878552971576227,3655
0.5883870967741935,3656
0.5889175257731959,3657
0.5894465894465895,3658
0.589974293059126,3659
0.5905006418485238,3660
0.5897435897435898,3661
0.58898847631242,3662
0.5895140664961637,3663
0.5900383141762452,3664
0.5905612244897959,3665
0.5898089171974522,3666
0.5903307888040712,3667
0.5895806861499364,3668
0.5888324873096447,3669
0.5880861850443599,3670
0.5873417721518988,3671
0.5878634639696586,3672
0.5871212121212122,3673
0.587641866330391,3674
0.5881612090680101,3675
0.5886792452830188,3676
0.5879396984924623,3677
0.588456712672522,3678
0.5889724310776943,3679
0.5882352941176471,3680
0.58875,3681
0.5880149812734082,3682
0.5885286783042394,3683
0.589041095890411,3684
0.5895522388059702,3685
0.5888198757763975,3686
0.5893300248138957,3687
0.5898389095415117,3688
0.5891089108910891,3689
0.588380716934487,3690
0.5876543209876544,3691
0.5869297163995068,3692
0.5874384236453202,3693
0.5879458794587946,3694
0.5872235872235873,3695
0.5865030674846625,3696
0.5870098039215687,3697
0.587515299877601,3698
0.58679706601467,3699
0.5873015873015873,3700
0.5878048780487805,3701
0.5883069427527405,3702
0.5888077858880778,3703
0.5880923450789793,3704
0.587378640776699,3705
0.5878787878787879,3706
0.5883777239709443,3707
0.5888754534461911,3708
0.5893719806763285,3709
0.5898673100120627,3710
0.5891566265060241,3711
0.5896510228640193,3712
0.5901442307692307,3713
0.5894357743097239,3714
0.5887290167865707,3715
0.5880239520958084,3716
0.5885167464114832,3717
0.5890083632019116,3718
0.5894988066825776,3719
0.5899880810488677,3720
0.5904761904761905,3721
0.5909631391200951,3722
0.5902612826603325,3723
0.5907473309608541,3724
0.590047393364929,3725
0.5905325443786982,3726
0.5910165484633569,3727
0.5903187721369539,3728
0.589622641509434,3729
0.5889281507656066,3730
0.5894117647058823,3731
0.5898942420681551,3732
0.5903755868544601,3733
0.5908558030480656,3734
0.5901639344262295,3735
0.5906432748538012,3736
0.5899532710280374,3737
0.5904317386231038,3738
0.5909090909090909,3739
0.5913853317811408,3740
0.5906976744186047,3741
0.5911730545876888,3742
0.5904872389791184,3743
0.5909617612977984,3744
0.5902777777777778,3745
0.5907514450867052,3746
0.5900692840646651,3747
0.5893886966551326,3748
0.5887096774193549,3749
0.5880322209436134,3750
0.5885057471264368,3751
0.5889781859931114,3752
0.588302752293578,3753
0.5876288659793815,3754
0.5881006864988558,3755
0.5874285714285714,3756
0.58675799086758,3757
0.5860889395667047,3758
0.5865603644646925,3759
0.5870307167235495,3760
0.5875,3761
0.5879682179341658,3762
0.5873015873015873,3763
0.5866364665911665,3764
0.5871040723981901,3765
0.5875706214689266,3766
0.5880361173814899,3767
0.5873731679819617,3768
0.5878378378378378,3769
0.5871766029246345,3770
0.5865168539325842,3771
0.5858585858585859,3772
0.5863228699551569,3773
0.5867861142217246,3774
0.587248322147651,3775
0.5865921787709497,3776
0.5859375,3777
0.5852842809364549,3778
0.5846325167037862,3779
0.5850945494994438,3780
0.5844444444444444,3781
0.5837957824639289,3782
0.5842572062084257,3783
0.584717607973422,3784
0.5851769911504425,3785
0.5845303867403315,3786
0.5838852097130243,3787
0.5832414553472988,3788
0.5825991189427313,3789
0.583058305830583,3790
0.5835164835164836,3791
0.5828759604829857,3792
0.5822368421052632,3793
0.5815991237677984,3794
0.5820568927789934,3795
0.5825136612021858,3796
0.5818777292576419,3797
0.5812431842966194,3798
0.5806100217864923,3799
0.5799782372143635,3800
0.5793478260869566,3801
0.5787187839305103,3802
0.579175704989154,3803
0.5796316359696642,3804
0.5800865800865801,3805
0.5805405405405405,3806
0.5799136069114471,3807
0.5803667745415318,3808
0.5797413793103449,3809
0.5791173304628633,3810
0.5795698924731183,3811
0.5800214822771214,3812
0.5804721030042919,3813
0.5809217577706324,3814
0.5802997858672377,3815
0.5807486631016042,3816
0.5801282051282052,3817
0.5805763073639274,3818
0.5810234541577826,3819
0.5814696485623003,3820
0.5819148936170213,3821
0.5812964930924548,3822
0.5817409766454352,3823
0.5821845174973489,3824
0.5826271186440678,3825
0.5830687830687831,3826
0.5835095137420718,3827
0.5828933474128828,3828
0.5822784810126582,3829
0.5816649104320337,3830
0.5821052631578948,3831
0.5825446898002103,3832
0.5819327731092437,3833
0.5823714585519413,3834
0.5817610062893082,3835
0.5821989528795811,3836
0.5826359832635983,3837
0.5830721003134797,3838
0.5824634655532359,3839
0.5828988529718456,3840
0.5833333333333334,3841
0.5837669094693028,3842
0.5831600831600832,3843
0.5835929387331257,3844
0.5840248962655602,3845
0.583419689119171,3846
0.5838509316770186,3847
0.5842812823164426,3848
0.5847107438016529,3849
0.5851393188854489,3850
0.5845360824742268,3851
0.583934088568486,3852
0.5843621399176955,3853
0.5837615621788284,3854
0.5831622176591376,3855
0.5825641025641025,3856
0.5829918032786885,3857
0.5823950870010235,3858
0.5828220858895705,3859
0.5832482124616956,3860
0.5836734693877551,3861
0.583078491335372,3862
0.5835030549898167,3863
0.5839267548321465,3864
0.584349593495935,3865
0.584771573604061,3866
0.5841784989858012,3867
0.5845997973657548,3868
0.5850202429149798,3869
inf,3870
0.0,3871
0.5,3872
0.6666666666666666,3873
0.75,3874
0.8,3875
0.6666666666666666,3876
0.7142857142857143,3877
0.75,3878
0.6666666666666666,3879
0.6,3880
0.6363636363636364,3881
0.5833333333333334,3882
0.6153846153846154,3883
0.5714285714285714,3884
0.5333333333333333,3885
0.5625,3886
0.5882352941176471,3887
0.6111111111111112,3888
0.631578947368421,3889
0.65,3890
0.6190476190476191,3891
0.5909090909090909,3892
0.5652173913043478,3893
0.5833333333333334,3894
0.6,3895
0.5769230769230769,3896
0.5925925925925926,3897
0.6071428571428571,3898
0.6206896551724138,3899
0.6,3900
0.5806451612903226,3901
0.59375,3902
0.6060606060606061,3903
0.6176470588235294,3904
0.6,3905
0.6111111111111112,3906
0.5945945945945946,3907
0.6052631578947368,3908
0.6153846153846154,3909
0.625,3910
0.6097560975609756,3911
0.6190476190476191,3912
0.627906976744186,3913
0.6363636363636364,3914
0.6444444444444445,3915
0.6304347826086957,3916
0.6382978723404256,3917
0.625,3918
0.6326530612244898,3919
0.64,3920
0.6470588235294118,3921
0.6538461538461539,3922
0.660377358490566,3923
0.6666666666666666,3924
0.6727272727272727,3925
0.6785714285714286,3926
0.6666666666666666,3927
0.6551724137931034,3928
0.6610169491525424,3929
0.65,3930
0.6557377049180327,3931
0.6612903225806451,3932
0.6666666666666666,3933
0.65625,3934
0.6461538461538462,3935
0.6363636363636364,3936
0.6417910447761194,3937
0.6470588235294118,3938
0.6376811594202898,3939
0.6428571428571429,3940
0.647887323943662,3941
0.6527777777777778,3942
0.6575342465753424,3943
0.6621621621621622,3944
0.6533333333333333,3945
0.6447368421052632,3946
0.6493506493506493,3947
0.6410256410256411,3948
0.6329113924050633,3949
0.625,3950
0.6172839506172839,3951
0.6219512195121951,3952
0.6144578313253012,3953
0.6190476190476191,3954
0.6235294117647059,3955
0.627906976744186,3956
0.632183908045977,3957
0.625,3958
0.6292134831460674,3959
0.6333333333333333,3960
0.6373626373626373,3961
0.6413043478260869,3962
0.6451612903225806,3963
0.6382978723404256,3964
0.6421052631578947,3965
0.6354166666666666,3966
0.6288659793814433,3967
0.6224489795918368,3968
0.6161616161616161,3969
0.61,3970
0.6039603960396039,3971
0.5980392156862745,3972
0.5922330097087378,3973
0.5961538461538461,3974
0.6,3975
0.5943396226415094,3976
0.5887850467289719,3977
0.5925925925925926,3978
0.5963302752293578,3979
0.5909090909090909,3980
0.5945945945945946,3981
0.5982142857142857,3982
0.6017699115044248,3983
0.5964912280701754,3984
0.591304347826087,3985
0.5948275862068966,3986
0.5897435897435898,3987
0.5847457627118644,3988
0.5798319327731093,3989
0.5833333333333334,3990
0.5867768595041323,3991
0.5901639344262295,3992
0.5853658536585366,3993
0.5887096774193549,3994
0.584,3995
0.5793650793650794,3996
0.5748031496062992,3997
0.578125,3998
0.5813953488372093,3999
0.5846153846153846,4000
0.5801526717557252,4001
0.5833333333333334,4002
0.5864661654135338,4003
0.582089552238806,4004
0.5777777777777777,4005
0.5735294117647058,4006
0.5766423357664233,4007
0.5797101449275363,4008
0.5827338129496403,4009
0.5857142857142857,4010
0.5886524822695035,4011
0.5915492957746479,4012
0.5874125874125874,4013
0.5902777777777778,4014
0.593103448275862,4015
0.5958904109589042,4016
0.5918367346938775,4017
0.5878378378378378,4018
0.5838926174496645,4019
0.5866666666666667,4020
0.5894039735099338,4021
0.5855263157894737,4022
0.5882352941176471,4023
0.5844155844155844,4024
0.5870967741935483,4025
0.5897435897435898,4026
0.5923566878980892,4027
0.5949367088607594,4028
0.5974842767295597,4029
0.6,4030
0.5962732919254659,4031
0.5987654320987654,4032
0.5950920245398773,4033
0.5975609756097561,4034
0.6,4035
0.6024096385542169,4036
0.6047904191616766,4037
0.6071428571428571,4038
0.6094674556213018,4039
0.611764705882353,4040
0.6140350877192983,4041
0.6162790697674418,4042
0.6184971098265896,4043
0.6206896551724138,4044
0.6171428571428571,4045
0.6193181818181818,4046
0.6214689265536724,4047
0.6235955056179775,4048
0.6256983240223464,4049
0.6222222222222222,4050
0.6243093922651933,4051
0.6263736263736264,4052
0.6284153005464481,4053
0.625,4054
0.6216216216216216,4055
0.6236559139784946,4056
0.6256684491978609,4057
0.6223404255319149,4058
0.6190476190476191,4059
0.6210526315789474,4060
0.6178010471204188,4061
0.6197916666666666,4062
0.6217616580310881,4063
0.6237113402061856,4064
0.6205128205128205,4065
0.6173469387755102,4066
0.6192893401015228,4067
0.6161616161616161,4068
0.6180904522613065,4069
0.62,4070
0.6218905472636815,4071
0.6237623762376238,4072
0.6206896551724138,4073
0.6176470588235294,4074
0.6146341463414634,4075
0.616504854368932,4076
0.6135265700483091,4077
0.6153846153846154,4078
0.6172248803827751,4079
0.6190476190476191,4080
0.6161137440758294,4081
0.6179245283018868,4082
0.6150234741784038,4083
0.616822429906542,4084
0.6186046511627907,4085
0.6157407407407407,4086
0.6175115207373272,4087
0.6146788990825688,4088
0.6164383561643836,4089
0.6181818181818182,4090
0.6199095022624435,4091
0.6216216216216216,4092
0.6188340807174888,4093
0.6205357142857143,4094
0.6222222222222222,4095
0.6238938053097345,4096
0.6211453744493393,4097
0.6228070175438597,4098
0.6244541484716157,4099
0.6217391304347826,4100
0.6190476190476191,4101
0.6206896551724138,4102
0.6223175965665236,4103
0.6239316239316239,4104
0.625531914893617,4105
0.6271186440677966,4106
0.6286919831223629,4107
0.6302521008403361,4108
0.6317991631799164,4109
0.6291666666666667,4110
0.6265560165975104,4111
0.628099173553719,4112
0.6255144032921811,4113
0.6270491803278688,4114
0.6244897959183674,4115
0.6260162601626016,4116
0.6234817813765182,4117
0.625,4118
0.6265060240963856,4119
0.624,4120
0.6215139442231076,4121
0.623015873015873,4122
0.6245059288537549,4123
0.6220472440944882,4124
0.6196078431372549,4125
0.62109375,4126
0.622568093385214,4127
0.624031007751938,4128
0.6254826254826255,4129
0.6269230769230769,4130
0.6283524904214559,4131
0.6259541984732825,4132
0.623574144486692,4133
0.625,4134
0.6226415094339622,4135
0.6203007518796992,4136
0.6217228464419475,4137
0.6194029850746269,4138
0.6171003717472119,4139
0.6185185185185185,4140
0.6199261992619927,4141
0.6213235294117647,4142
0.6227106227106227,4143
0.6240875912408759,4144
0.6254545454545455,4145
0.6231884057971014,4146
0.6245487364620939,4147
0.6223021582733813,4148
0.6200716845878136,4149
0.6178571428571429,4150
0.6192170818505338,4151
0.6170212765957447,4152
0.6183745583038869,4153
0.6161971830985915,4154
0.6140350877192983,4155
0.6153846153846154,4156
0.6132404181184669,4157
0.6145833333333334,4158
0.6124567474048442,4159
0.6103448275862069,4160
0.6116838487972509,4161
0.6095890410958904,4162
0.6075085324232082,4163
0.608843537414966,4164
0.6101694915254238,4165
0.6081081081081081,4166
0.6094276094276094,4167
0.610738255033557,4168
0.6120401337792643,4169
0.61,4170
0.6112956810631229,4171
0.609271523178808,4172
0.6105610561056105,4173
0.6085526315789473,4174
0.6065573770491803,4175
0.6045751633986928,4176
0.6026058631921825,4177
0.6038961038961039,4178
0.6051779935275081,4179
0.6064516129032258,4180
0.6077170418006431,4181
0.6089743589743589,4182
0.610223642172524,4183
0.6114649681528662,4184
0.6126984126984127,4185
0.6107594936708861,4186
0.6088328075709779,4187
0.6069182389937107,4188
0.6081504702194357,4189
0.60625,4190
0.6043613707165109,4191
0.6055900621118012,4192
0.6068111455108359,4193
0.6080246913580247,4194
0.6092307692307692,4195
0.6104294478527608,4196
0.6116207951070336,4197
0.6097560975609756,4198
0.6109422492401215,4199
0.6121212121212121,4200
0.6102719033232629,4201
0.6114457831325302,4202
0.6126126126126126,4203
0.6137724550898204,4204
0.6119402985074627,4205
0.6101190476190477,4206
0.6083086053412463,4207
0.6094674556213018,4208
0.6106194690265486,4209
0.611764705882353,4210
0.6099706744868035,4211
0.6081871345029239,4212
0.60932944606414,4213
0.6104651162790697,4214
0.6086956521739131,4215
0.6098265895953757,4216
0.6080691642651297,4217
0.6063218390804598,4218
0.6074498567335244,4219
0.6085714285714285,4220
0.6096866096866097,4221
0.6107954545454546,4222
0.6090651558073654,4223
0.6073446327683616,4224
0.6084507042253521,4225
0.6095505617977528,4226
0.6106442577030813,4227
0.611731843575419,4228
0.6128133704735376,4229
0.6138888888888889,4230
0.6149584487534626,4231
0.6132596685082873,4232
0.6143250688705234,4233
0.6126373626373627,4234
0.6109589041095891,4235
0.6120218579234973,4236
0.6130790190735694,4237
0.6141304347826086,4238
0.6151761517615176,4239
0.6162162162162163,4240
0.6145552560646901,4241
0.6155913978494624,4242
0.6166219839142091,4243
0.6176470588235294,4244
0.6186666666666667,4245
0.6196808510638298,4246
0.6206896551724138,4247
0.6190476190476191,4248
0.6200527704485488,4249
0.6210526315789474,4250
0.6220472440944882,4251
0.6230366492146597,4252
0.6240208877284595,4253
0.6223958333333334,4254
0.6207792207792208,4255
0.6217616580310881,4256
0.6201550387596899,4257
0.6211340206185567,4258
0.622107969151671,4259
0.6205128205128205,4260
0.6214833759590793,4261
0.6224489795918368,4262
0.6208651399491094,4263
0.6218274111675127,4264
0.620253164556962,4265
0.6212121212121212,4266
0.6221662468513854,4267
0.6206030150753769,4268
0.6215538847117794,4269
0.62,4270
0.6209476309226932,4271
0.6194029850746269,4272
0.6203473945409429,4273
0.6212871287128713,4274
0.6222222222222222,4275
0.6206896551724138,4276
0.6216216216216216,4277
0.6225490196078431,4278
0.6210268948655256,4279
0.6219512195121951,4280
0.6228710462287105,4281
0.6213592233009708,4282
0.6198547215496368,4283
0.6207729468599034,4284
0.619277108433735,4285
0.6201923076923077,4286
0.6187050359712231,4287
0.6196172248803827,4288
0.6181384248210023,4289
0.6166666666666667,4290
0.6152019002375297,4291
0.6161137440758294,4292
0.6170212765957447,4293
0.6179245283018868,4294
0.6188235294117647,4295
0.6197183098591549,4296
0.6182669789227166,4297
0.616822429906542,4298
0.6177156177156177,4299
0.6162790697674418,4300
0.617169373549884,4301
0.6157407407407407,4302
0.6166281755196305,4303
0.6175115207373272,4304
0.6183908045977011,4305
0.6192660550458715,4306
0.620137299771167,4307
0.6210045662100456,4308
0.621867881548975,4309
0.6204545454545455,4310
0.6213151927437641,4311
0.6221719457013575,4312
0.6230248306997742,4313
0.6238738738738738,4314
0.6224719101123596,4315
0.6210762331838565,4316
0.6219239373601789,4317
0.6227678571428571,4318
0.621380846325167,4319
0.6222222222222222,4320
0.623059866962306,4321
0.6238938053097345,4322
0.6247240618101545,4323
0.6233480176211453,4324
0.621978021978022,4325
0.6228070175438597,4326
0.6214442013129103,4327
0.6222707423580786,4328
0.6209150326797386,4329
0.6217391304347826,4330
0.6203904555314533,4331
0.6190476190476191,4332
0.6198704103671706,4333
0.6206896551724138,4334
0.621505376344086,4335
0.6223175965665236,4336
0.6209850107066381,4337
0.6196581196581197,4338
0.6183368869936035,4339
0.6191489361702127,4340
0.6178343949044586,4341
0.6186440677966102,4342
0.6173361522198731,4343
0.6181434599156118,4344
0.6168421052631579,4345
0.6176470588235294,4346
0.6184486373165619,4347
0.6171548117154811,4348
0.615866388308977,4349
0.6166666666666667,4350
0.6153846153846154,4351
0.6141078838174274,4352
0.6149068322981367,4353
0.6157024793388429,4354
0.6144329896907217,4355
0.6131687242798354,4356
0.6119096509240246,4357
0.6127049180327869,4358
0.6134969325153374,4359
0.6122448979591837,4360
0.6130346232179226,4361
0.6117886178861789,4362
0.6125760649087221,4363
0.611336032388664,4364
0.6101010101010101,4365
0.6108870967741935,4366
0.6096579476861167,4367
0.608433734939759,4368
0.6072144288577155,4369
0.606,4370
0.6067864271457086,4371
0.6055776892430279,4372
0.6063618290258449,4373
0.6051587301587301,4374
0.6059405940594059,4375
0.6067193675889329,4376
0.6074950690335306,4377
0.6062992125984252,4378
0.6070726915520629,4379
0.6078431372549019,4380
0.6086105675146771,4381
0.609375,4382
0.6101364522417154,4383
0.6089494163424124,4384
0.6077669902912621,4385
0.6085271317829457,4386
0.6092843326885881,4387
0.6081081081081081,4388
0.6088631984585742,4389
0.6096153846153847,4390
0.6103646833013435,4391
0.6111111111111112,4392
0.6118546845124283,4393
0.6106870229007634,4394
0.6114285714285714,4395
0.6121673003802282,4396
0.6110056925996205,4397
0.6117424242424242,4398
0.6124763705103969,4399
0.6113207547169811,4400
0.6120527306967984,4401
0.6109022556390977,4402
0.6116322701688556,4403
0.6123595505617978,4404
0.611214953271028,4405
0.6119402985074627,4406
0.6126629422718808,4407
0.6133828996282528,4408
0.614100185528757,4409
0.6129629629629629,4410
0.6136783733826248,4411
0.6125461254612546,4412
0.6114180478821363,4413
0.6121323529411765,4414
0.6128440366972477,4415
0.6135531135531136,4416
0.6124314442413162,4417
0.6131386861313869,4418
0.6120218579234973,4419
0.6127272727272727,4420
0.6134301270417423,4421
0.6141304347826086,4422
0.6130198915009042,4423
0.6137184115523465,4424
0.6144144144144145,4425
0.6133093525179856,4426
0.6140035906642729,4427
0.6146953405017921,4428
0.6153846153846154,4429
0.6142857142857143,4430
0.6149732620320856,4431
0.6156583629893239,4432
0.6163410301953819,4433
0.6170212765957447,4434
0.6159292035398231,4435
0.6166077738515902,4436
0.6155202821869489,4437
0.6144366197183099,4438
0.6133567662565905,4439
0.612280701754386,4440
0.6129597197898424,4441
0.6136363636363636,4442
0.612565445026178,4443
0.6132404181184669,4444
0.6139130434782609,4445
0.6145833333333334,4446
0.6152512998266898,4447
0.6141868512110726,4448
0.613126079447323,4449
0.6120689655172413,4450
0.6110154905335629,4451
0.6099656357388317,4452
0.6089193825042881,4453
0.6078767123287672,4454
0.6085470085470085,4455
0.6092150170648464,4456
0.6098807495741057,4457
0.608843537414966,4458
0.6095076400679117,4459
0.6084745762711864,4460
0.6091370558375635,4461
0.6097972972972973,4462
0.6087689713322091,4463
0.6094276094276094,4464
0.6084033613445378,4465
0.6090604026845637,4466
0.6080402010050251,4467
0.6070234113712375,4468
0.6060100166944908,4469
0.6066666666666667,4470
0.6073211314475874,4471
0.606312292358804,4472
0.6069651741293532,4473
0.6059602649006622,4474
0.6066115702479339,4475
0.6056105610561056,4476
0.6062602965403624,4477
0.6052631578947368,4478
0.6059113300492611,4479
0.6049180327868853,4480
0.6039279869067103,4481
0.6045751633986928,4482
0.6035889070146819,4483
0.6042345276872965,4484
0.6048780487804878,4485
0.6055194805194806,4486
0.6061588330632091,4487
0.6067961165048543,4488
0.6058158319870759,4489
0.6064516129032258,4490
0.607085346215781,4491
0.6077170418006431,4492
0.6067415730337079,4493
0.6073717948717948,4494
0.6064,4495
0.6070287539936102,4496
0.6060606060606061,4497
0.606687898089172,4498
0.6057233704292527,4499
0.6047619047619047,4500
0.6053882725832013,4501
0.6044303797468354,4502
0.6050552922590837,4503
0.6041009463722398,4504
0.6047244094488189,4505
0.6037735849056604,4506
0.6043956043956044,4507
0.6050156739811913,4508
0.6056338028169014,4509
0.60625,4510
0.6068642745709828,4511
0.6074766355140186,4512
0.6080870917573873,4513
0.6086956521739131,4514
0.6093023255813953,4515
0.6099071207430341,4516
0.6105100463678517,4517
0.6111111111111112,4518
0.6101694915254238,4519
0.6107692307692307,4520
0.6113671274961597,4521
0.6119631901840491,4522
0.6125574272588055,4523
0.6116207951070336,4524
0.6106870229007634,4525
0.6112804878048781,4526
0.6118721461187214,4527
0.6124620060790273,4528
0.6115326251896813,4529
0.6121212121212121,4530
0.6127080181543116,4531
0.6117824773413897,4532
0.6108597285067874,4533
0.6099397590361446,4534
0.6105263157894737,4535
0.6111111111111112,4536
0.6101949025487257,4537
0.6092814371257484,4538
0.6098654708520179,4539
0.6104477611940299,4540
0.6110283159463488,4541
0.6116071428571429,4542
0.6106983655274889,4543
0.6097922848664689,4544
0.6088888888888889,4545
0.6094674556213018,4546
0.6100443131462334,4547
0.6106194690265486,4548
0.6111929307805597,4549
0.611764705882353,4550
0.6123348017621145,4551
0.6129032258064516,4552
0.6120058565153733,4553
0.6125730994152047,4554
0.6116788321167883,4555
0.6122448979591837,4556
0.6128093158660844,4557
0.6133720930232558,4558
0.613933236574746,4559
0.6144927536231884,4560
0.6150506512301013,4561
0.615606936416185,4562
0.6161616161616161,4563
0.6167146974063401,4564
0.6172661870503597,4565
0.617816091954023,4566
0.6183644189383071,4567
0.6189111747851003,4568
0.6194563662374821,4569
0.62,4570
0.6205420827389444,4571
0.6210826210826211,4572
0.620199146514936,4573
0.6193181818181818,4574
0.6198581560283688,4575
0.6189801699716714,4576
0.6195190947666195,4577
0.6186440677966102,4578
0.6191819464033851,4579
0.6197183098591549,4580
0.620253164556962,4581
0.6207865168539326,4582
0.6213183730715287,4583
0.6218487394957983,4584
0.6223776223776224,4585
0.6229050279329609,4586
0.6220362622036262,4587
0.6211699164345403,4588
0.6216968011126565,4589
0.6208333333333333,4590
0.6213592233009708,4591
0.6218836565096952,4592
0.6224066390041494,4593
0.6229281767955801,4594
0.623448275862069,4595
0.6225895316804407,4596
0.6231086657496562,4597
0.6236263736263736,4598
0.6227709190672154,4599
0.6219178082191781,4600
0.6210670314637483,4601
0.6215846994535519,4602
0.6221009549795361,4603
0.6226158038147139,4604
0.6217687074829932,4605
0.6222826086956522,4606
0.6227951153324288,4607
0.6233062330623306,4608
0.6224627875507442,4609
0.6229729729729729,4610
0.6221322537112011,4611
0.6226415094339622,4612
0.6231493943472409,4613
0.6223118279569892,4614
0.6214765100671141,4615
0.6219839142091153,4616
0.6224899598393574,4617
0.6229946524064172,4618
0.6221628838451269,4619
0.6226666666666667,4620
0.6218375499334221,4621
0.6223404255319149,4622
0.6215139442231076,4623
0.6206896551724138,4624
0.6211920529801325,4625
0.6216931216931217,4626
0.6221928665785997,4627
0.6226912928759895,4628
0.6231884057971014,4629
0.6223684210526316,4630
0.621550591327201,4631
0.6207349081364829,4632
0.6199213630406291,4633
0.6191099476439791,4634
0.6196078431372549,4635
0.618798955613577,4636
0.6179921773142112,4637
0.6171875,4638
0.6163849154746424,4639
0.6168831168831169,4640
0.6173800259403373,4641
0.6178756476683938,4642
0.6183699870633894,4643
0.6188630490956072,4644
0.6193548387096774,4645
0.6198453608247423,4646
0.6203346203346203,4647
0.6195372750642674,4648
0.62002567394095,4649
0.6205128205128205,4650
0.6209987195902689,4651
0.6214833759590793,4652
0.6206896551724138,4653
0.6198979591836735,4654
0.6203821656050955,4655
0.6195928753180662,4656
0.6188055908513341,4657
0.618020304568528,4658
0.6172370088719898,4659
0.6164556962025316,4660
0.6169405815423514,4661
0.6174242424242424,4662
0.6166456494325346,4663
0.6171284634760705,4664
0.6163522012578616,4665
0.6155778894472361,4666
0.6148055207026348,4667
0.6152882205513784,4668
0.6157697121401752,4669
0.61625,4670
0.6154806491885143,4671
0.6159600997506235,4672
0.6164383561643836,4673
0.6156716417910447,4674
0.6161490683229813,4675
0.6153846153846154,4676
0.6158612143742255,4677
0.6150990099009901,4678
0.6143386897404203,4679
0.6135802469135803,4680
0.6140567200986436,4681
0.6145320197044335,4682
0.6137761377613776,4683
0.6142506142506142,4684
0.6134969325153374,4685
0.6139705882352942,4686
0.6144430844553244,4687
0.6136919315403423,4688
0.612942612942613,4689
0.6134146341463415,4690
0.6138855054811205,4691
0.6143552311435523,4692
0.6148238153098421,4693
0.6140776699029126,4694
0.6133333333333333,4695
0.612590799031477,4696
0.6118500604594922,4697
0.6111111111111112,4698
0.6115802171290712,4699
0.6120481927710844,4700
0.6125150421179302,4701
0.6117788461538461,4702
0.6110444177671068,4703
0.6115107913669064,4704
0.6119760479041916,4705
0.6124401913875598,4706
0.6117084826762246,4707
0.6109785202863962,4708
0.6114421930870083,4709
0.6107142857142858,4710
0.6099881093935791,4711
0.6092636579572447,4712
0.6097271648873073,4713
0.6101895734597157,4714
0.6094674556213018,4715
0.6087470449172577,4716
0.6080283353010626,4717
0.6084905660377359,4718
0.6089517078916372,4719
0.6082352941176471,4720
0.6075205640423031,4721
0.6068075117370892,4722
0.6060961313012896,4723
0.6053864168618267,4724
0.6058479532163743,4725
0.6063084112149533,4726
0.6067677946324388,4727
0.6072261072261073,4728
0.6065192083818394,4729
0.6058139534883721,4730
0.6062717770034843,4731
0.6067285382830626,4732
0.6060254924681344,4733
0.6064814814814815,4734
0.6069364161849711,4735
0.6073903002309469,4736
0.6078431372549019,4737
0.6071428571428571,4738
0.6075949367088608,4739
0.6080459770114942,4740
0.6084959816303099,4741
0.6077981651376146,4742
0.6071019473081328,4743
0.6064073226544623,4744
0.6057142857142858,4745
0.6061643835616438,4746
0.6066134549600912,4747
0.6070615034168565,4748
0.6075085324232082,4749
0.6079545454545454,4750
0.6083995459704881,4751
0.608843537414966,4752
0.609286523216308,4753
0.6085972850678733,4754
0.6090395480225989,4755
0.6094808126410836,4756
0.608793686583991,4757
0.6081081081081081,4758
0.608548931383577,4759
0.6089887640449438,4760
0.6094276094276094,4761
0.6098654708520179,4762
0.6091825307950728,4763
0.6085011185682326,4764
0.6078212290502794,4765
0.6071428571428571,4766
0.6075808249721293,4767
0.6069042316258352,4768
0.60734149054505,4769
0.6077777777777778,4770
0.607103218645949,4771
0.6075388026607539,4772
0.6079734219269103,4773
0.6084070796460177,4774
0.6088397790055249,4775
0.608167770419426,4776
0.6085997794928335,4777
0.6079295154185022,4778
0.6083608360836084,4779
0.6076923076923076,4780
0.6081229418221734,4781
0.6074561403508771,4782
0.6078860898138007,4783
0.6072210065645515,4784
0.6065573770491803,4785
0.6069868995633187,4786
0.6074154852780806,4787
0.6067538126361656,4788
0.6071817192600653,4789
0.6076086956521739,4790
0.6080347448425625,4791
0.6084598698481561,4792
0.6078006500541712,4793
0.6071428571428571,4794
0.6064864864864865,4795
0.6058315334773218,4796
0.6051779935275081,4797
0.6056034482758621,4798
0.6060279870828849,4799
0.6064516129032258,4800
0.60687432867884,4801
0.6072961373390557,4802
0.6066452304394426,4803
0.607066381156317,4804
0.6064171122994653,4805
0.6057692307692307,4806
0.6061899679829242,4807
0.6066098081023454,4808
0.6070287539936102,4809
0.6074468085106383,4810
0.6078639744952179,4811
0.60828025477707,4812
0.6086956521739131,4813
0.6080508474576272,4814
0.6084656084656085,4815
0.6088794926004228,4816
0.6092925026399155,4817
0.6086497890295358,4818
0.6080084299262382,4819
0.608421052631579,4820
0.6088328075709779,4821
0.6092436974789915,4822
0.6096537250786989,4823
0.610062893081761,4824
0.6094240837696335,4825
0.6098326359832636,4826
0.6091954022988506,4827
0.6096033402922756,4828
0.6100104275286757,4829
0.6104166666666667,4830
0.6108220603537982,4831
0.6112266112266113,4832
0.6116303219106958,4833
0.6120331950207469,4834
0.6113989637305699,4835
0.6118012422360248,4836
0.6122026887280249,4837
0.612603305785124,4838
0.6119711042311662,4839
0.6123711340206186,4840
0.6127703398558187,4841
0.6121399176954733,4842
0.6125385405960946,4843
0.6129363449691991,4844
0.6133333333333333,4845
0.6127049180327869,4846
0.6131013306038895,4847
0.6134969325153374,4848
0.6138917262512769,4849
0.6142857142857143,4850
0.6146788990825688,4851
0.615071283095723,4852
0.6154628687690743,4853
0.6158536585365854,4854
0.616243654822335,4855
0.6156186612576064,4856
0.6149949341438703,4857
0.6143724696356275,4858
0.6147623862487361,4859
0.6151515151515151,4860
0.615539858728557,4861
0.6149193548387096,4862
0.6143001007049346,4863
0.6146881287726358,4864
0.614070351758794,4865
0.6134538152610441,4866
0.6138415245737212,4867
0.6132264529058116,4868
0.6126126126126126,4869
0.612,4870
0.6123876123876124,4871
0.6117764471057884,4872
0.6121635094715853,4873
0.6125498007968128,4874
0.6129353233830845,4875
0.6123260437375746,4876
0.6127110228401191,4877
0.6130952380952381,4878
0.6124876114965312,4879
0.6128712871287129,4880
0.6122650840751731,4881
0.6126482213438735,4882
0.6130306021717671,4883
0.6134122287968442,4884
0.6137931034482759,4885
0.6141732283464567,4886
0.6145526057030481,4887
0.6139489194499018,4888
0.6143277723258096,4889
0.6147058823529412,4890
0.614103819784525,4891
0.6135029354207436,4892
0.6129032258064516,4893
0.61328125,4894
0.6136585365853658,4895
0.6140350877192983,4896
0.6144109055501461,4897
0.6138132295719845,4898
0.6141885325558795,4899
0.6145631067961165,4900
0.6139670223084384,4901
0.6133720930232558,4902
0.6137463697967086,4903
0.6141199226305609,4904
0.6144927536231884,4905
0.6148648648648649,4906
0.6152362584378014,4907
0.615606936416185,4908
0.615014436958614,4909
0.614423076923077,4910
0.6138328530259366,4911
0.6142034548944337,4912
0.6145733461169702,4913
0.6139846743295019,4914
0.614354066985646,4915
0.6147227533460803,4916
0.6141356255969437,4917
0.6145038167938931,4918
0.6148713060057197,4919
0.6152380952380953,4920
0.615604186489058,4921
0.6150190114068441,4922
0.6153846153846154,4923
0.6157495256166983,4924
0.6151658767772512,4925
0.6145833333333334,4926
0.6140018921475875,4927
0.6134215500945179,4928
0.6137865911237016,4929
0.6141509433962264,4930
0.6135721017907634,4931
0.6139359698681732,4932
0.6142991533396049,4933
0.6137218045112782,4934
0.6131455399061033,4935
0.6135084427767354,4936
0.6138706654170571,4937
0.6132958801498127,4938
0.6136576239476146,4939
0.6130841121495327,4940
0.6125116713352008,4941
0.6119402985074627,4942
0.6123019571295434,4943
0.611731843575419,4944
0.6120930232558139,4945
0.612453531598513,4946
0.6128133704735376,4947
0.6131725417439703,4948
0.6126042632066728,4949
0.6129629629629629,4950
0.6123959296947271,4951
0.6118299445471349,4952
0.6121883656509696,4953
0.6125461254612546,4954
0.6129032258064516,4955
0.6123388581952118,4956
0.6117755289788408,4957
0.6121323529411765,4958
0.6115702479338843,4959
0.6119266055045871,4960
0.611365719523373,4961
0.6117216117216118,4962
0.6120768526989936,4963
0.6124314442413162,4964
0.6127853881278539,4965
0.6131386861313869,4966
0.6125797629899726,4967
0.6129326047358834,4968
0.6132848043676069,4969
0.6127272727272727,4970
0.6130790190735694,4971
0.6134301270417423,4972
0.6137805983680871,4973
0.6141304347826086,4974
0.6144796380090498,4975
0.6148282097649186,4976
0.6142728093947606,4977
0.6146209386281588,4978
0.6140667267808837,4979
0.6144144144144145,4980
0.6147614761476148,4981
0.6151079136690647,4982
0.6145552560646901,4983
0.6140035906642729,4984
0.6134529147982063,4985
0.6137992831541219,4986
0.6132497761862131,4987
0.6135957066189625,4988
0.613047363717605,4989
0.6133928571428572,4990
0.6128456735057984,4991
0.6131907308377896,4992
0.6135351736420303,4993
0.6138790035587188,4994
0.6133333333333333,4995
0.6136767317939609,4996
0.6131322094055013,4997
0.6125886524822695,4998
0.6120460584588131,4999
0.6123893805309735,5000
0.6118479221927497,5001
0.6121908127208481,5002
0.6116504854368932,5003
0.6111111111111112,5004
0.6105726872246696,5005
0.6100352112676056,5006
0.6103781882145998,5007
0.6107205623901582,5008
0.611062335381914,5009
0.6114035087719298,5010
0.6117440841367222,5011
0.6120840630472855,5012
0.6124234470691163,5013
0.6127622377622378,5014
0.6122270742358079,5015
0.6116928446771379,5016
0.6111595466434177,5017
0.6114982578397212,5018
0.6118363794604004,5019
0.611304347826087,5020
0.6116420503909644,5021
0.6111111111111112,5022
0.611448395490026,5023
0.6117850953206239,5024
0.6112554112554113,5025
0.610726643598616,5026
0.6110630942091616,5027
0.6113989637305699,5028
0.6117342536669542,5029
0.6120689655172413,5030
0.6124031007751938,5031
0.612736660929432,5032
0.6130696474634566,5033
0.6134020618556701,5034
0.6128755364806867,5035
0.6132075471698113,5036
0.6126820908311911,5037
0.6121575342465754,5038
0.6124893071000855,5039
0.611965811965812,5040
0.6114432109308283,5041
0.6109215017064846,5042
0.6104006820119352,5043
0.610732538330494,5044
0.6110638297872341,5045
0.6105442176870748,5046
0.610875106202209,5047
0.6112054329371817,5048
0.6115351993214588,5049
0.6110169491525423,5050
0.6104995766299746,5051
0.61082910321489,5052
0.610312764158918,5053
0.6106418918918919,5054
0.6109704641350211,5055
0.6104553119730185,5056
0.6107834877843302,5057
0.6102693602693603,5058
0.6097560975609756,5059
0.6100840336134454,5060
0.6104114189756508,5061
0.6098993288590604,5062
0.6102263202011735,5063
0.6105527638190955,5064
0.6100418410041841,5065
0.6103678929765887,5066
0.6106934001670844,5067
0.6110183639398998,5068
0.6113427856547122,5069
0.6116666666666667,5070
0.6119900083263947,5071
0.6123128119800333,5072
0.6118038237738986,5073
0.6112956810631229,5074
0.6107883817427386,5075
0.6111111111111112,5076
0.6114333057166529,5077
0.6117549668874173,5078
0.6120760959470637,5079
0.6115702479338843,5080
0.611065235342692,5081
0.6113861386138614,5082
0.6108821104699094,5083
0.6112026359143328,5084
0.6106995884773663,5085
0.6101973684210527,5086
0.610517666392769,5087
0.6108374384236454,5088
0.6111566858080394,5089
0.6114754098360655,5090
0.6117936117936118,5091
0.6112929623567921,5092
0.6116107931316435,5093
0.6119281045751634,5094
0.6122448979591837,5095
0.6117455138662317,5096
0.6112469437652812,5097
inf,5098
1.0,5099
1.0,5100
1.0,5101
1.0,5102
1.0,5103
1.0,5104
0.8571428571428571,5105
0.875,5106
0.8888888888888888,5107
0.9,5108
0.9090909090909091,5109
0.8333333333333334,5110
0.8461538461538461,5111
0.8571428571428571,5112
0.8666666666666667,5113
0.875,5114
0.8823529411764706,5115
0.8888888888888888,5116
0.8947368421052632,5117
0.85,5118
0.8571428571428571,5119
0.8181818181818182,5120
0.782608695652174,5121
0.7916666666666666,5122
0.8,5123
0.8076923076923077,5124
0.8148148148148148,5125
0.8214285714285714,5126
0.7931034482758621,5127
0.8,5128
0.8064516129032258,5129
0.78125,5130
0.7878787878787878,5131
0.7941176470588235,5132
0.7714285714285715,5133
0.7777777777777778,5134
0.7567567567567568,5135
0.7631578947368421,5136
0.7692307692307693,5137
0.775,5138
0.7804878048780488,5139
0.7619047619047619,5140
0.7674418604651163,5141
0.7727272727272727,5142
0.7777777777777778,5143
0.782608695652174,5144
0.7872340425531915,5145
0.7916666666666666,5146
0.7959183673469388,5147
0.78,5148
0.7647058823529411,5149
0.75,5150
0.7358490566037735,5151
0.7407407407407407,5152
0.7272727272727273,5153
0.7321428571428571,5154
0.7192982456140351,5155
0.7068965517241379,5156
0.6949152542372882,5157
0.7,5158
0.7049180327868853,5159
0.6935483870967742,5160
0.6984126984126984,5161
0.6875,5162
0.6923076923076923,5163
0.696969696969697,5164
0.7014925373134329,5165
0.7058823529411765,5166
0.6956521739130435,5167
0.6857142857142857,5168
0.6901408450704225,5169
0.6944444444444444,5170
0.6986301369863014,5171
0.7027027027027027,5172
0.7066666666666667,5173
0.7105263157894737,5174
0.7142857142857143,5175
0.717948717948718,5176
0.7088607594936709,5177
0.7,5178
0.7037037037037037,5179
0.6951219512195121,5180
0.6987951807228916,5181
0.7023809523809523,5182
0.6941176470588235,5183
0.686046511627907,5184
0.6781609195402298,5185
0.6818181818181818,5186
0.6853932584269663,5187
0.6777777777777778,5188
0.6813186813186813,5189
0.6739130434782609,5190
0.6774193548387096,5191
0.6702127659574468,5192
0.6736842105263158,5193
0.6770833333333334,5194
0.6701030927835051,5195
0.673469387755102,5196
0.6767676767676768,5197
0.67,5198
0.6732673267326733,5199
0.6764705882352942,5200
0.6796116504854369,5201
0.6730769230769231,5202
0.6761904761904762,5203
0.6698113207547169,5204
0.6728971962616822,5205
0.6759259259259259,5206
0.6788990825688074,5207
0.6818181818181818,5208
0.6846846846846847,5209
0.6875,5210
0.6902654867256637,5211
0.6929824561403509,5212
0.6956521739130435,5213
0.6982758620689655,5214
0.6923076923076923,5215
0.6864406779661016,5216
0.6890756302521008,5217
0.6833333333333333,5218
0.6859504132231405,5219
0.6885245901639344,5220
0.6910569105691057,5221
0.6854838709677419,5222
0.68,5223
0.6746031746031746,5224
0.6692913385826772,5225
0.6640625,5226
0.6666666666666666,5227
0.6692307692307692,5228
0.6641221374045801,5229
0.6590909090909091,5230
0.6616541353383458,5231
0.664179104477612,5232
0.6592592592592592,5233
0.6617647058823529,5234
0.6642335766423357,5235
0.6594202898550725,5236
0.6618705035971223,5237
0.6642857142857143,5238
0.6666666666666666,5239
0.6690140845070423,5240
0.6643356643356644,5241
0.6597222222222222,5242
0.6551724137931034,5243
0.6506849315068494,5244
0.6530612244897959,5245
0.6486486486486487,5246
0.6442953020134228,5247
0.64,5248
0.6357615894039735,5249
0.6381578947368421,5250
0.6405228758169934,5251
0.6428571428571429,5252
0.6387096774193548,5253
0.6410256410256411,5254
0.643312101910828,5255
0.6455696202531646,5256
0.6477987421383647,5257
0.65,5258
0.6459627329192547,5259
0.6481481481481481,5260
0.6441717791411042,5261
0.6463414634146342,5262
0.6424242424242425,5263
0.6385542168674698,5264
0.6407185628742516,5265
0.6428571428571429,5266
0.6449704142011834,5267
0.6411764705882353,5268
0.6374269005847953,5269
0.6337209302325582,5270
0.630057803468208,5271
0.632183908045977,5272
0.6342857142857142,5273
0.6363636363636364,5274
0.6384180790960452,5275
0.6404494382022472,5276
0.6368715083798883,5277
0.6388888888888888,5278
0.6408839779005525,5279
0.6373626373626373,5280
0.6338797814207651,5281
0.6304347826086957,5282
0.6324324324324324,5283
0.6344086021505376,5284
0.6310160427807486,5285
0.6329787234042553,5286
0.6296296296296297,5287
0.631578947368421,5288
0.6335078534031413,5289
0.6302083333333334,5290
0.6321243523316062,5291
0.634020618556701,5292
0.6358974358974359,5293
0.6377551020408163,5294
0.6395939086294417,5295
0.6414141414141414,5296
0.6381909547738693,5297
0.64,5298
0.6368159203980099,5299
0.6386138613861386,5300
0.6403940886699507,5301
0.6372549019607843,5302
0.6390243902439025,5303
0.6359223300970874,5304
0.6376811594202898,5305
0.6394230769230769,5306
0.6363636363636364,5307
0.638095238095238,5308
0.6350710900473934,5309
0.6320754716981132,5310
0.6291079812206573,5311
0.6308411214953271,5312
0.6325581395348837,5313
0.6342592592592593,5314
0.6359447004608295,5315
0.6376146788990825,5316
0.634703196347032,5317
0.6318181818181818,5318
0.6334841628959276,5319
0.6306306306306306,5320
0.6278026905829597,5321
0.625,5322
0.6222222222222222,5323
0.6194690265486725,5324
0.6211453744493393,5325
0.618421052631579,5326
0.6200873362445415,5327
0.6173913043478261,5328
0.6190476190476191,5329
0.6206896551724138,5330
0.6223175965665236,5331
0.6196581196581197,5332
0.6212765957446809,5333
0.6228813559322034,5334
0.620253164556962,5335
0.6218487394957983,5336
0.6192468619246861,5337
0.6166666666666667,5338
0.6182572614107884,5339
0.6157024793388429,5340
0.6131687242798354,5341
0.610655737704918,5342
0.6081632653061224,5343
0.6097560975609756,5344
0.611336032388664,5345
0.6088709677419355,5346
0.606425702811245,5347
0.608,5348
0.6095617529880478,5349
0.6071428571428571,5350
0.6086956521739131,5351
0.6062992125984252,5352
0.6039215686274509,5353
0.60546875,5354
0.6070038910505836,5355
0.6085271317829457,5356
0.6061776061776062,5357
0.6076923076923076,5358
0.6091954022988506,5359
0.6068702290076335,5360
0.6083650190114068,5361
0.6098484848484849,5362
0.6113207547169811,5363
0.6090225563909775,5364
0.6067415730337079,5365
0.6082089552238806,5366
0.6096654275092936,5367
0.6074074074074074,5368
0.6051660516605166,5369
0.6029411764705882,5370
0.6007326007326007,5371
0.6021897810218978,5372
0.6036363636363636,5373
0.605072463768116,5374
0.6028880866425993,5375
0.6007194244604317,5376
0.6021505376344086,5377
0.6,5378
0.6014234875444839,5379
0.6028368794326241,5380
0.6007067137809188,5381
0.602112676056338,5382
0.6035087719298246,5383
0.6048951048951049,5384
0.6062717770034843,5385
0.6041666666666666,5386
0.6020761245674741,5387
0.6,5388
0.5979381443298969,5389
0.5958904109589042,5390
0.5938566552901023,5391
0.5918367346938775,5392
0.5898305084745763,5393
0.5912162162162162,5394
0.5892255892255892,5395
0.587248322147651,5396
0.5886287625418061,5397
0.59,5398
0.5880398671096345,5399
0.5860927152317881,5400
0.5874587458745875,5401
0.5855263157894737,5402
0.5868852459016394,5403
0.5882352941176471,5404
0.5863192182410424,5405
0.5844155844155844,5406
0.5825242718446602,5407
0.5806451612903226,5408
0.5787781350482315,5409
0.5801282051282052,5410
0.5782747603833865,5411
0.5796178343949044,5412
0.580952380952381,5413
0.5791139240506329,5414
0.580441640378549,5415
0.5786163522012578,5416
0.5768025078369906,5417
0.575,5418
0.5763239875389408,5419
0.577639751552795,5420
0.5789473684210527,5421
0.5771604938271605,5422
0.5753846153846154,5423
0.5766871165644172,5424
0.5779816513761468,5425
0.5762195121951219,5426
0.574468085106383,5427
0.5757575757575758,5428
0.5740181268882175,5429
0.5753012048192772,5430
0.5765765765765766,5431
0.5778443113772455,5432
0.5791044776119403,5433
0.5803571428571429,5434
0.5816023738872403,5435
0.5828402366863905,5436
0.5811209439528023,5437
0.5823529411764706,5438
0.5806451612903226,5439
0.5818713450292398,5440
0.5801749271137027,5441
0.5784883720930233,5442
0.5797101449275363,5443
0.5809248554913294,5444
0.579250720461095,5445
0.5775862068965517,5446
0.5787965616045845,5447
0.58,5448
0.5811965811965812,5449
0.5795454545454546,5450
0.5779036827195467,5451
0.5790960451977402,5452
0.5802816901408451,5453
0.5786516853932584,5454
0.5798319327731093,5455
0.5810055865921788,5456
0.5821727019498607,5457
0.5833333333333334,5458
0.5817174515235457,5459
0.580110497237569,5460
0.581267217630854,5461
0.5796703296703297,5462
0.5780821917808219,5463
0.5792349726775956,5464
0.5776566757493188,5465
0.5788043478260869,5466
0.5799457994579946,5467
0.5783783783783784,5468
0.5795148247978437,5469
0.5779569892473119,5470
0.579088471849866,5471
0.5802139037433155,5472
0.5786666666666667,5473
0.5771276595744681,5474
0.5782493368700266,5475
0.5767195767195767,5476
0.575197889182058,5477
0.5736842105263158,5478
0.5748031496062992,5479
0.5759162303664922,5480
0.5744125326370757,5481
0.5729166666666666,5482
0.574025974025974,5483
0.5751295336787565,5484
0.5762273901808785,5485
0.5747422680412371,5486
0.5758354755784062,5487
0.5769230769230769,5488
0.578005115089514,5489
0.5790816326530612,5490
0.5801526717557252,5491
0.5812182741116751,5492
0.5822784810126582,5493
0.5808080808080808,5494
0.5818639798488665,5495
0.5804020100502513,5496
0.5789473684210527,5497
0.5775,5498
0.5760598503740648,5499
0.5746268656716418,5500
0.575682382133995,5501
0.5742574257425742,5502
0.5753086419753086,5503
0.5738916256157636,5504
0.5724815724815725,5505
0.5735294117647058,5506
0.5745721271393643,5507
0.573170731707317,5508
0.5742092457420924,5509
0.5728155339805825,5510
0.5738498789346247,5511
0.5748792270531401,5512
0.5734939759036145,5513
0.5721153846153846,5514
0.5731414868105515,5515
0.5717703349282297,5516
0.5704057279236276,5517
0.569047619047619,5518
0.5676959619952494,5519
0.5687203791469194,5520
0.5673758865248227,5521
0.5683962264150944,5522
0.5670588235294117,5523
0.568075117370892,5524
0.5690866510538641,5525
0.5700934579439252,5526
0.5710955710955711,5527
0.5720930232558139,5528
0.5730858468677494,5529
0.5717592592592593,5530
0.5704387990762124,5531
0.5714285714285714,5532
0.5724137931034483,5533
0.5711009174311926,5534
0.5720823798627003,5535
0.5707762557077626,5536
0.5694760820045558,5537
0.5704545454545454,5538
0.5714285714285714,5539
0.5723981900452488,5540
0.5733634311512416,5541
0.5743243243243243,5542
0.5752808988764045,5543
0.5762331838565022,5544
0.5749440715883669,5545
0.5758928571428571,5546
0.576837416481069,5547
0.5755555555555556,5548
0.5764966740576497,5549
0.5752212389380531,5550
0.5739514348785872,5551
0.5748898678414097,5552
0.5736263736263736,5553
0.5723684210526315,5554
0.5733041575492341,5555
0.5720524017467249,5556
0.5708061002178649,5557
0.5695652173913044,5558
0.5683297180043384,5559
0.5670995670995671,5560
0.5680345572354212,5561
0.5668103448275862,5562
0.567741935483871,5563
0.5665236051502146,5564
0.5674518201284796,5565
0.5662393162393162,5566
0.5671641791044776,5567
0.5680851063829787,5568
0.5668789808917197,5569
0.5677966101694916,5570
0.5665961945031712,5571
0.5654008438818565,5572
0.5663157894736842,5573
0.5651260504201681,5574
0.5660377358490566,5575
0.5648535564853556,5576
0.5636743215031316,5577
0.5645833333333333,5578
0.5654885654885655,5579
0.5663900414937759,5580
0.5652173913043478,5581
0.5661157024793388,5582
0.5649484536082474,5583
0.5637860082304527,5584
0.5626283367556468,5585
0.5614754098360656,5586
0.5603271983640081,5587
0.5612244897959183,5588
0.5621181262729125,5589
0.5630081300813008,5590
0.5618661257606491,5591
0.562753036437247,5592
0.5636363636363636,5593
0.5625,5594
0.5613682092555332,5595
0.5602409638554217,5596
0.561122244488978,5597
0.56,5598
0.5608782435129741,5599
0.5597609561752988,5600
0.558648111332008,5601
0.5595238095238095,5602
0.5603960396039604,5603
0.5592885375494071,5604
0.5601577909270217,5605
0.5610236220472441,5606
0.5618860510805501,5607
0.5627450980392157,5608
0.5636007827788649,5609
0.5625,5610
0.5614035087719298,5611
0.5622568093385214,5612
0.5631067961165048,5613
0.562015503875969,5614
0.562862669245648,5615
0.5637065637065637,5616
0.5645472061657033,5617
0.5653846153846154,5618
0.564299424184261,5619
0.5651340996168582,5620
0.5640535372848948,5621
0.5648854961832062,5622
0.5657142857142857,5623
0.5665399239543726,5624
0.5673624288425048,5625
0.5681818181818182,5626
0.5689981096408318,5627
0.569811320754717,5628
0.5706214689265536,5629
0.5714285714285714,5630
0.5703564727954972,5631
0.5692883895131086,5632
0.5700934579439252,5633
0.5708955223880597,5634
0.5716945996275605,5635
0.570631970260223,5636
0.5714285714285714,5637
0.5722222222222222,5638
0.5711645101663586,5639
0.5719557195571956,5640
0.572744014732965,5641
0.5735294117647058,5642
0.5743119266055046,5643
0.575091575091575,5644
0.5758683729433273,5645
0.5748175182481752,5646
0.575591985428051,5647
0.5745454545454546,5648
0.5753176043557169,5649
0.5760869565217391,5650
0.5768535262206148,5651
0.5776173285198556,5652
0.5783783783783784,5653
0.5773381294964028,5654
0.5763016157989228,5655
0.5752688172043011,5656
0.5760286225402504,5657
0.5767857142857142,5658
0.5757575757575758,5659
0.5765124555160143,5660
0.5772646536412078,5661
0.5780141843971631,5662
0.5769911504424778,5663
0.5777385159010601,5664
0.5784832451499118,5665
0.579225352112676,5666
0.5782073813708261,5667
0.5771929824561404,5668
0.5761821366024519,5669
0.5769230769230769,5670
0.5776614310645725,5671
0.5766550522648084,5672
0.577391304347826,5673
0.578125,5674
0.5771230502599654,5675
0.5778546712802768,5676
0.5768566493955095,5677
0.5775862068965517,5678
0.576592082616179,5679
0.5756013745704467,5680
0.5746140651801029,5681
0.5753424657534246,5682
0.5743589743589743,5683
0.5733788395904437,5684
0.5724020442930153,5685
0.5714285714285714,5686
0.5704584040747029,5687
0.5711864406779661,5688
0.571912013536379,5689
0.5709459459459459,5690
0.5716694772344013,5691
0.5723905723905723,5692
0.573109243697479,5693
0.5721476510067114,5694
0.5711892797319933,5695
0.5719063545150501,5696
0.5709515859766278,5697
0.5716666666666667,5698
0.5723793677204659,5699
0.5730897009966778,5700
0.5737976782752903,5701
0.5728476821192053,5702
0.571900826446281,5703
0.5726072607260726,5704
0.5733113673805601,5705
0.5740131578947368,5706
0.5730706075533661,5707
0.5721311475409836,5708
0.5728314238952537,5709
0.5735294117647058,5710
0.5725938009787929,5711
0.5716612377850163,5712
0.5707317073170731,5713
0.5698051948051948,5714
0.5705024311183144,5715
0.5711974110032363,5716
0.5718901453957996,5717
0.5725806451612904,5718
0.573268921095008,5719
0.5739549839228296,5720
0.5730337078651685,5721
0.5721153846153846,5722
0.5728,5723
0.5718849840255591,5724
0.5709728867623605,5725
0.571656050955414,5726
0.5707472178060413,5727
0.5714285714285714,5728
0.572107765451664,5729
0.5712025316455697,5730
0.5703001579778831,5731
0.5694006309148265,5732
0.568503937007874,5733
0.5676100628930818,5734
0.5667189952904239,5735
0.5658307210031348,5736
0.5665101721439749,5737
0.5671875,5738
0.5663026521060842,5739
0.5669781931464174,5740
0.567651632970451,5741
0.5667701863354038,5742
0.5674418604651162,5743
0.5681114551083591,5744
0.5687789799072643,5745
0.5679012345679012,5746
0.5685670261941448,5747
0.5676923076923077,5748
0.5668202764976958,5749
0.5659509202453987,5750
0.5666156202143952,5751
0.5657492354740061,5752
0.566412213740458,5753
0.5655487804878049,5754
0.5646879756468798,5755
0.5653495440729484,5756
0.5660091047040972,5757
0.5666666666666667,5758
0.56732223903177,5759
0.5664652567975831,5760
0.5656108597285068,5761
0.5662650602409639,5762
0.5654135338345865,5763
0.5645645645645646,5764
0.5637181409295352,5765
0.562874251497006,5766
0.5620328849028401,5767
0.5626865671641791,5768
0.563338301043219,5769
0.5639880952380952,5770
0.563150074294205,5771
0.5637982195845698,5772
0.562962962962963,5773
0.5621301775147929,5774
0.5612998522895125,5775
0.56047197640118,5776
0.5596465390279823,5777
0.5602941176470588,5778
0.5594713656387665,5779
0.5586510263929618,5780
0.5592972181551976,5781
0.5599415204678363,5782
0.5605839416058395,5783
0.5597667638483965,5784
0.5589519650655022,5785
0.5581395348837209,5786
0.5573294629898403,5787
0.5579710144927537,5788
0.557163531114327,5789
0.5563583815028902,5790
0.5555555555555556,5791
0.5561959654178674,5792
0.5568345323741007,5793
0.5574712643678161,5794
0.5581061692969871,5795
0.5573065902578797,5796
0.5579399141630901,5797
0.5585714285714286,5798
0.5592011412268189,5799
0.5598290598290598,5800
0.5604551920341394,5801
0.5610795454545454,5802
0.5617021276595745,5803
0.5623229461756374,5804
0.562942008486563,5805
0.5635593220338984,5806
0.5641748942172073,5807
0.5633802816901409,5808
0.5639943741209564,5809
0.5646067415730337,5810
0.5638148667601683,5811
0.5644257703081232,5812
0.5650349650349651,5813
0.5656424581005587,5814
0.5662482566248257,5815
0.5668523676880223,5816
0.5660639777468707,5817
0.5652777777777778,5818
0.565880721220527,5819
0.5650969529085873,5820
0.5643153526970954,5821
0.5649171270718232,5822
0.5655172413793104,5823
0.5661157024793388,5824
0.5653370013755158,5825
0.5659340659340659,5826
0.5651577503429356,5827
0.5657534246575342,5828
0.5649794801641587,5829
0.5655737704918032,5830
0.5648021828103683,5831
0.5640326975476839,5832
0.564625850340136,5833
0.5652173913043478,5834
0.5658073270013568,5835
0.5663956639566395,5836
0.5669824086603519,5837
0.5675675675675675,5838
0.5681511470985156,5839
0.568733153638814,5840
0.5693135935397039,5841
0.5698924731182796,5842
0.5691275167785235,5843
0.5683646112600537,5844
0.5689424364123159,5845
0.56951871657754,5846
0.5687583444592791,5847
0.568,5848
0.5672436750998668,5849
0.5678191489361702,5850
0.5670650730411687,5851
0.5676392572944297,5852
0.5668874172185431,5853
0.5674603174603174,5854
0.5680317040951123,5855
0.5686015831134564,5856
0.5691699604743083,5857
0.5684210526315789,5858
0.568988173455979,5859
0.5695538057742782,5860
0.5688073394495413,5861
0.5680628272251309,5862
0.5686274509803921,5863
0.5691906005221932,5864
0.5697522816166884,5865
0.5690104166666666,5866
0.5682704811443433,5867
0.5675324675324676,5868
0.5680933852140078,5869
0.5686528497409327,5870
0.5692108667529108,5871
0.5697674418604651,5872
0.5690322580645162,5873
0.5695876288659794,5874
0.5701415701415702,5875
0.570694087403599,5876
0.5699614890885751,5877
0.5705128205128205,5878
0.5697823303457106,5879
0.5703324808184144,5880
0.5696040868454662,5881
0.5688775510204082,5882
0.5681528662420382,5883
0.5674300254452926,5884
0.567979669631512,5885
0.567258883248731,5886
0.5678073510773131,5887
0.5670886075949367,5888
0.5663716814159292,5889
0.5656565656565656,5890
0.5662042875157629,5891
0.5667506297229219,5892
0.5660377358490566,5893
0.5665829145728644,5894
0.5658720200752823,5895
0.5651629072681704,5896
0.5644555694618273,5897
0.56375,5898
0.5630461922596754,5899
0.5635910224438903,5900
0.5628891656288917,5901
0.5634328358208955,5902
0.5627329192546584,5903
0.5620347394540943,5904
0.5625774473358116,5905
0.5631188118811881,5906
0.5624227441285538,5907
0.562962962962963,5908
0.562268803945746,5909
0.5615763546798029,5910
0.5621156211562116,5911
0.5626535626535627,5912
0.5631901840490797,5913
0.5637254901960784,5914
0.5642594859241126,5915
0.5647921760391198,5916
0.5653235653235653,5917
0.5658536585365853,5918
0.5651644336175395,5919
0.5656934306569343,5920
0.5662211421628189,5921
0.566747572815534,5922
0.566060606060606,5923
0.5653753026634383,5924
0.56590084643289,5925
0.5652173913043478,5926
0.5657418576598311,5927
0.5662650602409639,5928
0.5655836341756919,5929
0.5649038461538461,5930
0.5654261704681873,5931
0.564748201438849,5932
0.5640718562874252,5933
0.5645933014354066,5934
0.5651135005973715,5935
0.5644391408114559,5936
0.564958283671037,5937
0.5642857142857143,5938
0.5636147443519619,5939
0.5629453681710214,5940
0.5622775800711743,5941
0.5616113744075829,5942
0.5609467455621302,5943
0.5602836879432624,5944
0.5596221959858324,5945
0.5589622641509434,5946
0.5594817432273262,5947
0.56,5948
0.5605170387779084,5949
0.5610328638497653,5950
0.5615474794841735,5951
0.5620608899297423,5952
0.5625730994152047,5953
0.5630841121495327,5954
0.5635939323220537,5955
0.5629370629370629,5956
0.5634458672875436,5957
0.5627906976744186,5958
0.562137049941928,5959
0.5626450116009281,5960
0.5631517960602549,5961
0.5625,5962
0.5630057803468208,5963
0.5635103926096998,5964
0.5628604382929643,5965
0.5633640552995391,5966
0.5627157652474108,5967
0.5632183908045977,5968
0.563719862227325,5969
0.5642201834862385,5970
0.5647193585337915,5971
0.5640732265446224,5972
0.5645714285714286,5973
0.5639269406392694,5974
0.5632839224629419,5975
0.5637813211845103,5976
0.5642775881683731,5977
0.5636363636363636,5978
0.5641316685584563,5979
0.564625850340136,5980
0.565118912797282,5981
0.5656108597285068,5982
0.5661016949152542,5983
0.5665914221218962,5984
0.5670800450958287,5985
0.5664414414414415,5986
0.5669291338582677,5987
0.5662921348314607,5988
0.5667789001122334,5989
0.5672645739910314,5990
0.5677491601343785,5991
0.5682326621923938,5992
0.5675977653631284,5993
0.5669642857142857,5994
0.5663322185061316,5995
0.566815144766147,5996
0.5672969966629589,5997
0.5666666666666667,5998
0.5660377358490566,5999
0.5665188470066519,6000
0.5669988925802879,6001
0.5663716814159292,6002
0.5657458563535912,6003
0.565121412803532,6004
0.565600882028666,6005
0.5649779735682819,6006
0.5654565456545655,6007
0.5648351648351648,6008
0.5653128430296378,6009
0.5646929824561403,6010
0.5651697699890471,6011
0.5656455142231948,6012
0.566120218579235,6013
0.5665938864628821,6014
0.5670665212649946,6015
0.5675381263616558,6016
0.5680087051142546,6017
0.5684782608695652,6018
0.5689467969598263,6019
0.56941431670282,6020
0.5698808234019501,6021
0.5692640692640693,6022
0.5697297297297297,6023
0.5701943844492441,6024
0.56957928802589,6025
0.5700431034482759,6026
0.5705059203444564,6027
0.5698924731182796,6028
0.569280343716434,6029
0.5697424892703863,6030
0.5702036441586281,6031
0.5706638115631691,6032
0.5700534759358289,6033
0.5705128205128205,6034
0.5709711846318036,6035
0.5714285714285714,6036
0.5718849840255591,6037
0.5723404255319149,6038
0.5727948990435706,6039
0.5721868365180467,6040
0.5726405090137858,6041
0.573093220338983,6042
0.5735449735449736,6043
0.5739957716701902,6044
0.5744456177402323,6045
0.5748945147679325,6046
0.5742887249736565,6047
0.5747368421052632,6048
0.5751840168243953,6049
0.5756302521008403,6050
0.5760755508919203,6051
0.5765199161425576,6052
0.5769633507853403,6053
0.5763598326359832,6054
0.5768025078369906,6055
0.5762004175365344,6056
0.5755995828988529,6057
0.575,6058
0.5744016649323621,6059
0.5738045738045738,6060
0.573208722741433,6061
0.5736514522821576,6062
0.5730569948186528,6063
0.5734989648033126,6064
0.5739400206825233,6065
0.5743801652892562,6066
0.5737874097007224,6067
0.5731958762886598,6068
0.5736354273944387,6069
0.573045267489712,6070
0.5724563206577595,6071
0.5718685831622177,6072
0.5723076923076923,6073
0.5717213114754098,6074
0.5711361310133061,6075
0.5715746421267893,6076
0.5720122574055159,6077
0.5724489795918367,6078
0.5718654434250765,6079
0.5712830957230143,6080
0.5717192268565615,6081
0.5721544715447154,6082
0.5725888324873096,6083
0.5720081135902637,6084
0.5724417426545086,6085
0.5718623481781376,6086
0.5722952477249748,6087
0.5727272727272728,6088
0.5731584258324924,6089
0.5725806451612904,6090
0.5720040281973817,6091
0.5724346076458753,6092
0.5728643216080402,6093
0.572289156626506,6094
0.5727181544633901,6095
0.5731462925851704,6096
0.5725725725725725,6097
0.573,6098
0.5734265734265734,6099
0.5738522954091816,6100
0.5742771684945165,6101
0.5747011952191236,6102
0.5741293532338309,6103
0.5735586481113321,6104
0.573982125124131,6105
0.5744047619047619,6106
0.5738354806739346,6107
0.5742574257425742,6108
0.5736894164193868,6109
0.5741106719367589,6110
0.5745310957551826,6111
0.5749506903353058,6112
0.574384236453202,6113
0.5748031496062992,6114
0.5752212389380531,6115
0.5756385068762279,6116
0.5750736015701668,6117
0.5745098039215686,6118
0.574926542605289,6119
0.5743639921722113,6120
0.5747800586510264,6121
0.57421875,6122
0.5746341463414634,6123
0.5750487329434698,6124
0.5754625121713729,6125
0.5749027237354085,6126
0.5743440233236151,6127
0.5737864077669903,6128
0.574199806013579,6129
0.5746124031007752,6130
0.5750242013552759,6131
0.5754352030947776,6132
0.5758454106280193,6133
0.5752895752895753,6134
0.5756991321118612,6135
0.5761078998073218,6136
0.575553416746872,6137
0.575,6138
0.5754082612872238,6139
0.5758157389635317,6140
0.5752636625119847,6141
0.5756704980842912,6142
0.5760765550239234,6143
0.5755258126195029,6144
0.5759312320916905,6145
0.5763358778625954,6146
0.5767397521448999,6147
0.5771428571428572,6148
0.5775451950523312,6149
0.5769961977186312,6150
0.577397910731244,6151
0.5768500948766604,6152
0.5772511848341232,6153
0.5776515151515151,6154
0.5771050141911069,6155
0.5765595463137996,6156
0.5769593956562795,6157
0.5773584905660377,6158
0.5777568331762488,6159
0.5781544256120528,6160
0.5776105362182502,6161
0.5770676691729323,6162
0.5774647887323944,6163
0.5769230769230769,6164
0.5763823805060918,6165
0.5767790262172284,6166
0.5771749298409729,6167
0.5766355140186916,6168
0.5770308123249299,6169
0.5774253731343284,6170
0.5768872320596459,6171
0.5763500931098696,6172
0.5767441860465117,6173
0.5771375464684015,6174
0.5775301764159703,6175
0.577922077922078,6176
0.577386468952734,6177
0.5777777777777777,6178
0.5781683626271971,6179
0.5785582255083179,6180
0.5789473684210527,6181
0.5784132841328413,6182
0.5788018433179724,6183
0.578268876611418,6184
0.578656853725851,6185
0.5790441176470589,6186
0.5794306703397613,6187
0.5788990825688073,6188
0.5792850595783685,6189
0.5787545787545788,6190
0.5791399817017383,6191
0.5786106032906764,6192
0.5789954337899543,6193
0.5793795620437956,6194
0.5788514129443938,6195
0.5783242258652095,6196
0.5787079162875342,6197
0.5781818181818181,6198
0.5776566757493188,6199
0.5780399274047187,6200
0.5784224841341795,6201
0.5788043478260869,6202
0.579185520361991,6203
0.5786618444846293,6204
0.5781391147244805,6205
0.5776173285198556,6206
0.5779981965734896,6207
0.5774774774774775,6208
0.5778577857785778,6209
0.5782374100719424,6210
0.5786163522012578,6211
0.5789946140035906,6212
0.57847533632287,6213
0.578853046594982,6214
0.5792300805729633,6215
0.5796064400715564,6216
0.579088471849866,6217
0.5785714285714286,6218
0.5789473684210527,6219
0.5793226381461676,6220
0.578806767586821,6221
0.5791814946619217,6222
0.5795555555555556,6223
0.5790408525754884,6224
0.5785270629991127,6225
0.5789007092198581,6226
0.579273693534101,6227
0.5796460176991151,6228
0.5800176834659593,6229
0.5795053003533569,6230
0.5798764342453663,6231
0.5793650793650794,6232
0.5788546255506608,6233
0.579225352112676,6234
0.5795954265611257,6235
0.5799648506151143,6236
0.5794556628621598,6237
0.5789473684210527,6238
0.5793163891323401,6239
0.5788091068301225,6240
0.57917760279965,6241
0.5786713286713286,6242
0.5790393013100437,6243
0.5794066317626527,6244
0.5797733217088056,6245
0.5801393728222997,6246
0.5805047867711053,6247
0.58,6248
0.579496090356212,6249
0.5798611111111112,6250
0.5802254986990459,6251
0.5797227036395147,6252
0.5792207792207792,6253
0.578719723183391,6254
0.5782195332757131,6255
0.5785837651122625,6256
0.5780845556514237,6257
0.5775862068965517,6258
0.5779500430663221,6259
0.5783132530120482,6260
0.5786758383490972,6261
0.5781786941580757,6262
0.5776824034334764,6263
0.5771869639794168,6264
0.5775492716366752,6265
0.5779109589041096,6266
0.5782720273738238,6267
0.5786324786324787,6268
0.578138343296328,6269
0.5776450511945392,6270
0.577152600170503,6271
0.5766609880749574,6272
0.5761702127659575,6273
0.576530612244898,6274
0.5768903993203058,6275
0.5772495755517827,6276
0.5776081424936387,6277
0.5779661016949152,6278
0.5783234546994073,6279
0.5786802030456852,6280
0.5781910397295013,6281
0.5785472972972973,6282
0.5780590717299579,6283
0.5775716694772344,6284
0.577927548441449,6285
0.5782828282828283,6286
0.5786375105130361,6287
0.5789915966386555,6288
0.5785054575986566,6289
0.5788590604026845,6290
0.5792120704107293,6291
0.5795644891122278,6292
0.5790794979079498,6293
0.5794314381270903,6294
0.5797827903091061,6295
0.5801335559265443,6296
0.5804837364470392,6297
0.58,6298
0.5803497085761865,6299
0.5806988352745425,6300
0.5802161263507897,6301
0.579734219269103,6302
0.5800829875518673,6303
0.5804311774461028,6304
0.5807787903893952,6305
0.5802980132450332,6306
0.5806451612903226,6307
0.5809917355371901,6308
0.5813377374071016,6309
0.5816831683168316,6310
0.5812036273701566,6311
0.5807248764415156,6312
0.5810699588477366,6313
0.5805921052631579,6314
0.580115036976171,6315
0.5804597701149425,6316
0.5799835931091059,6317
0.5795081967213115,6318
0.579033579033579,6319
0.5793780687397708,6320
0.5797219950940311,6321
0.579248366013072,6322
0.5795918367346938,6323
0.5799347471451876,6324
0.5802770986145069,6325
inf,6326
0.0,6327
0.5,6328
0.6666666666666666,6329
0.75,6330
0.8,6331
0.6666666666666666,6332
0.7142857142857143,6333
0.625,6334
0.6666666666666666,6335
0.6,6336
0.6363636363636364,6337
0.6666666666666666,6338
0.6923076923076923,6339
0.7142857142857143,6340
0.7333333333333333,6341
0.75,6342
0.7647058823529411,6343
0.7222222222222222,6344
0.7368421052631579,6345
0.7,6346
0.6666666666666666,6347
0.6818181818181818,6348
0.6956521739130435,6349
0.7083333333333334,6350
0.68,6351
0.6538461538461539,6352
0.6666666666666666,6353
0.6785714285714286,6354
0.6896551724137931,6355
0.6666666666666666,6356
0.6774193548387096,6357
0.6875,6358
0.6666666666666666,6359
0.6470588235294118,6360
0.6285714285714286,6361
0.6111111111111112,6362
0.5945945945945946,6363
0.6052631578947368,6364
0.5897435897435898,6365
0.6,6366
0.6097560975609756,6367
0.5952380952380952,6368
0.6046511627906976,6369
0.5909090909090909,6370
0.6,6371
0.6086956521739131,6372
0.6170212765957447,6373
0.6041666666666666,6374
0.5918367346938775,6375
0.6,6376
0.6078431372549019,6377
0.6153846153846154,6378
0.6037735849056604,6379
0.5925925925925926,6380
0.6,6381
0.5892857142857143,6382
0.5964912280701754,6383
0.603448275862069,6384
0.5932203389830508,6385
0.6,6386
0.6065573770491803,6387
0.5967741935483871,6388
0.6031746031746031,6389
0.59375,6390
0.5846153846153846,6391
0.5909090909090909,6392
0.5970149253731343,6393
0.5882352941176471,6394
0.5942028985507246,6395
0.6,6396
0.5915492957746479,6397
0.5833333333333334,6398
0.5753424657534246,6399
0.5675675675675675,6400
0.5733333333333334,6401
0.5789473684210527,6402
0.5844155844155844,6403
0.5897435897435898,6404
0.5949367088607594,6405
0.6,6406
0.5925925925925926,6407
0.5975609756097561,6408
0.5903614457831325,6409
0.5833333333333334,6410
0.5764705882352941,6411
0.5813953488372093,6412
0.5862068965517241,6413
0.5795454545454546,6414
0.5842696629213483,6415
0.5888888888888889,6416
0.5934065934065934,6417
0.5978260869565217,6418
0.5913978494623656,6419
0.5957446808510638,6420
0.6,6421
0.59375,6422
0.5979381443298969,6423
0.5918367346938775,6424
0.5959595959595959,6425
0.59,6426
0.594059405940594,6427
0.5980392156862745,6428
0.5922330097087378,6429
0.5961538461538461,6430
0.6,6431
0.6037735849056604,6432
0.6074766355140186,6433
0.6111111111111112,6434
0.6055045871559633,6435
0.6090909090909091,6436
0.6126126126126126,6437
0.6160714285714286,6438
0.6106194690265486,6439
0.6052631578947368,6440
0.6,6441
0.603448275862069,6442
0.6068376068376068,6443
0.6101694915254238,6444
0.6134453781512605,6445
0.6083333333333333,6446
0.6033057851239669,6447
0.5983606557377049,6448
0.6016260162601627,6449
0.6048387096774194,6450
0.6,6451
0.6031746031746031,6452
0.5984251968503937,6453
0.59375,6454
0.5891472868217055,6455
0.5923076923076923,6456
0.5954198473282443,6457
0.5984848484848485,6458
0.6015037593984962,6459
0.6044776119402985,6460
0.6074074074074074,6461
0.6029411764705882,6462
0.6058394160583942,6463
0.6086956521739131,6464
0.6115107913669064,6465
0.6142857142857143,6466
0.6099290780141844,6467
0.6056338028169014,6468
0.6013986013986014,6469
0.6041666666666666,6470
0.6,6471
0.6027397260273972,6472
0.6054421768707483,6473
0.6081081081081081,6474
0.6040268456375839,6475
0.6,6476
0.5960264900662252,6477
0.5921052631578947,6478
0.5882352941176471,6479
0.5844155844155844,6480
0.5870967741935483,6481
0.5897435897435898,6482
0.5859872611464968,6483
0.5822784810126582,6484
0.5849056603773585,6485
0.5875,6486
0.5838509316770186,6487
0.5802469135802469,6488
0.5828220858895705,6489
0.5792682926829268,6490
0.5818181818181818,6491
0.5783132530120482,6492
0.5748502994011976,6493
0.5714285714285714,6494
0.5739644970414202,6495
0.5705882352941176,6496
0.5730994152046783,6497
0.5755813953488372,6498
0.5780346820809249,6499
0.5804597701149425,6500
0.5828571428571429,6501
0.5795454545454546,6502
0.576271186440678,6503
0.5786516853932584,6504
0.5810055865921788,6505
0.5833333333333334,6506
0.580110497237569,6507
0.5769230769230769,6508
0.5737704918032787,6509
0.5706521739130435,6510
0.572972972972973,6511
0.5752688172043011,6512
0.5721925133689839,6513
0.5691489361702128,6514
0.5714285714285714,6515
0.5684210526315789,6516
0.5654450261780105,6517
0.5625,6518
0.5595854922279793,6519
0.5567010309278351,6520
0.558974358974359,6521
0.5612244897959183,6522
0.5583756345177665,6523
0.5555555555555556,6524
0.5577889447236181,6525
0.56,6526
0.5572139303482587,6527
0.5594059405940595,6528
0.5566502463054187,6529
0.5588235294117647,6530
0.5609756097560976,6531
0.558252427184466,6532
0.5555555555555556,6533
0.5528846153846154,6534
0.5502392344497608,6535
0.5523809523809524,6536
0.5545023696682464,6537
0.5566037735849056,6538
0.5539906103286385,6539
0.5560747663551402,6540
0.5534883720930233,6541
0.5555555555555556,6542
0.5529953917050692,6543
0.5504587155963303,6544
0.5525114155251142,6545
0.55,6546
0.5475113122171946,6547
0.545045045045045,6548
0.5426008968609866,6549
0.5446428571428571,6550
0.5466666666666666,6551
0.5442477876106194,6552
0.5462555066079295,6553
0.5482456140350878,6554
0.5502183406113537,6555
0.5478260869565217,6556
0.5454545454545454,6557
0.5431034482758621,6558
0.5407725321888412,6559
0.5384615384615384,6560
0.5361702127659574,6561
0.538135593220339,6562
0.540084388185654,6563
0.5378151260504201,6564
0.5397489539748954,6565
0.5416666666666666,6566
0.5435684647302904,6567
0.5413223140495868,6568
0.5390946502057613,6569
0.5368852459016393,6570
0.5346938775510204,6571
0.532520325203252,6572
0.5303643724696356,6573
0.532258064516129,6574
0.5301204819277109,6575
0.528,6576
0.5298804780876494,6577
0.5317460317460317,6578
0.5296442687747036,6579
0.5275590551181102,6580
0.5294117647058824,6581
0.52734375,6582
0.5291828793774319,6583
0.5310077519379846,6584
0.528957528957529,6585
0.5269230769230769,6586
0.5287356321839081,6587
0.5305343511450382,6588
0.5285171102661597,6589
0.5303030303030303,6590
0.5283018867924528,6591
0.5263157894736842,6592
0.5280898876404494,6593
0.5298507462686567,6594
0.5278810408921933,6595
0.5259259259259259,6596
0.5276752767527675,6597
0.5294117647058824,6598
0.5311355311355311,6599
0.5291970802919708,6600
0.5309090909090909,6601
0.5289855072463768,6602
0.5270758122743683,6603
0.5287769784172662,6604
0.5268817204301075,6605
0.525,6606
0.5266903914590747,6607
0.524822695035461,6608
0.5229681978798587,6609
0.5246478873239436,6610
0.5228070175438596,6611
0.5244755244755245,6612
0.5261324041811847,6613
0.5243055555555556,6614
0.5259515570934256,6615
0.5241379310344828,6616
0.5257731958762887,6617
0.523972602739726,6618
0.5221843003412969,6619
0.5238095238095238,6620
0.5220338983050847,6621
0.5202702702702703,6622
0.5218855218855218,6623
0.5234899328859061,6624
0.5250836120401338,6625
0.5266666666666666,6626
0.5282392026578073,6627
0.5264900662251656,6628
0.5247524752475248,6629
0.5263157894736842,6630
0.5245901639344263,6631
0.5261437908496732,6632
0.5276872964169381,6633
0.525974025974026,6634
0.5275080906148867,6635
0.5290322580645161,6636
0.5305466237942122,6637
0.532051282051282,6638
0.5303514376996805,6639
0.5318471337579618,6640
0.5333333333333333,6641
0.5348101265822784,6642
0.5362776025236593,6643
0.5377358490566038,6644
0.5391849529780565,6645
0.540625,6646
0.5420560747663551,6647
0.5434782608695652,6648
0.541795665634675,6649
0.5401234567901234,6650
0.5384615384615384,6651
0.5398773006134969,6652
0.5382262996941896,6653
0.5365853658536586,6654
0.5349544072948328,6655
0.5363636363636364,6656
0.5347432024169184,6657
0.536144578313253,6658
0.5375375375375375,6659
0.5359281437125748,6660
0.5373134328358209,6661
0.5386904761904762,6662
0.5400593471810089,6663
0.5414201183431953,6664
0.5398230088495575,6665
0.5411764705882353,6666
0.5425219941348973,6667
0.5409356725146199,6668
0.5393586005830904,6669
0.5377906976744186,6670
0.5391304347826087,6671
0.5375722543352601,6672
0.5360230547550432,6673
0.5344827586206896,6674
0.5329512893982808,6675
0.5342857142857143,6676
0.5327635327635327,6677
0.53125,6678
0.5325779036827195,6679
0.5338983050847458,6680
0.5352112676056338,6681
0.5337078651685393,6682
0.5350140056022409,6683
0.5363128491620112,6684
0.5376044568245125,6685
0.5388888888888889,6686
0.5373961218836565,6687
0.5359116022099447,6688
0.5371900826446281,6689
0.5384615384615384,6690
0.536986301369863,6691
0.5355191256830601,6692
0.5367847411444142,6693
0.5353260869565217,6694
0.5365853658536586,6695
0.5378378378378378,6696
0.5363881401617251,6697
0.5376344086021505,6698
0.5388739946380697,6699
0.5374331550802139,6700
0.536,6701
0.5345744680851063,6702
0.53315649867374,6703
0.5343915343915344,6704
0.5329815303430079,6705
0.531578947368421,6706
0.5328083989501312,6707
0.5314136125654451,6708
0.5326370757180157,6709
0.53125,6710
0.5298701298701298,6711
0.5310880829015544,6712
0.5322997416020672,6713
0.5309278350515464,6714
0.5295629820051414,6715
0.5282051282051282,6716
0.5268542199488491,6717
0.5280612244897959,6718
0.5292620865139949,6719
0.5304568527918782,6720
0.529113924050633,6721
0.5303030303030303,6722
0.5289672544080605,6723
0.5276381909547738,6724
0.5263157894736842,6725
0.525,6726
0.5261845386533666,6727
0.527363184079602,6728
0.5260545905707196,6729
0.5272277227722773,6730
0.5259259259259259,6731
0.5270935960591133,6732
0.5282555282555282,6733
0.5294117647058824,6734
0.5281173594132029,6735
0.5292682926829269,6736
0.5304136253041363,6737
0.5315533980582524,6738
0.5302663438256658,6739
0.5314009661835749,6740
0.5325301204819277,6741
0.5336538461538461,6742
0.5323741007194245,6743
0.5311004784688995,6744
0.5322195704057279,6745
0.5333333333333333,6746
0.5320665083135392,6747
0.533175355450237,6748
0.5342789598108747,6749
0.535377358490566,6750
0.5341176470588235,6751
0.5352112676056338,6752
0.5362997658079626,6753
0.5373831775700935,6754
0.5361305361305362,6755
0.5348837209302325,6756
0.5359628770301624,6757
0.5347222222222222,6758
0.535796766743649,6759
0.5368663594470046,6760
0.535632183908046,6761
0.536697247706422,6762
0.5377574370709383,6763
0.5365296803652968,6764
0.5375854214123007,6765
0.5363636363636364,6766
0.5351473922902494,6767
0.5361990950226244,6768
0.5372460496613995,6769
0.5382882882882883,6770
0.5370786516853933,6771
0.5358744394618834,6772
0.5369127516778524,6773
0.5357142857142857,6774
0.534521158129176,6775
0.5355555555555556,6776
0.5343680709534369,6777
0.5331858407079646,6778
0.5320088300220751,6779
0.5330396475770925,6780
0.5340659340659341,6781
0.5350877192982456,6782
0.5339168490153173,6783
0.5349344978165939,6784
0.5337690631808278,6785
0.5347826086956522,6786
0.5336225596529284,6787
0.5324675324675324,6788
0.531317494600432,6789
0.5323275862068966,6790
0.5333333333333333,6791
0.5321888412017167,6792
0.5331905781584583,6793
0.5341880341880342,6794
0.5330490405117271,6795
0.5340425531914894,6796
0.535031847133758,6797
0.5360169491525424,6798
0.5348837209302325,6799
0.5358649789029536,6800
0.5347368421052632,6801
0.5357142857142857,6802
0.5366876310272537,6803
0.5376569037656904,6804
0.5386221294363257,6805
0.5395833333333333,6806
0.5405405405405406,6807
0.5394190871369294,6808
0.5403726708074534,6809
0.5392561983471075,6810
0.5402061855670103,6811
0.5390946502057613,6812
0.5379876796714579,6813
0.5389344262295082,6814
0.5398773006134969,6815
0.5387755102040817,6816
0.5376782077393075,6817
0.5365853658536586,6818
0.5354969574036511,6819
0.5364372469635628,6820
0.5353535353535354,6821
0.5362903225806451,6822
0.5372233400402414,6823
0.5381526104417671,6824
0.5390781563126252,6825
0.538,6826
0.5369261477045908,6827
0.5378486055776892,6828
0.5387673956262425,6829
0.5376984126984127,6830
0.5386138613861386,6831
0.5395256916996047,6832
0.5384615384615384,6833
0.5393700787401575,6834
0.5383104125736738,6835
0.5392156862745098,6836
0.538160469667319,6837
0.5390625,6838
0.5399610136452242,6839
0.5389105058365758,6840
0.537864077669903,6841
0.5368217054263565,6842
0.5357833655705996,6843
0.5366795366795367,6844
0.535645472061657,6845
0.5346153846153846,6846
0.5355086372360844,6847
0.5363984674329502,6848
0.5372848948374761,6849
0.5362595419847328,6850
0.5371428571428571,6851
0.5361216730038023,6852
0.5351043643263758,6853
0.5359848484848485,6854
0.5349716446124764,6855
0.5358490566037736,6856
0.5348399246704332,6857
0.5338345864661654,6858
0.5347091932457786,6859
0.5355805243445693,6860
0.5345794392523364,6861
0.5335820895522388,6862
0.5344506517690876,6863
0.5353159851301115,6864
0.5343228200371057,6865
0.5351851851851852,6866
0.5360443622920518,6867
0.5369003690036901,6868
0.5377532228360957,6869
0.5386029411764706,6870
0.5376146788990825,6871
0.5366300366300366,6872
0.5374771480804388,6873
0.5383211678832117,6874
0.5391621129326047,6875
0.54,6876
0.5390199637023594,6877
0.5398550724637681,6878
0.5406871609403255,6879
0.5415162454873647,6880
0.5423423423423424,6881
0.5413669064748201,6882
0.5403949730700179,6883
0.5412186379928315,6884
0.5420393559928444,6885
0.5410714285714285,6886
0.5418894830659536,6887
0.5409252669039146,6888
0.5417406749555951,6889
0.5407801418439716,6890
0.5398230088495575,6891
0.5388692579505301,6892
0.5379188712522046,6893
0.5387323943661971,6894
0.5377855887521968,6895
0.5368421052631579,6896
0.5359019264448336,6897
0.5367132867132867,6898
0.537521815008726,6899
0.5365853658536586,6900
0.5373913043478261,6901
0.5364583333333334,6902
0.5355285961871751,6903
0.5346020761245674,6904
0.533678756476684,6905
0.5344827586206896,6906
0.5335628227194492,6907
0.5343642611683849,6908
0.5334476843910806,6909
0.5342465753424658,6910
0.5333333333333333,6911
0.5324232081911263,6912
0.5332197614991482,6913
0.5340136054421769,6914
0.534804753820034,6915
0.535593220338983,6916
0.5363790186125211,6917
0.535472972972973,6918
0.5345699831365935,6919
0.5336700336700336,6920
0.5327731092436975,6921
0.5335570469798657,6922
0.5326633165829145,6923
0.5317725752508361,6924
0.5308848080133556,6925
0.5316666666666666,6926
0.5307820299500832,6927
0.5299003322259136,6928
0.5290215588723052,6929
0.5298013245033113,6930
0.5305785123966942,6931
0.5313531353135313,6932
0.5304777594728172,6933
0.5296052631578947,6934
0.5303776683087028,6935
0.5311475409836065,6936
0.530278232405892,6937
0.5310457516339869,6938
0.531810766721044,6939
0.5325732899022801,6940
0.5317073170731708,6941
0.5324675324675324,6942
0.5332252836304701,6943
0.5339805825242718,6944
0.5347334410339257,6945
0.535483870967742,6946
0.534621578099839,6947
0.5337620578778135,6948
0.5345104333868379,6949
0.5336538461538461,6950
0.5344,6951
0.5351437699680511,6952
0.5342902711323764,6953
0.535031847133758,6954
0.534181240063593,6955
0.5349206349206349,6956
0.5356576862123613,6957
0.5363924050632911,6958
0.5371248025276462,6959
0.5362776025236593,6960
0.537007874015748,6961
0.5361635220125787,6962
0.5368916797488226,6963
0.5360501567398119,6964
0.5367762128325508,6965
0.5359375,6966
0.5351014040561622,6967
0.5358255451713395,6968
0.5349922239502333,6969
0.5341614906832298,6970
0.5348837209302325,6971
0.5356037151702786,6972
0.5363214837712519,6973
0.5370370370370371,6974
0.5362095531587057,6975
0.536923076923077,6976
0.5376344086021505,6977
0.5383435582822086,6978
0.5390505359877489,6979
0.5397553516819572,6980
0.5389312977099237,6981
0.538109756097561,6982
0.5388127853881278,6983
0.5395136778115501,6984
0.5402124430955993,6985
0.5409090909090909,6986
0.5416036308623298,6987
0.540785498489426,6988
0.5399698340874811,6989
0.5406626506024096,6990
0.5398496240601504,6991
0.5405405405405406,6992
0.5397301349325337,6993
0.5404191616766467,6994
0.5411061285500748,6995
0.5417910447761194,6996
0.5409836065573771,6997
0.5401785714285714,6998
0.5393759286775631,6999
0.5385756676557863,7000
0.5377777777777778,7001
0.5369822485207101,7002
0.5376661742983752,7003
0.5368731563421829,7004
0.5375552282768777,7005
0.538235294117647,7006
0.5389133627019089,7007
0.5395894428152492,7008
0.5387994143484627,7009
0.5394736842105263,7010
0.5401459854014599,7011
0.5408163265306123,7012
0.5414847161572053,7013
0.5421511627906976,7014
0.5428156748911466,7015
0.5434782608695652,7016
0.5426917510853835,7017
0.5433526011560693,7018
0.5440115440115441,7019
0.5432276657060519,7020
0.543884892086331,7021
0.5445402298850575,7022
0.5437589670014347,7023
0.5429799426934098,7024
0.5436337625178826,7025
0.5442857142857143,7026
0.5449358059914408,7027
0.5441595441595442,7028
0.5433854907539118,7029
0.5440340909090909,7030
0.5446808510638298,7031
0.5439093484419264,7032
0.5445544554455446,7033
0.5451977401129944,7034
0.5444287729196051,7035
0.543661971830986,7036
0.5428973277074542,7037
0.5435393258426966,7038
0.5427769985974754,7039
0.542016806722689,7040
0.5426573426573427,7041
0.5432960893854749,7042
0.5439330543933054,7043
0.5445682451253482,7044
0.5438108484005564,7045
0.5444444444444444,7046
0.5436893203883495,7047
0.5443213296398892,7048
0.5435684647302904,7049
0.5441988950276243,7050
0.543448275862069,7051
0.5440771349862259,7052
0.5447042640990372,7053
0.5439560439560439,7054
0.5445816186556928,7055
0.5452054794520548,7056
0.5458276333789329,7057
0.546448087431694,7058
0.5457025920873124,7059
0.5463215258855586,7060
0.5469387755102041,7061
0.5461956521739131,7062
0.5468113975576662,7063
0.5474254742547425,7064
0.5466847090663058,7065
0.5472972972972973,7066
0.5479082321187584,7067
0.5485175202156334,7068
0.5491251682368775,7069
0.5497311827956989,7070
0.5503355704697986,7071
0.5495978552278821,7072
0.5502008032128514,7073
0.5508021390374331,7074
0.5514018691588785,7075
0.552,7076
0.5525965379494008,7077
0.5531914893617021,7078
0.5537848605577689,7079
0.5543766578249337,7080
0.5549668874172186,7081
0.5555555555555556,7082
0.5548216644649934,7083
0.5554089709762533,7084
0.5546772068511199,7085
0.5552631578947368,7086
0.5558475689881734,7087
0.5551181102362205,7088
0.5557011795543906,7089
0.5549738219895288,7090
0.5542483660130719,7091
0.5548302872062664,7092
0.5541069100391134,7093
0.5546875,7094
0.5552665799739922,7095
0.5545454545454546,7096
0.5538261997405967,7097
0.5544041450777202,7098
0.553686934023286,7099
0.5529715762273901,7100
0.5535483870967742,7101
0.5528350515463918,7102
0.5521235521235521,7103
0.5526992287917738,7104
0.55198973042362,7105
0.5525641025641026,7106
0.5531370038412292,7107
0.5524296675191815,7108
0.5517241379310345,7109
0.5522959183673469,7110
0.5528662420382165,7111
0.5534351145038168,7112
0.554002541296061,7113
0.5545685279187818,7114
0.5538656527249683,7115
0.5531645569620253,7116
0.5537294563843237,7117
0.5542929292929293,7118
0.5535939470365699,7119
0.5541561712846348,7120
0.5547169811320755,7121
0.5552763819095478,7122
0.5558343789209536,7123
0.556390977443609,7124
0.5569461827284106,7125
0.55625,7126
0.5568039950062422,7127
0.557356608478803,7128
0.5579078455790785,7129
0.5584577114427861,7130
0.5590062111801242,7131
0.5583126550868487,7132
0.5576208178438662,7133
0.5581683168316832,7134
0.5574783683559951,7135
0.5580246913580247,7136
0.5573366214549939,7137
0.5578817733990148,7138
0.5584255842558425,7139
0.558968058968059,7140
0.558282208588957,7141
0.5575980392156863,7142
0.5581395348837209,7143
0.5574572127139364,7144
0.557997557997558,7145
0.5585365853658537,7146
0.559074299634592,7147
0.559610705596107,7148
0.560145808019441,7149
0.5594660194174758,7150
0.5587878787878788,7151
0.5581113801452785,7152
0.5574365175332527,7153
0.5567632850241546,7154
0.5572979493365501,7155
0.5578313253012048,7156
0.5583634175691937,7157
0.5588942307692307,7158
0.5594237695078031,7159
0.5599520383693045,7160
0.5604790419161677,7161
0.5598086124401914,7162
0.5591397849462365,7163
0.5596658711217184,7164
0.5601907032181168,7165
0.5595238095238095,7166
0.558858501783591,7167
0.5581947743467933,7168
0.5587188612099644,7169
0.5592417061611374,7170
0.5597633136094674,7171
0.5602836879432624,7172
0.5608028335301063,7173
0.5613207547169812,7174
0.5606595995288575,7175
0.5611764705882353,7176
0.5616921269095182,7177
0.562206572769953,7178
0.5627198124267292,7179
0.5620608899297423,7180
0.5614035087719298,7181
0.5607476635514018,7182
0.5612602100350058,7183
0.5617715617715617,7184
0.5622817229336438,7185
0.5627906976744186,7186
0.5632984901277585,7187
0.5626450116009281,7188
0.5619930475086906,7189
0.5625,7190
0.5630057803468208,7191
0.5623556581986143,7192
0.5628604382929643,7193
0.5622119815668203,7194
0.5615650172612198,7195
0.5609195402298851,7196
0.5614236509758898,7197
0.5619266055045872,7198
0.561282932416953,7199
0.5606407322654462,7200
0.56,7201
0.5605022831050228,7202
0.5598631698973774,7203
0.5592255125284739,7204
0.5597269624573379,7205
0.5590909090909091,7206
0.5595913734392736,7207
0.5589569160997733,7208
0.5594563986409966,7209
0.5599547511312217,7210
0.559322033898305,7211
0.5598194130925508,7212
0.560315670800451,7213
0.5596846846846847,7214
0.5601799775028121,7215
0.5606741573033708,7216
0.5611672278338945,7217
0.5605381165919282,7218
0.561030235162374,7219
0.5604026845637584,7220
0.5608938547486033,7221
0.5602678571428571,7222
0.5607580824972129,7223
0.5601336302895323,7224
0.560622914349277,7225
0.5611111111111111,7226
0.5615982241953386,7227
0.5609756097560976,7228
0.5603543743078627,7229
0.5608407079646017,7230
0.5602209944751381,7231
0.5607064017660044,7232
0.5611907386990077,7233
0.5616740088105727,7234
0.5621562156215621,7235
0.5615384615384615,7236
0.562019758507135,7237
0.5625,7238
0.5618838992332968,7239
0.562363238512035,7240
0.5628415300546448,7241
0.5633187772925764,7242
0.5627044711014176,7243
0.5631808278867102,7244
0.5636561479869423,7245
0.5630434782608695,7246
0.5635179153094463,7247
0.5639913232104121,7248
0.5644637053087758,7249
0.564935064935065,7250
0.5643243243243243,7251
0.5647948164146869,7252
0.5652642934196332,7253
0.5646551724137931,7254
0.5651237890204521,7255
0.5645161290322581,7256
0.5639097744360902,7257
0.5643776824034334,7258
0.564844587352626,7259
0.5653104925053534,7260
0.5657754010695187,7261
0.5651709401709402,7262
0.5656350053361793,7263
0.5650319829424307,7264
0.564430244941427,7265
0.5648936170212766,7266
0.5642933049946866,7267
0.5636942675159236,7268
0.5641569459172853,7269
0.5646186440677966,7270
0.564021164021164,7271
0.5644820295983086,7272
0.5638859556494192,7273
0.5643459915611815,7274
0.5648050579557429,7275
0.5652631578947368,7276
0.5657202944269191,7277
0.5661764705882353,7278
0.5666316894018888,7279
0.5660377358490566,7280
0.5664921465968586,7281
0.5669456066945606,7282
0.5663531870428422,7283
0.5657620041753654,7284
0.5651720542231491,7285
0.5645833333333333,7286
0.5650364203954215,7287
0.5654885654885655,7288
0.5659397715472482,7289
0.5653526970954357,7290
0.5658031088082901,7291
0.5662525879917184,7292
0.5667011375387797,7293
0.5671487603305785,7294
0.5675954592363261,7295
0.568041237113402,7296
0.568486096807415,7297
0.5689300411522634,7298
0.5693730729701952,7299
0.5698151950718686,7300
0.5702564102564103,7301
0.569672131147541,7302
0.5690890481064483,7303
0.5695296523517382,7304
0.5689479060265578,7305
0.5693877551020409,7306
0.5698267074413863,7307
0.5692464358452138,7308
0.5686673448626653,7309
0.568089430894309,7310
0.5675126903553299,7311
0.5679513184584178,7312
0.5683890577507599,7313
0.5678137651821862,7314
0.5682507583417593,7315
0.5686868686868687,7316
0.5691220988900101,7317
0.5695564516129032,7318
0.5689828801611279,7319
0.5694164989939637,7320
0.5688442211055277,7321
0.5692771084337349,7322
0.5697091273821464,7323
0.5701402805611222,7324
0.5705705705705706,7325
0.571,7326
0.5714285714285714,7327
0.5718562874251497,7328
0.5712861415752741,7329
0.5707171314741036,7330
0.5711442786069652,7331
0.5715705765407555,7332
0.5710029791459782,7333
0.5714285714285714,7334
0.5718533201189296,7335
0.5722772277227722,7336
0.5727002967359051,7337
0.5731225296442688,7338
0.5725567620927937,7339
0.5729783037475346,7340
0.5733990147783251,7341
0.5728346456692913,7342
0.5732546705998034,7343
0.5736738703339882,7344
0.5740922473012757,7345
0.5735294117647058,7346
0.5739471106758081,7347
0.5743639921722113,7348
0.5747800586510264,7349
0.5751953125,7350
0.5756097560975609,7351
0.5760233918128655,7352
0.5764362220058422,7353
0.5768482490272373,7354
0.577259475218659,7355
0.5766990291262136,7356
0.577109602327837,7357
0.5775193798449613,7358
0.5769603097773476,7359
0.5773694390715667,7360
0.5777777777777777,7361
0.5772200772200772,7362
0.5766634522661523,7363
0.5761078998073218,7364
0.5765158806544755,7365
0.5769230769230769,7366
0.5773294908741594,7367
0.5767754318618042,7368
0.576222435282838,7369
0.5766283524904214,7370
0.5770334928229665,7371
0.5764818355640535,7372
0.5768863419293219,7373
0.5763358778625954,7374
0.5757864632983795,7375
0.5752380952380952,7376
0.5746907706945766,7377
0.5750950570342205,7378
0.5754985754985755,7379
0.5759013282732448,7380
0.576303317535545,7381
0.5767045454545454,7382
0.5761589403973509,7383
0.5765595463137996,7384
0.5760151085930123,7385
0.5754716981132075,7386
0.5749293119698398,7387
0.5743879472693032,7388
0.5738476011288806,7389
0.5733082706766918,7390
0.5727699530516432,7391
0.5722326454033771,7392
0.5716963448922212,7393
0.5711610486891385,7394
0.5706267539756782,7395
0.5710280373831775,7396
0.5704948646125116,7397
0.5708955223880597,7398
0.5712954333643989,7399
0.5716945996275605,7400
0.5711627906976744,7401
0.5715613382899628,7402
0.5719591457753017,7403
0.5723562152133581,7404
0.571825764596849,7405
0.5722222222222222,7406
0.5716928769657724,7407
0.5711645101663586,7408
0.5715604801477377,7409
0.5719557195571956,7410
0.5723502304147465,7411
0.5718232044198895,7412
0.5722171113155474,7413
0.5726102941176471,7414
0.5720844811753902,7415
0.5724770642201835,7416
0.5728689275893676,7417
0.5723443223443223,7418
0.5727355901189387,7419
0.573126142595978,7420
0.5735159817351598,7421
0.573905109489051,7422
0.5733819507748404,7423
0.5737704918032787,7424
0.5741583257506825,7425
0.5736363636363636,7426
0.5740236148955495,7427
0.574410163339383,7428
0.5738893925657298,7429
0.5733695652173914,7430
0.5728506787330316,7431
0.5723327305605787,7432
0.5727190605239386,7433
0.5731046931407943,7434
0.5725879170423805,7435
0.5720720720720721,7436
0.5724572457245725,7437
0.572841726618705,7438
0.573225516621743,7439
0.5727109515260324,7440
0.5721973094170404,7441
0.5725806451612904,7442
0.5720680393912265,7443
0.5715563506261181,7444
0.5719392314566577,7445
0.5723214285714285,7446
0.5727029438001784,7447
0.5721925133689839,7448
0.572573463935886,7449
0.5720640569395018,7450
0.5715555555555556,7451
0.5719360568383659,7452
0.5723158828748891,7453
0.5726950354609929,7454
0.5721877767936226,7455
0.5716814159292035,7456
0.5720601237842617,7457
0.5724381625441696,7458
0.5728155339805825,7459
0.5731922398589065,7460
0.573568281938326,7461
0.5730633802816901,7462
0.5725593667546174,7463
0.5720562390158173,7464
0.5715539947322212,7465
0.5719298245614035,7466
0.5723049956178791,7467
0.5718038528896673,7468
0.5721784776902887,7469
0.5716783216783217,7470
0.5711790393013101,7471
0.5715532286212914,7472
0.5719267654751525,7473
0.5722996515679443,7474
0.5726718885987816,7475
0.5721739130434783,7476
0.5725456125108601,7477
0.5729166666666666,7478
0.5732870771899393,7479
0.5736568457538995,7480
0.5731601731601732,7481
0.5735294117647058,7482
0.5738980121002593,7483
0.57426597582038,7484
0.5746333045729077,7485
0.575,7486
0.5753660637381568,7487
0.5757314974182444,7488
0.5760963026655203,7489
0.5756013745704467,7490
0.575107296137339,7491
0.5746140651801029,7492
0.5749785775492716,7493
0.574486301369863,7494
0.5739948674080411,7495
0.5735042735042735,7496
0.5738684884713919,7497
0.5733788395904437,7498
0.5737425404944586,7499
0.5732538330494037,7500
0.5727659574468085,7501
0.5722789115646258,7502
0.572642310960068,7503
0.5730050933786078,7504
0.5733672603901612,7505
0.573728813559322,7506
0.5732430143945809,7507
0.5727580372250423,7508
0.5722738799661876,7509
0.5717905405405406,7510
0.5721518987341773,7511
0.572512647554806,7512
0.5720303285593934,7513
0.5723905723905723,7514
0.5719091673675357,7515
0.5714285714285714,7516
0.5709487825356843,7517
0.5713087248322147,7518
0.5716680637049455,7519
0.5720268006700168,7520
0.5723849372384937,7521
0.572742474916388,7522
0.5730994152046783,7523
0.5734557595993323,7524
0.5738115095913261,7525
0.5741666666666667,7526
0.5745212323064113,7527
0.5748752079866889,7528
0.5752285951787198,7529
0.574750830564784,7530
0.575103734439834,7531
0.5746268656716418,7532
0.5741507870753936,7533
0.5745033112582781,7534
0.5740281224152192,7535
0.5743801652892562,7536
0.573905862923204,7537
0.5734323432343235,7538
0.5737840065952184,7539
0.5741350906095551,7540
0.574485596707819,7541
0.5740131578947368,7542
0.5743631881676253,7543
0.5747126436781609,7544
0.5750615258408531,7545
0.5754098360655737,7546
0.5757575757575758,7547
0.5761047463175123,7548
0.5756336876533116,7549
0.5751633986928104,7550
0.5755102040816327,7551
0.5750407830342578,7552
0.5745721271393643,7553
inf,7554
1.0,7555
0.5,7556
0.6666666666666666,7557
0.5,7558
0.4,7559
0.5,7560
0.42857142857142855,7561
0.375,7562
0.3333333333333333,7563
0.3,7564
0.36363636363636365,7565
0.4166666666666667,7566
0.38461538461538464,7567
0.42857142857142855,7568
0.4666666666666667,7569
0.5,7570
0.47058823529411764,7571
0.5,7572
0.47368421052631576,7573
0.45,7574
0.47619047619047616,7575
0.5,7576
0.4782608695652174,7577
0.4583333333333333,7578
0.48,7579
0.5,7580
0.48148148148148145,7581
0.4642857142857143,7582
0.4827586206896552,7583
0.5,7584
0.4838709677419355,7585
0.46875,7586
0.48484848484848486,7587
0.47058823529411764,7588
0.4857142857142857,7589
0.4722222222222222,7590
0.4594594594594595,7591
0.4473684210526316,7592
0.4358974358974359,7593
0.45,7594
0.4634146341463415,7595
0.47619047619047616,7596
0.4883720930232558,7597
0.4772727272727273,7598
0.4666666666666667,7599
0.4782608695652174,7600
0.48936170212765956,7601
0.5,7602
0.4897959183673469,7603
0.48,7604
0.47058823529411764,7605
0.46153846153846156,7606
0.4528301886792453,7607
0.4444444444444444,7608
0.43636363636363634,7609
0.42857142857142855,7610
0.42105263157894735,7611
0.41379310344827586,7612
0.423728813559322,7613
0.43333333333333335,7614
0.4426229508196721,7615
0.43548387096774194,7616
0.4444444444444444,7617
0.453125,7618
0.46153846153846156,7619
0.4696969696969697,7620
0.4626865671641791,7621
0.47058823529411764,7622
0.4782608695652174,7623
0.4857142857142857,7624
0.4788732394366197,7625
0.4722222222222222,7626
0.4794520547945205,7627
0.47297297297297297,7628
0.48,7629
0.47368421052631576,7630
0.4675324675324675,7631
0.47435897435897434,7632
0.46835443037974683,7633
0.475,7634
0.4691358024691358,7635
0.47560975609756095,7636
0.46987951807228917,7637
0.47619047619047616,7638
0.47058823529411764,7639
0.46511627906976744,7640
0.47126436781609193,7641
0.4772727272727273,7642
0.48314606741573035,7643
0.4888888888888889,7644
0.4945054945054945,7645
0.4891304347826087,7646
0.4838709677419355,7647
0.4787234042553192,7648
0.4842105263157895,7649
0.4895833333333333,7650
0.4948453608247423,7651
0.5,7652
0.5050505050505051,7653
0.51,7654
0.504950495049505,7655
0.5098039215686274,7656
0.5048543689320388,7657
0.5096153846153846,7658
0.5047619047619047,7659
0.5,7660
0.4953271028037383,7661
0.5,7662
0.5045871559633027,7663
0.5,7664
0.5045045045045045,7665
0.5,7666
0.49557522123893805,7667
0.5,7668
0.5043478260869565,7669
0.5,7670
0.49572649572649574,7671
0.5,7672
0.5042016806722689,7673
0.5,7674
0.5041322314049587,7675
0.5081967213114754,7676
0.5040650406504065,7677
0.5080645161290323,7678
0.504,7679
0.5079365079365079,7680
0.5118110236220472,7681
0.515625,7682
0.5193798449612403,7683
0.5230769230769231,7684
0.5267175572519084,7685
0.5303030303030303,7686
0.5338345864661654,7687
0.5298507462686567,7688
0.5333333333333333,7689
0.5367647058823529,7690
0.5401459854014599,7691
0.5434782608695652,7692
0.5467625899280576,7693
0.55,7694
0.5531914893617021,7695
0.5492957746478874,7696
0.5524475524475524,7697
0.5555555555555556,7698
0.5586206896551724,7699
0.5616438356164384,7700
0.5578231292517006,7701
0.5540540540540541,7702
0.5570469798657718,7703
0.5533333333333333,7704
0.5562913907284768,7705
0.5592105263157895,7706
0.5620915032679739,7707
0.564935064935065,7708
0.5612903225806452,7709
0.5641025641025641,7710
0.5605095541401274,7711
0.5632911392405063,7712
0.559748427672956,7713
0.5625,7714
0.5652173913043478,7715
0.5617283950617284,7716
0.5644171779141104,7717
0.5670731707317073,7718
0.5636363636363636,7719
0.5662650602409639,7720
0.5688622754491018,7721
0.5714285714285714,7722
0.5739644970414202,7723
0.5764705882352941,7724
0.5730994152046783,7725
0.5755813953488372,7726
0.5780346820809249,7727
0.5747126436781609,7728
0.5714285714285714,7729
0.5738636363636364,7730
0.576271186440678,7731
0.5786516853932584,7732
0.5754189944134078,7733
0.5777777777777777,7734
0.574585635359116,7735
0.5769230769230769,7736
0.5792349726775956,7737
0.5760869565217391,7738
0.5783783783783784,7739
0.5752688172043011,7740
0.5775401069518716,7741
0.5797872340425532,7742
0.582010582010582,7743
0.5789473684210527,7744
0.581151832460733,7745
0.5833333333333334,7746
0.5803108808290155,7747
0.5824742268041238,7748
0.5794871794871795,7749
0.576530612244898,7750
0.5736040609137056,7751
0.5757575757575758,7752
0.5778894472361809,7753
0.58,7754
0.5771144278606966,7755
0.5742574257425742,7756
0.5763546798029556,7757
0.5784313725490197,7758
0.5804878048780487,7759
0.5825242718446602,7760
0.5845410628019324,7761
0.5865384615384616,7762
0.5885167464114832,7763
0.5857142857142857,7764
0.5829383886255924,7765
0.5849056603773585,7766
0.5868544600938967,7767
0.5841121495327103,7768
0.5813953488372093,7769
0.5787037037037037,7770
0.5806451612903226,7771
0.5779816513761468,7772
0.5753424657534246,7773
0.5772727272727273,7774
0.579185520361991,7775
0.581081081081081,7776
0.5829596412556054,7777
0.5848214285714286,7778
0.5866666666666667,7779
0.588495575221239,7780
0.5903083700440529,7781
0.5877192982456141,7782
0.5851528384279476,7783
0.5826086956521739,7784
0.5844155844155844,7785
0.5862068965517241,7786
0.5836909871244635,7787
0.5854700854700855,7788
0.5872340425531914,7789
0.5847457627118644,7790
0.5822784810126582,7791
0.5840336134453782,7792
0.5857740585774058,7793
0.5875,7794
0.5892116182572614,7795
0.5909090909090909,7796
0.5925925925925926,7797
0.5942622950819673,7798
0.5918367346938775,7799
0.5894308943089431,7800
0.5870445344129555,7801
0.5887096774193549,7802
0.5903614457831325,7803
0.592,7804
0.5896414342629482,7805
0.5912698412698413,7806
0.5928853754940712,7807
0.594488188976378,7808
0.596078431372549,7809
0.59375,7810
0.5953307392996109,7811
0.5968992248062015,7812
0.5984555984555985,7813
0.6,7814
0.5977011494252874,7815
0.5954198473282443,7816
0.5931558935361216,7817
0.5909090909090909,7818
0.5924528301886792,7819
0.5902255639097744,7820
0.5917602996254682,7821
0.5895522388059702,7822
0.5910780669144982,7823
0.5888888888888889,7824
0.5904059040590406,7825
0.5919117647058824,7826
0.5934065934065934,7827
0.5948905109489051,7828
0.5927272727272728,7829
0.5905797101449275,7830
0.592057761732852,7831
0.5899280575539568,7832
0.5878136200716846,7833
0.5857142857142857,7834
0.5836298932384342,7835
0.5851063829787234,7836
0.5865724381625441,7837
0.5845070422535211,7838
0.5859649122807018,7839
0.5874125874125874,7840
0.5888501742160279,7841
0.5902777777777778,7842
0.5916955017301038,7843
0.593103448275862,7844
0.5945017182130584,7845
0.5958904109589042,7846
0.5938566552901023,7847
0.5952380952380952,7848
0.5966101694915255,7849
0.5945945945945946,7850
0.5925925925925926,7851
0.5906040268456376,7852
0.5919732441471572,7853
0.59,7854
0.5913621262458472,7855
0.5894039735099338,7856
0.5907590759075908,7857
0.5888157894736842,7858
0.5901639344262295,7859
0.5882352941176471,7860
0.5863192182410424,7861
0.5844155844155844,7862
0.5825242718446602,7863
0.5838709677419355,7864
0.5852090032154341,7865
0.5833333333333334,7866
0.5846645367412141,7867
0.5828025477707006,7868
0.580952380952381,7869
0.5822784810126582,7870
0.583596214511041,7871
0.5817610062893082,7872
0.5799373040752351,7873
0.58125,7874
0.5825545171339563,7875
0.5807453416149069,7876
0.5820433436532507,7877
0.5802469135802469,7878
0.5815384615384616,7879
0.5828220858895705,7880
0.5840978593272171,7881
0.5823170731707317,7882
0.5835866261398176,7883
0.5848484848484848,7884
0.5861027190332326,7885
0.5873493975903614,7886
0.5855855855855856,7887
0.5868263473053892,7888
0.5880597014925373,7889
0.5863095238095238,7890
0.5845697329376854,7891
0.5857988165680473,7892
0.584070796460177,7893
0.5852941176470589,7894
0.5865102639296188,7895
0.5847953216374269,7896
0.5830903790087464,7897
0.5813953488372093,7898
0.5797101449275363,7899
0.5809248554913294,7900
0.579250720461095,7901
0.5804597701149425,7902
0.5816618911174785,7903
0.5828571428571429,7904
0.5811965811965812,7905
0.5795454545454546,7906
0.5807365439093485,7907
0.5819209039548022,7908
0.5830985915492958,7909
0.5842696629213483,7910
0.5854341736694678,7911
0.5865921787709497,7912
0.5877437325905293,7913
0.5888888888888889,7914
0.5872576177285319,7915
0.5883977900552486,7916
0.5895316804407713,7917
0.5879120879120879,7918
0.5863013698630137,7919
0.587431693989071,7920
0.5885558583106267,7921
0.5896739130434783,7922
0.5880758807588076,7923
0.5864864864864865,7924
0.5876010781671159,7925
0.5887096774193549,7926
0.5871313672922251,7927
0.5882352941176471,7928
0.5893333333333334,7929
0.5904255319148937,7930
0.5915119363395226,7931
0.58994708994709,7932
0.5910290237467019,7933
0.5921052631578947,7934
0.5931758530183727,7935
0.5942408376963351,7936
0.5926892950391645,7937
0.59375,7938
0.5948051948051948,7939
0.5958549222797928,7940
0.5968992248062015,7941
0.5979381443298969,7942
0.5989717223650386,7943
0.5974358974358974,7944
0.5959079283887468,7945
0.5969387755102041,7946
0.5979643765903307,7947
0.5964467005076142,7948
0.5974683544303797,7949
0.5984848484848485,7950
0.5969773299748111,7951
0.5979899497487438,7952
0.5989974937343359,7953
0.6,7954
0.600997506234414,7955
0.6019900497512438,7956
0.6004962779156328,7957
0.599009900990099,7958
0.5975308641975309,7959
0.5960591133004927,7960
0.597051597051597,7961
0.5955882352941176,7962
0.5965770171149144,7963
0.5951219512195122,7964
0.5961070559610706,7965
0.5970873786407767,7966
0.5980629539951574,7967
0.5966183574879227,7968
0.5975903614457831,7969
0.5985576923076923,7970
0.5971223021582733,7971
0.5980861244019139,7972
0.5966587112171837,7973
0.5952380952380952,7974
0.5961995249406176,7975
0.5947867298578199,7976
0.5957446808510638,7977
0.5943396226415094,7978
0.5929411764705882,7979
0.5938967136150235,7980
0.594847775175644,7981
0.5934579439252337,7982
0.5944055944055944,7983
0.5930232558139535,7984
0.5916473317865429,7985
0.5925925925925926,7986
0.5912240184757506,7987
0.5921658986175116,7988
0.593103448275862,7989
0.591743119266055,7990
0.5926773455377574,7991
0.593607305936073,7992
0.592255125284738,7993
0.5931818181818181,7994
0.5941043083900227,7995
0.5927601809954751,7996
0.5914221218961625,7997
0.5923423423423423,7998
0.5932584269662922,7999
0.5919282511210763,8000
0.5928411633109619,8001
0.5915178571428571,8002
0.5924276169265034,8003
0.5933333333333334,8004
0.5920177383592018,8005
0.5907079646017699,8006
0.5894039735099338,8007
0.5881057268722467,8008
0.589010989010989,8009
0.5899122807017544,8010
0.5908096280087527,8011
0.5917030567685589,8012
0.5904139433551199,8013
0.591304347826087,8014
0.5921908893709328,8015
0.5930735930735931,8016
0.593952483801296,8017
0.5926724137931034,8018
0.5935483870967742,8019
0.5944206008583691,8020
0.5952890792291221,8021
0.594017094017094,8022
0.5927505330490405,8023
0.5914893617021276,8024
0.5923566878980892,8025
0.5932203389830508,8026
0.5940803382663847,8027
0.5949367088607594,8028
0.5936842105263158,8029
0.5945378151260504,8030
0.5953878406708596,8031
0.5962343096234309,8032
0.5970772442588727,8033
0.5958333333333333,8034
0.5966735966735967,8035
0.5954356846473029,8036
0.5962732919254659,8037
0.5971074380165289,8038
0.5958762886597938,8039
0.5967078189300411,8040
0.5954825462012321,8041
0.5963114754098361,8042
0.5950920245398773,8043
0.5959183673469388,8044
0.5967413441955194,8045
0.5975609756097561,8046
0.5983772819472617,8047
0.5991902834008097,8048
0.6,8049
0.6008064516129032,8050
0.6016096579476862,8051
0.6004016064257028,8052
0.6012024048096193,8053
0.6,8054
0.6007984031936128,8055
0.599601593625498,8056
0.6003976143141153,8057
0.6011904761904762,8058
0.6,8059
0.6007905138339921,8060
0.5996055226824457,8061
0.5984251968503937,8062
0.5992141453831041,8063
0.5980392156862745,8064
0.598825831702544,8065
0.59765625,8066
0.5964912280701754,8067
0.5953307392996109,8068
0.5941747572815534,8069
0.5930232558139535,8070
0.5938104448742747,8071
0.5945945945945946,8072
0.5953757225433526,8073
0.5961538461538461,8074
0.5950095969289827,8075
0.5957854406130269,8076
0.5946462715105163,8077
0.5954198473282443,8078
0.5942857142857143,8079
0.5950570342205324,8080
0.5958254269449715,8081
0.5965909090909091,8082
0.5954631379962193,8083
0.5943396226415094,8084
0.5932203389830508,8085
0.5921052631578947,8086
0.5909943714821764,8087
0.5898876404494382,8088
0.5887850467289719,8089
0.5895522388059702,8090
0.590316573556797,8091
0.5910780669144982,8092
0.5899814471243042,8093
0.5888888888888889,8094
0.5878003696857671,8095
0.5867158671586716,8096
0.5874769797421732,8097
0.5882352941176471,8098
0.5889908256880734,8099
0.5879120879120879,8100
0.5868372943327239,8101
0.5857664233576643,8102
0.5846994535519126,8103
0.5836363636363636,8104
0.5843920145190563,8105
0.5851449275362319,8106
0.5840867992766727,8107
0.5830324909747292,8108
0.5837837837837838,8109
0.5845323741007195,8110
0.5834829443447038,8111
0.5842293906810035,8112
0.5849731663685152,8113
0.5857142857142857,8114
0.5864527629233511,8115
0.5871886120996441,8116
0.5861456483126111,8117
0.5851063829787234,8118
0.5858407079646017,8119
0.5865724381625441,8120
0.5855379188712522,8121
0.5845070422535211,8122
0.5852372583479789,8123
0.5842105263157895,8124
0.5831873905429071,8125
0.583916083916084,8126
0.5828970331588132,8127
0.5818815331010453,8128
0.5826086956521739,8129
0.5833333333333334,8130
0.584055459272097,8131
0.5847750865051903,8132
0.5837651122625216,8133
0.5844827586206897,8134
0.5851979345955249,8135
0.5859106529209622,8136
0.5866209262435678,8137
0.5873287671232876,8138
0.588034188034188,8139
0.5887372013651877,8140
0.5894378194207837,8141
0.5884353741496599,8142
0.5891341256366723,8143
0.5898305084745763,8144
0.5888324873096447,8145
0.5878378378378378,8146
0.5868465430016864,8147
0.5858585858585859,8148
0.584873949579832,8149
0.5855704697986577,8150
0.5862646566164154,8151
0.5869565217391305,8152
0.5859766277128547,8153
0.585,8154
0.5856905158069884,8155
0.584717607973422,8156
0.5854063018242123,8157
0.5860927152317881,8158
0.5867768595041323,8159
0.5874587458745875,8160
0.5881383855024712,8161
0.587171052631579,8162
0.5862068965517241,8163
0.5852459016393443,8164
0.5859247135842881,8165
0.5866013071895425,8166
0.5872756933115824,8167
0.5879478827361564,8168
0.5886178861788618,8169
0.5892857142857143,8170
0.5883306320907618,8171
0.5889967637540453,8172
0.5896607431340872,8173
0.5887096774193549,8174
0.5893719806763285,8175
0.590032154340836,8176
0.5890850722311396,8177
0.5897435897435898,8178
0.5888,8179
0.5878594249201278,8180
0.5885167464114832,8181
0.5875796178343949,8182
0.5866454689984102,8183
0.5857142857142857,8184
0.5863708399366085,8185
0.5854430379746836,8186
0.584518167456556,8187
0.5851735015772871,8188
0.584251968503937,8189
0.5849056603773585,8190
0.5855572998430141,8191
0.5846394984326019,8192
0.5852895148669797,8193
0.584375,8194
0.5850234009360374,8195
0.5841121495327103,8196
0.5847589424572317,8197
0.5854037267080745,8198
0.586046511627907,8199
0.5851393188854489,8200
0.5842349304482226,8201
0.5848765432098766,8202
0.5855161787365177,8203
0.5861538461538461,8204
0.5852534562211982,8205
0.5843558282208589,8206
0.5834609494640123,8207
0.5840978593272171,8208
0.5847328244274809,8209
0.5853658536585366,8210
0.5859969558599696,8211
0.5851063829787234,8212
0.5857359635811836,8213
0.5863636363636363,8214
0.5869894099848714,8215
0.5876132930513596,8216
0.5867269984917044,8217
0.5873493975903614,8218
0.58796992481203,8219
0.5885885885885885,8220
0.5877061469265368,8221
0.5868263473053892,8222
0.585949177877429,8223
0.5865671641791045,8224
0.5856929955290611,8225
0.5848214285714286,8226
0.5854383358098069,8227
0.5845697329376854,8228
0.5837037037037037,8229
0.584319526627219,8230
0.5849335302806499,8231
0.584070796460177,8232
0.5832106038291606,8233
0.5838235294117647,8234
0.5829662261380323,8235
0.5835777126099707,8236
0.5841874084919473,8237
0.5847953216374269,8238
0.583941605839416,8239
0.5830903790087464,8240
0.5836972343522562,8241
0.5843023255813954,8242
0.5849056603773585,8243
0.5855072463768116,8244
0.5846599131693199,8245
0.5852601156069365,8246
0.5858585858585859,8247
0.5864553314121037,8248
0.5870503597122302,8249
0.5862068965517241,8250
0.5868005738880918,8251
0.5873925501432665,8252
0.5879828326180258,8253
0.5885714285714285,8254
0.5877318116975749,8255
0.5883190883190883,8256
0.5889046941678521,8257
0.5880681818181818,8258
0.5886524822695035,8259
0.5892351274787535,8260
0.5884016973125884,8261
0.5889830508474576,8262
0.5895627644569816,8263
0.5901408450704225,8264
0.5907172995780591,8265
0.5898876404494382,8266
0.5890603085553997,8267
0.5896358543417367,8268
0.5888111888111888,8269
0.5893854748603352,8270
0.5899581589958159,8271
0.5905292479108635,8272
0.5910987482614742,8273
0.5916666666666667,8274
0.5922330097087378,8275
0.592797783933518,8276
0.5933609958506224,8277
0.5939226519337016,8278
0.593103448275862,8279
0.59366391184573,8280
0.5928473177441541,8281
0.592032967032967,8282
0.5925925925925926,8283
0.5931506849315068,8284
0.5923392612859097,8285
0.592896174863388,8286
0.592087312414734,8287
0.5912806539509536,8288
0.5904761904761905,8289
0.5910326086956522,8290
0.5902306648575305,8291
0.5907859078590786,8292
0.591339648173207,8293
0.5905405405405405,8294
0.5910931174089069,8295
0.5902964959568733,8296
0.5908479138627187,8297
0.5900537634408602,8298
0.5892617449664429,8299
0.5884718498659517,8300
0.5876840696117804,8301
0.5882352941176471,8302
0.5874499332443258,8303
0.588,8304
0.5885486018641811,8305
0.589095744680851,8306
0.5883134130146083,8307
0.5875331564986738,8308
0.5880794701986755,8309
0.5873015873015873,8310
0.5865257595772787,8311
0.5870712401055409,8312
0.5876152832674572,8313
0.5868421052631579,8314
0.5873850197109067,8315
0.5866141732283464,8316
0.5871559633027523,8317
0.587696335078534,8318
0.5882352941176471,8319
0.5887728459530026,8320
0.5893089960886571,8321
0.5885416666666666,8322
0.58777633289987,8323
0.5883116883116883,8324
0.5875486381322957,8325
0.5880829015544041,8326
0.5873221216041398,8327
0.58656330749354,8328
0.5858064516129032,8329
0.5850515463917526,8330
0.5855855855855856,8331
0.5848329048843187,8332
0.5853658536585366,8333
0.5858974358974359,8334
0.586427656850192,8335
0.5856777493606138,8336
0.5862068965517241,8337
0.5854591836734694,8338
0.5847133757961783,8339
0.5852417302798982,8340
0.5844980940279543,8341
0.5850253807106599,8342
0.5842839036755386,8343
0.5835443037974684,8344
0.584070796460177,8345
0.5845959595959596,8346
0.5851197982345523,8347
0.5856423173803527,8348
0.5849056603773585,8349
0.5841708542713567,8350
0.5834378920953576,8351
0.5827067669172933,8352
0.5819774718397998,8353
0.5825,8354
0.5830212234706617,8355
0.5835411471321695,8356
0.5840597758405978,8357
0.5845771144278606,8358
0.5838509316770186,8359
0.5843672456575683,8360
0.5848822800495663,8361
0.5853960396039604,8362
0.584672435105068,8363
0.5839506172839506,8364
0.5844636251541308,8365
0.5849753694581281,8366
0.5842558425584256,8367
0.5847665847665847,8368
0.5840490797546012,8369
0.5845588235294118,8370
0.5850673194614443,8371
0.5855745721271394,8372
0.5848595848595849,8373
0.5841463414634146,8374
0.5834348355663824,8375
0.583941605839416,8376
0.5844471445929527,8377
0.5849514563106796,8378
0.5854545454545454,8379
0.5847457627118644,8380
0.5840386940749698,8381
0.5845410628019324,8382
0.5838359469240049,8383
0.5831325301204819,8384
0.5824308062575211,8385
0.5817307692307693,8386
0.5822328931572629,8387
0.5815347721822542,8388
0.5820359281437125,8389
0.5825358851674641,8390
0.5830346475507766,8391
0.5823389021479713,8392
0.5816448152562574,8393
0.5821428571428572,8394
0.5814506539833532,8395
0.5819477434679335,8396
0.5812574139976275,8397
0.5817535545023697,8398
0.5810650887573965,8399
0.5803782505910166,8400
0.5796930342384888,8401
0.5801886792452831,8402
0.5806831566548881,8403
0.5811764705882353,8404
0.5804935370152762,8405
0.5809859154929577,8406
0.5814771395076201,8407
0.5819672131147541,8408
0.5812865497076023,8409
0.580607476635514,8410
0.5799299883313885,8411
0.5804195804195804,8412
0.580908032596042,8413
0.5802325581395349,8414
0.5795586527293844,8415
0.5788863109048724,8416
0.5793742757821553,8417
0.5798611111111112,8418
0.5803468208092486,8419
0.5808314087759815,8420
0.580161476355248,8421
0.5794930875576036,8422
0.5799769850402762,8423
0.5793103448275863,8424
0.5786452353616532,8425
0.5779816513761468,8426
0.5773195876288659,8427
0.5766590389016019,8428
0.576,8429
0.5764840182648402,8430
0.5758266818700114,8431
0.5763097949886105,8432
0.5767918088737202,8433
0.5761363636363637,8434
0.5766174801362088,8435
0.5770975056689343,8436
0.5775764439411099,8437
0.5780542986425339,8438
0.5774011299435028,8439
0.5767494356659142,8440
0.5772266065388951,8441
0.5777027027027027,8442
0.578177727784027,8443
0.5786516853932584,8444
0.5791245791245792,8445
0.5795964125560538,8446
0.58006718924972,8447
0.5805369127516778,8448
0.5798882681564246,8449
0.5803571428571429,8450
0.5808249721293199,8451
0.5812917594654788,8452
0.5817575083426029,8453
0.5822222222222222,8454
0.58157602663707,8455
0.5809312638580931,8456
0.5813953488372093,8457
0.581858407079646,8458
0.5823204419889503,8459
0.5827814569536424,8460
0.5821389195148843,8461
0.5825991189427313,8462
0.581958195819582,8463
0.5813186813186814,8464
0.5817782656421515,8465
0.581140350877193,8466
0.5805038335158818,8467
0.5809628008752735,8468
0.5814207650273224,8469
0.5818777292576419,8470
0.5823336968375137,8471
0.5827886710239651,8472
0.5832426550598476,8473
0.5826086956521739,8474
0.5819761129207384,8475
0.5813449023861171,8476
0.581798483206934,8477
0.5822510822510822,8478
0.5827027027027027,8479
0.5831533477321814,8480
0.5825242718446602,8481
0.5829741379310345,8482
0.5823466092572659,8483
0.5817204301075268,8484
0.5821697099892589,8485
0.5826180257510729,8486
0.5830653804930332,8487
0.582441113490364,8488
0.5828877005347594,8489
0.5822649572649573,8490
0.5827107790821772,8491
0.582089552238806,8492
0.582534611288605,8493
0.5829787234042553,8494
0.5834218916046758,8495
0.5828025477707006,8496
0.5832449628844114,8497
0.5836864406779662,8498
0.5841269841269842,8499
0.5845665961945031,8500
0.5839493136219641,8501
0.5833333333333334,8502
0.58377239199157,8503
0.5842105263157895,8504
0.583596214511041,8505
0.5840336134453782,8506
0.583420776495278,8507
0.5828092243186582,8508
0.5832460732984294,8509
0.5836820083682008,8510
0.5841170323928945,8511
0.5835073068893528,8512
0.5828988529718456,8513
0.5833333333333334,8514
0.5837669094693028,8515
0.5841995841995842,8516
0.5846313603322949,8517
0.5850622406639004,8518
0.5844559585492228,8519
0.5848861283643892,8520
0.5853154084798345,8521
0.5847107438016529,8522
0.5841073271413829,8523
0.5835051546391753,8524
0.583934088568486,8525
0.5843621399176955,8526
0.5847893114080165,8527
0.5852156057494866,8528
0.5856410256410256,8529
0.5860655737704918,8530
0.586489252814739,8531
0.5869120654396728,8532
0.5873340143003064,8533
0.5867346938775511,8534
0.5871559633027523,8535
0.5865580448065173,8536
0.5859613428280773,8537
0.5853658536585366,8538
0.5857868020304569,8539
0.5851926977687627,8540
0.5845997973657548,8541
0.5850202429149798,8542
0.5854398382204247,8543
0.5858585858585859,8544
0.58627648839556,8545
0.5866935483870968,8546
0.5871097683786506,8547
0.5875251509054326,8548
0.5869346733668341,8549
0.5863453815261044,8550
0.5857572718154463,8551
0.5861723446893787,8552
0.5855855855855856,8553
0.586,8554
0.5864135864135864,8555
0.5868263473053892,8556
0.5872382851445663,8557
0.5866533864541833,8558
0.5860696517412936,8559
0.5854870775347912,8560
0.5849056603773585,8561
0.5843253968253969,8562
0.5847373637264618,8563
0.5851485148514851,8564
0.5855588526211671,8565
0.5859683794466403,8566
0.5863770977295163,8567
0.5867850098619329,8568
0.587192118226601,8569
0.5875984251968503,8570
0.5870206489675516,8571
0.5864440078585462,8572
0.5858684985279686,8573
0.5852941176470589,8574
0.584720861900098,8575
0.5851272015655578,8576
0.5845552297165201,8577
0.5849609375,8578
0.5853658536585366,8579
0.5847953216374269,8580
0.5842259006815969,8581
0.5846303501945526,8582
0.5850340136054422,8583
0.5854368932038835,8584
0.585838991270611,8585
0.5862403100775194,8586
0.5866408518877058,8587
0.586073500967118,8588
0.5864734299516908,8589
0.5859073359073359,8590
0.5853423336547734,8591
0.5847784200385356,8592
0.5851780558229066,8593
0.5846153846153846,8594
0.5850144092219021,8595
0.5854126679462572,8596
0.5848513902205177,8597
0.5842911877394636,8598
0.584688995215311,8599
0.5841300191204589,8600
0.5845272206303725,8601
0.5849236641221374,8602
0.5853193517635844,8603
0.5857142857142857,8604
0.5861084681255947,8605
0.5865019011406845,8606
0.5859449192782527,8607
0.5863377609108159,8608
0.5857819905213271,8609
0.5861742424242424,8610
0.586565752128666,8611
0.5869565217391305,8612
0.5873465533522191,8613
0.5877358490566038,8614
0.5871819038642789,8615
0.5866290018832392,8616
0.5870178739416745,8617
0.5874060150375939,8618
0.5877934272300469,8619
0.5881801125703565,8620
0.5876288659793815,8621
0.5880149812734082,8622
0.5884003741814781,8623
0.5887850467289719,8624
0.5891690009337068,8625
0.5895522388059702,8626
0.5899347623485555,8627
0.5893854748603352,8628
0.5897674418604651,8629
0.5901486988847584,8630
0.5905292479108635,8631
0.5909090909090909,8632
0.5912882298424467,8633
0.5916666666666667,8634
0.5911193339500462,8635
0.5905730129390019,8636
0.5909510618651893,8637
0.5904059040590406,8638
0.5898617511520737,8639
0.5902394106813996,8640
0.5896964121435143,8641
0.5891544117647058,8642
0.588613406795225,8643
0.5889908256880734,8644
0.5893675527039414,8645
0.5888278388278388,8646
0.5892040256175664,8647
0.5895795246800731,8648
0.5899543378995433,8649
0.5903284671532847,8650
0.5907019143117593,8651
0.5910746812386156,8652
0.5905368516833485,8653
0.5909090909090909,8654
0.5903723887375113,8655
0.5898366606170599,8656
0.5902085222121487,8657
0.5905797101449275,8658
0.5909502262443439,8659
0.5904159132007233,8660
0.5907859078590786,8661
0.5902527075812274,8662
0.5906221821460775,8663
0.5900900900900901,8664
0.5904590459045904,8665
0.5899280575539568,8666
0.5902964959568733,8667
0.5906642728904847,8668
0.590134529147982,8669
0.5905017921146953,8670
0.5908683974932856,8671
0.590339892665474,8672
0.5907059874888293,8673
0.5901785714285714,8674
0.5905441570026762,8675
0.5909090909090909,8676
0.591273374888691,8677
0.5916370106761566,8678
0.592,8679
0.5914742451154529,8680
0.59094942324756,8681
0.5904255319148937,8682
0.5899025686448184,8683
0.5893805309734513,8684
0.5897435897435898,8685
0.5892226148409894,8686
0.588702559576346,8687
0.5890652557319224,8688
0.5885462555066079,8689
0.5889084507042254,8690
0.5892700087950747,8691
0.5896309314586995,8692
0.5891132572431957,8693
0.5894736842105263,8694
0.588957055214724,8695
0.5884413309982487,8696
0.5879265091863517,8697
0.5882867132867133,8698
0.5877729257641922,8699
0.587260034904014,8700
0.5876198779424586,8701
0.5871080139372822,8702
0.587467362924282,8703
0.5878260869565217,8704
0.5881841876629018,8705
0.5876736111111112,8706
0.5871639202081527,8707
0.5866551126516465,8708
0.587012987012987,8709
0.5865051903114187,8710
0.5859982713915298,8711
0.5854922279792746,8712
0.5858498705780846,8713
0.5862068965517241,8714
0.58656330749354,8715
0.5860585197934596,8716
0.586414445399828,8717
0.5867697594501718,8718
0.5862660944206008,8719
0.5866209262435678,8720
0.586975149957155,8721
0.5873287671232876,8722
0.5868263473053892,8723
0.5871794871794872,8724
0.587532023911187,8725
0.5870307167235495,8726
0.587382779198636,8727
0.5868824531516184,8728
0.5872340425531914,8729
0.5867346938775511,8730
0.5870858113848768,8731
0.5874363327674024,8732
0.5869380831212893,8733
0.5872881355932204,8734
0.5876375952582558,8735
0.5879864636209814,8736
0.588334742180896,8737
0.5886824324324325,8738
0.5890295358649789,8739
0.5893760539629005,8740
0.5888795282224094,8741
0.5883838383838383,8742
0.5887300252312868,8743
0.5890756302521009,8744
0.5885810243492863,8745
0.5889261744966443,8746
0.5884325230511316,8747
0.5879396984924623,8748
0.5874476987447699,8749
0.5877926421404682,8750
0.5881370091896407,8751
0.5876460767946577,8752
0.5871559633027523,8753
0.5875,8754
0.5878434637801832,8755
0.5881863560732113,8756
0.5876974231088944,8757
0.5872093023255814,8758
0.5867219917012448,8759
0.5862354892205639,8760
0.5865782932891467,8761
0.5860927152317881,8762
0.5856079404466501,8763
0.5859504132231405,8764
0.5862923203963666,8765
0.5866336633663366,8766
0.5869744435284419,8767
0.586490939044481,8768
0.5868312757201646,8769
0.587171052631579,8770
0.5875102711585867,8771
0.5878489326765188,8772
0.5881870385561936,8773
0.5885245901639344,8774
0.5888615888615889,8775
0.588379705400982,8776
0.588716271463614,8777
0.5890522875816994,8778
0.5885714285714285,8779
0.5880913539967374,8780
0.5884270578647107,8781
0.5879478827361564,8782
0.5882831570382425,8783
inf,8784
0.0,8785
0.5,8786
0.6666666666666666,8787
0.75,8788
0.6,8789
0.5,8790
0.5714285714285714,8791
0.5,8792
0.4444444444444444,8793
0.5,8794
0.5454545454545454,8795
0.5833333333333334,8796
0.5384615384615384,8797
0.5,8798
0.4666666666666667,8799
0.5,8800
0.5294117647058824,8801
0.5,8802
0.5263157894736842,8803
0.5,8804
0.47619047619047616,8805
0.5,8806
0.5217391304347826,8807
0.5416666666666666,8808
0.52,8809
0.5384615384615384,8810
0.5555555555555556,8811
0.5357142857142857,8812
0.5517241379310345,8813
0.5666666666666667,8814
0.5806451612903226,8815
0.59375,8816
0.5757575757575758,8817
0.5588235294117647,8818
0.5714285714285714,8819
0.5833333333333334,8820
0.5945945945945946,8821
0.6052631578947368,8822
0.5897435897435898,8823
0.575,8824
0.5853658536585366,8825
0.5952380952380952,8826
0.6046511627906976,8827
0.5909090909090909,8828
0.6,8829
0.5869565217391305,8830
0.574468085106383,8831
0.5833333333333334,8832
0.5714285714285714,8833
0.58,8834
0.5882352941176471,8835
0.5961538461538461,8836
0.5849056603773585,8837
0.5925925925925926,8838
0.5818181818181818,8839
0.5892857142857143,8840
0.5964912280701754,8841
0.603448275862069,8842
0.6101694915254238,8843
0.6,8844
0.6065573770491803,8845
0.5967741935483871,8846
0.6031746031746031,8847
0.59375,8848
0.6,8849
0.6060606060606061,8850
0.6119402985074627,8851
0.6029411764705882,8852
0.6086956521739131,8853
0.6142857142857143,8854
0.6056338028169014,8855
0.5972222222222222,8856
0.589041095890411,8857
0.581081081081081,8858
0.5733333333333334,8859
0.5657894736842105,8860
0.5714285714285714,8861
0.5769230769230769,8862
0.569620253164557,8863
0.575,8864
0.5802469135802469,8865
0.5853658536585366,8866
0.5903614457831325,8867
0.5952380952380952,8868
0.5882352941176471,8869
0.5930232558139535,8870
0.5977011494252874,8871
0.5909090909090909,8872
0.5955056179775281,8873
0.5888888888888889,8874
0.5824175824175825,8875
0.5760869565217391,8876
0.5806451612903226,8877
0.5851063829787234,8878
0.5894736842105263,8879
0.59375,8880
0.5979381443298969,8881
0.5918367346938775,8882
0.5858585858585859,8883
0.58,8884
0.5841584158415841,8885
0.5882352941176471,8886
0.5922330097087378,8887
0.5961538461538461,8888
0.5904761904761905,8889
0.5943396226415094,8890
0.5981308411214953,8891
0.5925925925925926,8892
0.5963302752293578,8893
0.5909090909090909,8894
0.5945945945945946,8895
0.5982142857142857,8896
0.6017699115044248,8897
0.6052631578947368,8898
0.6,8899
0.603448275862069,8900
0.5982905982905983,8901
0.5932203389830508,8902
0.5882352941176471,8903
0.5833333333333334,8904
0.5867768595041323,8905
0.5901639344262295,8906
0.5853658536585366,8907
0.5887096774193549,8908
0.584,8909
0.5793650793650794,8910
0.5826771653543307,8911
0.578125,8912
0.5736434108527132,8913
0.5692307692307692,8914
0.5725190839694656,8915
0.5757575757575758,8916
0.5714285714285714,8917
0.5671641791044776,8918
0.562962962962963,8919
0.5661764705882353,8920
0.5693430656934306,8921
0.5652173913043478,8922
0.5611510791366906,8923
0.5642857142857143,8924
0.5673758865248227,8925
0.5704225352112676,8926
0.5664335664335665,8927
0.5694444444444444,8928
0.5724137931034483,8929
0.5684931506849316,8930
0.5714285714285714,8931
0.5743243243243243,8932
0.5771812080536913,8933
0.58,8934
0.5827814569536424,8935
0.5855263157894737,8936
0.5882352941176471,8937
0.5844155844155844,8938
0.5806451612903226,8939
0.5769230769230769,8940
0.5796178343949044,8941
0.5759493670886076,8942
0.5723270440251572,8943
0.575,8944
0.577639751552795,8945
0.5740740740740741,8946
0.5766871165644172,8947
0.5792682926829268,8948
0.5818181818181818,8949
0.5843373493975904,8950
0.5868263473053892,8951
0.5892857142857143,8952
0.5857988165680473,8953
0.5882352941176471,8954
0.5906432748538012,8955
0.5930232558139535,8956
0.5953757225433526,8957
0.5919540229885057,8958
0.5885714285714285,8959
0.5852272727272727,8960
0.5819209039548022,8961
0.5786516853932584,8962
0.5810055865921788,8963
0.5833333333333334,8964
0.585635359116022,8965
0.5879120879120879,8966
0.5846994535519126,8967
0.5869565217391305,8968
0.5837837837837838,8969
0.5860215053763441,8970
0.5882352941176471,8971
0.5851063829787234,8972
0.5873015873015873,8973
0.5894736842105263,8974
0.5863874345549738,8975
0.5885416666666666,8976
0.5854922279792746,8977
0.5876288659793815,8978
0.5897435897435898,8979
0.5867346938775511,8980
0.583756345177665,8981
0.5858585858585859,8982
0.5879396984924623,8983
0.59,8984
0.5920398009950248,8985
0.5891089108910891,8986
0.5862068965517241,8987
0.5833333333333334,8988
0.5804878048780487,8989
0.5825242718446602,8990
0.5845410628019324,8991
0.5865384615384616,8992
0.5885167464114832,8993
0.5857142857142857,8994
0.5876777251184834,8995
0.589622641509434,8996
0.5915492957746479,8997
0.5934579439252337,8998
0.5953488372093023,8999
0.5925925925925926,9000
0.5898617511520737,9001
0.5871559633027523,9002
0.589041095890411,9003
0.5863636363636363,9004
0.5882352941176471,9005
0.5855855855855856,9006
0.5829596412556054,9007
0.5803571428571429,9008
0.5777777777777777,9009
0.5752212389380531,9010
0.5770925110132159,9011
0.5745614035087719,9012
0.5720524017467249,9013
0.5739130434782609,9014
0.5714285714285714,9015
0.5689655172413793,9016
0.5708154506437768,9017
0.5726495726495726,9018
0.574468085106383,9019
0.576271186440678,9020
0.5738396624472574,9021
0.5714285714285714,9022
0.5690376569037657,9023
0.5708333333333333,9024
0.5684647302904564,9025
0.5702479338842975,9026
0.5720164609053497,9027
0.569672131147541,9028
0.5714285714285714,9029
0.5691056910569106,9030
0.5708502024291497,9031
0.5685483870967742,9032
0.570281124497992,9033
0.568,9034
0.5657370517928287,9035
0.5634920634920635,9036
0.5652173913043478,9037
0.562992125984252,9038
0.5607843137254902,9039
0.55859375,9040
0.556420233463035,9041
0.5581395348837209,9042
0.5598455598455598,9043
0.5615384615384615,9044
0.5593869731800766,9045
0.5610687022900763,9046
0.5627376425855514,9047
0.5643939393939394,9048
0.5622641509433962,9049
0.5639097744360902,9050
0.5617977528089888,9051
0.5634328358208955,9052
0.5613382899628253,9053
0.5592592592592592,9054
0.5571955719557196,9055
0.5588235294117647,9056
0.5567765567765568,9057
0.5583941605839416,9058
0.5563636363636364,9059
0.5543478260869565,9060
0.5523465703971119,9061
0.5539568345323741,9062
0.5519713261648745,9063
0.5535714285714286,9064
0.5516014234875445,9065
0.5531914893617021,9066
0.5512367491166078,9067
0.5528169014084507,9068
0.5508771929824562,9069
0.5524475524475524,9070
0.554006968641115,9071
0.5555555555555556,9072
0.5536332179930796,9073
0.5551724137931034,9074
0.5567010309278351,9075
0.5582191780821918,9076
0.5597269624573379,9077
0.5612244897959183,9078
0.559322033898305,9079
0.5608108108108109,9080
0.5589225589225589,9081
0.5604026845637584,9082
0.5585284280936454,9083
0.56,9084
0.5614617940199336,9085
0.5596026490066225,9086
0.5610561056105611,9087
0.5592105263157895,9088
0.5573770491803278,9089
0.5555555555555556,9090
0.5570032573289903,9091
0.5551948051948052,9092
0.5533980582524272,9093
0.5516129032258065,9094
0.5498392282958199,9095
0.5480769230769231,9096
0.5463258785942492,9097
0.5477707006369427,9098
0.5492063492063493,9099
0.5474683544303798,9100
0.5488958990536278,9101
0.5471698113207547,9102
0.5454545454545454,9103
0.54375,9104
0.5420560747663551,9105
0.5403726708074534,9106
0.541795665634675,9107
0.5432098765432098,9108
0.5415384615384615,9109
0.5429447852760736,9110
0.5443425076452599,9111
0.5457317073170732,9112
0.5440729483282675,9113
0.5454545454545454,9114
0.5438066465256798,9115
0.5451807228915663,9116
0.5435435435435435,9117
0.5449101796407185,9118
0.5462686567164179,9119
0.5446428571428571,9120
0.543026706231454,9121
0.5443786982248521,9122
0.5427728613569321,9123
0.5411764705882353,9124
0.5395894428152492,9125
0.5380116959064327,9126
0.5393586005830904,9127
0.5406976744186046,9128
0.5420289855072464,9129
0.5433526011560693,9130
0.5446685878962536,9131
0.5459770114942529,9132
0.5472779369627507,9133
0.5485714285714286,9134
0.5498575498575499,9135
0.5511363636363636,9136
0.5495750708215298,9137
0.5508474576271186,9138
0.5492957746478874,9139
0.547752808988764,9140
0.5462184873949579,9141
0.547486033519553,9142
0.5459610027855153,9143
0.5472222222222223,9144
0.5484764542936288,9145
0.5497237569060773,9146
0.5509641873278237,9147
0.5521978021978022,9148
0.5534246575342465,9149
0.5546448087431693,9150
0.555858310626703,9151
0.5570652173913043,9152
0.5555555555555556,9153
0.5540540540540541,9154
0.5525606469002695,9155
0.553763440860215,9156
0.5549597855227882,9157
0.5561497326203209,9158
0.5546666666666666,9159
0.5558510638297872,9160
0.5570291777188329,9161
0.5582010582010583,9162
0.5593667546174143,9163
0.5578947368421052,9164
0.5564304461942258,9165
0.5575916230366492,9166
0.5587467362924282,9167
0.5598958333333334,9168
0.5584415584415584,9169
0.5595854922279793,9170
0.5607235142118863,9171
0.5618556701030928,9172
0.5604113110539846,9173
0.5615384615384615,9174
0.5601023017902813,9175
0.5586734693877551,9176
0.5572519083969466,9177
0.5583756345177665,9178
0.5569620253164557,9179
0.5580808080808081,9180
0.5591939546599496,9181
0.5603015075376885,9182
0.5614035087719298,9183
0.56,9184
0.5586034912718204,9185
0.5597014925373134,9186
0.5583126550868487,9187
0.5594059405940595,9188
0.5604938271604938,9189
0.5591133004926109,9190
0.5577395577395577,9191
0.5563725490196079,9192
0.5574572127139364,9193
0.5585365853658537,9194
0.559610705596107,9195
0.5606796116504854,9196
0.5617433414043583,9197
0.5628019323671497,9198
0.5614457831325301,9199
0.5625,9200
0.5635491606714629,9201
0.5645933014354066,9202
0.5656324582338902,9203
0.5642857142857143,9204
0.5629453681710214,9205
0.5616113744075829,9206
0.5602836879432624,9207
0.5613207547169812,9208
0.5623529411764706,9209
0.5633802816901409,9210
0.5620608899297423,9211
0.5607476635514018,9212
0.5594405594405595,9213
0.5581395348837209,9214
0.5568445475638051,9215
0.5555555555555556,9216
0.5542725173210161,9217
0.5529953917050692,9218
0.5540229885057472,9219
0.555045871559633,9220
0.5560640732265446,9221
0.5547945205479452,9222
0.5558086560364465,9223
0.5545454545454546,9224
0.5532879818594104,9225
0.5520361990950227,9226
0.5507900677200903,9227
0.5518018018018018,9228
0.550561797752809,9229
0.5515695067264574,9230
0.5525727069351231,9231
0.5513392857142857,9232
0.5523385300668151,9233
0.5511111111111111,9234
0.5521064301552107,9235
0.5508849557522124,9236
0.5518763796909493,9237
0.552863436123348,9238
0.5538461538461539,9239
0.5548245614035088,9240
0.5557986870897156,9241
0.5567685589519651,9242
0.5555555555555556,9243
0.5543478260869565,9244
0.5553145336225597,9245
0.5541125541125541,9246
0.5550755939524838,9247
0.5560344827586207,9248
0.556989247311828,9249
0.5579399141630901,9250
0.5588865096359743,9251
0.5598290598290598,9252
0.5607675906183369,9253
0.5617021276595745,9254
0.5605095541401274,9255
0.559322033898305,9256
0.5602536997885835,9257
0.5590717299578059,9258
0.56,9259
0.5609243697478992,9260
0.5618448637316562,9261
0.5627615062761506,9262
0.5636743215031316,9263
0.5645833333333333,9264
0.5654885654885655,9265
0.5643153526970954,9266
0.5631469979296067,9267
0.5640495867768595,9268
0.5628865979381443,9269
0.5637860082304527,9270
0.5646817248459959,9271
0.5655737704918032,9272
0.5664621676891616,9273
0.5673469387755102,9274
0.5682281059063137,9275
0.5670731707317073,9276
0.5679513184584178,9277
0.5688259109311741,9278
0.5696969696969697,9279
0.5705645161290323,9280
0.5714285714285714,9281
0.572289156626506,9282
0.5731462925851704,9283
0.574,9284
0.5748502994011976,9285
0.5756972111553785,9286
0.5765407554671969,9287
0.5753968253968254,9288
0.5742574257425742,9289
0.5731225296442688,9290
0.571992110453649,9291
0.5708661417322834,9292
0.5717092337917485,9293
0.5725490196078431,9294
0.5714285714285714,9295
0.572265625,9296
0.5730994152046783,9297
0.5739299610894941,9298
0.574757281553398,9299
0.5736434108527132,9300
0.5725338491295938,9301
0.5733590733590733,9302
0.5741811175337187,9303
0.575,9304
0.5738963531669866,9305
0.5747126436781609,9306
0.5755258126195029,9307
0.5763358778625954,9308
0.5771428571428572,9309
0.5760456273764258,9310
0.5768500948766604,9311
0.5776515151515151,9312
0.5784499054820416,9313
0.5773584905660377,9314
0.576271186440678,9315
0.575187969924812,9316
0.575984990619137,9317
0.5749063670411985,9318
0.5757009345794393,9319
0.5746268656716418,9320
0.5735567970204841,9321
0.5743494423791822,9322
0.5732838589981447,9323
0.5740740740740741,9324
0.5748613678373382,9325
0.5756457564575646,9326
0.574585635359116,9327
0.5753676470588235,9328
0.5743119266055046,9329
0.5732600732600732,9330
0.5740402193784278,9331
0.572992700729927,9332
0.5719489981785064,9333
0.5727272727272728,9334
0.5716878402903811,9335
0.572463768115942,9336
0.5732368896925859,9337
0.572202166064982,9338
0.572972972972973,9339
0.5737410071942446,9340
0.5745062836624776,9341
0.5752688172043011,9342
0.5742397137745975,9343
0.5732142857142857,9344
0.5721925133689839,9345
0.5729537366548043,9346
0.5719360568383659,9347
0.5726950354609929,9348
0.5716814159292035,9349
0.5706713780918727,9350
0.5696649029982364,9351
0.5704225352112676,9352
0.5694200351493849,9353
0.5701754385964912,9354
0.5691768826619965,9355
0.5699300699300699,9356
0.5706806282722513,9357
0.5696864111498258,9358
0.5704347826086956,9359
0.5694444444444444,9360
0.5701906412478336,9361
0.5709342560553633,9362
0.5716753022452504,9363
0.5724137931034483,9364
0.5731497418244407,9365
0.5738831615120275,9366
0.5746140651801029,9367
0.5753424657534246,9368
0.576068376068376,9369
0.5767918088737202,9370
0.5775127768313458,9371
0.576530612244898,9372
0.5755517826825127,9373
0.576271186440678,9374
0.5752961082910322,9375
0.5743243243243243,9376
0.5733558178752108,9377
0.5740740740740741,9378
0.5747899159663865,9379
0.575503355704698,9380
0.576214405360134,9381
0.5769230769230769,9382
0.5776293823038398,9383
0.5783333333333334,9384
0.5790349417637272,9385
0.5780730897009967,9386
0.5771144278606966,9387
0.5761589403973509,9388
0.5752066115702479,9389
0.5759075907590759,9390
0.5766062602965404,9391
0.5773026315789473,9392
0.5779967159277504,9393
0.5770491803278689,9394
0.5777414075286416,9395
0.5784313725490197,9396
0.5791190864600326,9397
0.5798045602605864,9398
0.5788617886178862,9399
0.5795454545454546,9400
0.5786061588330632,9401
0.5776699029126213,9402
0.5783521809369951,9403
0.5774193548387097,9404
0.5764895330112721,9405
0.5771704180064309,9406
0.5778491171749599,9407
0.5769230769230769,9408
0.5776,9409
0.5782747603833865,9410
0.5789473684210527,9411
0.5780254777070064,9412
0.5786963434022258,9413
0.5793650793650794,9414
0.5800316957210776,9415
0.5791139240506329,9416
0.5797788309636651,9417
0.5788643533123028,9418
0.5795275590551181,9419
0.5801886792452831,9420
0.5808477237048666,9421
0.5799373040752351,9422
0.5805946791862285,9423
0.5796875,9424
0.5803432137285491,9425
0.5794392523364486,9426
0.5800933125972006,9427
0.5807453416149069,9428
0.5813953488372093,9429
0.5820433436532507,9430
0.5826893353941267,9431
0.5833333333333334,9432
0.5824345146379045,9433
0.5815384615384616,9434
0.5821812596006144,9435
0.5812883435582822,9436
0.5819295558958653,9437
0.5825688073394495,9438
0.583206106870229,9439
0.5823170731707317,9440
0.5829528158295282,9441
0.5820668693009119,9442
0.582701062215478,9443
0.5818181818181818,9444
0.5809379727685325,9445
0.5800604229607251,9446
0.5806938159879337,9447
0.5813253012048193,9448
0.5804511278195489,9449
0.5795795795795796,9450
0.5787106446776612,9451
0.5793413173652695,9452
0.57847533632287,9453
0.5791044776119403,9454
0.5782414307004471,9455
0.5773809523809523,9456
0.5780089153046062,9457
0.5771513353115727,9458
0.5777777777777777,9459
0.5784023668639053,9460
0.5790251107828656,9461
0.5781710914454278,9462
0.5773195876288659,9463
0.5779411764705882,9464
0.5770925110132159,9465
0.5762463343108505,9466
0.5768667642752562,9467
0.5760233918128655,9468
0.5751824817518248,9469
0.575801749271137,9470
0.5764192139737991,9471
0.5755813953488372,9472
0.5761973875181422,9473
0.5768115942028985,9474
0.5759768451519537,9475
0.5751445086705202,9476
0.5757575757575758,9477
0.5749279538904899,9478
0.5755395683453237,9479
0.5761494252873564,9480
0.5767575322812052,9481
0.5773638968481375,9482
0.5779685264663805,9483
0.5785714285714286,9484
0.5777460770328102,9485
0.5769230769230769,9486
0.577524893314367,9487
0.5767045454545454,9488
0.577304964539007,9489
0.5764872521246459,9490
0.5756718528995757,9491
0.576271186440678,9492
0.5754583921015515,9493
0.576056338028169,9494
0.5752461322081576,9495
0.574438202247191,9496
0.5750350631136045,9497
0.5756302521008403,9498
0.5748251748251748,9499
0.5754189944134078,9500
0.5760111576011158,9501
0.5766016713091922,9502
0.5771905424200278,9503
0.5777777777777777,9504
0.5783633841886269,9505
0.5789473684210527,9506
0.5795297372060858,9507
0.580110497237569,9508
0.5806896551724138,9509
0.581267217630854,9510
0.5818431911966988,9511
0.5810439560439561,9512
0.5802469135802469,9513
0.5794520547945206,9514
0.5800273597811217,9515
0.5806010928961749,9516
0.5811732605729877,9517
0.5803814713896458,9518
0.580952380952381,9519
0.5815217391304348,9520
0.582089552238806,9521
0.5813008130081301,9522
0.5805142083897158,9523
0.581081081081081,9524
0.5802968960863698,9525
0.5808625336927223,9526
0.5800807537012113,9527
0.5793010752688172,9528
0.5798657718120805,9529
0.5804289544235925,9530
0.5809906291834003,9531
0.5815508021390374,9532
0.5807743658210948,9533
0.5813333333333334,9534
0.5818908122503329,9535
0.5824468085106383,9536
0.5816733067729084,9537
0.5822281167108754,9538
0.5827814569536424,9539
0.582010582010582,9540
0.5812417437252312,9541
0.5817941952506597,9542
0.5823451910408433,9543
0.5828947368421052,9544
0.5834428383705651,9545
0.583989501312336,9546
0.5845347313237221,9547
0.5837696335078534,9548
0.5830065359477125,9549
0.5835509138381201,9550
0.5840938722294654,9551
0.5833333333333334,9552
0.5838751625487646,9553
0.5831168831168831,9554
0.5836575875486382,9555
0.5841968911917098,9556
0.5847347994825356,9557
0.5839793281653747,9558
0.5832258064516129,9559
0.5824742268041238,9560
0.583011583011583,9561
0.583547557840617,9562
0.5840821566110398,9563
0.5846153846153846,9564
0.5851472471190781,9565
0.5843989769820972,9566
0.5849297573435505,9567
0.5841836734693877,9568
0.5834394904458599,9569
0.583969465648855,9570
0.5832274459974587,9571
0.583756345177665,9572
0.5830164765525983,9573
0.5822784810126582,9574
0.5815423514538559,9575
0.5820707070707071,9576
0.5825977301387137,9577
0.5818639798488665,9578
0.5811320754716981,9579
0.5816582914572864,9580
0.5821831869510665,9581
0.581453634085213,9582
0.5807259073842302,9583
0.58,9584
0.5805243445692884,9585
0.5798004987531172,9586
0.5790784557907845,9587
0.5783582089552238,9588
0.577639751552795,9589
0.5781637717121588,9590
0.5786864931846345,9591
0.5779702970297029,9592
0.5784919653893696,9593
0.5790123456790124,9594
0.5782983970406905,9595
0.5775862068965517,9596
0.5781057810578106,9597
0.5773955773955773,9598
0.5779141104294478,9599
0.5784313725490197,9600
0.5777233782129743,9601
0.578239608801956,9602
0.5775335775335775,9603
0.5768292682926829,9604
0.5761266747868453,9605
0.5766423357664233,9606
0.5771567436208992,9607
0.5764563106796117,9608
0.5757575757575758,9609
0.5750605326876513,9610
0.5743651753325272,9611
0.5736714975845411,9612
0.5741857659831122,9613
0.5734939759036145,9614
0.5740072202166066,9615
0.5745192307692307,9616
0.575030012004802,9617
0.5743405275779376,9618
0.5748502994011976,9619
0.5753588516746412,9620
0.5746714456391876,9621
0.5739856801909308,9622
0.5744934445768772,9623
0.5738095238095238,9624
0.5743162901307967,9625
0.5748218527315915,9626
0.575326215895611,9627
0.5746445497630331,9628
0.5751479289940828,9629
0.574468085106383,9630
0.5749704840613932,9631
0.5754716981132075,9632
0.5759717314487632,9633
0.5752941176470588,9634
0.5757931844888367,9635
0.5751173708920188,9636
0.5744431418522861,9637
0.5749414519906323,9638
0.5742690058479533,9639
0.5735981308411215,9640
0.574095682613769,9641
0.5745920745920746,9642
0.5750873108265425,9643
0.5755813953488372,9644
0.5760743321718932,9645
0.5765661252900232,9646
0.5770567786790266,9647
0.5763888888888888,9648
0.576878612716763,9649
0.5773672055427251,9650
0.5778546712802768,9651
0.5783410138248848,9652
0.5776754890678941,9653
0.5781609195402299,9654
0.5786452353616532,9655
0.5779816513761468,9656
0.5784650630011455,9657
0.5778032036613272,9658
0.5771428571428572,9659
0.5764840182648402,9660
0.5769669327251995,9661
0.5763097949886105,9662
0.5756541524459613,9663
0.5761363636363637,9664
0.5754824063564131,9665
0.5759637188208617,9666
0.5753114382785957,9667
0.5746606334841629,9668
0.5740112994350283,9669
0.5733634311512416,9670
0.5738444193912063,9671
0.5743243243243243,9672
0.5748031496062992,9673
0.5752808988764045,9674
0.574635241301908,9675
0.5739910313901345,9676
0.5733482642777156,9677
0.5738255033557047,9678
0.5743016759776536,9679
0.5736607142857143,9680
0.5741360089186176,9681
0.5746102449888641,9682
0.575083426028921,9683
0.5744444444444444,9684
0.5738068812430632,9685
0.5742793791574279,9686
0.574750830564784,9687
0.5752212389380531,9688
0.574585635359116,9689
0.5739514348785872,9690
0.5744211686879823,9691
0.5748898678414097,9692
0.5753575357535754,9693
0.5758241758241758,9694
0.575192096597146,9695
0.5756578947368421,9696
0.5761226725082147,9697
0.5754923413566739,9698
0.5759562841530055,9699
0.5753275109170306,9700
0.5757906215921483,9701
0.5762527233115469,9702
0.5756256800870512,9703
0.5760869565217391,9704
0.5765472312703583,9705
0.5759219088937093,9706
0.5752979414951246,9707
0.5757575757575758,9708
0.5751351351351351,9709
0.5755939524838013,9710
0.5760517799352751,9711
0.5754310344827587,9712
0.5748116254036598,9713
0.5752688172043011,9714
0.5757250268528464,9715
0.5761802575107297,9716
0.5766345123258306,9717
0.5770877944325482,9718
0.5764705882352941,9719
0.5758547008547008,9720
0.576307363927428,9721
0.5756929637526652,9722
0.5750798722044729,9723
0.574468085106383,9724
0.5738575982996812,9725
0.5743099787685775,9726
0.5737009544008483,9727
0.573093220338983,9728
0.5724867724867725,9729
0.572938689217759,9730
0.5723336853220697,9731
0.5727848101265823,9732
0.5732349841938883,9733
0.5736842105263158,9734
0.573080967402734,9735
0.5735294117647058,9736
0.5739769150052466,9737
0.5744234800838575,9738
0.5738219895287958,9739
0.5742677824267782,9740
0.5736677115987461,9741
0.5741127348643006,9742
0.5745568300312826,9743
0.5739583333333333,9744
0.5744016649323621,9745
0.5748440748440748,9746
0.5752855659397715,9747
0.5746887966804979,9748
0.5751295336787565,9749
0.5755693581780539,9750
0.5760082730093071,9751
0.5754132231404959,9752
0.5748194014447885,9753
0.5742268041237113,9754
0.5736354273944387,9755
0.5740740740740741,9756
0.5745118191161357,9757
0.5749486652977412,9758
0.5743589743589743,9759
0.5737704918032787,9760
0.5742067553735927,9761
0.5746421267893661,9762
0.575076608784474,9763
0.5744897959183674,9764
0.5749235474006116,9765
0.5743380855397149,9766
0.5747711088504578,9767
0.5752032520325203,9768
0.5756345177664974,9769
0.5760649087221096,9770
0.5764944275582573,9771
0.5769230769230769,9772
0.5773508594539939,9773
0.5777777777777777,9774
0.5782038345105953,9775
0.5786290322580645,9776
0.5780463242698892,9777
0.5784708249496981,9778
0.578894472361809,9779
0.5783132530120482,9780
0.5787362086258776,9781
0.5791583166332666,9782
0.5785785785785785,9783
0.578,9784
0.5774225774225774,9785
0.5768463073852296,9786
0.5772681954137587,9787
0.5776892430278885,9788
0.5771144278606966,9789
0.5775347912524851,9790
0.5779543197616683,9791
0.5773809523809523,9792
0.5777998017839445,9793
0.5782178217821782,9794
0.5776458951533135,9795
0.5770750988142292,9796
0.577492596248766,9797
0.5769230769230769,9798
0.5763546798029556,9799
0.5757874015748031,9800
0.576204523107178,9801
0.5766208251473477,9802
0.5760549558390579,9803
0.5754901960784313,9804
0.5759059745347699,9805
0.576320939334638,9806
0.5767350928641252,9807
0.576171875,9808
0.5765853658536585,9809
0.5769980506822612,9810
0.5774099318403116,9811
0.5778210116731517,9812
0.577259475218659,9813
0.5776699029126213,9814
0.577109602327837,9815
0.5775193798449613,9816
0.5769603097773476,9817
0.5773694390715667,9818
0.5777777777777777,9819
0.5781853281853282,9820
0.5785920925747348,9821
0.5780346820809249,9822
0.5784408084696824,9823
0.5788461538461539,9824
0.5782901056676273,9825
0.5786948176583493,9826
0.5790987535953979,9827
0.5795019157088123,9828
0.5799043062200957,9829
0.5793499043977055,9830
0.5787965616045845,9831
0.5782442748091603,9832
0.5776930409914204,9833
0.5780952380952381,9834
0.5784966698382493,9835
0.5788973384030418,9836
0.5792972459639126,9837
0.5787476280834914,9838
0.5791469194312796,9839
0.5795454545454546,9840
0.5799432355723746,9841
0.5803402646502835,9842
0.5807365439093485,9843
0.5811320754716981,9844
0.5805843543826579,9845
0.5809792843691148,9846
0.58137347130762,9847
0.581766917293233,9848
0.5821596244131455,9849
0.5816135084427767,9850
0.5820056232427366,9851
0.5823970037453183,9852
0.5818521983161834,9853
0.5822429906542056,9854
0.5826330532212886,9855
0.5830223880597015,9856
0.5824790307548928,9857
0.5819366852886406,9858
0.5823255813953488,9859
0.5827137546468402,9860
0.5831012070566388,9861
0.5825602968460112,9862
0.5829471733086191,9863
0.5824074074074074,9864
0.5827937095282146,9865
0.5822550831792976,9866
0.5817174515235457,9867
0.5821033210332104,9868
0.5824884792626728,9869
0.5828729281767956,9870
0.5832566697332107,9871
0.5827205882352942,9872
0.5821854912764004,9873
0.581651376146789,9874
0.5820348304307974,9875
0.5824175824175825,9876
0.5827996340347666,9877
0.5822669104204753,9878
0.582648401826484,9879
0.583029197080292,9880
0.5834092980856882,9881
0.5828779599271403,9882
0.5832575068243858,9883
0.5827272727272728,9884
0.5831062670299727,9885
0.5825771324863884,9886
0.5820489573889392,9887
0.5815217391304348,9888
0.5809954751131222,9889
0.581374321880651,9890
0.5808491418247516,9891
0.5803249097472925,9892
0.5807033363390441,9893
0.581081081081081,9894
0.5805580558055805,9895
0.5800359712230215,9896
0.5795148247978437,9897
0.5789946140035906,9898
0.57847533632287,9899
0.578853046594982,9900
0.5783348254252462,9901
0.5787119856887298,9902
0.579088471849866,9903
0.5794642857142858,9904
0.5798394290811775,9905
0.5802139037433155,9906
0.5805877114870882,9907
0.5800711743772242,9908
0.5804444444444444,9909
0.5808170515097691,9910
0.580301685891748,9911
0.5806737588652482,9912
0.5810451727192205,9913
0.5814159292035398,9914
0.5817860300618921,9915
0.5821554770318021,9916
0.5816416593115622,9917
0.582010582010582,9918
0.5823788546255506,9919
0.5827464788732394,9920
0.5822339489885664,9921
0.5826010544815465,9922
0.5829675153643546,9923
0.5833333333333334,9924
0.5828220858895705,9925
0.5823117338003503,9926
0.5826771653543307,9927
0.583041958041958,9928
0.5825327510917031,9929
0.5828970331588132,9930
0.5823888404533566,9931
0.5818815331010453,9932
0.5822454308093995,9933
0.5826086956521739,9934
0.582971329278888,9935
0.5833333333333334,9936
0.5836947094535994,9937
0.5831889081455806,9938
0.5835497835497836,9939
0.5839100346020761,9940
0.5842696629213483,9941
0.5846286701208981,9942
0.5841242450388265,9943
0.5844827586206897,9944
0.5848406546080964,9945
0.5843373493975904,9946
0.5838349097162511,9947
0.5833333333333334,9948
0.5836909871244635,9949
0.5831903945111492,9950
0.5826906598114824,9951
0.5821917808219178,9952
0.5825491873396065,9953
0.582905982905983,9954
0.5824081981212639,9955
0.5827645051194539,9956
0.5831202046035806,9957
0.5826235093696763,9958
0.5829787234042553,9959
0.5833333333333334,9960
0.5836873406966865,9961
0.5840407470288624,9962
0.5835453774385072,9963
0.5830508474576271,9964
0.5834038950042337,9965
0.5829103214890017,9966
0.5832628909551987,9967
0.5836148648648649,9968
0.5839662447257384,9969
0.5834738617200674,9970
0.5829823083403538,9971
0.5824915824915825,9972
0.5820016820857864,9973
0.5815126050420169,9974
0.5818639798488665,9975
0.5822147651006712,9976
0.5817267393126572,9977
0.5820770519262981,9978
0.5815899581589958,9979
0.5811036789297659,9980
0.581453634085213,9981
0.5809682804674458,9982
0.5804837364470392,9983
0.5808333333333333,9984
0.5811823480432973,9985
0.5815307820299501,9986
0.5810473815461347,9987
0.5813953488372093,9988
0.5817427385892117,9989
0.582089552238806,9990
0.5816072908036454,9991
0.581953642384106,9992
0.5822994210090985,9993
0.5818181818181818,9994
0.5813377374071016,9995
0.5816831683168316,9996
0.5820280296784831,9997
0.5823723228995058,9998
0.5818930041152264,9999
0.5822368421052632,10000
0.5825801150369762,10001
0.5829228243021346,10002
0.5824446267432322,10003
0.5827868852459016,10004
0.5831285831285832,10005
0.5826513911620295,10006
0.5829926410466068,10007
0.5833333333333334,10008
0.5828571428571429,10009
inf,10010
0.0,10011
0.5,10012
0.3333333333333333,10013
0.25,10014
0.4,10015
0.5,10016
0.42857142857142855,10017
0.5,10018
0.4444444444444444,10019
0.5,10020
0.5454545454545454,10021
0.5833333333333334,10022
0.6153846153846154,10023
0.5714285714285714,10024
0.6,10025
0.625,10026
0.5882352941176471,10027
0.5555555555555556,10028
0.5263157894736842,10029
0.55,10030
0.5714285714285714,10031
0.5909090909090909,10032
0.5652173913043478,10033
0.5416666666666666,10034
0.52,10035
0.5384615384615384,10036
0.5555555555555556,10037
0.5714285714285714,10038
0.5862068965517241,10039
0.6,10040
0.5806451612903226,10041
0.5625,10042
0.5757575757575758,10043
0.5882352941176471,10044
0.6,10045
0.5833333333333334,10046
0.5945945945945946,10047
0.5789473684210527,10048
0.5641025641025641,10049
0.575,10050
0.5853658536585366,10051
0.5714285714285714,10052
0.5581395348837209,10053
0.5681818181818182,10054
0.5555555555555556,10055
0.5652173913043478,10056
0.574468085106383,10057
0.5625,10058
0.5714285714285714,10059
0.58,10060
0.5686274509803921,10061
0.5769230769230769,10062
0.5849056603773585,10063
0.5925925925925926,10064
0.6,10065
0.6071428571428571,10066
0.6140350877192983,10067
0.6206896551724138,10068
0.6101694915254238,10069
0.6166666666666667,10070
0.6229508196721312,10071
0.6290322580645161,10072
0.6349206349206349,10073
0.625,10074
0.6153846153846154,10075
0.6060606060606061,10076
0.6119402985074627,10077
0.6176470588235294,10078
0.6086956521739131,10079
0.6142857142857143,10080
0.6056338028169014,10081
0.6111111111111112,10082
0.6027397260273972,10083
0.6081081081081081,10084
0.6,10085
0.6052631578947368,10086
0.5974025974025974,10087
0.6025641025641025,10088
0.5949367088607594,10089
0.5875,10090
0.5925925925925926,10091
0.5853658536585366,10092
0.5903614457831325,10093
0.5952380952380952,10094
0.5882352941176471,10095
0.5813953488372093,10096
0.5747126436781609,10097
0.5795454545454546,10098
0.5730337078651685,10099
0.5777777777777777,10100
0.5714285714285714,10101
0.5652173913043478,10102
0.5591397849462365,10103
0.5638297872340425,10104
0.5578947368421052,10105
0.5520833333333334,10106
0.5463917525773195,10107
0.5510204081632653,10108
0.5454545454545454,10109
0.55,10110
0.5544554455445545,10111
0.5490196078431373,10112
0.5436893203883495,10113
0.5480769230769231,10114
0.5523809523809524,10115
0.5566037735849056,10116
0.5607476635514018,10117
0.5555555555555556,10118
0.5504587155963303,10119
0.5454545454545454,10120
0.5495495495495496,10121
0.5535714285714286,10122
0.5575221238938053,10123
0.5526315789473685,10124
0.5565217391304348,10125
0.5517241379310345,10126
0.5555555555555556,10127
0.5508474576271186,10128
0.5546218487394958,10129
0.55,10130
0.5537190082644629,10131
0.5491803278688525,10132
0.5447154471544715,10133
0.5483870967741935,10134
0.544,10135
0.5476190476190477,10136
0.5511811023622047,10137
0.546875,10138
0.5503875968992248,10139
0.5461538461538461,10140
0.5419847328244275,10141
0.5378787878787878,10142
0.5413533834586466,10143
0.5447761194029851,10144
0.5407407407407407,10145
0.5441176470588235,10146
0.5474452554744526,10147
0.5507246376811594,10148
0.5539568345323741,10149
0.5571428571428572,10150
0.5602836879432624,10151
0.5563380281690141,10152
0.5524475524475524,10153
0.5486111111111112,10154
0.5448275862068965,10155
0.547945205479452,10156
0.54421768707483,10157
0.5405405405405406,10158
0.5369127516778524,10159
0.54,10160
0.543046357615894,10161
0.5394736842105263,10162
0.5424836601307189,10163
0.5454545454545454,10164
0.5483870967741935,10165
0.5512820512820513,10166
0.5477707006369427,10167
0.5443037974683544,10168
0.5471698113207547,10169
0.54375,10170
0.546583850931677,10171
0.5493827160493827,10172
0.5521472392638037,10173
0.5548780487804879,10174
0.5575757575757576,10175
0.5602409638554217,10176
0.562874251497006,10177
0.5654761904761905,10178
0.5621301775147929,10179
0.5647058823529412,10180
0.5614035087719298,10181
0.5581395348837209,10182
0.5549132947976878,10183
0.5517241379310345,10184
0.5542857142857143,10185
0.5568181818181818,10186
0.559322033898305,10187
0.5617977528089888,10188
0.5642458100558659,10189
0.5611111111111111,10190
0.56353591160221,10191
0.5659340659340659,10192
0.5683060109289617,10193
0.5706521739130435,10194
0.572972972972973,10195
0.5752688172043011,10196
0.5775401069518716,10197
0.5797872340425532,10198
0.5767195767195767,10199
0.5789473684210527,10200
0.581151832460733,10201
0.5833333333333334,10202
0.5803108808290155,10203
0.5824742268041238,10204
0.5794871794871795,10205
0.576530612244898,10206
0.5786802030456852,10207
0.5808080808080808,10208
0.5778894472361809,10209
0.58,10210
0.5771144278606966,10211
0.5742574257425742,10212
0.5714285714285714,10213
0.5686274509803921,10214
0.5707317073170731,10215
0.5679611650485437,10216
0.5652173913043478,10217
0.5673076923076923,10218
0.569377990430622,10219
0.5666666666666667,10220
0.5687203791469194,10221
0.5707547169811321,10222
0.568075117370892,10223
0.5700934579439252,10224
0.5674418604651162,10225
0.5694444444444444,10226
0.5714285714285714,10227
0.5688073394495413,10228
0.5707762557077626,10229
0.5681818181818182,10230
0.5701357466063348,10231
0.5720720720720721,10232
0.5739910313901345,10233
0.5758928571428571,10234
0.5777777777777777,10235
0.5796460176991151,10236
0.5770925110132159,10237
0.5789473684210527,10238
0.5807860262008734,10239
0.5782608695652174,10240
0.5757575757575758,10241
0.5732758620689655,10242
0.575107296137339,10243
0.5726495726495726,10244
0.574468085106383,10245
0.576271186440678,10246
0.5738396624472574,10247
0.5714285714285714,10248
0.5690376569037657,10249
0.5708333333333333,10250
0.5684647302904564,10251
0.5661157024793388,10252
0.5679012345679012,10253
0.5655737704918032,10254
0.563265306122449,10255
0.5650406504065041,10256
0.5668016194331984,10257
0.5685483870967742,10258
0.5662650602409639,10259
0.564,10260
0.5657370517928287,10261
0.5674603174603174,10262
0.5691699604743083,10263
0.5669291338582677,10264
0.5686274509803921,10265
0.5703125,10266
0.5680933852140078,10267
0.5697674418604651,10268
0.5714285714285714,10269
0.573076923076923,10270
0.5708812260536399,10271
0.5725190839694656,10272
0.5741444866920152,10273
0.5757575757575758,10274
0.5773584905660377,10275
0.5789473684210527,10276
0.5805243445692884,10277
0.582089552238806,10278
0.5799256505576208,10279
0.5814814814814815,10280
0.5830258302583026,10281
0.5808823529411765,10282
0.5787545787545788,10283
0.5802919708029197,10284
0.5818181818181818,10285
0.5797101449275363,10286
0.5776173285198556,10287
0.579136690647482,10288
0.5806451612903226,10289
0.5821428571428572,10290
0.5836298932384342,10291
0.5815602836879432,10292
0.5795053003533569,10293
0.5774647887323944,10294
0.5789473684210527,10295
0.5769230769230769,10296
0.5749128919860628,10297
0.5729166666666666,10298
0.5743944636678201,10299
0.5724137931034483,10300
0.5738831615120275,10301
0.5753424657534246,10302
0.5767918088737202,10303
0.5748299319727891,10304
0.5728813559322034,10305
0.5743243243243243,10306
0.5723905723905723,10307
0.5704697986577181,10308
0.5719063545150501,10309
0.57,10310
0.5681063122923588,10311
0.5695364238410596,10312
0.5676567656765676,10313
0.5657894736842105,10314
0.5672131147540984,10315
0.5686274509803921,10316
0.5667752442996743,10317
0.5681818181818182,10318
0.56957928802589,10319
0.5709677419354838,10320
0.572347266881029,10321
0.5737179487179487,10322
0.5718849840255591,10323
0.5700636942675159,10324
0.5714285714285714,10325
0.569620253164557,10326
0.5709779179810726,10327
0.5723270440251572,10328
0.5705329153605015,10329
0.56875,10330
0.5700934579439252,10331
0.5714285714285714,10332
0.5727554179566563,10333
0.5709876543209876,10334
0.5723076923076923,10335
0.5705521472392638,10336
0.5718654434250765,10337
0.573170731707317,10338
0.574468085106383,10339
0.5757575757575758,10340
0.5740181268882175,10341
0.5753012048192772,10342
0.5765765765765766,10343
0.5748502994011976,10344
0.573134328358209,10345
0.5744047619047619,10346
0.5756676557863502,10347
0.5739644970414202,10348
0.5752212389380531,10349
0.5764705882352941,10350
0.5777126099706745,10351
0.5760233918128655,10352
0.577259475218659,10353
0.5755813953488372,10354
0.5739130434782609,10355
0.5751445086705202,10356
0.5763688760806917,10357
0.5775862068965517,10358
0.5759312320916905,10359
0.5742857142857143,10360
0.5754985754985755,10361
0.5767045454545454,10362
0.5750708215297451,10363
0.576271186440678,10364
0.5746478873239437,10365
0.5758426966292135,10366
0.5770308123249299,10367
0.5782122905027933,10368
0.5793871866295265,10369
0.5805555555555556,10370
0.5817174515235457,10371
0.5828729281767956,10372
0.581267217630854,10373
0.5824175824175825,10374
0.5808219178082191,10375
0.5792349726775956,10376
0.5803814713896458,10377
0.5788043478260869,10378
0.5799457994579946,10379
0.5783783783783784,10380
0.5768194070080862,10381
0.5752688172043011,10382
0.5764075067024129,10383
0.5748663101604278,10384
0.5733333333333334,10385
0.5718085106382979,10386
0.5702917771883289,10387
0.5714285714285714,10388
0.5725593667546174,10389
0.5736842105263158,10390
0.5748031496062992,10391
0.5732984293193717,10392
0.5718015665796344,10393
0.5729166666666666,10394
0.574025974025974,10395
0.5751295336787565,10396
0.5762273901808785,10397
0.5773195876288659,10398
0.5758354755784062,10399
0.5743589743589743,10400
0.5754475703324808,10401
0.576530612244898,10402
0.5776081424936387,10403
0.5786802030456852,10404
0.5772151898734177,10405
0.5757575757575758,10406
0.5768261964735516,10407
0.5753768844221105,10408
0.5764411027568922,10409
0.5775,10410
0.5785536159600998,10411
0.5771144278606966,10412
0.5781637717121588,10413
0.5792079207920792,10414
0.5777777777777777,10415
0.5788177339901478,10416
0.5798525798525799,10417
0.5808823529411765,10418
0.5794621026894865,10419
0.5780487804878048,10420
0.5766423357664233,10421
0.5776699029126213,10422
0.5786924939467313,10423
0.5797101449275363,10424
0.5807228915662651,10425
0.5793269230769231,10426
0.5779376498800959,10427
0.5789473684210527,10428
0.5799522673031027,10429
0.580952380952381,10430
0.5795724465558195,10431
0.5781990521327014,10432
0.5791962174940898,10433
0.5778301886792453,10434
0.5764705882352941,10435
0.5751173708920188,10436
0.5737704918032787,10437
0.5747663551401869,10438
0.5734265734265734,10439
0.5744186046511628,10440
0.5754060324825986,10441
0.5763888888888888,10442
0.5750577367205543,10443
0.576036866359447,10444
0.5770114942528736,10445
0.5756880733944955,10446
0.5743707093821511,10447
0.5730593607305936,10448
0.5740318906605922,10449
0.575,10450
0.5736961451247166,10451
0.5723981900452488,10452
0.5733634311512416,10453
0.5743243243243243,10454
0.5752808988764045,10455
0.5762331838565022,10456
0.5771812080536913,10457
0.578125,10458
0.579064587973274,10459
0.5777777777777777,10460
0.5787139689578714,10461
0.577433628318584,10462
0.5783664459161147,10463
0.579295154185022,10464
0.5802197802197803,10465
0.5789473684210527,10466
0.5776805251641138,10467
0.5786026200873362,10468
0.579520697167756,10469
0.5782608695652174,10470
0.579175704989154,10471
0.577922077922078,10472
0.5766738660907127,10473
0.5754310344827587,10474
0.5741935483870968,10475
0.575107296137339,10476
0.576017130620985,10477
0.5769230769230769,10478
0.5778251599147122,10479
0.5765957446808511,10480
0.5774946921443737,10481
0.576271186440678,10482
0.5750528541226215,10483
0.5759493670886076,10484
0.5768421052631579,10485
0.5777310924369747,10486
0.5786163522012578,10487
0.5794979079497908,10488
0.5782881002087683,10489
0.5770833333333333,10490
0.5758835758835759,10491
0.5746887966804979,10492
0.5734989648033126,10493
0.5743801652892562,10494
0.5731958762886598,10495
0.5720164609053497,10496
0.5728952772073922,10497
0.5737704918032787,10498
0.5746421267893661,10499
0.5755102040816327,10500
0.5763747454175153,10501
0.5772357723577236,10502
0.5760649087221096,10503
0.5769230769230769,10504
0.5757575757575758,10505
0.5766129032258065,10506
0.5754527162977867,10507
0.5763052208835341,10508
0.5771543086172345,10509
0.578,10510
0.5788423153692615,10511
0.5776892430278885,10512
0.5785288270377733,10513
0.5793650793650794,10514
0.5801980198019802,10515
0.5790513833992095,10516
0.5798816568047337,10517
0.5807086614173228,10518
0.581532416502947,10519
0.5823529411764706,10520
0.5831702544031311,10521
0.583984375,10522
0.5847953216374269,10523
0.5836575875486382,10524
0.5825242718446602,10525
0.5833333333333334,10526
0.5841392649903289,10527
0.584942084942085,10528
0.5857418111753372,10529
0.5865384615384616,10530
0.5854126679462572,10531
0.5842911877394636,10532
0.5831739961759083,10533
0.583969465648855,10534
0.5828571428571429,10535
0.5817490494296578,10536
0.5806451612903226,10537
0.5814393939393939,10538
0.5822306238185255,10539
0.5811320754716981,10540
0.5819209039548022,10541
0.5827067669172933,10542
0.5834896810506567,10543
0.5842696629213483,10544
0.5831775700934579,10545
0.582089552238806,10546
0.5810055865921788,10547
0.5817843866171004,10548
0.5825602968460112,10549
0.5814814814814815,10550
0.5804066543438078,10551
0.5811808118081181,10552
0.580110497237569,10553
0.5808823529411765,10554
0.5798165137614679,10555
0.5805860805860806,10556
0.5813528336380256,10557
0.5821167883211679,10558
0.5828779599271403,10559
0.5818181818181818,10560
0.5825771324863884,10561
0.5815217391304348,10562
0.5822784810126582,10563
0.5812274368231047,10564
0.581981981981982,10565
0.5809352517985612,10566
0.5798922800718133,10567
0.5806451612903226,10568
0.5796064400715564,10569
0.5803571428571429,10570
0.5811051693404634,10571
0.5818505338078291,10572
0.5808170515097691,10573
0.5815602836879432,10574
0.5823008849557522,10575
0.5812720848056537,10576
0.5802469135802469,10577
0.579225352112676,10578
0.5799648506151143,10579
0.5789473684210527,10580
0.5796847635726795,10581
0.5786713286713286,10582
0.5794066317626527,10583
0.5801393728222997,10584
0.5791304347826087,10585
0.5798611111111112,10586
0.5805892547660312,10587
0.5813148788927336,10588
0.5820379965457686,10589
0.5810344827586207,10590
0.5817555938037866,10591
0.5824742268041238,10592
0.58147512864494,10593
0.5804794520547946,10594
0.5794871794871795,10595
0.5802047781569966,10596
0.5809199318568995,10597
0.5816326530612245,10598
0.5806451612903226,10599
0.5813559322033899,10600
0.5820642978003384,10601
0.5827702702702703,10602
0.581787521079258,10603
0.5808080808080808,10604
0.5815126050420169,10605
0.5822147651006712,10606
0.5812395309882747,10607
0.5819397993311036,10608
0.5826377295492488,10609
0.5833333333333334,10610
0.5823627287853578,10611
0.5813953488372093,10612
0.5804311774461028,10613
0.5794701986754967,10614
0.5801652892561984,10615
0.5808580858085809,10616
0.5815485996705108,10617
0.5822368421052632,10618
0.5812807881773399,10619
0.580327868852459,10620
0.5793780687397708,10621
0.5784313725490197,10622
0.5774877650897227,10623
0.5781758957654723,10624
0.5772357723577236,10625
0.577922077922078,10626
0.5769854132901134,10627
0.5760517799352751,10628
0.5767366720516963,10629
0.5758064516129032,10630
0.5764895330112721,10631
0.5771704180064309,10632
0.5762439807383628,10633
0.5769230769230769,10634
0.5776,10635
0.5782747603833865,10636
0.5789473684210527,10637
0.5796178343949044,10638
0.5786963434022258,10639
0.5793650793650794,10640
0.5784469096671949,10641
0.5791139240506329,10642
0.5781990521327014,10643
0.5788643533123028,10644
0.5779527559055118,10645
0.5770440251572327,10646
0.5777080062794349,10647
0.5783699059561128,10648
0.5774647887323944,10649
0.5765625,10650
0.5772230889235569,10651
0.5778816199376947,10652
0.578538102643857,10653
0.5791925465838509,10654
0.5782945736434109,10655
0.5773993808049536,10656
0.5780525502318392,10657
0.5771604938271605,10658
0.5778120184899846,10659
0.5784615384615385,10660
0.5775729646697388,10661
0.5782208588957055,10662
0.5788667687595712,10663
0.5779816513761468,10664
0.5770992366412214,10665
0.5777439024390244,10666
0.5768645357686454,10667
0.5775075987841946,10668
0.5781487101669196,10669
0.5772727272727273,10670
0.5779122541603631,10671
0.5785498489425982,10672
0.579185520361991,10673
0.5798192771084337,10674
0.5789473684210527,10675
0.5795795795795796,10676
0.5802098950524738,10677
0.5793413173652695,10678
0.57847533632287,10679
0.5776119402985075,10680
0.5782414307004471,10681
0.5788690476190477,10682
0.5794947994056464,10683
0.5801186943620178,10684
0.5807407407407408,10685
0.5813609467455622,10686
0.5819793205317577,10687
0.5825958702064897,10688
0.5817378497790869,10689
0.5823529411764706,10690
0.5814977973568282,10691
0.5806451612903226,10692
0.5797950219619327,10693
0.5789473684210527,10694
0.5795620437956205,10695
0.5787172011661808,10696
0.5778748180494906,10697
0.5784883720930233,10698
0.579100145137881,10699
0.5797101449275363,10700
0.5803183791606368,10701
0.5809248554913294,10702
0.5815295815295816,10703
0.5821325648414986,10704
0.5827338129496403,10705
0.5833333333333334,10706
0.5839311334289814,10707
0.5845272206303725,10708
0.5851216022889842,10709
0.5842857142857143,10710
0.5834522111269614,10711
0.584045584045584,10712
0.5832147937411095,10713
0.5823863636363636,10714
0.5815602836879432,10715
0.5807365439093485,10716
0.57991513437058,10717
0.5805084745762712,10718
0.5811001410437235,10719
0.5816901408450704,10720
0.5822784810126582,10721
0.5828651685393258,10722
0.5820476858345021,10723
0.5812324929971989,10724
0.5804195804195804,10725
0.5796089385474861,10726
0.5788005578800558,10727
0.5779944289693594,10728
0.5785813630041725,10729
0.5791666666666667,10730
0.579750346740638,10731
0.5789473684210527,10732
0.5795297372060858,10733
0.580110497237569,10734
0.5806896551724138,10735
0.581267217630854,10736
0.5804676753782668,10737
0.5810439560439561,10738
0.5816186556927297,10739
0.5808219178082191,10740
0.5813953488372093,10741
0.5819672131147541,10742
0.582537517053206,10743
0.5831062670299727,10744
0.582312925170068,10745
0.5815217391304348,10746
0.582089552238806,10747
0.5813008130081301,10748
0.5805142083897158,10749
0.581081081081081,10750
0.581646423751687,10751
0.5822102425876011,10752
0.5827725437415882,10753
0.581989247311828,10754
0.5825503355704698,10755
0.5831099195710456,10756
0.5836680053547524,10757
0.5842245989304813,10758
0.5834445927903872,10759
0.584,10760
0.5845539280958721,10761
0.5851063829787234,10762
0.5856573705179283,10763
0.5862068965517241,10764
0.5867549668874172,10765
0.5859788359788359,10766
0.5865257595772787,10767
0.5870712401055409,10768
0.5876152832674572,10769
0.5881578947368421,10770
0.5886990801576872,10771
0.589238845144357,10772
0.5884665792922673,10773
0.5890052356020943,10774
0.5895424836601307,10775
0.5887728459530026,10776
0.5880052151238592,10777
0.5872395833333334,10778
0.58777633289987,10779
0.5883116883116883,10780
0.5888456549935149,10781
0.5880829015544041,10782
0.5886157826649417,10783
0.5891472868217055,10784
0.5883870967741935,10785
0.5889175257731959,10786
0.5894465894465895,10787
0.5886889460154242,10788
0.5879332477535302,10789
0.5884615384615385,10790
0.58898847631242,10791
0.5882352941176471,10792
0.5887611749680716,10793
0.5880102040816326,10794
0.5872611464968153,10795
0.5877862595419847,10796
0.5870393900889453,10797
0.5862944162436549,10798
0.5868187579214195,10799
0.5873417721518988,10800
0.5878634639696586,10801
0.5883838383838383,10802
0.587641866330391,10803
0.5869017632241813,10804
0.5874213836477987,10805
0.5866834170854272,10806
0.5859473023839398,10807
0.5864661654135338,10808
0.5869837296620776,10809
0.5875,10810
0.5867665418227216,10811
0.5860349127182045,10812
0.5865504358655044,10813
0.5870646766169154,10814
0.5863354037267081,10815
0.586848635235732,10816
0.5861214374225526,10817
0.5853960396039604,10818
0.5859085290482077,10819
0.5864197530864198,10820
0.5869297163995068,10821
0.5874384236453202,10822
0.5867158671586716,10823
0.5872235872235873,10824
0.5877300613496933,10825
0.5870098039215687,10826
0.587515299877601,10827
0.5880195599022005,10828
0.5885225885225885,10829
0.5890243902439024,10830
0.5883069427527405,10831
0.5875912408759124,10832
0.5868772782503038,10833
0.587378640776699,10834
0.5866666666666667,10835
0.5871670702179177,10836
0.5876662636033857,10837
0.5869565217391305,10838
0.586248492159228,10839
0.5867469879518072,10840
0.5860409145607701,10841
0.5853365384615384,10842
0.5858343337334934,10843
0.5863309352517986,10844
0.5868263473053892,10845
0.5873205741626795,10846
0.5878136200716846,10847
0.5871121718377088,10848
0.5864123957091776,10849
0.5869047619047619,10850
0.5873959571938169,10851
0.5878859857482185,10852
0.5871886120996441,10853
0.5864928909952607,10854
0.58698224852071,10855
0.5874704491725768,10856
0.5867768595041323,10857
0.5872641509433962,10858
0.5865724381625441,10859
0.5858823529411765,10860
0.5863689776733255,10861
0.5868544600938967,10862
0.5873388042203986,10863
0.5866510538641686,10864
0.5859649122807018,10865
0.5864485981308412,10866
0.5857642940490082,10867
0.5862470862470862,10868
0.5855646100116414,10869
0.5848837209302326,10870
0.5853658536585366,10871
0.5846867749419954,10872
0.5851680185399768,10873
0.5856481481481481,10874
0.584971098265896,10875
0.5854503464203233,10876
0.5847750865051903,10877
0.5841013824884793,10878
0.5834292289988493,10879
0.5839080459770115,10880
0.5832376578645235,10881
0.5837155963302753,10882
0.584192439862543,10883
0.5835240274599542,10884
0.5828571428571429,10885
0.5833333333333334,10886
0.5826681870011402,10887
0.5831435079726651,10888
0.5824800910125142,10889
0.5818181818181818,10890
0.5822928490351873,10891
0.5816326530612245,10892
0.580973952434881,10893
0.581447963800905,10894
0.5807909604519774,10895
0.5812641083521445,10896
0.5817361894024803,10897
0.5822072072072072,10898
0.5815523059617548,10899
0.5820224719101124,10900
0.5813692480359147,10901
0.5818385650224215,10902
0.5811870100783875,10903
0.5805369127516778,10904
0.5810055865921788,10905
0.5803571428571429,10906
0.5797101449275363,10907
0.5801781737193764,10908
0.5806451612903226,10909
0.5811111111111111,10910
0.5804661487236404,10911
0.5809312638580931,10912
0.5813953488372093,10913
0.5807522123893806,10914
0.5812154696132596,10915
0.5805739514348786,10916
0.5810363836824697,10917
0.5803964757709251,10918
0.5808580858085809,10919
0.5813186813186814,10920
0.5817782656421515,10921
0.581140350877193,10922
0.5805038335158818,10923
0.5798687089715536,10924
0.5792349726775956,10925
0.5786026200873362,10926
0.579062159214831,10927
0.579520697167756,10928
0.5799782372143635,10929
0.5793478260869566,10930
0.5798045602605864,10931
0.5802603036876356,10932
0.5796316359696642,10933
0.579004329004329,10934
0.5794594594594594,10935
0.5799136069114471,10936
0.5792880258899676,10937
0.5797413793103449,10938
0.5791173304628633,10939
0.578494623655914,10940
0.5778732545649838,10941
0.5772532188841202,10942
0.5777063236870311,10943
0.5781584582441114,10944
0.5786096256684492,10945
0.5779914529914529,10946
0.5773745997865528,10947
0.5778251599147122,10948
0.577209797657082,10949
0.5776595744680851,10950
0.5781083953241233,10951
0.578556263269639,10952
0.5790031813361611,10953
0.5794491525423728,10954
0.5788359788359788,10955
0.5792811839323467,10956
0.5786694825765576,10957
0.5791139240506329,10958
0.5785036880927292,10959
0.5789473684210527,10960
0.5793901156677181,10961
0.5787815126050421,10962
0.5792235047219307,10963
0.5796645702306079,10964
0.5801047120418849,10965
0.5794979079497908,10966
0.5799373040752351,10967
0.5803757828810021,10968
0.5808133472367049,10969
0.5802083333333333,10970
0.5796045785639958,10971
0.58004158004158,10972
0.5804776739356179,10973
0.5798755186721992,10974
0.5803108808290155,10975
0.5797101449275363,10976
0.5801447776628749,10977
0.5795454545454546,10978
0.5789473684210527,10979
0.5783505154639176,10980
0.5787847579814624,10981
0.5781893004115226,10982
0.578622816032888,10983
0.5790554414784395,10984
0.5784615384615385,10985
0.5788934426229508,10986
0.579324462640737,10987
0.5797546012269938,10988
0.5801838610827375,10989
0.5795918367346938,10990
0.5800203873598369,10991
0.5794297352342159,10992
0.5798575788402849,10993
0.5802845528455285,10994
0.5807106598984771,10995
0.5811359026369168,10996
0.5815602836879432,10997
0.5819838056680162,10998
0.5824064711830131,10999
0.5828282828282828,11000
0.5832492431886983,11001
0.5826612903225806,11002
0.5820745216515609,11003
0.5814889336016097,11004
0.5819095477386935,11005
0.5813253012048193,11006
0.5807422266800402,11007
0.5811623246492986,11008
0.5805805805805806,11009
0.581,11010
0.5814185814185814,11011
0.5808383233532934,11012
0.5812562313060817,11013
0.5816733067729084,11014
0.5810945273631841,11015
0.5815109343936382,11016
0.5819265143992055,11017
0.5813492063492064,11018
0.5817641228939544,11019
0.5811881188118811,11020
0.5806132542037586,11021
0.5800395256916996,11022
0.579466929911155,11023
0.5788954635108481,11024
0.5793103448275863,11025
0.5797244094488189,11026
0.5791543756145526,11027
0.5795677799607073,11028
0.5799803729146222,11029
0.5803921568627451,11030
0.5808031341821743,11031
0.5812133072407045,11032
0.581622678396872,11033
0.5810546875,11034
0.5804878048780487,11035
0.5799220272904484,11036
0.5793573515092503,11037
0.5787937743190662,11038
0.5782312925170068,11039
0.5786407766990291,11040
0.5790494665373423,11041
0.5784883720930233,11042
0.5788964181994192,11043
0.5783365570599613,11044
0.578743961352657,11045
0.5791505791505791,11046
0.579556412729026,11047
0.5789980732177264,11048
0.5794032723772858,11049
0.5798076923076924,11050
0.5802113352545629,11051
0.5796545105566219,11052
0.5800575263662512,11053
0.5804597701149425,11054
0.5799043062200957,11055
0.5793499043977055,11056
0.5797516714422158,11057
0.5791984732824428,11058
0.5786463298379408,11059
0.579047619047619,11060
0.5794481446241675,11061
0.5798479087452472,11062
0.5802469135802469,11063
0.5806451612903226,11064
0.581042654028436,11065
0.5814393939393939,11066
0.5808893093661306,11067
0.5803402646502835,11068
0.5797922568460812,11069
0.5801886792452831,11070
0.5805843543826579,11071
0.5809792843691148,11072
0.5804327375352775,11073
0.5808270676691729,11074
0.5802816901408451,11075
0.5797373358348968,11076
0.5801312089971884,11077
0.5795880149812734,11078
0.5799812909260992,11079
0.5803738317757009,11080
0.580765639589169,11081
0.5811567164179104,11082
0.5806150978564771,11083
0.5810055865921788,11084
0.5813953488372093,11085
0.5817843866171004,11086
0.5812441968430826,11087
0.5816326530612245,11088
0.5810936051899908,11089
0.5814814814814815,11090
0.5809435707678076,11091
0.5813308687615527,11092
0.5817174515235457,11093
0.5811808118081181,11094
0.5815668202764976,11095
0.58195211786372,11096
0.5814167433302668,11097
0.5808823529411765,11098
0.581267217630854,11099
0.5807339449541284,11100
0.5811182401466545,11101
0.5815018315018315,11102
0.5818847209515096,11103
0.5813528336380256,11104
0.5817351598173516,11105
0.5812043795620438,11106
0.5806745670009116,11107
0.5801457194899818,11108
0.5796178343949044,11109
0.58,11110
0.5803814713896458,11111
0.5798548094373865,11112
0.5793291024478694,11113
0.5788043478260869,11114
0.579185520361991,11115
0.5795660036166366,11116
0.5799457994579946,11117
0.5794223826714802,11118
0.5798016230838593,11119
0.5792792792792792,11120
0.5796579657965797,11121
0.5800359712230215,11122
0.5795148247978437,11123
0.5798922800718133,11124
0.5802690582959641,11125
0.5806451612903226,11126
0.5801253357206804,11127
0.5796064400715564,11128
0.579982126899017,11129
0.5803571428571429,11130
0.5798394290811775,11131
0.5793226381461676,11132
0.5796972395369546,11133
0.5791814946619217,11134
0.5786666666666667,11135
0.5790408525754884,11136
0.5794143744454303,11137
0.5797872340425532,11138
0.579273693534101,11139
0.5796460176991151,11140
0.5800176834659593,11141
0.5795053003533569,11142
0.5798764342453663,11143
0.5802469135802469,11144
0.5797356828193833,11145
0.579225352112676,11146
0.5787159190853123,11147
0.5782073813708261,11148
0.5776997366110623,11149
0.5780701754385965,11150
0.5775635407537248,11151
0.5779334500875657,11152
0.5774278215223098,11153
0.5777972027972028,11154
0.5781659388646289,11155
0.5785340314136126,11156
0.5780296425457716,11157
0.578397212543554,11158
0.577893820713664,11159
0.5782608695652174,11160
0.577758470894874,11161
0.578125,11162
0.577623590633131,11163
0.5779896013864818,11164
0.5774891774891775,11165
0.5778546712802768,11166
0.5782195332757131,11167
0.5785837651122625,11168
0.5789473684210527,11169
0.5793103448275863,11170
0.5796726959517657,11171
0.5800344234079173,11172
0.5803955288048152,11173
0.5798969072164949,11174
0.5802575107296137,11175
0.5797598627787307,11176
0.5801199657240789,11177
0.5804794520547946,11178
0.5808383233532934,11179
0.5811965811965812,11180
0.5815542271562767,11181
0.5810580204778157,11182
0.5805626598465473,11183
0.5809199318568995,11184
0.5812765957446808,11185
0.5816326530612245,11186
0.5819881053525914,11187
0.5823429541595926,11188
0.5818490245971162,11189
0.5822033898305085,11190
0.5817104149026249,11191
0.5812182741116751,11192
0.5807269653423499,11193
0.581081081081081,11194
0.5814345991561182,11195
0.581787521079258,11196
0.582139848357203,11197
0.5816498316498316,11198
0.5820016820857864,11199
0.5815126050420169,11200
0.5818639798488665,11201
0.5813758389261745,11202
0.5808885163453479,11203
0.5804020100502513,11204
0.5799163179916318,11205
0.5794314381270903,11206
0.5789473684210527,11207
0.5784641068447413,11208
0.5788156797331109,11209
0.5791666666666667,11210
0.578684429641965,11211
0.5782029950083195,11212
0.5785536159600998,11213
0.5780730897009967,11214
0.5784232365145229,11215
0.5787728026533997,11216
0.5791217895608948,11217
0.5794701986754967,11218
0.5798180314309347,11219
0.5793388429752067,11220
0.578860445912469,11221
0.5783828382838284,11222
0.5779060181368508,11223
0.5782537067545305,11224
0.5777777777777777,11225
0.578125,11226
0.5776499589153656,11227
0.577175697865353,11228
0.5767022149302707,11229
0.5770491803278689,11230
0.5773955773955773,11231
0.5777414075286416,11232
0.5772690106295993,11233
0.576797385620915,11234
0.5771428571428572,11235
0.5774877650897227,11236
0.5778321108394459,11237
0.5781758957654723,11238
0.5785191212367778,11239
inf,11240
1.0,11241
1.0,11242
0.6666666666666666,11243
0.75,11244
0.6,11245
0.6666666666666666,11246
0.5714285714285714,11247
0.625,11248
0.6666666666666666,11249
0.6,11250
0.6363636363636364,11251
0.6666666666666666,11252
0.6923076923076923,11253
0.7142857142857143,11254
0.6666666666666666,11255
0.6875,11256
0.7058823529411765,11257
0.6666666666666666,11258
0.6842105263157895,11259
0.7,11260
0.7142857142857143,11261
0.7272727272727273,11262
0.7391304347826086,11263
0.75,11264
0.72,11265
0.6923076923076923,11266
0.7037037037037037,11267
0.7142857142857143,11268
0.7241379310344828,11269
0.7,11270
0.6774193548387096,11271
0.65625,11272
0.6666666666666666,11273
0.6764705882352942,11274
0.6571428571428571,11275
0.6666666666666666,11276
0.6756756756756757,11277
0.6578947368421053,11278
0.6410256410256411,11279
0.65,11280
0.6341463414634146,11281
0.6190476190476191,11282
0.6046511627906976,11283
0.6136363636363636,11284
0.6222222222222222,11285
0.6304347826086957,11286
0.6170212765957447,11287
0.625,11288
0.6326530612244898,11289
0.64,11290
0.6470588235294118,11291
0.6538461538461539,11292
0.6415094339622641,11293
0.6481481481481481,11294
0.6545454545454545,11295
0.6428571428571429,11296
0.6491228070175439,11297
0.6379310344827587,11298
0.6440677966101694,11299
0.65,11300
0.6557377049180327,11301
0.6451612903225806,11302
0.6507936507936508,11303
0.640625,11304
0.6461538461538462,11305
0.6363636363636364,11306
0.6417910447761194,11307
0.6323529411764706,11308
0.6231884057971014,11309
0.6285714285714286,11310
0.6197183098591549,11311
0.625,11312
0.6301369863013698,11313
0.6351351351351351,11314
0.64,11315
0.6447368421052632,11316
0.6493506493506493,11317
0.6410256410256411,11318
0.6329113924050633,11319
0.6375,11320
0.6296296296296297,11321
0.6219512195121951,11322
0.6265060240963856,11323
0.6190476190476191,11324
0.6235294117647059,11325
0.6162790697674418,11326
0.6206896551724138,11327
0.625,11328
0.6179775280898876,11329
0.6222222222222222,11330
0.6263736263736264,11331
0.6195652173913043,11332
0.6236559139784946,11333
0.6170212765957447,11334
0.6210526315789474,11335
0.6145833333333334,11336
0.6185567010309279,11337
0.6224489795918368,11338
0.6262626262626263,11339
0.63,11340
0.6336633663366337,11341
0.6372549019607843,11342
0.6310679611650486,11343
0.6346153846153846,11344
0.638095238095238,11345
0.6320754716981132,11346
0.6261682242990654,11347
0.6296296296296297,11348
0.6238532110091743,11349
0.6272727272727273,11350
0.6306306306306306,11351
0.6339285714285714,11352
0.6283185840707964,11353
0.6228070175438597,11354
0.6173913043478261,11355
0.6206896551724138,11356
0.6239316239316239,11357
0.6186440677966102,11358
0.6134453781512605,11359
0.6083333333333333,11360
0.6033057851239669,11361
0.5983606557377049,11362
0.5934959349593496,11363
0.5887096774193549,11364
0.584,11365
0.5873015873015873,11366
0.5905511811023622,11367
0.5859375,11368
0.5891472868217055,11369
0.5923076923076923,11370
0.5954198473282443,11371
0.5984848484848485,11372
0.5939849624060151,11373
0.5970149253731343,11374
0.6,11375
0.5955882352941176,11376
0.5985401459854015,11377
0.6014492753623188,11378
0.60431654676259,11379
0.6071428571428571,11380
0.6099290780141844,11381
0.6126760563380281,11382
0.6083916083916084,11383
0.6111111111111112,11384
0.6068965517241379,11385
0.6027397260273972,11386
0.5986394557823129,11387
0.6013513513513513,11388
0.6040268456375839,11389
0.6,11390
0.6026490066225165,11391
0.6052631578947368,11392
0.6078431372549019,11393
0.6038961038961039,11394
0.6064516129032258,11395
0.6025641025641025,11396
0.6050955414012739,11397
0.6075949367088608,11398
0.6037735849056604,11399
0.60625,11400
0.6024844720496895,11401
0.5987654320987654,11402
0.5950920245398773,11403
0.5975609756097561,11404
0.593939393939394,11405
0.5963855421686747,11406
0.5988023952095808,11407
0.6011904761904762,11408
0.5976331360946746,11409
0.5941176470588235,11410
0.5906432748538012,11411
0.5930232558139535,11412
0.5953757225433526,11413
0.5919540229885057,11414
0.5942857142857143,11415
0.5965909090909091,11416
0.5988700564971752,11417
0.601123595505618,11418
0.6033519553072626,11419
0.6,11420
0.6022099447513812,11421
0.6043956043956044,11422
0.6065573770491803,11423
0.6086956521739131,11424
0.6108108108108108,11425
0.6075268817204301,11426
0.6042780748663101,11427
0.6063829787234043,11428
0.6031746031746031,11429
0.6052631578947368,11430
0.6073298429319371,11431
0.6041666666666666,11432
0.6010362694300518,11433
0.6030927835051546,11434
0.6051282051282051,11435
0.6020408163265306,11436
0.5989847715736041,11437
0.601010101010101,11438
0.6030150753768844,11439
0.6,11440
0.6019900497512438,11441
0.6039603960396039,11442
0.6059113300492611,11443
0.6078431372549019,11444
0.6048780487804878,11445
0.6067961165048543,11446
0.6086956521739131,11447
0.6105769230769231,11448
0.6076555023923444,11449
0.6047619047619047,11450
0.6066350710900474,11451
0.6084905660377359,11452
0.6103286384976526,11453
0.6121495327102804,11454
0.6139534883720931,11455
0.6157407407407407,11456
0.6175115207373272,11457
0.6192660550458715,11458
0.6210045662100456,11459
0.6227272727272727,11460
0.6244343891402715,11461
0.6261261261261262,11462
0.6233183856502242,11463
0.6205357142857143,11464
0.6222222222222222,11465
0.6194690265486725,11466
0.6211453744493393,11467
0.618421052631579,11468
0.6157205240174672,11469
0.6173913043478261,11470
0.6190476190476191,11471
0.6206896551724138,11472
0.6180257510729614,11473
0.6196581196581197,11474
0.6170212765957447,11475
0.6186440677966102,11476
0.6160337552742616,11477
0.6134453781512605,11478
0.6150627615062761,11479
0.6166666666666667,11480
0.6182572614107884,11481
0.6198347107438017,11482
0.6172839506172839,11483
0.6188524590163934,11484
0.6204081632653061,11485
0.6219512195121951,11486
0.6234817813765182,11487
0.6209677419354839,11488
0.6184738955823293,11489
0.616,11490
0.6175298804780877,11491
0.6150793650793651,11492
0.6126482213438735,11493
0.6141732283464567,11494
0.611764705882353,11495
0.61328125,11496
0.6108949416342413,11497
0.6124031007751938,11498
0.6138996138996139,11499
0.6115384615384616,11500
0.6091954022988506,11501
0.6068702290076335,11502
0.6083650190114068,11503
0.6098484848484849,11504
0.6113207547169811,11505
0.6127819548872181,11506
0.6142322097378277,11507
0.6119402985074627,11508
0.6096654275092936,11509
0.6074074074074074,11510
0.6088560885608856,11511
0.6066176470588235,11512
0.608058608058608,11513
0.6058394160583942,11514
0.6072727272727273,11515
0.6086956521739131,11516
0.6101083032490975,11517
0.6079136690647482,11518
0.6093189964157706,11519
0.6107142857142858,11520
0.6120996441281139,11521
0.6134751773049646,11522
0.6113074204946997,11523
0.6126760563380281,11524
0.6140350877192983,11525
0.6118881118881119,11526
0.6097560975609756,11527
0.6111111111111112,11528
0.6089965397923875,11529
0.6068965517241379,11530
0.6082474226804123,11531
0.6095890410958904,11532
0.6075085324232082,11533
0.608843537414966,11534
0.6067796610169491,11535
0.6047297297297297,11536
0.6026936026936027,11537
0.6040268456375839,11538
0.6020066889632107,11539
0.6033333333333334,11540
0.6046511627906976,11541
0.6026490066225165,11542
0.6006600660066007,11543
0.5986842105263158,11544
0.6,11545
0.6013071895424836,11546
0.6026058631921825,11547
0.6006493506493507,11548
0.6019417475728155,11549
0.603225806451613,11550
0.6045016077170418,11551
0.6057692307692307,11552
0.6038338658146964,11553
0.6050955414012739,11554
0.6063492063492063,11555
0.6075949367088608,11556
0.6056782334384858,11557
0.6069182389937107,11558
0.6081504702194357,11559
0.60625,11560
0.6043613707165109,11561
0.6055900621118012,11562
0.6068111455108359,11563
0.6049382716049383,11564
0.6030769230769231,11565
0.6042944785276073,11566
0.6024464831804281,11567
0.6036585365853658,11568
0.6048632218844985,11569
0.6060606060606061,11570
0.6042296072507553,11571
0.6054216867469879,11572
0.6036036036036037,11573
0.6047904191616766,11574
0.6059701492537314,11575
0.6071428571428571,11576
0.6083086053412463,11577
0.6094674556213018,11578
0.6106194690265486,11579
0.611764705882353,11580
0.6099706744868035,11581
0.6111111111111112,11582
0.6122448979591837,11583
0.6104651162790697,11584
0.6086956521739131,11585
0.6069364161849711,11586
0.6051873198847262,11587
0.603448275862069,11588
0.6017191977077364,11589
0.6,11590
0.6011396011396012,11591
0.6022727272727273,11592
0.6005665722379604,11593
0.6016949152542372,11594
0.6028169014084507,11595
0.6039325842696629,11596
0.6050420168067226,11597
0.6061452513966481,11598
0.6072423398328691,11599
0.6083333333333333,11600
0.6066481994459834,11601
0.6049723756906077,11602
0.6033057851239669,11603
0.6016483516483516,11604
0.6027397260273972,11605
0.6038251366120219,11606
0.6049046321525886,11607
0.6032608695652174,11608
0.6016260162601627,11609
0.6027027027027027,11610
0.6037735849056604,11611
0.6021505376344086,11612
0.6032171581769437,11613
0.6016042780748663,11614
0.6026666666666667,11615
0.601063829787234,11616
0.5994694960212201,11617
0.5978835978835979,11618
0.5989445910290238,11619
0.5973684210526315,11620
0.5958005249343832,11621
0.5968586387434555,11622
0.597911227154047,11623
0.5963541666666666,11624
0.5974025974025974,11625
0.5984455958549223,11626
0.5968992248062015,11627
0.5979381443298969,11628
0.596401028277635,11629
0.5948717948717949,11630
0.5959079283887468,11631
0.5969387755102041,11632
0.5979643765903307,11633
0.5964467005076142,11634
0.5974683544303797,11635
0.5959595959595959,11636
0.5969773299748111,11637
0.5979899497487438,11638
0.5989974937343359,11639
0.6,11640
0.600997506234414,11641
0.599502487562189,11642
0.6004962779156328,11643
0.6014851485148515,11644
0.6,11645
0.6009852216748769,11646
0.601965601965602,11647
0.6029411764705882,11648
0.6039119804400978,11649
0.6048780487804878,11650
0.6058394160583942,11651
0.6067961165048543,11652
0.6077481840193705,11653
0.606280193236715,11654
0.6048192771084338,11655
0.6057692307692307,11656
0.6067146282973621,11657
0.6076555023923444,11658
0.6085918854415274,11659
0.6095238095238096,11660
0.6104513064133017,11661
0.6090047393364929,11662
0.607565011820331,11663
0.6084905660377359,11664
0.6070588235294118,11665
0.6056338028169014,11666
0.6065573770491803,11667
0.6051401869158879,11668
0.6060606060606061,11669
0.6069767441860465,11670
0.605568445475638,11671
0.6041666666666666,11672
0.6027713625866051,11673
0.6036866359447005,11674
0.6045977011494252,11675
0.6055045871559633,11676
0.6041189931350115,11677
0.6027397260273972,11678
0.6036446469248291,11679
0.6045454545454545,11680
0.6031746031746031,11681
0.6040723981900452,11682
0.6049661399548533,11683
0.6036036036036037,11684
0.604494382022472,11685
0.6053811659192825,11686
0.6062639821029083,11687
0.6071428571428571,11688
0.6057906458797327,11689
0.6044444444444445,11690
0.6053215077605322,11691
0.6061946902654868,11692
0.6070640176600441,11693
0.6057268722466961,11694
0.6065934065934065,11695
0.6052631578947368,11696
0.6061269146608315,11697
0.6048034934497817,11698
0.6056644880174292,11699
0.6065217391304348,11700
0.6052060737527115,11701
0.6038961038961039,11702
0.6047516198704104,11703
0.6056034482758621,11704
0.6043010752688172,11705
0.6051502145922747,11706
0.6059957173447538,11707
0.6068376068376068,11708
0.6076759061833689,11709
0.6063829787234043,11710
0.6072186836518046,11711
0.6080508474576272,11712
0.6067653276955602,11713
0.6075949367088608,11714
0.6063157894736843,11715
0.6050420168067226,11716
0.6058700209643606,11717
0.606694560669456,11718
0.605427974947808,11719
0.60625,11720
0.6070686070686071,11721
0.6078838174273858,11722
0.6086956521739131,11723
0.609504132231405,11724
0.6103092783505155,11725
0.6090534979423868,11726
0.6098562628336756,11727
0.610655737704918,11728
0.6094069529652352,11729
0.610204081632653,11730
0.6109979633401222,11731
0.6097560975609756,11732
0.6085192697768763,11733
0.6093117408906883,11734
0.6101010101010101,11735
0.6088709677419355,11736
0.6096579476861167,11737
0.608433734939759,11738
0.6092184368737475,11739
0.61,11740
0.6087824351297405,11741
0.6095617529880478,11742
0.610337972166998,11743
0.6111111111111112,11744
0.6099009900990099,11745
0.6106719367588933,11746
0.6094674556213018,11747
0.610236220472441,11748
0.6090373280943026,11749
0.6098039215686275,11750
0.6086105675146771,11751
0.607421875,11752
0.6062378167641326,11753
0.6070038910505836,11754
0.6077669902912621,11755
0.6085271317829457,11756
0.6073500967117988,11757
0.6081081081081081,11758
0.6069364161849711,11759
0.6076923076923076,11760
0.6065259117082533,11761
0.60727969348659,11762
0.6080305927342257,11763
0.6087786259541985,11764
0.6095238095238096,11765
0.6083650190114068,11766
0.6072106261859582,11767
0.6060606060606061,11768
0.6049149338374291,11769
0.6037735849056604,11770
0.6045197740112994,11771
0.6052631578947368,11772
0.6041275797373359,11773
0.6048689138576779,11774
0.6056074766355141,11775
0.6063432835820896,11776
0.6070763500931099,11777
0.6078066914498141,11778
0.6066790352504638,11779
0.6074074074074074,11780
0.6081330868761553,11781
0.6070110701107011,11782
0.6077348066298343,11783
0.6084558823529411,11784
0.6091743119266055,11785
0.6098901098901099,11786
0.6106032906764168,11787
0.6113138686131386,11788
0.6102003642987249,11789
0.610909090909091,11790
0.6098003629764065,11791
0.6105072463768116,11792
0.6112115732368897,11793
0.6101083032490975,11794
0.609009009009009,11795
0.6097122302158273,11796
0.6086175942549371,11797
0.6075268817204301,11798
0.6082289803220036,11799
0.6071428571428571,11800
0.6060606060606061,11801
0.6067615658362989,11802
0.605683836589698,11803
0.6046099290780141,11804
0.6053097345132743,11805
0.6042402826855123,11806
0.6031746031746031,11807
0.602112676056338,11808
0.6028119507908611,11809
0.6035087719298246,11810
0.6024518388791593,11811
0.6013986013986014,11812
0.6020942408376964,11813
0.6027874564459931,11814
0.6017391304347826,11815
0.6024305555555556,11816
0.6013864818024264,11817
0.6003460207612457,11818
0.6010362694300518,11819
0.6,11820
0.6006884681583476,11821
0.5996563573883161,11822
0.6003430531732419,11823
0.5993150684931506,11824
0.6,11825
0.5989761092150171,11826
0.5996592844974447,11827
0.5986394557823129,11828
0.599320882852292,11829
0.6,11830
0.6006768189509306,11831
0.6013513513513513,11832
0.6003372681281619,11833
0.601010101010101,11834
0.6016806722689075,11835
0.6023489932885906,11836
0.6030150753768844,11837
0.6020066889632107,11838
0.6026711185308848,11839
0.6033333333333334,11840
0.6039933444259568,11841
0.6029900332225914,11842
0.6019900497512438,11843
0.6026490066225165,11844
0.6016528925619835,11845
0.6023102310231023,11846
0.6029654036243822,11847
0.6036184210526315,11848
0.6042692939244664,11849
0.6049180327868853,11850
0.6039279869067103,11851
0.6045751633986928,11852
0.6052202283849919,11853
0.6058631921824105,11854
0.6065040650406504,11855
0.6071428571428571,11856
0.6077795786061588,11857
0.6084142394822006,11858
0.6090468497576736,11859
0.6096774193548387,11860
0.6103059581320451,11861
0.6109324758842444,11862
0.6115569823434992,11863
0.6121794871794872,11864
0.6112,11865
0.610223642172524,11866
0.6108452950558214,11867
0.6098726114649682,11868
0.6104928457869634,11869
0.6111111111111112,11870
0.6117274167987322,11871
0.6123417721518988,11872
0.6129541864139021,11873
0.613564668769716,11874
0.6141732283464567,11875
0.6147798742138365,11876
0.6138147566718996,11877
0.6128526645768025,11878
0.6134585289514867,11879
0.6125,11880
0.6131045241809673,11881
0.6121495327102804,11882
0.6111975116640747,11883
0.610248447204969,11884
0.6093023255813953,11885
0.6099071207430341,11886
0.6105100463678517,11887
0.6095679012345679,11888
0.6101694915254238,11889
0.6107692307692307,11890
0.6113671274961597,11891
0.6104294478527608,11892
0.6110260336906586,11893
0.6116207951070336,11894
0.6122137404580152,11895
0.6128048780487805,11896
0.6133942161339422,11897
0.6124620060790273,11898
0.6130500758725341,11899
0.6121212121212121,11900
0.6127080181543116,11901
0.6117824773413897,11902
0.6108597285067874,11903
0.6114457831325302,11904
0.6105263157894737,11905
0.6111111111111112,11906
0.6116941529235382,11907
0.6122754491017964,11908
0.6113602391629297,11909
0.6119402985074627,11910
0.6110283159463488,11911
0.6116071428571429,11912
0.612184249628529,11913
0.6112759643916914,11914
0.6118518518518519,11915
0.6124260355029586,11916
0.6115214180206795,11917
0.612094395280236,11918
0.6126656848306333,11919
0.611764705882353,11920
0.6108663729809104,11921
0.6114369501466276,11922
0.6105417276720352,11923
0.6111111111111112,11924
0.6102189781021898,11925
0.6107871720116618,11926
0.6098981077147017,11927
0.6104651162790697,11928
0.6095791001451378,11929
0.6101449275362318,11930
0.6092619392185239,11931
0.6083815028901735,11932
0.6089466089466089,11933
0.6095100864553314,11934
0.6086330935251798,11935
0.6091954022988506,11936
0.6083213773314203,11937
0.6088825214899714,11938
0.6094420600858369,11939
0.6085714285714285,11940
0.6077032810271041,11941
0.6068376068376068,11942
0.6073968705547653,11943
0.6079545454545454,11944
0.6085106382978723,11945
0.6090651558073654,11946
0.6082036775106082,11947
0.6073446327683616,11948
0.6064880112834978,11949
0.6070422535211267,11950
0.6075949367088608,11951
0.6081460674157303,11952
0.6072931276297335,11953
0.6064425770308123,11954
0.606993006993007,11955
0.6061452513966481,11956
0.6052998605299861,11957
0.6058495821727019,11958
0.6050069541029207,11959
0.6055555555555555,11960
0.6061026352288488,11961
0.6066481994459834,11962
0.607192254495159,11963
0.606353591160221,11964
0.6068965517241379,11965
0.6060606060606061,11966
0.6066024759284732,11967
0.6057692307692307,11968
0.6049382716049383,11969
0.6054794520547945,11970
0.6060191518467852,11971
0.605191256830601,11972
0.6057298772169167,11973
0.6049046321525886,11974
0.6054421768707483,11975
0.6046195652173914,11976
0.6037991858887382,11977
0.6043360433604336,11978
0.6035182679296346,11979
0.6040540540540541,11980
0.6045883940620783,11981
0.6037735849056604,11982
0.604306864064603,11983
0.603494623655914,11984
0.6026845637583893,11985
0.6032171581769437,11986
0.6037483266398929,11987
0.6029411764705882,11988
0.6021361815754339,11989
0.6026666666666667,11990
0.6018641810918774,11991
0.6023936170212766,11992
0.602921646746348,11993
0.6021220159151194,11994
0.6013245033112583,11995
0.6018518518518519,11996
0.6023778071334214,11997
0.6029023746701847,11998
0.6021080368906456,11999
0.6026315789473684,12000
0.6031537450722734,12001
0.6023622047244095,12002
0.601572739187418,12003
0.6007853403141361,12004
0.6,12005
0.6005221932114883,12006
0.5997392438070405,12007
0.6002604166666666,12008
0.6007802340702211,12009
0.6012987012987013,12010
0.6018158236057068,12011
0.6010362694300518,12012
0.6002587322121604,12013
0.6007751937984496,12014
0.6012903225806452,12015
0.6005154639175257,12016
0.5997425997425997,12017
0.5989717223650386,12018
0.5994865211810013,12019
0.6,12020
0.5992317541613317,12021
0.59846547314578,12022
0.598978288633461,12023
0.5994897959183674,12024
0.5987261146496815,12025
0.5979643765903307,12026
0.5984752223634053,12027
0.5989847715736041,12028
0.5982256020278834,12029
0.5987341772151898,12030
0.5979772439949431,12031
0.5972222222222222,12032
0.5964691046658259,12033
0.5969773299748111,12034
0.5962264150943396,12035
0.5954773869346733,12036
0.5959849435382685,12037
0.5964912280701754,12038
0.5957446808510638,12039
0.595,12040
0.5942571785268415,12041
0.5935162094763092,12042
0.5940224159402242,12043
0.5945273631840796,12044
0.5937888198757764,12045
0.5942928039702233,12046
0.5947955390334573,12047
0.594059405940594,12048
0.5945611866501854,12049
0.5950617283950618,12050
0.5955610357583231,12051
0.5960591133004927,12052
0.5953259532595326,12053
0.5945945945945946,12054
0.5950920245398773,12055
0.5955882352941176,12056
0.5960832313341493,12057
0.5965770171149144,12058
0.5958485958485958,12059
0.5951219512195122,12060
0.5943970767356882,12061
0.5948905109489051,12062
0.5953827460510328,12063
0.595873786407767,12064
0.5951515151515151,12065
0.5944309927360775,12066
0.5937122128174124,12067
0.5929951690821256,12068
0.5934861278648975,12069
0.5927710843373494,12070
0.592057761732852,12071
0.5925480769230769,12072
0.5930372148859544,12073
0.5935251798561151,12074
0.592814371257485,12075
0.5933014354066986,12076
0.5937873357228196,12077
0.594272076372315,12078
0.5947556615017878,12079
0.594047619047619,12080
0.5945303210463734,12081
0.5950118764845606,12082
0.5954922894424673,12083
0.5959715639810427,12084
0.5964497041420118,12085
0.5969267139479906,12086
0.5974025974025974,12087
0.597877358490566,12088
0.5971731448763251,12089
0.5964705882352941,12090
0.5957696827262045,12091
0.596244131455399,12092
0.5967174677608441,12093
0.5971896955503513,12094
0.5976608187134503,12095
0.5969626168224299,12096
0.5974329054842473,12097
0.5979020979020979,12098
0.5983701979045402,12099
0.5976744186046512,12100
0.5981416957026713,12101
0.5974477958236659,12102
0.59675550405562,12103
0.5972222222222222,12104
0.5965317919075145,12105
0.5969976905311778,12106
0.5974625144175317,12107
0.597926267281106,12108
0.5983889528193326,12109
0.5977011494252874,12110
0.5981630309988519,12111
0.5986238532110092,12112
0.5990836197021764,12113
0.5983981693363845,12114
0.5977142857142858,12115
0.5970319634703196,12116
0.5963511972633979,12117
0.5968109339407744,12118
0.5972696245733788,12119
0.5965909090909091,12120
0.5970488081725313,12121
0.5975056689342404,12122
0.5968289920724802,12123
0.5972850678733032,12124
0.5977401129943503,12125
0.5970654627539503,12126
0.5963923337091319,12127
0.5968468468468469,12128
0.5961754780652418,12129
0.596629213483146,12130
0.5970819304152637,12131
0.5964125560538116,12132
0.5957446808510638,12133
0.5961968680089486,12134
0.5966480446927375,12135
0.5959821428571429,12136
0.5964325529542921,12137
0.5957683741648107,12138
0.5962180200222469,12139
0.5966666666666667,12140
0.5971143174250833,12141
0.5964523281596452,12142
0.5968992248062015,12143
0.5962389380530974,12144
0.5955801104972376,12145
0.5949227373068433,12146
0.5953693495038589,12147
0.5958149779735683,12148
0.5962596259625963,12149
0.5967032967032967,12150
0.5971459934138309,12151
0.5964912280701754,12152
0.5969331872946331,12153
0.5973741794310722,12154
0.5978142076502733,12155
0.5971615720524017,12156
0.5965103598691385,12157
0.5958605664488017,12158
0.5963003264417845,12159
0.5967391304347827,12160
0.5960912052117264,12161
0.5954446854663774,12162
0.5958829902491874,12163
0.5952380952380952,12164
0.5945945945945946,12165
0.5950323974082073,12166
0.5954692556634305,12167
0.5948275862068966,12168
0.5941872981700753,12169
0.5935483870967742,12170
0.5939849624060151,12171
0.5944206008583691,12172
0.5937834941050375,12173
0.5931477516059958,12174
0.5925133689839572,12175
0.592948717948718,12176
0.5933831376734259,12177
0.5927505330490405,12178
0.5921192758253461,12179
0.5925531914893617,12180
0.5929861849096706,12181
0.5923566878980892,12182
0.591728525980912,12183
0.5921610169491526,12184
0.5925925925925926,12185
0.5930232558139535,12186
0.5934530095036958,12187
0.5928270042194093,12188
0.5922023182297155,12189
0.5926315789473684,12190
0.5920084121976866,12191
0.5913865546218487,12192
0.5918153200419727,12193
0.5922431865828093,12194
0.5916230366492147,12195
0.5920502092050209,12196
0.5924764890282131,12197
0.592901878914405,12198
0.5922836287799792,12199
0.5927083333333333,12200
0.5931321540062435,12201
0.5925155925155925,12202
0.592938733125649,12203
0.5933609958506224,12204
0.5927461139896373,12205
0.5921325051759835,12206
0.5925542916235781,12207
0.5929752066115702,12208
0.5923632610939112,12209
0.5917525773195876,12210
0.592173017507724,12211
0.5915637860082305,12212
0.591983556012333,12213
0.5924024640657084,12214
0.5917948717948718,12215
0.5922131147540983,12216
0.5926305015353122,12217
0.5930470347648262,12218
0.59244126659857,12219
0.5928571428571429,12220
0.5932721712538226,12221
0.5936863543788188,12222
0.5930824008138352,12223
0.5934959349593496,12224
0.5939086294416244,12225
0.5943204868154158,12226
0.5947315096251267,12227
0.5941295546558705,12228
0.5945399393326593,12229
0.593939393939394,12230
0.5933400605449042,12231
0.592741935483871,12232
0.5931520644511581,12233
0.5935613682092555,12234
0.592964824120603,12235
0.5933734939759037,12236
0.5937813440320963,12237
0.593186372745491,12238
0.5935935935935935,12239
0.594,12240
0.5944055944055944,12241
0.593812375249501,12242
0.5942173479561316,12243
0.5946215139442231,12244
0.5950248756218905,12245
0.595427435387674,12246
0.5948361469712016,12247
0.5952380952380952,12248
0.5946481665014867,12249
0.594059405940594,12250
0.5934718100890207,12251
0.5938735177865613,12252
0.5942744323790721,12253
0.5936883629191322,12254
0.593103448275862,12255
0.593503937007874,12256
0.5939036381514258,12257
0.5943025540275049,12258
0.5947006869479883,12259
0.5950980392156863,12260
0.5954946131243879,12261
0.5958904109589042,12262
0.5962854349951124,12263
0.5966796875,12264
0.5970731707317073,12265
0.5974658869395711,12266
0.5978578383641675,12267
0.5982490272373541,12268
0.597667638483965,12269
0.5970873786407767,12270
0.597478176527643,12271
0.5978682170542635,12272
0.5972894482090997,12273
0.597678916827853,12274
0.5980676328502416,12275
0.5984555984555985,12276
0.5978784956605593,12277
0.5982658959537572,12278
0.5976900866217517,12279
0.5980769230769231,12280
0.5984630163304515,12281
0.5988483685220729,12282
0.5992329817833174,12283
0.5996168582375478,12284
0.6,12285
0.6003824091778203,12286
0.5998089780324737,12287
0.6001908396946565,12288
0.6005719733079123,12289
0.6009523809523809,12290
0.6003805899143673,12291
0.5998098859315589,12292
0.5992402659069326,12293
0.5996204933586338,12294
0.5990521327014218,12295
0.5994318181818182,12296
0.5998107852412489,12297
0.5992438563327032,12298
0.5996222851746931,12299
0.5990566037735849,12300
0.5994344957587182,12301
0.5988700564971752,12302
0.5983066792097836,12303
0.5977443609022557,12304
0.5981220657276995,12305
0.5975609756097561,12306
0.5970009372071228,12307
0.5973782771535581,12308
0.5977549111318989,12309
0.597196261682243,12310
0.5975723622782446,12311
0.5979477611940298,12312
0.5983224603914259,12313
0.5986964618249534,12314
0.598139534883721,12315
0.5985130111524164,12316
0.5988857938718662,12317
0.5992578849721707,12318
0.5987025023169601,12319
0.5981481481481481,12320
0.5985198889916744,12321
0.5988909426987061,12322
0.5983379501385041,12323
0.5977859778597786,12324
0.5972350230414747,12325
0.5976058931860037,12326
0.5979760809567617,12327
0.5983455882352942,12328
0.5977961432506887,12329
0.5972477064220183,12330
0.5967002749770852,12331
0.5970695970695971,12332
0.596523330283623,12333
0.596892138939671,12334
0.5972602739726027,12335
0.5976277372262774,12336
0.5970829535095715,12337
0.5965391621129326,12338
0.5959963603275705,12339
0.5963636363636363,12340
0.5967302452316077,12341
0.5961887477313974,12342
0.5965548504079783,12343
0.5969202898550725,12344
0.5972850678733032,12345
0.5976491862567812,12346
0.5980126467931346,12347
0.5983754512635379,12348
0.5978358881875564,12349
0.5972972972972973,12350
0.5976597659765976,12351
0.5971223021582733,12352
0.5965858041329739,12353
0.5969479353680431,12354
0.5973094170403588,12355
0.5967741935483871,12356
0.5971351835273053,12357
0.5966010733452594,12358
0.5960679177837355,12359
0.5955357142857143,12360
0.5958965209634255,12361
0.5962566844919787,12362
0.5966162065894924,12363
0.5969750889679716,12364
0.5973333333333334,12365
0.5976909413854352,12366
0.5971606033717834,12367
0.5975177304964538,12368
0.5978742249778565,12369
0.5982300884955752,12370
0.5985853227232537,12371
0.598939929328622,12372
0.5984112974404237,12373
0.5978835978835979,12374
0.5982378854625551,12375
0.5977112676056338,12376
0.5971855760773966,12377
0.5966608084358523,12378
0.5961369622475856,12379
0.5964912280701754,12380
0.595968448729185,12381
0.5963222416812609,12382
0.5966754155730534,12383
0.597027972027972,12384
0.5973799126637555,12385
0.5977312390924956,12386
0.5972101133391456,12387
0.5966898954703833,12388
0.5961705831157529,12389
0.5956521739130435,12390
0.5960034752389227,12391
0.5963541666666666,12392
0.5967042497831744,12393
0.597053726169844,12394
0.5965367965367966,12395
0.596885813148789,12396
0.5963699222126189,12397
0.5967184801381693,12398
0.5970664365832614,12399
0.5974137931034482,12400
0.5977605512489234,12401
0.5972461273666093,12402
0.5975924333619949,12403
0.5979381443298969,12404
0.5974248927038627,12405
0.5969125214408233,12406
0.5972579263067695,12407
0.5976027397260274,12408
0.5970915312232677,12409
0.5965811965811966,12410
0.5969257045260461,12411
0.5964163822525598,12412
0.5959079283887468,12413
0.5954003407155025,12414
0.5957446808510638,12415
0.5952380952380952,12416
0.594732370433305,12417
0.5950764006791172,12418
0.5945716709075488,12419
0.5949152542372881,12420
0.5952582557154953,12421
0.5947546531302876,12422
0.5950972104818258,12423
0.5954391891891891,12424
0.5949367088607594,12425
0.5952782462057336,12426
0.594776748104465,12427
0.5951178451178452,12428
0.5954583683767872,12429
0.5957983193277311,12430
0.5961376994122586,12431
0.5956375838926175,12432
0.595138306789606,12433
0.5946398659966499,12434
0.594979079497908,12435
0.5953177257525084,12436
0.5948203842940685,12437
0.5951585976627712,12438
0.5946622185154296,12439
0.595,12440
0.5953372189841799,12441
0.5956738768718802,12442
0.5951787198669992,12443
0.5946843853820598,12444
0.5941908713692946,12445
0.593698175787728,12446
0.5932062966031483,12447
0.5935430463576159,12448
0.5930521091811415,12449
0.5933884297520661,12450
0.5937241948802643,12451
0.594059405940594,12452
0.5935696619950536,12453
0.5930807248764415,12454
0.5925925925925926,12455
0.5929276315789473,12456
0.5924404272801972,12457
0.5927750410509032,12458
0.5922887612797375,12459
0.5926229508196721,12460
0.592956592956593,12461
0.5932896890343698,12462
0.5928045789043336,12463
0.5931372549019608,12464
0.5926530612244898,12465
0.5929853181076672,12466
0.5925020374898126,12467
0.5920195439739414,12468
0.5923515052888527,12469
inf,12470
1.0,12471
1.0,12472
1.0,12473
0.75,12474
0.8,12475
0.8333333333333334,12476
0.8571428571428571,12477
0.75,12478
0.7777777777777778,12479
0.8,12480
0.8181818181818182,12481
0.75,12482
0.7692307692307693,12483
0.7142857142857143,12484
0.6666666666666666,12485
0.625,12486
0.6470588235294118,12487
0.6111111111111112,12488
0.631578947368421,12489
0.6,12490
0.5714285714285714,12491
0.5454545454545454,12492
0.5652173913043478,12493
0.5833333333333334,12494
0.56,12495
0.5769230769230769,12496
0.5925925925925926,12497
0.5714285714285714,12498
0.5862068965517241,12499
0.6,12500
0.6129032258064516,12501
0.625,12502
0.6060606060606061,12503
0.5882352941176471,12504
0.5714285714285714,12505
0.5833333333333334,12506
0.5675675675675675,12507
0.5789473684210527,12508
0.5897435897435898,12509
0.6,12510
0.6097560975609756,12511
0.5952380952380952,12512
0.5813953488372093,12513
0.5909090909090909,12514
0.6,12515
0.6086956521739131,12516
0.5957446808510638,12517
0.5833333333333334,12518
0.5918367346938775,12519
0.6,12520
0.6078431372549019,12521
0.6153846153846154,12522
0.6037735849056604,12523
0.6111111111111112,12524
0.6,12525
0.5892857142857143,12526
0.5964912280701754,12527
0.5862068965517241,12528
0.576271186440678,12529
0.5833333333333334,12530
0.5737704918032787,12531
0.5806451612903226,12532
0.5873015873015873,12533
0.59375,12534
0.6,12535
0.6060606060606061,12536
0.6119402985074627,12537
0.6029411764705882,12538
0.5942028985507246,12539
0.6,12540
0.5915492957746479,12541
0.5972222222222222,12542
0.6027397260273972,12543
0.6081081081081081,12544
0.6133333333333333,12545
0.6052631578947368,12546
0.5974025974025974,12547
0.5897435897435898,12548
0.5822784810126582,12549
0.5875,12550
0.5802469135802469,12551
0.5853658536585366,12552
0.5783132530120482,12553
0.5833333333333334,12554
0.5882352941176471,12555
0.5813953488372093,12556
0.5747126436781609,12557
0.5795454545454546,12558
0.5730337078651685,12559
0.5777777777777777,12560
0.5824175824175825,12561
0.5869565217391305,12562
0.5806451612903226,12563
0.574468085106383,12564
0.5789473684210527,12565
0.5833333333333334,12566
0.5876288659793815,12567
0.5816326530612245,12568
0.5858585858585859,12569
0.59,12570
0.594059405940594,12571
0.5882352941176471,12572
0.5825242718446602,12573
0.5865384615384616,12574
0.5904761904761905,12575
0.5943396226415094,12576
0.5887850467289719,12577
0.5925925925925926,12578
0.5963302752293578,12579
0.6,12580
0.6036036036036037,12581
0.6071428571428571,12582
0.6017699115044248,12583
0.6052631578947368,12584
0.6,12585
0.603448275862069,12586
0.5982905982905983,12587
0.6016949152542372,12588
0.6050420168067226,12589
0.6,12590
0.6033057851239669,12591
0.5983606557377049,12592
0.5934959349593496,12593
0.5967741935483871,12594
0.6,12595
0.5952380952380952,12596
0.5905511811023622,12597
0.59375,12598
0.5891472868217055,12599
0.5846153846153846,12600
0.5801526717557252,12601
0.5757575757575758,12602
0.5789473684210527,12603
0.582089552238806,12604
0.5777777777777777,12605
0.5735294117647058,12606
0.5693430656934306,12607
0.572463768115942,12608
0.5683453237410072,12609
0.5642857142857143,12610
0.5673758865248227,12611
0.5633802816901409,12612
0.5664335664335665,12613
0.5625,12614
0.5586206896551724,12615
0.5616438356164384,12616
0.5578231292517006,12617
0.5540540540540541,12618
0.5570469798657718,12619
0.56,12620
0.5629139072847682,12621
0.5657894736842105,12622
0.5686274509803921,12623
0.5714285714285714,12624
0.567741935483871,12625
0.5705128205128205,12626
0.5732484076433121,12627
0.5759493670886076,12628
0.5723270440251572,12629
0.575,12630
0.577639751552795,12631
0.5802469135802469,12632
0.5828220858895705,12633
0.5853658536585366,12634
0.5878787878787879,12635
0.5843373493975904,12636
0.5808383233532934,12637
0.5833333333333334,12638
0.5857988165680473,12639
0.5882352941176471,12640
0.5847953216374269,12641
0.5872093023255814,12642
0.5895953757225434,12643
0.5919540229885057,12644
0.5942857142857143,12645
0.5965909090909091,12646
0.5932203389830508,12647
0.5955056179775281,12648
0.5921787709497207,12649
0.5888888888888889,12650
0.585635359116022,12651
0.5824175824175825,12652
0.5846994535519126,12653
0.5869565217391305,12654
0.5837837837837838,12655
0.5860215053763441,12656
0.5882352941176471,12657
0.5851063829787234,12658
0.5873015873015873,12659
0.5842105263157895,12660
0.581151832460733,12661
0.5833333333333334,12662
0.5803108808290155,12663
0.5824742268041238,12664
0.5794871794871795,12665
0.5816326530612245,12666
0.583756345177665,12667
0.5858585858585859,12668
0.5879396984924623,12669
0.585,12670
0.5870646766169154,12671
0.5891089108910891,12672
0.5911330049261084,12673
0.5931372549019608,12674
0.5902439024390244,12675
0.587378640776699,12676
0.5893719806763285,12677
0.5913461538461539,12678
0.5933014354066986,12679
0.5952380952380952,12680
0.5971563981042654,12681
0.5990566037735849,12682
0.596244131455399,12683
0.5981308411214953,12684
0.6,12685
0.6018518518518519,12686
0.6036866359447005,12687
0.6055045871559633,12688
0.6027397260273972,12689
0.6,12690
0.6018099547511312,12691
0.6036036036036037,12692
0.6053811659192825,12693
0.6071428571428571,12694
0.6088888888888889,12695
0.6106194690265486,12696
0.6123348017621145,12697
0.6096491228070176,12698
0.611353711790393,12699
0.6086956521739131,12700
0.6060606060606061,12701
0.603448275862069,12702
0.6051502145922747,12703
0.6025641025641025,12704
0.6042553191489362,12705
0.6059322033898306,12706
0.6033755274261603,12707
0.6008403361344538,12708
0.5983263598326359,12709
0.5958333333333333,12710
0.5933609958506224,12711
0.5909090909090909,12712
0.5925925925925926,12713
0.5901639344262295,12714
0.5918367346938775,12715
0.5934959349593496,12716
0.5951417004048583,12717
0.592741935483871,12718
0.5943775100401606,12719
0.596,12720
0.5976095617529881,12721
0.5952380952380952,12722
0.5968379446640316,12723
0.5984251968503937,12724
0.596078431372549,12725
0.59375,12726
0.5914396887159533,12727
0.5930232558139535,12728
0.5907335907335908,12729
0.5923076923076923,12730
0.5938697318007663,12731
0.5954198473282443,12732
0.596958174904943,12733
0.5946969696969697,12734
0.5962264150943396,12735
0.5977443609022557,12736
0.599250936329588,12737
0.6007462686567164,12738
0.5985130111524164,12739
0.6,12740
0.6014760147601476,12741
0.5992647058823529,12742
0.6007326007326007,12743
0.6021897810218978,12744
0.6,12745
0.5978260869565217,12746
0.5956678700361011,12747
0.5935251798561151,12748
0.5949820788530465,12749
0.5964285714285714,12750
0.597864768683274,12751
0.599290780141844,12752
0.6007067137809188,12753
0.602112676056338,12754
0.6035087719298246,12755
0.6048951048951049,12756
0.6062717770034843,12757
0.6041666666666666,12758
0.6020761245674741,12759
0.6,12760
0.5979381443298969,12761
0.5958904109589042,12762
0.5938566552901023,12763
0.5918367346938775,12764
0.5932203389830508,12765
0.5945945945945946,12766
0.5925925925925926,12767
0.5939597315436241,12768
0.5953177257525084,12769
0.5933333333333334,12770
0.5946843853820598,12771
0.5927152317880795,12772
0.5907590759075908,12773
0.5888157894736842,12774
0.5868852459016394,12775
0.5882352941176471,12776
0.5863192182410424,12777
0.5876623376623377,12778
0.5889967637540453,12779
0.5870967741935483,12780
0.5852090032154341,12781
0.5865384615384616,12782
0.5878594249201278,12783
0.5859872611464968,12784
0.5873015873015873,12785
0.5854430379746836,12786
0.583596214511041,12787
0.5817610062893082,12788
0.5830721003134797,12789
0.58125,12790
0.5825545171339563,12791
0.5838509316770186,12792
0.5851393188854489,12793
0.5833333333333334,12794
0.5846153846153846,12795
0.5858895705521472,12796
0.5840978593272171,12797
0.5823170731707317,12798
0.5835866261398176,12799
0.5848484848484848,12800
0.5861027190332326,12801
0.5843373493975904,12802
0.5855855855855856,12803
0.5868263473053892,12804
0.5880597014925373,12805
0.5863095238095238,12806
0.5845697329376854,12807
0.5857988165680473,12808
0.5870206489675516,12809
0.5852941176470589,12810
0.5835777126099707,12811
0.5847953216374269,12812
0.5830903790087464,12813
0.5843023255813954,12814
0.5826086956521739,12815
0.5809248554913294,12816
0.579250720461095,12817
0.5804597701149425,12818
0.5787965616045845,12819
0.58,12820
0.5783475783475783,12821
0.5795454545454546,12822
0.5807365439093485,12823
0.5819209039548022,12824
0.5830985915492958,12825
0.5814606741573034,12826
0.5826330532212886,12827
0.5837988826815642,12828
0.5821727019498607,12829
0.5833333333333334,12830
0.5817174515235457,12831
0.580110497237569,12832
0.5785123966942148,12833
0.5796703296703297,12834
0.5780821917808219,12835
0.5765027322404371,12836
0.5776566757493188,12837
0.5760869565217391,12838
0.5745257452574526,12839
0.572972972972973,12840
0.5714285714285714,12841
0.5698924731182796,12842
0.5710455764075067,12843
0.56951871657754,12844
0.568,12845
0.5664893617021277,12846
0.5649867374005305,12847
0.5634920634920635,12848
0.5646437994722955,12849
0.5657894736842105,12850
0.5643044619422573,12851
0.56282722513089,12852
0.5639686684073107,12853
0.5651041666666666,12854
0.5662337662337662,12855
0.5673575129533679,12856
0.5658914728682171,12857
0.5644329896907216,12858
0.5655526992287918,12859
0.5641025641025641,12860
0.5652173913043478,12861
0.5663265306122449,12862
0.5648854961832062,12863
0.5634517766497462,12864
0.5645569620253165,12865
0.5656565656565656,12866
0.5642317380352645,12867
0.5653266331658291,12868
0.5664160401002506,12869
0.565,12870
0.5660847880299252,12871
0.5671641791044776,12872
0.56575682382134,12873
0.5668316831683168,12874
0.5679012345679012,12875
0.5689655172413793,12876
0.5700245700245701,12877
0.5686274509803921,12878
0.5696821515892421,12879
0.5682926829268292,12880
0.5693430656934306,12881
0.5703883495145631,12882
0.5690072639225182,12883
0.5676328502415459,12884
0.5662650602409639,12885
0.5649038461538461,12886
0.565947242206235,12887
0.5669856459330144,12888
0.5656324582338902,12889
0.5666666666666667,12890
0.5676959619952494,12891
0.5687203791469194,12892
0.5697399527186762,12893
0.5707547169811321,12894
0.5694117647058824,12895
0.5704225352112676,12896
0.5714285714285714,12897
0.572429906542056,12898
0.5734265734265734,12899
0.5744186046511628,12900
0.5730858468677494,12901
0.5717592592592593,12902
0.5727482678983834,12903
0.5714285714285714,12904
0.5701149425287356,12905
0.5711009174311926,12906
0.5720823798627003,12907
0.5707762557077626,12908
0.5694760820045558,12909
0.5704545454545454,12910
0.5714285714285714,12911
0.5723981900452488,12912
0.5733634311512416,12913
0.5743243243243243,12914
0.5730337078651685,12915
0.5717488789237668,12916
0.5704697986577181,12917
0.5691964285714286,12918
0.5701559020044543,12919
0.5711111111111111,12920
0.5698447893569845,12921
0.5707964601769911,12922
0.5695364238410596,12923
0.5704845814977973,12924
0.5692307692307692,12925
0.5679824561403509,12926
0.5689277899343544,12927
0.5698689956331878,12928
0.5686274509803921,12929
0.5695652173913044,12930
0.5683297180043384,12931
0.5692640692640693,12932
0.5680345572354212,12933
0.5668103448275862,12934
0.567741935483871,12935
0.5686695278969958,12936
0.569593147751606,12937
0.5683760683760684,12938
0.5671641791044776,12939
0.5680851063829787,12940
0.5690021231422505,12941
0.5677966101694916,12942
0.5665961945031712,12943
0.5654008438818565,12944
0.5642105263157895,12945
0.5651260504201681,12946
0.5660377358490566,12947
0.5669456066945606,12948
0.5678496868475992,12949
0.56875,12950
0.5675675675675675,12951
0.5663900414937759,12952
0.5652173913043478,12953
0.5661157024793388,12954
0.5670103092783505,12955
0.5679012345679012,12956
0.5687885010266941,12957
0.569672131147541,12958
0.5705521472392638,12959
0.5693877551020409,12960
0.5682281059063137,12961
0.5691056910569106,12962
0.5679513184584178,12963
0.5688259109311741,12964
0.5676767676767677,12965
0.5685483870967742,12966
0.5694164989939637,12967
0.570281124497992,12968
0.5711422845691383,12969
0.572,12970
0.5708582834331337,12971
0.5697211155378487,12972
0.5705765407554672,12973
0.5714285714285714,12974
0.5722772277227722,12975
0.5731225296442688,12976
0.571992110453649,12977
0.5728346456692913,12978
0.5736738703339882,12979
0.5745098039215686,12980
0.5733855185909981,12981
0.572265625,12982
0.5730994152046783,12983
0.5739299610894941,12984
0.5728155339805825,12985
0.5717054263565892,12986
0.5725338491295938,12987
0.5733590733590733,12988
0.5741811175337187,12989
0.575,12990
0.5758157389635317,12991
0.5747126436781609,12992
0.5736137667304015,12993
0.5725190839694656,12994
0.5714285714285714,12995
0.5722433460076045,12996
0.571157495256167,12997
0.571969696969697,12998
0.5727788279773157,12999
0.5716981132075472,13000
0.5706214689265536,13001
0.5695488721804511,13002
0.5684803001876173,13003
0.5692883895131086,13004
0.5682242990654206,13005
0.5671641791044776,13006
0.5679702048417132,13007
0.5687732342007435,13008
0.5695732838589982,13009
0.5703703703703704,13010
0.5711645101663586,13011
0.5701107011070111,13012
0.569060773480663,13013
0.5680147058823529,13014
0.5688073394495413,13015
0.5695970695970696,13016
0.5703839122486288,13017
0.5711678832116789,13018
0.5701275045537341,13019
0.5709090909090909,13020
0.5698729582577132,13021
0.5688405797101449,13022
0.5678119349005425,13023
0.5667870036101083,13024
0.5675675675675675,13025
0.5683453237410072,13026
0.5673249551166966,13027
0.5663082437275986,13028
0.5652951699463328,13029
0.5642857142857143,13030
0.5632798573975044,13031
0.5640569395017794,13032
0.5648312611012434,13033
0.5656028368794326,13034
0.5646017699115045,13035
0.5653710247349824,13036
0.5661375661375662,13037
0.5651408450704225,13038
0.5641476274165202,13039
0.5649122807017544,13040
0.5656742556917689,13041
0.5646853146853147,13042
0.5654450261780105,13043
0.5662020905923345,13044
0.5652173913043478,13045
0.5659722222222222,13046
0.5649913344887348,13047
0.5640138408304498,13048
0.5647668393782384,13049
0.5637931034482758,13050
0.5645438898450946,13051
0.563573883161512,13052
0.5643224699828473,13053
0.565068493150685,13054
0.5658119658119658,13055
0.5665529010238908,13056
0.5672913117546848,13057
0.5663265306122449,13058
0.567062818336163,13059
0.5661016949152542,13060
0.5668358714043993,13061
0.5675675675675675,13062
0.5666104553119731,13063
0.5656565656565656,13064
0.5663865546218487,13065
0.5654362416107382,13066
0.5661641541038526,13067
0.5652173913043478,13068
0.5659432387312187,13069
0.5666666666666667,13070
0.56738768718802,13071
0.5681063122923588,13072
0.5671641791044776,13073
0.5662251655629139,13074
0.5652892561983471,13075
0.5643564356435643,13076
0.5650741350906096,13077
0.5657894736842105,13078
0.5648604269293924,13079
0.5639344262295082,13080
0.5646481178396072,13081
0.5637254901960784,13082
0.564437194127243,13083
0.5635179153094463,13084
0.5642276422764227,13085
0.564935064935065,13086
0.5656401944894651,13087
0.5647249190938511,13088
0.5654281098546042,13089
0.5645161290322581,13090
0.5652173913043478,13091
0.5643086816720257,13092
0.565008025682183,13093
0.5657051282051282,13094
0.5664,13095
0.5670926517571885,13096
0.5677830940988836,13097
0.5684713375796179,13098
0.5675675675675675,13099
0.5682539682539682,13100
0.5673534072900158,13101
0.5664556962025317,13102
0.5655608214849921,13103
0.5646687697160884,13104
0.5637795275590551,13105
0.5628930817610063,13106
0.5620094191522763,13107
0.5626959247648903,13108
0.5633802816901409,13109
0.5625,13110
0.5631825273010921,13111
0.5623052959501558,13112
0.5629860031104199,13113
0.562111801242236,13114
0.5612403100775194,13115
0.5603715170278638,13116
0.5595054095826894,13117
0.5601851851851852,13118
0.5608628659476117,13119
0.56,13120
0.5591397849462365,13121
0.5598159509202454,13122
0.55895865237366,13123
0.5581039755351682,13124
0.5572519083969466,13125
0.5564024390243902,13126
0.5570776255707762,13127
0.5577507598784195,13128
0.5584218512898331,13129
0.5590909090909091,13130
0.5597579425113465,13131
0.5589123867069486,13132
0.5595776772247361,13133
0.5587349397590361,13134
0.5593984962406015,13135
0.5585585585585585,13136
0.5577211394302849,13137
0.5568862275449101,13138
0.5560538116591929,13139
0.5552238805970149,13140
0.5543964232488823,13141
0.5535714285714286,13142
0.5527488855869243,13143
0.5519287833827893,13144
0.5525925925925926,13145
0.5517751479289941,13146
0.55096011816839,13147
0.5501474926253688,13148
0.5493372606774669,13149
0.55,13150
0.5491923641703378,13151
0.5483870967741935,13152
0.5475841874084919,13153
0.5482456140350878,13154
0.5489051094890511,13155
0.5495626822157434,13156
0.5502183406113537,13157
0.5508720930232558,13158
0.5515239477503628,13159
0.5507246376811594,13160
0.5499276410998553,13161
0.5505780346820809,13162
0.5497835497835498,13163
0.5504322766570605,13164
0.5496402877697841,13165
0.5488505747126436,13166
0.5494978479196556,13167
0.5487106017191977,13168
0.547925608011445,13169
0.5485714285714286,13170
0.5477888730385164,13171
0.5484330484330484,13172
0.5476529160739687,13173
0.5482954545454546,13174
0.548936170212766,13175
0.5495750708215298,13176
0.5502121640735502,13177
0.5494350282485876,13178
0.5500705218617772,13179
0.5507042253521127,13180
0.549929676511955,13181
0.550561797752809,13182
0.5511921458625526,13183
0.5504201680672269,13184
0.551048951048951,13185
0.5516759776536313,13186
0.5509065550906556,13187
0.5515320334261838,13188
0.5507649513212796,13189
0.55,13190
0.5492371705963939,13191
0.5498614958448753,13192
0.5504840940525588,13193
0.5511049723756906,13194
0.5503448275862068,13195
0.5509641873278237,13196
0.5502063273727648,13197
0.5508241758241759,13198
0.551440329218107,13199
0.552054794520548,13200
0.5526675786593708,13201
0.5519125683060109,13202
0.5511596180081856,13203
0.5504087193460491,13204
0.5510204081632653,13205
0.5516304347826086,13206
0.5522388059701493,13207
0.5528455284552846,13208
0.5534506089309879,13209
0.5540540540540541,13210
0.5546558704453441,13211
0.555256064690027,13212
0.5545087483176312,13213
0.5551075268817204,13214
0.5557046979865772,13215
0.5549597855227882,13216
0.5542168674698795,13217
0.553475935828877,13218
0.5527369826435247,13219
0.5533333333333333,13220
0.5539280958721704,13221
0.5545212765957447,13222
0.5537848605577689,13223
0.5543766578249337,13224
0.5536423841059602,13225
0.5529100529100529,13226
0.5521796565389696,13227
0.5527704485488126,13228
0.5533596837944664,13229
0.5539473684210526,13230
0.5545335085413929,13231
0.5551181102362205,13232
0.5543905635648755,13233
0.5549738219895288,13234
0.5542483660130719,13235
0.5548302872062664,13236
0.5554106910039114,13237
0.5559895833333334,13238
0.5565669700910273,13239
0.5571428571428572,13240
0.556420233463035,13241
0.5569948186528497,13242
0.5575679172056921,13243
0.5581395348837209,13244
0.5587096774193548,13245
0.5592783505154639,13246
0.5585585585585585,13247
0.5578406169665809,13248
0.558408215661104,13249
0.5576923076923077,13250
0.558258642765685,13251
0.5575447570332481,13252
0.5568326947637292,13253
0.5561224489795918,13254
0.556687898089172,13255
0.5559796437659033,13256
0.5552731893265566,13257
0.5558375634517766,13258
0.5564005069708492,13259
0.5556962025316455,13260
0.5549936788874842,13261
0.5542929292929293,13262
0.5548549810844893,13263
0.5554156171284634,13264
0.5547169811320755,13265
0.5552763819095478,13266
0.5558343789209536,13267
0.5551378446115288,13268
0.5544430538172715,13269
0.555,13270
0.5555555555555556,13271
0.5561097256857855,13272
0.5554171855541719,13273
0.5559701492537313,13274
0.5565217391304348,13275
0.5558312655086849,13276
0.5563816604708798,13277
0.556930693069307,13278
0.5574783683559951,13279
0.5580246913580247,13280
0.5573366214549939,13281
0.5578817733990148,13282
0.5584255842558425,13283
0.5577395577395577,13284
0.558282208588957,13285
0.5588235294117647,13286
0.5593635250917993,13287
0.558679706601467,13288
0.557997557997558,13289
0.5585365853658537,13290
0.5578562728380024,13291
0.5583941605839416,13292
0.5589307411907655,13293
0.558252427184466,13294
0.5587878787878788,13295
0.5581113801452785,13296
0.5574365175332527,13297
0.5567632850241546,13298
0.5572979493365501,13299
0.5566265060240964,13300
0.5571600481347774,13301
0.5564903846153846,13302
0.5558223289315727,13303
0.5551558752997602,13304
0.555688622754491,13305
0.5550239234449761,13306
0.5555555555555556,13307
0.5560859188544153,13308
0.5554231227651967,13309
0.5547619047619048,13310
0.5552913198573127,13311
0.5546318289786223,13312
0.5551601423487544,13313
0.5556872037914692,13314
0.5562130177514792,13315
0.5567375886524822,13316
0.5572609208972845,13317
0.5577830188679245,13318
0.5571260306242638,13319
0.5576470588235294,13320
0.5581668625146886,13321
0.5575117370892019,13322
0.5580304806565064,13323
0.5585480093676815,13324
0.5578947368421052,13325
0.5572429906542056,13326
0.5577596266044341,13327
0.5571095571095571,13328
0.5576251455180442,13329
0.5569767441860465,13330
0.5563298490127758,13331
0.5568445475638051,13332
0.5561993047508691,13333
0.5555555555555556,13334
0.5549132947976878,13335
0.5554272517321016,13336
0.5547866205305652,13337
0.554147465437788,13338
0.5546605293440736,13339
0.5551724137931034,13340
0.5556831228473019,13341
0.555045871559633,13342
0.5555555555555556,13343
0.5560640732265446,13344
0.5565714285714286,13345
0.5570776255707762,13346
0.556442417331813,13347
0.5569476082004556,13348
0.5563139931740614,13349
0.5568181818181818,13350
0.5573212258796821,13351
0.5578231292517006,13352
0.5583238958097395,13353
0.5576923076923077,13354
0.5581920903954802,13355
0.5575620767494357,13356
0.5569334836527621,13357
0.5574324324324325,13358
0.5568053993250843,13359
0.5573033707865168,13360
0.5578002244668911,13361
0.5582959641255605,13362
0.5587905935050392,13363
0.558165548098434,13364
0.5575418994413408,13365
0.5580357142857143,13366
0.5585284280936454,13367
0.5590200445434298,13368
0.5583982202447163,13369
0.5577777777777778,13370
0.5571587125416204,13371
0.5576496674057649,13372
0.5570321151716501,13373
0.5575221238938053,13374
0.5569060773480663,13375
0.5573951434878587,13376
0.5567805953693495,13377
0.5572687224669604,13378
0.5577557755775577,13379
0.5571428571428572,13380
0.5565312843029637,13381
0.555921052631579,13382
0.5553121577217963,13383
0.5547045951859956,13384
0.5540983606557377,13385
0.5545851528384279,13386
0.5550708833151581,13387
0.5555555555555556,13388
0.5549510337323177,13389
0.5554347826086956,13390
0.5548317046688382,13391
0.5542299349240781,13392
0.5536294691224268,13393
0.5541125541125541,13394
0.5535135135135135,13395
0.5529157667386609,13396
0.552319309600863,13397
0.5517241379310345,13398
0.5522066738428417,13399
0.5526881720430108,13400
0.5531686358754028,13401
0.5525751072961373,13402
0.5519828510182208,13403
0.5513918629550322,13404
0.5518716577540107,13405
0.5523504273504274,13406
0.551760939167556,13407
0.5522388059701493,13408
0.5516506922257721,13409
0.5521276595744681,13410
0.5526036131774708,13411
0.5530785562632696,13412
0.5524920466595971,13413
0.5529661016949152,13414
0.5523809523809524,13415
0.5528541226215645,13416
0.5533262935586061,13417
0.5527426160337553,13418
0.5521601685985248,13419
0.5515789473684211,13420
0.5509989484752892,13421
0.5514705882352942,13422
0.5508919202518363,13423
0.550314465408805,13424
0.5507853403141362,13425
0.551255230125523,13426
0.5506792058516197,13427
0.5511482254697286,13428
0.5505735140771637,13429
0.55,13430
0.5504682622268471,13431
0.5509355509355509,13432
0.5514018691588785,13433
0.5508298755186722,13434
0.5512953367875648,13435
0.5507246376811594,13436
0.5511892450879007,13437
0.5516528925619835,13438
0.5510835913312694,13439
0.5505154639175258,13440
0.5509783728115345,13441
0.551440329218107,13442
0.5508735868448099,13443
0.5503080082135524,13444
0.5507692307692308,13445
0.5512295081967213,13446
0.5516888433981576,13447
0.5511247443762781,13448
0.550561797752809,13449
0.5510204081632653,13450
0.5514780835881753,13451
0.5519348268839104,13452
0.5523906408952187,13453
0.551829268292683,13454
0.5522842639593909,13455
0.552738336713996,13456
0.5531914893617021,13457
0.5526315789473685,13458
0.5530839231547017,13459
0.5535353535353535,13460
0.5529767911200807,13461
0.5534274193548387,13462
0.553877139979859,13463
0.5533199195171026,13464
0.5527638190954773,13465
0.5522088353413654,13466
0.5526579739217653,13467
0.5531062124248497,13468
0.5535535535535535,13469
0.553,13470
0.5524475524475524,13471
0.5518962075848304,13472
0.5523429710867398,13473
0.5517928286852589,13474
0.5512437810945273,13475
0.5506958250497018,13476
0.5501489572989077,13477
0.5505952380952381,13478
0.5510406342913776,13479
0.5504950495049505,13480
0.5499505440158259,13481
0.5503952569169961,13482
0.5508390918065152,13483
0.5512820512820513,13484
0.5507389162561577,13485
0.5511811023622047,13486
0.551622418879056,13487
0.5520628683693517,13488
0.5525024533856723,13489
0.5529411764705883,13490
0.5533790401567091,13491
0.5528375733855186,13492
0.5532746823069403,13493
0.5537109375,13494
0.5531707317073171,13495
0.5526315789473685,13496
0.5520934761441091,13497
0.5525291828793775,13498
0.5529640427599611,13499
0.5524271844660195,13500
0.5528612997090203,13501
0.5532945736434108,13502
0.5537270087124879,13503
0.5541586073500967,13504
0.553623188405797,13505
0.553088803088803,13506
0.553519768563163,13507
0.5529865125240848,13508
0.5534167468719923,13509
0.5528846153846154,13510
0.5523535062439962,13511
0.5518234165067178,13512
0.5522531160115053,13513
0.5517241379310345,13514
0.5511961722488038,13515
0.5516252390057361,13516
0.5510983763132761,13517
0.5505725190839694,13518
0.550047664442326,13519
0.5504761904761905,13520
0.5509039010466222,13521
0.5513307984790875,13522
0.5517568850902185,13523
0.5512333965844403,13524
0.5507109004739337,13525
0.5501893939393939,13526
0.5506149479659413,13527
0.5510396975425331,13528
inf,13529
0.0,13530
0.5,13531
0.6666666666666666,13532
0.5,13533
0.4,13534
0.3333333333333333,13535
0.2857142857142857,13536
0.375,13537
0.4444444444444444,13538
0.4,13539
0.45454545454545453,13540
0.5,13541
0.5384615384615384,13542
0.5714285714285714,13543
0.5333333333333333,13544
0.5625,13545
0.5294117647058824,13546
0.5555555555555556,13547
0.5789473684210527,13548
0.6,13549
0.6190476190476191,13550
0.5909090909090909,13551
0.6086956521739131,13552
0.5833333333333334,13553
0.56,13554
0.5384615384615384,13555
0.5185185185185185,13556
0.5,13557
0.4827586206896552,13558
0.5,13559
0.4838709677419355,13560
0.46875,13561
0.48484848484848486,13562
0.5,13563
0.5142857142857142,13564
0.5277777777777778,13565
0.5405405405405406,13566
0.5263157894736842,13567
0.5128205128205128,13568
0.5,13569
0.5121951219512195,13570
0.5,13571
0.5116279069767442,13572
0.5,13573
0.5111111111111111,13574
0.5217391304347826,13575
0.5319148936170213,13576
0.5208333333333334,13577
0.5102040816326531,13578
0.5,13579
0.49019607843137253,13580
0.4807692307692308,13581
0.49056603773584906,13582
0.48148148148148145,13583
0.4909090909090909,13584
0.48214285714285715,13585
0.47368421052631576,13586
0.4827586206896552,13587
0.4915254237288136,13588
0.5,13589
0.4918032786885246,13590
0.4838709677419355,13591
0.49206349206349204,13592
0.5,13593
0.49230769230769234,13594
0.48484848484848486,13595
0.4925373134328358,13596
0.4852941176470588,13597
0.4782608695652174,13598
0.4857142857142857,13599
0.49295774647887325,13600
0.4861111111111111,13601
0.4794520547945205,13602
0.47297297297297297,13603
0.4666666666666667,13604
0.47368421052631576,13605
0.4805194805194805,13606
0.47435897435897434,13607
0.4810126582278481,13608
0.475,13609
0.4691358024691358,13610
0.47560975609756095,13611
0.4819277108433735,13612
0.4880952380952381,13613
0.49411764705882355,13614
0.4883720930232558,13615
0.4827586206896552,13616
0.4772727272727273,13617
0.47191011235955055,13618
0.4666666666666667,13619
0.46153846153846156,13620
0.4673913043478261,13621
0.46236559139784944,13622
0.46808510638297873,13623
0.4631578947368421,13624
0.4583333333333333,13625
0.4639175257731959,13626
0.45918367346938777,13627
0.46464646464646464,13628
0.47,13629
0.46534653465346537,13630
0.46078431372549017,13631
0.46601941747572817,13632
0.46153846153846156,13633
0.4666666666666667,13634
0.46226415094339623,13635
0.4672897196261682,13636
0.4722222222222222,13637
0.47706422018348627,13638
0.4727272727272727,13639
0.46846846846846846,13640
0.4642857142857143,13641
0.4690265486725664,13642
0.47368421052631576,13643
0.4782608695652174,13644
0.4827586206896552,13645
0.47863247863247865,13646
0.4745762711864407,13647
0.4789915966386555,13648
0.475,13649
0.4793388429752066,13650
0.48360655737704916,13651
0.4878048780487805,13652
0.4838709677419355,13653
0.488,13654
0.49206349206349204,13655
0.4881889763779528,13656
0.4921875,13657
0.4883720930232558,13658
0.4846153846153846,13659
0.48854961832061067,13660
0.48484848484848486,13661
0.48872180451127817,13662
0.4925373134328358,13663
0.4888888888888889,13664
0.49264705882352944,13665
0.48905109489051096,13666
0.4855072463768116,13667
0.48201438848920863,13668
0.4857142857142857,13669
0.48936170212765956,13670
0.4859154929577465,13671
0.4825174825174825,13672
0.4791666666666667,13673
0.4827586206896552,13674
0.4794520547945205,13675
0.48299319727891155,13676
0.4864864864864865,13677
0.4899328859060403,13678
0.49333333333333335,13679
0.4900662251655629,13680
0.4868421052631579,13681
0.49019607843137253,13682
0.487012987012987,13683
0.4838709677419355,13684
0.4807692307692308,13685
0.4840764331210191,13686
0.4810126582278481,13687
0.48427672955974843,13688
0.4875,13689
0.484472049689441,13690
0.48148148148148145,13691
0.4785276073619632,13692
0.47560975609756095,13693
0.4727272727272727,13694
0.46987951807228917,13695
0.47305389221556887,13696
0.47023809523809523,13697
0.46745562130177515,13698
0.47058823529411764,13699
0.47368421052631576,13700
0.47674418604651164,13701
0.47398843930635837,13702
0.47701149425287354,13703
0.48,13704
0.48295454545454547,13705
0.4858757062146893,13706
0.4887640449438202,13707
0.49162011173184356,13708
0.49444444444444446,13709
0.49171270718232046,13710
0.4945054945054945,13711
0.4972677595628415,13712
0.5,13713
0.5027027027027027,13714
0.5,13715
0.49732620320855614,13716
0.4946808510638298,13717
0.49206349206349204,13718
0.48947368421052634,13719
0.49214659685863876,13720
0.4947916666666667,13721
0.49740932642487046,13722
0.5,13723
0.5025641025641026,13724
0.5,13725
0.5025380710659898,13726
0.5050505050505051,13727
0.507537688442211,13728
0.51,13729
0.5124378109452736,13730
0.5148514851485149,13731
0.5123152709359606,13732
0.5098039215686274,13733
0.5121951219512195,13734
0.5097087378640777,13735
0.5120772946859904,13736
0.5096153846153846,13737
0.5119617224880383,13738
0.5095238095238095,13739
0.5118483412322274,13740
0.5094339622641509,13741
0.5070422535211268,13742
0.5093457943925234,13743
0.5116279069767442,13744
0.5092592592592593,13745
0.5069124423963134,13746
0.5091743119266054,13747
0.5114155251141552,13748
0.5136363636363637,13749
0.5113122171945701,13750
0.509009009009009,13751
0.5112107623318386,13752
0.5089285714285714,13753
0.5066666666666667,13754
0.504424778761062,13755
0.5066079295154186,13756
0.5087719298245614,13757
0.5065502183406113,13758
0.508695652173913,13759
0.5108225108225108,13760
0.5129310344827587,13761
0.5150214592274678,13762
0.5170940170940171,13763
0.5148936170212766,13764
0.5169491525423728,13765
0.5147679324894515,13766
0.5168067226890757,13767
0.5146443514644351,13768
0.5125,13769
0.5103734439834025,13770
0.5082644628099173,13771
0.5102880658436214,13772
0.5122950819672131,13773
0.5142857142857142,13774
0.516260162601626,13775
0.5182186234817814,13776
0.5201612903225806,13777
0.5220883534136547,13778
0.524,13779
0.5258964143426295,13780
0.5238095238095238,13781
0.525691699604743,13782
0.5275590551181102,13783
0.5254901960784314,13784
0.5234375,13785
0.5252918287937743,13786
0.5232558139534884,13787
0.5212355212355212,13788
0.5230769230769231,13789
0.5210727969348659,13790
0.5229007633587787,13791
0.5247148288973384,13792
0.5227272727272727,13793
0.5245283018867924,13794
0.5263157894736842,13795
0.5280898876404494,13796
0.5261194029850746,13797
0.5241635687732342,13798
0.5222222222222223,13799
0.5239852398523985,13800
0.5257352941176471,13801
0.5238095238095238,13802
0.5255474452554745,13803
0.5236363636363637,13804
0.5253623188405797,13805
0.5234657039711191,13806
0.5215827338129496,13807
0.5197132616487455,13808
0.5214285714285715,13809
0.5195729537366548,13810
0.5212765957446809,13811
0.519434628975265,13812
0.5211267605633803,13813
0.519298245614035,13814
0.5209790209790209,13815
0.5226480836236934,13816
0.5243055555555556,13817
0.5224913494809689,13818
0.5206896551724138,13819
0.5189003436426117,13820
0.5205479452054794,13821
0.5221843003412969,13822
0.5238095238095238,13823
0.5220338983050847,13824
0.5202702702702703,13825
0.5185185185185185,13826
0.5167785234899329,13827
0.5150501672240803,13828
0.5166666666666667,13829
0.5182724252491694,13830
0.5165562913907285,13831
0.5181518151815182,13832
0.5164473684210527,13833
0.5180327868852459,13834
0.5196078431372549,13835
0.5211726384364821,13836
0.5194805194805194,13837
0.517799352750809,13838
0.5161290322580645,13839
0.5176848874598071,13840
0.5160256410256411,13841
0.5143769968051118,13842
0.5159235668789809,13843
0.5174603174603175,13844
0.5158227848101266,13845
0.5141955835962145,13846
0.5125786163522013,13847
0.5109717868338558,13848
0.509375,13849
0.5109034267912772,13850
0.5093167701863354,13851
0.5108359133126935,13852
0.5092592592592593,13853
0.5076923076923077,13854
0.5061349693251533,13855
0.5045871559633027,13856
0.5060975609756098,13857
0.5075987841945289,13858
0.509090909090909,13859
0.5105740181268882,13860
0.5120481927710844,13861
0.5105105105105106,13862
0.5089820359281437,13863
0.5104477611940299,13864
0.5119047619047619,13865
0.5103857566765578,13866
0.5118343195266272,13867
0.5132743362831859,13868
0.5117647058823529,13869
0.5131964809384164,13870
0.5146198830409356,13871
0.5131195335276968,13872
0.5116279069767442,13873
0.5130434782608696,13874
0.5115606936416185,13875
0.5129682997118156,13876
0.514367816091954,13877
0.5157593123209169,13878
0.5142857142857142,13879
0.5128205128205128,13880
0.5142045454545454,13881
0.5155807365439093,13882
0.5141242937853108,13883
0.5154929577464789,13884
0.5140449438202247,13885
0.5154061624649859,13886
0.5167597765363129,13887
0.5181058495821727,13888
0.5194444444444445,13889
0.5207756232686981,13890
0.5220994475138122,13891
0.5234159779614325,13892
0.5247252747252747,13893
0.5260273972602739,13894
0.5245901639344263,13895
0.5258855585831063,13896
0.5244565217391305,13897
0.5257452574525745,13898
0.527027027027027,13899
0.5256064690026954,13900
0.5268817204301075,13901
0.5254691689008043,13902
0.5267379679144385,13903
0.528,13904
0.526595744680851,13905
0.5278514588859416,13906
0.5291005291005291,13907
0.5277044854881267,13908
0.5263157894736842,13909
0.5249343832020997,13910
0.5261780104712042,13911
0.5274151436031331,13912
0.5260416666666666,13913
0.5272727272727272,13914
0.5259067357512953,13915
0.5271317829457365,13916
0.5257731958762887,13917
0.5269922879177378,13918
0.5282051282051282,13919
0.5294117647058824,13920
0.5280612244897959,13921
0.5292620865139949,13922
0.5304568527918782,13923
0.529113924050633,13924
0.5277777777777778,13925
0.5289672544080605,13926
0.5276381909547738,13927
0.5288220551378446,13928
0.53,13929
0.5311720698254364,13930
0.5298507462686567,13931
0.5310173697270472,13932
0.5321782178217822,13933
0.5308641975308642,13934
0.5320197044334976,13935
0.5307125307125307,13936
0.5294117647058824,13937
0.5281173594132029,13938
0.526829268292683,13939
0.5255474452554745,13940
0.5266990291262136,13941
0.5278450363196125,13942
0.5265700483091788,13943
0.5277108433734939,13944
0.5264423076923077,13945
0.5275779376498801,13946
0.5263157894736842,13947
0.5274463007159904,13948
0.5261904761904762,13949
0.5273159144893111,13950
0.5284360189573459,13951
0.5271867612293144,13952
0.5259433962264151,13953
0.5247058823529411,13954
0.5258215962441315,13955
0.5245901639344263,13956
0.5257009345794392,13957
0.5268065268065268,13958
0.5255813953488372,13959
0.5266821345707656,13960
0.5277777777777778,13961
0.5265588914549654,13962
0.5276497695852534,13963
0.5264367816091954,13964
0.5275229357798165,13965
0.5263157894736842,13966
0.5251141552511416,13967
0.5261958997722096,13968
0.5272727272727272,13969
0.5260770975056689,13970
0.5271493212669683,13971
0.5259593679458239,13972
0.527027027027027,13973
0.5280898876404494,13974
0.5291479820627802,13975
0.5302013422818792,13976
0.5290178571428571,13977
0.5278396436525612,13978
0.5288888888888889,13979
0.5299334811529933,13980
0.5309734513274337,13981
0.5298013245033113,13982
0.5308370044052864,13983
0.5318681318681319,13984
0.5328947368421053,13985
0.5339168490153173,13986
0.5349344978165939,13987
0.5337690631808278,13988
0.532608695652174,13989
0.5336225596529284,13990
0.5324675324675324,13991
0.5334773218142549,13992
0.5323275862068966,13993
0.5333333333333333,13994
0.5343347639484979,13995
0.5353319057815846,13996
0.5363247863247863,13997
0.5373134328358209,13998
0.5382978723404256,13999
0.5371549893842887,14000
0.538135593220339,14001
0.5369978858350951,14002
0.5379746835443038,14003
0.5389473684210526,14004
0.5399159663865546,14005
0.5408805031446541,14006
0.5418410041841004,14007
0.5427974947807933,14008
0.5416666666666666,14009
0.5405405405405406,14010
0.5394190871369294,14011
0.5403726708074534,14012
0.5413223140495868,14013
0.5422680412371134,14014
0.5432098765432098,14015
0.5420944558521561,14016
0.5430327868852459,14017
0.5419222903885481,14018
0.5408163265306123,14019
0.5417515274949084,14020
0.540650406504065,14021
0.5415821501014199,14022
0.5404858299595142,14023
0.5393939393939394,14024
0.5383064516129032,14025
0.5372233400402414,14026
0.5381526104417671,14027
0.5390781563126252,14028
0.54,14029
0.5409181636726547,14030
0.5418326693227091,14031
0.5407554671968191,14032
0.5396825396825397,14033
0.5386138613861386,14034
0.5395256916996047,14035
0.5384615384615384,14036
0.5393700787401575,14037
0.5383104125736738,14038
0.5372549019607843,14039
0.538160469667319,14040
0.5390625,14041
0.5380116959064327,14042
0.5369649805447471,14043
0.537864077669903,14044
0.5387596899224806,14045
0.539651837524178,14046
0.5386100386100386,14047
0.5375722543352601,14048
0.5365384615384615,14049
0.5355086372360844,14050
0.5344827586206896,14051
0.5353728489483748,14052
0.5343511450381679,14053
0.5352380952380953,14054
0.5361216730038023,14055
0.5351043643263758,14056
0.5340909090909091,14057
0.5330812854442344,14058
0.5320754716981132,14059
0.5329566854990584,14060
0.5338345864661654,14061
0.5347091932457786,14062
0.5355805243445693,14063
0.5364485981308411,14064
0.5373134328358209,14065
0.5363128491620112,14066
0.5371747211895911,14067
0.5380333951762524,14068
0.5370370370370371,14069
0.5378927911275416,14070
0.5387453874538746,14071
0.5377532228360957,14072
0.5386029411764706,14073
0.5376146788990825,14074
0.5384615384615384,14075
0.5393053016453382,14076
0.5401459854014599,14077
0.5391621129326047,14078
0.54,14079
0.5390199637023594,14080
0.5398550724637681,14081
0.538878842676311,14082
0.5379061371841155,14083
0.5369369369369369,14084
0.5359712230215827,14085
0.5368043087971275,14086
0.5376344086021505,14087
0.5384615384615384,14088
0.5375,14089
0.5365418894830659,14090
0.5373665480427047,14091
0.5381882770870338,14092
0.5372340425531915,14093
0.5380530973451327,14094
0.5388692579505301,14095
0.5379188712522046,14096
0.5387323943661971,14097
0.539543057996485,14098
0.5403508771929825,14099
0.5394045534150613,14100
0.5402097902097902,14101
0.5410122164048866,14102
0.5400696864111498,14103
0.5408695652173913,14104
0.5399305555555556,14105
0.5407279029462738,14106
0.5397923875432526,14107
0.540587219343696,14108
0.5413793103448276,14109
0.5421686746987951,14110
0.5412371134020618,14111
0.5420240137221269,14112
0.5428082191780822,14113
0.5418803418803418,14114
0.5426621160409556,14115
0.5434412265758092,14116
0.54421768707483,14117
0.5432937181663837,14118
0.5440677966101695,14119
0.5431472081218274,14120
0.543918918918919,14121
0.5430016863406408,14122
0.5420875420875421,14123
0.5411764705882353,14124
0.5419463087248322,14125
0.541038525963149,14126
0.5418060200668896,14127
0.5425709515859767,14128
0.5433333333333333,14129
0.5440931780366056,14130
0.5448504983388704,14131
0.5456053067993366,14132
0.5463576158940397,14133
0.5454545454545454,14134
0.5445544554455446,14135
0.5436573311367381,14136
0.5444078947368421,14137
0.5435139573070608,14138
0.5426229508196722,14139
0.5417348608837971,14140
0.5424836601307189,14141
0.5432300163132137,14142
0.5439739413680782,14143
0.5447154471544715,14144
0.5438311688311688,14145
0.5445705024311183,14146
0.5436893203883495,14147
0.5428109854604201,14148
0.5435483870967742,14149
0.5426731078904992,14150
0.5434083601286174,14151
0.5441412520064205,14152
0.5432692307692307,14153
0.5424,14154
0.5415335463258786,14155
0.5422647527910686,14156
0.5414012738853503,14157
0.5421303656597775,14158
0.5428571428571428,14159
0.5435816164817749,14160
0.5427215189873418,14161
0.5418641390205371,14162
0.5410094637223974,14163
0.5401574803149606,14164
0.539308176100629,14165
0.5384615384615384,14166
0.5391849529780565,14167
0.539906103286385,14168
0.5390625,14169
0.5397815912636506,14170
0.5404984423676013,14171
0.5396578538102644,14172
0.5388198757763976,14173
0.537984496124031,14174
0.5371517027863777,14175
0.5363214837712519,14176
0.5370370370370371,14177
0.5377503852080123,14178
0.5384615384615384,14179
0.5391705069124424,14180
0.5383435582822086,14181
0.5390505359877489,14182
0.5382262996941896,14183
0.5374045801526718,14184
0.538109756097561,14185
0.5388127853881278,14186
0.5379939209726444,14187
0.5386949924127465,14188
0.5378787878787878,14189
0.5385779122541604,14190
0.5392749244712991,14191
0.5384615384615384,14192
0.5376506024096386,14193
0.5368421052631579,14194
0.536036036036036,14195
0.5352323838080959,14196
0.5359281437125748,14197
0.5366218236173393,14198
0.5373134328358209,14199
0.5365126676602087,14200
0.5372023809523809,14201
0.537890044576523,14202
0.5370919881305638,14203
0.5362962962962963,14204
0.5369822485207101,14205
0.5376661742983752,14206
0.5383480825958702,14207
0.5375552282768777,14208
0.5367647058823529,14209
0.5374449339207048,14210
0.5381231671554252,14211
0.5387994143484627,14212
0.5380116959064327,14213
0.5386861313868613,14214
0.5379008746355685,14215
0.537117903930131,14216
0.5363372093023255,14217
0.5370101596516691,14218
0.5362318840579711,14219
0.5369030390738061,14220
0.5361271676300579,14221
0.5367965367965368,14222
0.537463976945245,14223
0.5366906474820143,14224
0.5359195402298851,14225
0.5365853658536586,14226
0.5372492836676218,14227
0.5364806866952789,14228
0.5371428571428571,14229
0.5378031383737518,14230
0.5370370370370371,14231
0.5376955903271693,14232
0.5369318181818182,14233
0.5361702127659574,14234
0.5354107648725213,14235
0.5346534653465347,14236
0.5353107344632768,14237
0.5345557122708039,14238
0.5352112676056338,14239
0.5344585091420534,14240
0.5351123595505618,14241
0.5357643758765779,14242
0.5350140056022409,14243
0.5342657342657343,14244
0.5335195530726257,14245
0.5341701534170153,14246
0.5334261838440112,14247
0.5340751043115438,14248
0.5347222222222222,14249
0.5339805825242718,14250
0.5346260387811634,14251
0.5352697095435685,14252
0.5345303867403315,14253
0.5337931034482759,14254
0.5344352617079889,14255
0.5337001375515819,14256
0.5343406593406593,14257
0.5349794238683128,14258
0.5342465753424658,14259
0.5348837209302325,14260
0.5341530054644809,14261
0.5347885402455662,14262
0.5340599455040872,14263
0.5346938775510204,14264
0.5353260869565217,14265
0.5359565807327001,14266
0.535230352303523,14267
0.5358592692828146,14268
0.5364864864864864,14269
0.5371120107962213,14270
0.5363881401617251,14271
0.5356662180349933,14272
0.5362903225806451,14273
0.5369127516778524,14274
0.5375335120643432,14275
0.5381526104417671,14276
0.5374331550802139,14277
0.5380507343124166,14278
0.5373333333333333,14279
0.5366178428761651,14280
0.535904255319149,14281
0.5365205843293492,14282
0.5371352785145889,14283
0.5364238410596026,14284
0.5370370370370371,14285
0.5363276089828269,14286
0.5369393139841688,14287
0.5375494071146245,14288
0.5381578947368421,14289
0.5374507227332457,14290
0.5380577427821522,14291
0.5373525557011796,14292
0.5379581151832461,14293
0.538562091503268,14294
0.5378590078328982,14295
0.5384615384615384,14296
0.5377604166666666,14297
0.5370611183355006,14298
0.5376623376623376,14299
0.5382619974059663,14300
0.5375647668393783,14301
0.538163001293661,14302
0.5387596899224806,14303
0.5393548387096774,14304
0.5399484536082474,14305
0.5392535392535392,14306
0.5398457583547558,14307
0.540436456996149,14308
0.541025641025641,14309
0.5403329065300896,14310
0.540920716112532,14311
0.5402298850574713,14312
0.5395408163265306,14313
0.5401273885350318,14314
0.539440203562341,14315
0.5387547649301143,14316
0.5380710659898477,14317
0.5386565272496832,14318
0.5392405063291139,14319
0.538558786346397,14320
0.5378787878787878,14321
0.5372005044136192,14322
0.5365239294710328,14323
0.5371069182389937,14324
0.5376884422110553,14325
0.5382685069008782,14326
0.5388471177944862,14327
0.5381727158948686,14328
0.5375,14329
0.5368289637952559,14330
0.5374064837905237,14331
0.5379825653798257,14332
0.5373134328358209,14333
0.537888198757764,14334
0.5372208436724566,14335
0.5365551425030979,14336
0.5358910891089109,14337
0.5352286773794809,14338
0.5358024691358024,14339
0.5351418002466092,14340
0.5344827586206896,14341
0.5338253382533825,14342
0.5331695331695332,14343
0.5325153374233129,14344
0.5318627450980392,14345
0.5312117503059975,14346
0.5317848410757946,14347
0.5311355311355311,14348
0.5317073170731708,14349
0.5310596833130329,14350
0.5304136253041363,14351
0.5309842041312273,14352
0.5303398058252428,14353
0.5296969696969697,14354
0.5290556900726392,14355
0.528415961305925,14356
0.5277777777777778,14357
0.5271411338962606,14358
0.5277108433734939,14359
0.5282791817087846,14360
0.5288461538461539,14361
0.5294117647058824,14362
0.5299760191846523,14363
0.5305389221556887,14364
0.5311004784688995,14365
0.5304659498207885,14366
0.5298329355608592,14367
0.5303933253873659,14368
0.530952380952381,14369
0.5315101070154578,14370
0.5320665083135392,14371
0.5326215895610913,14372
0.5319905213270142,14373
0.5325443786982249,14374
0.5319148936170213,14375
0.5324675324675324,14376
0.5330188679245284,14377
0.5335689045936396,14378
0.5341176470588235,14379
0.5334900117508813,14380
0.534037558685446,14381
0.5334114888628371,14382
0.5339578454332553,14383
0.5333333333333333,14384
0.5338785046728972,14385
0.5332555425904317,14386
0.5326340326340326,14387
0.5331781140861467,14388
0.5325581395348837,14389
0.5319396051103368,14390
0.5324825986078886,14391
0.5318655851680185,14392
0.5324074074074074,14393
0.5329479768786127,14394
0.5323325635103926,14395
0.532871972318339,14396
0.533410138248848,14397
0.5327963176064442,14398
0.532183908045977,14399
0.5327210103329506,14400
0.533256880733945,14401
0.5337915234822451,14402
0.5331807780320366,14403
0.5337142857142857,14404
0.5342465753424658,14405
0.5347776510832383,14406
0.5353075170842825,14407
0.5358361774744027,14408
0.5363636363636364,14409
0.5368898978433598,14410
0.536281179138322,14411
0.5368063420158551,14412
0.5361990950226244,14413
0.536723163841808,14414
0.536117381489842,14415
0.5355129650507328,14416
0.536036036036036,14417
0.5365579302587177,14418
0.5370786516853933,14419
0.5364758698092031,14420
0.5369955156950673,14421
0.5375139977603584,14422
0.5369127516778524,14423
0.5374301675977654,14424
0.5379464285714286,14425
0.5384615384615384,14426
0.5389755011135857,14427
0.5383759733036707,14428
0.5388888888888889,14429
0.5394006659267481,14430
0.5388026607538803,14431
0.5393133997785161,14432
0.5398230088495575,14433
0.5403314917127072,14434
0.5408388520971302,14435
0.5402425578831312,14436
0.5407488986784141,14437
0.5412541254125413,14438
0.5406593406593406,14439
0.5411635565312843,14440
0.5416666666666666,14441
0.5410733844468785,14442
0.5415754923413567,14443
0.5409836065573771,14444
0.5403930131004366,14445
0.5398037077426391,14446
0.5392156862745098,14447
0.5386289445048966,14448
0.5380434782608695,14449
0.5374592833876222,14450
0.5379609544468547,14451
0.5373781148429035,14452
0.5378787878787878,14453
0.5372972972972972,14454
0.5377969762419006,14455
0.5382955771305286,14456
0.5387931034482759,14457
0.5392895586652314,14458
0.5387096774193548,14459
0.5392051557465092,14460
0.5396995708154506,14461
0.5391211146838156,14462
0.5396145610278372,14463
0.5401069518716578,14464
0.5395299145299145,14465
0.5389541088580576,14466
0.5383795309168443,14467
0.5388711395101171,14468
0.5382978723404256,14469
0.5377258235919234,14470
0.5382165605095541,14471
0.5387062566277837,14472
0.538135593220339,14473
0.5386243386243387,14474
0.5380549682875264,14475
0.5385427666314678,14476
0.5390295358649789,14477
0.5395152792413066,14478
0.5389473684210526,14479
0.5383806519453207,14480
0.5378151260504201,14481
0.5383001049317944,14482
0.5377358490566038,14483
0.5382198952879581,14484
0.5376569037656904,14485
0.5370950888192267,14486
0.5365344467640919,14487
0.5359749739311783,14488
0.5354166666666667,14489
0.5348595213319459,14490
0.5343035343035343,14491
0.5347871235721703,14492
0.5352697095435685,14493
0.5357512953367876,14494
0.5351966873706004,14495
0.5346432264736298,14496
0.5351239669421488,14497
0.5345717234262126,14498
0.534020618556701,14499
0.5345005149330587,14500
0.5349794238683128,14501
0.5344295991778006,14502
0.5349075975359343,14503
0.5343589743589744,14504
0.5348360655737705,14505
0.534288638689867,14506
0.5337423312883436,14507
0.5342185903983657,14508
0.5346938775510204,14509
0.5351681957186545,14510
0.5346232179226069,14511
0.5340793489318413,14512
0.5345528455284553,14513
0.534010152284264,14514
0.5334685598377282,14515
0.5329280648429585,14516
0.5334008097165992,14517
0.5338725985844287,14518
0.5343434343434343,14519
0.5348133198789102,14520
0.5352822580645161,14521
0.5347432024169184,14522
0.53420523138833,14523
0.5346733668341709,14524
0.535140562248996,14525
0.5346038114343029,14526
0.5350701402805611,14527
0.5355355355355356,14528
0.536,14529
0.5364635364635365,14530
0.5369261477045908,14531
0.5373878364905285,14532
0.5378486055776892,14533
0.5373134328358209,14534
0.5377733598409543,14535
0.5382323733862959,14536
0.5386904761904762,14537
0.5381565906838454,14538
0.5376237623762377,14539
0.5380811078140455,14540
0.5385375494071146,14541
0.5389930898321816,14542
0.5384615384615384,14543
0.5379310344827586,14544
0.5374015748031497,14545
0.5368731563421829,14546
0.5363457760314342,14547
0.535819430814524,14548
0.5362745098039216,14549
0.5367286973555337,14550
0.5371819960861057,14551
0.5376344086021505,14552
0.5380859375,14553
0.5375609756097561,14554
0.5380116959064327,14555
0.5384615384615384,14556
0.5389105058365758,14557
0.5393586005830904,14558
0.5388349514563107,14559
0.539282250242483,14560
0.5397286821705426,14561
0.5392061955469506,14562
0.5386847195357833,14563
0.5381642512077295,14564
0.5376447876447876,14565
0.5380906460945034,14566
0.5375722543352601,14567
0.5380173243503369,14568
0.5384615384615384,14569
0.5389048991354467,14570
0.5393474088291746,14571
0.5397890699904123,14572
0.5402298850574713,14573
0.5406698564593302,14574
0.5401529636711281,14575
0.5405921680993314,14576
0.541030534351145,14577
0.5414680648236415,14578
0.540952380952381,14579
0.5404376784015223,14580
0.5408745247148289,14581
0.5413105413105413,14582
0.5417457305502846,14583
0.5421800947867299,14584
0.5416666666666666,14585
0.5411542100283823,14586
0.5415879017013232,14587
0.5420207743153919,14588
0.5424528301886793,14589
0.5419415645617343,14590
0.5414312617702448,14591
0.541862652869238,14592
0.5413533834586466,14593
0.5417840375586854,14594
0.5422138836772983,14595
0.542642924086223,14596
0.5421348314606742,14597
0.5425631431244153,14598
0.5429906542056074,14599
0.5424836601307189,14600
0.5419776119402985,14601
0.5424044734389561,14602
0.542830540037244,14603
0.5432558139534883,14604
0.5436802973977695,14605
0.5431754874651811,14606
0.5435992578849722,14607
0.5430954587581094,14608
inf,14609
0.0,14610
0.5,14611
0.3333333333333333,14612
0.25,14613
0.4,14614
0.5,14615
0.5714285714285714,14616
0.625,14617
0.5555555555555556,14618
0.6,14619
0.5454545454545454,14620
0.5833333333333334,14621
0.5384615384615384,14622
0.5714285714285714,14623
0.6,14624
0.625,14625
0.5882352941176471,14626
0.5555555555555556,14627
0.5789473684210527,14628
0.6,14629
0.6190476190476191,14630
0.5909090909090909,14631
0.5652173913043478,14632
0.5416666666666666,14633
0.52,14634
0.5384615384615384,14635
0.5185185185185185,14636
0.5357142857142857,14637
0.5172413793103449,14638
0.5333333333333333,14639
0.5483870967741935,14640
0.53125,14641
0.5454545454545454,14642
0.5588235294117647,14643
0.5714285714285714,14644
0.5555555555555556,14645
0.5405405405405406,14646
0.5263157894736842,14647
0.5128205128205128,14648
0.5,14649
0.5121951219512195,14650
0.5,14651
0.4883720930232558,14652
0.5,14653
0.5111111111111111,14654
0.5217391304347826,14655
0.5106382978723404,14656
0.5,14657
0.4897959183673469,14658
0.5,14659
0.5098039215686274,14660
0.5,14661
0.49056603773584906,14662
0.5,14663
0.4909090909090909,14664
0.48214285714285715,14665
0.49122807017543857,14666
0.4827586206896552,14667
0.4915254237288136,14668
0.48333333333333334,14669
0.47540983606557374,14670
0.46774193548387094,14671
0.47619047619047616,14672
0.46875,14673
0.46153846153846156,14674
0.4696969696969697,14675
0.4626865671641791,14676
0.45588235294117646,14677
0.463768115942029,14678
0.4714285714285714,14679
0.4788732394366197,14680
0.4861111111111111,14681
0.4931506849315068,14682
0.4864864864864865,14683
0.49333333333333335,14684
0.5,14685
0.5064935064935064,14686
0.5128205128205128,14687
0.5189873417721519,14688
0.525,14689
0.5185185185185185,14690
0.5121951219512195,14691
0.5060240963855421,14692
0.5,14693
0.5058823529411764,14694
0.5116279069767442,14695
0.5057471264367817,14696
0.5113636363636364,14697
0.5168539325842697,14698
0.5222222222222223,14699
0.5274725274725275,14700
0.5217391304347826,14701
0.5268817204301075,14702
0.5319148936170213,14703
0.5368421052631579,14704
0.53125,14705
0.5360824742268041,14706
0.5306122448979592,14707
0.5252525252525253,14708
0.52,14709
0.5247524752475248,14710
0.5294117647058824,14711
0.5339805825242718,14712
0.5384615384615384,14713
0.5428571428571428,14714
0.5377358490566038,14715
0.5327102803738317,14716
0.5370370370370371,14717
0.5412844036697247,14718
0.5363636363636364,14719
0.5405405405405406,14720
0.5357142857142857,14721
0.5398230088495575,14722
0.543859649122807,14723
0.5478260869565217,14724
0.5431034482758621,14725
0.5470085470085471,14726
0.5423728813559322,14727
0.5378151260504201,14728
0.5416666666666666,14729
0.5371900826446281,14730
0.5327868852459017,14731
0.5284552845528455,14732
0.532258064516129,14733
0.536,14734
0.5396825396825397,14735
0.5354330708661418,14736
0.53125,14737
0.5271317829457365,14738
0.5230769230769231,14739
0.5190839694656488,14740
0.5227272727272727,14741
0.5263157894736842,14742
0.5298507462686567,14743
0.5333333333333333,14744
0.5294117647058824,14745
0.5328467153284672,14746
0.5362318840579711,14747
0.539568345323741,14748
0.5428571428571428,14749
0.5460992907801419,14750
0.5422535211267606,14751
0.5454545454545454,14752
0.5416666666666666,14753
0.5448275862068965,14754
0.541095890410959,14755
0.54421768707483,14756
0.5472972972972973,14757
0.5436241610738255,14758
0.5466666666666666,14759
0.5496688741721855,14760
0.5526315789473685,14761
0.5555555555555556,14762
0.551948051948052,14763
0.5548387096774193,14764
0.5576923076923077,14765
0.554140127388535,14766
0.5569620253164557,14767
0.559748427672956,14768
0.5625,14769
0.5652173913043478,14770
0.5679012345679012,14771
0.5705521472392638,14772
0.5670731707317073,14773
0.5636363636363636,14774
0.5662650602409639,14775
0.562874251497006,14776
0.5595238095238095,14777
0.5562130177514792,14778
0.5529411764705883,14779
0.5555555555555556,14780
0.5523255813953488,14781
0.5491329479768786,14782
0.5459770114942529,14783
0.5485714285714286,14784
0.5511363636363636,14785
0.5480225988700564,14786
0.5449438202247191,14787
0.5418994413407822,14788
0.5388888888888889,14789
0.5414364640883977,14790
0.5439560439560439,14791
0.546448087431694,14792
0.5489130434782609,14793
0.5513513513513514,14794
0.553763440860215,14795
0.5508021390374331,14796
0.5531914893617021,14797
0.5555555555555556,14798
0.5526315789473685,14799
0.5497382198952879,14800
0.546875,14801
0.5492227979274611,14802
0.5515463917525774,14803
0.5487179487179488,14804
0.5459183673469388,14805
0.5482233502538071,14806
0.5505050505050505,14807
0.5477386934673367,14808
0.55,14809
0.5522388059701493,14810
0.5544554455445545,14811
0.5517241379310345,14812
0.5490196078431373,14813
0.551219512195122,14814
0.5533980582524272,14815
0.5507246376811594,14816
0.5480769230769231,14817
0.5502392344497608,14818
0.5523809523809524,14819
0.5545023696682464,14820
0.5518867924528302,14821
0.5539906103286385,14822
0.5560747663551402,14823
0.5581395348837209,14824
0.5601851851851852,14825
0.5622119815668203,14826
0.5642201834862385,14827
0.5662100456621004,14828
0.5681818181818182,14829
0.5656108597285068,14830
0.5675675675675675,14831
0.5695067264573991,14832
0.5669642857142857,14833
0.5688888888888889,14834
0.5707964601769911,14835
0.5726872246696035,14836
0.5701754385964912,14837
0.5720524017467249,14838
0.5739130434782609,14839
0.5714285714285714,14840
0.5689655172413793,14841
0.5708154506437768,14842
0.5726495726495726,14843
0.574468085106383,14844
0.576271186440678,14845
0.5780590717299579,14846
0.5756302521008403,14847
0.5774058577405857,14848
0.575,14849
0.5767634854771784,14850
0.5785123966942148,14851
0.5802469135802469,14852
0.5819672131147541,14853
0.5836734693877551,14854
0.5853658536585366,14855
0.5870445344129555,14856
0.5887096774193549,14857
0.5903614457831325,14858
0.592,14859
0.5896414342629482,14860
0.5912698412698413,14861
0.5889328063241107,14862
0.5866141732283464,14863
0.5843137254901961,14864
0.58203125,14865
0.5836575875486382,14866
0.5813953488372093,14867
0.583011583011583,14868
0.5846153846153846,14869
0.5823754789272031,14870
0.5801526717557252,14871
0.5779467680608364,14872
0.5795454545454546,14873
0.5811320754716981,14874
0.5789473684210527,14875
0.5805243445692884,14876
0.582089552238806,14877
0.5799256505576208,14878
0.5814814814814815,14879
0.5830258302583026,14880
0.5808823529411765,14881
0.5824175824175825,14882
0.583941605839416,14883
0.5818181818181818,14884
0.5797101449275363,14885
0.5776173285198556,14886
0.5755395683453237,14887
0.5734767025089605,14888
0.5714285714285714,14889
0.5729537366548043,14890
0.5709219858156028,14891
0.568904593639576,14892
0.5704225352112676,14893
0.5719298245614035,14894
0.5699300699300699,14895
0.5679442508710801,14896
0.5694444444444444,14897
0.5674740484429066,14898
0.5655172413793104,14899
0.5670103092783505,14900
0.5684931506849316,14901
0.5665529010238908,14902
0.564625850340136,14903
0.5661016949152542,14904
0.5675675675675675,14905
0.5656565656565656,14906
0.5637583892617449,14907
0.5618729096989966,14908
0.5633333333333334,14909
0.5647840531561462,14910
0.5629139072847682,14911
0.5610561056105611,14912
0.5592105263157895,14913
0.5573770491803278,14914
0.5588235294117647,14915
0.5570032573289903,14916
0.5584415584415584,14917
0.5598705501618123,14918
0.5612903225806452,14919
0.5627009646302251,14920
0.5608974358974359,14921
0.5623003194888179,14922
0.5636942675159236,14923
0.5650793650793651,14924
0.5632911392405063,14925
0.5646687697160884,14926
0.5628930817610063,14927
0.5611285266457681,14928
0.5625,14929
0.5607476635514018,14930
0.5590062111801242,14931
0.5603715170278638,14932
0.558641975308642,14933
0.556923076923077,14934
0.558282208588957,14935
0.5596330275229358,14936
0.5579268292682927,14937
0.5592705167173252,14938
0.5606060606060606,14939
0.5589123867069486,14940
0.5602409638554217,14941
0.5615615615615616,14942
0.5598802395209581,14943
0.5611940298507463,14944
0.5595238095238095,14945
0.5608308605341247,14946
0.5591715976331361,14947
0.56047197640118,14948
0.5588235294117647,14949
0.5571847507331378,14950
0.5555555555555556,14951
0.5568513119533528,14952
0.5552325581395349,14953
0.553623188405797,14954
0.5520231213872833,14955
0.553314121037464,14956
0.5517241379310345,14957
0.5530085959885387,14958
0.5514285714285714,14959
0.5527065527065527,14960
0.5511363636363636,14961
0.5524079320113314,14962
0.5508474576271186,14963
0.5521126760563381,14964
0.5533707865168539,14965
0.5546218487394958,14966
0.553072625698324,14967
0.5515320334261838,14968
0.55,14969
0.5484764542936288,14970
0.5497237569060773,14971
0.5509641873278237,14972
0.5494505494505495,14973
0.547945205479452,14974
0.5491803278688525,14975
0.5504087193460491,14976
0.5516304347826086,14977
0.5528455284552846,14978
0.5513513513513514,14979
0.5498652291105122,14980
0.5483870967741935,14981
0.5495978552278821,14982
0.5481283422459893,14983
0.5466666666666666,14984
0.5478723404255319,14985
0.5464190981432361,14986
0.5476190476190477,14987
0.5488126649076517,14988
0.55,14989
0.5485564304461942,14990
0.5497382198952879,14991
0.5483028720626631,14992
0.546875,14993
0.548051948051948,14994
0.5466321243523317,14995
0.5452196382428941,14996
0.5463917525773195,14997
0.5475578406169666,14998
0.5487179487179488,14999
0.5498721227621484,15000
0.548469387755102,15001
0.549618320610687,15002
0.550761421319797,15003
0.5518987341772152,15004
0.5505050505050505,15005
0.5516372795969773,15006
0.5527638190954773,15007
0.5513784461152882,15008
0.55,15009
0.5511221945137157,15010
0.5497512437810945,15011
0.5483870967741935,15012
0.5495049504950495,15013
0.5506172839506173,15014
0.5517241379310345,15015
0.5528255528255528,15016
0.5514705882352942,15017
0.5525672371638142,15018
0.5536585365853659,15019
0.5523114355231143,15020
0.5533980582524272,15021
0.5520581113801453,15022
0.5531400966183575,15023
0.5518072289156627,15024
0.5504807692307693,15025
0.5515587529976019,15026
0.5526315789473685,15027
0.5513126491646778,15028
0.55,15029
0.5510688836104513,15030
0.5497630331753555,15031
0.5484633569739953,15032
0.5495283018867925,15033
0.548235294117647,15034
0.5469483568075117,15035
0.5480093676814989,15036
0.5467289719626168,15037
0.5477855477855478,15038
0.5488372093023256,15039
0.5498839907192575,15040
0.5509259259259259,15041
0.5496535796766744,15042
0.5483870967741935,15043
0.5494252873563218,15044
0.5481651376146789,15045
0.5469107551487414,15046
0.545662100456621,15047
0.5444191343963554,15048
0.5431818181818182,15049
0.54421768707483,15050
0.5429864253393665,15051
0.5440180586907449,15052
0.545045045045045,15053
0.5438202247191011,15054
0.5448430493273543,15055
0.5458612975391499,15056
0.546875,15057
0.5478841870824054,15058
0.5466666666666666,15059
0.5476718403547672,15060
0.5464601769911505,15061
0.5474613686534217,15062
0.5484581497797357,15063
0.5494505494505495,15064
0.5482456140350878,15065
0.5470459518599562,15066
0.5458515283842795,15067
0.5468409586056645,15068
0.5478260869565217,15069
0.5488069414316703,15070
0.5497835497835498,15071
0.5485961123110151,15072
0.5495689655172413,15073
0.5505376344086022,15074
0.5493562231759657,15075
0.550321199143469,15076
0.5491452991452992,15077
0.5501066098081023,15078
0.548936170212766,15079
0.5498938428874734,15080
0.5508474576271186,15081
0.5496828752642706,15082
0.5506329113924051,15083
0.5494736842105263,15084
0.5504201680672269,15085
0.549266247379455,15086
0.5481171548117155,15087
0.5490605427974948,15088
0.5479166666666667,15089
0.5467775467775468,15090
0.5477178423236515,15091
0.5486542443064182,15092
0.5475206611570248,15093
0.5484536082474227,15094
0.5493827160493827,15095
0.5503080082135524,15096
0.5512295081967213,15097
0.5501022494887525,15098
0.5489795918367347,15099
0.5498981670061099,15100
0.5487804878048781,15101
0.5476673427991886,15102
0.5465587044534413,15103
0.5454545454545454,15104
0.5463709677419355,15105
0.545271629778672,15106
0.5461847389558233,15107
0.5450901803607214,15108
0.546,15109
0.5449101796407185,15110
0.5438247011952191,15111
0.5447316103379721,15112
0.5456349206349206,15113
0.5445544554455446,15114
0.5434782608695652,15115
0.5443786982248521,15116
0.5433070866141733,15117
0.5442043222003929,15118
0.5450980392156862,15119
0.5459882583170255,15120
0.544921875,15121
0.543859649122807,15122
0.5428015564202334,15123
0.541747572815534,15124
0.5406976744186046,15125
0.5415860735009671,15126
0.5424710424710425,15127
0.5433526011560693,15128
0.5442307692307692,15129
0.54510556621881,15130
0.5440613026819924,15131
0.5449330783938815,15132
0.5438931297709924,15133
0.5428571428571428,15134
0.5418250950570342,15135
0.5426944971537002,15136
0.5416666666666666,15137
0.5406427221172023,15138
0.539622641509434,15139
0.5404896421845574,15140
0.5394736842105263,15141
0.5403377110694184,15142
0.5411985018726592,15143
0.5401869158878505,15144
0.539179104477612,15145
0.5400372439478585,15146
0.5408921933085502,15147
0.5417439703153989,15148
0.5425925925925926,15149
0.5415896487985212,15150
0.5424354243542435,15151
0.5432780847145487,15152
0.5441176470588235,15153
0.544954128440367,15154
0.5439560439560439,15155
0.5429616087751371,15156
0.541970802919708,15157
0.5428051001821493,15158
0.5436363636363636,15159
0.5444646098003629,15160
0.5434782608695652,15161
0.5443037974683544,15162
0.5433212996389891,15163
0.5441441441441441,15164
0.5431654676258992,15165
0.5421903052064632,15166
0.5412186379928315,15167
0.5402504472271914,15168
0.5410714285714285,15169
0.5401069518716578,15170
0.5409252669039146,15171
0.5399644760213144,15172
0.5407801418439716,15173
0.5398230088495575,15174
0.5388692579505301,15175
0.5396825396825397,15176
0.5404929577464789,15177
0.5413005272407733,15178
0.5421052631578948,15179
0.542907180385289,15180
0.541958041958042,15181
0.5427574171029669,15182
0.5435540069686411,15183
0.542608695652174,15184
0.5416666666666666,15185
0.5407279029462738,15186
0.5415224913494809,15187
0.542314335060449,15188
0.5413793103448276,15189
0.5421686746987951,15190
0.5429553264604811,15191
0.5437392795883362,15192
0.5445205479452054,15193
0.5435897435897435,15194
0.5426621160409556,15195
0.5434412265758092,15196
0.54421768707483,15197
0.5449915110356537,15198
0.5440677966101695,15199
0.5431472081218274,15200
0.5422297297297297,15201
0.5430016863406408,15202
0.5437710437710438,15203
0.5445378151260504,15204
0.5453020134228188,15205
0.5443886097152428,15206
0.5434782608695652,15207
0.5442404006677797,15208
0.545,15209
0.5457570715474209,15210
0.5465116279069767,15211
0.5472636815920398,15212
0.5480132450331126,15213
0.5487603305785124,15214
0.5495049504950495,15215
0.5485996705107083,15216
0.5493421052631579,15217
0.548440065681445,15218
0.5491803278688525,15219
0.5482815057283142,15220
0.5473856209150327,15221
0.5464926590538336,15222
0.5472312703583062,15223
0.5463414634146342,15224
0.5454545454545454,15225
0.546191247974068,15226
0.5469255663430421,15227
0.5460420032310178,15228
0.5467741935483871,15229
0.5475040257648953,15230
0.5482315112540193,15231
0.5473515248796148,15232
0.5480769230769231,15233
0.5472,15234
0.547923322683706,15235
0.5470494417862839,15236
0.5461783439490446,15237
0.5453100158982512,15238
0.546031746031746,15239
0.5467511885895404,15240
0.5474683544303798,15241
0.5481832543443917,15242
0.5488958990536278,15243
0.5496062992125984,15244
0.5487421383647799,15245
0.5478806907378336,15246
0.5470219435736677,15247
0.5477308294209703,15248
0.546875,15249
0.5460218408736349,15250
0.5451713395638629,15251
0.5458786936236392,15252
0.5450310559006211,15253
0.5441860465116279,15254
0.544891640866873,15255
0.5455950540958269,15256
0.5447530864197531,15257
0.5454545454545454,15258
0.5446153846153846,15259
0.5453149001536098,15260
0.5460122699386503,15261
0.5467075038284839,15262
0.5474006116207951,15263
0.5480916030534351,15264
0.5472560975609756,15265
0.547945205479452,15266
0.5486322188449848,15267
0.5477996965098634,15268
0.546969696969697,15269
0.5476550680786687,15270
0.5468277945619335,15271
0.5460030165912518,15272
0.5466867469879518,15273
0.5473684210526316,15274
0.5480480480480481,15275
0.5487256371814093,15276
0.5494011976047904,15277
0.5485799701046338,15278
0.5492537313432836,15279
0.5499254843517138,15280
0.5491071428571429,15281
0.5482912332838039,15282
0.5474777448071216,15283
0.5466666666666666,15284
0.5473372781065089,15285
0.5465288035450517,15286
0.5471976401179941,15287
0.5463917525773195,15288
0.5470588235294118,15289
0.5462555066079295,15290
0.5469208211143695,15291
0.5461200585651538,15292
0.5467836257309941,15293
0.545985401459854,15294
0.5451895043731778,15295
0.5458515283842795,15296
0.5465116279069767,15297
0.5471698113207547,15298
0.5478260869565217,15299
0.548480463096961,15300
0.5491329479768786,15301
0.5497835497835498,15302
0.5489913544668588,15303
0.5482014388489208,15304
0.5488505747126436,15305
0.5494978479196556,15306
0.5487106017191977,15307
0.547925608011445,15308
0.5485714285714286,15309
0.5492154065620543,15310
0.5498575498575499,15311
0.5490753911806543,15312
0.5497159090909091,15313
0.550354609929078,15314
0.5495750708215298,15315
0.5487977369165488,15316
0.5494350282485876,15317
0.5486600846262342,15318
0.547887323943662,15319
0.5485232067510548,15320
0.5491573033707865,15321
0.5483870967741935,15322
0.5476190476190477,15323
0.5468531468531469,15324
0.5460893854748603,15325
0.5453277545327755,15326
0.5459610027855153,15327
0.5465924895688457,15328
0.5472222222222223,15329
0.5478502080443828,15330
0.5470914127423823,15331
0.5463347164591977,15332
0.5469613259668509,15333
0.5475862068965517,15334
0.5482093663911846,15335
0.5488308115543329,15336
0.5494505494505495,15337
0.5486968449931413,15338
0.5493150684931507,15339
0.5499316005471956,15340
0.5491803278688525,15341
0.548431105047749,15342
0.5490463215258855,15343
0.5496598639455782,15344
0.5502717391304348,15345
0.5508819538670285,15346
0.551490514905149,15347
0.550744248985115,15348
0.5513513513513514,15349
0.5519568151147098,15350
0.5512129380053908,15351
0.5518169582772544,15352
0.5524193548387096,15353
0.5516778523489932,15354
0.5522788203753352,15355
0.5528781793842035,15356
0.553475935828877,15357
0.5540720961281709,15358
0.5533333333333333,15359
0.5525965379494008,15360
0.5531914893617021,15361
0.5524568393094289,15362
0.553050397877984,15363
0.5536423841059602,15364
0.5542328042328042,15365
0.5548216644649934,15366
0.5554089709762533,15367
0.5559947299077734,15368
0.5552631578947368,15369
0.5558475689881734,15370
0.5564304461942258,15371
0.5570117955439057,15372
0.5575916230366492,15373
0.5568627450980392,15374
0.5574412532637075,15375
0.5580182529335072,15376
0.55859375,15377
0.5578673602080624,15378
0.5584415584415584,15379
0.5590142671854734,15380
0.5582901554404145,15381
0.5575679172056921,15382
0.5568475452196382,15383
0.5574193548387096,15384
0.5579896907216495,15385
0.5585585585585585,15386
0.5591259640102828,15387
0.558408215661104,15388
0.5576923076923077,15389
0.558258642765685,15390
0.5575447570332481,15391
0.5568326947637292,15392
0.5573979591836735,15393
0.5579617834394904,15394
0.5585241730279898,15395
0.5578144853875476,15396
0.5571065989847716,15397
0.5564005069708492,15398
0.5556962025316455,15399
0.5562579013906448,15400
0.5568181818181818,15401
0.5561160151324086,15402
0.5554156171284634,15403
0.5547169811320755,15404
0.5540201005025126,15405
0.5533249686323714,15406
0.5538847117794486,15407
0.5544430538172715,15408
0.55375,15409
0.5530586766541823,15410
0.5536159600997507,15411
0.5541718555417185,15412
0.554726368159204,15413
0.5540372670807453,15414
0.5533498759305211,15415
0.5526641883519207,15416
0.551980198019802,15417
0.5512978986402967,15418
0.5506172839506173,15419
0.5499383477188656,15420
0.5504926108374384,15421
0.5510455104551045,15422
0.5515970515970516,15423
0.5521472392638037,15424
0.5526960784313726,15425
0.5520195838433293,15426
0.5513447432762836,15427
0.5518925518925519,15428
0.552439024390244,15429
0.5529841656516443,15430
0.5523114355231143,15431
0.551640340218712,15432
0.5521844660194175,15433
0.5515151515151515,15434
0.5520581113801453,15435
0.5525997581620314,15436
0.5519323671497585,15437
0.5512665862484921,15438
0.5518072289156627,15439
0.5511432009626955,15440
0.5516826923076923,15441
0.5522208883553421,15442
0.5515587529976019,15443
0.5520958083832336,15444
0.5514354066985646,15445
0.5507765830346476,15446
0.5513126491646778,15447
0.5518474374255066,15448
0.5511904761904762,15449
0.5517241379310345,15450
0.5522565320665083,15451
0.5527876631079478,15452
0.5533175355450237,15453
0.5526627218934911,15454
0.5520094562647754,15455
0.551357733175915,15456
0.5507075471698113,15457
0.5512367491166078,15458
0.5505882352941176,15459
0.5511163337250293,15460
0.5516431924882629,15461
0.552168815943728,15462
0.5526932084309133,15463
0.5532163742690058,15464
0.552570093457944,15465
0.5530921820303384,15466
0.5536130536130536,15467
0.5529685681024447,15468
0.5534883720930233,15469
0.554006968641115,15470
0.5545243619489559,15471
0.5550405561993047,15472
0.5543981481481481,15473
0.5549132947976878,15474
0.5542725173210161,15475
0.5536332179930796,15476
0.5529953917050692,15477
0.5535097813578826,15478
0.5540229885057472,15479
0.5545350172215844,15480
0.5538990825688074,15481
0.5532646048109966,15482
0.5526315789473685,15483
0.552,15484
0.5525114155251142,15485
0.5518814139110604,15486
0.55125284738041,15487
0.5517633674630261,15488
0.5511363636363636,15489
0.5505107832009081,15490
0.5498866213151927,15491
0.549263873159683,15492
0.5486425339366516,15493
0.5480225988700564,15494
0.5485327313769752,15495
0.5490417136414881,15496
0.5484234234234234,15497
0.547806524184477,15498
0.5483146067415731,15499
0.547699214365881,15500
0.547085201793722,15501
0.5475923852183651,15502
0.5469798657718121,15503
0.5463687150837989,15504
0.546875,15505
0.5462653288740246,15506
0.5467706013363028,15507
0.5461624026696329,15508
0.5466666666666666,15509
0.5460599334073252,15510
0.5454545454545454,15511
0.5459579180509413,15512
0.5464601769911505,15513
0.5469613259668509,15514
0.5463576158940397,15515
0.545755237045204,15516
0.5451541850220264,15517
0.5445544554455446,15518
0.5439560439560439,15519
0.5433589462129528,15520
0.543859649122807,15521
0.5432639649507119,15522
0.5426695842450766,15523
0.5431693989071038,15524
0.5436681222707423,15525
0.5430752453653217,15526
0.5424836601307189,15527
0.5429815016322089,15528
0.5423913043478261,15529
0.5428881650380022,15530
0.5422993492407809,15531
0.5417118093174431,15532
0.5422077922077922,15533
0.5427027027027027,15534
0.5431965442764579,15535
0.5436893203883495,15536
0.5441810344827587,15537
0.5435952637244349,15538
0.543010752688172,15539
0.5435016111707841,15540
0.5439914163090128,15541
0.5444801714898178,15542
0.5438972162740899,15543
0.5433155080213904,15544
0.5438034188034188,15545
0.544290288153682,15546
0.5437100213219617,15547
0.54419595314164,15548
0.5436170212765957,15549
0.5430393198724761,15550
0.5435244161358811,15551
0.5440084835630965,15552
0.5444915254237288,15553
0.544973544973545,15554
0.5443974630021141,15555
0.5438225976768744,15556
0.5432489451476793,15557
0.5437302423603794,15558
0.5442105263157895,15559
0.5436382754994742,15560
0.5441176470588235,15561
0.5445960125918153,15562
0.5450733752620545,15563
0.5455497382198953,15564
0.5460251046025104,15565
0.5464994775339603,15566
0.545929018789144,15567
0.5464025026068822,15568
0.546875,15569
0.5473465140478668,15570
0.5467775467775468,15571
0.5472481827622014,15572
0.5477178423236515,15573
0.5481865284974093,15574
0.5476190476190477,15575
0.5480868665977249,15576
0.5485537190082644,15577
0.5490196078431373,15578
0.5494845360824743,15579
0.5499485066941298,15580
0.5504115226337448,15581
0.5508735868448099,15582
0.5513347022587269,15583
0.5507692307692308,15584
0.5512295081967213,15585
0.5506653019447287,15586
0.5501022494887525,15587
0.5495403472931563,15588
0.55,15589
0.5494393476044852,15590
0.5498981670061099,15591
0.5493387589013224,15592
0.5487804878048781,15593
0.5492385786802031,15594
0.5496957403651116,15595
0.5501519756838906,15596
0.5495951417004049,15597
0.5490394337714863,15598
0.5484848484848485,15599
0.5479313824419778,15600
0.5473790322580645,15601
0.5468277945619335,15602
0.5472837022132797,15603
0.5467336683417086,15604
0.5471887550200804,15605
0.5466399197592778,15606
0.5470941883767535,15607
0.5475475475475475,15608
0.547,15609
0.5474525474525475,15610
0.5479041916167665,15611
0.5483549351944168,15612
0.548804780876494,15613
0.5482587064676617,15614
0.5487077534791253,15615
0.5491559086395233,15616
0.5496031746031746,15617
0.5490584737363726,15618
0.5485148514851486,15619
0.5489614243323442,15620
0.549407114624506,15621
0.5498519249753209,15622
0.5493096646942801,15623
0.548768472906404,15624
0.5482283464566929,15625
0.5476892822025565,15626
0.5481335952848723,15627
0.5475956820412169,15628
0.5480392156862746,15629
0.5484818805093046,15630
0.547945205479452,15631
0.5474095796676441,15632
0.546875,15633
0.5473170731707317,15634
0.5467836257309941,15635
0.5472249269717624,15636
0.546692607003891,15637
0.5471331389698737,15638
0.5466019417475728,15639
0.5460717749757517,15640
0.5455426356589147,15641
0.5450145208131656,15642
0.5444874274661509,15643
0.5449275362318841,15644
0.5453667953667953,15645
0.5448408871745419,15646
0.5452793834296724,15647
0.5447545717035611,15648
0.5451923076923076,15649
0.5456292026897214,15650
0.54510556621881,15651
0.5445829338446788,15652
0.5440613026819924,15653
0.5444976076555024,15654
0.5439770554493308,15655
0.5444126074498568,15656
0.5438931297709924,15657
0.5433746425166825,15658
0.5438095238095239,15659
0.544243577545195,15660
0.5446768060836502,15661
0.5451092117758785,15662
0.5455407969639469,15663
0.5450236966824644,15664
0.5454545454545454,15665
0.5458845789971618,15666
0.5463137996219282,15667
0.546742209631728,15668
0.5471698113207547,15669
0.5466540999057493,15670
0.5461393596986818,15671
0.5456255879586077,15672
0.5451127819548872,15673
0.5446009389671361,15674
0.5450281425891182,15675
0.5445173383317713,15676
0.5440074906367042,15677
0.5444340505144996,15678
0.5448598130841121,15679
0.5452847805788982,15680
0.5457089552238806,15681
0.5452003727865797,15682
0.5456238361266295,15683
0.546046511627907,15684
0.5464684014869888,15685
0.5459610027855153,15686
0.5454545454545454,15687
0.5458758109360519,15688
0.5462962962962963,15689
0.545790934320074,15690
0.5462107208872459,15691
0.5457063711911357,15692
0.5452029520295203,15693
0.5456221198156682,15694
0.5451197053406999,15695
0.5455381784728611,15696
0.5459558823529411,15697
0.5463728191000918,15698
0.5458715596330275,15699
0.5453712190650779,15700
0.5457875457875457,15701
0.5452881976212259,15702
0.5447897623400365,15703
0.5452054794520548,15704
0.5456204379562044,15705
0.5460346399270738,15706
0.546448087431694,15707
0.545950864422202,15708
0.5454545454545454,15709
0.5449591280653951,15710
0.5453720508166969,15711
0.5457842248413418,15712
0.5461956521739131,15713
0.5457013574660633,15714
0.5452079566003617,15715
0.5456187895212286,15716
0.5451263537906137,15717
0.545536519386835,15718
0.545045045045045,15719
0.5454545454545454,15720
0.5449640287769785,15721
0.5444743935309974,15722
0.5439856373429084,15723
0.5443946188340807,15724
0.5448028673835126,15725
0.5452103849597135,15726
0.5456171735241503,15727
0.5460232350312779,15728
0.5455357142857142,15729
0.5450490633363069,15730
0.5445632798573975,15731
0.5449688334817453,15732
0.5453736654804271,15733
0.5457777777777778,15734
0.5461811722912966,15735
0.5456965394853593,15736
0.5460992907801419,15737
0.545615589016829,15738
0.5460176991150443,15739
0.5464190981432361,15740
0.5468197879858657,15741
0.5463371579876434,15742
0.5458553791887125,15743
0.5453744493392071,15744
0.5448943661971831,15745
0.544415127528584,15746
0.5439367311072056,15747
0.543459174714662,15748
0.5429824561403509,15749
0.5425065731814198,15750
0.542907180385289,15751
0.5424321959755031,15752
0.541958041958042,15753
0.5423580786026201,15754
0.5427574171029669,15755
0.5431560592850916,15756
0.5435540069686411,15757
0.5430809399477807,15758
0.5434782608695652,15759
0.5430060816681147,15760
0.5425347222222222,15761
0.5429314830875975,15762
0.5424610051993067,15763
0.5428571428571428,15764
0.5423875432525952,15765
0.5419187554019015,15766
0.542314335060449,15767
0.5418464193270061,15768
0.5422413793103448,15769
0.5426356589147286,15770
0.5421686746987951,15771
0.5425623387790198,15772
0.5420962199312714,15773
0.542489270386266,15774
0.5428816466552315,15775
0.5424164524421594,15776
0.5419520547945206,15777
0.542343883661249,15778
0.5427350427350427,15779
0.5422715627668659,15780
0.5418088737201365,15781
0.5413469735720375,15782
0.540885860306644,15783
0.5404255319148936,15784
0.5408163265306123,15785
0.54035683942226,15786
0.5407470288624788,15787
0.5402883799830365,15788
0.5398305084745763,15789
0.5402201524132092,15790
0.5397631133671743,15791
0.5393068469991547,15792
0.5396959459459459,15793
0.540084388185654,15794
0.5404721753794266,15795
0.5408593091828138,15796
0.5404040404040404,15797
0.5407905803195963,15798
0.5411764705882353,15799
0.5415617128463476,15800
0.5419463087248322,15801
0.5414920368818106,15802
0.541038525963149,15803
0.5405857740585774,15804
0.5409698996655519,15805
0.5413533834586466,15806
0.5417362270450752,15807
0.5421184320266889,15808
0.5425,15809
0.5428809325562032,15810
0.543261231281198,15811
0.543640897755611,15812
0.5431893687707641,15813
0.5435684647302904,15814
0.543117744610282,15815
0.5434962717481359,15816
0.5438741721854304,15817
0.544251447477254,15818
0.543801652892562,15819
0.5433526011560693,15820
0.5437293729372937,15821
0.5432811211871393,15822
0.5436573311367381,15823
0.5440329218106996,15824
0.5444078947368421,15825
0.5439605587510271,15826
0.5443349753694581,15827
0.5438884331419196,15828
0.5434426229508197,15829
0.542997542997543,15830
0.5425531914893617,15831
0.5421095666394112,15832
0.5424836601307189,15833
0.5428571428571428,15834
0.5432300163132137,15835
0.5436022819885901,15836
0.5439739413680782,15837
0.5443449959316518,15838
inf,15839
1.0,15840
1.0,15841
1.0,15842
0.75,15843
0.8,15844
0.8333333333333334,15845
0.7142857142857143,15846
0.75,15847
0.6666666666666666,15848
0.7,15849
0.6363636363636364,15850
0.6666666666666666,15851
0.6923076923076923,15852
0.6428571428571429,15853
0.6,15854
0.5625,15855
0.5294117647058824,15856
0.5555555555555556,15857
0.5263157894736842,15858
0.5,15859
0.5238095238095238,15860
0.5,15861
0.5217391304347826,15862
0.5416666666666666,15863
0.52,15864
0.5,15865
0.5185185185185185,15866
0.5,15867
0.5172413793103449,15868
0.5333333333333333,15869
0.5161290322580645,15870
0.53125,15871
0.5454545454545454,15872
0.5588235294117647,15873
0.5428571428571428,15874
0.5277777777777778,15875
0.5135135135135135,15876
0.5263157894736842,15877
0.5128205128205128,15878
0.525,15879
0.5121951219512195,15880
0.5,15881
0.4883720930232558,15882
0.5,15883
0.5111111111111111,15884
0.5217391304347826,15885
0.5319148936170213,15886
0.5208333333333334,15887
0.5102040816326531,15888
0.52,15889
0.5294117647058824,15890
0.5384615384615384,15891
0.5471698113207547,15892
0.5555555555555556,15893
0.5636363636363636,15894
0.5714285714285714,15895
0.5614035087719298,15896
0.5689655172413793,15897
0.576271186440678,15898
0.5833333333333334,15899
0.5901639344262295,15900
0.5967741935483871,15901
0.6031746031746031,15902
0.609375,15903
0.6,15904
0.6060606060606061,15905
0.5970149253731343,15906
0.6029411764705882,15907
0.5942028985507246,15908
0.6,15909
0.6056338028169014,15910
0.6111111111111112,15911
0.6164383561643836,15912
0.6216216216216216,15913
0.6266666666666667,15914
0.618421052631579,15915
0.6103896103896104,15916
0.6025641025641025,15917
0.5949367088607594,15918
0.6,15919
0.5925925925925926,15920
0.5853658536585366,15921
0.5903614457831325,15922
0.5952380952380952,15923
0.5882352941176471,15924
0.5930232558139535,15925
0.5977011494252874,15926
0.6022727272727273,15927
0.6067415730337079,15928
0.6111111111111112,15929
0.6153846153846154,15930
0.6195652173913043,15931
0.6236559139784946,15932
0.6276595744680851,15933
0.6210526315789474,15934
0.625,15935
0.6288659793814433,15936
0.6326530612244898,15937
0.6363636363636364,15938
0.64,15939
0.6336633663366337,15940
0.6274509803921569,15941
0.6310679611650486,15942
0.6346153846153846,15943
0.6285714285714286,15944
0.6320754716981132,15945
0.6355140186915887,15946
0.6296296296296297,15947
0.6330275229357798,15948
0.6363636363636364,15949
0.6306306306306306,15950
0.6339285714285714,15951
0.6283185840707964,15952
0.631578947368421,15953
0.6347826086956522,15954
0.6293103448275862,15955
0.6239316239316239,15956
0.6186440677966102,15957
0.6218487394957983,15958
0.6166666666666667,15959
0.6115702479338843,15960
0.6065573770491803,15961
0.6097560975609756,15962
0.6129032258064516,15963
0.616,15964
0.6111111111111112,15965
0.6141732283464567,15966
0.609375,15967
0.6124031007751938,15968
0.6076923076923076,15969
0.6030534351145038,15970
0.6060606060606061,15971
0.6090225563909775,15972
0.6119402985074627,15973
0.6148148148148148,15974
0.6176470588235294,15975
0.6131386861313869,15976
0.6086956521739131,15977
0.60431654676259,15978
0.6,15979
0.6028368794326241,15980
0.6056338028169014,15981
0.6013986013986014,15982
0.6041666666666666,15983
0.6068965517241379,15984
0.6095890410958904,15985
0.6122448979591837,15986
0.6081081081081081,15987
0.6040268456375839,15988
0.6,15989
0.6026490066225165,15990
0.5986842105263158,15991
0.6013071895424836,15992
0.6038961038961039,15993
0.6064516129032258,15994
0.6089743589743589,15995
0.6050955414012739,15996
0.6012658227848101,15997
0.6037735849056604,15998
0.60625,15999
0.6024844720496895,16000
0.5987654320987654,16001
0.5950920245398773,16002
0.5914634146341463,16003
0.5878787878787879,16004
0.5903614457831325,16005
0.592814371257485,16006
0.5952380952380952,16007
0.591715976331361,16008
0.5882352941176471,16009
0.5906432748538012,16010
0.5872093023255814,16011
0.5895953757225434,16012
0.5919540229885057,16013
0.5942857142857143,16014
0.5909090909090909,16015
0.5932203389830508,16016
0.5955056179775281,16017
0.5977653631284916,16018
0.6,16019
0.6022099447513812,16020
0.6043956043956044,16021
0.6065573770491803,16022
0.6086956521739131,16023
0.6108108108108108,16024
0.6129032258064516,16025
0.6149732620320856,16026
0.6117021276595744,16027
0.6137566137566137,16028
0.6157894736842106,16029
0.612565445026178,16030
0.6145833333333334,16031
0.616580310880829,16032
0.6134020618556701,16033
0.6153846153846154,16034
0.6122448979591837,16035
0.6142131979695431,16036
0.6111111111111112,16037
0.6130653266331658,16038
0.61,16039
0.6069651741293532,16040
0.6089108910891089,16041
0.6108374384236454,16042
0.6078431372549019,16043
0.6048780487804878,16044
0.6067961165048543,16045
0.6086956521739131,16046
0.6057692307692307,16047
0.6076555023923444,16048
0.6095238095238096,16049
0.6066350710900474,16050
0.6084905660377359,16051
0.6056338028169014,16052
0.6074766355140186,16053
0.6093023255813953,16054
0.6064814814814815,16055
0.6082949308755761,16056
0.6055045871559633,16057
0.6027397260273972,16058
0.6,16059
0.6018099547511312,16060
0.5990990990990991,16061
0.600896860986547,16062
0.6026785714285714,16063
0.6044444444444445,16064
0.6061946902654868,16065
0.6079295154185022,16066
0.6052631578947368,16067
0.6026200873362445,16068
0.6,16069
0.6017316017316018,16070
0.603448275862069,16071
0.6051502145922747,16072
0.6068376068376068,16073
0.6085106382978723,16074
0.6059322033898306,16075
0.6033755274261603,16076
0.6050420168067226,16077
0.606694560669456,16078
0.6083333333333333,16079
0.6058091286307054,16080
0.6074380165289256,16081
0.6090534979423868,16082
0.6065573770491803,16083
0.6081632653061224,16084
0.6097560975609756,16085
0.611336032388664,16086
0.6129032258064516,16087
0.6144578313253012,16088
0.616,16089
0.6175298804780877,16090
0.6190476190476191,16091
0.616600790513834,16092
0.6181102362204725,16093
0.6196078431372549,16094
0.62109375,16095
0.6186770428015564,16096
0.6162790697674418,16097
0.6177606177606177,16098
0.6192307692307693,16099
0.6168582375478927,16100
0.6145038167938931,16101
0.6121673003802282,16102
0.6098484848484849,16103
0.6113207547169811,16104
0.6127819548872181,16105
0.6142322097378277,16106
0.6119402985074627,16107
0.6133828996282528,16108
0.6148148148148148,16109
0.6125461254612546,16110
0.6102941176470589,16111
0.6117216117216118,16112
0.6131386861313869,16113
0.6145454545454545,16114
0.6159420289855072,16115
0.6173285198555957,16116
0.6187050359712231,16117
0.6200716845878136,16118
0.6214285714285714,16119
0.6227758007117438,16120
0.6205673758865248,16121
0.6183745583038869,16122
0.6161971830985915,16123
0.6175438596491228,16124
0.6188811188811189,16125
0.6202090592334495,16126
0.6180555555555556,16127
0.6193771626297578,16128
0.6206896551724138,16129
0.6219931271477663,16130
0.6198630136986302,16131
0.6177474402730375,16132
0.6156462585034014,16133
0.6135593220338983,16134
0.6148648648648649,16135
0.6127946127946128,16136
0.6140939597315436,16137
0.6120401337792643,16138
0.61,16139
0.6112956810631229,16140
0.609271523178808,16141
0.6105610561056105,16142
0.6118421052631579,16143
0.6131147540983607,16144
0.6143790849673203,16145
0.6156351791530945,16146
0.6168831168831169,16147
0.6148867313915858,16148
0.6161290322580645,16149
0.6141479099678456,16150
0.6153846153846154,16151
0.6166134185303515,16152
0.6178343949044586,16153
0.6190476190476191,16154
0.620253164556962,16155
0.6214511041009464,16156
0.6226415094339622,16157
0.6238244514106583,16158
0.625,16159
0.6261682242990654,16160
0.6242236024844721,16161
0.6253869969040248,16162
0.6234567901234568,16163
0.6246153846153846,16164
0.6257668711656442,16165
0.6238532110091743,16166
0.625,16167
0.6261398176291794,16168
0.6242424242424243,16169
0.6253776435045317,16170
0.6234939759036144,16171
0.6246246246246246,16172
0.625748502994012,16173
0.6238805970149254,16174
0.625,16175
0.6231454005934718,16176
0.6242603550295858,16177
0.6224188790560472,16178
0.6235294117647059,16179
0.6217008797653959,16180
0.6198830409356725,16181
0.6180758017492711,16182
0.6191860465116279,16183
0.6173913043478261,16184
0.615606936416185,16185
0.6167146974063401,16186
0.617816091954023,16187
0.6160458452722063,16188
0.6142857142857143,16189
0.6153846153846154,16190
0.6136363636363636,16191
0.6147308781869688,16192
0.615819209039548,16193
0.6169014084507042,16194
0.6151685393258427,16195
0.6134453781512605,16196
0.611731843575419,16197
0.6100278551532033,16198
0.6083333333333333,16199
0.6094182825484764,16200
0.6077348066298343,16201
0.6060606060606061,16202
0.6071428571428571,16203
0.6082191780821918,16204
0.6092896174863388,16205
0.6103542234332425,16206
0.6114130434782609,16207
0.6124661246612466,16208
0.6135135135135135,16209
0.6145552560646901,16210
0.6155913978494624,16211
0.6166219839142091,16212
0.6149732620320856,16213
0.616,16214
0.6170212765957447,16215
0.6153846153846154,16216
0.6137566137566137,16217
0.6147757255936676,16218
0.6157894736842106,16219
0.6167979002624672,16220
0.6151832460732984,16221
0.6161879895561357,16222
0.6145833333333334,16223
0.6155844155844156,16224
0.616580310880829,16225
0.6175710594315246,16226
0.6185567010309279,16227
0.6195372750642674,16228
0.6205128205128205,16229
0.6214833759590793,16230
0.6198979591836735,16231
0.6183206106870229,16232
0.616751269035533,16233
0.6177215189873417,16234
0.6186868686868687,16235
0.6171284634760705,16236
0.6180904522613065,16237
0.6190476190476191,16238
0.62,16239
0.6209476309226932,16240
0.6218905472636815,16241
0.6228287841191067,16242
0.6237623762376238,16243
0.6246913580246913,16244
0.625615763546798,16245
0.6240786240786241,16246
0.6225490196078431,16247
0.6210268948655256,16248
0.6219512195121951,16249
0.6228710462287105,16250
0.6237864077669902,16251
0.6246973365617433,16252
0.6256038647342995,16253
0.6240963855421687,16254
0.625,16255
0.6235011990407674,16256
0.6220095693779905,16257
0.6205250596658711,16258
0.6190476190476191,16259
0.6175771971496437,16260
0.6184834123222749,16261
0.6193853427895981,16262
0.6179245283018868,16263
0.6188235294117647,16264
0.6173708920187794,16265
0.6182669789227166,16266
0.6191588785046729,16267
0.62004662004662,16268
0.6186046511627907,16269
0.617169373549884,16270
0.6157407407407407,16271
0.6166281755196305,16272
0.6175115207373272,16273
0.6160919540229886,16274
0.6146788990825688,16275
0.6132723112128147,16276
0.6141552511415526,16277
0.6150341685649203,16278
0.6136363636363636,16279
0.6145124716553289,16280
0.6153846153846154,16281
0.6139954853273137,16282
0.6148648648648649,16283
0.6157303370786517,16284
0.6165919282511211,16285
0.6174496644295302,16286
0.6160714285714286,16287
0.6146993318485523,16288
0.6133333333333333,16289
0.6119733924611973,16290
0.6106194690265486,16291
0.6114790286975718,16292
0.6101321585903083,16293
0.610989010989011,16294
0.6096491228070176,16295
0.6105032822757112,16296
0.611353711790393,16297
0.6122004357298475,16298
0.6130434782608696,16299
0.613882863340564,16300
0.6125541125541125,16301
0.6112311015118791,16302
0.6120689655172413,16303
0.610752688172043,16304
0.6115879828326181,16305
0.6124197002141327,16306
0.6111111111111112,16307
0.6098081023454158,16308
0.6106382978723405,16309
0.6093418259023354,16310
0.6080508474576272,16311
0.6088794926004228,16312
0.6075949367088608,16313
0.608421052631579,16314
0.6092436974789915,16315
0.610062893081761,16316
0.6108786610878661,16317
0.6096033402922756,16318
0.6083333333333333,16319
0.6070686070686071,16320
0.6078838174273858,16321
0.6066252587991718,16322
0.6053719008264463,16323
0.6041237113402061,16324
0.6049382716049383,16325
0.6057494866529775,16326
0.6065573770491803,16327
0.6053169734151329,16328
0.6040816326530613,16329
0.604887983706721,16330
0.6056910569105691,16331
0.6064908722109533,16332
0.6072874493927125,16333
0.6080808080808081,16334
0.6088709677419355,16335
0.607645875251509,16336
0.608433734939759,16337
0.6072144288577155,16338
0.608,16339
0.6087824351297405,16340
0.6095617529880478,16341
0.6083499005964215,16342
0.6071428571428571,16343
0.6079207920792079,16344
0.6067193675889329,16345
0.6074950690335306,16346
0.6062992125984252,16347
0.6070726915520629,16348
0.6078431372549019,16349
0.6086105675146771,16350
0.607421875,16351
0.6062378167641326,16352
0.6070038910505836,16353
0.6077669902912621,16354
0.6085271317829457,16355
0.6092843326885881,16356
0.61003861003861,16357
0.6088631984585742,16358
0.6096153846153847,16359
0.6103646833013435,16360
0.6111111111111112,16361
0.6118546845124283,16362
0.6125954198473282,16363
0.6133333333333333,16364
0.6121673003802282,16365
0.6129032258064516,16366
0.6136363636363636,16367
0.6143667296786389,16368
0.6150943396226415,16369
0.615819209039548,16370
0.6165413533834586,16371
0.6172607879924953,16372
0.6179775280898876,16373
0.616822429906542,16374
0.6175373134328358,16375
0.6163873370577281,16376
0.6152416356877324,16377
0.6159554730983302,16378
0.6148148148148148,16379
0.6136783733826248,16380
0.6125461254612546,16381
0.6114180478821363,16382
0.6102941176470589,16383
0.6091743119266055,16384
0.6098901098901099,16385
0.6106032906764168,16386
0.6113138686131386,16387
0.6102003642987249,16388
0.6090909090909091,16389
0.6098003629764065,16390
0.6105072463768116,16391
0.6094032549728752,16392
0.6101083032490975,16393
0.6108108108108108,16394
0.6097122302158273,16395
0.6104129263913824,16396
0.6111111111111112,16397
0.6118067978533095,16398
0.6125,16399
0.6114081996434938,16400
0.6120996441281139,16401
0.6127886323268206,16402
0.6117021276595744,16403
0.6123893805309735,16404
0.6113074204946997,16405
0.6119929453262787,16406
0.6126760563380281,16407
0.6133567662565905,16408
0.6140350877192983,16409
0.6129597197898424,16410
0.6118881118881119,16411
0.612565445026178,16412
0.6132404181184669,16413
0.6139130434782609,16414
0.6145833333333334,16415
0.6135181975736569,16416
0.6124567474048442,16417
0.6113989637305699,16418
0.6120689655172413,16419
0.6110154905335629,16420
0.6116838487972509,16421
0.6123499142367067,16422
0.6113013698630136,16423
0.611965811965812,16424
0.6126279863481229,16425
0.6115843270868825,16426
0.6105442176870748,16427
0.6112054329371817,16428
0.6101694915254238,16429
0.6091370558375635,16430
0.6081081081081081,16431
0.6087689713322091,16432
0.6094276094276094,16433
0.6084033613445378,16434
0.6073825503355704,16435
0.6063651591289783,16436
0.6053511705685619,16437
0.6060100166944908,16438
0.6066666666666667,16439
0.6056572379367721,16440
0.606312292358804,16441
0.6069651741293532,16442
0.6059602649006622,16443
0.6066115702479339,16444
0.6072607260726073,16445
0.6079077429983526,16446
0.6085526315789473,16447
0.6075533661740559,16448
0.6065573770491803,16449
0.6072013093289689,16450
0.6062091503267973,16451
0.6052202283849919,16452
0.6058631921824105,16453
0.6065040650406504,16454
0.6071428571428571,16455
0.6077795786061588,16456
0.6084142394822006,16457
0.6090468497576736,16458
0.6096774193548387,16459
0.6086956521739131,16460
0.6093247588424437,16461
0.6099518459069021,16462
0.6105769230769231,16463
0.6112,16464
0.610223642172524,16465
0.6092503987240829,16466
0.60828025477707,16467
0.6089030206677265,16468
0.6095238095238096,16469
0.6085578446909667,16470
0.6075949367088608,16471
0.608214849921011,16472
0.6088328075709779,16473
0.6078740157480315,16474
0.6084905660377359,16475
0.6075353218210361,16476
0.6065830721003135,16477
0.6056338028169014,16478
0.6046875,16479
0.6053042121684867,16480
0.6043613707165109,16481
0.6049766718506998,16482
0.6040372670807453,16483
0.6031007751937985,16484
0.6021671826625387,16485
0.6027820710973725,16486
0.6018518518518519,16487
0.6024653312788906,16488
0.6030769230769231,16489
0.6021505376344086,16490
0.6012269938650306,16491
0.6018376722817764,16492
0.6024464831804281,16493
0.601526717557252,16494
0.6021341463414634,16495
0.6027397260273972,16496
0.601823708206687,16497
0.6024279210925645,16498
0.603030303030303,16499
0.6021180030257186,16500
0.6012084592145015,16501
0.6018099547511312,16502
0.6009036144578314,16503
0.6,16504
0.6006006006006006,16505
0.6011994002998501,16506
0.6017964071856288,16507
0.600896860986547,16508
0.6014925373134329,16509
0.6020864381520119,16510
0.6011904761904762,16511
0.6017830609212481,16512
0.6008902077151336,16513
0.6014814814814815,16514
0.6005917159763313,16515
0.5997045790251108,16516
0.6002949852507374,16517
0.5994108983799705,16518
0.6,16519
0.6005873715124816,16520
0.5997067448680352,16521
0.6002928257686676,16522
0.6008771929824561,16523
0.6014598540145986,16524
0.6005830903790087,16525
0.5997088791848617,16526
0.6002906976744186,16527
0.5994194484760522,16528
0.6,16529
0.6005788712011577,16530
0.5997109826589595,16531
0.6002886002886003,16532
0.600864553314121,16533
0.6,16534
0.6005747126436781,16535
0.6011477761836442,16536
0.6002865329512894,16537
0.5994277539341917,16538
0.5985714285714285,16539
0.5977175463623395,16540
0.5982905982905983,16541
0.5988620199146515,16542
0.5994318181818182,16543
0.5985815602836879,16544
0.5991501416430595,16545
0.5997171145685997,16546
0.6002824858757062,16547
0.6008462623413258,16548
0.6014084507042253,16549
0.60056258790436,16550
0.601123595505618,16551
0.6002805049088359,16552
0.6008403361344538,16553
0.6,16554
0.5991620111731844,16555
0.599721059972106,16556
0.6002785515320335,16557
0.6008344923504868,16558
0.6013888888888889,16559
0.6019417475728155,16560
0.6024930747922438,16561
0.6016597510373444,16562
0.600828729281768,16563
0.6013793103448276,16564
0.6005509641873278,16565
0.5997248968363136,16566
0.6002747252747253,16567
0.6008230452674898,16568
0.6013698630136987,16569
0.600547195622435,16570
0.5997267759562842,16571
0.5989085948158254,16572
0.5980926430517711,16573
0.5986394557823129,16574
0.5991847826086957,16575
0.5997286295793759,16576
0.6002710027100271,16577
0.6008119079837618,16578
0.6,16579
0.5991902834008097,16580
0.5997304582210242,16581
0.6002691790040376,16582
0.6008064516129032,16583
0.6,16584
0.599195710455764,16585
0.5983935742971888,16586
0.5975935828877005,16587
0.5967957276368492,16588
0.5973333333333334,16589
0.5978695073235686,16590
0.598404255319149,16591
0.598937583001328,16592
0.5994694960212201,16593
0.6,16594
0.6005291005291006,16595
0.6010568031704095,16596
0.6015831134564644,16597
0.6007905138339921,16598
0.6,16599
0.5992115637319316,16600
0.5997375328083989,16601
0.598951507208388,16602
0.599476439790576,16603
0.5986928104575163,16604
0.5992167101827677,16605
0.5984354628422425,16606
0.59765625,16607
0.5968790637191157,16608
0.5974025974025974,16609
0.5979247730220493,16610
0.5984455958549223,16611
0.5976714100905562,16612
0.5981912144702842,16613
0.5974193548387097,16614
0.5979381443298969,16615
0.5984555984555985,16616
0.5989717223650386,16617
0.5994865211810013,16618
0.6,16619
0.6005121638924455,16620
0.6010230179028133,16621
0.6002554278416348,16622
0.5994897959183674,16623
0.5987261146496815,16624
0.5979643765903307,16625
0.5972045743329097,16626
0.5964467005076142,16627
0.596958174904943,16628
0.5974683544303797,16629
0.5967130214917825,16630
0.5972222222222222,16631
0.5977301387137453,16632
0.5982367758186398,16633
0.5987421383647799,16634
0.5992462311557789,16635
0.5984943538268507,16636
0.5977443609022557,16637
0.5982478097622027,16638
0.59875,16639
0.599250936329588,16640
0.5997506234413965,16641
0.6002490660024906,16642
0.599502487562189,16643
0.5987577639751552,16644
0.598014888337469,16645
0.5985130111524164,16646
0.5977722772277227,16647
0.5970333745364648,16648
0.5975308641975309,16649
0.5967940813810111,16650
0.5960591133004927,16651
0.5953259532595326,16652
0.5945945945945946,16653
0.5938650306748466,16654
0.5943627450980392,16655
0.594859241126071,16656
0.5941320293398533,16657
0.5946275946275946,16658
0.5939024390243902,16659
0.5931790499390986,16660
0.5936739659367397,16661
0.5929526123936817,16662
0.5922330097087378,16663
0.5927272727272728,16664
0.5932203389830508,16665
0.5937122128174124,16666
0.5942028985507246,16667
0.594692400482509,16668
0.5939759036144578,16669
0.5944645006016848,16670
0.5949519230769231,16671
0.595438175270108,16672
0.5947242206235012,16673
0.5940119760479042,16674
0.5933014354066986,16675
0.5925925925925926,16676
0.5930787589498807,16677
0.5935637663885578,16678
0.594047619047619,16679
0.5933412604042806,16680
0.5938242280285035,16681
0.5931198102016607,16682
0.5936018957345972,16683
0.5940828402366863,16684
0.5933806146572104,16685
0.5938606847697757,16686
0.5943396226415094,16687
0.5948174322732627,16688
0.5941176470588235,16689
0.5934195064629847,16690
0.5938967136150235,16691
0.593200468933177,16692
0.5936768149882904,16693
0.5941520467836258,16694
0.594626168224299,16695
0.5950991831971996,16696
0.5944055944055944,16697
0.5937136204889406,16698
0.5930232558139535,16699
0.5923344947735192,16700
0.5928074245939675,16701
0.593279258400927,16702
0.59375,16703
0.5930635838150289,16704
0.5935334872979214,16705
0.5940023068050749,16706
0.5933179723502304,16707
0.5937859608745685,16708
0.5942528735632184,16709
0.5947187141216992,16710
0.5951834862385321,16711
0.5956471935853379,16712
0.5961098398169337,16713
0.5965714285714285,16714
0.5958904109589042,16715
0.5963511972633979,16716
0.5968109339407744,16717
0.5972696245733788,16718
0.5977272727272728,16719
0.5981838819523269,16720
0.5975056689342404,16721
0.5968289920724802,16722
0.5961538461538461,16723
0.5966101694915255,16724
0.5970654627539503,16725
0.5975197294250282,16726
0.597972972972973,16727
0.5984251968503937,16728
0.5988764044943821,16729
0.5982042648709316,16730
0.5975336322869955,16731
0.5979843225083986,16732
0.5973154362416108,16733
0.5977653631284916,16734
0.5982142857142857,16735
0.5986622073578596,16736
0.5979955456570156,16737
0.5984427141268076,16738
0.5988888888888889,16739
0.5982241953385128,16740
0.5986696230598669,16741
0.5980066445182725,16742
0.5984513274336283,16743
0.5988950276243094,16744
0.5993377483443708,16745
0.5986769570011026,16746
0.5980176211453745,16747
0.5984598459845984,16748
0.5989010989010989,16749
0.5993413830954994,16750
0.5986842105263158,16751
0.5991237677984665,16752
0.5995623632385121,16753
0.5989071038251366,16754
0.5993449781659389,16755
0.5997818974918212,16756
0.599128540305011,16757
0.5995647442872688,16758
0.6,16759
0.5993485342019544,16760
0.5997830802603037,16761
0.5991332611050921,16762
0.5984848484848485,16763
0.5978378378378378,16764
0.5971922246220303,16765
0.5965480043149946,16766
0.5959051724137931,16767
0.5952637244348762,16768
0.5956989247311828,16769
0.5961331901181526,16770
0.5954935622317596,16771
0.594855305466238,16772
0.5952890792291221,16773
0.5946524064171123,16774
0.5950854700854701,16775
0.5944503735325507,16776
0.5948827292110874,16777
0.5942492012779552,16778
0.5936170212765958,16779
0.594048884165781,16780
0.5944798301486199,16781
0.5949098621420997,16782
0.5953389830508474,16783
0.5947089947089947,16784
0.595137420718816,16785
0.5955649419218585,16786
0.5959915611814346,16787
0.59536354056902,16788
0.5947368421052631,16789
0.5951629863301787,16790
0.5955882352941176,16791
0.5949632738719832,16792
0.5943396226415094,16793
0.5937172774869109,16794
0.5930962343096234,16795
0.593521421107628,16796
0.592901878914405,16797
0.5933263816475496,16798
0.5927083333333333,16799
0.5931321540062435,16800
0.5925155925155925,16801
0.5919003115264797,16802
0.5923236514522822,16803
0.5927461139896373,16804
0.593167701863354,16805
0.5925542916235781,16806
0.5919421487603306,16807
0.5923632610939112,16808
0.5917525773195876,16809
0.592173017507724,16810
0.5925925925925926,16811
0.593011305241521,16812
0.5934291581108829,16813
0.5928205128205128,16814
0.5922131147540983,16815
0.5926305015353122,16816
0.5930470347648262,16817
0.59244126659857,16818
0.5928571428571429,16819
0.5922528032619776,16820
0.5916496945010183,16821
0.5910478128179044,16822
0.5904471544715447,16823
0.5908629441624366,16824
0.59026369168357,16825
0.5906788247213779,16826
0.5910931174089069,16827
0.5904954499494439,16828
0.5909090909090909,16829
0.5903128153380424,16830
0.5907258064516129,16831
0.5911379657603223,16832
0.5915492957746479,16833
0.5909547738693467,16834
0.5913654618473896,16835
0.5907723169508525,16836
0.591182364729459,16837
0.5915915915915916,16838
0.591,16839
0.5914085914085914,16840
0.591816367265469,16841
0.5912263210368893,16842
0.5906374501992032,16843
0.591044776119403,16844
0.5904572564612326,16845
0.5898709036742801,16846
0.5902777777777778,16847
0.5896927651139743,16848
0.5891089108910891,16849
0.5885262116716122,16850
0.5889328063241107,16851
0.5893385982230998,16852
0.5887573964497042,16853
0.5891625615763547,16854
0.5885826771653543,16855
0.5889872173058014,16856
0.5884086444007859,16857
0.5878312070657508,16858
0.5882352941176471,16859
0.5876591576885406,16860
0.5880626223091977,16861
0.5874877810361682,16862
0.5869140625,16863
0.5873170731707317,16864
0.5877192982456141,16865
0.5871470301850049,16866
0.5865758754863813,16867
0.5860058309037901,16868
0.5864077669902913,16869
0.5868089233753637,16870
0.5872093023255814,16871
0.5866408518877058,16872
0.5870406189555126,16873
0.58743961352657,16874
0.5868725868725869,16875
0.5863066538090647,16876
0.5867052023121387,16877
0.5861405197305101,16878
0.5855769230769231,16879
0.5859750240153698,16880
0.5863723608445297,16881
0.585810162991371,16882
0.5852490421455939,16883
0.5856459330143541,16884
0.5850860420650096,16885
0.5845272206303725,16886
0.583969465648855,16887
0.5843660629170638,16888
0.5847619047619048,16889
0.5842055185537584,16890
0.5846007604562737,16891
0.5849952516619183,16892
0.5844402277039848,16893
0.5848341232227489,16894
0.5852272727272727,16895
0.5856196783349101,16896
0.5850661625708885,16897
0.5845136921624173,16898
0.5849056603773585,16899
0.58435438265787,16900
0.5847457627118644,16901
0.5851364063969896,16902
0.5845864661654135,16903
0.5849765258215962,16904
0.5844277673545967,16905
0.5838800374882849,16906
0.5842696629213483,16907
0.5837231057062675,16908
0.5841121495327103,16909
0.5845004668534081,16910
0.5839552238805971,16911
0.5843429636533085,16912
0.5837988826815642,16913
0.5841860465116279,16914
0.5836431226765799,16915
0.5831012070566388,16916
0.5825602968460112,16917
0.5829471733086191,16918
0.5833333333333334,16919
0.5827937095282146,16920
0.5831792975970426,16921
0.5835641735918744,16922
0.5830258302583026,16923
0.5824884792626728,16924
0.5828729281767956,16925
0.5832566697332107,16926
0.5836397058823529,16927
0.5831037649219467,16928
0.5834862385321101,16929
0.5829514207149404,16930
0.5824175824175825,16931
0.5827996340347666,16932
0.583180987202925,16933
0.582648401826484,16934
0.583029197080292,16935
0.5834092980856882,16936
0.5837887067395264,16937
0.5832575068243858,16938
0.5836363636363636,16939
0.5831062670299727,16940
0.5825771324863884,16941
0.5829555757026292,16942
0.5833333333333334,16943
0.583710407239819,16944
0.5840867992766727,16945
0.5835591689250226,16946
0.5839350180505415,16947
0.5843101893597836,16948
0.5846846846846847,16949
0.5841584158415841,16950
0.5845323741007195,16951
0.5840071877807727,16952
0.5834829443447038,16953
0.5829596412556054,16954
0.5833333333333334,16955
0.5837063563115488,16956
0.5840787119856887,16957
0.5844504021447721,16958
0.5839285714285715,16959
0.584299732381802,16960
0.5846702317290553,16961
0.5841495992876224,16962
0.5836298932384342,16963
0.584,16964
0.58348134991119,16965
0.5838509316770186,16966
0.5833333333333334,16967
0.5828166519043402,16968
0.5831858407079646,16969
0.583554376657825,16970
0.5830388692579506,16971
0.5834068843777581,16972
0.5837742504409171,16973
0.5841409691629956,16974
0.5845070422535211,16975
0.5839929639401935,16976
0.5834797891036907,16977
0.5829675153643546,16978
0.5833333333333334,16979
0.5828220858895705,16980
0.5831873905429071,16981
0.5835520559930009,16982
0.583916083916084,16983
0.5834061135371179,16984
0.5828970331588132,16985
0.5823888404533566,16986
0.5827526132404182,16987
0.5831157528285466,16988
0.5826086956521739,16989
0.582971329278888,16990
0.5833333333333334,16991
0.5828274067649609,16992
0.5831889081455806,16993
0.5835497835497836,16994
0.583044982698962,16995
0.5825410544511668,16996
0.582901554404145,16997
0.5832614322691976,16998
0.5827586206896552,16999
0.5831180017226529,17000
0.5834767641996558,17001
0.5838349097162511,17002
0.584192439862543,17003
0.5845493562231759,17004
0.5840480274442539,17005
0.583547557840617,17006
0.583904109589041,17007
0.5842600513259196,17008
0.5846153846153846,17009
0.5841161400512382,17010
0.5844709897610921,17011
0.5848252344416027,17012
0.5843270868824532,17013
0.5838297872340426,17014
0.5841836734693877,17015
0.5845369583687341,17016
0.5840407470288624,17017
0.5835453774385072,17018
0.5838983050847457,17019
0.584250635055038,17020
0.583756345177665,17021
0.5841081994928149,17022
0.5836148648648649,17023
0.5831223628691983,17024
0.5826306913996627,17025
0.582139848357203,17026
0.5816498316498316,17027
0.5820016820857864,17028
0.5823529411764706,17029
0.5827036104114189,17030
0.5830536912751678,17031
0.5834031852472757,17032
0.583752093802345,17033
0.5832635983263599,17034
0.5827759197324415,17035
0.5831244778613199,17036
0.5826377295492488,17037
0.5829858215179317,17038
0.5825,17039
0.582014987510408,17040
0.5823627287853578,17041
0.5818786367414797,17042
0.5813953488372093,17043
0.5809128630705395,17044
0.5812603648424544,17045
0.5807787903893952,17046
0.5811258278145696,17047
0.5814722911497106,17048
0.5809917355371901,17049
0.5805119735755574,17050
0.5808580858085809,17051
0.5812036273701566,17052
0.5807248764415156,17053
0.5810699588477366,17054
0.5805921052631579,17055
0.5809367296631059,17056
0.5812807881773399,17057
0.5816242821985234,17058
0.5819672131147541,17059
0.5814905814905815,17060
0.5810147299509002,17061
0.5813573180703189,17062
0.5808823529411765,17063
0.5804081632653061,17064
0.5807504078303426,17065
0.5810920945395273,17066
0.5806188925081434,17067
0.580960130187144,17068
inf,17069
0.0,17070
0.5,17071
0.6666666666666666,17072
0.5,17073
0.4,17074
0.3333333333333333,17075
0.2857142857142857,17076
0.25,17077
0.3333333333333333,17078
0.4,17079
0.45454545454545453,17080
0.5,17081
0.46153846153846156,17082
0.5,17083
0.5333333333333333,17084
0.5625,17085
0.5294117647058824,17086
0.5,17087
0.5263157894736842,17088
0.55,17089
0.5714285714285714,17090
0.5909090909090909,17091
0.5652173913043478,17092
0.5833333333333334,17093
0.56,17094
0.5384615384615384,17095
0.5185185185185185,17096
0.5357142857142857,17097
0.5517241379310345,17098
0.5333333333333333,17099
0.5161290322580645,17100
0.53125,17101
0.5454545454545454,17102
0.5588235294117647,17103
0.5714285714285714,17104
0.5833333333333334,17105
0.5945945945945946,17106
0.5789473684210527,17107
0.5641025641025641,17108
0.55,17109
0.5609756097560976,17110
0.5714285714285714,17111
0.5581395348837209,17112
0.5681818181818182,17113
0.5555555555555556,17114
0.5652173913043478,17115
0.574468085106383,17116
0.5625,17117
0.5510204081632653,17118
0.54,17119
0.5294117647058824,17120
0.5384615384615384,17121
0.5283018867924528,17122
0.5185185185185185,17123
0.5272727272727272,17124
0.5357142857142857,17125
0.543859649122807,17126
0.5517241379310345,17127
0.559322033898305,17128
0.5666666666666667,17129
0.5737704918032787,17130
0.5806451612903226,17131
0.5714285714285714,17132
0.5625,17133
0.5538461538461539,17134
0.5454545454545454,17135
0.5522388059701493,17136
0.5441176470588235,17137
0.5362318840579711,17138
0.5428571428571428,17139
0.5492957746478874,17140
0.5555555555555556,17141
0.5616438356164384,17142
0.5540540540540541,17143
0.56,17144
0.5526315789473685,17145
0.5584415584415584,17146
0.5641025641025641,17147
0.569620253164557,17148
0.5625,17149
0.5679012345679012,17150
0.573170731707317,17151
0.5662650602409639,17152
0.5595238095238095,17153
0.5647058823529412,17154
0.5697674418604651,17155
0.5632183908045977,17156
0.5681818181818182,17157
0.5730337078651685,17158
0.5666666666666667,17159
0.5604395604395604,17160
0.5652173913043478,17161
0.5698924731182796,17162
0.574468085106383,17163
0.5789473684210527,17164
0.5833333333333334,17165
0.5773195876288659,17166
0.5816326530612245,17167
0.5858585858585859,17168
0.58,17169
0.5841584158415841,17170
0.5784313725490197,17171
0.5825242718446602,17172
0.5865384615384616,17173
0.5904761904761905,17174
0.5849056603773585,17175
0.5794392523364486,17176
0.5833333333333334,17177
0.5779816513761468,17178
0.5818181818181818,17179
0.5855855855855856,17180
0.5892857142857143,17181
0.5929203539823009,17182
0.5964912280701754,17183
0.591304347826087,17184
0.5948275862068966,17185
0.5982905982905983,17186
0.6016949152542372,17187
0.5966386554621849,17188
0.6,17189
0.6033057851239669,17190
0.6065573770491803,17191
0.6016260162601627,17192
0.5967741935483871,17193
0.6,17194
0.5952380952380952,17195
0.5905511811023622,17196
0.5859375,17197
0.5813953488372093,17198
0.5846153846153846,17199
0.5877862595419847,17200
0.5909090909090909,17201
0.5864661654135338,17202
0.582089552238806,17203
0.5851851851851851,17204
0.5882352941176471,17205
0.583941605839416,17206
0.5797101449275363,17207
0.5827338129496403,17208
0.5785714285714286,17209
0.5815602836879432,17210
0.5845070422535211,17211
0.5874125874125874,17212
0.5902777777777778,17213
0.593103448275862,17214
0.5958904109589042,17215
0.5986394557823129,17216
0.6013513513513513,17217
0.5973154362416108,17218
0.6,17219
0.6026490066225165,17220
0.6052631578947368,17221
0.6078431372549019,17222
0.6038961038961039,17223
0.6,17224
0.5961538461538461,17225
0.5923566878980892,17226
0.5886075949367089,17227
0.5911949685534591,17228
0.5875,17229
0.5838509316770186,17230
0.5802469135802469,17231
0.5766871165644172,17232
0.573170731707317,17233
0.5696969696969697,17234
0.572289156626506,17235
0.5748502994011976,17236
0.5714285714285714,17237
0.5680473372781065,17238
0.5647058823529412,17239
0.5672514619883041,17240
0.563953488372093,17241
0.5664739884393064,17242
0.5632183908045977,17243
0.56,17244
0.5568181818181818,17245
0.5536723163841808,17246
0.550561797752809,17247
0.553072625698324,17248
0.5555555555555556,17249
0.5524861878453039,17250
0.5494505494505495,17251
0.546448087431694,17252
0.5489130434782609,17253
0.5459459459459459,17254
0.543010752688172,17255
0.5401069518716578,17256
0.5372340425531915,17257
0.5396825396825397,17258
0.5368421052631579,17259
0.5392670157068062,17260
0.5364583333333334,17261
0.538860103626943,17262
0.5360824742268041,17263
0.5384615384615384,17264
0.5408163265306123,17265
0.5380710659898477,17266
0.5404040404040404,17267
0.5376884422110553,17268
0.535,17269
0.5373134328358209,17270
0.5396039603960396,17271
0.5369458128078818,17272
0.5343137254901961,17273
0.5365853658536586,17274
0.5339805825242718,17275
0.5362318840579711,17276
0.5384615384615384,17277
0.5406698564593302,17278
0.5428571428571428,17279
0.5450236966824644,17280
0.5471698113207547,17281
0.5446009389671361,17282
0.5467289719626168,17283
0.5488372093023256,17284
0.5462962962962963,17285
0.543778801843318,17286
0.5458715596330275,17287
0.547945205479452,17288
0.5454545454545454,17289
0.5475113122171946,17290
0.5495495495495496,17291
0.5515695067264574,17292
0.5535714285714286,17293
0.5511111111111111,17294
0.5530973451327433,17295
0.5550660792951542,17296
0.5526315789473685,17297
0.5545851528384279,17298
0.5565217391304348,17299
0.5584415584415584,17300
0.5560344827586207,17301
0.5536480686695279,17302
0.5555555555555556,17303
0.5531914893617021,17304
0.5550847457627118,17305
0.5569620253164557,17306
0.5588235294117647,17307
0.5606694560669456,17308
0.5583333333333333,17309
0.5560165975103735,17310
0.5578512396694215,17311
0.5596707818930041,17312
0.5573770491803278,17313
0.5591836734693878,17314
0.556910569105691,17315
0.5546558704453441,17316
0.5564516129032258,17317
0.5582329317269076,17318
0.56,17319
0.5617529880478087,17320
0.5634920634920635,17321
0.5652173913043478,17322
0.5669291338582677,17323
0.5647058823529412,17324
0.56640625,17325
0.5642023346303502,17326
0.5658914728682171,17327
0.5675675675675675,17328
0.5692307692307692,17329
0.5708812260536399,17330
0.5687022900763359,17331
0.5703422053231939,17332
0.571969696969697,17333
0.5735849056603773,17334
0.575187969924812,17335
0.5767790262172284,17336
0.5746268656716418,17337
0.5724907063197026,17338
0.5740740740740741,17339
0.5756457564575646,17340
0.5735294117647058,17341
0.5714285714285714,17342
0.572992700729927,17343
0.5745454545454546,17344
0.572463768115942,17345
0.5703971119133574,17346
0.5719424460431655,17347
0.5734767025089605,17348
0.575,17349
0.5765124555160143,17350
0.574468085106383,17351
0.5759717314487632,17352
0.5774647887323944,17353
0.5754385964912281,17354
0.5769230769230769,17355
0.578397212543554,17356
0.5763888888888888,17357
0.5743944636678201,17358
0.5758620689655173,17359
0.5773195876288659,17360
0.5787671232876712,17361
0.5802047781569966,17362
0.5816326530612245,17363
0.5830508474576271,17364
0.581081081081081,17365
0.5824915824915825,17366
0.5805369127516778,17367
0.5819397993311036,17368
0.58,17369
0.5780730897009967,17370
0.5761589403973509,17371
0.5742574257425742,17372
0.5723684210526315,17373
0.5704918032786885,17374
0.5686274509803921,17375
0.5667752442996743,17376
0.564935064935065,17377
0.5663430420711975,17378
0.567741935483871,17379
0.5691318327974276,17380
0.5705128205128205,17381
0.5718849840255591,17382
0.5732484076433121,17383
0.5746031746031746,17384
0.5759493670886076,17385
0.5772870662460567,17386
0.5754716981132075,17387
0.5768025078369906,17388
0.578125,17389
0.5794392523364486,17390
0.577639751552795,17391
0.5789473684210527,17392
0.5771604938271605,17393
0.5753846153846154,17394
0.5766871165644172,17395
0.5779816513761468,17396
0.5792682926829268,17397
0.5805471124620061,17398
0.5787878787878787,17399
0.5800604229607251,17400
0.5813253012048193,17401
0.5795795795795796,17402
0.5808383233532934,17403
0.582089552238806,17404
0.5833333333333334,17405
0.5816023738872403,17406
0.5828402366863905,17407
0.584070796460177,17408
0.5823529411764706,17409
0.5806451612903226,17410
0.5818713450292398,17411
0.5801749271137027,17412
0.5813953488372093,17413
0.5826086956521739,17414
0.5809248554913294,17415
0.5821325648414986,17416
0.5804597701149425,17417
0.5787965616045845,17418
0.5771428571428572,17419
0.5783475783475783,17420
0.5795454545454546,17421
0.5779036827195467,17422
0.576271186440678,17423
0.5774647887323944,17424
0.5786516853932584,17425
0.5798319327731093,17426
0.5810055865921788,17427
0.5793871866295265,17428
0.5777777777777777,17429
0.5789473684210527,17430
0.580110497237569,17431
0.581267217630854,17432
0.5824175824175825,17433
0.5808219178082191,17434
0.5819672131147541,17435
0.5803814713896458,17436
0.5815217391304348,17437
0.5826558265582655,17438
0.581081081081081,17439
0.5822102425876011,17440
0.5806451612903226,17441
0.5817694369973191,17442
0.5828877005347594,17443
0.584,17444
0.5851063829787234,17445
0.5862068965517241,17446
0.5846560846560847,17447
0.5857519788918206,17448
0.5868421052631579,17449
0.5853018372703412,17450
0.5837696335078534,17451
0.5848563968668408,17452
0.5859375,17453
0.587012987012987,17454
0.5854922279792746,17455
0.5839793281653747,17456
0.5824742268041238,17457
0.583547557840617,17458
0.5820512820512821,17459
0.5805626598465473,17460
0.5790816326530612,17461
0.5801526717557252,17462
0.5812182741116751,17463
0.579746835443038,17464
0.5808080808080808,17465
0.5793450881612091,17466
0.5804020100502513,17467
0.581453634085213,17468
0.5825,17469
0.5835411471321695,17470
0.5845771144278606,17471
0.5831265508684863,17472
0.5816831683168316,17473
0.582716049382716,17474
0.583743842364532,17475
0.5847665847665847,17476
0.5857843137254902,17477
0.5843520782396088,17478
0.5853658536585366,17479
0.583941605839416,17480
0.5849514563106796,17481
0.585956416464891,17482
0.5845410628019324,17483
0.5831325301204819,17484
0.5817307692307693,17485
0.5827338129496403,17486
0.5813397129186603,17487
0.5799522673031027,17488
0.5785714285714286,17489
0.5771971496437055,17490
0.5758293838862559,17491
0.574468085106383,17492
0.5731132075471698,17493
0.5741176470588235,17494
0.5727699530516432,17495
0.5737704918032787,17496
0.5747663551401869,17497
0.5757575757575758,17498
0.5767441860465117,17499
0.5777262180974478,17500
0.5763888888888888,17501
0.5750577367205543,17502
0.576036866359447,17503
0.5747126436781609,17504
0.573394495412844,17505
0.5720823798627003,17506
0.5707762557077626,17507
0.5694760820045558,17508
0.5704545454545454,17509
0.5691609977324263,17510
0.5678733031674208,17511
0.5665914221218962,17512
0.5675675675675675,17513
0.5662921348314607,17514
0.5650224215246636,17515
0.5659955257270693,17516
0.5647321428571429,17517
0.5657015590200446,17518
0.5666666666666667,17519
0.5676274944567627,17520
0.5685840707964602,17521
0.5695364238410596,17522
0.5682819383259912,17523
0.5692307692307692,17524
0.5679824561403509,17525
0.5667396061269147,17526
0.5676855895196506,17527
0.5664488017429193,17528
0.5673913043478261,17529
0.5683297180043384,17530
0.5670995670995671,17531
0.5680345572354212,17532
0.5689655172413793,17533
0.5698924731182796,17534
0.5708154506437768,17535
0.5717344753747323,17536
0.5705128205128205,17537
0.5714285714285714,17538
0.5723404255319149,17539
0.5732484076433121,17540
0.5720338983050848,17541
0.5708245243128964,17542
0.5717299578059072,17543
0.5726315789473684,17544
0.5735294117647058,17545
0.5744234800838575,17546
0.5753138075313807,17547
0.5741127348643006,17548
0.575,17549
0.5758835758835759,17550
0.5767634854771784,17551
0.5755693581780539,17552
0.5764462809917356,17553
0.5773195876288659,17554
0.5781893004115226,17555
0.5790554414784395,17556
0.5778688524590164,17557
0.5787321063394683,17558
0.5775510204081633,17559
0.5784114052953157,17560
0.5792682926829268,17561
0.5801217038539553,17562
0.5809716599190283,17563
0.5797979797979798,17564
0.5786290322580645,17565
0.579476861167002,17566
0.5803212851405622,17567
0.5811623246492986,17568
0.58,17569
0.5788423153692615,17570
0.5796812749003984,17571
0.5785288270377733,17572
0.5793650793650794,17573
0.5782178217821782,17574
0.5790513833992095,17575
0.5798816568047337,17576
0.5807086614173228,17577
0.5795677799607073,17578
0.5784313725490197,17579
0.5792563600782779,17580
0.580078125,17581
0.5789473684210527,17582
0.5797665369649806,17583
0.5805825242718446,17584
0.5813953488372093,17585
0.5802707930367504,17586
0.5791505791505791,17587
0.5780346820809249,17588
0.5788461538461539,17589
0.5777351247600768,17590
0.578544061302682,17591
0.5774378585086042,17592
0.5782442748091603,17593
0.579047619047619,17594
0.5779467680608364,17595
0.5768500948766604,17596
0.5776515151515151,17597
0.5784499054820416,17598
0.5773584905660377,17599
0.5781544256120528,17600
0.5770676691729323,17601
0.5778611632270169,17602
0.5767790262172284,17603
0.577570093457944,17604
0.5764925373134329,17605
0.5772811918063314,17606
0.5762081784386617,17607
0.575139146567718,17608
0.575925925925926,17609
0.5767097966728281,17610
0.5756457564575646,17611
0.576427255985267,17612
0.5772058823529411,17613
0.5761467889908257,17614
0.5769230769230769,17615
0.5758683729433273,17616
0.5748175182481752,17617
0.575591985428051,17618
0.5745454545454546,17619
0.5753176043557169,17620
0.5760869565217391,17621
0.5768535262206148,17622
0.5776173285198556,17623
0.5783783783783784,17624
0.5773381294964028,17625
0.5763016157989228,17626
0.5770609318996416,17627
0.5778175313059034,17628
0.5785714285714286,17629
0.5775401069518716,17630
0.5765124555160143,17631
0.5772646536412078,17632
0.5780141843971631,17633
0.5769911504424778,17634
0.5759717314487632,17635
0.5749559082892416,17636
0.5757042253521126,17637
0.5764499121265377,17638
0.5754385964912281,17639
0.5761821366024519,17640
0.5751748251748252,17641
0.5759162303664922,17642
0.5766550522648084,17643
0.577391304347826,17644
0.578125,17645
0.5788561525129983,17646
0.5795847750865052,17647
0.5785837651122625,17648
0.5775862068965517,17649
0.5783132530120482,17650
0.5790378006872853,17651
0.5797598627787307,17652
0.5787671232876712,17653
0.5777777777777777,17654
0.5784982935153583,17655
0.5792163543441227,17656
0.5799319727891157,17657
0.5806451612903226,17658
0.5813559322033899,17659
0.5820642978003384,17660
0.5827702702702703,17661
0.5834738617200674,17662
0.5841750841750841,17663
0.584873949579832,17664
0.5855704697986577,17665
0.5862646566164154,17666
0.5869565217391305,17667
0.5859766277128547,17668
0.5866666666666667,17669
0.5856905158069884,17670
0.584717607973422,17671
0.5854063018242123,17672
0.5844370860927153,17673
0.5834710743801653,17674
0.5841584158415841,17675
0.5831960461285008,17676
0.5822368421052632,17677
0.5812807881773399,17678
0.5819672131147541,17679
0.5810147299509002,17680
0.5816993464052288,17681
0.5823817292006526,17682
0.5814332247557004,17683
0.5804878048780487,17684
0.5811688311688312,17685
0.580226904376013,17686
0.5792880258899676,17687
0.5783521809369951,17688
0.5790322580645161,17689
0.5797101449275363,17690
0.5787781350482315,17691
0.579454253611557,17692
0.5785256410256411,17693
0.5792,17694
0.5798722044728435,17695
0.580542264752791,17696
0.5796178343949044,17697
0.5786963434022258,17698
0.5777777777777777,17699
0.5768621236133122,17700
0.5759493670886076,17701
0.5766192733017378,17702
0.5772870662460567,17703
0.5779527559055118,17704
0.5786163522012578,17705
0.5777080062794349,17706
0.5768025078369906,17707
0.5774647887323944,17708
0.5765625,17709
0.5756630265210608,17710
0.5747663551401869,17711
0.5754276827371695,17712
0.5745341614906833,17713
0.5751937984496124,17714
0.5743034055727554,17715
0.5749613601236476,17716
0.5740740740740741,17717
0.5731895223420647,17718
0.5723076923076923,17719
0.5729646697388633,17720
0.5736196319018405,17721
0.5727411944869831,17722
0.573394495412844,17723
0.5740458015267176,17724
0.573170731707317,17725
0.5722983257229832,17726
0.5714285714285714,17727
0.5705614567526556,17728
0.5696969696969697,17729
0.5703479576399395,17730
0.5694864048338368,17731
0.5686274509803921,17732
0.5692771084337349,17733
0.5699248120300752,17734
0.5690690690690691,17735
0.568215892053973,17736
0.5688622754491018,17737
0.5695067264573991,17738
0.5701492537313433,17739
0.5692995529061102,17740
0.5684523809523809,17741
0.5690936106983655,17742
0.56973293768546,17743
0.5703703703703704,17744
0.5710059171597633,17745
0.5716395864106352,17746
0.5722713864306784,17747
0.572901325478645,17748
0.5735294117647058,17749
0.5726872246696035,17750
0.5718475073313783,17751
0.5710102489019033,17752
0.5716374269005848,17753
0.5722627737226277,17754
0.5714285714285714,17755
0.5705967976710334,17756
0.5712209302325582,17757
0.5718432510885341,17758
0.5710144927536231,17759
0.5716353111432706,17760
0.5722543352601156,17761
0.5728715728715729,17762
0.5734870317002881,17763
0.5726618705035971,17764
0.5718390804597702,17765
0.5724533715925395,17766
0.5730659025787965,17767
0.5722460658082976,17768
0.5728571428571428,17769
0.572039942938659,17770
0.5726495726495726,17771
0.5718349928876245,17772
0.5710227272727273,17773
0.5702127659574469,17774
0.5694050991501416,17775
0.57001414427157,17776
0.5706214689265536,17777
0.5712270803949224,17778
0.5704225352112676,17779
0.569620253164557,17780
0.5702247191011236,17781
0.5694249649368864,17782
0.5700280112044818,17783
0.5692307692307692,17784
0.5684357541899442,17785
0.5676429567642957,17786
0.5668523676880223,17787
0.5660639777468707,17788
0.5652777777777778,17789
0.5644937586685159,17790
0.5650969529085873,17791
0.5643153526970954,17792
0.5649171270718232,17793
0.5655172413793104,17794
0.5661157024793388,17795
0.5667125171939478,17796
0.5673076923076923,17797
0.5665294924554184,17798
0.5657534246575342,17799
0.5649794801641587,17800
0.5642076502732241,17801
0.5648021828103683,17802
0.5640326975476839,17803
0.563265306122449,17804
0.5625,17805
0.5630936227951153,17806
0.5623306233062331,17807
0.5629228687415426,17808
0.5635135135135135,17809
0.5641025641025641,17810
0.5633423180592992,17811
0.5639300134589502,17812
0.5645161290322581,17813
0.5651006711409396,17814
0.564343163538874,17815
0.5635876840696118,17816
0.5641711229946524,17817
0.5647530040053405,17818
0.564,17819
0.563249001331558,17820
0.5625,17821
0.5617529880478087,17822
0.5610079575596817,17823
0.56158940397351,17824
0.5608465608465608,17825
0.560105680317041,17826
0.5593667546174143,17827
0.5586297760210803,17828
0.5578947368421052,17829
0.5584756898817346,17830
0.5590551181102362,17831
0.5596330275229358,17832
0.5602094240837696,17833
0.5607843137254902,17834
0.5613577023498695,17835
0.560625814863103,17836
0.5598958333333334,17837
0.5604681404421327,17838
0.561038961038961,17839
0.5603112840466926,17840
0.5595854922279793,17841
0.5601552393272963,17842
0.5607235142118863,17843
0.56,17844
0.5605670103092784,17845
0.5611325611325612,17846
0.5616966580976864,17847
0.5622593068035944,17848
0.5615384615384615,17849
0.5608194622279129,17850
0.5601023017902813,17851
0.5606641123882503,17852
0.5612244897959183,17853
0.5605095541401274,17854
0.5610687022900763,17855
0.5603557814485387,17856
0.5596446700507615,17857
0.5602027883396705,17858
0.5594936708860759,17859
0.5600505689001264,17860
0.5606060606060606,17861
0.5598991172761665,17862
0.5591939546599496,17863
0.5584905660377358,17864
0.5577889447236181,17865
0.5570890840652447,17866
0.556390977443609,17867
0.5569461827284106,17868
0.55625,17869
0.5568039950062422,17870
0.557356608478803,17871
0.5579078455790785,17872
0.5584577114427861,17873
0.5590062111801242,17874
0.5583126550868487,17875
0.5588599752168525,17876
0.5594059405940595,17877
0.5587144622991347,17878
0.5580246913580247,17879
0.5573366214549939,17880
0.5578817733990148,17881
0.5584255842558425,17882
0.558968058968059,17883
0.5595092024539877,17884
0.5588235294117647,17885
0.5581395348837209,17886
0.558679706601467,17887
0.5592185592185592,17888
0.5597560975609757,17889
0.559074299634592,17890
0.559610705596107,17891
0.5589307411907655,17892
0.5594660194174758,17893
0.56,17894
0.5605326876513317,17895
0.5598548972188634,17896
0.5591787439613527,17897
0.5597104945717732,17898
0.5590361445783133,17899
0.5583634175691937,17900
0.5588942307692307,17901
0.5582232893157263,17902
0.5587529976019184,17903
0.5592814371257485,17904
0.5586124401913876,17905
0.5579450418160096,17906
0.5572792362768496,17907
0.5566150178784267,17908
0.5571428571428572,17909
0.5576694411414982,17910
0.5570071258907363,17911
0.5563463819691578,17912
0.5556872037914692,17913
0.5550295857988166,17914
0.5555555555555556,17915
0.5560802833530106,17916
0.5554245283018868,17917
0.5547703180212014,17918
0.5541176470588235,17919
0.554641598119859,17920
0.5539906103286385,17921
0.5545134818288394,17922
0.5538641686182669,17923
0.5543859649122806,17924
0.5537383177570093,17925
0.5542590431738623,17926
0.5547785547785548,17927
0.5552968568102444,17928
0.5546511627906977,17929
0.5551684088269454,17930
0.5556844547563805,17931
0.5550405561993047,17932
0.5543981481481481,17933
0.5549132947976878,17934
0.5554272517321016,17935
0.5559400230680508,17936
0.5564516129032258,17937
0.5558112773302647,17938
0.5563218390804597,17939
0.5568312284730195,17940
0.5573394495412844,17941
0.5578465063001146,17942
0.5583524027459954,17943
0.5577142857142857,17944
0.5570776255707762,17945
0.5575826681870011,17946
0.5580865603644647,17947
0.5574516496018203,17948
0.5568181818181818,17949
0.5561861520998865,17950
0.5566893424036281,17951
0.5571913929784824,17952
0.5565610859728507,17953
0.5559322033898305,17954
0.5564334085778782,17955
0.5558060879368658,17956
0.5551801801801802,17957
0.5545556805399325,17958
0.5550561797752809,17959
0.5555555555555556,17960
0.554932735426009,17961
0.5543113101903695,17962
0.5548098434004475,17963
0.5553072625698324,17964
0.5558035714285714,17965
0.5562987736900781,17966
0.5556792873051225,17967
0.5550611790878754,17968
0.5555555555555556,17969
0.5549389567147613,17970
0.5554323725055432,17971
0.5559246954595792,17972
0.5564159292035398,17973
0.5558011049723757,17974
0.5551876379690949,17975
0.5545755237045203,17976
0.5550660792951542,17977
0.5555555555555556,17978
0.5560439560439561,17979
0.5565312843029637,17980
0.555921052631579,17981
0.5553121577217963,17982
0.5547045951859956,17983
0.5540983606557377,17984
0.5545851528384279,17985
0.5539803707742639,17986
0.5533769063180828,17987
0.5538628944504896,17988
0.5532608695652174,17989
0.5526601520086862,17990
0.5520607375271149,17991
0.5525460455037919,17992
0.551948051948052,17993
0.5524324324324325,17994
0.5529157667386609,17995
0.5533980582524272,17996
0.5538793103448276,17997
0.5532831001076426,17998
0.553763440860215,17999
0.5531686358754028,18000
0.5525751072961373,18001
0.5530546623794212,18002
0.5535331905781584,18003
0.5540106951871657,18004
0.5534188034188035,18005
0.5538954108858057,18006
0.5543710021321961,18007
0.5548455804046858,18008
0.5542553191489362,18009
0.5536663124335813,18010
0.554140127388535,18011
0.5535524920466596,18012
0.5540254237288136,18013
0.5544973544973545,18014
0.5539112050739958,18015
0.5533262935586061,18016
0.5537974683544303,18017
0.553213909378293,18018
0.5526315789473685,18019
0.5520504731861199,18020
0.5514705882352942,18021
0.5508919202518363,18022
0.550314465408805,18023
0.5507853403141362,18024
0.5502092050209205,18025
0.5496342737722049,18026
0.5490605427974948,18027
0.5495307612095933,18028
0.5489583333333333,18029
0.5494276795005203,18030
0.5488565488565489,18031
0.5482866043613707,18032
0.5487551867219918,18033
0.5481865284974093,18034
0.5486542443064182,18035
0.5491209927611168,18036
0.5495867768595041,18037
0.5500515995872033,18038
0.5494845360824743,18039
0.548918640576725,18040
0.5483539094650206,18041
0.5477903391572456,18042
0.5482546201232033,18043
0.5487179487179488,18044
0.5491803278688525,18045
0.548618219037871,18046
0.5480572597137015,18047
0.5485188968335035,18048
0.5489795918367347,18049
0.5494393476044852,18050
0.5498981670061099,18051
0.5493387589013224,18052
0.5497967479674797,18053
0.5492385786802031,18054
0.5486815415821501,18055
0.5481256332320162,18056
0.5475708502024291,18057
0.5470171890798786,18058
0.5464646464646464,18059
0.5469223007063572,18060
0.5463709677419355,18061
0.5468277945619335,18062
0.5472837022132797,18063
0.5477386934673367,18064
0.5481927710843374,18065
0.5476429287863591,18066
0.5480961923847696,18067
0.5485485485485485,18068
0.548,18069
0.5484515484515484,18070
0.5479041916167665,18071
0.5483549351944168,18072
0.548804780876494,18073
0.5482587064676617,18074
0.5487077534791253,18075
0.548162859980139,18076
0.5486111111111112,18077
0.5490584737363726,18078
0.5495049504950495,18079
0.5489614243323442,18080
0.5484189723320159,18081
0.5478775913129319,18082
0.5473372781065089,18083
0.547783251231527,18084
0.547244094488189,18085
0.5476892822025565,18086
0.5481335952848723,18087
0.5475956820412169,18088
0.5480392156862746,18089
0.5484818805093046,18090
0.547945205479452,18091
0.5474095796676441,18092
0.546875,18093
0.5473170731707317,18094
0.5477582846003899,18095
0.5481986368062317,18096
0.5486381322957199,18097
0.5490767735665695,18098
0.5495145631067961,18099
0.5499515033947624,18100
0.5503875968992248,18101
0.5498547918683446,18102
0.5493230174081238,18103
0.548792270531401,18104
0.5492277992277992,18105
0.5486981677917069,18106
0.5481695568400771,18107
0.5476419634263715,18108
0.5471153846153847,18109
0.5465898174831892,18110
0.5470249520153551,18111
0.5465004793863855,18112
0.5469348659003831,18113
0.5473684210526316,18114
0.5468451242829828,18115
0.5472779369627507,18116
0.5477099236641222,18117
0.5481410867492851,18118
0.5485714285714286,18119
0.5490009514747859,18120
0.5484790874524715,18121
0.5479582146248813,18122
0.547438330170778,18123
0.547867298578199,18124
0.5482954545454546,18125
0.5477767265846736,18126
0.5472589792060492,18127
0.5476864966949953,18128
0.5481132075471699,18129
0.5485391140433553,18130
0.5489642184557438,18131
0.548447789275635,18132
0.5488721804511278,18133
0.5483568075117371,18134
0.5478424015009381,18135
0.5473289597000938,18136
0.5468164794007491,18137
0.5463049579045838,18138
0.5457943925233645,18139
0.5462184873949579,18140
0.5457089552238806,18141
0.5461323392357875,18142
0.5456238361266295,18143
0.546046511627907,18144
0.5455390334572491,18145
0.5450324976787372,18146
0.5454545454545454,18147
0.5449490268767377,18148
0.5444444444444444,18149
0.5448658649398704,18150
0.5452865064695009,18151
0.5447830101569714,18152
0.544280442804428,18153
0.543778801843318,18154
0.5441988950276243,18155
0.5446182152713891,18156
0.5450367647058824,18157
0.5454545454545454,18158
0.5458715596330275,18159
0.5453712190650779,18160
0.5457875457875457,18161
0.5452881976212259,18162
0.5447897623400365,18163
0.5442922374429223,18164
0.5447080291970803,18165
0.544211485870556,18166
0.5446265938069217,18167
0.5441310282074613,18168
0.5436363636363636,18169
0.5431425976385105,18170
0.542649727767695,18171
0.5421577515865821,18172
0.5416666666666666,18173
0.5411764705882353,18174
0.5406871609403255,18175
0.5411020776874436,18176
0.5406137184115524,18177
0.5401262398557258,18178
0.5396396396396397,18179
0.5391539153915391,18180
0.539568345323741,18181
0.5399820305480683,18182
0.5403949730700179,18183
0.5408071748878924,18184
0.5412186379928315,18185
0.540734109221128,18186
0.5411449016100179,18187
0.5415549597855228,18188
0.5419642857142857,18189
0.5414808206958073,18190
0.5418894830659536,18191
0.5422974176313446,18192
0.541814946619217,18193
0.5422222222222223,18194
0.5417406749555951,18195
0.5421472937000887,18196
0.5425531914893617,18197
0.5429583702391497,18198
0.5424778761061947,18199
0.5419982316534041,18200
0.5424028268551236,18201
0.5419240953221536,18202
0.5423280423280423,18203
0.5418502202643172,18204
0.5422535211267606,18205
0.5426561125769569,18206
0.5430579964850615,18207
0.543459174714662,18208
0.543859649122807,18209
0.5433829973707275,18210
0.5437828371278459,18211
0.5433070866141733,18212
0.5428321678321678,18213
0.5432314410480349,18214
0.543630017452007,18215
0.5440278988666085,18216
0.5435540069686411,18217
0.5439512619669278,18218
0.5434782608695652,18219
0.5438748913987836,18220
0.5442708333333334,18221
0.5437987857762359,18222
0.5441941074523396,18223
0.5437229437229437,18224
0.5432525951557093,18225
0.5427830596369922,18226
0.5431778929188256,18227
0.542709232096635,18228
0.5431034482758621,18229
0.5426356589147286,18230
0.5430292598967298,18231
0.5434221840068788,18232
0.5438144329896907,18233
0.544206008583691,18234
0.5437392795883362,18235
0.5432733504712939,18236
0.5428082191780822,18237
0.542343883661249,18238
0.5418803418803418,18239
0.5422715627668659,18240
0.5418088737201365,18241
0.5421994884910486,18242
0.5425894378194208,18243
0.5421276595744681,18244
0.5425170068027211,18245
0.5420560747663551,18246
0.5424448217317487,18247
0.5419847328244275,18248
0.5415254237288135,18249
0.541913632514818,18250
0.5423011844331641,18251
0.5426880811496196,18252
0.5422297297297297,18253
0.5426160337552742,18254
0.5421585160202361,18255
0.5425442291491154,18256
0.5420875420875421,18257
0.5416316232127838,18258
0.542016806722689,18259
0.5415617128463476,18260
0.5411073825503355,18261
0.5406538139145013,18262
0.5402010050251256,18263
0.5397489539748954,18264
0.5392976588628763,18265
0.5388471177944862,18266
0.5383973288814691,18267
0.5387823185988324,18268
0.5391666666666667,18269
0.5395503746877602,18270
0.5399334442595674,18271
0.5403158769742311,18272
0.5406976744186046,18273
0.5410788381742738,18274
0.5414593698175788,18275
0.5410107705053853,18276
0.5413907284768212,18277
0.5409429280397022,18278
0.540495867768595,18279
0.5400495458298926,18280
0.5396039603960396,18281
0.5399835119538334,18282
0.5403624382207578,18283
0.5407407407407407,18284
0.5411184210526315,18285
0.5406737880032868,18286
0.5410509031198686,18287
0.5414273995077933,18288
0.5418032786885246,18289
0.5421785421785422,18290
inf,18291
1.0,18292
1.0,18293
0.6666666666666666,18294
0.5,18295
0.4,18296
0.3333333333333333,18297
0.42857142857142855,18298
0.5,18299
0.4444444444444444,18300
0.4,18301
0.36363636363636365,18302
0.3333333333333333,18303
0.3076923076923077,18304
0.2857142857142857,18305
0.3333333333333333,18306
0.3125,18307
0.35294117647058826,18308
0.3333333333333333,18309
0.3157894736842105,18310
0.35,18311
0.3333333333333333,18312
0.36363636363636365,18313
0.391304347826087,18314
0.4166666666666667,18315
0.44,18316
0.46153846153846156,18317
0.48148148148148145,18318
0.5,18319
0.5172413793103449,18320
0.5,18321
0.5161290322580645,18322
0.53125,18323
0.5151515151515151,18324
0.5,18325
0.4857142857142857,18326
0.4722222222222222,18327
0.4594594594594595,18328
0.47368421052631576,18329
0.48717948717948717,18330
0.5,18331
0.4878048780487805,18332
0.5,18333
0.5116279069767442,18334
0.5227272727272727,18335
0.5111111111111111,18336
0.5,18337
0.48936170212765956,18338
0.5,18339
0.5102040816326531,18340
0.5,18341
0.49019607843137253,18342
0.5,18343
0.5094339622641509,18344
0.5,18345
0.4909090909090909,18346
0.48214285714285715,18347
0.47368421052631576,18348
0.4827586206896552,18349
0.4915254237288136,18350
0.5,18351
0.4918032786885246,18352
0.4838709677419355,18353
0.49206349206349204,18354
0.5,18355
0.5076923076923077,18356
0.5,18357
0.5074626865671642,18358
0.5,18359
0.4927536231884058,18360
0.4857142857142857,18361
0.49295774647887325,18362
0.4861111111111111,18363
0.4931506849315068,18364
0.5,18365
0.49333333333333335,18366
0.5,18367
0.4935064935064935,18368
0.48717948717948717,18369
0.4936708860759494,18370
0.4875,18371
0.48148148148148145,18372
0.4878048780487805,18373
0.4939759036144578,18374
0.4880952380952381,18375
0.4823529411764706,18376
0.4883720930232558,18377
0.4827586206896552,18378
0.48863636363636365,18379
0.48314606741573035,18380
0.4888888888888889,18381
0.4835164835164835,18382
0.4782608695652174,18383
0.4838709677419355,18384
0.48936170212765956,18385
0.49473684210526314,18386
0.4895833333333333,18387
0.4845360824742268,18388
0.4897959183673469,18389
0.494949494949495,18390
0.5,18391
0.49504950495049505,18392
0.49019607843137253,18393
0.49514563106796117,18394
0.49038461538461536,18395
0.49523809523809526,18396
0.49056603773584906,18397
0.4953271028037383,18398
0.5,18399
0.5045871559633027,18400
0.509090909090909,18401
0.5135135135135135,18402
0.5178571428571429,18403
0.5221238938053098,18404
0.5263157894736842,18405
0.5217391304347826,18406
0.5258620689655172,18407
0.5213675213675214,18408
0.5254237288135594,18409
0.5294117647058824,18410
0.525,18411
0.5289256198347108,18412
0.5327868852459017,18413
0.5365853658536586,18414
0.532258064516129,18415
0.536,18416
0.5396825396825397,18417
0.5433070866141733,18418
0.546875,18419
0.5503875968992248,18420
0.5538461538461539,18421
0.549618320610687,18422
0.553030303030303,18423
0.556390977443609,18424
0.5597014925373134,18425
0.562962962962963,18426
0.5661764705882353,18427
0.5620437956204379,18428
0.5652173913043478,18429
0.5611510791366906,18430
0.5642857142857143,18431
0.5602836879432624,18432
0.5633802816901409,18433
0.5594405594405595,18434
0.5555555555555556,18435
0.5517241379310345,18436
0.5547945205479452,18437
0.5578231292517006,18438
0.5608108108108109,18439
0.5570469798657718,18440
0.5533333333333333,18441
0.5496688741721855,18442
0.5526315789473685,18443
0.5490196078431373,18444
0.551948051948052,18445
0.5548387096774193,18446
0.5576923076923077,18447
0.5605095541401274,18448
0.5569620253164557,18449
0.559748427672956,18450
0.55625,18451
0.5527950310559007,18452
0.5555555555555556,18453
0.558282208588957,18454
0.5609756097560976,18455
0.5636363636363636,18456
0.5662650602409639,18457
0.5688622754491018,18458
0.5714285714285714,18459
0.5739644970414202,18460
0.5705882352941176,18461
0.5672514619883041,18462
0.5697674418604651,18463
0.5664739884393064,18464
0.5689655172413793,18465
0.5714285714285714,18466
0.5738636363636364,18467
0.5706214689265536,18468
0.5730337078651685,18469
0.5754189944134078,18470
0.5777777777777777,18471
0.580110497237569,18472
0.5824175824175825,18473
0.5846994535519126,18474
0.5815217391304348,18475
0.5783783783783784,18476
0.5806451612903226,18477
0.5775401069518716,18478
0.5797872340425532,18479
0.582010582010582,18480
0.5842105263157895,18481
0.581151832460733,18482
0.5833333333333334,18483
0.5854922279792746,18484
0.5824742268041238,18485
0.5846153846153846,18486
0.5816326530612245,18487
0.583756345177665,18488
0.5858585858585859,18489
0.5879396984924623,18490
0.585,18491
0.5870646766169154,18492
0.5891089108910891,18493
0.5911330049261084,18494
0.5882352941176471,18495
0.5853658536585366,18496
0.587378640776699,18497
0.5893719806763285,18498
0.5913461538461539,18499
0.5933014354066986,18500
0.5904761904761905,18501
0.5924170616113744,18502
0.5943396226415094,18503
0.596244131455399,18504
0.5934579439252337,18505
0.5953488372093023,18506
0.5972222222222222,18507
0.5990783410138248,18508
0.6009174311926605,18509
0.5981735159817352,18510
0.6,18511
0.6018099547511312,18512
0.6036036036036037,18513
0.6053811659192825,18514
0.6071428571428571,18515
0.6044444444444445,18516
0.6061946902654868,18517
0.6079295154185022,18518
0.6096491228070176,18519
0.611353711790393,18520
0.6086956521739131,18521
0.6103896103896104,18522
0.6120689655172413,18523
0.6137339055793991,18524
0.6111111111111112,18525
0.6127659574468085,18526
0.6101694915254238,18527
0.6075949367088608,18528
0.6092436974789915,18529
0.606694560669456,18530
0.6041666666666666,18531
0.6058091286307054,18532
0.6074380165289256,18533
0.6090534979423868,18534
0.6065573770491803,18535
0.6081632653061224,18536
0.6097560975609756,18537
0.6072874493927125,18538
0.6088709677419355,18539
0.6104417670682731,18540
0.608,18541
0.6055776892430279,18542
0.6031746031746031,18543
0.6047430830039525,18544
0.6023622047244095,18545
0.6039215686274509,18546
0.6015625,18547
0.603112840466926,18548
0.6046511627906976,18549
0.6061776061776062,18550
0.6038461538461538,18551
0.6015325670498084,18552
0.5992366412213741,18553
0.596958174904943,18554
0.5946969696969697,18555
0.5924528301886792,18556
0.5902255639097744,18557
0.5880149812734082,18558
0.5895522388059702,18559
0.587360594795539,18560
0.5851851851851851,18561
0.5867158671586716,18562
0.5845588235294118,18563
0.5824175824175825,18564
0.583941605839416,18565
0.5854545454545454,18566
0.5833333333333334,18567
0.5812274368231047,18568
0.579136690647482,18569
0.5806451612903226,18570
0.5785714285714286,18571
0.5765124555160143,18572
0.5780141843971631,18573
0.5759717314487632,18574
0.5774647887323944,18575
0.5789473684210527,18576
0.5804195804195804,18577
0.578397212543554,18578
0.5763888888888888,18579
0.5778546712802768,18580
0.5793103448275863,18581
0.5773195876288659,18582
0.5753424657534246,18583
0.5767918088737202,18584
0.5748299319727891,18585
0.5728813559322034,18586
0.5709459459459459,18587
0.5723905723905723,18588
0.5738255033557047,18589
0.5752508361204013,18590
0.5766666666666667,18591
0.574750830564784,18592
0.5761589403973509,18593
0.5775577557755776,18594
0.5789473684210527,18595
0.580327868852459,18596
0.5816993464052288,18597
0.5830618892508144,18598
0.5844155844155844,18599
0.5857605177993528,18600
0.5870967741935483,18601
0.5884244372990354,18602
0.5897435897435898,18603
0.5910543130990416,18604
0.5923566878980892,18605
0.5904761904761905,18606
0.5917721518987342,18607
0.5899053627760252,18608
0.5880503144654088,18609
0.5862068965517241,18610
0.5875,18611
0.5887850467289719,18612
0.5900621118012422,18613
0.5882352941176471,18614
0.5895061728395061,18615
0.5907692307692308,18616
0.5920245398773006,18617
0.5902140672782875,18618
0.5914634146341463,18619
0.5896656534954408,18620
0.5909090909090909,18621
0.5891238670694864,18622
0.5873493975903614,18623
0.5855855855855856,18624
0.5838323353293413,18625
0.582089552238806,18626
0.5833333333333334,18627
0.5845697329376854,18628
0.5857988165680473,18629
0.584070796460177,18630
0.5852941176470589,18631
0.5835777126099707,18632
0.5818713450292398,18633
0.5801749271137027,18634
0.5813953488372093,18635
0.5797101449275363,18636
0.5809248554913294,18637
0.579250720461095,18638
0.5804597701149425,18639
0.5816618911174785,18640
0.5828571428571429,18641
0.5811965811965812,18642
0.5823863636363636,18643
0.5807365439093485,18644
0.5819209039548022,18645
0.5802816901408451,18646
0.5786516853932584,18647
0.5770308123249299,18648
0.5754189944134078,18649
0.5738161559888579,18650
0.575,18651
0.5761772853185596,18652
0.574585635359116,18653
0.5730027548209367,18654
0.5741758241758241,18655
0.5753424657534246,18656
0.5765027322404371,18657
0.5776566757493188,18658
0.5788043478260869,18659
0.5772357723577236,18660
0.5783783783783784,18661
0.5768194070080862,18662
0.5779569892473119,18663
0.5764075067024129,18664
0.5748663101604278,18665
0.5733333333333334,18666
0.574468085106383,18667
0.5755968169761273,18668
0.5740740740740741,18669
0.5725593667546174,18670
0.5710526315789474,18671
0.5695538057742782,18672
0.5706806282722513,18673
0.5718015665796344,18674
0.5703125,18675
0.5688311688311688,18676
0.5673575129533679,18677
0.5658914728682171,18678
0.5670103092783505,18679
0.5681233933161953,18680
0.5692307692307692,18681
0.5677749360613811,18682
0.5663265306122449,18683
0.5648854961832062,18684
0.5634517766497462,18685
0.5645569620253165,18686
0.5631313131313131,18687
0.5642317380352645,18688
0.5653266331658291,18689
0.5639097744360902,18690
0.565,18691
0.5660847880299252,18692
0.5646766169154229,18693
0.56575682382134,18694
0.5668316831683168,18695
0.5654320987654321,18696
0.5640394088669951,18697
0.5626535626535627,18698
0.5612745098039216,18699
0.5623471882640587,18700
0.5609756097560976,18701
0.559610705596107,18702
0.558252427184466,18703
0.5569007263922519,18704
0.5555555555555556,18705
0.5566265060240964,18706
0.5552884615384616,18707
0.5563549160671463,18708
0.5550239234449761,18709
0.5536992840095465,18710
0.5547619047619048,18711
0.5558194774346793,18712
0.556872037914692,18713
0.557919621749409,18714
0.5566037735849056,18715
0.5576470588235294,18716
0.5586854460093896,18717
0.5597189695550351,18718
0.5607476635514018,18719
0.5594405594405595,18720
0.5581395348837209,18721
0.5568445475638051,18722
0.5578703703703703,18723
0.558891454965358,18724
0.5576036866359447,18725
0.5586206896551724,18726
0.5573394495412844,18727
0.5560640732265446,18728
0.5570776255707762,18729
0.5558086560364465,18730
0.5545454545454546,18731
0.5555555555555556,18732
0.5565610859728507,18733
0.5553047404063205,18734
0.5540540540540541,18735
0.5528089887640449,18736
0.5515695067264574,18737
0.5525727069351231,18738
0.5513392857142857,18739
0.5501113585746102,18740
0.5511111111111111,18741
0.5521064301552107,18742
0.5508849557522124,18743
0.5518763796909493,18744
0.552863436123348,18745
0.5538461538461539,18746
0.5526315789473685,18747
0.5514223194748359,18748
0.5524017467248908,18749
0.5533769063180828,18750
0.5521739130434783,18751
0.5531453362255966,18752
0.551948051948052,18753
0.550755939524838,18754
0.5517241379310345,18755
0.5505376344086022,18756
0.5493562231759657,18757
0.550321199143469,18758
0.5491452991452992,18759
0.5479744136460555,18760
0.5468085106382978,18761
0.5456475583864119,18762
0.5444915254237288,18763
0.5433403805496829,18764
0.5443037974683544,18765
0.5452631578947369,18766
0.5462184873949579,18767
0.5450733752620545,18768
0.5460251046025104,18769
0.5469728601252609,18770
0.5479166666666667,18771
0.5488565488565489,18772
0.549792531120332,18773
0.5507246376811594,18774
0.5516528925619835,18775
0.5525773195876289,18776
0.5534979423868313,18777
0.5544147843942505,18778
0.5532786885245902,18779
0.5541922290388548,18780
0.5530612244897959,18781
0.5519348268839104,18782
0.5528455284552846,18783
0.5537525354969574,18784
0.5526315789473685,18785
0.5515151515151515,18786
0.5504032258064516,18787
0.5513078470824949,18788
0.5522088353413654,18789
0.5511022044088176,18790
0.552,18791
0.5528942115768463,18792
0.5537848605577689,18793
0.5546719681908548,18794
0.5535714285714286,18795
0.5524752475247525,18796
0.5513833992094862,18797
0.5522682445759369,18798
0.5531496062992126,18799
0.5520628683693517,18800
0.5509803921568628,18801
0.5518590998043053,18802
0.55078125,18803
0.5516569200779727,18804
0.5505836575875487,18805
0.5514563106796116,18806
0.5523255813953488,18807
0.5531914893617021,18808
0.5540540540540541,18809
0.5549132947976878,18810
0.5538461538461539,18811
0.5527831094049904,18812
0.5517241379310345,18813
0.5525812619502868,18814
0.5515267175572519,18815
0.5504761904761905,18816
0.5494296577946768,18817
0.5483870967741935,18818
0.5473484848484849,18819
0.5482041587901701,18820
0.5490566037735849,18821
0.5480225988700564,18822
0.5488721804511278,18823
0.549718574108818,18824
0.548689138576779,18825
0.5476635514018692,18826
0.5485074626865671,18827
0.5493482309124768,18828
0.550185873605948,18829
0.5510204081632653,18830
0.5518518518518518,18831
0.5508317929759704,18832
0.5498154981549815,18833
0.5506445672191529,18834
0.5514705882352942,18835
0.5504587155963303,18836
0.5494505494505495,18837
0.5502742230347349,18838
0.551094890510949,18839
0.5500910746812386,18840
0.5490909090909091,18841
0.5499092558983666,18842
0.5489130434782609,18843
0.5479204339963833,18844
0.5469314079422383,18845
0.5459459459459459,18846
0.5467625899280576,18847
0.547576301615799,18848
0.5483870967741935,18849
0.5491949910554562,18850
0.55,18851
0.5490196078431373,18852
0.5498220640569395,18853
0.5488454706927176,18854
0.5478723404255319,18855
0.5469026548672566,18856
0.5477031802120141,18857
0.5485008818342152,18858
0.5475352112676056,18859
0.5483304042179262,18860
0.5473684210526316,18861
0.5481611208406305,18862
0.5472027972027972,18863
0.5462478184991274,18864
0.5452961672473867,18865
0.5443478260869565,18866
0.5451388888888888,18867
0.5459272097053726,18868
0.5449826989619377,18869
0.5440414507772021,18870
0.5448275862068965,18871
0.5456110154905336,18872
0.5446735395189003,18873
0.5437392795883362,18874
0.5428082191780822,18875
0.5418803418803418,18876
0.5426621160409556,18877
0.5434412265758092,18878
0.5425170068027211,18879
0.5432937181663837,18880
0.5423728813559322,18881
0.5414551607445008,18882
0.5422297297297297,18883
0.5430016863406408,18884
0.5420875420875421,18885
0.5411764705882353,18886
0.5419463087248322,18887
0.541038525963149,18888
0.5418060200668896,18889
0.5409015025041736,18890
0.54,18891
0.540765391014975,18892
0.5415282392026578,18893
0.5406301824212272,18894
0.5413907284768212,18895
0.540495867768595,18896
0.5396039603960396,18897
0.5403624382207578,18898
0.5394736842105263,18899
0.5402298850574713,18900
0.5393442622950819,18901
0.5400981996726678,18902
0.5408496732026143,18903
0.5415986949429038,18904
0.5423452768729642,18905
0.5430894308943089,18906
0.5422077922077922,18907
0.5429497568881686,18908
0.5420711974110033,18909
0.5428109854604201,18910
0.5419354838709678,18911
0.5426731078904992,18912
0.5434083601286174,18913
0.5441412520064205,18914
0.5432692307692307,18915
0.544,18916
0.5447284345047924,18917
0.5454545454545454,18918
0.5445859872611465,18919
0.5437201907790143,18920
0.5444444444444444,18921
0.5435816164817749,18922
0.5443037974683544,18923
0.5450236966824644,18924
0.5457413249211357,18925
0.5464566929133858,18926
0.5455974842767296,18927
0.5447409733124019,18928
0.5438871473354232,18929
0.5446009389671361,18930
0.5453125,18931
0.5460218408736349,18932
0.5467289719626168,18933
0.5474339035769828,18934
0.546583850931677,18935
0.5457364341085271,18936
0.544891640866873,18937
0.5455950540958269,18938
0.5447530864197531,18939
0.5454545454545454,18940
0.5461538461538461,18941
0.5468509984639017,18942
0.5460122699386503,18943
0.5451761102603369,18944
0.5458715596330275,18945
0.5450381679389313,18946
0.5442073170731707,18947
0.5449010654490106,18948
0.5455927051671733,18949
0.5462822458270106,18950
0.5454545454545454,18951
0.5446293494704992,18952
0.5453172205438066,18953
0.5444947209653092,18954
0.5451807228915663,18955
0.544360902255639,18956
0.545045045045045,18957
0.545727136431784,18958
0.5464071856287425,18959
0.5455904334828101,18960
0.5447761194029851,18961
0.5454545454545454,18962
0.5461309523809523,18963
0.5468053491827637,18964
0.5459940652818991,18965
0.5466666666666666,18966
0.5473372781065089,18967
0.5480059084194978,18968
0.5471976401179941,18969
0.5478645066273933,18970
0.5485294117647059,18971
0.5477239353891337,18972
0.5469208211143695,18973
0.5461200585651538,18974
0.5467836257309941,18975
0.545985401459854,18976
0.5466472303206997,18977
0.5473071324599709,18978
0.5465116279069767,18979
0.5471698113207547,18980
0.5463768115942029,18981
0.5470332850940666,18982
0.5476878612716763,18983
0.5468975468975469,18984
0.547550432276657,18985
0.5467625899280576,18986
0.5459770114942529,18987
0.5451936872309899,18988
0.5458452722063037,18989
0.5450643776824035,18990
0.5442857142857143,18991
0.543509272467903,18992
0.5441595441595442,18993
0.5448079658605974,18994
0.5440340909090909,18995
0.5432624113475177,18996
0.5424929178470255,18997
0.5417256011315418,18998
0.5423728813559322,18999
0.5416078984485191,19000
0.5422535211267606,19001
0.5428973277074542,19002
0.5421348314606742,19003
0.541374474053296,19004
0.542016806722689,19005
0.5426573426573427,19006
0.5432960893854749,19007
0.5439330543933054,19008
0.5445682451253482,19009
0.545201668984701,19010
0.5444444444444444,19011
0.5450762829403606,19012
0.5443213296398892,19013
0.5449515905947441,19014
0.5455801104972375,19015
0.5448275862068965,19016
0.5440771349862259,19017
0.5433287482806052,19018
0.5439560439560439,19019
0.5445816186556928,19020
0.5452054794520548,19021
0.5444596443228454,19022
0.5437158469945356,19023
0.5443383356070941,19024
0.5435967302452316,19025
0.54421768707483,19026
0.5448369565217391,19027
0.5454545454545454,19028
0.5460704607046071,19029
0.5453315290933695,19030
0.5445945945945946,19031
0.543859649122807,19032
0.5431266846361186,19033
0.5423956931359354,19034
0.5416666666666666,19035
0.5409395973154363,19036
0.5415549597855228,19037
0.5421686746987951,19038
0.5427807486631016,19039
0.5433911882510013,19040
0.5426666666666666,19041
0.5432756324900133,19042
0.5438829787234043,19043
0.5444887118193891,19044
0.5450928381962865,19045
0.5456953642384106,19046
0.5462962962962963,19047
0.5455746367239102,19048
0.5461741424802111,19049
0.546772068511199,19050
0.5460526315789473,19051
0.545335085413929,19052
0.5446194225721784,19053
0.5439056356487549,19054
0.5445026178010471,19055
0.5450980392156862,19056
0.5443864229765013,19057
0.5449804432855281,19058
0.5455729166666666,19059
0.5461638491547465,19060
0.5467532467532468,19061
0.5473411154345007,19062
0.5479274611398963,19063
0.5485122897800776,19064
0.5478036175710594,19065
0.5470967741935484,19066
0.5476804123711341,19067
0.5482625482625483,19068
0.5475578406169666,19069
0.5481386392811296,19070
0.5474358974358975,19071
0.5467349551856594,19072
0.5460358056265985,19073
0.545338441890166,19074
0.5446428571428571,19075
0.5439490445859873,19076
0.544529262086514,19077
0.5451080050825922,19078
0.5456852791878173,19079
0.5462610899873257,19080
0.5468354430379747,19081
0.5461441213653603,19082
0.5454545454545454,19083
0.544766708701135,19084
0.5453400503778337,19085
0.5459119496855346,19086
0.5464824120603015,19087
0.5457967377666249,19088
0.5463659147869674,19089
0.5469336670838548,19090
0.54625,19091
0.5455680399500624,19092
0.5461346633416458,19093
0.5466998754669987,19094
0.5460199004975125,19095
0.546583850931677,19096
0.5459057071960298,19097
0.5452292441140025,19098
0.5457920792079208,19099
0.546353522867738,19100
0.5469135802469136,19101
0.5462392108508015,19102
0.5455665024630542,19103
0.5461254612546126,19104
0.5466830466830467,19105
0.5460122699386503,19106
0.5453431372549019,19107
0.5458996328029376,19108
0.5452322738386308,19109
0.5457875457875457,19110
0.5451219512195122,19111
0.5444579780755177,19112
0.5450121654501217,19113
0.5443499392466585,19114
0.5436893203883495,19115
0.5442424242424242,19116
0.5447941888619855,19117
0.5441354292623942,19118
0.5434782608695652,19119
0.5428226779252111,19120
0.5421686746987951,19121
0.542719614921781,19122
0.5432692307692307,19123
0.5426170468187275,19124
0.5431654676258992,19125
0.5437125748502994,19126
0.5442583732057417,19127
0.5448028673835126,19128
0.545346062052506,19129
0.5458879618593564,19130
0.5464285714285714,19131
0.5457788347205708,19132
0.5451306413301663,19133
0.5456702253855279,19134
0.5462085308056872,19135
0.5455621301775148,19136
0.5449172576832151,19137
0.5454545454545454,19138
0.5459905660377359,19139
0.5465253239104829,19140
0.5470588235294118,19141
0.5475910693301997,19142
0.5481220657276995,19143
0.5474794841735052,19144
0.5468384074941453,19145
0.5473684210526316,19146
0.5467289719626168,19147
0.5460910151691949,19148
0.5454545454545454,19149
0.5459837019790454,19150
0.5465116279069767,19151
0.5470383275261324,19152
0.5475638051044084,19153
0.5469293163383546,19154
0.5474537037037037,19155
0.5468208092485549,19156
0.5473441108545035,19157
0.5478662053056517,19158
0.5472350230414746,19159
0.5477560414269275,19160
0.5482758620689655,19161
0.5487944890929966,19162
0.5493119266055045,19163
0.5486827033218786,19164
0.5491990846681922,19165
0.5485714285714286,19166
0.547945205479452,19167
0.5473204104903079,19168
0.5466970387243736,19169
0.5460750853242321,19170
0.5465909090909091,19171
0.5459704880817253,19172
0.5453514739229025,19173
0.5458663646659117,19174
0.5452488687782805,19175
0.5457627118644067,19176
0.5451467268623025,19177
0.5445321307779031,19178
0.543918918918919,19179
0.5433070866141733,19180
0.5426966292134832,19181
0.5432098765432098,19182
0.5437219730941704,19183
0.5442329227323628,19184
0.5436241610738255,19185
0.5430167597765363,19186
0.5424107142857143,19187
0.5429208472686734,19188
0.5434298440979956,19189
0.542825361512792,19190
0.5422222222222223,19191
0.5427302996670367,19192
0.5432372505543237,19193
0.5437430786267996,19194
0.543141592920354,19195
0.543646408839779,19196
0.543046357615894,19197
0.5424476295479603,19198
0.5429515418502202,19199
0.5423542354235423,19200
0.5428571428571428,19201
0.5422612513721186,19202
0.5427631578947368,19203
0.5432639649507119,19204
0.5437636761487965,19205
0.5431693989071038,19206
0.5436681222707423,19207
0.5441657579062159,19208
0.5446623093681917,19209
0.544069640914037,19210
0.5445652173913044,19211
0.5450597176981542,19212
0.544468546637744,19213
0.5438786565547129,19214
0.5443722943722944,19215
0.5448648648648649,19216
0.5453563714902808,19217
0.5447680690399137,19218
0.5452586206896551,19219
0.5446716899892358,19220
0.5451612903225806,19221
0.5445757250268528,19222
0.5450643776824035,19223
0.5455519828510182,19224
0.5449678800856531,19225
0.544385026737968,19226
0.5448717948717948,19227
0.544290288153682,19228
0.5447761194029851,19229
0.5452609158679447,19230
0.5457446808510639,19231
0.5451647183846972,19232
0.5445859872611465,19233
0.545068928950159,19234
0.5455508474576272,19235
0.544973544973545,19236
0.5443974630021141,19237
0.5448785638859557,19238
0.5443037974683544,19239
0.5447839831401475,19240
0.5442105263157895,19241
0.544689800210305,19242
0.5451680672268907,19243
0.5456453305351522,19244
0.5450733752620545,19245
0.5455497382198953,19246
0.5460251046025104,19247
0.5464994775339603,19248
0.545929018789144,19249
0.5464025026068822,19250
0.546875,19251
0.5473465140478668,19252
0.5478170478170478,19253
0.5482866043613707,19254
0.5477178423236515,19255
0.5471502590673575,19256
0.5476190476190477,19257
0.5480868665977249,19258
0.5475206611570248,19259
0.5479876160990712,19260
0.5484536082474227,19261
0.5478887744593203,19262
0.5483539094650206,19263
0.5488180883864338,19264
0.5492813141683778,19265
0.5487179487179488,19266
0.5491803278688525,19267
0.548618219037871,19268
0.549079754601227,19269
0.5495403472931563,19270
0.5489795918367347,19271
0.5494393476044852,19272
0.5488798370672098,19273
0.5493387589013224,19274
0.5487804878048781,19275
0.5482233502538071,19276
0.5476673427991886,19277
0.547112462006079,19278
0.5465587044534413,19279
0.5470171890798786,19280
0.5474747474747474,19281
0.5479313824419778,19282
0.5483870967741935,19283
0.5488418932527693,19284
0.5482897384305835,19285
0.5477386934673367,19286
0.5471887550200804,19287
0.5476429287863591,19288
0.5480961923847696,19289
0.5485485485485485,19290
0.549,19291
0.5494505494505495,19292
0.5489021956087824,19293
0.5483549351944168,19294
0.548804780876494,19295
0.5482587064676617,19296
0.5487077534791253,19297
0.5491559086395233,19298
0.5496031746031746,19299
0.5490584737363726,19300
0.5495049504950495,19301
0.5489614243323442,19302
0.5484189723320159,19303
0.5488647581441264,19304
0.5493096646942801,19305
0.5497536945812808,19306
0.5501968503937008,19307
0.5496558505408063,19308
0.550098231827112,19309
0.55053974484789,19310
0.5509803921568628,19311
0.5514201762977473,19312
0.5518590998043053,19313
0.5513196480938416,19314
0.5517578125,19315
0.5521951219512196,19316
0.5516569200779727,19317
0.5520934761441091,19318
0.5515564202334631,19319
0.5510204081632653,19320
0.5514563106796116,19321
0.550921435499515,19322
0.5513565891472868,19323
0.5517909002904162,19324
0.5522243713733076,19325
0.5526570048309178,19326
0.553088803088803,19327
0.5525554484088717,19328
0.5529865125240848,19329
0.5524542829643888,19330
0.5528846153846154,19331
0.553314121037464,19332
0.553742802303263,19333
0.5532118887823586,19334
0.5526819923371648,19335
0.5521531100478468,19336
0.5525812619502868,19337
0.5530085959885387,19338
0.5534351145038168,19339
0.5529075309818875,19340
0.5523809523809524,19341
0.5528068506184586,19342
0.5532319391634981,19343
0.5527065527065527,19344
0.5521821631878557,19345
0.5516587677725119,19346
0.5520833333333334,19347
0.5525070955534531,19348
0.5519848771266541,19349
0.5514636449480642,19350
0.5518867924528302,19351
0.5513666352497644,19352
0.551789077212806,19353
0.5522107243650047,19354
0.5516917293233082,19355
0.5511737089201878,19356
0.550656660412758,19357
0.5501405810684161,19358
0.550561797752809,19359
0.5509822263797942,19360
0.5514018691588785,19361
0.5508870214752568,19362
0.5513059701492538,19363
0.5507921714818267,19364
0.5512104283054003,19365
0.5506976744186046,19366
0.550185873605948,19367
0.5496750232126276,19368
0.549165120593692,19369
0.5495829471733086,19370
0.549074074074074,19371
0.5494912118408881,19372
0.5499075785582255,19373
0.5503231763619575,19374
0.5507380073800738,19375
0.5502304147465438,19376
0.5497237569060773,19377
0.5501379944802208,19378
0.5496323529411765,19379
0.5500459136822773,19380
0.5495412844036697,19381
0.5490375802016498,19382
0.5494505494505495,19383
0.5498627630375115,19384
0.5493601462522852,19385
0.5488584474885845,19386
0.5492700729927007,19387
0.5487693710118505,19388
0.5482695810564663,19389
0.5477707006369427,19390
0.5481818181818182,19391
0.547683923705722,19392
0.5471869328493648,19393
0.5466908431550317,19394
0.5471014492753623,19395
0.5475113122171946,19396
0.5470162748643761,19397
0.5474254742547425,19398
0.5478339350180506,19399
0.5482416591523895,19400
0.5477477477477477,19401
0.5481548154815482,19402
0.5476618705035972,19403
0.5480682839173405,19404
0.5484739676840216,19405
0.5479820627802691,19406
0.5474910394265233,19407
0.5470008952551477,19408
0.5474060822898033,19409
0.546916890080429,19410
0.5464285714285714,19411
0.5459411239964318,19412
0.5463458110516934,19413
0.5467497773820125,19414
0.547153024911032,19415
0.5475555555555556,19416
0.5470692717584369,19417
0.5474711623779946,19418
0.5478723404255319,19419
0.5473870682019486,19420
0.547787610619469,19421
0.5481874447391689,19422
0.5485865724381626,19423
0.5481023830538394,19424
0.5476190476190477,19425
0.547136563876652,19426
0.5466549295774648,19427
0.5461741424802111,19428
0.5456942003514939,19429
0.5460930640913082,19430
0.5464912280701755,19431
0.5468886941279579,19432
0.5472854640980735,19433
0.5476815398075241,19434
0.5472027972027972,19435
0.5475982532751091,19436
0.5471204188481675,19437
0.5466434176111595,19438
0.5470383275261324,19439
0.5474325500435161,19440
0.5469565217391305,19441
0.5464813205907906,19442
0.5460069444444444,19443
0.5455333911535126,19444
0.5450606585788561,19445
0.5445887445887446,19446
0.5441176470588235,19447
0.5445116681071738,19448
0.5449050086355786,19449
0.545297670405522,19450
0.5448275862068965,19451
0.5452196382428941,19452
0.544750430292599,19453
0.5442820292347378,19454
0.5438144329896907,19455
0.544206008583691,19456
0.5437392795883362,19457
0.5441302485004285,19458
0.5436643835616438,19459
0.544054747647562,19460
0.5444444444444444,19461
0.5448334756618275,19462
0.5443686006825939,19463
0.5439045183290707,19464
0.5442930153321976,19465
0.5446808510638298,19466
0.5450680272108843,19467
0.5454545454545454,19468
0.5449915110356537,19469
0.544529262086514,19470
0.5440677966101695,19471
0.5444538526672311,19472
0.544839255499154,19473
0.5443786982248521,19474
0.5447635135135135,19475
0.5451476793248945,19476
0.5446880269814502,19477
0.544229149115417,19478
0.5446127946127947,19479
0.5441547518923465,19480
0.5445378151260504,19481
0.5449202350965575,19482
0.5453020134228188,19483
0.5456831517183571,19484
0.5452261306532663,19485
0.5447698744769874,19486
0.544314381270903,19487
0.5446950710108605,19488
0.5450751252086812,19489
0.5454545454545454,19490
0.5458333333333333,19491
0.5453788509575354,19492
0.5457570715474209,19493
0.545303408146301,19494
0.5448504983388704,19495
0.5443983402489626,19496
0.5439469320066335,19497
0.5434962717481359,19498
0.543046357615894,19499
0.543424317617866,19500
0.543801652892562,19501
0.5433526011560693,19502
0.5437293729372937,19503
0.5441055234954658,19504
0.5444810543657331,19505
0.5448559670781893,19506
0.5452302631578947,19507
0.5447822514379622,19508
0.5443349753694581,19509
0.5438884331419196,19510
0.5442622950819672,19511
