prediction,game_index,second_half
0.0,1,0
0.0,2,0
0.0,3,0
0.0,4,0
0.0,5,0
0.16666666666666666,6,0
0.2857142857142857,7,0
0.375,8,0
0.3333333333333333,9,0
0.4,10,0
0.45454545454545453,11,0
0.5,12,0
0.5384615384615384,13,0
0.5,14,0
0.5333333333333333,15,0
0.5,16,0
0.5294117647058824,17,0
0.5555555555555556,18,0
0.5263157894736842,19,0
0.55,20,0
0.5238095238095238,21,0
0.5454545454545454,22,0
0.5217391304347826,23,0
0.5416666666666666,24,0
0.56,25,0
0.5769230769230769,26,0
0.5925925925925926,27,0
0.6071428571428571,28,0
0.6206896551724138,29,0
0.6,30,0
0.6129032258064516,31,0
0.59375,32,0
0.6060606060606061,33,0
0.6176470588235294,34,0
0.6285714285714286,35,0
0.6388888888888888,36,0
0.6216216216216216,37,0
0.6052631578947368,38,0
0.5897435897435898,39,0
0.6,40,0
0.5853658536585366,41,0
0.5952380952380952,42,0
0.6046511627906976,43,0
0.6136363636363636,44,0
0.6222222222222222,45,0
0.6304347826086957,46,0
0.6382978723404256,47,0
0.625,48,0
0.6122448979591837,49,0
0.62,50,0
0.6274509803921569,51,0
0.6153846153846154,52,0
0.6226415094339622,53,0
0.6111111111111112,54,0
0.6181818181818182,55,0
0.6071428571428571,56,0
0.5964912280701754,57,0
0.5862068965517241,58,0
0.5932203389830508,59,0
0.6,60,0
0.5901639344262295,61,0
0.5806451612903226,62,0
0.5873015873015873,63,0
0.59375,64,0
0.5846153846153846,65,0
0.5757575757575758,66,0
0.5671641791044776,67,0
0.5735294117647058,68,0
0.5797101449275363,69,0
0.5857142857142857,70,0
0.5915492957746479,71,0
0.5972222222222222,72,0
0.6027397260273972,73,0
0.6081081081081081,74,0
0.6,75,0
0.6052631578947368,76,0
0.6103896103896104,77,0
0.6153846153846154,78,0
0.620253164556962,79,0
0.625,80,0
0.6296296296296297,81,0
0.6341463414634146,82,0
0.6385542168674698,83,0
0.6428571428571429,84,0
0.6352941176470588,85,0
0.627906976744186,86,0
0.632183908045977,87,0
0.625,88,0
0.6292134831460674,89,0
0.6333333333333333,90,0
0.6263736263736264,91,0
0.6195652173913043,92,0
0.6236559139784946,93,0
0.6170212765957447,94,0
0.6210526315789474,95,0
0.625,96,0
0.6288659793814433,97,0
0.6224489795918368,98,0
0.6262626262626263,99,0
0.63,100,0
0.6336633663366337,101,0
0.6372549019607843,102,0
0.6407766990291263,103,0
0.6442307692307693,104,0
0.6476190476190476,105,0
0.6415094339622641,106,0
0.6448598130841121,107,0
0.6388888888888888,108,0
0.6330275229357798,109,0
0.6272727272727273,110,0
0.6306306306306306,111,0
0.6339285714285714,112,0
0.6283185840707964,113,0
0.6228070175438597,114,0
0.6260869565217392,115,0
0.6206896551724138,116,0
0.6239316239316239,117,0
0.6186440677966102,118,0
0.6134453781512605,119,0
0.6083333333333333,120,0
0.6115702479338843,121,0
0.6065573770491803,122,0
0.6016260162601627,123,0
0.6048387096774194,124,0
0.6,125,0
0.5952380952380952,126,0
0.5905511811023622,127,0
0.59375,128,0
0.5968992248062015,129,0
0.6,130,0
0.6030534351145038,131,1
0.6060606060606061,132,1
0.6015037593984962,133,1
0.5970149253731343,134,1
0.5925925925925926,135,1
0.5955882352941176,136,1
0.5985401459854015,137,1
0.5942028985507246,138,1
0.5899280575539568,139,1
0.5928571428571429,140,1
0.5957446808510638,141,1
0.5985915492957746,142,1
0.5944055944055944,143,1
0.5972222222222222,144,1
0.6,145,1
0.6027397260273972,146,1
0.5986394557823129,147,1
0.6013513513513513,148,1
0.5973154362416108,149,1
0.5933333333333334,150,1
0.5960264900662252,151,1
0.5921052631578947,152,1
0.5882352941176471,153,1
0.5909090909090909,154,1
0.5870967741935483,155,1
0.5897435897435898,156,1
0.5859872611464968,157,1
0.5822784810126582,158,1
0.5786163522012578,159,1
0.575,160,1
0.5714285714285714,161,1
0.5679012345679012,162,1
0.5705521472392638,163,1
0.573170731707317,164,1
0.5757575757575758,165,1
0.572289156626506,166,1
0.5748502994011976,167,1
0.5714285714285714,168,1
0.5680473372781065,169,1
0.5647058823529412,170,1
0.5614035087719298,171,1
0.5581395348837209,172,1
0.5549132947976878,173,1
0.5517241379310345,174,1
0.5485714285714286,175,1
0.5454545454545454,176,1
0.5480225988700564,177,1
0.5449438202247191,178,1
0.547486033519553,179,1
0.55,180,1
0.5524861878453039,181,1
0.554945054945055,182,1
0.5573770491803278,183,1
0.5543478260869565,184,1
0.5567567567567567,185,1
0.5591397849462365,186,1
0.5561497326203209,187,1
0.5585106382978723,188,1
0.5555555555555556,189,1
0.5526315789473685,190,1
0.5549738219895288,191,1
0.5572916666666666,192,1
0.5544041450777202,193,1
0.5567010309278351,194,1
0.558974358974359,195,1
0.5612244897959183,196,1
0.5634517766497462,197,1
0.5606060606060606,198,1
0.5628140703517588,199,1
0.56,200,1
0.5572139303482587,201,1
0.5594059405940595,202,1
0.5615763546798029,203,1
0.5637254901960784,204,1
0.5658536585365853,205,1
0.5679611650485437,206,1
0.5652173913043478,207,1
0.5625,208,1
0.5645933014354066,209,1
0.5666666666666667,210,1
0.5687203791469194,211,1
0.5660377358490566,212,1
0.5633802816901409,213,1
0.5654205607476636,214,1
0.5627906976744186,215,1
0.5648148148148148,216,1
0.5622119815668203,217,1
0.5642201834862385,218,1
0.5662100456621004,219,1
0.5636363636363636,220,1
0.5610859728506787,221,1
0.5585585585585585,222,1
0.5560538116591929,223,1
0.5580357142857143,224,1
0.5555555555555556,225,1
0.5575221238938053,226,1
0.5594713656387665,227,1
0.5614035087719298,228,1
0.5633187772925764,229,1
0.5652173913043478,230,1
0.5627705627705628,231,1
0.5646551724137931,232,1
0.5665236051502146,233,1
0.5683760683760684,234,1
0.5659574468085107,235,1
0.5677966101694916,236,1
0.569620253164557,237,1
0.5714285714285714,238,1
0.5732217573221757,239,1
0.575,240,1
0.5726141078838174,241,1
0.5743801652892562,242,1
inf,243,0
1.0,244,0
1.0,245,0
0.6666666666666666,246,0
0.75,247,0
0.8,248,0
0.8333333333333334,249,0
0.8571428571428571,250,0
0.75,251,0
0.6666666666666666,252,0
0.6,253,0
0.5454545454545454,254,0
0.5833333333333334,255,0
0.6153846153846154,256,0
0.5714285714285714,257,0
0.5333333333333333,258,0
0.5625,259,0
0.5294117647058824,260,0
0.5555555555555556,261,0
0.5789473684210527,262,0
0.55,263,0
0.5714285714285714,264,0
0.5909090909090909,265,0
0.6086956521739131,266,0
0.5833333333333334,267,0
0.56,268,0
0.5384615384615384,269,0
0.5185185185185185,270,0
0.5357142857142857,271,0
0.5172413793103449,272,0
0.5,273,0
0.5161290322580645,274,0
0.5,275,0
0.48484848484848486,276,0
0.5,277,0
0.4857142857142857,278,0
0.5,279,0
0.4864864864864865,280,0
0.47368421052631576,281,0
0.48717948717948717,282,0
0.5,283,0
0.4878048780487805,284,0
0.47619047619047616,285,0
0.4883720930232558,286,0
0.5,287,0
0.5111111111111111,288,0
0.5217391304347826,289,0
0.5106382978723404,290,0
0.5208333333333334,291,0
0.5306122448979592,292,0
0.54,293,0
0.5490196078431373,294,0
0.5576923076923077,295,0
0.5660377358490566,296,0
0.5740740740740741,297,0
0.5636363636363636,298,0
0.5714285714285714,299,0
0.5789473684210527,300,0
0.5862068965517241,301,0
0.576271186440678,302,0
0.5833333333333334,303,0
0.5901639344262295,304,0
0.5967741935483871,305,0
0.5873015873015873,306,0
0.59375,307,0
0.6,308,0
0.6060606060606061,309,0
0.5970149253731343,310,0
0.5882352941176471,311,0
0.5797101449275363,312,0
0.5714285714285714,313,0
0.5633802816901409,314,0
0.5694444444444444,315,0
0.5616438356164384,316,0
0.5675675675675675,317,0
0.5733333333333334,318,0
0.5789473684210527,319,0
0.5844155844155844,320,0
0.5897435897435898,321,0
0.5822784810126582,322,0
0.5875,323,0
0.5802469135802469,324,0
0.573170731707317,325,0
0.5783132530120482,326,0
0.5833333333333334,327,0
0.5882352941176471,328,0
0.5930232558139535,329,0
0.5977011494252874,330,0
0.5909090909090909,331,0
0.5842696629213483,332,0
0.5777777777777777,333,0
0.5714285714285714,334,0
0.5760869565217391,335,0
0.5806451612903226,336,0
0.574468085106383,337,0
0.5684210526315789,338,0
0.5625,339,0
0.5567010309278351,340,0
0.5612244897959183,341,0
0.5555555555555556,342,0
0.55,343,0
0.5544554455445545,344,0
0.5490196078431373,345,0
0.5436893203883495,346,0
0.5384615384615384,347,0
0.5333333333333333,348,0
0.5377358490566038,349,0
0.5420560747663551,350,0
0.5462962962962963,351,0
0.5412844036697247,352,0
0.5454545454545454,353,0
0.5495495495495496,354,0
0.5446428571428571,355,0
0.5486725663716814,356,0
0.543859649122807,357,0
0.5478260869565217,358,0
0.5517241379310345,359,0
0.5470085470085471,360,0
0.5423728813559322,361,0
0.5378151260504201,362,0
0.5416666666666666,363,0
0.5454545454545454,364,0
0.5491803278688525,365,0
0.5447154471544715,366,0
0.5483870967741935,367,0
0.552,368,0
0.5555555555555556,369,0
0.5590551181102362,370,0
0.5625,371,1
0.5581395348837209,372,1
0.5615384615384615,373,1
0.5648854961832062,374,1
0.5681818181818182,375,1
0.5714285714285714,376,1
0.5746268656716418,377,1
0.5703703703703704,378,1
0.5735294117647058,379,1
0.5693430656934306,380,1
0.572463768115942,381,1
0.5755395683453237,382,1
0.5714285714285714,383,1
0.5673758865248227,384,1
0.5704225352112676,385,1
0.5734265734265734,386,1
0.5694444444444444,387,1
0.5655172413793104,388,1
0.5616438356164384,389,1
0.5578231292517006,390,1
0.5608108108108109,391,1
0.5637583892617449,392,1
0.56,393,1
0.5629139072847682,394,1
0.5657894736842105,395,1
0.5686274509803921,396,1
0.5714285714285714,397,1
0.5741935483870968,398,1
0.5769230769230769,399,1
0.5732484076433121,400,1
0.569620253164557,401,1
0.5723270440251572,402,1
0.575,403,1
0.5714285714285714,404,1
0.5740740740740741,405,1
0.5766871165644172,406,1
0.5792682926829268,407,1
0.5818181818181818,408,1
0.5843373493975904,409,1
0.5868263473053892,410,1
0.5892857142857143,411,1
0.591715976331361,412,1
0.5882352941176471,413,1
0.5847953216374269,414,1
0.5872093023255814,415,1
0.5895953757225434,416,1
0.5919540229885057,417,1
0.5885714285714285,418,1
0.5909090909090909,419,1
0.5932203389830508,420,1
0.5955056179775281,421,1
0.5921787709497207,422,1
0.5888888888888889,423,1
0.5911602209944752,424,1
0.5934065934065934,425,1
0.5956284153005464,426,1
0.5978260869565217,427,1
0.6,428,1
0.5967741935483871,429,1
0.5989304812834224,430,1
0.5957446808510638,431,1
0.5925925925925926,432,1
0.5947368421052631,433,1
0.5968586387434555,434,1
0.59375,435,1
0.5906735751295337,436,1
0.5876288659793815,437,1
0.5897435897435898,438,1
0.5867346938775511,439,1
0.5888324873096447,440,1
0.5858585858585859,441,1
0.5879396984924623,442,1
0.59,443,1
0.5870646766169154,444,1
0.5841584158415841,445,1
0.5862068965517241,446,1
0.5882352941176471,447,1
0.5853658536585366,448,1
0.587378640776699,449,1
0.5845410628019324,450,1
0.5817307692307693,451,1
0.583732057416268,452,1
0.5857142857142857,453,1
0.5876777251184834,454,1
0.589622641509434,455,1
0.5868544600938967,456,1
0.5841121495327103,457,1
0.586046511627907,458,1
0.5833333333333334,459,1
0.5806451612903226,460,1
0.5779816513761468,461,1
0.5753424657534246,462,1
0.5727272727272728,463,1
0.5746606334841629,464,1
0.5720720720720721,465,1
0.5695067264573991,466,1
0.5669642857142857,467,1
0.5644444444444444,468,1
0.5663716814159292,469,1
0.5682819383259912,470,1
0.5701754385964912,471,1
0.5720524017467249,472,1
0.5739130434782609,473,1
0.5757575757575758,474,1
0.5775862068965517,475,1
0.575107296137339,476,1
0.5769230769230769,477,1
0.574468085106383,478,1
0.5720338983050848,479,1
0.5738396624472574,480,1
0.5756302521008403,481,1
0.5774058577405857,482,1
0.575,483,1
0.5767634854771784,484,1
0.5743801652892562,485,1
0.5720164609053497,486,1
0.5737704918032787,487,1
0.5714285714285714,488,1
0.573170731707317,489,1
0.5748987854251012,490,1
0.5766129032258065,491,1
0.5742971887550201,492,1
0.576,493,1
0.5737051792828686,494,1
0.5714285714285714,495,1
0.5731225296442688,496,1
inf,497,0
1.0,498,0
1.0,499,0
0.6666666666666666,500,0
0.5,501,0
0.6,502,0
0.5,503,0
0.5714285714285714,504,0
0.625,505,0
0.6666666666666666,506,0
0.7,507,0
0.7272727272727273,508,0
0.75,509,0
0.7692307692307693,510,0
0.7857142857142857,511,0
0.8,512,0
0.75,513,0
0.7647058823529411,514,0
0.7777777777777778,515,0
0.7894736842105263,516,0
0.75,517,0
0.7619047619047619,518,0
0.7727272727272727,519,0
0.782608695652174,520,0
0.75,521,0
0.76,522,0
0.7307692307692307,523,0
0.7037037037037037,524,0
0.6785714285714286,525,0
0.6896551724137931,526,0
0.6666666666666666,527,0
0.6451612903225806,528,0
0.625,529,0
0.6060606060606061,530,0
0.6176470588235294,531,0
0.6,532,0
0.6111111111111112,533,0
0.5945945945945946,534,0
0.6052631578947368,535,0
0.6153846153846154,536,0
0.6,537,0
0.5853658536585366,538,0
0.5952380952380952,539,0
0.6046511627906976,540,0
0.6136363636363636,541,0
0.6,542,0
0.5869565217391305,543,0
0.574468085106383,544,0
0.5833333333333334,545,0
0.5918367346938775,546,0
0.6,547,0
0.5882352941176471,548,0
0.5961538461538461,549,0
0.5849056603773585,550,0
0.5925925925925926,551,0
0.5818181818181818,552,0
0.5892857142857143,553,0
0.5964912280701754,554,0
0.603448275862069,555,0
0.6101694915254238,556,0
0.6,557,0
0.5901639344262295,558,0
0.5806451612903226,559,0
0.5714285714285714,560,0
0.5625,561,0
0.5692307692307692,562,0
0.5757575757575758,563,0
0.582089552238806,564,0
0.5735294117647058,565,0
0.5652173913043478,566,0
0.5571428571428572,567,0
0.5492957746478874,568,0
0.5555555555555556,569,0
0.547945205479452,570,0
0.5540540540540541,571,0
0.56,572,0
0.5657894736842105,573,0
0.5584415584415584,574,0
0.5641025641025641,575,0
0.5569620253164557,576,0
0.5625,577,0
0.5555555555555556,578,0
0.5487804878048781,579,0
0.5542168674698795,580,0
0.5595238095238095,581,0
0.5647058823529412,582,0
0.5697674418604651,583,0
0.5747126436781609,584,0
0.5795454545454546,585,0
0.5730337078651685,586,0
0.5666666666666667,587,0
0.5714285714285714,588,0
0.5652173913043478,589,0
0.5591397849462365,590,0
0.5638297872340425,591,0
0.5684210526315789,592,0
0.5729166666666666,593,0
0.5773195876288659,594,0
0.5714285714285714,595,0
0.5757575757575758,596,0
0.57,597,0
0.5643564356435643,598,0
0.5686274509803921,599,0
0.5728155339805825,600,0
0.5673076923076923,601,0
0.5619047619047619,602,0
0.5660377358490566,603,0
0.5700934579439252,604,0
0.5740740740740741,605,0
0.5688073394495413,606,0
0.5636363636363636,607,0
0.5675675675675675,608,0
0.5714285714285714,609,0
0.5752212389380531,610,0
0.5701754385964912,611,0
0.5739130434782609,612,0
0.5775862068965517,613,0
0.5811965811965812,614,0
0.5847457627118644,615,0
0.5882352941176471,616,0
0.5833333333333334,617,0
0.5867768595041323,618,0
0.5901639344262295,619,0
0.5853658536585366,620,0
0.5806451612903226,621,0
0.576,622,0
0.5714285714285714,623,0
0.5748031496062992,624,1
0.5703125,625,1
0.5736434108527132,626,1
0.5692307692307692,627,1
0.5648854961832062,628,1
0.5606060606060606,629,1
0.5639097744360902,630,1
0.5671641791044776,631,1
0.5703703703703704,632,1
0.5735294117647058,633,1
0.5693430656934306,634,1
0.572463768115942,635,1
0.5755395683453237,636,1
0.5785714285714286,637,1
0.5815602836879432,638,1
0.5774647887323944,639,1
0.5734265734265734,640,1
0.5763888888888888,641,1
0.5793103448275863,642,1
0.5753424657534246,643,1
0.5782312925170068,644,1
0.5743243243243243,645,1
0.5704697986577181,646,1
0.5666666666666667,647,1
0.5695364238410596,648,1
0.5723684210526315,649,1
0.5751633986928104,650,1
0.5714285714285714,651,1
0.5741935483870968,652,1
0.5769230769230769,653,1
0.5732484076433121,654,1
0.5759493670886076,655,1
0.5786163522012578,656,1
0.575,657,1
0.5714285714285714,658,1
0.5679012345679012,659,1
0.5705521472392638,660,1
0.573170731707317,661,1
0.5696969696969697,662,1
0.5662650602409639,663,1
0.562874251497006,664,1
0.5654761904761905,665,1
0.5621301775147929,666,1
0.5647058823529412,667,1
0.5672514619883041,668,1
0.5697674418604651,669,1
0.5664739884393064,670,1
0.5632183908045977,671,1
0.5657142857142857,672,1
0.5625,673,1
0.559322033898305,674,1
0.5561797752808989,675,1
0.5586592178770949,676,1
0.5555555555555556,677,1
0.5524861878453039,678,1
0.5494505494505495,679,1
0.546448087431694,680,1
0.5489130434782609,681,1
0.5513513513513514,682,1
0.5483870967741935,683,1
0.5508021390374331,684,1
0.5531914893617021,685,1
0.5502645502645502,686,1
0.5526315789473685,687,1
0.5497382198952879,688,1
0.546875,689,1
0.5492227979274611,690,1
0.5463917525773195,691,1
0.5487179487179488,692,1
0.5459183673469388,693,1
0.5482233502538071,694,1
0.5505050505050505,695,1
0.5527638190954773,696,1
0.55,697,1
0.5522388059701493,698,1
0.5544554455445545,699,1
0.5566502463054187,700,1
0.553921568627451,701,1
0.551219512195122,702,1
0.5485436893203883,703,1
0.5507246376811594,704,1
0.5528846153846154,705,1
0.5550239234449761,706,1
0.5523809523809524,707,1
0.5497630331753555,708,1
0.5518867924528302,709,1
0.5539906103286385,710,1
0.5560747663551402,711,1
0.5581395348837209,712,1
0.5601851851851852,713,1
0.5576036866359447,714,1
0.555045871559633,715,1
0.5525114155251142,716,1
0.55,717,1
0.5520361990950227,718,1
0.5495495495495496,719,1
0.5515695067264574,720,1
0.5535714285714286,721,1
0.5555555555555556,722,1
0.5575221238938053,723,1
0.5594713656387665,724,1
0.5614035087719298,725,1
0.5589519650655022,726,1
0.5565217391304348,727,1
0.5584415584415584,728,1
0.5560344827586207,729,1
0.5536480686695279,730,1
0.5555555555555556,731,1
0.5574468085106383,732,1
0.5550847457627118,733,1
0.5527426160337553,734,1
0.5504201680672269,735,1
0.5523012552301255,736,1
0.55,737,1
0.5518672199170125,738,1
0.5537190082644629,739,1
0.5555555555555556,740,1
0.5532786885245902,741,1
0.5551020408163265,742,1
0.5528455284552846,743,1
0.5546558704453441,744,1
0.5564516129032258,745,1
0.5542168674698795,746,1
0.556,747,1
0.5537848605577689,748,1
0.5555555555555556,749,1
0.5533596837944664,750,1
inf,751,0
1.0,752,0
1.0,753,0
1.0,754,0
1.0,755,0
1.0,756,0
1.0,757,0
1.0,758,0
1.0,759,0
0.8888888888888888,760,0
0.9,761,0
0.9090909090909091,762,0
0.8333333333333334,763,0
0.7692307692307693,764,0
0.7142857142857143,765,0
0.6666666666666666,766,0
0.625,767,0
0.6470588235294118,768,0
0.6666666666666666,769,0
0.631578947368421,770,0
0.65,771,0
0.6190476190476191,772,0
0.6363636363636364,773,0
0.6521739130434783,774,0
0.625,775,0
0.6,776,0
0.6153846153846154,777,0
0.6296296296296297,778,0
0.6428571428571429,779,0
0.6551724137931034,780,0
0.6333333333333333,781,0
0.6451612903225806,782,0
0.65625,783,0
0.6363636363636364,784,0
0.6176470588235294,785,0
0.6285714285714286,786,0
0.6388888888888888,787,0
0.6486486486486487,788,0
0.6578947368421053,789,0
0.6410256410256411,790,0
0.65,791,0
0.6585365853658537,792,0
0.6428571428571429,793,0
0.6511627906976745,794,0
0.6363636363636364,795,0
0.6444444444444445,796,0
0.6521739130434783,797,0
0.6595744680851063,798,0
0.6666666666666666,799,0
0.673469387755102,800,0
0.66,801,0
0.6666666666666666,802,0
0.6538461538461539,803,0
0.6415094339622641,804,0
0.6481481481481481,805,0
0.6545454545454545,806,0
0.6428571428571429,807,0
0.631578947368421,808,0
0.6379310344827587,809,0
0.6271186440677966,810,0
0.6333333333333333,811,0
0.6229508196721312,812,0
0.6129032258064516,813,0
0.6190476190476191,814,0
0.609375,815,0
0.6,816,0
0.6060606060606061,817,0
0.6119402985074627,818,0
0.6029411764705882,819,0
0.5942028985507246,820,0
0.5857142857142857,821,0
0.5915492957746479,822,0
0.5972222222222222,823,0
0.589041095890411,824,0
0.581081081081081,825,0
0.5866666666666667,826,0
0.5921052631578947,827,0
0.5974025974025974,828,0
0.6025641025641025,829,0
0.6075949367088608,830,0
0.6125,831,0
0.6172839506172839,832,0
0.6219512195121951,833,0
0.6265060240963856,834,0
0.6190476190476191,835,0
0.6235294117647059,836,0
0.627906976744186,837,0
0.632183908045977,838,0
0.625,839,0
0.6292134831460674,840,0
0.6333333333333333,841,0
0.6373626373626373,842,0
0.6304347826086957,843,0
0.6236559139784946,844,0
0.6170212765957447,845,0
0.6210526315789474,846,0
0.625,847,0
0.6185567010309279,848,0
0.6122448979591837,849,0
0.6161616161616161,850,0
0.61,851,0
0.6039603960396039,852,0
0.6078431372549019,853,0
0.6116504854368932,854,0
0.6153846153846154,855,0
0.6190476190476191,856,0
0.6132075471698113,857,0
0.616822429906542,858,0
0.6111111111111112,859,0
0.6146788990825688,860,0
0.6090909090909091,861,0
0.6126126126126126,862,0
0.6160714285714286,863,0
0.6194690265486725,864,0
0.6228070175438597,865,0
0.6260869565217392,866,0
0.6206896551724138,867,0
0.6239316239316239,868,0
0.6186440677966102,869,0
0.6134453781512605,870,0
0.6083333333333333,871,0
0.6033057851239669,872,0
0.6065573770491803,873,0
0.6097560975609756,874,0
0.6048387096774194,875,0
0.608,876,0
0.6031746031746031,877,0
0.5984251968503937,878,0
0.59375,879,1
0.5891472868217055,880,1
0.5846153846153846,881,1
0.5801526717557252,882,1
0.5833333333333334,883,1
0.5864661654135338,884,1
0.5895522388059702,885,1
0.5851851851851851,886,1
0.5808823529411765,887,1
0.5766423357664233,888,1
0.572463768115942,889,1
0.5755395683453237,890,1
0.5714285714285714,891,1
0.5673758865248227,892,1
0.5704225352112676,893,1
0.5664335664335665,894,1
0.5625,895,1
0.5655172413793104,896,1
0.5684931506849316,897,1
0.564625850340136,898,1
0.5675675675675675,899,1
0.5704697986577181,900,1
0.5666666666666667,901,1
0.5695364238410596,902,1
0.5723684210526315,903,1
0.5751633986928104,904,1
0.577922077922078,905,1
0.5806451612903226,906,1
0.5833333333333334,907,1
0.5796178343949044,908,1
0.5759493670886076,909,1
0.5786163522012578,910,1
0.58125,911,1
0.5838509316770186,912,1
0.5802469135802469,913,1
0.5766871165644172,914,1
0.573170731707317,915,1
0.5696969696969697,916,1
0.572289156626506,917,1
0.5688622754491018,918,1
0.5654761904761905,919,1
0.5680473372781065,920,1
0.5705882352941176,921,1
0.5730994152046783,922,1
0.5697674418604651,923,1
0.5664739884393064,924,1
0.5689655172413793,925,1
0.5714285714285714,926,1
0.5738636363636364,927,1
0.576271186440678,928,1
0.5786516853932584,929,1
0.5754189944134078,930,1
0.5777777777777777,931,1
0.574585635359116,932,1
0.5714285714285714,933,1
0.5683060109289617,934,1
0.5706521739130435,935,1
0.572972972972973,936,1
0.5698924731182796,937,1
0.5721925133689839,938,1
0.574468085106383,939,1
0.5714285714285714,940,1
0.5684210526315789,941,1
0.5654450261780105,942,1
0.5677083333333334,943,1
0.5647668393782384,944,1
0.5670103092783505,945,1
0.5692307692307692,946,1
0.5714285714285714,947,1
0.5736040609137056,948,1
0.5757575757575758,949,1
0.5728643216080402,950,1
0.57,951,1
0.572139303482587,952,1
0.5742574257425742,953,1
0.5714285714285714,954,1
0.5735294117647058,955,1
0.5707317073170731,956,1
0.5679611650485437,957,1
0.5700483091787439,958,1
0.5721153846153846,959,1
0.569377990430622,960,1
0.5714285714285714,961,1
0.5734597156398105,962,1
0.5707547169811321,963,1
0.5727699530516432,964,1
0.5700934579439252,965,1
0.5674418604651162,966,1
0.5648148148148148,967,1
0.5622119815668203,968,1
0.5642201834862385,969,1
0.5662100456621004,970,1
0.5636363636363636,971,1
0.5610859728506787,972,1
0.5585585585585585,973,1
0.5605381165919282,974,1
0.5625,975,1
0.56,976,1
0.5575221238938053,977,1
0.5594713656387665,978,1
0.5614035087719298,979,1
0.5633187772925764,980,1
0.5652173913043478,981,1
0.5670995670995671,982,1
0.5646551724137931,983,1
0.5665236051502146,984,1
0.5641025641025641,985,1
0.5659574468085107,986,1
0.5677966101694916,987,1
0.5654008438818565,988,1
0.5672268907563025,989,1
0.5690376569037657,990,1
0.5708333333333333,991,1
0.5726141078838174,992,1
0.5743801652892562,993,1
0.5720164609053497,994,1
0.569672131147541,995,1
0.5673469387755102,996,1
0.5650406504065041,997,1
0.5668016194331984,998,1
0.5645161290322581,999,1
0.5662650602409639,1000,1
0.564,1001,1
0.5657370517928287,1002,1
0.5634920634920635,1003,1
0.5652173913043478,1004,1
0.5669291338582677,1005,1
inf,1006,0
0.0,1007,0
0.5,1008,0
0.6666666666666666,1009,0
0.5,1010,0
0.6,1011,0
0.6666666666666666,1012,0
0.5714285714285714,1013,0
0.625,1014,0
0.6666666666666666,1015,0
0.6,1016,0
0.6363636363636364,1017,0
0.5833333333333334,1018,0
0.6153846153846154,1019,0
0.5714285714285714,1020,0
0.5333333333333333,1021,0
0.5625,1022,0
0.5882352941176471,1023,0
0.6111111111111112,1024,0
0.631578947368421,1025,0
0.65,1026,0
0.6666666666666666,1027,0
0.6818181818181818,1028,0
0.6956521739130435,1029,0
0.7083333333333334,1030,0
0.72,1031,0
0.7307692307692307,1032,0
0.7037037037037037,1033,0
0.7142857142857143,1034,0
0.6896551724137931,1035,0
0.7,1036,0
0.7096774193548387,1037,0
0.71875,1038,0
0.696969696969697,1039,0
0.7058823529411765,1040,0
0.6857142857142857,1041,0
0.6944444444444444,1042,0
0.7027027027027027,1043,0
0.6842105263157895,1044,0
0.6923076923076923,1045,0
0.675,1046,0
0.6829268292682927,1047,0
0.6666666666666666,1048,0
0.6511627906976745,1049,0
0.6590909090909091,1050,0
0.6444444444444445,1051,0
0.6521739130434783,1052,0
0.6382978723404256,1053,0
0.6458333333333334,1054,0
0.6530612244897959,1055,0
0.66,1056,0
0.6666666666666666,1057,0
0.6538461538461539,1058,0
0.660377358490566,1059,0
0.6666666666666666,1060,0
0.6545454545454545,1061,0
0.6607142857142857,1062,0
0.6491228070175439,1063,0
0.6379310344827587,1064,0
0.6440677966101694,1065,0
0.6333333333333333,1066,0
0.639344262295082,1067,0
0.6290322580645161,1068,0
0.6190476190476191,1069,0
0.625,1070,0
0.6307692307692307,1071,0
0.6363636363636364,1072,0
0.6417910447761194,1073,0
0.6470588235294118,1074,0
0.6376811594202898,1075,0
0.6285714285714286,1076,0
0.6197183098591549,1077,0
0.625,1078,0
0.6164383561643836,1079,0
0.6216216216216216,1080,0
0.6266666666666667,1081,0
0.618421052631579,1082,0
0.6103896103896104,1083,0
0.6153846153846154,1084,0
0.6075949367088608,1085,0
0.6,1086,0
0.6049382716049383,1087,0
0.5975609756097561,1088,0
0.6024096385542169,1089,0
0.6071428571428571,1090,0
0.611764705882353,1091,0
0.6162790697674418,1092,0
0.6206896551724138,1093,0
0.625,1094,0
0.6179775280898876,1095,0
0.6222222222222222,1096,0
0.6153846153846154,1097,0
0.6195652173913043,1098,0
0.6129032258064516,1099,0
0.6170212765957447,1100,0
0.6210526315789474,1101,0
0.6145833333333334,1102,0
0.6082474226804123,1103,0
0.6122448979591837,1104,0
0.6161616161616161,1105,0
0.61,1106,0
0.6138613861386139,1107,0
0.6176470588235294,1108,0
0.6116504854368932,1109,0
0.6153846153846154,1110,0
0.6095238095238096,1111,0
0.6132075471698113,1112,0
0.6074766355140186,1113,0
0.6018518518518519,1114,0
0.6055045871559633,1115,0
0.6090909090909091,1116,0
0.6126126126126126,1117,0
0.6160714285714286,1118,0
0.6106194690265486,1119,0
0.6052631578947368,1120,0
0.6,1121,0
0.603448275862069,1122,0
0.5982905982905983,1123,0
0.5932203389830508,1124,0
0.5966386554621849,1125,0
0.6,1126,0
0.5950413223140496,1127,0
0.5901639344262295,1128,0
0.5934959349593496,1129,0
0.5887096774193549,1130,0
0.584,1131,0
0.5873015873015873,1132,0
0.5905511811023622,1133,0
0.59375,1134,0
0.5891472868217055,1135,0
0.5846153846153846,1136,0
0.5801526717557252,1137,1
0.5833333333333334,1138,1
0.5789473684210527,1139,1
0.5746268656716418,1140,1
0.5703703703703704,1141,1
0.5735294117647058,1142,1
0.5766423357664233,1143,1
0.572463768115942,1144,1
0.5755395683453237,1145,1
0.5714285714285714,1146,1
0.574468085106383,1147,1
0.5774647887323944,1148,1
0.5804195804195804,1149,1
0.5833333333333334,1150,1
0.5862068965517241,1151,1
0.589041095890411,1152,1
0.5850340136054422,1153,1
0.5878378378378378,1154,1
0.5906040268456376,1155,1
0.5866666666666667,1156,1
0.5894039735099338,1157,1
0.5855263157894737,1158,1
0.5882352941176471,1159,1
0.5844155844155844,1160,1
0.5870967741935483,1161,1
0.5833333333333334,1162,1
0.5796178343949044,1163,1
0.5822784810126582,1164,1
0.5849056603773585,1165,1
0.58125,1166,1
0.577639751552795,1167,1
0.5740740740740741,1168,1
0.5766871165644172,1169,1
0.573170731707317,1170,1
0.5696969696969697,1171,1
0.5662650602409639,1172,1
0.5688622754491018,1173,1
0.5714285714285714,1174,1
0.5739644970414202,1175,1
0.5764705882352941,1176,1
0.5789473684210527,1177,1
0.5755813953488372,1178,1
0.5780346820809249,1179,1
0.5747126436781609,1180,1
0.5714285714285714,1181,1
0.5738636363636364,1182,1
0.576271186440678,1183,1
0.5730337078651685,1184,1
0.5698324022346368,1185,1
0.5666666666666667,1186,1
0.569060773480663,1187,1
0.5714285714285714,1188,1
0.5683060109289617,1189,1
0.5652173913043478,1190,1
0.5675675675675675,1191,1
0.5698924731182796,1192,1
0.5721925133689839,1193,1
0.5691489361702128,1194,1
0.5714285714285714,1195,1
0.5684210526315789,1196,1
0.5706806282722513,1197,1
0.5677083333333334,1198,1
0.5699481865284974,1199,1
0.5721649484536082,1200,1
0.5743589743589743,1201,1
0.576530612244898,1202,1
0.5736040609137056,1203,1
0.5757575757575758,1204,1
0.5728643216080402,1205,1
0.575,1206,1
0.5771144278606966,1207,1
0.5742574257425742,1208,1
0.5763546798029556,1209,1
0.5735294117647058,1210,1
0.5707317073170731,1211,1
0.5728155339805825,1212,1
0.5748792270531401,1213,1
0.5721153846153846,1214,1
0.569377990430622,1215,1
0.5714285714285714,1216,1
0.5734597156398105,1217,1
0.5754716981132075,1218,1
0.5727699530516432,1219,1
0.5700934579439252,1220,1
0.5720930232558139,1221,1
0.5694444444444444,1222,1
0.5668202764976958,1223,1
0.5642201834862385,1224,1
0.5662100456621004,1225,1
0.5636363636363636,1226,1
0.5656108597285068,1227,1
0.5675675675675675,1228,1
0.5695067264573991,1229,1
0.5669642857142857,1230,1
0.5688888888888889,1231,1
0.5663716814159292,1232,1
0.5682819383259912,1233,1
0.5701754385964912,1234,1
0.5720524017467249,1235,1
0.5695652173913044,1236,1
0.5714285714285714,1237,1
0.5689655172413793,1238,1
0.5665236051502146,1239,1
0.5641025641025641,1240,1
0.5659574468085107,1241,1
0.5635593220338984,1242,1
0.5611814345991561,1243,1
0.5588235294117647,1244,1
0.5564853556485355,1245,1
0.5583333333333333,1246,1
0.5601659751037344,1247,1
0.5619834710743802,1248,1
0.5637860082304527,1249,1
0.5655737704918032,1250,1
0.5673469387755102,1251,1
0.5691056910569106,1252,1
0.5668016194331984,1253,1
0.5685483870967742,1254,1
0.570281124497992,1255,1
0.568,1256,1
0.5697211155378487,1257,1
0.5674603174603174,1258,1
0.5691699604743083,1259,1
0.5708661417322834,1260,1
inf,1261,0
1.0,1262,0
1.0,1263,0
1.0,1264,0
1.0,1265,0
0.8,1266,0
0.6666666666666666,1267,0
0.7142857142857143,1268,0
0.625,1269,0
0.6666666666666666,1270,0
0.7,1271,0
0.6363636363636364,1272,0
0.6666666666666666,1273,0
0.6923076923076923,1274,0
0.6428571428571429,1275,0
0.6,1276,0
0.5625,1277,0
0.5882352941176471,1278,0
0.6111111111111112,1279,0
0.631578947368421,1280,0
0.6,1281,0
0.6190476190476191,1282,0
0.5909090909090909,1283,0
0.6086956521739131,1284,0
0.625,1285,0
0.64,1286,0
0.6538461538461539,1287,0
0.6666666666666666,1288,0
0.6428571428571429,1289,0
0.6551724137931034,1290,0
0.6333333333333333,1291,0
0.6451612903225806,1292,0
0.65625,1293,0
0.6363636363636364,1294,0
0.6176470588235294,1295,0
0.6285714285714286,1296,0
0.6111111111111112,1297,0
0.6216216216216216,1298,0
0.631578947368421,1299,0
0.6410256410256411,1300,0
0.65,1301,0
0.6585365853658537,1302,0
0.6666666666666666,1303,0
0.6511627906976745,1304,0
0.6590909090909091,1305,0
0.6666666666666666,1306,0
0.6739130434782609,1307,0
0.6595744680851063,1308,0
0.6666666666666666,1309,0
0.6530612244897959,1310,0
0.64,1311,0
0.6470588235294118,1312,0
0.6346153846153846,1313,0
0.6415094339622641,1314,0
0.6481481481481481,1315,0
0.6545454545454545,1316,0
0.6607142857142857,1317,0
0.6666666666666666,1318,0
0.6551724137931034,1319,0
0.6440677966101694,1320,0
0.65,1321,0
0.6557377049180327,1322,0
0.6451612903225806,1323,0
0.6507936507936508,1324,0
0.65625,1325,0
0.6615384615384615,1326,0
0.6666666666666666,1327,0
0.6567164179104478,1328,0
0.6617647058823529,1329,0
0.6666666666666666,1330,0
0.6714285714285714,1331,0
0.6619718309859155,1332,0
0.6527777777777778,1333,0
0.6438356164383562,1334,0
0.6486486486486487,1335,0
0.6533333333333333,1336,0
0.6447368421052632,1337,0
0.6363636363636364,1338,0
0.6410256410256411,1339,0
0.6455696202531646,1340,0
0.65,1341,0
0.654320987654321,1342,0
0.6585365853658537,1343,0
0.6626506024096386,1344,0
0.6547619047619048,1345,0
0.6470588235294118,1346,0
0.6395348837209303,1347,0
0.632183908045977,1348,0
0.6363636363636364,1349,0
0.6292134831460674,1350,0
0.6222222222222222,1351,0
0.6153846153846154,1352,0
0.6195652173913043,1353,0
0.6129032258064516,1354,0
0.6170212765957447,1355,0
0.6210526315789474,1356,0
0.625,1357,0
0.6288659793814433,1358,0
0.6224489795918368,1359,0
0.6262626262626263,1360,0
0.63,1361,0
0.6237623762376238,1362,0
0.6176470588235294,1363,0
0.6116504854368932,1364,0
0.6153846153846154,1365,0
0.6095238095238096,1366,0
0.6132075471698113,1367,0
0.616822429906542,1368,0
0.6111111111111112,1369,0
0.6055045871559633,1370,0
0.6090909090909091,1371,0
0.6126126126126126,1372,0
0.6160714285714286,1373,0
0.6194690265486725,1374,0
0.6228070175438597,1375,0
0.6173913043478261,1376,0
0.6206896551724138,1377,0
0.6239316239316239,1378,0
0.6271186440677966,1379,0
0.6218487394957983,1380,0
0.6166666666666667,1381,0
0.6198347107438017,1382,0
0.6147540983606558,1383,0
0.6178861788617886,1384,0
0.6209677419354839,1385,0
0.616,1386,0
0.6190476190476191,1387,0
0.6141732283464567,1388,0
0.6171875,1389,0
0.6201550387596899,1390,0
0.6153846153846154,1391,0
0.6183206106870229,1392,0
0.6212121212121212,1393,1
0.6165413533834586,1394,1
0.6194029850746269,1395,1
0.6222222222222222,1396,1
0.625,1397,1
0.6204379562043796,1398,1
0.6159420289855072,1399,1
0.6115107913669064,1400,1
0.6142857142857143,1401,1
0.6099290780141844,1402,1
0.6056338028169014,1403,1
0.6013986013986014,1404,1
0.6041666666666666,1405,1
0.6068965517241379,1406,1
0.6027397260273972,1407,1
0.6054421768707483,1408,1
0.6013513513513513,1409,1
0.6040268456375839,1410,1
0.6066666666666667,1411,1
0.609271523178808,1412,1
0.6118421052631579,1413,1
0.6143790849673203,1414,1
0.6168831168831169,1415,1
0.6193548387096774,1416,1
0.6217948717948718,1417,1
0.6178343949044586,1418,1
0.6139240506329114,1419,1
0.6163522012578616,1420,1
0.61875,1421,1
0.6211180124223602,1422,1
0.6234567901234568,1423,1
0.6196319018404908,1424,1
0.6219512195121951,1425,1
0.6181818181818182,1426,1
0.6204819277108434,1427,1
0.6167664670658682,1428,1
0.6190476190476191,1429,1
0.6153846153846154,1430,1
0.611764705882353,1431,1
0.6081871345029239,1432,1
0.6046511627906976,1433,1
0.6011560693641619,1434,1
0.603448275862069,1435,1
0.6,1436,1
0.6022727272727273,1437,1
0.6045197740112994,1438,1
0.6067415730337079,1439,1
0.6033519553072626,1440,1
0.6,1441,1
0.5966850828729282,1442,1
0.5934065934065934,1443,1
0.5956284153005464,1444,1
0.5978260869565217,1445,1
0.5945945945945946,1446,1
0.5913978494623656,1447,1
0.5935828877005348,1448,1
0.5957446808510638,1449,1
0.5925925925925926,1450,1
0.5947368421052631,1451,1
0.5968586387434555,1452,1
0.5989583333333334,1453,1
0.6010362694300518,1454,1
0.6030927835051546,1455,1
0.6051282051282051,1456,1
0.6071428571428571,1457,1
0.6091370558375635,1458,1
0.6111111111111112,1459,1
0.6130653266331658,1460,1
0.615,1461,1
0.6169154228855721,1462,1
0.6188118811881188,1463,1
0.6206896551724138,1464,1
0.6176470588235294,1465,1
0.6195121951219512,1466,1
0.616504854368932,1467,1
0.6183574879227053,1468,1
0.6153846153846154,1469,1
0.6172248803827751,1470,1
0.6142857142857143,1471,1
0.6161137440758294,1472,1
0.6132075471698113,1473,1
0.6150234741784038,1474,1
0.6121495327102804,1475,1
0.6139534883720931,1476,1
0.6111111111111112,1477,1
0.6129032258064516,1478,1
0.6100917431192661,1479,1
0.6118721461187214,1480,1
0.6136363636363636,1481,1
0.6108597285067874,1482,1
0.6081081081081081,1483,1
0.6053811659192825,1484,1
0.6071428571428571,1485,1
0.6044444444444445,1486,1
0.6017699115044248,1487,1
0.6035242290748899,1488,1
0.6008771929824561,1489,1
0.5982532751091703,1490,1
0.6,1491,1
0.6017316017316018,1492,1
0.603448275862069,1493,1
0.6008583690987125,1494,1
0.5982905982905983,1495,1
0.5957446808510638,1496,1
0.597457627118644,1497,1
0.5991561181434599,1498,1
0.5966386554621849,1499,1
0.5983263598326359,1500,1
0.5958333333333333,1501,1
0.5933609958506224,1502,1
0.5909090909090909,1503,1
0.588477366255144,1504,1
0.5901639344262295,1505,1
0.5918367346938775,1506,1
0.5934959349593496,1507,1
0.5951417004048583,1508,1
0.592741935483871,1509,1
0.5943775100401606,1510,1
0.596,1511,1
0.5936254980079682,1512,1
0.5952380952380952,1513,1
0.5968379446640316,1514,1
0.5984251968503937,1515,1
inf,1516,0
1.0,1517,0
1.0,1518,0
0.6666666666666666,1519,0
0.5,1520,0
0.6,1521,0
0.5,1522,0
0.42857142857142855,1523,0
0.5,1524,0
0.4444444444444444,1525,0
0.4,1526,0
0.45454545454545453,1527,0
0.5,1528,0
0.5384615384615384,1529,0
0.5714285714285714,1530,0
0.6,1531,0
0.625,1532,0
0.6470588235294118,1533,0
0.6111111111111112,1534,0
0.631578947368421,1535,0
0.65,1536,0
0.6190476190476191,1537,0
0.6363636363636364,1538,0
0.6086956521739131,1539,0
0.625,1540,0
0.64,1541,0
0.6538461538461539,1542,0
0.6666666666666666,1543,0
0.6428571428571429,1544,0
0.6206896551724138,1545,0
0.6333333333333333,1546,0
0.6129032258064516,1547,0
0.59375,1548,0
0.6060606060606061,1549,0
0.5882352941176471,1550,0
0.5714285714285714,1551,0
0.5833333333333334,1552,0
0.5945945945945946,1553,0
0.5789473684210527,1554,0
0.5897435897435898,1555,0
0.575,1556,0
0.5853658536585366,1557,0
0.5714285714285714,1558,0
0.5581395348837209,1559,0
0.5681818181818182,1560,0
0.5777777777777777,1561,0
0.5869565217391305,1562,0
0.5957446808510638,1563,0
0.5833333333333334,1564,0
0.5714285714285714,1565,0
0.58,1566,0
0.5882352941176471,1567,0
0.5961538461538461,1568,0
0.6037735849056604,1569,0
0.6111111111111112,1570,0
0.6,1571,0
0.6071428571428571,1572,0
0.6140350877192983,1573,0
0.603448275862069,1574,0
0.5932203389830508,1575,0
0.5833333333333334,1576,0
0.5901639344262295,1577,0
0.5967741935483871,1578,0
0.6031746031746031,1579,0
0.609375,1580,0
0.6153846153846154,1581,0
0.6212121212121212,1582,0
0.6268656716417911,1583,0
0.6176470588235294,1584,0
0.6231884057971014,1585,0
0.6285714285714286,1586,0
0.6197183098591549,1587,0
0.625,1588,0
0.6301369863013698,1589,0
0.6351351351351351,1590,0
0.6266666666666667,1591,0
0.618421052631579,1592,0
0.6103896103896104,1593,0
0.6153846153846154,1594,0
0.620253164556962,1595,0
0.6125,1596,0
0.6049382716049383,1597,0
0.5975609756097561,1598,0
0.5903614457831325,1599,0
0.5952380952380952,1600,0
0.5882352941176471,1601,0
0.5813953488372093,1602,0
0.5747126436781609,1603,0
0.5681818181818182,1604,0
0.5730337078651685,1605,0
0.5666666666666667,1606,0
0.5714285714285714,1607,0
0.5760869565217391,1608,0
0.5806451612903226,1609,0
0.574468085106383,1610,0
0.5684210526315789,1611,0
0.5729166666666666,1612,0
0.5773195876288659,1613,0
0.5714285714285714,1614,0
0.5757575757575758,1615,0
0.58,1616,0
0.5841584158415841,1617,0
0.5882352941176471,1618,0
0.5922330097087378,1619,0
0.5961538461538461,1620,0
0.6,1621,0
0.6037735849056604,1622,0
0.6074766355140186,1623,0
0.6111111111111112,1624,0
0.6146788990825688,1625,0
0.6181818181818182,1626,0
0.6126126126126126,1627,0
0.6160714285714286,1628,0
0.6106194690265486,1629,0
0.6140350877192983,1630,0
0.6173913043478261,1631,0
0.6120689655172413,1632,0
0.6068376068376068,1633,0
0.6016949152542372,1634,0
0.5966386554621849,1635,0
0.5916666666666667,1636,0
0.5867768595041323,1637,0
0.5901639344262295,1638,0
0.5934959349593496,1639,0
0.5967741935483871,1640,0
0.592,1641,0
0.5952380952380952,1642,0
0.5984251968503937,1643,0
0.59375,1644,0
0.5891472868217055,1645,0
0.5923076923076923,1646,0
0.5954198473282443,1647,0
0.5984848484848485,1648,1
0.5939849624060151,1649,1
0.5895522388059702,1650,1
0.5925925925925926,1651,1
0.5955882352941176,1652,1
0.5985401459854015,1653,1
0.5942028985507246,1654,1
0.5971223021582733,1655,1
0.5928571428571429,1656,1
0.5957446808510638,1657,1
0.5915492957746479,1658,1
0.5874125874125874,1659,1
0.5902777777777778,1660,1
0.5862068965517241,1661,1
0.589041095890411,1662,1
0.5918367346938775,1663,1
0.5878378378378378,1664,1
0.5906040268456376,1665,1
0.5933333333333334,1666,1
0.5960264900662252,1667,1
0.5921052631578947,1668,1
0.5947712418300654,1669,1
0.5909090909090909,1670,1
0.5935483870967742,1671,1
0.5961538461538461,1672,1
0.5923566878980892,1673,1
0.5886075949367089,1674,1
0.5849056603773585,1675,1
0.58125,1676,1
0.5838509316770186,1677,1
0.5802469135802469,1678,1
0.5828220858895705,1679,1
0.5853658536585366,1680,1
0.5878787878787879,1681,1
0.5903614457831325,1682,1
0.592814371257485,1683,1
0.5892857142857143,1684,1
0.5857988165680473,1685,1
0.5882352941176471,1686,1
0.5847953216374269,1687,1
0.5872093023255814,1688,1
0.5895953757225434,1689,1
0.5862068965517241,1690,1
0.5885714285714285,1691,1
0.5852272727272727,1692,1
0.5819209039548022,1693,1
0.5842696629213483,1694,1
0.5810055865921788,1695,1
0.5833333333333334,1696,1
0.585635359116022,1697,1
0.5824175824175825,1698,1
0.5846994535519126,1699,1
0.5869565217391305,1700,1
0.5891891891891892,1701,1
0.5913978494623656,1702,1
0.5935828877005348,1703,1
0.5957446808510638,1704,1
0.5925925925925926,1705,1
0.5894736842105263,1706,1
0.5863874345549738,1707,1
0.5833333333333334,1708,1
0.5803108808290155,1709,1
0.5824742268041238,1710,1
0.5794871794871795,1711,1
0.5816326530612245,1712,1
0.583756345177665,1713,1
0.5808080808080808,1714,1
0.5778894472361809,1715,1
0.58,1716,1
0.5771144278606966,1717,1
0.5742574257425742,1718,1
0.5763546798029556,1719,1
0.5735294117647058,1720,1
0.5707317073170731,1721,1
0.5679611650485437,1722,1
0.5700483091787439,1723,1
0.5673076923076923,1724,1
0.5645933014354066,1725,1
0.5666666666666667,1726,1
0.5687203791469194,1727,1
0.5660377358490566,1728,1
0.5633802816901409,1729,1
0.5607476635514018,1730,1
0.5627906976744186,1731,1
0.5648148148148148,1732,1
0.5668202764976958,1733,1
0.5642201834862385,1734,1
0.5662100456621004,1735,1
0.5681818181818182,1736,1
0.5701357466063348,1737,1
0.5720720720720721,1738,1
0.5695067264573991,1739,1
0.5714285714285714,1740,1
0.5688888888888889,1741,1
0.5707964601769911,1742,1
0.5682819383259912,1743,1
0.5701754385964912,1744,1
0.5720524017467249,1745,1
0.5695652173913044,1746,1
0.5714285714285714,1747,1
0.5689655172413793,1748,1
0.5708154506437768,1749,1
0.5726495726495726,1750,1
0.5702127659574469,1751,1
0.5677966101694916,1752,1
0.569620253164557,1753,1
0.5672268907563025,1754,1
0.5690376569037657,1755,1
0.5708333333333333,1756,1
0.5684647302904564,1757,1
0.5702479338842975,1758,1
0.5720164609053497,1759,1
0.5737704918032787,1760,1
0.5755102040816327,1761,1
0.5772357723577236,1762,1
0.5789473684210527,1763,1
0.5806451612903226,1764,1
0.5783132530120482,1765,1
0.58,1766,1
0.5776892430278885,1767,1
0.5753968253968254,1768,1
0.5731225296442688,1769,1
0.5708661417322834,1770,1
inf,1771,0
1.0,1772,0
1.0,1773,0
1.0,1774,0
0.75,1775,0
0.6,1776,0
0.6666666666666666,1777,0
0.7142857142857143,1778,0
0.75,1779,0
0.6666666666666666,1780,0
0.6,1781,0
0.5454545454545454,1782,0
0.5833333333333334,1783,0
0.6153846153846154,1784,0
0.5714285714285714,1785,0
0.6,1786,0
0.625,1787,0
0.5882352941176471,1788,0
0.6111111111111112,1789,0
0.5789473684210527,1790,0
0.6,1791,0
0.6190476190476191,1792,0
0.5909090909090909,1793,0
0.6086956521739131,1794,0
0.5833333333333334,1795,0
0.6,1796,0
0.6153846153846154,1797,0
0.6296296296296297,1798,0
0.6071428571428571,1799,0
0.5862068965517241,1800,0
0.6,1801,0
0.6129032258064516,1802,0
0.59375,1803,0
0.6060606060606061,1804,0
0.5882352941176471,1805,0
0.5714285714285714,1806,0
0.5833333333333334,1807,0
0.5945945945945946,1808,0
0.5789473684210527,1809,0
0.5897435897435898,1810,0
0.575,1811,0
0.5609756097560976,1812,0
0.5714285714285714,1813,0
0.5581395348837209,1814,0
0.5681818181818182,1815,0
0.5777777777777777,1816,0
0.5652173913043478,1817,0
0.5531914893617021,1818,0
0.5625,1819,0
0.5510204081632653,1820,0
0.56,1821,0
0.5490196078431373,1822,0
0.5576923076923077,1823,0
0.5471698113207547,1824,0
0.5555555555555556,1825,0
0.5636363636363636,1826,0
0.5535714285714286,1827,0
0.5614035087719298,1828,0
0.5689655172413793,1829,0
0.576271186440678,1830,0
0.5666666666666667,1831,0
0.5737704918032787,1832,0
0.5645161290322581,1833,0
0.5714285714285714,1834,0
0.5625,1835,0
0.5692307692307692,1836,0
0.5606060606060606,1837,0
0.5522388059701493,1838,0
0.5441176470588235,1839,0
0.5507246376811594,1840,0
0.5428571428571428,1841,0
0.5492957746478874,1842,0
0.5555555555555556,1843,0
0.547945205479452,1844,0
0.5540540540540541,1845,0
0.56,1846,0
0.5526315789473685,1847,0
0.5454545454545454,1848,0
0.5512820512820513,1849,0
0.5443037974683544,1850,0
0.55,1851,0
0.5555555555555556,1852,0
0.5487804878048781,1853,0
0.5421686746987951,1854,0
0.5357142857142857,1855,0
0.5411764705882353,1856,0
0.5348837209302325,1857,0
0.5402298850574713,1858,0
0.5454545454545454,1859,0
0.550561797752809,1860,0
0.5444444444444444,1861,0
0.5494505494505495,1862,0
0.5434782608695652,1863,0
0.5483870967741935,1864,0
0.5531914893617021,1865,0
0.5473684210526316,1866,0
0.5416666666666666,1867,0
0.5360824742268041,1868,0
0.5408163265306123,1869,0
0.5454545454545454,1870,0
0.55,1871,0
0.5544554455445545,1872,0
0.5490196078431373,1873,0
0.5533980582524272,1874,0
0.5576923076923077,1875,0
0.5619047619047619,1876,0
0.5660377358490566,1877,0
0.5700934579439252,1878,0
0.5648148148148148,1879,0
0.5688073394495413,1880,0
0.5636363636363636,1881,0
0.5675675675675675,1882,0
0.5625,1883,0
0.5575221238938053,1884,0
0.5614035087719298,1885,0
0.5652173913043478,1886,0
0.5689655172413793,1887,0
0.5641025641025641,1888,0
0.5677966101694916,1889,0
0.5714285714285714,1890,0
0.575,1891,0
0.5702479338842975,1892,0
0.5737704918032787,1893,0
0.5772357723577236,1894,0
0.5725806451612904,1895,0
0.576,1896,0
0.5793650793650794,1897,0
0.5826771653543307,1898,0
0.5859375,1899,0
0.5813953488372093,1900,0
0.5846153846153846,1901,0
0.5877862595419847,1902,1
0.5833333333333334,1903,1
0.5789473684210527,1904,1
0.5746268656716418,1905,1
0.5703703703703704,1906,1
0.5661764705882353,1907,1
0.5620437956204379,1908,1
0.5579710144927537,1909,1
0.5539568345323741,1910,1
0.55,1911,1
0.5460992907801419,1912,1
0.5492957746478874,1913,1
0.5524475524475524,1914,1
0.5486111111111112,1915,1
0.5517241379310345,1916,1
0.547945205479452,1917,1
0.5510204081632653,1918,1
0.5540540540540541,1919,1
0.5503355704697986,1920,1
0.5533333333333333,1921,1
0.5496688741721855,1922,1
0.5460526315789473,1923,1
0.5490196078431373,1924,1
0.551948051948052,1925,1
0.5483870967741935,1926,1
0.5512820512820513,1927,1
0.554140127388535,1928,1
0.5506329113924051,1929,1
0.5471698113207547,1930,1
0.55,1931,1
0.546583850931677,1932,1
0.5432098765432098,1933,1
0.5460122699386503,1934,1
0.5487804878048781,1935,1
0.5515151515151515,1936,1
0.5481927710843374,1937,1
0.5449101796407185,1938,1
0.5476190476190477,1939,1
0.5502958579881657,1940,1
0.5529411764705883,1941,1
0.5497076023391813,1942,1
0.5523255813953488,1943,1
0.5549132947976878,1944,1
0.5517241379310345,1945,1
0.5542857142857143,1946,1
0.5511363636363636,1947,1
0.5480225988700564,1948,1
0.550561797752809,1949,1
0.547486033519553,1950,1
0.5444444444444444,1951,1
0.5414364640883977,1952,1
0.5384615384615384,1953,1
0.5409836065573771,1954,1
0.5380434782608695,1955,1
0.5351351351351351,1956,1
0.532258064516129,1957,1
0.5347593582887701,1958,1
0.5319148936170213,1959,1
0.5291005291005291,1960,1
0.531578947368421,1961,1
0.5340314136125655,1962,1
0.53125,1963,1
0.533678756476684,1964,1
0.5309278350515464,1965,1
0.5333333333333333,1966,1
0.5306122448979592,1967,1
0.5279187817258884,1968,1
0.5303030303030303,1969,1
0.5276381909547738,1970,1
0.525,1971,1
0.527363184079602,1972,1
0.5297029702970297,1973,1
0.5320197044334976,1974,1
0.5343137254901961,1975,1
0.5365853658536586,1976,1
0.5388349514563107,1977,1
0.5362318840579711,1978,1
0.5336538461538461,1979,1
0.5358851674641149,1980,1
0.5333333333333333,1981,1
0.5308056872037915,1982,1
0.5330188679245284,1983,1
0.5352112676056338,1984,1
0.5327102803738317,1985,1
0.5302325581395348,1986,1
0.5324074074074074,1987,1
0.5299539170506913,1988,1
0.5275229357798165,1989,1
0.5251141552511416,1990,1
0.5272727272727272,1991,1
0.5294117647058824,1992,1
0.527027027027027,1993,1
0.5291479820627802,1994,1
0.5267857142857143,1995,1
0.5288888888888889,1996,1
0.5265486725663717,1997,1
0.5286343612334802,1998,1
0.5307017543859649,1999,1
0.5283842794759825,2000,1
0.5304347826086957,2001,1
0.5324675324675324,2002,1
0.5344827586206896,2003,1
0.5364806866952789,2004,1
0.5384615384615384,2005,1
0.5404255319148936,2006,1
0.538135593220339,2007,1
0.540084388185654,2008,1
0.5378151260504201,2009,1
0.5355648535564853,2010,1
0.5375,2011,1
0.5352697095435685,2012,1
0.5330578512396694,2013,1
0.5349794238683128,2014,1
0.5368852459016393,2015,1
0.5387755102040817,2016,1
0.540650406504065,2017,1
0.5384615384615384,2018,1
0.5403225806451613,2019,1
0.5381526104417671,2020,1
0.54,2021,1
0.5378486055776892,2022,1
0.5357142857142857,2023,1
0.5375494071146245,2024,1
0.5393700787401575,2025,1
0.5411764705882353,2026,1
inf,2027,0
1.0,2028,0
0.5,2029,0
0.3333333333333333,2030,0
0.25,2031,0
0.4,2032,0
0.3333333333333333,2033,0
0.42857142857142855,2034,0
0.5,2035,0
0.4444444444444444,2036,0
0.5,2037,0
0.45454545454545453,2038,0
0.4166666666666667,2039,0
0.46153846153846156,2040,0
0.42857142857142855,2041,0
0.4666666666666667,2042,0
0.4375,2043,0
0.4117647058823529,2044,0
0.4444444444444444,2045,0
0.47368421052631576,2046,0
0.45,2047,0
0.47619047619047616,2048,0
0.5,2049,0
0.5217391304347826,2050,0
0.5416666666666666,2051,0
0.52,2052,0
0.5,2053,0
0.5185185185185185,2054,0
0.5357142857142857,2055,0
0.5517241379310345,2056,0
0.5666666666666667,2057,0
0.5483870967741935,2058,0
0.53125,2059,0
0.5454545454545454,2060,0
0.5588235294117647,2061,0
0.5714285714285714,2062,0
0.5833333333333334,2063,0
0.5945945945945946,2064,0
0.6052631578947368,2065,0
0.5897435897435898,2066,0
0.6,2067,0
0.5853658536585366,2068,0
0.5714285714285714,2069,0
0.5813953488372093,2070,0
0.5681818181818182,2071,0
0.5777777777777777,2072,0
0.5652173913043478,2073,0
0.5531914893617021,2074,0
0.5416666666666666,2075,0
0.5510204081632653,2076,0
0.56,2077,0
0.5490196078431373,2078,0
0.5384615384615384,2079,0
0.5283018867924528,2080,0
0.5185185185185185,2081,0
0.5272727272727272,2082,0
0.5178571428571429,2083,0
0.5263157894736842,2084,0
0.5344827586206896,2085,0
0.5254237288135594,2086,0
0.5166666666666667,2087,0
0.5245901639344263,2088,0
0.532258064516129,2089,0
0.5396825396825397,2090,0
0.53125,2091,0
0.5384615384615384,2092,0
0.5454545454545454,2093,0
0.5522388059701493,2094,0
0.5441176470588235,2095,0
0.5362318840579711,2096,0
0.5285714285714286,2097,0
0.5211267605633803,2098,0
0.5277777777777778,2099,0
0.5342465753424658,2100,0
0.527027027027027,2101,0
0.5333333333333333,2102,0
0.5394736842105263,2103,0
0.5324675324675324,2104,0
0.5384615384615384,2105,0
0.5443037974683544,2106,0
0.5375,2107,0
0.5432098765432098,2108,0
0.5365853658536586,2109,0
0.5421686746987951,2110,0
0.5357142857142857,2111,0
0.5411764705882353,2112,0
0.5465116279069767,2113,0
0.5517241379310345,2114,0
0.5568181818181818,2115,0
0.5617977528089888,2116,0
0.5666666666666667,2117,0
0.5714285714285714,2118,0
0.5760869565217391,2119,0
0.5806451612903226,2120,0
0.574468085106383,2121,0
0.5684210526315789,2122,0
0.5625,2123,0
0.5670103092783505,2124,0
0.5714285714285714,2125,0
0.5656565656565656,2126,0
0.57,2127,0
0.5742574257425742,2128,0
0.5784313725490197,2129,0
0.5825242718446602,2130,0
0.5769230769230769,2131,0
0.5714285714285714,2132,0
0.5754716981132075,2133,0
0.5794392523364486,2134,0
0.5833333333333334,2135,0
0.5871559633027523,2136,0
0.5909090909090909,2137,0
0.5855855855855856,2138,0
0.5892857142857143,2139,0
0.584070796460177,2140,0
0.5877192982456141,2141,0
0.5826086956521739,2142,0
0.5862068965517241,2143,0
0.5811965811965812,2144,0
0.5847457627118644,2145,0
0.5798319327731093,2146,0
0.5833333333333334,2147,0
0.5785123966942148,2148,0
0.5819672131147541,2149,0
0.5772357723577236,2150,0
0.5725806451612904,2151,0
0.576,2152,0
0.5714285714285714,2153,0
0.5748031496062992,2154,0
0.578125,2155,0
0.5736434108527132,2156,0
0.5769230769230769,2157,1
0.5801526717557252,2158,1
0.5833333333333334,2159,1
0.5789473684210527,2160,1
0.582089552238806,2161,1
0.5777777777777777,2162,1
0.5735294117647058,2163,1
0.5693430656934306,2164,1
0.5652173913043478,2165,1
0.5611510791366906,2166,1
0.5571428571428572,2167,1
0.5602836879432624,2168,1
0.5633802816901409,2169,1
0.5664335664335665,2170,1
0.5694444444444444,2171,1
0.5724137931034483,2172,1
0.5753424657534246,2173,1
0.5782312925170068,2174,1
0.5743243243243243,2175,1
0.5771812080536913,2176,1
0.5733333333333334,2177,1
0.5695364238410596,2178,1
0.5657894736842105,2179,1
0.5686274509803921,2180,1
0.5714285714285714,2181,1
0.5741935483870968,2182,1
0.5705128205128205,2183,1
0.5732484076433121,2184,1
0.5759493670886076,2185,1
0.5723270440251572,2186,1
0.575,2187,1
0.577639751552795,2188,1
0.5740740740740741,2189,1
0.5766871165644172,2190,1
0.573170731707317,2191,1
0.5757575757575758,2192,1
0.5783132530120482,2193,1
0.5808383233532934,2194,1
0.5833333333333334,2195,1
0.5798816568047337,2196,1
0.5764705882352941,2197,1
0.5730994152046783,2198,1
0.5755813953488372,2199,1
0.5780346820809249,2200,1
0.5747126436781609,2201,1
0.5714285714285714,2202,1
0.5738636363636364,2203,1
0.576271186440678,2204,1
0.5730337078651685,2205,1
0.5754189944134078,2206,1
0.5777777777777777,2207,1
0.574585635359116,2208,1
0.5769230769230769,2209,1
0.5792349726775956,2210,1
0.5815217391304348,2211,1
0.5837837837837838,2212,1
0.5806451612903226,2213,1
0.5828877005347594,2214,1
0.5797872340425532,2215,1
0.5767195767195767,2216,1
0.5789473684210527,2217,1
0.581151832460733,2218,1
0.5833333333333334,2219,1
0.5803108808290155,2220,1
0.5824742268041238,2221,1
0.5794871794871795,2222,1
0.576530612244898,2223,1
0.5786802030456852,2224,1
0.5757575757575758,2225,1
0.5778894472361809,2226,1
0.575,2227,1
0.572139303482587,2228,1
0.5742574257425742,2229,1
0.5714285714285714,2230,1
0.5735294117647058,2231,1
0.5756097560975609,2232,1
0.5776699029126213,2233,1
0.5748792270531401,2234,1
0.5769230769230769,2235,1
0.5741626794258373,2236,1
0.5714285714285714,2237,1
0.5687203791469194,2238,1
0.5707547169811321,2239,1
0.5727699530516432,2240,1
0.5747663551401869,2241,1
0.5720930232558139,2242,1
0.5694444444444444,2243,1
0.5714285714285714,2244,1
0.5688073394495413,2245,1
0.5662100456621004,2246,1
0.5681818181818182,2247,1
0.5656108597285068,2248,1
0.5675675675675675,2249,1
0.5695067264573991,2250,1
0.5669642857142857,2251,1
0.5688888888888889,2252,1
0.5663716814159292,2253,1
0.5682819383259912,2254,1
0.5657894736842105,2255,1
0.5633187772925764,2256,1
0.5608695652173913,2257,1
0.5627705627705628,2258,1
0.5646551724137931,2259,1
0.5665236051502146,2260,1
0.5683760683760684,2261,1
0.5702127659574469,2262,1
0.5720338983050848,2263,1
0.5738396624472574,2264,1
0.5714285714285714,2265,1
0.5732217573221757,2266,1
0.575,2267,1
0.5726141078838174,2268,1
0.5702479338842975,2269,1
0.5679012345679012,2270,1
0.5655737704918032,2271,1
0.5673469387755102,2272,1
0.5691056910569106,2273,1
0.5668016194331984,2274,1
0.5685483870967742,2275,1
0.570281124497992,2276,1
0.572,2277,1
0.5737051792828686,2278,1
0.5753968253968254,2279,1
inf,2280,0
0.0,2281,0
0.5,2282,0
0.6666666666666666,2283,0
0.5,2284,0
0.6,2285,0
0.6666666666666666,2286,0
0.5714285714285714,2287,0
0.5,2288,0
0.4444444444444444,2289,0
0.5,2290,0
0.45454545454545453,2291,0
0.4166666666666667,2292,0
0.38461538461538464,2293,0
0.42857142857142855,2294,0
0.4666666666666667,2295,0
0.4375,2296,0
0.47058823529411764,2297,0
0.5,2298,0
0.47368421052631576,2299,0
0.5,2300,0
0.5238095238095238,2301,0
0.5,2302,0
0.5217391304347826,2303,0
0.5416666666666666,2304,0
0.52,2305,0
0.5,2306,0
0.5185185185185185,2307,0
0.5,2308,0
0.5172413793103449,2309,0
0.5333333333333333,2310,0
0.5161290322580645,2311,0
0.5,2312,0
0.5151515151515151,2313,0
0.5294117647058824,2314,0
0.5142857142857142,2315,0
0.5277777777777778,2316,0
0.5405405405405406,2317,0
0.5263157894736842,2318,0
0.5384615384615384,2319,0
0.525,2320,0
0.5365853658536586,2321,0
0.5476190476190477,2322,0
0.5581395348837209,2323,0
0.5681818181818182,2324,0
0.5777777777777777,2325,0
0.5869565217391305,2326,0
0.574468085106383,2327,0
0.5833333333333334,2328,0
0.5918367346938775,2329,0
0.6,2330,0
0.6078431372549019,2331,0
0.5961538461538461,2332,0
0.6037735849056604,2333,0
0.5925925925925926,2334,0
0.5818181818181818,2335,0
0.5714285714285714,2336,0
0.5614035087719298,2337,0
0.5689655172413793,2338,0
0.559322033898305,2339,0
0.55,2340,0
0.5573770491803278,2341,0
0.5483870967741935,2342,0
0.5555555555555556,2343,0
0.546875,2344,0
0.5384615384615384,2345,0
0.5303030303030303,2346,0
0.5223880597014925,2347,0
0.5147058823529411,2348,0
0.5217391304347826,2349,0
0.5142857142857142,2350,0
0.5070422535211268,2351,0
0.5138888888888888,2352,0
0.5205479452054794,2353,0
0.5135135135135135,2354,0
0.52,2355,0
0.5131578947368421,2356,0
0.5064935064935064,2357,0
0.5,2358,0
0.4936708860759494,2359,0
0.4875,2360,0
0.48148148148148145,2361,0
0.4878048780487805,2362,0
0.4819277108433735,2363,0
0.47619047619047616,2364,0
0.47058823529411764,2365,0
0.47674418604651164,2366,0
0.4827586206896552,2367,0
0.48863636363636365,2368,0
0.48314606741573035,2369,0
0.4888888888888889,2370,0
0.4945054945054945,2371,0
0.5,2372,0
0.5053763440860215,2373,0
0.5106382978723404,2374,0
0.5052631578947369,2375,0
0.5104166666666666,2376,0
0.5051546391752577,2377,0
0.5102040816326531,2378,0
0.5151515151515151,2379,0
0.51,2380,0
0.504950495049505,2381,0
0.5,2382,0
0.5048543689320388,2383,0
0.5096153846153846,2384,0
0.5142857142857142,2385,0
0.5188679245283019,2386,0
0.5233644859813084,2387,0
0.5185185185185185,2388,0
0.5137614678899083,2389,0
0.5181818181818182,2390,0
0.5225225225225225,2391,0
0.5267857142857143,2392,0
0.5309734513274337,2393,0
0.5350877192982456,2394,0
0.5304347826086957,2395,0
0.5344827586206896,2396,0
0.5299145299145299,2397,0
0.5254237288135594,2398,0
0.5294117647058824,2399,0
0.5333333333333333,2400,0
0.5289256198347108,2401,0
0.5327868852459017,2402,0
0.5284552845528455,2403,0
0.5241935483870968,2404,0
0.528,2405,0
0.5238095238095238,2406,0
0.5275590551181102,2407,0
0.53125,2408,0
0.5271317829457365,2409,0
0.5307692307692308,2410,0
0.5343511450381679,2411,1
0.5303030303030303,2412,1
0.5263157894736842,2413,1
0.5223880597014925,2414,1
0.5259259259259259,2415,1
0.5294117647058824,2416,1
0.5328467153284672,2417,1
0.5289855072463768,2418,1
0.5251798561151079,2419,1
0.5285714285714286,2420,1
0.524822695035461,2421,1
0.528169014084507,2422,1
0.5314685314685315,2423,1
0.5347222222222222,2424,1
0.5310344827586206,2425,1
0.5342465753424658,2426,1
0.5374149659863946,2427,1
0.5337837837837838,2428,1
0.5302013422818792,2429,1
0.5266666666666666,2430,1
0.5298013245033113,2431,1
0.5263157894736842,2432,1
0.5228758169934641,2433,1
0.5194805194805194,2434,1
0.5225806451612903,2435,1
0.5192307692307693,2436,1
0.5222929936305732,2437,1
0.5253164556962026,2438,1
0.5283018867924528,2439,1
0.525,2440,1
0.5279503105590062,2441,1
0.5246913580246914,2442,1
0.5214723926380368,2443,1
0.524390243902439,2444,1
0.5272727272727272,2445,1
0.5301204819277109,2446,1
0.5329341317365269,2447,1
0.5297619047619048,2448,1
0.5325443786982249,2449,1
0.5352941176470588,2450,1
0.5321637426900585,2451,1
0.5290697674418605,2452,1
0.5317919075144508,2453,1
0.5287356321839081,2454,1
0.5314285714285715,2455,1
0.5340909090909091,2456,1
0.536723163841808,2457,1
0.5393258426966292,2458,1
0.5363128491620112,2459,1
0.5388888888888889,2460,1
0.5414364640883977,2461,1
0.5439560439560439,2462,1
0.5409836065573771,2463,1
0.5434782608695652,2464,1
0.5405405405405406,2465,1
0.5376344086021505,2466,1
0.5401069518716578,2467,1
0.5425531914893617,2468,1
0.544973544973545,2469,1
0.5473684210526316,2470,1
0.5497382198952879,2471,1
0.546875,2472,1
0.5492227979274611,2473,1
0.5515463917525774,2474,1
0.5538461538461539,2475,1
0.5510204081632653,2476,1
0.5532994923857868,2477,1
0.5555555555555556,2478,1
0.5577889447236181,2479,1
0.56,2480,1
0.5621890547263682,2481,1
0.5594059405940595,2482,1
0.5566502463054187,2483,1
0.553921568627451,2484,1
0.5560975609756098,2485,1
0.5533980582524272,2486,1
0.5507246376811594,2487,1
0.5528846153846154,2488,1
0.5502392344497608,2489,1
0.5523809523809524,2490,1
0.5545023696682464,2491,1
0.5518867924528302,2492,1
0.5492957746478874,2493,1
0.5514018691588785,2494,1
0.5488372093023256,2495,1
0.5509259259259259,2496,1
0.5529953917050692,2497,1
0.5504587155963303,2498,1
0.5525114155251142,2499,1
0.5545454545454546,2500,1
0.5565610859728507,2501,1
0.5540540540540541,2502,1
0.5560538116591929,2503,1
0.5535714285714286,2504,1
0.5511111111111111,2505,1
0.5530973451327433,2506,1
0.5550660792951542,2507,1
0.5526315789473685,2508,1
0.5545851528384279,2509,1
0.5565217391304348,2510,1
0.5584415584415584,2511,1
0.5603448275862069,2512,1
0.5622317596566524,2513,1
0.5641025641025641,2514,1
0.5659574468085107,2515,1
0.5635593220338984,2516,1
0.5611814345991561,2517,1
0.5630252100840336,2518,1
0.5648535564853556,2519,1
0.5625,2520,1
0.5643153526970954,2521,1
0.5619834710743802,2522,1
0.5596707818930041,2523,1
0.5614754098360656,2524,1
0.5591836734693878,2525,1
0.556910569105691,2526,1
0.5546558704453441,2527,1
0.5564516129032258,2528,1
0.5582329317269076,2529,1
0.56,2530,1
0.5617529880478087,2531,1
0.5634920634920635,2532,1
0.5652173913043478,2533,1
0.5669291338582677,2534,1
0.5647058823529412,2535,1
inf,2536,0
1.0,2537,0
1.0,2538,0
0.6666666666666666,2539,0
0.75,2540,0
0.8,2541,0
0.6666666666666666,2542,0
0.7142857142857143,2543,0
0.625,2544,0
0.6666666666666666,2545,0
0.7,2546,0
0.7272727272727273,2547,0
0.6666666666666666,2548,0
0.6153846153846154,2549,0
0.5714285714285714,2550,0
0.5333333333333333,2551,0
0.5625,2552,0
0.5882352941176471,2553,0
0.6111111111111112,2554,0
0.631578947368421,2555,0
0.65,2556,0
0.6666666666666666,2557,0
0.6818181818181818,2558,0
0.6956521739130435,2559,0
0.6666666666666666,2560,0
0.64,2561,0
0.6538461538461539,2562,0
0.6666666666666666,2563,0
0.6428571428571429,2564,0
0.6206896551724138,2565,0
0.6333333333333333,2566,0
0.6451612903225806,2567,0
0.65625,2568,0
0.6363636363636364,2569,0
0.6470588235294118,2570,0
0.6571428571428571,2571,0
0.6388888888888888,2572,0
0.6486486486486487,2573,0
0.6578947368421053,2574,0
0.6410256410256411,2575,0
0.625,2576,0
0.6341463414634146,2577,0
0.6428571428571429,2578,0
0.627906976744186,2579,0
0.6363636363636364,2580,0
0.6444444444444445,2581,0
0.6304347826086957,2582,0
0.6382978723404256,2583,0
0.625,2584,0
0.6326530612244898,2585,0
0.62,2586,0
0.6078431372549019,2587,0
0.6153846153846154,2588,0
0.6037735849056604,2589,0
0.6111111111111112,2590,0
0.6181818181818182,2591,0
0.625,2592,0
0.6140350877192983,2593,0
0.6206896551724138,2594,0
0.6271186440677966,2595,0
0.6333333333333333,2596,0
0.6229508196721312,2597,0
0.6290322580645161,2598,0
0.6349206349206349,2599,0
0.625,2600,0
0.6153846153846154,2601,0
0.6060606060606061,2602,0
0.6119402985074627,2603,0
0.6176470588235294,2604,0
0.6231884057971014,2605,0
0.6285714285714286,2606,0
0.6338028169014085,2607,0
0.6388888888888888,2608,0
0.6438356164383562,2609,0
0.6486486486486487,2610,0
0.6533333333333333,2611,0
0.6578947368421053,2612,0
0.6493506493506493,2613,0
0.6538461538461539,2614,0
0.6582278481012658,2615,0
0.65,2616,0
0.6419753086419753,2617,0
0.6463414634146342,2618,0
0.6385542168674698,2619,0
0.6309523809523809,2620,0
0.6352941176470588,2621,0
0.6395348837209303,2622,0
0.6436781609195402,2623,0
0.6477272727272727,2624,0
0.651685393258427,2625,0
0.6555555555555556,2626,0
0.6483516483516484,2627,0
0.6521739130434783,2628,0
0.6451612903225806,2629,0
0.648936170212766,2630,0
0.6421052631578947,2631,0
0.6354166666666666,2632,0
0.6391752577319587,2633,0
0.6326530612244898,2634,0
0.6262626262626263,2635,0
0.62,2636,0
0.6138613861386139,2637,0
0.6176470588235294,2638,0
0.6213592233009708,2639,0
0.625,2640,0
0.6190476190476191,2641,0
0.6226415094339622,2642,0
0.6261682242990654,2643,0
0.6203703703703703,2644,0
0.6238532110091743,2645,0
0.6272727272727273,2646,0
0.6306306306306306,2647,0
0.625,2648,0
0.6283185840707964,2649,0
0.6228070175438597,2650,0
0.6260869565217392,2651,0
0.6206896551724138,2652,0
0.6239316239316239,2653,0
0.6271186440677966,2654,0
0.6302521008403361,2655,0
0.625,2656,0
0.6198347107438017,2657,0
0.6147540983606558,2658,0
0.6097560975609756,2659,0
0.6129032258064516,2660,0
0.608,2661,0
0.6111111111111112,2662,0
0.6141732283464567,2663,0
0.609375,2664,1
0.6046511627906976,2665,1
0.6076923076923076,2666,1
0.6030534351145038,2667,1
0.6060606060606061,2668,1
0.6090225563909775,2669,1
0.6044776119402985,2670,1
0.6074074074074074,2671,1
0.6029411764705882,2672,1
0.6058394160583942,2673,1
0.6086956521739131,2674,1
0.6115107913669064,2675,1
0.6071428571428571,2676,1
0.6028368794326241,2677,1
0.6056338028169014,2678,1
0.6013986013986014,2679,1
0.6041666666666666,2680,1
0.6068965517241379,2681,1
0.6095890410958904,2682,1
0.6054421768707483,2683,1
0.6013513513513513,2684,1
0.5973154362416108,2685,1
0.6,2686,1
0.6026490066225165,2687,1
0.6052631578947368,2688,1
0.6013071895424836,2689,1
0.6038961038961039,2690,1
0.6,2691,1
0.6025641025641025,2692,1
0.6050955414012739,2693,1
0.6075949367088608,2694,1
0.6037735849056604,2695,1
0.60625,2696,1
0.6086956521739131,2697,1
0.6111111111111112,2698,1
0.6134969325153374,2699,1
0.6158536585365854,2700,1
0.6121212121212121,2701,1
0.608433734939759,2702,1
0.6107784431137725,2703,1
0.6071428571428571,2704,1
0.6094674556213018,2705,1
0.611764705882353,2706,1
0.6140350877192983,2707,1
0.6162790697674418,2708,1
0.6127167630057804,2709,1
0.6149425287356322,2710,1
0.6171428571428571,2711,1
0.6136363636363636,2712,1
0.615819209039548,2713,1
0.6123595505617978,2714,1
0.6089385474860335,2715,1
0.6055555555555555,2716,1
0.6022099447513812,2717,1
0.6043956043956044,2718,1
0.6065573770491803,2719,1
0.6086956521739131,2720,1
0.6108108108108108,2721,1
0.6129032258064516,2722,1
0.6149732620320856,2723,1
0.6170212765957447,2724,1
0.6190476190476191,2725,1
0.6157894736842106,2726,1
0.6178010471204188,2727,1
0.6197916666666666,2728,1
0.6217616580310881,2729,1
0.6237113402061856,2730,1
0.6205128205128205,2731,1
0.6224489795918368,2732,1
0.6243654822335025,2733,1
0.6212121212121212,2734,1
0.6231155778894473,2735,1
0.625,2736,1
0.6218905472636815,2737,1
0.6188118811881188,2738,1
0.6206896551724138,2739,1
0.6176470588235294,2740,1
0.6146341463414634,2741,1
0.6116504854368932,2742,1
0.6086956521739131,2743,1
0.6105769230769231,2744,1
0.6124401913875598,2745,1
0.6142857142857143,2746,1
0.6161137440758294,2747,1
0.6179245283018868,2748,1
0.6197183098591549,2749,1
0.6214953271028038,2750,1
0.6232558139534884,2751,1
0.6203703703703703,2752,1
0.6221198156682027,2753,1
0.6192660550458715,2754,1
0.6164383561643836,2755,1
0.6136363636363636,2756,1
0.6153846153846154,2757,1
0.6171171171171171,2758,1
0.6188340807174888,2759,1
0.6160714285714286,2760,1
0.6133333333333333,2761,1
0.6106194690265486,2762,1
0.6123348017621145,2763,1
0.6140350877192983,2764,1
0.611353711790393,2765,1
0.6130434782608696,2766,1
0.6103896103896104,2767,1
0.6120689655172413,2768,1
0.6094420600858369,2769,1
0.6111111111111112,2770,1
0.6127659574468085,2771,1
0.6101694915254238,2772,1
0.6118143459915611,2773,1
0.6092436974789915,2774,1
0.6108786610878661,2775,1
0.6125,2776,1
0.6099585062240664,2777,1
0.6115702479338843,2778,1
0.6131687242798354,2779,1
0.610655737704918,2780,1
0.6122448979591837,2781,1
0.6097560975609756,2782,1
0.611336032388664,2783,1
0.6129032258064516,2784,1
0.6104417670682731,2785,1
0.608,2786,1
inf,2787,0
0.0,2788,0
0.5,2789,0
0.6666666666666666,2790,0
0.5,2791,0
0.6,2792,0
0.6666666666666666,2793,0
0.5714285714285714,2794,0
0.5,2795,0
0.4444444444444444,2796,0
0.4,2797,0
0.45454545454545453,2798,0
0.4166666666666667,2799,0
0.46153846153846156,2800,0
0.5,2801,0
0.5333333333333333,2802,0
0.5,2803,0
0.5294117647058824,2804,0
0.5,2805,0
0.5263157894736842,2806,0
0.5,2807,0
0.5238095238095238,2808,0
0.5,2809,0
0.5217391304347826,2810,0
0.5416666666666666,2811,0
0.56,2812,0
0.5384615384615384,2813,0
0.5185185185185185,2814,0
0.5,2815,0
0.4827586206896552,2816,0
0.4666666666666667,2817,0
0.45161290322580644,2818,0
0.46875,2819,0
0.45454545454545453,2820,0
0.4411764705882353,2821,0
0.45714285714285713,2822,0
0.4444444444444444,2823,0
0.43243243243243246,2824,0
0.42105263157894735,2825,0
0.4358974358974359,2826,0
0.45,2827,0
0.4634146341463415,2828,0
0.47619047619047616,2829,0
0.4883720930232558,2830,0
0.5,2831,0
0.5111111111111111,2832,0
0.5,2833,0
0.48936170212765956,2834,0
0.4791666666666667,2835,0
0.4897959183673469,2836,0
0.5,2837,0
0.49019607843137253,2838,0
0.4807692307692308,2839,0
0.4716981132075472,2840,0
0.46296296296296297,2841,0
0.45454545454545453,2842,0
0.44642857142857145,2843,0
0.43859649122807015,2844,0
0.43103448275862066,2845,0
0.423728813559322,2846,0
0.4166666666666667,2847,0
0.4262295081967213,2848,0
0.43548387096774194,2849,0
0.4444444444444444,2850,0
0.4375,2851,0
0.4307692307692308,2852,0
0.42424242424242425,2853,0
0.43283582089552236,2854,0
0.4264705882352941,2855,0
0.43478260869565216,2856,0
0.42857142857142855,2857,0
0.4225352112676056,2858,0
0.4166666666666667,2859,0
0.4246575342465753,2860,0
0.4189189189189189,2861,0
0.4266666666666667,2862,0
0.4342105263157895,2863,0
0.44155844155844154,2864,0
0.4358974358974359,2865,0
0.4430379746835443,2866,0
0.45,2867,0
0.4567901234567901,2868,0
0.45121951219512196,2869,0
0.4578313253012048,2870,0
0.4523809523809524,2871,0
0.4470588235294118,2872,0
0.4418604651162791,2873,0
0.4367816091954023,2874,0
0.4431818181818182,2875,0
0.449438202247191,2876,0
0.4444444444444444,2877,0
0.45054945054945056,2878,0
0.44565217391304346,2879,0
0.44086021505376344,2880,0
0.44680851063829785,2881,0
0.4421052631578947,2882,0
0.4479166666666667,2883,0
0.44329896907216493,2884,0
0.4387755102040816,2885,0
0.4444444444444444,2886,0
0.45,2887,0
0.44554455445544555,2888,0
0.4411764705882353,2889,0
0.4368932038834951,2890,0
0.4423076923076923,2891,0
0.4380952380952381,2892,0
0.44339622641509435,2893,0
0.4485981308411215,2894,0
0.4537037037037037,2895,0
0.44954128440366975,2896,0
0.44545454545454544,2897,0
0.44144144144144143,2898,0
0.44642857142857145,2899,0
0.45132743362831856,2900,0
0.45614035087719296,2901,0
0.4608695652173913,2902,0
0.46551724137931033,2903,0
0.4700854700854701,2904,0
0.4745762711864407,2905,0
0.47058823529411764,2906,0
0.475,2907,0
0.4793388429752066,2908,0
0.48360655737704916,2909,0
0.4878048780487805,2910,0
0.49193548387096775,2911,0
0.496,2912,0
0.5,2913,0
0.5039370078740157,2914,0
0.5078125,2915,0
0.5116279069767442,2916,0
0.5153846153846153,2917,0
0.5114503816793893,2918,1
0.5075757575757576,2919,1
0.5112781954887218,2920,1
0.5074626865671642,2921,1
0.5111111111111111,2922,1
0.5147058823529411,2923,1
0.5109489051094891,2924,1
0.5144927536231884,2925,1
0.5107913669064749,2926,1
0.5142857142857142,2927,1
0.5106382978723404,2928,1
0.5140845070422535,2929,1
0.5174825174825175,2930,1
0.5208333333333334,2931,1
0.5172413793103449,2932,1
0.5205479452054794,2933,1
0.5238095238095238,2934,1
0.527027027027027,2935,1
0.5234899328859061,2936,1
0.5266666666666666,2937,1
0.5298013245033113,2938,1
0.5263157894736842,2939,1
0.5228758169934641,2940,1
0.525974025974026,2941,1
0.5225806451612903,2942,1
0.5256410256410257,2943,1
0.5222929936305732,2944,1
0.5189873417721519,2945,1
0.5220125786163522,2946,1
0.525,2947,1
0.5279503105590062,2948,1
0.5308641975308642,2949,1
0.5337423312883436,2950,1
0.5365853658536586,2951,1
0.5333333333333333,2952,1
0.536144578313253,2953,1
0.5329341317365269,2954,1
0.5357142857142857,2955,1
0.5384615384615384,2956,1
0.5352941176470588,2957,1
0.5380116959064327,2958,1
0.5348837209302325,2959,1
0.5317919075144508,2960,1
0.5287356321839081,2961,1
0.5257142857142857,2962,1
0.5284090909090909,2963,1
0.5310734463276836,2964,1
0.5337078651685393,2965,1
0.5307262569832403,2966,1
0.5333333333333333,2967,1
0.5303867403314917,2968,1
0.532967032967033,2969,1
0.5300546448087432,2970,1
0.5271739130434783,2971,1
0.5297297297297298,2972,1
0.5268817204301075,2973,1
0.5294117647058824,2974,1
0.5319148936170213,2975,1
0.5343915343915344,2976,1
0.5368421052631579,2977,1
0.5340314136125655,2978,1
0.53125,2979,1
0.5284974093264249,2980,1
0.5257731958762887,2981,1
0.5282051282051282,2982,1
0.5255102040816326,2983,1
0.5279187817258884,2984,1
0.5303030303030303,2985,1
0.5276381909547738,2986,1
0.53,2987,1
0.527363184079602,2988,1
0.5297029702970297,2989,1
0.5320197044334976,2990,1
0.5343137254901961,2991,1
0.5365853658536586,2992,1
0.5339805825242718,2993,1
0.5362318840579711,2994,1
0.5336538461538461,2995,1
0.5358851674641149,2996,1
0.5333333333333333,2997,1
0.5308056872037915,2998,1
0.5283018867924528,2999,1
0.5258215962441315,3000,1
0.5233644859813084,3001,1
0.5255813953488372,3002,1
0.5277777777777778,3003,1
0.5299539170506913,3004,1
0.5275229357798165,3005,1
0.5251141552511416,3006,1
0.5272727272727272,3007,1
0.5294117647058824,3008,1
0.5315315315315315,3009,1
0.5291479820627802,3010,1
0.5267857142857143,3011,1
0.5288888888888889,3012,1
0.5265486725663717,3013,1
0.5286343612334802,3014,1
0.5263157894736842,3015,1
0.5283842794759825,3016,1
0.5260869565217391,3017,1
0.5281385281385281,3018,1
0.5301724137931034,3019,1
0.5321888412017167,3020,1
0.5299145299145299,3021,1
0.5276595744680851,3022,1
0.5254237288135594,3023,1
0.5232067510548524,3024,1
0.5252100840336135,3025,1
0.5271966527196653,3026,1
0.5291666666666667,3027,1
0.5269709543568465,3028,1
0.5289256198347108,3029,1
0.5308641975308642,3030,1
0.5286885245901639,3031,1
0.5265306122448979,3032,1
0.524390243902439,3033,1
0.5263157894736842,3034,1
0.5241935483870968,3035,1
0.5261044176706827,3036,1
0.524,3037,1
0.5219123505976095,3038,1
inf,3039,0
1.0,3040,0
1.0,3041,0
1.0,3042,0
0.75,3043,0
0.6,3044,0
0.5,3045,0
0.5714285714285714,3046,0
0.625,3047,0
0.5555555555555556,3048,0
0.5,3049,0
0.5454545454545454,3050,0
0.5,3051,0
0.5384615384615384,3052,0
0.5714285714285714,3053,0
0.5333333333333333,3054,0
0.5,3055,0
0.5294117647058824,3056,0
0.5555555555555556,3057,0
0.5263157894736842,3058,0
0.5,3059,0
0.5238095238095238,3060,0
0.5454545454545454,3061,0
0.5652173913043478,3062,0
0.5833333333333334,3063,0
0.6,3064,0
0.5769230769230769,3065,0
0.5555555555555556,3066,0
0.5357142857142857,3067,0
0.5517241379310345,3068,0
0.5666666666666667,3069,0
0.5806451612903226,3070,0
0.59375,3071,0
0.5757575757575758,3072,0
0.5588235294117647,3073,0
0.5428571428571428,3074,0
0.5277777777777778,3075,0
0.5405405405405406,3076,0
0.5526315789473685,3077,0
0.5384615384615384,3078,0
0.525,3079,0
0.5365853658536586,3080,0
0.5476190476190477,3081,0
0.5348837209302325,3082,0
0.5454545454545454,3083,0
0.5333333333333333,3084,0
0.5434782608695652,3085,0
0.5319148936170213,3086,0
0.5208333333333334,3087,0
0.5102040816326531,3088,0
0.5,3089,0
0.49019607843137253,3090,0
0.5,3091,0
0.5094339622641509,3092,0
0.5185185185185185,3093,0
0.509090909090909,3094,0
0.5,3095,0
0.49122807017543857,3096,0
0.4827586206896552,3097,0
0.4915254237288136,3098,0
0.48333333333333334,3099,0
0.4918032786885246,3100,0
0.5,3101,0
0.5079365079365079,3102,0
0.515625,3103,0
0.5230769230769231,3104,0
0.5303030303030303,3105,0
0.5223880597014925,3106,0
0.5147058823529411,3107,0
0.5072463768115942,3108,0
0.5142857142857142,3109,0
0.5211267605633803,3110,0
0.5138888888888888,3111,0
0.5205479452054794,3112,0
0.5135135135135135,3113,0
0.52,3114,0
0.5263157894736842,3115,0
0.5324675324675324,3116,0
0.5384615384615384,3117,0
0.5443037974683544,3118,0
0.5375,3119,0
0.5432098765432098,3120,0
0.5365853658536586,3121,0
0.5301204819277109,3122,0
0.5238095238095238,3123,0
0.5294117647058824,3124,0
0.5232558139534884,3125,0
0.5287356321839081,3126,0
0.5340909090909091,3127,0
0.5280898876404494,3128,0
0.5222222222222223,3129,0
0.5274725274725275,3130,0
0.532608695652174,3131,0
0.5268817204301075,3132,0
0.5319148936170213,3133,0
0.5263157894736842,3134,0
0.5208333333333334,3135,0
0.5154639175257731,3136,0
0.5102040816326531,3137,0
0.5050505050505051,3138,0
0.51,3139,0
0.504950495049505,3140,0
0.5,3141,0
0.5048543689320388,3142,0
0.5096153846153846,3143,0
0.5047619047619047,3144,0
0.5094339622641509,3145,0
0.5046728971962616,3146,0
0.5092592592592593,3147,0
0.5137614678899083,3148,0
0.509090909090909,3149,0
0.5135135135135135,3150,0
0.5178571428571429,3151,0
0.5132743362831859,3152,0
0.5087719298245614,3153,0
0.5043478260869565,3154,0
0.5086206896551724,3155,0
0.5128205128205128,3156,0
0.5084745762711864,3157,0
0.5042016806722689,3158,0
0.5,3159,0
0.49586776859504134,3160,0
0.4918032786885246,3161,0
0.4878048780487805,3162,0
0.49193548387096775,3163,0
0.496,3164,0
0.49206349206349204,3165,0
0.4881889763779528,3166,0
0.4921875,3167,0
0.49612403100775193,3168,0
0.5,3169,0
0.4961832061068702,3170,1
0.49242424242424243,3171,1
0.48872180451127817,3172,1
0.4925373134328358,3173,1
0.4962962962962963,3174,1
0.5,3175,1
0.5036496350364964,3176,1
0.5072463768115942,3177,1
0.5107913669064749,3178,1
0.5142857142857142,3179,1
0.5106382978723404,3180,1
0.5140845070422535,3181,1
0.5174825174825175,3182,1
0.5208333333333334,3183,1
0.5241379310344828,3184,1
0.5205479452054794,3185,1
0.5238095238095238,3186,1
0.5202702702702703,3187,1
0.5234899328859061,3188,1
0.52,3189,1
0.5231788079470199,3190,1
0.5263157894736842,3191,1
0.5228758169934641,3192,1
0.525974025974026,3193,1
0.5290322580645161,3194,1
0.532051282051282,3195,1
0.5286624203821656,3196,1
0.5316455696202531,3197,1
0.5345911949685535,3198,1
0.53125,3199,1
0.5279503105590062,3200,1
0.5246913580246914,3201,1
0.5276073619631901,3202,1
0.524390243902439,3203,1
0.5212121212121212,3204,1
0.5180722891566265,3205,1
0.5209580838323353,3206,1
0.5238095238095238,3207,1
0.5207100591715976,3208,1
0.5176470588235295,3209,1
0.5146198830409356,3210,1
0.5174418604651163,3211,1
0.5202312138728323,3212,1
0.5172413793103449,3213,1
0.5142857142857142,3214,1
0.5170454545454546,3215,1
0.519774011299435,3216,1
0.5224719101123596,3217,1
0.5195530726256983,3218,1
0.5166666666666667,3219,1
0.5138121546961326,3220,1
0.510989010989011,3221,1
0.5081967213114754,3222,1
0.5054347826086957,3223,1
0.5081081081081081,3224,1
0.510752688172043,3225,1
0.5080213903743316,3226,1
0.5053191489361702,3227,1
0.5026455026455027,3228,1
0.5,3229,1
0.5026178010471204,3230,1
0.5052083333333334,3231,1
0.5077720207253886,3232,1
0.5051546391752577,3233,1
0.5076923076923077,3234,1
0.5102040816326531,3235,1
0.5076142131979695,3236,1
0.5050505050505051,3237,1
0.507537688442211,3238,1
0.505,3239,1
0.5074626865671642,3240,1
0.504950495049505,3241,1
0.5024630541871922,3242,1
0.5,3243,1
0.4975609756097561,3244,1
0.5,3245,1
0.4975845410628019,3246,1
0.4951923076923077,3247,1
0.49760765550239233,3248,1
0.49523809523809526,3249,1
0.4928909952606635,3250,1
0.49056603773584906,3251,1
0.49295774647887325,3252,1
0.49065420560747663,3253,1
0.4883720930232558,3254,1
0.49074074074074076,3255,1
0.4930875576036866,3256,1
0.4954128440366973,3257,1
0.4977168949771689,3258,1
0.4954545454545455,3259,1
0.497737556561086,3260,1
0.4954954954954955,3261,1
0.4977578475336323,3262,1
0.5,3263,1
0.49777777777777776,3264,1
0.49557522123893805,3265,1
0.4933920704845815,3266,1
0.4956140350877193,3267,1
0.4978165938864629,3268,1
0.5,3269,1
0.5021645021645021,3270,1
0.5,3271,1
0.5021459227467812,3272,1
0.5,3273,1
0.4978723404255319,3274,1
0.5,3275,1
0.5021097046413502,3276,1
0.5042016806722689,3277,1
0.502092050209205,3278,1
0.5,3279,1
0.4979253112033195,3280,1
0.49586776859504134,3281,1
0.49382716049382713,3282,1
0.4918032786885246,3283,1
0.49387755102040815,3284,1
0.491869918699187,3285,1
0.4939271255060729,3286,1
0.49193548387096775,3287,1
0.4939759036144578,3288,1
0.492,3289,1
0.4940239043824701,3290,1
0.49206349206349204,3291,1
0.49407114624505927,3292,1
0.49606299212598426,3293,1
inf,3294,0
1.0,3295,0
1.0,3296,0
1.0,3297,0
0.75,3298,0
0.8,3299,0
0.6666666666666666,3300,0
0.5714285714285714,3301,0
0.5,3302,0
0.5555555555555556,3303,0
0.6,3304,0
0.5454545454545454,3305,0
0.5833333333333334,3306,0
0.5384615384615384,3307,0
0.5,3308,0
0.4666666666666667,3309,0
0.5,3310,0
0.5294117647058824,3311,0
0.5555555555555556,3312,0
0.5263157894736842,3313,0
0.5,3314,0
0.5238095238095238,3315,0
0.5454545454545454,3316,0
0.5652173913043478,3317,0
0.5833333333333334,3318,0
0.6,3319,0
0.5769230769230769,3320,0
0.5555555555555556,3321,0
0.5357142857142857,3322,0
0.5172413793103449,3323,0
0.5,3324,0
0.4838709677419355,3325,0
0.5,3326,0
0.48484848484848486,3327,0
0.47058823529411764,3328,0
0.4857142857142857,3329,0
0.5,3330,0
0.5135135135135135,3331,0
0.5263157894736842,3332,0
0.5384615384615384,3333,0
0.525,3334,0
0.5121951219512195,3335,0
0.5,3336,0
0.4883720930232558,3337,0
0.5,3338,0
0.5111111111111111,3339,0
0.5,3340,0
0.48936170212765956,3341,0
0.5,3342,0
0.5102040816326531,3343,0
0.5,3344,0
0.49019607843137253,3345,0
0.5,3346,0
0.49056603773584906,3347,0
0.48148148148148145,3348,0
0.4727272727272727,3349,0
0.48214285714285715,3350,0
0.49122807017543857,3351,0
0.5,3352,0
0.4915254237288136,3353,0
0.48333333333333334,3354,0
0.47540983606557374,3355,0
0.4838709677419355,3356,0
0.47619047619047616,3357,0
0.484375,3358,0
0.47692307692307695,3359,0
0.4696969696969697,3360,0
0.47761194029850745,3361,0
0.4852941176470588,3362,0
0.4782608695652174,3363,0
0.4857142857142857,3364,0
0.4788732394366197,3365,0
0.4722222222222222,3366,0
0.4657534246575342,3367,0
0.4594594594594595,3368,0
0.4666666666666667,3369,0
0.47368421052631576,3370,0
0.4805194805194805,3371,0
0.47435897435897434,3372,0
0.4810126582278481,3373,0
0.475,3374,0
0.48148148148148145,3375,0
0.47560975609756095,3376,0
0.46987951807228917,3377,0
0.4642857142857143,3378,0
0.47058823529411764,3379,0
0.46511627906976744,3380,0
0.45977011494252873,3381,0
0.4659090909090909,3382,0
0.4606741573033708,3383,0
0.45555555555555555,3384,0
0.45054945054945056,3385,0
0.45652173913043476,3386,0
0.46236559139784944,3387,0
0.4574468085106383,3388,0
0.4631578947368421,3389,0
0.46875,3390,0
0.4742268041237113,3391,0
0.47959183673469385,3392,0
0.47474747474747475,3393,0
0.48,3394,0
0.4752475247524752,3395,0
0.4803921568627451,3396,0
0.4854368932038835,3397,0
0.49038461538461536,3398,0
0.4857142857142857,3399,0
0.4811320754716981,3400,0
0.4766355140186916,3401,0
0.48148148148148145,3402,0
0.48623853211009177,3403,0
0.4818181818181818,3404,0
0.4864864864864865,3405,0
0.48214285714285715,3406,0
0.48672566371681414,3407,0
0.4824561403508772,3408,0
0.4782608695652174,3409,0
0.47413793103448276,3410,0
0.4700854700854701,3411,0
0.4661016949152542,3412,0
0.47058823529411764,3413,0
0.475,3414,0
0.4793388429752066,3415,0
0.47540983606557374,3416,0
0.4796747967479675,3417,0
0.47580645161290325,3418,0
0.472,3419,0
0.47619047619047616,3420,0
0.47244094488188976,3421,0
0.46875,3422,0
0.46511627906976744,3423,0
0.46923076923076923,3424,0
0.4732824427480916,3425,0
0.4696969696969697,3426,0
0.47368421052631576,3427,0
0.47761194029850745,3428,0
0.48148148148148145,3429,1
0.47794117647058826,3430,1
0.4744525547445255,3431,1
0.4782608695652174,3432,1
0.4748201438848921,3433,1
0.4714285714285714,3434,1
0.475177304964539,3435,1
0.4788732394366197,3436,1
0.4825174825174825,3437,1
0.4791666666666667,3438,1
0.4827586206896552,3439,1
0.4863013698630137,3440,1
0.4897959183673469,3441,1
0.4864864864864865,3442,1
0.4899328859060403,3443,1
0.49333333333333335,3444,1
0.4900662251655629,3445,1
0.4868421052631579,3446,1
0.48366013071895425,3447,1
0.4805194805194805,3448,1
0.4774193548387097,3449,1
0.4807692307692308,3450,1
0.47770700636942676,3451,1
0.4810126582278481,3452,1
0.4779874213836478,3453,1
0.48125,3454,1
0.4782608695652174,3455,1
0.48148148148148145,3456,1
0.4785276073619632,3457,1
0.47560975609756095,3458,1
0.4727272727272727,3459,1
0.4759036144578313,3460,1
0.47904191616766467,3461,1
0.48214285714285715,3462,1
0.48520710059171596,3463,1
0.48823529411764705,3464,1
0.4853801169590643,3465,1
0.48255813953488375,3466,1
0.4797687861271676,3467,1
0.4827586206896552,3468,1
0.4857142857142857,3469,1
0.48863636363636365,3470,1
0.4915254237288136,3471,1
0.4887640449438202,3472,1
0.49162011173184356,3473,1
0.49444444444444446,3474,1
0.4972375690607735,3475,1
0.4945054945054945,3476,1
0.4972677595628415,3477,1
0.4945652173913043,3478,1
0.4972972972972973,3479,1
0.4946236559139785,3480,1
0.4919786096256685,3481,1
0.48936170212765956,3482,1
0.49206349206349204,3483,1
0.48947368421052634,3484,1
0.4869109947643979,3485,1
0.4895833333333333,3486,1
0.49222797927461137,3487,1
0.4896907216494845,3488,1
0.49230769230769234,3489,1
0.49489795918367346,3490,1
0.49746192893401014,3491,1
0.494949494949495,3492,1
0.49748743718592964,3493,1
0.495,3494,1
0.4975124378109453,3495,1
0.49504950495049505,3496,1
0.4975369458128079,3497,1
0.4950980392156863,3498,1
0.4926829268292683,3499,1
0.49029126213592233,3500,1
0.4927536231884058,3501,1
0.49038461538461536,3502,1
0.4880382775119617,3503,1
0.4857142857142857,3504,1
0.4881516587677725,3505,1
0.49056603773584906,3506,1
0.49295774647887325,3507,1
0.49065420560747663,3508,1
0.4930232558139535,3509,1
0.49074074074074076,3510,1
0.4930875576036866,3511,1
0.4908256880733945,3512,1
0.4885844748858447,3513,1
0.4909090909090909,3514,1
0.49321266968325794,3515,1
0.4954954954954955,3516,1
0.49327354260089684,3517,1
0.4955357142857143,3518,1
0.49777777777777776,3519,1
0.5,3520,1
0.5022026431718062,3521,1
0.5,3522,1
0.5021834061135371,3523,1
0.5,3524,1
0.5021645021645021,3525,1
0.5043103448275862,3526,1
0.5021459227467812,3527,1
0.5,3528,1
0.502127659574468,3529,1
0.5042372881355932,3530,1
0.5021097046413502,3531,1
0.5042016806722689,3532,1
0.502092050209205,3533,1
0.5041666666666667,3534,1
0.5062240663900415,3535,1
0.5082644628099173,3536,1
0.5102880658436214,3537,1
0.5081967213114754,3538,1
0.5102040816326531,3539,1
0.5121951219512195,3540,1
0.5141700404858299,3541,1
0.5120967741935484,3542,1
0.5140562248995983,3543,1
0.512,3544,1
0.5139442231075697,3545,1
0.5119047619047619,3546,1
0.5138339920948617,3547,1
0.5118110236220472,3548,1
0.5098039215686274,3549,1
0.51171875,3550,1
0.5097276264591439,3551,1
0.5077519379844961,3552,1
0.5096525096525096,3553,1
0.5076923076923077,3554,1
0.5095785440613027,3555,1
0.5114503816793893,3556,1
0.5095057034220533,3557,1
0.5113636363636364,3558,1
0.5132075471698113,3559,1
0.5112781954887218,3560,1
0.5131086142322098,3561,1
0.5149253731343284,3562,1
inf,3563,0
0.0,3564,0
0.0,3565,0
0.0,3566,0
0.25,3567,0
0.4,3568,0
0.3333333333333333,3569,0
0.2857142857142857,3570,0
0.25,3571,0
0.3333333333333333,3572,0
0.3,3573,0
0.2727272727272727,3574,0
0.3333333333333333,3575,0
0.3076923076923077,3576,0
0.35714285714285715,3577,0
0.4,3578,0
0.4375,3579,0
0.47058823529411764,3580,0
0.5,3581,0
0.5263157894736842,3582,0
0.5,3583,0
0.5238095238095238,3584,0
0.5454545454545454,3585,0
0.5217391304347826,3586,0
0.5,3587,0
0.52,3588,0
0.5384615384615384,3589,0
0.5185185185185185,3590,0
0.5357142857142857,3591,0
0.5172413793103449,3592,0
0.5333333333333333,3593,0
0.5483870967741935,3594,0
0.5625,3595,0
0.5757575757575758,3596,0
0.5588235294117647,3597,0
0.5428571428571428,3598,0
0.5277777777777778,3599,0
0.5135135135135135,3600,0
0.5263157894736842,3601,0
0.5384615384615384,3602,0
0.55,3603,0
0.5609756097560976,3604,0
0.5714285714285714,3605,0
0.5581395348837209,3606,0
0.5454545454545454,3607,0
0.5555555555555556,3608,0
0.5434782608695652,3609,0
0.5319148936170213,3610,0
0.5416666666666666,3611,0
0.5306122448979592,3612,0
0.54,3613,0
0.5490196078431373,3614,0
0.5384615384615384,3615,0
0.5471698113207547,3616,0
0.5370370370370371,3617,0
0.5454545454545454,3618,0
0.5357142857142857,3619,0
0.5263157894736842,3620,0
0.5172413793103449,3621,0
0.5254237288135594,3622,0
0.5333333333333333,3623,0
0.5245901639344263,3624,0
0.532258064516129,3625,0
0.5238095238095238,3626,0
0.53125,3627,0
0.5230769230769231,3628,0
0.5151515151515151,3629,0
0.5074626865671642,3630,0
0.5147058823529411,3631,0
0.5072463768115942,3632,0
0.5,3633,0
0.5070422535211268,3634,0
0.5138888888888888,3635,0
0.5205479452054794,3636,0
0.527027027027027,3637,0
0.5333333333333333,3638,0
0.5263157894736842,3639,0
0.5324675324675324,3640,0
0.5256410256410257,3641,0
0.5316455696202531,3642,0
0.525,3643,0
0.5308641975308642,3644,0
0.5365853658536586,3645,0
0.5421686746987951,3646,0
0.5357142857142857,3647,0
0.5294117647058824,3648,0
0.5348837209302325,3649,0
0.5287356321839081,3650,0
0.5227272727272727,3651,0
0.5280898876404494,3652,0
0.5333333333333333,3653,0
0.5384615384615384,3654,0
0.5434782608695652,3655,0
0.5483870967741935,3656,0
0.5425531914893617,3657,0
0.5368421052631579,3658,0
0.53125,3659,0
0.5360824742268041,3660,0
0.5408163265306123,3661,0
0.5454545454545454,3662,0
0.55,3663,0
0.5544554455445545,3664,0
0.5490196078431373,3665,0
0.5533980582524272,3666,0
0.5576923076923077,3667,0
0.5523809523809524,3668,0
0.5471698113207547,3669,0
0.5514018691588785,3670,0
0.5462962962962963,3671,0
0.5412844036697247,3672,0
0.5454545454545454,3673,0
0.5405405405405406,3674,0
0.5446428571428571,3675,0
0.5486725663716814,3676,0
0.543859649122807,3677,0
0.5478260869565217,3678,0
0.5517241379310345,3679,0
0.5470085470085471,3680,0
0.5508474576271186,3681,0
0.5546218487394958,3682,0
0.55,3683,0
0.5537190082644629,3684,0
0.5573770491803278,3685,0
0.5528455284552846,3686,0
0.5483870967741935,3687,0
0.544,3688,0
0.5476190476190477,3689,0
0.5511811023622047,3690,0
0.5546875,3691,0
0.5581395348837209,3692,0
0.5615384615384615,3693,0
0.5572519083969466,3694,0
0.553030303030303,3695,1
0.556390977443609,3696,1
0.5597014925373134,3697,1
0.562962962962963,3698,1
0.5588235294117647,3699,1
0.5547445255474452,3700,1
0.5507246376811594,3701,1
0.5467625899280576,3702,1
0.55,3703,1
0.5531914893617021,3704,1
0.5563380281690141,3705,1
0.5594405594405595,3706,1
0.5625,3707,1
0.5586206896551724,3708,1
0.5547945205479452,3709,1
0.5510204081632653,3710,1
0.5472972972972973,3711,1
0.5436241610738255,3712,1
0.54,3713,1
0.543046357615894,3714,1
0.5460526315789473,3715,1
0.5424836601307189,3716,1
0.538961038961039,3717,1
0.5419354838709678,3718,1
0.5448717948717948,3719,1
0.5414012738853503,3720,1
0.5443037974683544,3721,1
0.5471698113207547,3722,1
0.54375,3723,1
0.546583850931677,3724,1
0.5493827160493827,3725,1
0.5521472392638037,3726,1
0.5487804878048781,3727,1
0.5454545454545454,3728,1
0.5481927710843374,3729,1
0.5508982035928144,3730,1
0.5535714285714286,3731,1
0.5562130177514792,3732,1
0.5588235294117647,3733,1
0.5555555555555556,3734,1
0.5581395348837209,3735,1
0.5549132947976878,3736,1
0.5517241379310345,3737,1
0.5542857142857143,3738,1
0.5568181818181818,3739,1
0.559322033898305,3740,1
0.5561797752808989,3741,1
0.5586592178770949,3742,1
0.5555555555555556,3743,1
0.5580110497237569,3744,1
0.554945054945055,3745,1
0.5573770491803278,3746,1
0.5543478260869565,3747,1
0.5567567567567567,3748,1
0.5591397849462365,3749,1
0.5614973262032086,3750,1
0.5638297872340425,3751,1
0.5661375661375662,3752,1
0.5684210526315789,3753,1
0.5654450261780105,3754,1
0.5625,3755,1
0.5647668393782384,3756,1
0.5670103092783505,3757,1
0.5692307692307692,3758,1
0.5714285714285714,3759,1
0.5685279187817259,3760,1
0.5656565656565656,3761,1
0.5628140703517588,3762,1
0.56,3763,1
0.5572139303482587,3764,1
0.5594059405940595,3765,1
0.5615763546798029,3766,1
0.5637254901960784,3767,1
0.5609756097560976,3768,1
0.5631067961165048,3769,1
0.5603864734299517,3770,1
0.5625,3771,1
0.5645933014354066,3772,1
0.5619047619047619,3773,1
0.5592417061611374,3774,1
0.5566037735849056,3775,1
0.5586854460093896,3776,1
0.5607476635514018,3777,1
0.5581395348837209,3778,1
0.5601851851851852,3779,1
0.5576036866359447,3780,1
0.5596330275229358,3781,1
0.5616438356164384,3782,1
0.5636363636363636,3783,1
0.5610859728506787,3784,1
0.5630630630630631,3785,1
0.5650224215246636,3786,1
0.5625,3787,1
0.56,3788,1
0.5619469026548672,3789,1
0.5638766519823789,3790,1
0.5614035087719298,3791,1
0.5589519650655022,3792,1
0.5608695652173913,3793,1
0.5584415584415584,3794,1
0.5560344827586207,3795,1
0.5536480686695279,3796,1
0.5512820512820513,3797,1
0.5531914893617021,3798,1
0.5550847457627118,3799,1
0.5527426160337553,3800,1
0.5546218487394958,3801,1
0.5564853556485355,3802,1
0.5583333333333333,3803,1
0.5560165975103735,3804,1
0.5578512396694215,3805,1
0.5596707818930041,3806,1
0.5614754098360656,3807,1
0.5591836734693878,3808,1
0.5609756097560976,3809,1
0.5587044534412956,3810,1
0.5604838709677419,3811,1
0.5582329317269076,3812,1
0.556,3813,1
0.5577689243027888,3814,1
0.5595238095238095,3815,1
0.5612648221343873,3816,1
0.562992125984252,3817,1
0.5647058823529412,3818,1
0.56640625,3819,1
0.5680933852140078,3820,1
0.5658914728682171,3821,1
0.5675675675675675,3822,1
0.5653846153846154,3823,1
0.5670498084291188,3824,1
0.5648854961832062,3825,1
inf,3826,0
0.0,3827,0
0.0,3828,0
0.0,3829,0
0.0,3830,0
0.0,3831,0
0.0,3832,0
0.0,3833,0
0.125,3834,0
0.2222222222222222,3835,0
0.3,3836,0
0.2727272727272727,3837,0
0.25,3838,0
0.3076923076923077,3839,0
0.2857142857142857,3840,0
0.3333333333333333,3841,0
0.375,3842,0
0.4117647058823529,3843,0
0.3888888888888889,3844,0
0.42105263157894735,3845,0
0.4,3846,0
0.38095238095238093,3847,0
0.36363636363636365,3848,0
0.391304347826087,3849,0
0.4166666666666667,3850,0
0.4,3851,0
0.38461538461538464,3852,0
0.37037037037037035,3853,0
0.35714285714285715,3854,0
0.3793103448275862,3855,0
0.4,3856,0
0.41935483870967744,3857,0
0.40625,3858,0
0.42424242424242425,3859,0
0.4117647058823529,3860,0
0.42857142857142855,3861,0
0.4444444444444444,3862,0
0.4594594594594595,3863,0
0.4473684210526316,3864,0
0.46153846153846156,3865,0
0.475,3866,0
0.4878048780487805,3867,0
0.47619047619047616,3868,0
0.4883720930232558,3869,0
0.4772727272727273,3870,0
0.4666666666666667,3871,0
0.45652173913043476,3872,0
0.46808510638297873,3873,0
0.4583333333333333,3874,0
0.4489795918367347,3875,0
0.44,3876,0
0.45098039215686275,3877,0
0.46153846153846156,3878,0
0.4716981132075472,3879,0
0.48148148148148145,3880,0
0.4727272727272727,3881,0
0.4642857142857143,3882,0
0.45614035087719296,3883,0
0.46551724137931033,3884,0
0.4576271186440678,3885,0
0.45,3886,0
0.45901639344262296,3887,0
0.46774193548387094,3888,0
0.4603174603174603,3889,0
0.453125,3890,0
0.46153846153846156,3891,0
0.45454545454545453,3892,0
0.44776119402985076,3893,0
0.4411764705882353,3894,0
0.43478260869565216,3895,0
0.44285714285714284,3896,0
0.4507042253521127,3897,0
0.4583333333333333,3898,0
0.4657534246575342,3899,0
0.4594594594594595,3900,0
0.4666666666666667,3901,0
0.47368421052631576,3902,0
0.4805194805194805,3903,0
0.48717948717948717,3904,0
0.4936708860759494,3905,0
0.5,3906,0
0.49382716049382713,3907,0
0.5,3908,0
0.4939759036144578,3909,0
0.4880952380952381,3910,0
0.49411764705882355,3911,0
0.5,3912,0
0.5057471264367817,3913,0
0.5113636363636364,3914,0
0.5168539325842697,3915,0
0.5111111111111111,3916,0
0.5054945054945055,3917,0
0.5108695652173914,3918,0
0.5161290322580645,3919,0
0.5212765957446809,3920,0
0.5157894736842106,3921,0
0.5208333333333334,3922,0
0.5257731958762887,3923,0
0.5306122448979592,3924,0
0.5252525252525253,3925,0
0.53,3926,0
0.5346534653465347,3927,0
0.5294117647058824,3928,0
0.5339805825242718,3929,0
0.5384615384615384,3930,0
0.5428571428571428,3931,0
0.5377358490566038,3932,0
0.5420560747663551,3933,0
0.5370370370370371,3934,0
0.5412844036697247,3935,0
0.5454545454545454,3936,0
0.5495495495495496,3937,0
0.5446428571428571,3938,0
0.5398230088495575,3939,0
0.543859649122807,3940,0
0.5391304347826087,3941,0
0.5344827586206896,3942,0
0.5384615384615384,3943,0
0.5338983050847458,3944,0
0.5378151260504201,3945,0
0.5416666666666666,3946,0
0.5454545454545454,3947,0
0.5491803278688525,3948,0
0.5528455284552846,3949,0
0.5483870967741935,3950,0
0.544,3951,0
0.5476190476190477,3952,0
0.5511811023622047,3953,0
0.5546875,3954,0
0.5581395348837209,3955,0
0.5538461538461539,3956,0
0.5572519083969466,3957,0
0.553030303030303,3958,0
0.556390977443609,3959,0
0.5597014925373134,3960,0
0.562962962962963,3961,0
0.5661764705882353,3962,0
0.5693430656934306,3963,0
0.5652173913043478,3964,0
0.5611510791366906,3965,0
0.5571428571428572,3966,0
0.5531914893617021,3967,0
0.5563380281690141,3968,0
0.5594405594405595,3969,0
0.5625,3970,1
0.5586206896551724,3971,1
0.5616438356164384,3972,1
0.564625850340136,3973,1
0.5675675675675675,3974,1
0.5704697986577181,3975,1
0.5733333333333334,3976,1
0.5695364238410596,3977,1
0.5723684210526315,3978,1
0.5751633986928104,3979,1
0.577922077922078,3980,1
0.5806451612903226,3981,1
0.5833333333333334,3982,1
0.5859872611464968,3983,1
0.5822784810126582,3984,1
0.5786163522012578,3985,1
0.575,3986,1
0.577639751552795,3987,1
0.5740740740740741,3988,1
0.5705521472392638,3989,1
0.5670731707317073,3990,1
0.5636363636363636,3991,1
0.5662650602409639,3992,1
0.562874251497006,3993,1
0.5654761904761905,3994,1
0.5680473372781065,3995,1
0.5647058823529412,3996,1
0.5614035087719298,3997,1
0.563953488372093,3998,1
0.5664739884393064,3999,1
0.5689655172413793,4000,1
0.5657142857142857,4001,1
0.5681818181818182,4002,1
0.5706214689265536,4003,1
0.5730337078651685,4004,1
0.5698324022346368,4005,1
0.5722222222222222,4006,1
0.569060773480663,4007,1
0.5659340659340659,4008,1
0.5628415300546448,4009,1
0.5652173913043478,4010,1
0.5621621621621622,4011,1
0.5591397849462365,4012,1
0.5561497326203209,4013,1
0.5531914893617021,4014,1
0.5502645502645502,4015,1
0.5526315789473685,4016,1
0.5497382198952879,4017,1
0.546875,4018,1
0.5440414507772021,4019,1
0.5463917525773195,4020,1
0.5435897435897435,4021,1
0.5459183673469388,4022,1
0.5482233502538071,4023,1
0.5505050505050505,4024,1
0.5527638190954773,4025,1
0.555,4026,1
0.5572139303482587,4027,1
0.5544554455445545,4028,1
0.5566502463054187,4029,1
0.5588235294117647,4030,1
0.5609756097560976,4031,1
0.5631067961165048,4032,1
0.5652173913043478,4033,1
0.5625,4034,1
0.5645933014354066,4035,1
0.5619047619047619,4036,1
0.5639810426540285,4037,1
0.5660377358490566,4038,1
0.568075117370892,4039,1
0.5654205607476636,4040,1
0.5674418604651162,4041,1
0.5648148148148148,4042,1
0.5668202764976958,4043,1
0.5642201834862385,4044,1
0.5662100456621004,4045,1
0.5681818181818182,4046,1
0.5656108597285068,4047,1
0.5675675675675675,4048,1
0.5650224215246636,4049,1
0.5669642857142857,4050,1
0.5688888888888889,4051,1
0.5707964601769911,4052,1
0.5726872246696035,4053,1
0.5701754385964912,4054,1
0.5676855895196506,4055,1
0.5652173913043478,4056,1
0.5670995670995671,4057,1
0.5646551724137931,4058,1
0.5622317596566524,4059,1
0.5641025641025641,4060,1
0.5617021276595745,4061,1
0.5635593220338984,4062,1
0.5654008438818565,4063,1
0.5630252100840336,4064,1
0.5648535564853556,4065,1
0.5666666666666667,4066,1
0.5643153526970954,4067,1
0.5661157024793388,4068,1
0.5679012345679012,4069,1
0.569672131147541,4070,1
0.5714285714285714,4071,1
0.573170731707317,4072,1
0.5748987854251012,4073,1
0.5725806451612904,4074,1
0.570281124497992,4075,1
0.568,4076,1
0.5657370517928287,4077,1
0.5634920634920635,4078,1
0.5612648221343873,4079,1
0.5590551181102362,4080,1
0.5568627450980392,4081,1
0.55859375,4082,1
0.5603112840466926,4083,1
0.5581395348837209,4084,1
0.5598455598455598,4085,1
0.5576923076923077,4086,1
0.5555555555555556,4087,1
0.5534351145038168,4088,1
0.5551330798479087,4089,1
0.5568181818181818,4090,1
0.5547169811320755,4091,1
0.556390977443609,4092,1
inf,4093,0
1.0,4094,0
1.0,4095,0
0.6666666666666666,4096,0
0.75,4097,0
0.8,4098,0
0.8333333333333334,4099,0
0.7142857142857143,4100,0
0.75,4101,0
0.7777777777777778,4102,0
0.7,4103,0
0.6363636363636364,4104,0
0.6666666666666666,4105,0
0.6923076923076923,4106,0
0.6428571428571429,4107,0
0.6666666666666666,4108,0
0.625,4109,0
0.6470588235294118,4110,0
0.6111111111111112,4111,0
0.631578947368421,4112,0
0.65,4113,0
0.6190476190476191,4114,0
0.5909090909090909,4115,0
0.5652173913043478,4116,0
0.5416666666666666,4117,0
0.56,4118,0
0.5384615384615384,4119,0
0.5555555555555556,4120,0
0.5357142857142857,4121,0
0.5172413793103449,4122,0
0.5333333333333333,4123,0
0.5161290322580645,4124,0
0.53125,4125,0
0.5151515151515151,4126,0
0.5,4127,0
0.4857142857142857,4128,0
0.5,4129,0
0.4864864864864865,4130,0
0.5,4131,0
0.48717948717948717,4132,0
0.5,4133,0
0.5121951219512195,4134,0
0.5,4135,0
0.5116279069767442,4136,0
0.5,4137,0
0.4888888888888889,4138,0
0.4782608695652174,4139,0
0.48936170212765956,4140,0
0.4791666666666667,4141,0
0.4897959183673469,4142,0
0.5,4143,0
0.49019607843137253,4144,0
0.4807692307692308,4145,0
0.49056603773584906,4146,0
0.5,4147,0
0.4909090909090909,4148,0
0.5,4149,0
0.49122807017543857,4150,0
0.5,4151,0
0.5084745762711864,4152,0
0.5,4153,0
0.5081967213114754,4154,0
0.5161290322580645,4155,0
0.5079365079365079,4156,0
0.515625,4157,0
0.5076923076923077,4158,0
0.5,4159,0
0.4925373134328358,4160,0
0.5,4161,0
0.4927536231884058,4162,0
0.5,4163,0
0.49295774647887325,4164,0
0.5,4165,0
0.5068493150684932,4166,0
0.5,4167,0
0.5066666666666667,4168,0
0.5131578947368421,4169,0
0.5064935064935064,4170,0
0.5,4171,0
0.4936708860759494,4172,0
0.4875,4173,0
0.48148148148148145,4174,0
0.47560975609756095,4175,0
0.4819277108433735,4176,0
0.4880952380952381,4177,0
0.4823529411764706,4178,0
0.47674418604651164,4179,0
0.4827586206896552,4180,0
0.4772727272727273,4181,0
0.47191011235955055,4182,0
0.4666666666666667,4183,0
0.4725274725274725,4184,0
0.4673913043478261,4185,0
0.4731182795698925,4186,0
0.4787234042553192,4187,0
0.47368421052631576,4188,0
0.4791666666666667,4189,0
0.4742268041237113,4190,0
0.47959183673469385,4191,0
0.48484848484848486,4192,0
0.48,4193,0
0.4752475247524752,4194,0
0.4803921568627451,4195,0
0.47572815533980584,4196,0
0.4807692307692308,4197,0
0.4857142857142857,4198,0
0.49056603773584906,4199,0
0.48598130841121495,4200,0
0.49074074074074076,4201,0
0.4954128440366973,4202,0
0.4909090909090909,4203,0
0.4864864864864865,4204,0
0.49107142857142855,4205,0
0.49557522123893805,4206,0
0.5,4207,0
0.4956521739130435,4208,0
0.49137931034482757,4209,0
0.49572649572649574,4210,0
0.4915254237288136,4211,0
0.4957983193277311,4212,0
0.5,4213,0
0.5041322314049587,4214,0
0.5,4215,0
0.4959349593495935,4216,0
0.5,4217,0
0.504,4218,0
0.5079365079365079,4219,0
0.5118110236220472,4220,0
0.515625,4221,0
0.5193798449612403,4222,0
0.5230769230769231,4223,0
0.5190839694656488,4224,0
0.5151515151515151,4225,0
0.518796992481203,4226,0
0.5223880597014925,4227,1
0.5259259259259259,4228,1
0.5220588235294118,4229,1
0.5255474452554745,4230,1
0.5217391304347826,4231,1
0.5251798561151079,4232,1
0.5214285714285715,4233,1
0.5177304964539007,4234,1
0.5140845070422535,4235,1
0.5174825174825175,4236,1
0.5208333333333334,4237,1
0.5172413793103449,4238,1
0.5136986301369864,4239,1
0.5102040816326531,4240,1
0.5135135135135135,4241,1
0.5167785234899329,4242,1
0.52,4243,1
0.5231788079470199,4244,1
0.5197368421052632,4245,1
0.5163398692810458,4246,1
0.5194805194805194,4247,1
0.5225806451612903,4248,1
0.5192307692307693,4249,1
0.5222929936305732,4250,1
0.5189873417721519,4251,1
0.5220125786163522,4252,1
0.51875,4253,1
0.515527950310559,4254,1
0.5185185185185185,4255,1
0.5153374233128835,4256,1
0.5182926829268293,4257,1
0.5212121212121212,4258,1
0.5180722891566265,4259,1
0.5149700598802395,4260,1
0.5119047619047619,4261,1
0.5088757396449705,4262,1
0.5058823529411764,4263,1
0.5087719298245614,4264,1
0.5058139534883721,4265,1
0.5028901734104047,4266,1
0.5,4267,1
0.5028571428571429,4268,1
0.5056818181818182,4269,1
0.5084745762711864,4270,1
0.5112359550561798,4271,1
0.5139664804469274,4272,1
0.5111111111111111,4273,1
0.5082872928176796,4274,1
0.5054945054945055,4275,1
0.5027322404371585,4276,1
0.5,4277,1
0.4972972972972973,4278,1
0.5,4279,1
0.49732620320855614,4280,1
0.4946808510638298,4281,1
0.4973544973544973,4282,1
0.5,4283,1
0.5026178010471204,4284,1
0.5052083333333334,4285,1
0.5077720207253886,4286,1
0.5103092783505154,4287,1
0.5076923076923077,4288,1
0.5102040816326531,4289,1
0.5126903553299492,4290,1
0.51010101010101,4291,1
0.5125628140703518,4292,1
0.515,4293,1
0.5174129353233831,4294,1
0.5148514851485149,4295,1
0.5123152709359606,4296,1
0.5098039215686274,4297,1
0.5073170731707317,4298,1
0.5097087378640777,4299,1
0.5120772946859904,4300,1
0.5096153846153846,4301,1
0.507177033492823,4302,1
0.5095238095238095,4303,1
0.5071090047393365,4304,1
0.5047169811320755,4305,1
0.5070422535211268,4306,1
0.5046728971962616,4307,1
0.5023255813953489,4308,1
0.5,4309,1
0.4976958525345622,4310,1
0.4954128440366973,4311,1
0.4977168949771689,4312,1
0.5,4313,1
0.502262443438914,4314,1
0.5045045045045045,4315,1
0.5067264573991032,4316,1
0.5089285714285714,4317,1
0.5111111111111111,4318,1
0.5132743362831859,4319,1
0.5110132158590308,4320,1
0.5131578947368421,4321,1
0.5152838427947598,4322,1
0.5130434782608696,4323,1
0.5151515151515151,4324,1
0.5172413793103449,4325,1
0.5150214592274678,4326,1
0.5170940170940171,4327,1
0.5191489361702127,4328,1
0.5169491525423728,4329,1
0.5147679324894515,4330,1
0.5126050420168067,4331,1
0.5146443514644351,4332,1
0.5166666666666667,4333,1
0.5145228215767634,4334,1
0.5165289256198347,4335,1
0.5185185185185185,4336,1
0.5163934426229508,4337,1
0.5183673469387755,4338,1
0.5203252032520326,4339,1
0.5182186234817814,4340,1
0.5201612903225806,4341,1
0.5220883534136547,4342,1
0.524,4343,1
0.5219123505976095,4344,1
0.5198412698412699,4345,1
0.5217391304347826,4346,1
0.5236220472440944,4347,1
0.5254901960784314,4348,1
0.52734375,4349,1
0.5252918287937743,4350,1
0.5232558139534884,4351,1
0.525096525096525,4352,1
0.5230769230769231,4353,1
0.5210727969348659,4354,1
0.5190839694656488,4355,1
0.5209125475285171,4356,1
0.5227272727272727,4357,1
0.5245283018867924,4358,1
0.5263157894736842,4359,1
