prediction,game_index,second_half
0.558974358974359,195,1
0.5561224489795918,196,1
0.5583756345177665,197,1
0.5606060606060606,198,1
0.5628140703517588,199,1
0.565,200,1
0.5671641791044776,201,1
0.5693069306930693,202,1
0.5665024630541872,203,1
0.5637254901960784,204,1
0.5658536585365853,205,1
0.5679611650485437,206,1
0.5652173913043478,207,1
0.5673076923076923,208,1
0.569377990430622,209,1
0.5714285714285714,210,1
0.5734597156398105,211,1
0.5754716981132075,212,1
0.5774647887323944,213,1
0.5747663551401869,214,1
0.5767441860465117,215,1
0.5740740740740741,216,1
0.576036866359447,217,1
0.5779816513761468,218,1
0.5753424657534246,219,1
0.5727272727272728,220,1
0.5701357466063348,221,1
0.5675675675675675,222,1
0.5650224215246636,223,1
0.5669642857142857,224,1
0.5644444444444444,225,1
0.5663716814159292,226,1
0.5682819383259912,227,1
0.5701754385964912,228,1
0.5676855895196506,229,1
0.5695652173913044,230,1
0.5670995670995671,231,1
0.5646551724137931,232,1
0.5665236051502146,233,1
0.5683760683760684,234,1
0.5702127659574469,235,1
0.5720338983050848,236,1
0.5738396624472574,237,1
0.5714285714285714,238,1
0.5732217573221757,239,1
0.575,240,1
0.5767634854771784,241,1
0.5743801652892562,242,1
0.5761316872427984,243,1
0.5737704918032787,244,1
0.5755102040816327,245,1
0.573170731707317,246,1
0.5708502024291497,247,1
0.5725806451612904,248,1
0.570281124497992,249,1
0.572,250,1
0.5737051792828686,251,1
0.5753968253968254,252,1
0.5770750988142292,253,1
0.5748031496062992,254,1
0.5764705882352941,255,1
0.578125,256,1
0.5758754863813229,257,1
0.5775193798449613,258,1
0.5791505791505791,259,1
0.5807692307692308,260,1
0.5823754789272031,261,1
0.5801526717557252,262,1
0.5817490494296578,263,1
0.5795454545454546,264,1
0.5773584905660377,265,1
0.5789473684210527,266,1
0.5805243445692884,267,1
0.5783582089552238,268,1
0.5799256505576208,269,1
0.5814814814814815,270,1
0.5830258302583026,271,1
0.5808823529411765,272,1
0.5787545787545788,273,1
0.5766423357664233,274,1
0.5745454545454546,275,1
0.572463768115942,276,1
0.5740072202166066,277,1
0.5755395683453237,278,1
0.5770609318996416,279,1
0.5785714285714286,280,1
0.5765124555160143,281,1
0.574468085106383,282,1
0.5724381625441696,283,1
0.5704225352112676,284,1
0.5684210526315789,285,1
0.5664335664335665,286,1
0.5679442508710801,287,1
0.5659722222222222,288,1
0.5674740484429066,289,1
0.5655172413793104,290,1
0.563573883161512,291,1
0.5616438356164384,292,1
0.5631399317406144,293,1
0.564625850340136,294,1
0.5661016949152542,295,1
0.5675675675675675,296,1
0.5656565656565656,297,1
0.5671140939597316,298,1
0.568561872909699,299,1
0.57,300,1
0.5714285714285714,301,1
0.5728476821192053,302,1
0.5742574257425742,303,1
0.5723684210526315,304,1
0.5704918032786885,305,1
0.5686274509803921,306,1
0.5667752442996743,307,1
0.5681818181818182,308,1
0.56957928802589,309,1
0.567741935483871,310,1
0.5691318327974276,311,1
0.5705128205128205,312,1
0.5686900958466453,313,1
0.5700636942675159,314,1
0.5714285714285714,315,1
0.569620253164557,316,1
0.5709779179810726,317,1
0.5723270440251572,318,1
0.5705329153605015,319,1
0.571875,320,1
0.573208722741433,321,1
0.5745341614906833,322,1
0.5758513931888545,323,1
0.5740740740740741,324,1
0.5753846153846154,325,1
0.5736196319018405,326,1
0.5749235474006116,327,1
0.573170731707317,328,1
0.5714285714285714,329,1
0.5696969696969697,330,1
0.5709969788519638,331,1
0.572289156626506,332,1
0.5705705705705706,333,1
0.5688622754491018,334,1
0.5701492537313433,335,1
0.5684523809523809,336,1
0.56973293768546,337,1
0.5680473372781065,338,1
0.5693215339233039,339,1
0.5676470588235294,340,1
0.5689149560117303,341,1
0.5672514619883041,342,1
0.5685131195335277,343,1
0.5668604651162791,344,1
0.5681159420289855,345,1
0.569364161849711,346,1
0.5677233429394812,347,1
0.5660919540229885,348,1
0.5644699140401146,349,1
0.5628571428571428,350,1
0.5641025641025641,351,1
0.5625,352,1
0.5609065155807366,353,1
0.559322033898305,354,1
0.5605633802816902,355,1
0.5589887640449438,356,1
0.5602240896358543,357,1
0.5586592178770949,358,1
0.5598885793871866,359,1
0.5583333333333333,360,1
0.5595567867036011,361,1
0.5607734806629834,362,1
0.5619834710743802,363,1
0.5631868131868132,364,1
0.5643835616438356,365,1
0.5655737704918032,366,1
0.5640326975476839,367,1
0.5652173913043478,368,1
0.5636856368563685,369,1
0.5648648648648649,370,1
0.5660377358490566,371,1
0.5672043010752689,372,1
0.5683646112600537,373,1
0.5668449197860963,374,1
0.5653333333333334,375,1
0.5638297872340425,376,1
0.5649867374005305,377,1
0.5369127516778524,974,1
0.5376884422110553,975,1
0.5367892976588629,976,1
0.5375626043405676,977,1
0.5366666666666666,978,1
0.5374376039933444,979,1
0.5382059800664452,980,1
0.538971807628524,981,1
0.5380794701986755,982,1
0.5388429752066116,983,1
0.5379537953795379,984,1
0.5370675453047776,985,1
0.537828947368421,986,1
0.5385878489326765,987,1
0.5393442622950819,988,1
0.5400981996726678,989,1
0.5408496732026143,990,1
0.5399673735725938,991,1
0.5407166123778502,992,1
0.5414634146341464,993,1
0.5422077922077922,994,1
0.5429497568881686,995,1
0.5420711974110033,996,1
0.5428109854604201,997,1
0.5435483870967742,998,1
0.5426731078904992,999,1
0.5434083601286174,1000,1
0.5441412520064205,1001,1
0.5432692307692307,1002,1
0.5424,1003,1
0.5431309904153354,1004,1
0.543859649122807,1005,1
0.5429936305732485,1006,1
0.5437201907790143,1007,1
0.5444444444444444,1008,1
0.5451664025356577,1009,1
0.5443037974683544,1010,1
0.5434439178515008,1011,1
0.5425867507886435,1012,1
0.5417322834645669,1013,1
0.5424528301886793,1014,1
0.5416012558869702,1015,1
0.5407523510971787,1016,1
0.539906103286385,1017,1
0.5390625,1018,1
0.5397815912636506,1019,1
0.5389408099688473,1020,1
0.5381026438569206,1021,1
0.5372670807453416,1022,1
0.5364341085271318,1023,1
0.5371517027863777,1024,1
0.5363214837712519,1025,1
0.5370370370370371,1026,1
0.5362095531587057,1027,1
0.5353846153846153,1028,1
0.5345622119815668,1029,1
0.5352760736196319,1030,1
0.5344563552833078,1031,1
0.5336391437308868,1032,1
0.5343511450381679,1033,1
0.5350609756097561,1034,1
0.5357686453576864,1035,1
0.5349544072948328,1036,1
0.5356600910470409,1037,1
0.5348484848484848,1038,1
0.5355521936459909,1039,1
0.5362537764350453,1040,1
0.5354449472096531,1041,1
0.5346385542168675,1042,1
0.5353383458646617,1043,1
0.536036036036036,1044,1
0.5352323838080959,1045,1
0.5344311377245509,1046,1
0.5351270553064275,1047,1
0.5358208955223881,1048,1
0.5365126676602087,1049,1
0.5372023809523809,1050,1
0.537890044576523,1051,1
0.5370919881305638,1052,1
0.5362962962962963,1053,1
0.5369822485207101,1054,1
0.5361890694239291,1055,1
0.5353982300884956,1056,1
0.5360824742268041,1057,1
0.5367647058823529,1058,1
0.5374449339207048,1059,1
0.5366568914956011,1060,1
0.5373352855051244,1061,1
0.5380116959064327,1062,1
0.5372262773722628,1063,1
0.5379008746355685,1064,1
0.5385735080058224,1065,1
0.5392441860465116,1066,1
0.5399129172714079,1067,1
0.5391304347826087,1068,1
0.5397973950795948,1069,1
0.5404624277456648,1070,1
0.5411255411255411,1071,1
0.5417867435158501,1072,1
0.5410071942446043,1073,1
0.5416666666666666,1074,1
0.5423242467718795,1075,1
0.5429799426934098,1076,1
0.542203147353362,1077,1
0.5428571428571428,1078,1
0.5420827389443652,1079,1
0.5413105413105413,1080,1
0.5419630156472262,1081,1
0.5426136363636364,1082,1
0.5418439716312057,1083,1
0.5410764872521246,1084,1
0.5417256011315418,1085,1
0.5423728813559322,1086,1
0.5430183356840621,1087,1
0.543661971830986,1088,1
0.5443037974683544,1089,1
0.5449438202247191,1090,1
0.5455820476858345,1091,1
0.5448179271708683,1092,1
0.544055944055944,1093,1
0.5446927374301676,1094,1
0.5453277545327755,1095,1
0.5459610027855153,1096,1
0.5465924895688457,1097,1
0.5458333333333333,1098,1
0.5464632454923717,1099,1
0.5457063711911357,1100,1
0.5449515905947441,1101,1
0.5441988950276243,1102,1
0.5448275862068965,1103,1
0.5454545454545454,1104,1
0.546079779917469,1105,1
0.5467032967032966,1106,1
0.5459533607681756,1107,1
0.5465753424657535,1108,1
0.5458276333789329,1109,1
0.5450819672131147,1110,1
0.5457025920873124,1111,1
0.5463215258855586,1112,1
0.5469387755102041,1113,1
0.5461956521739131,1114,1
0.5468113975576662,1115,1
0.5460704607046071,1116,1
0.5466847090663058,1117,1
0.5472972972972973,1118,1
0.5465587044534413,1119,1
0.5471698113207547,1120,1
0.5464333781965006,1121,1
0.5470430107526881,1122,1
0.5476510067114094,1123,1
0.5482573726541555,1124,1
0.5475234270414994,1125,1
0.5481283422459893,1126,1
0.5473965287049399,1127,1
0.5466666666666666,1128,1
0.5459387483355526,1129,1
0.5465425531914894,1130,1
0.547144754316069,1131,1
0.5477453580901857,1132,1
0.5470198675496689,1133,1
0.5462962962962963,1134,1
0.5455746367239102,1135,1
0.5461741424802111,1136,1
0.546772068511199,1137,1
0.5473684210526316,1138,1
0.5479632063074902,1139,1
0.5485564304461942,1140,1
0.5478374836173001,1141,1
0.5484293193717278,1142,1
0.5490196078431373,1143,1
0.5483028720626631,1144,1
0.5475880052151239,1145,1
0.5481770833333334,1146,1
0.5474642392717816,1147,1
0.548051948051948,1148,1
0.5473411154345007,1149,1
0.5466321243523317,1150,1
0.5459249676584734,1151,1
0.5465116279069767,1152,1
0.5470967741935484,1153,1
0.5476804123711341,1154,1
0.546975546975547,1155,1
0.5475578406169666,1156,1
0.5481386392811296,1157,1
0.5487179487179488,1158,1
0.5492957746478874,1159,1
0.5498721227621484,1160,1
0.5504469987228607,1161,1
0.5497448979591837,1162,1
0.5490445859872611,1163,1
0.549618320610687,1164,1
0.5489199491740788,1165,1
0.549492385786802,1166,1
0.550063371356147,1167,1
0.549367088607595,1168,1
0.5486725663716814,1169,1
0.547979797979798,1170,1
0.5485498108448928,1171,1
0.5491183879093199,1172,1
0.549685534591195,1173,1
0.5489949748743719,1174,1
0.5495608531994981,1175,1
0.5488721804511278,1176,1
0.5494367959949937,1177,1
0.55,1178,1
0.5493133583021224,1179,1
0.5498753117206983,1180,1
0.5504358655043586,1181,1
0.5497512437810945,1182,1
0.5503105590062112,1183,1
0.5496277915632755,1184,1
0.550185873605948,1185,1
0.5495049504950495,1186,1
0.5500618046971569,1187,1
0.5506172839506173,1188,1
0.5511713933415536,1189,1
0.5504926108374384,1190,1
0.5498154981549815,1191,1
0.5503685503685504,1192,1
0.550920245398773,1193,1
0.5514705882352942,1194,1
0.5507955936352509,1195,1
0.5513447432762836,1196,1
0.5518925518925519,1197,1
0.551219512195122,1198,1
0.5517661388550548,1199,1
0.551094890510949,1200,1
0.5504252733900364,1201,1
0.5497572815533981,1202,1
0.5490909090909091,1203,1
0.549636803874092,1204,1
0.5501813784764208,1205,1
0.5507246376811594,1206,1
0.5512665862484921,1207,1
0.5506024096385542,1208,1
0.5499398315282792,1209,1
0.5504807692307693,1210,1
0.5498199279711885,1211,1
0.5503597122302158,1212,1
0.5508982035928144,1213,1
0.5514354066985646,1214,1
0.5519713261648745,1215,1
0.5525059665871122,1216,1
0.5530393325387366,1217,1
0.5535714285714286,1218,1
0.5529131985731273,1219,1
0.5522565320665083,1220,1
0.5527876631079478,1221,1
0.5533175355450237,1222,1
0.5538461538461539,1223,1
0.5543735224586288,1224,1
0.5548996458087367,1225,1
0.5542452830188679,1226,1
0.5547703180212014,1227,1
0.5552941176470588,1228,1
0.5558166862514688,1229,1
0.5563380281690141,1230,1
0.5556858147713951,1231,1
0.5562060889929742,1232,1
0.5567251461988304,1233,1
0.5572429906542056,1234,1
0.5577596266044341,1235,1
0.5582750582750583,1236,1
0.5587892898719441,1237,1
0.5593023255813954,1238,1
0.5586527293844367,1239,1
0.5580046403712297,1240,1
0.5573580533024334,1241,1
0.5567129629629629,1242,1
0.5560693641618497,1243,1
0.5554272517321016,1244,1
0.5559400230680508,1245,1
0.5564516129032258,1246,1
0.5569620253164557,1247,1
0.5563218390804597,1248,1
0.5568312284730195,1249,1
0.5561926605504587,1250,1
0.5567010309278351,1251,1
0.5572082379862701,1252,1
0.5577142857142857,1253,1
0.5582191780821918,1254,1
0.5575826681870011,1255,1
0.5580865603644647,1256,1
0.558589306029579,1257,1
0.5590909090909091,1258,1
0.5595913734392736,1259,1
0.5589569160997733,1260,1
0.5583238958097395,1261,1
0.5588235294117647,1262,1
0.5581920903954802,1263,1
0.5575620767494357,1264,1
0.5569334836527621,1265,1
0.5574324324324325,1266,1
0.5568053993250843,1267,1
0.5561797752808989,1268,1
0.5555555555555556,1269,1
0.554932735426009,1270,1
0.5543113101903695,1271,1
0.5548098434004475,1272,1
0.5541899441340782,1273,1
0.5546875,1274,1
0.5540691192865106,1275,1
0.5534521158129176,1276,1
0.5528364849833148,1277,1
0.5533333333333333,1278,1
0.5527192008879024,1279,1
0.5532150776053215,1280,1
0.5526024363233666,1281,1
0.5519911504424779,1282,1
0.5524861878453039,1283,1
0.5518763796909493,1284,1
0.5523704520396913,1285,1
0.551762114537445,1286,1
0.5522552255225522,1287,1
0.5527472527472528,1288,1
0.5521405049396267,1289,1
0.5526315789473685,1290,1
0.5531215772179627,1291,1
0.5536105032822757,1292,1
0.5530054644808743,1293,1
0.5534934497816594,1294,1
0.5539803707742639,1295,1
0.5544662309368191,1296,1
0.5549510337323177,1297,1
0.5554347826086956,1298,1
0.5559174809989142,1299,1
0.5563991323210412,1300,1
0.5568797399783315,1301,1
0.5562770562770563,1302,1
0.5567567567567567,1303,1
0.5572354211663066,1304,1
0.5577130528586839,1305,1
0.5581896551724138,1306,1
0.5575888051668461,1307,1
0.5580645161290323,1308,1
0.5574650912996778,1309,1
0.5579399141630901,1310,1
0.5573419078242229,1311,1
0.5578158458244111,1312,1
0.5572192513368984,1313,1
0.5576923076923077,1314,1
0.5570971184631803,1315,1
0.5565031982942431,1316,1
0.5559105431309904,1317,1
0.5563829787234043,1318,1
0.5557917109458024,1319,1
0.5562632696390658,1320,1
0.5556733828207847,1321,1
0.5550847457627118,1322,1
0.5544973544973545,1323,1
0.5539112050739958,1324,1
0.5533262935586061,1325,1
0.5537974683544303,1326,1
0.5542676501580611,1327,1
0.5536842105263158,1328,1
0.5541535226077813,1329,1
0.5535714285714286,1330,1
0.5540398740818469,1331,1
0.5545073375262054,1332,1
0.5549738219895288,1333,1
0.555439330543933,1334,1
0.5559038662486938,1335,1
0.5563674321503131,1336,1
0.556830031282586,1337,1
0.5572916666666666,1338,1
0.5577523413111343,1339,1
0.5582120582120582,1340,1
0.5586708203530634,1341,1
0.5591286307053942,1342,1
0.5585492227979275,1343,1
0.5579710144927537,1344,1
0.5584281282316442,1345,1
0.5578512396694215,1346,1
0.5572755417956656,1347,1
0.5567010309278351,1348,1
0.5561277033985582,1349,1
0.5565843621399177,1350,1
0.5560123329907503,1351,1
0.5564681724845996,1352,1
0.5558974358974359,1353,1
0.555327868852459,1354,1
0.5557830092118731,1355,1
0.556237218813906,1356,1
0.5566905005107252,1357,1
0.5571428571428572,1358,1
0.5565749235474006,1359,1
0.5570264765784114,1360,1
0.5574771108850458,1361,1
0.5579268292682927,1362,1
0.5583756345177665,1363,1
0.5578093306288032,1364,1
0.5572441742654508,1365,1
0.5576923076923077,1366,1
0.5571284125379171,1367,1
0.5565656565656566,1368,1
0.557013118062563,1369,1
0.5564516129032258,1370,1
0.5558912386706949,1371,1
0.5563380281690141,1372,1
0.5567839195979899,1373,1
0.5562248995983936,1374,1
0.5566700100300903,1375,1
0.5571142284569138,1376,1
0.5575575575575575,1377,1
0.557,1378,1
0.5564435564435565,1379,1
0.5558882235528942,1380,1
0.555333998005982,1381,1
0.5547808764940239,1382,1
0.554228855721393,1383,1
0.5546719681908548,1384,1
0.5551142005958292,1385,1
0.5545634920634921,1386,1
0.5550049554013875,1387,1
0.5544554455445545,1388,1
0.5548961424332344,1389,1
0.5543478260869565,1390,1
0.5547877591312932,1391,1
0.5542406311637081,1392,1
0.5536945812807882,1393,1
0.5541338582677166,1394,1
0.5535889872173058,1395,1
0.5540275049115914,1396,1
0.5534838076545633,1397,1
0.553921568627451,1398,1
0.55435847208619,1399,1
0.5547945205479452,1400,1
0.555229716520039,1401,1
0.5556640625,1402,1
0.5560975609756098,1403,1
0.5555555555555556,1404,1
0.5559883154819864,1405,1
0.556420233463035,1406,1
0.5558794946550049,1407,1
0.5553398058252427,1408,1
0.5548011639185257,1409,1
0.5552325581395349,1410,1
0.5556631171345595,1411,1
0.5560928433268859,1412,1
0.5555555555555556,1413,1
0.555984555984556,1414,1
0.5564127290260367,1415,1
0.5558766859344894,1416,1
0.5553416746871992,1417,1
0.5548076923076923,1418,1
0.5542747358309318,1419,1
0.5547024952015355,1420,1
0.5551294343240653,1421,1
0.5555555555555556,1422,1
0.5559808612440191,1423,1
0.5554493307839388,1424,1
0.5558739255014327,1425,1
0.5562977099236641,1426,1
0.5567206863679695,1427,1
0.5571428571428572,1428,1
0.5566127497621313,1429,1
0.5560836501901141,1430,1
0.5565052231718899,1431,1
0.5569259962049335,1432,1
0.557345971563981,1433,1
0.5568181818181818,1434,1
0.5562913907284768,1435,1
0.556710775047259,1436,1
0.5571293673276676,1437,1
0.5575471698113208,1438,1
0.5579641847313855,1439,1
0.5583804143126178,1440,1
0.5587958607714016,1441,1
0.5592105263157895,1442,1
0.5596244131455399,1443,1
0.5600375234521576,1444,1
0.5604498594189316,1445,1
0.5599250936329588,1446,1
0.5603367633302152,1447,1
0.5607476635514018,1448,1
0.5602240896358543,1449,1
0.5606343283582089,1450,1
0.5601118359739049,1451,1
0.5595903165735568,1452,1
0.5590697674418604,1453,1
0.5585501858736059,1454,1
0.5589600742804085,1455,1
0.5584415584415584,1456,1
0.5588507877664504,1457,1
0.5592592592592592,1458,1
0.5587419056429233,1459,1
0.5591497227356746,1460,1
0.5586334256694367,1461,1
0.5581180811808119,1462,1
0.5576036866359447,1463,1
0.5580110497237569,1464,1
0.5584176632934683,1465,1
0.5588235294117647,1466,1
0.559228650137741,1467,1
0.5596330275229358,1468,1
0.5591200733272227,1469,1
0.5595238095238095,1470,1
0.5599268069533394,1471,1
0.5603290676416819,1472,1
0.5598173515981735,1473,1
0.5602189781021898,1474,1
0.5606198723792161,1475,1
0.5601092896174863,1476,1
0.5595996360327571,1477,1
0.5590909090909091,1478,1
0.5594913714804723,1479,1
0.558983666061706,1480,1
0.5593834995466909,1481,1
0.5597826086956522,1482,1
0.5601809954751131,1483,1
0.5596745027124774,1484,1
0.5591689250225835,1485,1
0.5586642599277978,1486,1
0.5581605049594229,1487,1
0.5585585585585585,1488,1
0.558055805580558,1489,1
0.5584532374100719,1490,1
0.5579514824797843,1491,1
0.5574506283662477,1492,1
0.557847533632287,1493,1
0.557347670250896,1494,1
0.5577439570277529,1495,1
0.5581395348837209,1496,1
0.5585344057193923,1497,1
0.5589285714285714,1498,1
0.5584299732381802,1499,1
0.5588235294117647,1500,1
0.5592163846838825,1501,1
0.5596085409252669,1502,1
0.5591111111111111,1503,1
0.5595026642984015,1504,1
0.5590062111801242,1505,1
0.5585106382978723,1506,1
0.5580159433126661,1507,1
0.5575221238938053,1508,1
0.5579133510167993,1509,1
0.558303886925795,1510,1
0.5578111209179171,1511,1
0.5582010582010583,1512,1
0.5577092511013216,1513,1
0.5572183098591549,1514,1
0.5567282321899736,1515,1
0.5562390158172232,1516,1
0.5566286215978928,1517,1
0.5570175438596491,1518,1
0.5574057843996494,1519,1
0.5577933450087565,1520,1
0.558180227471566,1521,1
0.5585664335664335,1522,1
0.5589519650655022,1523,1
0.5593368237347295,1524,1
0.5588491717523976,1525,1
0.5583623693379791,1526,1
0.5578764142732812,1527,1
0.5573913043478261,1528,1
0.5569070373588184,1529,1
0.5564236111111112,1530,1
0.5568083261058109,1531,1
0.5563258232235702,1532,1
0.5567099567099567,1533,1
0.5562283737024222,1534,1
0.5557476231633535,1535,1
0.5561312607944733,1536,1
0.5565142364106989,1537,1
0.5568965517241379,1538,1
0.5572782084409992,1539,1
0.5576592082616179,1540,1
0.5571797076526225,1541,1
0.5575601374570447,1542,1
0.5570815450643777,1543,1
0.5574614065180102,1544,1
0.5578406169665809,1545,1
0.5582191780821918,1546,1
0.5585970915312233,1547,1
0.558974358974359,1548,1
0.5593509820666097,1549,1
0.5588737201365188,1550,1
0.5592497868712702,1551,1
0.5596252129471891,1552,1
0.56,1553,1
0.560374149659864,1554,1
0.5598980458793543,1555,1
0.5602716468590832,1556,1
0.5606446140797285,1557,1
0.5601694915254237,1558,1
0.5605419136325148,1559,1
0.560067681895093,1560,1
0.5604395604395604,1561,1
0.5599662162162162,1562,1
0.560337552742616,1563,1
0.56070826306914,1564,1
0.5602358887952822,1565,1
0.5597643097643098,1566,1
0.5243506493506493,2183,1
0.5251215559157212,2184,1
0.5258899676375405,2185,1
0.5250403877221325,2186,1
0.5258064516129032,2187,1
0.5265700483091788,2188,1
0.5257234726688103,2189,1
0.5264847512038523,2190,1
0.5256410256410257,2191,1
0.5248,2192,1
0.5239616613418531,2193,1
0.5247208931419458,2194,1
0.5254777070063694,2195,1
0.5246422893481717,2196,1
0.5253968253968254,2197,1
0.526148969889065,2198,1
0.5253164556962026,2199,1
0.5244865718799369,2200,1
0.5236593059936908,2201,1
0.5244094488188976,2202,1
0.5251572327044025,2203,1
0.5243328100470958,2204,1
0.5250783699059561,2205,1
0.5242566510172144,2206,1
0.5234375,2207,1
0.5241809672386896,2208,1
0.5249221183800623,2209,1
0.5256609642301711,2210,1
0.5263975155279503,2211,1
0.5255813953488372,2212,1
0.5263157894736842,2213,1
0.5255023183925811,2214,1
0.5246913580246914,2215,1
0.5238828967642527,2216,1
0.5230769230769231,2217,1
0.5238095238095238,2218,1
0.5230061349693251,2219,1
0.5237366003062787,2220,1
0.5244648318042814,2221,1
0.5251908396946565,2222,1
0.5259146341463414,2223,1
0.5266362252663622,2224,1
0.5273556231003039,2225,1
0.5280728376327769,2226,1
0.5287878787878788,2227,1
0.529500756429652,2228,1
0.5302114803625377,2229,1
0.5294117647058824,2230,1
0.5286144578313253,2231,1
0.5293233082706766,2232,1
0.53003003003003,2233,1
0.5292353823088456,2234,1
0.5299401197604791,2235,1
0.5306427503736921,2236,1
0.5313432835820896,2237,1
0.5305514157973175,2238,1
0.53125,2239,1
0.5304606240713224,2240,1
0.5311572700296736,2241,1
0.5303703703703704,2242,1
0.5295857988165681,2243,1
0.5288035450516987,2244,1
0.5294985250737463,2245,1
0.5301914580265096,2246,1
0.5308823529411765,2247,1
0.5301027900146843,2248,1
0.530791788856305,2249,1
0.5300146412884333,2250,1
0.5307017543859649,2251,1
0.5313868613138686,2252,1
0.5306122448979592,2253,1
0.529839883551674,2254,1
0.5305232558139535,2255,1
0.5297532656023222,2256,1
0.5289855072463768,2257,1
0.5282199710564399,2258,1
0.5274566473988439,2259,1
0.5266955266955267,2260,1
0.5259365994236311,2261,1
0.5266187050359712,2262,1
0.5272988505747126,2263,1
0.5265423242467718,2264,1
0.5272206303724928,2265,1
0.5278969957081545,2266,1
0.5271428571428571,2267,1
0.5278174037089871,2268,1
0.5270655270655271,2269,1
0.5263157894736842,2270,1
0.5255681818181818,2271,1
0.526241134751773,2272,1
0.5254957507082153,2273,1
0.5247524752475248,2274,1
0.5240112994350282,2275,1
0.5232722143864598,2276,1
0.523943661971831,2277,1
0.5232067510548524,2278,1
0.5224719101123596,2279,1
0.5217391304347826,2280,1
0.5210084033613446,2281,1
0.5202797202797202,2282,1
0.5195530726256983,2283,1
0.5202231520223152,2284,1
0.520891364902507,2285,1
0.5201668984700973,2286,1
0.5194444444444445,2287,1
0.5201109570041609,2288,1
0.5207756232686981,2289,1
0.5214384508990318,2290,1
0.5220994475138122,2291,1
0.5213793103448275,2292,1
0.522038567493113,2293,1
0.5213204951856947,2294,1
0.5206043956043956,2295,1
0.5198902606310014,2296,1
0.5205479452054794,2297,1
0.521203830369357,2298,1
0.5204918032786885,2299,1
0.519781718963165,2300,1
0.5204359673024523,2301,1
0.5210884353741496,2302,1
0.5217391304347826,2303,1
0.5223880597014925,2304,1
0.521680216802168,2305,1
0.5223274695534507,2306,1
0.522972972972973,2307,1
0.5236167341430499,2308,1
0.522911051212938,2309,1
0.5235531628532974,2310,1
0.5241935483870968,2311,1
0.5234899328859061,2312,1
0.5241286863270778,2313,1
0.5234270414993306,2314,1
0.5227272727272727,2315,1
0.5233644859813084,2316,1
0.5226666666666666,2317,1
0.521970705725699,2318,1
0.5212765957446809,2319,1
0.5219123505976095,2320,1
0.5225464190981433,2321,1
0.5218543046357615,2322,1
0.5211640211640212,2323,1
0.5204755614266843,2324,1
0.5197889182058048,2325,1
0.5204216073781291,2326,1
0.5197368421052632,2327,1
0.5203679369250985,2328,1
0.5196850393700787,2329,1
0.5203145478374837,2330,1
0.5196335078534031,2331,1
0.5202614379084968,2332,1
0.52088772845953,2333,1
0.5202086049543677,2334,1
0.5208333333333334,2335,1
0.5214564369310793,2336,1
0.5207792207792208,2337,1
0.5201037613488976,2338,1
0.5194300518134715,2339,1
0.5200517464424321,2340,1
0.5193798449612403,2341,1
0.52,2342,1
0.520618556701031,2343,1
0.5212355212355212,2344,1
0.5218508997429306,2345,1
0.5224646983311938,2346,1
0.5230769230769231,2347,1
0.5236875800256082,2348,1
0.5230179028132992,2349,1
0.5236270753512133,2350,1
0.5229591836734694,2351,1
0.5222929936305732,2352,1
0.5229007633587787,2353,1
0.5235069885641678,2354,1
0.5241116751269036,2355,1
0.5247148288973384,2356,1
0.5253164556962026,2357,1
0.5246523388116309,2358,1
0.5252525252525253,2359,1
0.5258511979823455,2360,1
0.5251889168765743,2361,1
0.5245283018867924,2362,1
0.5251256281407035,2363,1
0.5244667503136763,2364,1
0.5238095238095238,2365,1
0.523153942428035,2366,1
0.5225,2367,1
0.5230961298377028,2368,1
0.5224438902743143,2369,1
0.5217932752179327,2370,1
0.5223880597014925,2371,1
0.5217391304347826,2372,1
0.5223325062034739,2373,1
0.5216852540272615,2374,1
0.5210396039603961,2375,1
0.5203955500618047,2376,1
0.5209876543209877,2377,1
0.5215782983970407,2378,1
0.520935960591133,2379,1
0.5202952029520295,2380,1
0.5208845208845209,2381,1
0.5202453987730061,2382,1
0.5208333333333334,2383,1
0.5201958384332925,2384,1
0.5207823960880196,2385,1
0.5213675213675214,2386,1
0.5219512195121951,2387,1
0.5225334957369062,2388,1
0.5231143552311436,2389,1
0.5236938031591738,2390,1
0.5242718446601942,2391,1
0.5248484848484849,2392,1
0.5254237288135594,2393,1
0.524788391777509,2394,1
0.5241545893719807,2395,1
0.5235223160434258,2396,1
0.5240963855421686,2397,1
0.5234657039711191,2398,1
0.5228365384615384,2399,1
0.5222088835534213,2400,1
0.5227817745803357,2401,1
0.5221556886227545,2402,1
0.5227272727272727,2403,1
0.5221027479091995,2404,1
0.522673031026253,2405,1
0.5232419547079857,2406,1
0.5238095238095238,2407,1
0.5231866825208086,2408,1
0.5225653206650831,2409,1
0.5219454329774614,2410,1
0.5213270142180095,2411,1
0.5207100591715976,2412,1
0.5200945626477541,2413,1
0.5194805194805194,2414,1
0.5200471698113207,2415,1
0.519434628975265,2416,1
0.52,2417,1
0.5193889541715628,2418,1
0.5187793427230047,2419,1
0.5181711606096131,2420,1
0.5187353629976581,2421,1
0.519298245614035,2422,1
0.5198598130841121,2423,1
0.5204200700116686,2424,1
0.5209790209790209,2425,1
0.5203725261932479,2426,1
0.5197674418604651,2427,1
0.5203252032520326,2428,1
0.5197215777262181,2429,1
0.5202780996523755,2430,1
0.5208333333333334,2431,1
0.5202312138728323,2432,1
0.5196304849884527,2433,1
0.5190311418685121,2434,1
0.5195852534562212,2435,1
0.520138089758343,2436,1
0.5206896551724138,2437,1
0.5200918484500574,2438,1
0.5206422018348624,2439,1
0.5200458190148912,2440,1
0.5194508009153318,2441,1
0.52,2442,1
0.519406392694064,2443,1
0.5199543899657925,2444,1
0.520501138952164,2445,1
0.5210466439135382,2446,1
0.5204545454545455,2447,1
0.5198637911464246,2448,1
0.5192743764172335,2449,1
0.5186862967157417,2450,1
0.5180995475113123,2451,1
0.5186440677966102,2452,1
0.518058690744921,2453,1
0.5174746335963923,2454,1
0.5168918918918919,2455,1
0.5174353205849269,2456,1
0.5168539325842697,2457,1
0.5162738496071829,2458,1
0.515695067264574,2459,1
0.5162374020156775,2460,1
0.5156599552572707,2461,1
0.5162011173184358,2462,1
0.515625,2463,1
0.5150501672240803,2464,1
0.5144766146993318,2465,1
0.5150166852057843,2466,1
0.5155555555555555,2467,1
0.516093229744728,2468,1
0.516629711751663,2469,1
0.5171650055370985,2470,1
0.5165929203539823,2471,1
0.5160220994475138,2472,1
0.5154525386313465,2473,1
0.515986769570011,2474,1
0.5154185022026432,2475,1
0.5148514851485149,2476,1
0.5142857142857142,2477,1
0.5148188803512623,2478,1
0.5153508771929824,2479,1
0.5147864184008762,2480,1
0.5153172866520788,2481,1
0.5158469945355191,2482,1
0.5152838427947598,2483,1
0.514721919302072,2484,1
0.514161220043573,2485,1
0.514689880304679,2486,1
0.5141304347826087,2487,1
0.5146579804560261,2488,1
0.5140997830802603,2489,1
0.514626218851571,2490,1
0.5151515151515151,2491,1
0.5156756756756756,2492,1
0.5161987041036717,2493,1
0.5156418554476807,2494,1
0.5161637931034483,2495,1
0.5156081808396125,2496,1
0.5161290322580645,2497,1
0.5166487647690655,2498,1
0.5160944206008584,2499,1
0.5155412647374062,2500,1
0.5149892933618844,2501,1
0.5155080213903743,2502,1
0.5160256410256411,2503,1
0.5165421558164355,2504,1
0.5159914712153518,2505,1
0.5154419595314164,2506,1
0.5148936170212766,2507,1
0.5154091392136025,2508,1
0.5148619957537155,2509,1
0.5153764581124072,2510,1
0.5148305084745762,2511,1
0.5153439153439153,2512,1
0.5158562367864693,2513,1
0.5163674762407603,2514,1
0.5168776371308017,2515,1
0.5173867228661749,2516,1
0.5178947368421053,2517,1
0.5184016824395373,2518,1
0.5178571428571429,2519,1
0.5183630640083945,2520,1
0.5178197064989518,2521,1
0.518324607329843,2522,1
0.5188284518828452,2523,1
0.5182863113897597,2524,1
0.5177453027139874,2525,1
0.5182481751824818,2526,1
0.5177083333333333,2527,1
0.518210197710718,2528,1
0.5187110187110187,2529,1
0.5192107995846313,2530,1
0.5186721991701245,2531,1
0.5191709844559586,2532,1
0.5186335403726708,2533,1
0.5180972078593589,2534,1
0.518595041322314,2535,1
0.5180598555211559,2536,1
0.5175257731958763,2537,1
0.5169927909371782,2538,1
0.5174897119341564,2539,1
0.5169578622816033,2540,1
0.5174537987679672,2541,1
0.5169230769230769,2542,1
0.5163934426229508,2543,1
0.5168884339815762,2544,1
0.516359918200409,2545,1
0.515832482124617,2546,1
0.5153061224489796,2547,1
0.5147808358817533,2548,1
0.515274949083503,2549,1
0.5147507629704985,2550,1
0.5152439024390244,2551,1
0.5147208121827411,2552,1
0.5152129817444219,2553,1
0.5157041540020263,2554,1
0.5161943319838057,2555,1
0.5156723963599595,2556,1
0.5161616161616162,2557,1
0.5166498486377397,2558,1
0.5171370967741935,2559,1
0.5176233635448136,2560,1
0.5171026156941649,2561,1
0.5165829145728643,2562,1
0.5170682730923695,2563,1
0.5165496489468405,2564,1
0.5160320641282565,2565,1
0.5165165165165165,2566,1
0.516,2567,1
0.5164835164835165,2568,1
0.5169660678642715,2569,1
0.5174476570289133,2570,1
0.5169322709163346,2571,1
0.5164179104477612,2572,1
0.5159045725646123,2573,1
0.5153922542204568,2574,1
0.5158730158730159,2575,1
0.5163528245787908,2576,1
0.5158415841584159,2577,1
0.5153313550939663,2578,1
0.5148221343873518,2579,1
0.5153010858835143,2580,1
0.5157790927021696,2581,1
0.5152709359605911,2582,1
0.514763779527559,2583,1
0.5152409046214356,2584,1
0.5147347740667977,2585,1
0.5142296368989205,2586,1
0.5147058823529411,2587,1
0.515181194906954,2588,1
0.5146771037181996,2589,1
0.5151515151515151,2590,1
0.5146484375,2591,1
0.5141463414634146,2592,1
0.5146198830409356,2593,1
0.5141187925998053,2594,1
0.5145914396887159,2595,1
0.5150631681243926,2596,1
0.5155339805825243,2597,1
0.516003879728419,2598,1
0.5155038759689923,2599,1
0.5150048402710552,2600,1
0.5145067698259188,2601,1
0.5140096618357488,2602,1
0.5135135135135135,2603,1
0.5130183220829315,2604,1
0.51252408477842,2605,1
0.5120307988450433,2606,1
0.5115384615384615,2607,1
0.5120076849183477,2608,1
0.5124760076775432,2609,1
0.5129434324065196,2610,1
0.5134099616858238,2611,1
0.5138755980861244,2612,1
0.5133843212237094,2613,1
0.5128939828080229,2614,1
0.5133587786259542,2615,1
0.5138226882745471,2616,1
0.5133333333333333,2617,1
0.5137963843958135,2618,1
0.5142585551330798,2619,1
0.5147198480531814,2620,1
0.5151802656546489,2621,1
0.5156398104265403,2622,1
0.5151515151515151,2623,1
0.5156102175969726,2624,1
0.5151228733459358,2625,1
0.5155807365439093,2626,1
0.5150943396226415,2627,1
0.5155513666352498,2628,1
0.5150659133709982,2629,1
0.51552210724365,2630,1
0.5150375939849624,2631,1
0.5145539906103287,2632,1
0.5150093808630394,2633,1
0.5154639175257731,2634,1
0.5149812734082397,2635,1
0.5154349859681946,2636,1
0.5158878504672897,2637,1
0.5154061624649859,2638,1
0.5158582089552238,2639,1
0.5153774464119292,2640,1
0.5148975791433892,2641,1
0.5144186046511627,2642,1
0.5139405204460966,2643,1
0.5134633240482822,2644,1
0.5139146567717996,2645,1
0.5134383688600556,2646,1
0.5138888888888888,2647,1
0.5143385753931545,2648,1
0.5138632162661737,2649,1
0.5143120960295475,2650,1
0.5138376383763837,2651,1
0.5133640552995392,2652,1
0.5128913443830571,2653,1
0.5133394664213431,2654,1
0.5137867647058824,2655,1
0.5142332415059688,2656,1
0.5146788990825688,2657,1
0.5151237396883593,2658,1
0.5146520146520146,2659,1
0.5141811527904849,2660,1
0.5146252285191956,2661,1
0.5150684931506849,2662,1
0.5145985401459854,2663,1
0.5150410209662717,2664,1
0.5154826958105647,2665,1
0.5159235668789809,2666,1
0.5154545454545455,2667,1
0.5149863760217984,2668,1
0.514519056261343,2669,1
0.514959202175884,2670,1
0.5153985507246377,2671,1
0.5149321266968325,2672,1
0.5144665461121157,2673,1
0.5149051490514905,2674,1
0.5144404332129964,2675,1
0.5139765554553652,2676,1
0.5135135135135135,2677,1
0.513051305130513,2678,1
0.5134892086330936,2679,1
0.5139263252470799,2680,1
0.5134649910233393,2681,1
0.5130044843049327,2682,1
0.5125448028673835,2683,1
0.5129811996418979,2684,1
0.5134168157423972,2685,1
0.51295799821269,2686,1
0.5125,2687,1
0.512042818911686,2688,1
0.5124777183600713,2689,1
0.5129118432769367,2690,1
0.5133451957295374,2691,1
0.5128888888888888,2692,1
0.5133214920071048,2693,1
0.5128660159716061,2694,1
0.5124113475177305,2695,1
0.5119574844995571,2696,1
0.5123893805309735,2697,1
0.5128205128205128,2698,1
0.5132508833922261,2699,1
0.5136804942630185,2700,1
0.5132275132275133,2701,1
0.5136563876651983,2702,1
0.5132042253521126,2703,1
0.5127528583992964,2704,1
0.5123022847100176,2705,1
0.5127304653204565,2706,1
0.5131578947368421,2707,1
0.5135845749342682,2708,1
0.5140105078809106,2709,1
0.5144356955380578,2710,1
0.513986013986014,2711,1
0.514410480349345,2712,1
0.5139616055846422,2713,1
0.5143853530950305,2714,1
0.5139372822299652,2715,1
0.5143603133159269,2716,1
0.5139130434782608,2717,1
0.5143353605560382,2718,1
0.5138888888888888,2719,1
0.5134431916738942,2720,1
0.512998266897747,2721,1
0.5134199134199134,2722,1
0.513840830449827,2723,1
0.5133967156439067,2724,1
0.5129533678756477,2725,1
0.5125107851596203,2726,1
0.5120689655172413,2727,1
0.5116279069767442,2728,1
0.5120481927710844,2729,1
0.5124677558039553,2730,1
0.5120274914089347,2731,1
0.511587982832618,2732,1
0.5120068610634648,2733,1
0.5115681233933161,2734,1
0.5111301369863014,2735,1
0.5106928999144568,2736,1
0.5102564102564102,2737,1
0.5098206660973527,2738,1
0.5102389078498294,2739,1
0.5098039215686274,2740,1
0.510221465076661,2741,1
0.5106382978723404,2742,1
0.5110544217687075,2743,1
0.5114698385726423,2744,1
0.5118845500848896,2745,1
0.5122985581000848,2746,1
0.5127118644067796,2747,1
0.5131244707874683,2748,1
0.5135363790186125,2749,1
0.5139475908706678,2750,1
0.5135135135135135,2751,1
0.5139240506329114,2752,1
0.5143338954468802,2753,1
0.514743049705139,2754,1
0.5151515151515151,2755,1
0.5155592935239697,2756,1
0.5159663865546219,2757,1
0.5163727959697733,2758,1
0.5167785234899329,2759,1
0.5171835708298408,2760,1
0.5175879396984925,2761,1
0.5171548117154812,2762,1
0.5175585284280937,2763,1
0.5179615705931495,2764,1
0.5183639398998331,2765,1
0.517931609674729,2766,1
0.5175,2767,1
0.517901748542881,2768,1
0.5183028286189684,2769,1
0.5178719866999169,2770,1
0.5182724252491694,2771,1
0.5178423236514523,2772,1
0.5174129353233831,2773,1
0.5178127589063795,2774,1
0.5173841059602649,2775,1
0.5169561621174524,2776,1
0.5173553719008265,2777,1
0.5177539223781998,2778,1
0.5181518151815182,2779,1
0.5185490519373455,2780,1
0.5189456342668863,2781,1
0.5185185185185185,2782,1
0.5608974358974359,3407,1
0.56,3408,1
0.560702875399361,3409,1
0.5598086124401914,3410,1
0.5605095541401274,3411,1
0.56120826709062,3412,1
0.5603174603174603,3413,1
0.561014263074485,3414,1
0.560126582278481,3415,1
0.5608214849921012,3416,1
0.5599369085173501,3417,1
0.5606299212598426,3418,1
0.559748427672956,3419,1
0.5588697017268446,3420,1
0.5579937304075235,3421,1
0.5586854460093896,3422,1
0.5578125,3423,1
0.5585023400936038,3424,1
0.559190031152648,3425,1
0.5583203732503889,3426,1
0.5590062111801242,3427,1
0.5596899224806201,3428,1
0.5603715170278638,3429,1
0.5595054095826894,3430,1
0.558641975308642,3431,1
0.559322033898305,3432,1
0.5584615384615385,3433,1
0.5576036866359447,3434,1
0.5567484662576687,3435,1
0.557427258805513,3436,1
0.5565749235474006,3437,1
0.5572519083969466,3438,1
0.5579268292682927,3439,1
0.558599695585997,3440,1
0.5592705167173252,3441,1
0.5584218512898331,3442,1
0.5590909090909091,3443,1
0.5582450832072617,3444,1
0.5574018126888217,3445,1
0.5580693815987934,3446,1
0.5587349397590361,3447,1
0.5578947368421052,3448,1
0.5585585585585585,3449,1
0.5577211394302849,3450,1
0.5568862275449101,3451,1
0.5575485799701047,3452,1
0.5582089552238806,3453,1
0.5588673621460507,3454,1
0.5595238095238095,3455,1
0.5601783060921248,3456,1
0.5608308605341247,3457,1
0.56,3458,1
0.5591715976331361,3459,1
0.5598227474150664,3460,1
0.56047197640118,3461,1
0.561119293078056,3462,1
0.5602941176470588,3463,1
0.5594713656387665,3464,1
0.5586510263929618,3465,1
0.5578330893118595,3466,1
0.5584795321637427,3467,1
0.5591240875912409,3468,1
0.5583090379008746,3469,1
0.5574963609898108,3470,1
0.5566860465116279,3471,1
0.555878084179971,3472,1
0.5565217391304348,3473,1
0.557163531114327,3474,1
0.5563583815028902,3475,1
0.556998556998557,3476,1
0.5576368876080692,3477,1
0.5568345323741007,3478,1
0.5560344827586207,3479,1
0.5566714490674318,3480,1
0.5558739255014327,3481,1
0.5565092989985694,3482,1
0.5571428571428572,3483,1
0.557774607703281,3484,1
0.5584045584045584,3485,1
0.5576102418207681,3486,1
0.5568181818181818,3487,1
0.5574468085106383,3488,1
0.5580736543909348,3489,1
0.5572842998585573,3490,1
0.556497175141243,3491,1
0.5571227080394923,3492,1
0.5563380281690141,3493,1
0.5569620253164557,3494,1
0.5575842696629213,3495,1
0.5582047685834503,3496,1
0.5588235294117647,3497,1
0.5594405594405595,3498,1
0.5600558659217877,3499,1
0.5606694560669456,3500,1
0.5612813370473537,3501,1
0.5618915159944368,3502,1
0.5611111111111111,3503,1
0.5603328710124826,3504,1
0.5595567867036011,3505,1
0.5601659751037344,3506,1
0.5593922651933702,3507,1
0.5586206896551724,3508,1
0.559228650137741,3509,1
0.5584594222833562,3510,1
0.5576923076923077,3511,1
0.5582990397805213,3512,1
0.5589041095890411,3513,1
0.5595075239398085,3514,1
0.5601092896174863,3515,1
0.5607094133697135,3516,1
0.5599455040871935,3517,1
0.5591836734693878,3518,1
0.5584239130434783,3519,1
0.5576662143826323,3520,1
0.5582655826558266,3521,1
0.5588633288227334,3522,1
0.5581081081081081,3523,1
0.5587044534412956,3524,1
0.5579514824797843,3525,1
0.5585464333781965,3526,1
0.5577956989247311,3527,1
0.5583892617449664,3528,1
0.5589812332439679,3529,1
0.5582329317269076,3530,1
0.5588235294117647,3531,1
0.5594125500667557,3532,1
0.5586666666666666,3533,1
0.559254327563249,3534,1
0.5585106382978723,3535,1
0.5577689243027888,3536,1
0.5570291777188329,3537,1
0.5576158940397351,3538,1
0.5582010582010583,3539,1
0.5574636723910171,3540,1
0.558047493403694,3541,1
0.5586297760210803,3542,1
0.5592105263157895,3543,1
0.5584756898817346,3544,1
0.5590551181102362,3545,1
0.5596330275229358,3546,1
0.5602094240837696,3547,1
0.5607843137254902,3548,1
0.5613577023498695,3549,1
0.560625814863103,3550,1
0.5598958333333334,3551,1
0.5604681404421327,3552,1
0.5597402597402598,3553,1
0.5590142671854734,3554,1
0.5582901554404145,3555,1
0.5575679172056921,3556,1
0.5581395348837209,3557,1
0.5587096774193548,3558,1
0.5592783505154639,3559,1
0.5585585585585585,3560,1
0.5591259640102828,3561,1
0.5596919127086007,3562,1
0.5602564102564103,3563,1
0.5608194622279129,3564,1
0.5601023017902813,3565,1
0.5606641123882503,3566,1
0.5599489795918368,3567,1
0.5605095541401274,3568,1
0.5597964376590331,3569,1
0.5590851334180432,3570,1
0.5596446700507615,3571,1
0.55893536121673,3572,1
0.5582278481012658,3573,1
0.5587863463969659,3574,1
0.5593434343434344,3575,1
0.5586380832282472,3576,1
0.5591939546599496,3577,1
0.559748427672956,3578,1
0.5603015075376885,3579,1
0.5595984943538268,3580,1
0.5601503759398496,3581,1
0.5607008760951189,3582,1
0.56,3583,1
0.5593008739076155,3584,1
0.5586034912718204,3585,1
0.5591531755915318,3586,1
0.5597014925373134,3587,1
0.5590062111801242,3588,1
0.5595533498759305,3589,1
0.5600991325898389,3590,1
0.5606435643564357,3591,1
0.5611866501854141,3592,1
0.5617283950617284,3593,1
0.562268803945746,3594,1
0.5615763546798029,3595,1
0.5621156211562116,3596,1
0.5614250614250614,3597,1
0.5607361963190184,3598,1
0.5600490196078431,3599,1
0.5605875152998776,3600,1
0.5611246943765281,3601,1
0.5604395604395604,3602,1
0.5609756097560976,3603,1
0.5602923264311814,3604,1
0.5608272506082725,3605,1
0.5613608748481167,3606,1
0.5618932038834952,3607,1
0.5612121212121212,3608,1
0.5605326876513317,3609,1
0.5598548972188634,3610,1
0.5603864734299517,3611,1
0.5609167671893848,3612,1
0.5602409638554217,3613,1
0.5595667870036101,3614,1
0.5600961538461539,3615,1
0.5594237695078031,3616,1
0.5599520383693045,3617,1
0.5604790419161677,3618,1
0.5598086124401914,3619,1
0.5591397849462365,3620,1
0.5584725536992841,3621,1
0.5589988081048868,3622,1
0.5583333333333333,3623,1
0.5576694411414982,3624,1
0.5581947743467933,3625,1
0.5575326215895611,3626,1
0.556872037914692,3627,1
0.5562130177514792,3628,1
0.5555555555555556,3629,1
0.5560802833530106,3630,1
0.5554245283018868,3631,1
0.5559481743227326,3632,1
0.5564705882352942,3633,1
0.5558166862514688,3634,1
0.5563380281690141,3635,1
0.5556858147713951,3636,1
0.5562060889929742,3637,1
0.5555555555555556,3638,1
0.5560747663551402,3639,1
0.5554259043173863,3640,1
0.5559440559440559,3641,1
0.5564610011641443,3642,1
0.5558139534883721,3643,1
0.5563298490127758,3644,1
0.5568445475638051,3645,1
0.5573580533024334,3646,1
0.5578703703703703,3647,1
0.5583815028901734,3648,1
0.5577367205542725,3649,1
0.5570934256055363,3650,1
0.5564516129032258,3651,1
0.5569620253164557,3652,1
0.5574712643678161,3653,1
0.5568312284730195,3654,1
0.5561926605504587,3655,1
0.5555555555555556,3656,1
0.5560640732265446,3657,1
0.5565714285714286,3658,1
0.5570776255707762,3659,1
0.5575826681870011,3660,1
0.5580865603644647,3661,1
0.5574516496018203,3662,1
0.5579545454545455,3663,1
0.5573212258796821,3664,1
0.5578231292517006,3665,1
0.5583238958097395,3666,1
0.5576923076923077,3667,1
0.5581920903954802,3668,1
0.5586907449209932,3669,1
0.5591882750845547,3670,1
0.5596846846846847,3671,1
0.5590551181102362,3672,1
0.5584269662921348,3673,1
0.5589225589225589,3674,1
0.5582959641255605,3675,1
0.5587905935050392,3676,1
0.5592841163310962,3677,1
0.5586592178770949,3678,1
0.5580357142857143,3679,1
0.5585284280936454,3680,1
0.5579064587973274,3681,1
0.557285873192436,3682,1
0.5566666666666666,3683,1
0.5560488346281909,3684,1
0.5554323725055432,3685,1
0.5559246954595792,3686,1
0.5564159292035398,3687,1
0.5558011049723757,3688,1
0.5551876379690949,3689,1
0.5556780595369349,3690,1
0.5561674008810573,3691,1
0.5555555555555556,3692,1
0.5560439560439561,3693,1
0.5565312843029637,3694,1
0.555921052631579,3695,1
0.5553121577217963,3696,1
0.5557986870897156,3697,1
0.5551912568306011,3698,1
0.5545851528384279,3699,1
0.5539803707742639,3700,1
0.5533769063180828,3701,1
0.5538628944504896,3702,1
0.5543478260869565,3703,1
0.5548317046688382,3704,1
0.5553145336225597,3705,1
0.5557963163596966,3706,1
0.5562770562770563,3707,1
0.5556756756756757,3708,1
0.5561555075593952,3709,1
0.5555555555555556,3710,1
0.5560344827586207,3711,1
0.5554359526372443,3712,1
0.5559139784946237,3713,1
0.556390977443609,3714,1
0.5568669527896996,3715,1
0.5573419078242229,3716,1
0.556745182012848,3717,1
0.5572192513368984,3718,1
0.5566239316239316,3719,1
0.5570971184631803,3720,1
0.5565031982942431,3721,1
0.5559105431309904,3722,1
0.5563829787234043,3723,1
0.5557917109458024,3724,1
0.5552016985138004,3725,1
0.5556733828207847,3726,1
0.5550847457627118,3727,1
0.5544973544973545,3728,1
0.554968287526427,3729,1
0.5543822597676874,3730,1
0.5537974683544303,3731,1
0.5542676501580611,3732,1
0.5547368421052632,3733,1
0.5541535226077813,3734,1
0.5546218487394958,3735,1
0.5550891920251836,3736,1
0.5555555555555556,3737,1
0.5549738219895288,3738,1
0.555439330543933,3739,1
0.5559038662486938,3740,1
0.5553235908141962,3741,1
0.5547445255474452,3742,1
0.5552083333333333,3743,1
0.554630593132154,3744,1
0.5540540540540541,3745,1
0.553478712357217,3746,1
0.5529045643153527,3747,1
0.5523316062176166,3748,1
0.55175983436853,3749,1
0.5511892450879007,3750,1
0.5506198347107438,3751,1
0.5500515995872033,3752,1
0.5494845360824743,3753,1
0.548918640576725,3754,1
0.5493827160493827,3755,1
0.5488180883864338,3756,1
0.5492813141683778,3757,1
0.5497435897435897,3758,1
0.5502049180327869,3759,1
0.5506653019447287,3760,1
0.5511247443762781,3761,1
0.550561797752809,3762,1
0.55,3763,1
0.5504587155963303,3764,1
0.5509164969450102,3765,1
0.5503560528992879,3766,1
0.5508130081300813,3767,1
0.550253807106599,3768,1
0.550709939148073,3769,1
0.5511651469098278,3770,1
0.5516194331983806,3771,1
0.5510616784630941,3772,1
0.5505050505050505,3773,1
0.5509586276488395,3774,1
0.5514112903225806,3775,1
0.5518630412890232,3776,1
0.5513078470824949,3777,1
0.5507537688442211,3778,1
0.5512048192771084,3779,1
0.551654964894684,3780,1
0.5521042084168337,3781,1
0.5525525525525525,3782,1
0.553,3783,1
0.5534465534465535,3784,1
0.5538922155688623,3785,1
0.5543369890329013,3786,1
0.5547808764940239,3787,1
0.5552238805970149,3788,1
0.5556660039761432,3789,1
0.5561072492552135,3790,1
0.5565476190476191,3791,1
0.55599603567889,3792,1
0.5564356435643565,3793,1
0.5568743818001978,3794,1
0.5573122529644269,3795,1
0.5577492596248766,3796,1
0.5571992110453649,3797,1
0.5566502463054187,3798,1
0.5561023622047244,3799,1
0.5555555555555556,3800,1
0.555992141453831,3801,1
0.5554465161923454,3802,1
0.5549019607843138,3803,1
0.555337904015671,3804,1
0.5557729941291585,3805,1
0.555229716520039,3806,1
0.5546875,3807,1
0.5551219512195122,3808,1
0.5555555555555556,3809,1
0.5559883154819864,3810,1
0.5554474708171206,3811,1
0.5549076773566569,3812,1
0.5553398058252427,3813,1
0.5557710960232783,3814,1
0.5562015503875969,3815,1
0.5566311713455954,3816,1
0.5570599613152805,3817,1
0.5565217391304348,3818,1
0.556949806949807,3819,1
0.5573770491803278,3820,1
0.5578034682080925,3821,1
0.5572666025024061,3822,1
0.5576923076923077,3823,1
0.5581171950048031,3824,1
0.5585412667946257,3825,1
0.5580057526366251,3826,1
0.5584291187739464,3827,1
0.5578947368421052,3828,1
0.5583173996175909,3829,1
0.5587392550143266,3830,1
0.5591603053435115,3831,1
0.559580552907531,3832,1
0.559047619047619,3833,1
0.5594671741198858,3834,1
0.5598859315589354,3835,1
0.5593542260208927,3836,1
0.5588235294117647,3837,1
0.5582938388625592,3838,1
0.5587121212121212,3839,1
0.5581835383159887,3840,1
0.558601134215501,3841,1
0.559017941454202,3842,1
0.559433962264151,3843,1
0.5598491988689915,3844,1
0.5602636534839924,3845,1
0.5606773283160865,3846,1
0.5601503759398496,3847,1
0.5596244131455399,3848,1
0.5590994371482176,3849,1
0.5585754451733833,3850,1
0.5580524344569289,3851,1
0.558465855940131,3852,1
0.5579439252336449,3853,1
0.5574229691876751,3854,1
0.5569029850746269,3855,1
0.5563839701770736,3856,1
0.5558659217877095,3857,1
0.5562790697674419,3858,1
0.5566914498141264,3859,1
0.5561745589600743,3860,1
0.5565862708719852,3861,1
0.5560704355885079,3862,1
0.5564814814814815,3863,1
0.5559666975023126,3864,1
0.55637707948244,3865,1
0.556786703601108,3866,1
0.5571955719557196,3867,1
0.5576036866359447,3868,1
0.5570902394106814,3869,1
0.5565777368905244,3870,1
0.5560661764705882,3871,1
0.5555555555555556,3872,1
0.5559633027522936,3873,1
0.5554537121906508,3874,1
0.5558608058608059,3875,1
0.5562671546203111,3876,1
0.556672760511883,3877,1
0.5570776255707762,3878,1
0.5574817518248175,3879,1
0.5578851412944393,3880,1
0.558287795992714,3881,1
0.5586897179253867,3882,1
0.5581818181818182,3883,1
0.55858310626703,3884,1
0.558983666061706,3885,1
0.5593834995466909,3886,1
0.5597826086956522,3887,1
0.5592760180995475,3888,1
0.5596745027124774,3889,1
0.5600722673893406,3890,1
0.5595667870036101,3891,1
0.5590622182146078,3892,1
0.5585585585585585,3893,1
0.5589558955895589,3894,1
0.5584532374100719,3895,1
0.5579514824797843,3896,1
0.5583482944344704,3897,1
0.5587443946188341,3898,1
0.5591397849462365,3899,1
0.5595344673231871,3900,1
0.5599284436493739,3901,1
0.5603217158176944,3902,1
0.5598214285714286,3903,1
0.56021409455843,3904,1
0.5597147950089126,3905,1
0.5592163846838825,3906,1
0.5587188612099644,3907,1
0.5591111111111111,3908,1
0.5586145648312612,3909,1
0.5590062111801242,3910,1
0.5585106382978723,3911,1
0.5589016829052259,3912,1
0.5592920353982301,3913,1
0.5596816976127321,3914,1
0.5591872791519434,3915,1
0.559576345984113,3916,1
0.5590828924162258,3917,1
0.5585903083700441,3918,1
0.5589788732394366,3919,1
0.5593667546174143,3920,1
0.5588752196836555,3921,1
0.559262510974539,3922,1
0.5587719298245614,3923,1
0.558282208588957,3924,1
0.5577933450087565,3925,1
0.558180227471566,3926,1
0.5585664335664335,3927,1
0.5580786026200873,3928,1
0.5575916230366492,3929,1
0.5579773321708805,3930,1
0.5574912891986062,3931,1
0.5578764142732812,3932,1
0.5582608695652174,3933,1
0.5586446568201564,3934,1
0.5581597222222222,3935,1
0.5585429314830876,3936,1
0.5589254766031195,3937,1
0.5584415584415584,3938,1
0.5588235294117647,3939,1
0.5583405358686258,3940,1
0.5578583765112263,3941,1
0.5573770491803278,3942,1
0.5568965517241379,3943,1
0.5572782084409992,3944,1
0.5567986230636833,3945,1
0.5571797076526225,3946,1
0.5575601374570447,3947,1
0.5579399141630901,3948,1
0.5583190394511149,3949,1
0.5586975149957155,3950,1
0.5582191780821918,3951,1
0.5577416595380668,3952,1
0.5572649572649573,3953,1
0.5576430401366353,3954,1
0.5580204778156996,3955,1
0.5583972719522592,3956,1
0.5579216354344123,3957,1
0.5574468085106383,3958,1
0.5569727891156463,3959,1
0.556499575191164,3960,1
0.5560271646859083,3961,1
0.556403731976251,3962,1
0.5559322033898305,3963,1
0.5554614733276884,3964,1
0.5558375634517766,3965,1
0.5562130177514792,3966,1
0.5565878378378378,3967,1
0.5569620253164557,3968,1
0.5564924114671164,3969,1
0.556866048862679,3970,1
0.5563973063973064,3971,1
0.5559293523969723,3972,1
0.5554621848739496,3973,1
0.5558354324097398,3974,1
0.5562080536912751,3975,1
0.5557418273260687,3976,1
0.5552763819095478,3977,1
0.5548117154811716,3978,1
0.5543478260869565,3979,1
0.5547201336675021,3980,1
0.5542570951585977,3981,1
0.554628857381151,3982,1
0.555,3983,1
0.5545378850957535,3984,1
0.5540765391014975,3985,1
0.5544472152950956,3986,1
0.5548172757475083,3987,1
0.5551867219917013,3988,1
0.5555555555555556,3989,1
0.555923777961889,3990,1
0.5562913907284768,3991,1
0.5558312655086849,3992,1
0.556198347107438,3993,1
0.5565648224607762,3994,1
0.5561056105610561,3995,1
0.5556471558120363,3996,1
0.5551894563426688,3997,1
0.5555555555555556,3998,1
0.555921052631579,3999,1
0.5562859490550535,4000,1
0.5558292282430214,4001,1
0.5553732567678425,4002,1
0.5557377049180328,4003,1
0.5561015561015561,4004,1
0.5564648117839607,4005,1
0.5568274734260016,4006,1
0.5625,4359,1
0.5637393767705382,4360,1
0.5649717514124294,4361,1
0.5633802816901409,4362,1
0.5646067415730337,4363,1
0.5630252100840336,4364,1
0.5614525139664804,4365,1
0.5598885793871866,4366,1
0.5611111111111111,4367,1
0.5623268698060941,4368,1
0.56353591160221,4369,1
0.5647382920110193,4370,1
0.5659340659340659,4371,1
0.5671232876712329,4372,1
0.5683060109289617,4373,1
0.5667574931880109,4374,1
0.5679347826086957,4375,1
0.5691056910569106,4376,1
0.5675675675675675,4377,1
0.5660377358490566,4378,1
0.5645161290322581,4379,1
0.5656836461126006,4380,1
0.5641711229946524,4381,1
0.5653333333333334,4382,1
0.5638297872340425,4383,1
0.5623342175066313,4384,1
0.5608465608465608,4385,1
0.5620052770448549,4386,1
0.5631578947368421,4387,1
0.5616797900262467,4388,1
0.56282722513089,4389,1
0.5639686684073107,4390,1
0.5625,4391,1
0.561038961038961,4392,1
0.5621761658031088,4393,1
0.5633074935400517,4394,1
0.5644329896907216,4395,1
0.5655526992287918,4396,1
0.5666666666666667,4397,1
0.5652173913043478,4398,1
0.5663265306122449,4399,1
0.5674300254452926,4400,1
0.5685279187817259,4401,1
0.5670886075949367,4402,1
0.5681818181818182,4403,1
0.5667506297229219,4404,1
0.5653266331658291,4405,1
0.5639097744360902,4406,1
0.5625,4407,1
0.5635910224438903,4408,1
0.5646766169154229,4409,1
0.56575682382134,4410,1
0.5643564356435643,4411,1
0.562962962962963,4412,1
0.5640394088669951,4413,1
0.5626535626535627,4414,1
0.5637254901960784,4415,1
0.5623471882640587,4416,1
0.5634146341463414,4417,1
0.5620437956204379,4418,1
0.5606796116504854,4419,1
0.559322033898305,4420,1
0.5603864734299517,4421,1
0.5614457831325301,4422,1
0.5625,4423,1
0.5635491606714629,4424,1
0.5645933014354066,4425,1
0.5656324582338902,4426,1
0.5666666666666667,4427,1
0.5676959619952494,4428,1
0.566350710900474,4429,1
0.5650118203309693,4430,1
0.5660377358490566,4431,1
0.5670588235294117,4432,1
0.568075117370892,4433,1
0.5690866510538641,4434,1
0.5700934579439252,4435,1
0.5710955710955711,4436,1
0.5697674418604651,4437,1
0.5707656612529002,4438,1
0.5694444444444444,4439,1
0.5704387990762124,4440,1
0.5691244239631337,4441,1
0.5678160919540229,4442,1
0.5688073394495413,4443,1
0.5697940503432495,4444,1
0.5684931506849316,4445,1
0.5671981776765376,4446,1
0.5681818181818182,4447,1
0.5668934240362812,4448,1
0.5656108597285068,4449,1
0.5665914221218962,4450,1
0.5653153153153153,4451,1
0.5640449438202247,4452,1
0.5650224215246636,4453,1
0.5637583892617449,4454,1
0.5625,4455,1
0.5612472160356348,4456,1
0.56,4457,1
0.5609756097560976,4458,1
0.5597345132743363,4459,1
0.5584988962472406,4460,1
0.5572687224669604,4461,1
0.5582417582417583,4462,1
0.5592105263157895,4463,1
0.5579868708971554,4464,1
0.5589519650655022,4465,1
0.5599128540305011,4466,1
0.558695652173913,4467,1
0.559652928416486,4468,1
0.5606060606060606,4469,1
0.5593952483801296,4470,1
0.5603448275862069,4471,1
0.5591397849462365,4472,1
0.5600858369098712,4473,1
0.5610278372591007,4474,1
0.5598290598290598,4475,1
0.5607675906183369,4476,1
0.5595744680851064,4477,1
0.5583864118895966,4478,1
0.5572033898305084,4479,1
0.5560253699788583,4480,1
0.5569620253164557,4481,1
0.5578947368421052,4482,1
0.5588235294117647,4483,1
0.559748427672956,4484,1
0.5606694560669456,4485,1
0.5594989561586639,4486,1
0.5583333333333333,4487,1
0.5592515592515592,4488,1
0.558091286307054,4489,1
0.5590062111801242,4490,1
0.5599173553719008,4491,1
0.5587628865979382,4492,1
0.5596707818930041,4493,1
0.5605749486652978,4494,1
0.5614754098360656,4495,1
0.5603271983640081,4496,1
0.5591836734693878,4497,1
0.560081466395112,4498,1
0.5609756097560976,4499,1
0.5598377281947262,4500,1
0.5607287449392713,4501,1
0.5616161616161616,4502,1
0.5604838709677419,4503,1
0.5593561368209256,4504,1
0.5602409638554217,4505,1
0.561122244488978,4506,1
0.562,4507,1
0.562874251497006,4508,1
0.5637450199203188,4509,1
0.5646123260437376,4510,1
0.5634920634920635,4511,1
0.5643564356435643,4512,1
0.5632411067193676,4513,1
0.5641025641025641,4514,1
0.562992125984252,4515,1
0.5638506876227898,4516,1
0.5647058823529412,4517,1
0.5636007827788649,4518,1
0.564453125,4519,1
0.5633528265107213,4520,1
0.5642023346303502,4521,1
0.5631067961165048,4522,1
0.563953488372093,4523,1
0.5647969052224371,4524,1
0.5656370656370656,4525,1
0.5645472061657033,4526,1
0.5634615384615385,4527,1
0.564299424184261,4528,1
0.5651340996168582,4529,1
0.5640535372848948,4530,1
0.5648854961832062,4531,1
0.5657142857142857,4532,1
0.5665399239543726,4533,1
0.5673624288425048,4534,1
0.5662878787878788,4535,1
0.5652173913043478,4536,1
0.5660377358490566,4537,1
0.5668549905838042,4538,1
0.5657894736842105,4539,1
0.5647279549718575,4540,1
0.5655430711610487,4541,1
0.5663551401869159,4542,1
0.5652985074626866,4543,1
0.5642458100558659,4544,1
0.5650557620817844,4545,1
0.5658627087198516,4546,1
0.5666666666666667,4547,1
0.5674676524953789,4548,1
0.5682656826568265,4549,1
0.567219152854512,4550,1
0.5661764705882353,4551,1
0.5669724770642202,4552,1
0.5659340659340659,4553,1
0.56672760511883,4554,1
0.5675182481751825,4555,1
0.5664845173041895,4556,1
0.5672727272727273,4557,1
0.5680580762250453,4558,1
0.5688405797101449,4559,1
0.569620253164557,4560,1
0.5703971119133574,4561,1
0.5693693693693693,4562,1
0.5701438848920863,4563,1
0.5691202872531418,4564,1
0.568100358422939,4565,1
0.5688729874776386,4566,1
0.5696428571428571,4567,1
0.5686274509803921,4568,1
0.5693950177935944,4569,1
0.5701598579040853,4570,1
0.5709219858156028,4571,1
0.5699115044247788,4572,1
0.568904593639576,4573,1
0.5696649029982364,4574,1
0.5686619718309859,4575,1
0.5694200351493849,4576,1
0.5684210526315789,4577,1
0.5691768826619965,4578,1
0.5699300699300699,4579,1
0.568935427574171,4580,1
0.5679442508710801,4581,1
0.5669565217391305,4582,1
0.5659722222222222,4583,1
0.5667244367417678,4584,1
0.5674740484429066,4585,1
0.5664939550949913,4586,1
0.5672413793103448,4587,1
0.5662650602409639,4588,1
0.5652920962199313,4589,1
0.5643224699828473,4590,1
0.5633561643835616,4591,1
0.5623931623931624,4592,1
0.5631399317406144,4593,1
0.5638841567291312,4594,1
0.564625850340136,4595,1
0.5636672325976231,4596,1
0.5644067796610169,4597,1
0.5634517766497462,4598,1
0.5641891891891891,4599,1
0.5632377740303541,4600,1
0.563973063973064,4601,1
0.5630252100840336,4602,1
0.5620805369127517,4603,1
0.5628140703517588,4604,1
0.5618729096989966,4605,1
0.5626043405676127,4606,1
0.5633333333333334,4607,1
0.5640599001663894,4608,1
0.5647840531561462,4609,1
0.5638474295190713,4610,1
0.5645695364238411,4611,1
0.5636363636363636,4612,1
0.5627062706270627,4613,1
0.5617792421746294,4614,1
0.5608552631578947,4615,1
0.5615763546798029,4616,1
0.5606557377049181,4617,1
0.5597381342062193,4618,1
0.5604575163398693,4619,1
0.5611745513866232,4620,1
0.5602605863192183,4621,1
0.5609756097560976,4622,1
0.5616883116883117,4623,1
0.5623987034035657,4624,1
0.5631067961165048,4625,1
0.5638126009693053,4626,1
0.5645161290322581,4627,1
0.5636070853462157,4628,1
0.5643086816720257,4629,1
0.5634028892455859,4630,1
0.5641025641025641,4631,1
0.5648,4632,1
0.5654952076677316,4633,1
0.5661881977671451,4634,1
0.5668789808917197,4635,1
0.5675675675675675,4636,1
0.5682539682539682,4637,1
0.5689381933438986,4638,1
0.5680379746835443,4639,1
0.5687203791469194,4640,1
0.5678233438485805,4641,1
0.568503937007874,4642,1
0.5676100628930818,4643,1
0.5682888540031397,4644,1
0.5689655172413793,4645,1
0.568075117370892,4646,1
0.56875,4647,1
0.5678627145085804,4648,1
0.5669781931464174,4649,1
0.5660964230171073,4650,1
0.5652173913043478,4651,1
0.5643410852713179,4652,1
0.565015479876161,4653,1
0.5641421947449768,4654,1
0.5648148148148148,4655,1
0.5639445300462249,4656,1
0.5646153846153846,4657,1
0.5637480798771122,4658,1
0.5628834355828221,4659,1
0.5620214395099541,4660,1
0.5626911314984709,4661,1
0.5633587786259542,4662,1
0.5640243902439024,4663,1
0.563165905631659,4664,1
0.5638297872340425,4665,1
0.5629742033383915,4666,1
0.5621212121212121,4667,1
0.5627836611195158,4668,1
0.5634441087613293,4669,1
0.5641025641025641,4670,1
0.5647590361445783,4671,1
0.5654135338345865,4672,1
0.566066066066066,4673,1
0.5652173913043478,4674,1
0.5658682634730539,4675,1
0.5665171898355755,4676,1
0.5671641791044776,4677,1
0.5678092399403875,4678,1
0.5669642857142857,4679,1
0.5676077265973254,4680,1
0.5682492581602374,4681,1
0.5674074074074074,4682,1
0.5665680473372781,4683,1
0.5672082717872969,4684,1
0.5663716814159292,4685,1
0.5670103092783505,4686,1
0.5676470588235294,4687,1
0.566813509544787,4688,1
0.5674486803519062,4689,1
0.5666178623718887,4690,1
0.5672514619883041,4691,1
0.5664233576642336,4692,1
0.565597667638484,4693,1
0.5662299854439592,4694,1
0.565406976744186,4695,1
0.5660377358490566,4696,1
0.5666666666666667,4697,1
0.5658465991316932,4698,1
0.5664739884393064,4699,1
0.5670995670995671,4700,1
0.5662824207492796,4701,1
0.5669064748201439,4702,1
0.5675287356321839,4703,1
0.5667144906743186,4704,1
0.5659025787965616,4705,1
0.5650929899856938,4706,1
0.5642857142857143,4707,1
0.5649072753209701,4708,1
0.5655270655270656,4709,1
0.5419354838709678,5330,1
0.5426731078904992,5331,1
0.5418006430868167,5332,1
0.5409309791332263,5333,1
0.5416666666666666,5334,1
0.5424,5335,1
0.5415335463258786,5336,1
0.5406698564593302,5337,1
0.5414012738853503,5338,1
0.5421303656597775,5339,1
0.5428571428571428,5340,1
0.5435816164817749,5341,1
0.5427215189873418,5342,1
0.5418641390205371,5343,1
0.5410094637223974,5344,1
0.5417322834645669,5345,1
0.5424528301886793,5346,1
0.543171114599686,5347,1
0.542319749216301,5348,1
0.543035993740219,5349,1
0.54375,5350,1
0.5444617784711389,5351,1
0.543613707165109,5352,1
0.5443234836702955,5353,1
0.5450310559006211,5354,1
0.5441860465116279,5355,1
0.5433436532507739,5356,1
0.5440494590417311,5357,1
0.5432098765432098,5358,1
0.5423728813559322,5359,1
0.5430769230769231,5360,1
0.543778801843318,5361,1
0.5429447852760736,5362,1
0.5421133231240429,5363,1
0.5412844036697247,5364,1
0.5419847328244275,5365,1
0.5411585365853658,5366,1
0.5418569254185692,5367,1
0.5425531914893617,5368,1
0.543247344461305,5369,1
0.5424242424242425,5370,1
0.5416036308623298,5371,1
0.540785498489426,5372,1
0.5399698340874811,5373,1
0.5391566265060241,5374,1
0.5398496240601504,5375,1
0.5405405405405406,5376,1
0.5412293853073463,5377,1
0.5419161676646707,5378,1
0.5411061285500748,5379,1
0.5417910447761194,5380,1
0.5424739195230999,5381,1
0.5431547619047619,5382,1
0.5423476968796433,5383,1
0.5415430267062314,5384,1
0.5407407407407407,5385,1
0.5399408284023669,5386,1
0.5391432791728212,5387,1
0.5398230088495575,5388,1
0.5390279823269514,5389,1
0.5397058823529411,5390,1
0.5389133627019089,5391,1
0.5381231671554252,5392,1
0.5387994143484627,5393,1
0.5394736842105263,5394,1
0.5386861313868613,5395,1
0.5393586005830904,5396,1
0.5400291120815138,5397,1
0.5392441860465116,5398,1
0.5384615384615384,5399,1
0.5391304347826087,5400,1
0.5397973950795948,5401,1
0.5390173410404624,5402,1
0.5396825396825397,5403,1
0.5403458213256485,5404,1
0.539568345323741,5405,1
0.5387931034482759,5406,1
0.539454806312769,5407,1
0.5401146131805158,5408,1
0.5393419170243204,5409,1
0.54,5410,1
0.5392296718972895,5411,1
0.5384615384615384,5412,1
0.5376955903271693,5413,1
0.5369318181818182,5414,1
0.5375886524822695,5415,1
0.5382436260623229,5416,1
0.5388967468175389,5417,1
0.53954802259887,5418,1
0.538787023977433,5419,1
0.5394366197183098,5420,1
0.5386779184247539,5421,1
0.5393258426966292,5422,1
0.5385694249649369,5423,1
0.5378151260504201,5424,1
0.5370629370629371,5425,1
0.5363128491620112,5426,1
0.5369595536959554,5427,1
0.5362116991643454,5428,1
0.5368567454798331,5429,1
0.5375,5430,1
0.5381414701803051,5431,1
0.538781163434903,5432,1
0.5394190871369294,5433,1
0.5386740331491713,5434,1
0.5379310344827586,5435,1
0.5371900826446281,5436,1
0.5378266850068776,5437,1
0.5384615384615384,5438,1
0.5390946502057613,5439,1
0.5397260273972603,5440,1
0.5389876880984952,5441,1
0.5382513661202186,5442,1
0.538881309686221,5443,1
0.5395095367847411,5444,1
0.5387755102040817,5445,1
0.5394021739130435,5446,1
0.5400271370420624,5447,1
0.5392953929539296,5448,1
0.5399188092016238,5449,1
0.5391891891891892,5450,1
0.5384615384615384,5451,1
0.5390835579514824,5452,1
0.5397039030955586,5453,1
0.5389784946236559,5454,1
0.538255033557047,5455,1
0.5375335120643432,5456,1
0.5381526104417671,5457,1
0.5374331550802139,5458,1
0.5380507343124166,5459,1
0.5386666666666666,5460,1
0.5379494007989347,5461,1
0.5372340425531915,5462,1
0.5378486055776892,5463,1
0.5384615384615384,5464,1
0.5390728476821192,5465,1
0.5383597883597884,5466,1
0.5389696169088507,5467,1
0.5395778364116095,5468,1
0.538866930171278,5469,1
0.5394736842105263,5470,1
0.5400788436268068,5471,1
0.5393700787401575,5472,1
0.5399737876802096,5473,1
0.5392670157068062,5474,1
0.5398692810457516,5475,1
0.5391644908616188,5476,1
0.5384615384615384,5477,1
0.5390625,5478,1
0.5396618985695709,5479,1
0.538961038961039,5480,1
0.5395590142671854,5481,1
0.5401554404145078,5482,1
0.5394566623544631,5483,1
0.5400516795865633,5484,1
0.5393548387096774,5485,1
0.538659793814433,5486,1
0.5392535392535392,5487,1
0.5398457583547558,5488,1
0.5391527599486521,5489,1
0.5384615384615384,5490,1
0.5390524967989757,5491,1
0.5396419437340153,5492,1
0.5402298850574713,5493,1
0.5395408163265306,5494,1
0.5388535031847134,5495,1
0.5381679389312977,5496,1
0.5374841168996188,5497,1
0.5368020304568528,5498,1
0.5361216730038023,5499,1
0.5367088607594936,5500,1
0.5372945638432364,5501,1
0.5366161616161617,5502,1
0.5359394703656999,5503,1
0.5365239294710328,5504,1
0.5371069182389937,5505,1
0.5376884422110553,5506,1
0.5370138017565872,5507,1
0.5363408521303258,5508,1
0.5369211514392991,5509,1
0.5375,5510,1
0.5368289637952559,5511,1
0.5374064837905237,5512,1
0.5379825653798257,5513,1
0.5373134328358209,5514,1
0.537888198757764,5515,1
0.5372208436724566,5516,1
0.5365551425030979,5517,1
0.5371287128712872,5518,1
0.5364647713226205,5519,1
0.5370370370370371,5520,1
0.5376078914919852,5521,1
0.5369458128078818,5522,1
0.5375153751537516,5523,1
0.5368550368550369,5524,1
0.5374233128834356,5525,1
0.5379901960784313,5526,1
0.5385556915544676,5527,1
0.539119804400978,5528,1
0.5396825396825397,5529,1
0.5402439024390244,5530,1
0.5408038976857491,5531,1
0.5413625304136253,5532,1
0.5407047387606319,5533,1
0.5412621359223301,5534,1
0.5418181818181819,5535,1
0.5423728813559322,5536,1
0.5429262394195888,5537,1
0.5434782608695652,5538,1
0.5428226779252111,5539,1
0.5433734939759036,5540,1
0.5439229843561973,5541,1
0.5432692307692307,5542,1
0.5426170468187275,5543,1
0.5431654676258992,5544,1
0.5425149700598803,5545,1
0.5418660287081339,5546,1
0.5412186379928315,5547,1
0.5417661097852029,5548,1
0.5411203814064363,5549,1
0.5404761904761904,5550,1
0.5410225921521997,5551,1
0.5403800475059383,5552,1
0.5409252669039146,5553,1
0.5402843601895735,5554,1
0.5408284023668639,5555,1
0.541371158392435,5556,1
0.5407319952774499,5557,1
0.5412735849056604,5558,1
0.5406360424028268,5559,1
0.5411764705882353,5560,1
0.5417156286721504,5561,1
0.5410798122065728,5562,1
0.5404454865181711,5563,1
0.5409836065573771,5564,1
0.5415204678362573,5565,1
0.5420560747663551,5566,1
0.5414235705950992,5567,1
0.541958041958042,5568,1
0.5424912689173458,5569,1
0.541860465116279,5570,1
0.5412311265969802,5571,1
0.5406032482598608,5572,1
0.541135573580533,5573,1
0.5416666666666666,5574,1
0.5421965317919075,5575,1
0.5427251732101617,5576,1
0.5432525951557093,5577,1
0.543778801843318,5578,1
0.5431530494821634,5579,1
0.5436781609195402,5580,1
0.5430539609644087,5581,1
0.5435779816513762,5582,1
0.5429553264604811,5583,1
0.5434782608695652,5584,1
0.5428571428571428,5585,1
0.54337899543379,5586,1
0.5438996579247435,5587,1
0.5444191343963554,5588,1
0.5449374288964732,5589,1
0.5454545454545454,5590,1
0.5459704880817253,5591,1
0.5453514739229025,5592,1
0.5458663646659117,5593,1
0.5452488687782805,5594,1
0.5446327683615819,5595,1
0.5440180586907449,5596,1
0.5445321307779031,5597,1
0.545045045045045,5598,1
0.545556805399325,5599,1
0.5449438202247191,5600,1
0.5443322109988776,5601,1
0.5448430493273543,5602,1
0.5453527435610303,5603,1
0.5458612975391499,5604,1
0.5452513966480447,5605,1
0.5446428571428571,5606,1
0.5451505016722408,5607,1
0.544543429844098,5608,1
0.5450500556173526,5609,1
0.5455555555555556,5610,1
0.5449500554938956,5611,1
0.5454545454545454,5612,1
0.5459579180509413,5613,1
0.5464601769911505,5614,1
0.5458563535911602,5615,1
0.5452538631346578,5616,1
0.545755237045204,5617,1
0.5451541850220264,5618,1
0.5445544554455446,5619,1
0.545054945054945,5620,1
0.5455543358946213,5621,1
0.5449561403508771,5622,1
0.5454545454545454,5623,1
0.5448577680525164,5624,1
0.5442622950819672,5625,1
0.5436681222707423,5626,1
0.5430752453653217,5627,1
0.5424836601307189,5628,1
0.5429815016322089,5629,1
0.5434782608695652,5630,1
0.5439739413680782,5631,1
0.5433839479392625,5632,1
0.542795232936078,5633,1
0.5432900432900433,5634,1
0.5437837837837838,5635,1
0.5431965442764579,5636,1
0.5426105717367853,5637,1
0.5431034482758621,5638,1
0.542518837459634,5639,1
0.543010752688172,5640,1
0.5435016111707841,5641,1
0.5439914163090128,5642,1
0.5434083601286174,5643,1
0.5438972162740899,5644,1
0.544385026737968,5645,1
0.5438034188034188,5646,1
0.544290288153682,5647,1
0.5447761194029851,5648,1
0.5452609158679447,5649,1
0.5457446808510639,5650,1
0.5462274176408076,5651,1
0.5456475583864119,5652,1
0.545068928950159,5653,1
0.5444915254237288,5654,1
0.544973544973545,5655,1
0.5443974630021141,5656,1
0.5438225976768744,5657,1
0.5443037974683544,5658,1
0.5447839831401475,5659,1
0.5452631578947369,5660,1
0.544689800210305,5661,1
0.5451680672268907,5662,1
0.5456453305351522,5663,1
0.5461215932914046,5664,1
0.5455497382198953,5665,1
0.5460251046025104,5666,1
0.5454545454545454,5667,1
0.545929018789144,5668,1
0.5464025026068822,5669,1
0.5458333333333333,5670,1
0.5452653485952134,5671,1
0.5446985446985447,5672,1
0.5441329179646937,5673,1
0.5435684647302904,5674,1
0.5430051813471503,5675,1
0.5434782608695652,5676,1
0.5429162357807652,5677,1
0.5423553719008265,5678,1
0.541795665634675,5679,1
0.5422680412371134,5680,1
0.5417095777548918,5681,1
0.5411522633744856,5682,1
0.5405960945529291,5683,1
0.5410677618069816,5684,1
0.5405128205128205,5685,1
0.5399590163934426,5686,1
0.5394063459570113,5687,1
0.5398773006134969,5688,1
0.5393258426966292,5689,1
0.539795918367347,5690,1
0.5402650356778798,5691,1
0.539714867617108,5692,1
0.5401831129196337,5693,1
0.540650406504065,5694,1
0.5401015228426396,5695,1
0.539553752535497,5696,1
0.5390070921985816,5697,1
0.5394736842105263,5698,1
0.5399393326592518,5699,1
0.5404040404040404,5700,1
0.5408678102926338,5701,1
0.5413306451612904,5702,1
0.540785498489426,5703,1
0.540241448692153,5704,1
0.5396984924623116,5705,1
0.5391566265060241,5706,1
0.5386158475426279,5707,1
0.5390781563126252,5708,1
0.5395395395395396,5709,1
0.539,5710,1
0.5394605394605395,5711,1
0.5389221556886228,5712,1
0.53938185443669,5713,1
0.5388446215139442,5714,1
0.5383084577114428,5715,1
0.5387673956262425,5716,1
0.5392254220456802,5717,1
0.5396825396825397,5718,1
0.5401387512388504,5719,1
0.5405940594059406,5720,1
0.5410484668644906,5721,1
0.541501976284585,5722,1
0.5409674234945706,5723,1
0.5404339250493096,5724,1
0.5399014778325123,5725,1
0.5393700787401575,5726,1
0.5388397246804326,5727,1
0.5392927308447937,5728,1
0.5387634936211972,5729,1
0.538235294117647,5730,1
0.5386875612144956,5731,1
0.5391389432485323,5732,1
0.5395894428152492,5733,1
0.5390625,5734,1
0.5385365853658537,5735,1
0.5389863547758285,5736,1
0.5394352482960078,5737,1
0.5398832684824902,5738,1
0.5403304178814383,5739,1
0.5398058252427185,5740,1
0.5402521823472357,5741,1
0.5397286821705426,5742,1
0.5392061955469506,5743,1
0.5386847195357833,5744,1
0.5391304347826087,5745,1
0.5395752895752896,5746,1
0.5400192864030858,5747,1
0.5404624277456648,5748,1
0.5399422521655438,5749,1
0.5403846153846154,5750,1
0.5408261287223823,5751,1
0.5412667946257198,5752,1
0.5407478427612655,5753,1
0.5411877394636015,5754,1
0.5406698564593302,5755,1
0.5401529636711281,5756,1
0.5405921680993314,5757,1
0.541030534351145,5758,1
0.540514775977121,5759,1
0.54,5760,1
0.5404376784015223,5761,1
0.5399239543726235,5762,1
0.5394112060778727,5763,1
0.538899430740038,5764,1
0.5383886255924171,5765,1
0.5378787878787878,5766,1
0.5373699148533586,5767,1
0.5368620037807184,5768,1
0.5372993389990557,5769,1
0.5377358490566038,5770,1
0.5372290292177191,5771,1
0.5376647834274952,5772,1
0.5380997177798683,5773,1
0.5385338345864662,5774,1
0.5389671361502347,5775,1
0.5384615384615384,5776,1
0.5379568884723523,5777,1
0.5383895131086143,5778,1
0.538821328344247,5779,1
0.5383177570093458,5780,1
0.5387488328664799,5781,1
0.539179104477612,5782,1
0.5386766076421249,5783,1
0.5381750465549349,5784,1
0.5386046511627907,5785,1
0.5381040892193308,5786,1
0.5376044568245125,5787,1
0.5380333951762524,5788,1
0.5375347544022243,5789,1
0.537962962962963,5790,1
0.5383903792784459,5791,1
0.5388170055452866,5792,1
0.5383194829178208,5793,1
0.5378228782287823,5794,1
0.5373271889400921,5795,1
0.5368324125230203,5796,1
0.5363385464581417,5797,1
0.5367647058823529,5798,1
0.5362718089990818,5799,1
0.5357798165137615,5800,1
0.536205316223648,5801,1
0.5366300366300366,5802,1
0.5370539798719122,5803,1
0.5365630712979891,5804,1
0.536986301369863,5805,1
0.5374087591240876,5806,1
0.536918869644485,5807,1
0.5364298724954463,5808,1
0.5359417652411284,5809,1
0.5363636363636364,5810,1
0.5367847411444142,5811,1
0.5372050816696915,5812,1
0.5376246600181324,5813,1
0.5371376811594203,5814,1
0.5375565610859728,5815,1
0.5379746835443038,5816,1
0.5374887082204155,5817,1
0.5370036101083032,5818,1
0.5365193868349865,5819,1
0.536036036036036,5820,1
0.5355535553555355,5821,1
0.5350719424460432,5822,1
0.5354896675651393,5823,1
0.5350089766606823,5824,1
0.5354260089686098,5825,1
0.5349462365591398,5826,1
0.5344673231871083,5827,1
0.5348837209302325,5828,1
0.5352993744414656,5829,1
0.5357142857142857,5830,1
0.5361284567350579,5831,1
0.535650623885918,5832,1
0.5360641139804097,5833,1
0.5355871886120996,5834,1
0.536,5835,1
0.5364120781527532,5836,1
0.5368234250221828,5837,1
0.5363475177304965,5838,1
0.5358724534986714,5839,1
0.536283185840708,5840,1
0.5366931918656057,5841,1
0.5371024734982333,5842,1
0.5366284201235657,5843,1
0.5370370370370371,5844,1
0.5365638766519824,5845,1
0.5369718309859155,5846,1
0.5364995602462621,5847,1
0.5369068541300527,5848,1
0.5373134328358209,5849,1
0.537719298245614,5850,1
0.537248028045574,5851,1
0.5376532399299475,5852,1
0.5380577427821522,5853,1
0.5384615384615384,5854,1
0.5388646288209606,5855,1
0.5383944153577661,5856,1
0.5379250217959896,5857,1
0.5383275261324042,5858,1
0.5387293298520452,5859,1
0.5382608695652173,5860,1
0.5377932232841007,5861,1
0.5373263888888888,5862,1
0.5377276669557676,5863,1
0.537261698440208,5864,1
0.5367965367965368,5865,1
0.53719723183391,5866,1
0.5367329299913569,5867,1
0.5362694300518135,5868,1
0.5366695427092321,5869,1
0.5370689655172414,5870,1
0.5366063738156761,5871,1
0.5370051635111877,5872,1
0.5365434221840069,5873,1
0.5360824742268041,5874,1
0.5356223175965665,5875,1
0.5351629502572899,5876,1
0.5347043701799485,5877,1
0.5351027397260274,5878,1
0.5346449957228401,5879,1
0.535042735042735,5880,1
0.5354397950469684,5881,1
0.5358361774744027,5882,1
0.5362318840579711,5883,1
0.5366269165247018,5884,1
0.5361702127659574,5885,1
0.5357142857142857,5886,1
0.5352591333899746,5887,1
0.534804753820034,5888,1
0.5351993214588634,5889,1
0.535593220338983,5890,1
0.5351397121083827,5891,1
0.5346869712351946,5892,1
0.5350803043110736,5893,1
0.5346283783783784,5894,1
0.5350210970464135,5895,1
0.5345699831365935,5896,1
0.5349620893007582,5897,1
0.5353535353535354,5898,1
0.535744322960471,5899,1
0.5352941176470588,5900,1
0.5356842989084802,5901,1
0.5360738255033557,5902,1
0.5356244761106455,5903,1
0.535175879396985,5904,1
0.5355648535564853,5905,1
0.5359531772575251,5906,1
0.5363408521303258,5907,1
0.5367278797996661,5908,1
0.53628023352794,5909,1
0.5366666666666666,5910,1
0.537052456286428,5911,1
0.5366056572379367,5912,1
0.5369908561928513,5913,1
0.5373754152823921,5914,1
0.5369294605809128,5915,1
0.5373134328358209,5916,1
0.5368682684341343,5917,1
0.5364238410596026,5918,1
0.5368072787427626,5919,1
0.5371900826446281,5920,1
0.5367464905037159,5921,1
0.5371287128712872,5922,1
0.5366859027205276,5923,1
0.5370675453047776,5924,1
0.5366255144032922,5925,1
0.5370065789473685,5926,1
0.5373870172555464,5927,1
0.5369458128078818,5928,1
0.5373256767842494,5929,1
0.5377049180327869,5930,1
0.538083538083538,5931,1
0.5384615384615384,5932,1
0.5380212591986917,5933,1
0.5375816993464052,5934,1
0.5371428571428571,5935,1
0.5367047308319739,5936,1
0.537082314588427,5937,1
0.5366449511400652,5938,1
0.5619389587073609,6496,1
0.5609318996415771,6497,1
0.5617173524150268,6498,1
0.5625,6499,1
0.5614973262032086,6500,1
0.5622775800711743,6501,1
0.5612788632326821,6502,1
0.5602836879432624,6503,1
0.5592920353982301,6504,1
0.558303886925795,6505,1
0.5590828924162258,6506,1
0.5598591549295775,6507,1
0.5606326889279437,6508,1
0.5596491228070175,6509,1
0.5586690017513135,6510,1
0.5594405594405595,6511,1
0.5584642233856894,6512,1
0.5592334494773519,6513,1
0.5582608695652174,6514,1
0.5572916666666666,6515,1
0.5580589254766031,6516,1
0.5570934256055363,6517,1
0.5561312607944733,6518,1
0.5568965517241379,6519,1
0.5576592082616179,6520,1
0.5567010309278351,6521,1
0.5557461406518011,6522,1
0.5565068493150684,6523,1
0.5555555555555556,6524,1
0.5563139931740614,6525,1
0.555366269165247,6526,1
0.5561224489795918,6527,1
0.5568760611205433,6528,1
0.5576271186440678,6529,1
0.5583756345177665,6530,1
0.5574324324324325,6531,1
0.5564924114671164,6532,1
0.5555555555555556,6533,1
0.5546218487394958,6534,1
0.5536912751677853,6535,1
0.5544388609715243,6536,1
0.5535117056856187,6537,1
0.5525876460767947,6538,1
0.5533333333333333,6539,1
0.5540765391014975,6540,1
0.553156146179402,6541,1
0.5538971807628524,6542,1
0.554635761589404,6543,1
0.5553719008264463,6544,1
0.5561056105610561,6545,1
0.556836902800659,6546,1
0.555921052631579,6547,1
0.5566502463054187,6548,1
0.5573770491803278,6549,1
0.55810147299509,6550,1
0.5588235294117647,6551,1
0.5579119086460033,6552,1
0.5586319218241043,6553,1
0.5577235772357724,6554,1
0.5584415584415584,6555,1
0.5591572123176661,6556,1
0.5598705501618123,6557,1
0.5589660743134087,6558,1
0.5596774193548387,6559,1
0.5603864734299517,6560,1
0.5610932475884244,6561,1
0.5617977528089888,6562,1
0.5625,6563,1
0.5632,6564,1
0.5638977635782748,6565,1
0.5645933014354066,6566,1
0.5636942675159236,6567,1
0.5627980922098569,6568,1
0.5634920634920635,6569,1
0.5641838351822503,6570,1
0.564873417721519,6571,1
0.5639810426540285,6572,1
0.5646687697160884,6573,1
0.5653543307086614,6574,1
0.5660377358490566,6575,1
0.565149136577708,6576,1
0.5642633228840125,6577,1
0.564945226917058,6578,1
0.5640625,6579,1
0.5647425897035881,6580,1
0.5654205607476636,6581,1
0.5645412130637636,6582,1
0.5652173913043478,6583,1
0.5643410852713179,6584,1
0.5634674922600619,6585,1
0.5625965996908809,6586,1
0.5617283950617284,6587,1
0.5608628659476117,6588,1
0.5615384615384615,6589,1
0.5606758832565284,6590,1
0.5598159509202454,6591,1
0.55895865237366,6592,1
0.5581039755351682,6593,1
0.5572519083969466,6594,1
0.5579268292682927,6595,1
0.558599695585997,6596,1
0.5592705167173252,6597,1
0.5584218512898331,6598,1
0.5590909090909091,6599,1
0.5582450832072617,6600,1
0.5589123867069486,6601,1
0.5595776772247361,6602,1
0.5602409638554217,6603,1
0.5609022556390978,6604,1
0.56006006006006,6605,1
0.56071964017991,6606,1
0.5598802395209581,6607,1
0.5605381165919282,6608,1
0.5597014925373134,6609,1
0.5603576751117735,6610,1
0.5595238095238095,6611,1
0.5586924219910847,6612,1
0.5593471810089021,6613,1
0.5585185185185185,6614,1
0.5576923076923077,6615,1
0.5568685376661743,6616,1
0.556047197640118,6617,1
0.5552282768777614,6618,1
0.5558823529411765,6619,1
0.5550660792951542,6620,1
0.5542521994134897,6621,1
0.554904831625183,6622,1
0.5555555555555556,6623,1
0.5562043795620438,6624,1
0.5568513119533528,6625,1
0.5574963609898108,6626,1
0.5566860465116279,6627,1
0.555878084179971,6628,1
0.5550724637681159,6629,1
0.5557163531114327,6630,1
0.5549132947976878,6631,1
0.5541125541125541,6632,1
0.5547550432276657,6633,1
0.5553956834532374,6634,1
0.5545977011494253,6635,1
0.5552367288378766,6636,1
0.5558739255014327,6637,1
0.5550786838340487,6638,1
0.5542857142857143,6639,1
0.5534950071326676,6640,1
0.5527065527065527,6641,1
0.5533428165007113,6642,1
0.5539772727272727,6643,1
0.5531914893617021,6644,1
0.5538243626062322,6645,1
0.5544554455445545,6646,1
0.5550847457627118,6647,1
0.5557122708039492,6648,1
0.5563380281690141,6649,1
0.5569620253164557,6650,1
0.5561797752808989,6651,1
0.5568022440392707,6652,1
0.5574229691876751,6653,1
0.5566433566433566,6654,1
0.5572625698324022,6655,1
0.5578800557880056,6656,1
0.5584958217270195,6657,1
0.5577190542420027,6658,1
0.5569444444444445,6659,1
0.5561719833564494,6660,1
0.5554016620498615,6661,1
0.5560165975103735,6662,1
0.5566298342541437,6663,1
0.5572413793103448,6664,1
0.5578512396694215,6665,1
0.5584594222833562,6666,1
0.5590659340659341,6667,1
0.5582990397805213,6668,1
0.5575342465753425,6669,1
0.5567715458276333,6670,1
0.5573770491803278,6671,1
0.5566166439290586,6672,1
0.5572207084468664,6673,1
0.5564625850340136,6674,1
0.5557065217391305,6675,1
0.5549525101763908,6676,1
0.55420054200542,6677,1
0.5534506089309879,6678,1
0.5527027027027027,6679,1
0.553306342780027,6680,1
0.5525606469002695,6681,1
0.5518169582772544,6682,1
0.5524193548387096,6683,1
0.5516778523489932,6684,1
0.5509383378016086,6685,1
0.5515394912985274,6686,1
0.5508021390374331,6687,1
0.5500667556742324,6688,1
0.5493333333333333,6689,1
0.5499334221038615,6690,1
0.5492021276595744,6691,1
0.548472775564409,6692,1
0.5477453580901857,6693,1
0.5483443708609271,6694,1
0.5476190476190477,6695,1
0.5482166446499339,6696,1
0.5488126649076517,6697,1
0.5480895915678524,6698,1
0.5473684210526316,6699,1
0.5466491458607096,6700,1
0.5459317585301837,6701,1
0.54521625163827,6702,1
0.5458115183246073,6703,1
0.5464052287581699,6704,1
0.5469973890339426,6705,1
0.5475880052151239,6706,1
0.5481770833333334,6707,1
0.5487646293888166,6708,1
0.5493506493506494,6709,1
0.5499351491569391,6710,1
0.5505181347150259,6711,1
0.5498059508408797,6712,1
0.5490956072351422,6713,1
0.5496774193548387,6714,1
0.5489690721649485,6715,1
0.5495495495495496,6716,1
0.5501285347043702,6717,1
0.5507060333761232,6718,1
0.5512820512820513,6719,1
0.5518565941101152,6720,1
0.551150895140665,6721,1
0.5517241379310345,6722,1
0.5510204081632653,6723,1
0.5515923566878981,6724,1
0.5508905852417303,6725,1
0.5514612452350699,6726,1
0.550761421319797,6727,1
0.5513307984790875,6728,1
0.5518987341772152,6729,1
0.5512010113780025,6730,1
0.5505050505050505,6731,1
0.5498108448928121,6732,1
0.5491183879093199,6733,1
0.5484276729559748,6734,1
0.5477386934673367,6735,1
0.5470514429109159,6736,1
0.5463659147869674,6737,1
0.5469336670838548,6738,1
0.5475,6739,1
0.5468164794007491,6740,1
0.5473815461346634,6741,1
0.547945205479452,6742,1
0.5472636815920398,6743,1
0.5478260869565217,6744,1
0.5471464019851117,6745,1
0.5477075588599752,6746,1
0.5482673267326733,6747,1
0.5475896168108776,6748,1
0.5469135802469136,6749,1
0.5462392108508015,6750,1
0.5467980295566502,6751,1
0.5473554735547356,6752,1
0.547911547911548,6753,1
0.5472392638036809,6754,1
0.5465686274509803,6755,1
0.5471236230110159,6756,1
0.5464547677261614,6757,1
0.5470085470085471,6758,1
0.5463414634146342,6759,1
0.5468940316686967,6760,1
0.5474452554744526,6761,1
0.5479951397326853,6762,1
0.5485436893203883,6763,1
0.5490909090909091,6764,1
0.549636803874092,6765,1
0.5501813784764208,6766,1
0.5495169082125604,6767,1
0.548854041013269,6768,1
0.5481927710843374,6769,1
0.5487364620938628,6770,1
0.5492788461538461,6771,1
0.5486194477791116,6772,1
0.5491606714628298,6773,1
0.548502994011976,6774,1
0.5490430622009569,6775,1
0.5483870967741935,6776,1
0.548926014319809,6777,1
0.5494636471990465,6778,1
0.55,6779,1
0.549346016646849,6780,1
0.5498812351543944,6781,1
0.5504151838671412,6782,1
0.5497630331753555,6783,1
0.5491124260355029,6784,1
0.549645390070922,6785,1
0.5489964580873672,6786,1
0.5495283018867925,6787,1
0.5488810365135454,6788,1
0.548235294117647,6789,1
0.5487661574618097,6790,1
0.5481220657276995,6791,1
0.5486518171160609,6792,1
0.5480093676814989,6793,1
0.5473684210526316,6794,1
0.5467289719626168,6795,1
0.5460910151691949,6796,1
0.5454545454545454,6797,1
0.5448195576251456,6798,1
0.5453488372093023,6799,1
0.5447154471544715,6800,1
0.5452436194895591,6801,1
0.544611819235226,6802,1
0.5451388888888888,6803,1
0.545664739884393,6804,1
0.5450346420323325,6805,1
0.5455594002306805,6806,1
0.5449308755760369,6807,1
0.5454545454545454,6808,1
0.5459770114942529,6809,1
0.5464982778415615,6810,1
0.5458715596330275,6811,1
0.5463917525773195,6812,1
0.5469107551487414,6813,1
0.5474285714285714,6814,1
0.5468036529680366,6815,1
0.5461801596351197,6816,1
0.5466970387243736,6817,1
0.5472127417519909,6818,1
0.5465909090909091,6819,1
0.5459704880817253,6820,1
0.5453514739229025,6821,1
0.5447338618346546,6822,1
0.5441176470588235,6823,1
0.5446327683615819,6824,1
0.5440180586907449,6825,1
0.5445321307779031,6826,1
0.545045045045045,6827,1
0.5444319460067492,6828,1
0.5438202247191011,6829,1
0.5443322109988776,6830,1
0.5448430493273543,6831,1
0.5442329227323628,6832,1
0.5447427293064877,6833,1
0.5441340782122905,6834,1
0.5446428571428571,6835,1
0.5440356744704571,6836,1
0.544543429844098,6837,1
0.5450500556173526,6838,1
0.5444444444444444,6839,1
0.5449500554938956,6840,1
0.5443458980044346,6841,1
0.5437430786267996,6842,1
0.5442477876106194,6843,1
0.543646408839779,6844,1
0.543046357615894,6845,1
0.5424476295479603,6846,1
0.5418502202643172,6847,1
0.5412541254125413,6848,1
0.5406593406593406,6849,1
0.54006586169045,6850,1
0.5405701754385965,6851,1
0.5399780941949617,6852,1
0.5404814004376368,6853,1
0.5398907103825137,6854,1
0.5403930131004366,6855,1
0.5408942202835333,6856,1
0.5413943355119826,6857,1
0.5408052230685527,6858,1
0.5402173913043479,6859,1
0.5407166123778502,6860,1
0.5401301518438177,6861,1
0.5406283856988082,6862,1
0.5411255411255411,6863,1
0.5416216216216216,6864,1
0.541036717062635,6865,1
0.5415318230852212,6866,1
0.540948275862069,6867,1
0.5414424111948332,6868,1
0.5408602150537635,6869,1
0.5413533834586466,6870,1
0.5407725321888412,6871,1
0.5401929260450161,6872,1
0.5396145610278372,6873,1
0.5401069518716578,6874,1
0.5405982905982906,6875,1
0.5400213447171825,6876,1
0.5394456289978679,6877,1
0.5388711395101171,6878,1
0.5382978723404256,6879,1
0.538788522848034,6880,1
0.5392781316348195,6881,1
0.5387062566277837,6882,1
0.5391949152542372,6883,1
0.5396825396825397,6884,1
0.540169133192389,6885,1
0.5406546990496304,6886,1
0.540084388185654,6887,1
0.5405690200210748,6888,1
0.5410526315789473,6889,1
0.5404837013669821,6890,1
0.5409663865546218,6891,1
0.540398740818468,6892,1
0.5408805031446541,6893,1
0.5413612565445026,6894,1
0.5407949790794979,6895,1
0.5412748171368861,6896,1
0.5417536534446764,6897,1
0.5411887382690302,6898,1
0.5416666666666666,6899,1
0.5421436004162331,6900,1
0.5415800415800416,6901,1
0.5410176531671859,6902,1
0.5414937759336099,6903,1
0.5409326424870466,6904,1
0.5414078674948241,6905,1
0.5418821096173733,6906,1
0.5423553719008265,6907,1
0.541795665634675,6908,1
0.5422680412371134,6909,1
0.5427394438722966,6910,1
0.5432098765432098,6911,1
0.5426515930113053,6912,1
0.5420944558521561,6913,1
0.5415384615384615,6914,1
0.5420081967213115,6915,1
0.5424769703172978,6916,1
0.5419222903885481,6917,1
0.5423901940755873,6918,1
0.5428571428571428,6919,1
0.5423037716615698,6920,1
0.5417515274949084,6921,1
0.5412004069175992,6922,1
0.540650406504065,6923,1
0.5411167512690356,6924,1
0.5415821501014199,6925,1
0.541033434650456,6926,1
0.541497975708502,6927,1
0.5409504550050556,6928,1
0.5404040404040404,6929,1
0.5398587285570131,6930,1
0.5393145161290323,6931,1
0.5387713997985901,6932,1
0.5382293762575453,6933,1
0.5386934673366834,6934,1
0.5381526104417671,6935,1
0.5386158475426279,6936,1
0.5390781563126252,6937,1
0.5385385385385385,6938,1
0.539,6939,1
0.5384615384615384,6940,1
0.5389221556886228,6941,1
0.53938185443669,6942,1
0.5388446215139442,6943,1
0.5393034825870647,6944,1
0.5397614314115308,6945,1
0.5402184707050646,6946,1
0.5406746031746031,6947,1
0.5411298315163529,6948,1
0.5405940594059406,6949,1
0.5400593471810089,6950,1
0.5395256916996047,6951,1
0.5399802566633761,6952,1
0.539447731755424,6953,1
0.5389162561576355,6954,1
0.5383858267716536,6955,1
0.5378564405113078,6956,1
0.5383104125736738,6957,1
0.5377821393523062,6958,1
0.5372549019607843,6959,1
0.5367286973555337,6960,1
0.5362035225048923,6961,1
0.5366568914956011,6962,1
0.5361328125,6963,1
0.535609756097561,6964,1
0.5350877192982456,6965,1
0.5345666991236612,6966,1
0.5340466926070039,6967,1
0.5335276967930029,6968,1
0.5339805825242718,6969,1
0.5344325897187197,6970,1
0.5348837209302325,6971,1
0.5353339787028074,6972,1
0.5357833655705996,6973,1
0.5362318840579711,6974,1
0.5357142857142857,6975,1
0.5361620057859209,6976,1
0.5366088631984586,6977,1
0.5370548604427334,6978,1
0.5365384615384615,6979,1
0.5369836695485111,6980,1
0.536468330134357,6981,1
0.5369127516778524,6982,1
0.5363984674329502,6983,1
0.5368421052631579,6984,1
0.5372848948374761,6985,1
0.5367717287488061,6986,1
0.5372137404580153,6987,1
0.5367016205910391,6988,1
0.5361904761904762,6989,1
0.5366317792578497,6990,1
0.5361216730038023,6991,1
0.5365622032288699,6992,1
0.5370018975332068,6993,1
0.5364928909952607,6994,1
0.5369318181818182,6995,1
0.5364238410596026,6996,1
0.5359168241965974,6997,1
0.5363550519357885,6998,1
0.5367924528301887,6999,1
0.5372290292177191,7000,1
0.5376647834274952,7001,1
0.5380997177798683,7002,1
0.5385338345864662,7003,1
0.5380281690140845,7004,1
0.5384615384615384,7005,1
0.5379568884723523,7006,1
0.5374531835205992,7007,1
0.5378858746492049,7008,1
0.5383177570093458,7009,1
0.5387488328664799,7010,1
0.5382462686567164,7011,1
0.5386766076421249,7012,1
0.5391061452513967,7013,1
0.5395348837209303,7014,1
0.5399628252788105,7015,1
0.5394614670380687,7016,1
0.5398886827458256,7017,1
0.5403151065801668,7018,1
0.5398148148148149,7019,1
0.5402405180388529,7020,1
0.5406654343807763,7021,1
0.541089566020314,7022,1
0.5415129151291513,7023,1
0.5410138248847927,7024,1
0.5405156537753223,7025,1
0.5409383624655014,7026,1
0.5404411764705882,7027,1
0.5408631772268135,7028,1
0.5403669724770642,7029,1
0.5407882676443629,7030,1
0.5412087912087912,7031,1
0.5416285452881976,7032,1
0.5411334552102377,7033,1
0.5406392694063927,7034,1
0.541058394160584,7035,1
0.5405651777575206,7036,1
0.5400728597449909,7037,1
0.54049135577798,7038,1
0.5409090909090909,7039,1
0.5413260672116258,7040,1
0.5408348457350273,7041,1
0.5393258426966292,7665,1
0.5384615384615384,7666,1
0.5376,7667,1
0.536741214057508,7668,1
0.5374800637958532,7669,1
0.5382165605095541,7670,1
0.5373608903020668,7671,1
0.5380952380952381,7672,1
0.5388272583201268,7673,1
0.5379746835443038,7674,1
0.5387045813586098,7675,1
0.5394321766561514,7676,1
0.5385826771653544,7677,1
0.539308176100629,7678,1
0.5384615384615384,7679,1
0.5391849529780565,7680,1
0.5383411580594679,7681,1
0.5390625,7682,1
0.5397815912636506,7683,1
0.5404984423676013,7684,1
0.5412130637636081,7685,1
0.5419254658385093,7686,1
0.5410852713178295,7687,1
0.541795665634675,7688,1
0.5409582689335394,7689,1
0.5416666666666666,7690,1
0.5408320493066255,7691,1
0.5415384615384615,7692,1
0.5407066052227343,7693,1
0.5414110429447853,7694,1
0.5421133231240429,7695,1
0.5428134556574924,7696,1
0.5419847328244275,7697,1
0.5426829268292683,7698,1
0.5418569254185692,7699,1
0.541033434650456,7700,1
0.5402124430955993,7701,1
0.5409090909090909,7702,1
0.5416036308623298,7703,1
0.5422960725075529,7704,1
0.5429864253393665,7705,1
0.5436746987951807,7706,1
0.544360902255639,7707,1
0.545045045045045,7708,1
0.5442278860569715,7709,1
0.5434131736526946,7710,1
0.5426008968609866,7711,1
0.5417910447761194,7712,1
0.5409836065573771,7713,1
0.5416666666666666,7714,1
0.5423476968796433,7715,1
0.543026706231454,7716,1
0.5422222222222223,7717,1
0.5428994082840237,7718,1
0.5420974889217134,7719,1
0.5412979351032449,7720,1
0.5419734904270986,7721,1
0.5411764705882353,7722,1
0.540381791483113,7723,1
0.5410557184750733,7724,1
0.5402635431918009,7725,1
0.5394736842105263,7726,1
0.5401459854014599,7727,1
0.5393586005830904,7728,1
0.5400291120815138,7729,1
0.5406976744186046,7730,1
0.5399129172714079,7731,1
0.5405797101449276,7732,1
0.5412445730824892,7733,1
0.5404624277456648,7734,1
0.5396825396825397,7735,1
0.5389048991354467,7736,1
0.539568345323741,7737,1
0.5387931034482759,7738,1
0.539454806312769,7739,1
0.5386819484240688,7740,1
0.5379113018597997,7741,1
0.5371428571428571,7742,1
0.5378031383737518,7743,1
0.5384615384615384,7744,1
0.5391180654338549,7745,1
0.5397727272727273,7746,1
0.5390070921985816,7747,1
0.5382436260623229,7748,1
0.5374823196605375,7749,1
0.536723163841808,7750,1
0.53737658674189,7751,1
0.5366197183098591,7752,1
0.5372714486638537,7753,1
0.5365168539325843,7754,1
0.5371669004207573,7755,1
0.5364145658263305,7756,1
0.5356643356643357,7757,1
0.5363128491620112,7758,1
0.5369595536959554,7759,1
0.5362116991643454,7760,1
0.5368567454798331,7761,1
0.5375,7762,1
0.5381414701803051,7763,1
0.538781163434903,7764,1
0.5380359612724758,7765,1
0.5386740331491713,7766,1
0.5379310344827586,7767,1
0.5385674931129476,7768,1
0.5378266850068776,7769,1
0.5384615384615384,7770,1
0.5377229080932785,7771,1
0.5383561643835616,7772,1
0.5389876880984952,7773,1
0.5396174863387978,7774,1
0.538881309686221,7775,1
0.5381471389645777,7776,1
0.5374149659863946,7777,1
0.5380434782608695,7778,1
0.5373134328358209,7779,1
0.5365853658536586,7780,1
0.5358592692828146,7781,1
0.5364864864864864,7782,1
0.5371120107962213,7783,1
0.5363881401617251,7784,1
0.5356662180349933,7785,1
0.5362903225806451,7786,1
0.5355704697986577,7787,1
0.5348525469168901,7788,1
0.5341365461847389,7789,1
0.5334224598930482,7790,1
0.5340453938584779,7791,1
0.5346666666666666,7792,1
0.5352862849533955,7793,1
0.535904255319149,7794,1
0.5365205843293492,7795,1
0.5371352785145889,7796,1
0.5364238410596026,7797,1
0.5357142857142857,7798,1
0.535006605019815,7799,1
0.5343007915567283,7800,1
0.5335968379446641,7801,1
0.5328947368421053,7802,1
0.5321944809461235,7803,1
0.5328083989501312,7804,1
0.5321100917431193,7805,1
0.5327225130890052,7806,1
0.5333333333333333,7807,1
0.5326370757180157,7808,1
0.5332464146023468,7809,1
0.5338541666666666,7810,1
0.5331599479843954,7811,1
0.5324675324675324,7812,1
0.5330739299610895,7813,1
0.5323834196891192,7814,1
0.5316946959896507,7815,1
0.5310077519379846,7816,1
0.5316129032258065,7817,1
0.5322164948453608,7818,1
0.5328185328185329,7819,1
0.532133676092545,7820,1
0.5327342747111682,7821,1
0.5333333333333333,7822,1
0.5339308578745199,7823,1
0.5332480818414322,7824,1
0.5325670498084292,7825,1
0.5331632653061225,7826,1
0.5337579617834395,7827,1
0.5343511450381679,7828,1
0.5349428208386277,7829,1
0.5355329949238579,7830,1
0.5361216730038023,7831,1
0.5367088607594936,7832,1
0.5372945638432364,7833,1
0.5366161616161617,7834,1
0.5359394703656999,7835,1
0.535264483627204,7836,1
0.5345911949685535,7837,1
0.535175879396985,7838,1
0.534504391468005,7839,1
0.5350877192982456,7840,1
0.5344180225281602,7841,1
0.53375,7842,1
0.533083645443196,7843,1
0.5324189526184538,7844,1
0.5317559153175592,7845,1
0.5310945273631841,7846,1
0.5316770186335403,7847,1
0.5310173697270472,7848,1
0.5315985130111525,7849,1
0.530940594059406,7850,1
0.5302843016069221,7851,1
0.5296296296296297,7852,1
0.528976572133169,7853,1
0.5295566502463054,7854,1
0.5301353013530136,7855,1
0.5307125307125307,7856,1
0.5312883435582823,7857,1
0.5306372549019608,7858,1
0.5299877600979193,7859,1
0.530562347188264,7860,1
0.5311355311355311,7861,1
0.5304878048780488,7862,1
0.5298416565164433,7863,1
0.5304136253041363,7864,1
0.5297691373025516,7865,1
0.529126213592233,7866,1
0.5296969696969697,7867,1
0.5302663438256658,7868,1
0.5308343409915357,7869,1
0.5301932367149759,7870,1
0.5295536791314838,7871,1
0.5289156626506024,7872,1
0.5282791817087846,7873,1
0.5288461538461539,7874,1
0.5282112845138055,7875,1
0.5287769784172662,7876,1
0.5293413173652695,7877,1
0.5299043062200957,7878,1
0.5292712066905615,7879,1
0.5298329355608592,7880,1
0.5303933253873659,7881,1
0.5297619047619048,7882,1
0.5303210463733651,7883,1
0.5296912114014252,7884,1
0.5302491103202847,7885,1
0.5296208530805687,7886,1
0.5301775147928994,7887,1
0.5307328605200946,7888,1
0.5301062573789846,7889,1
0.5306603773584906,7890,1
0.5300353356890459,7891,1
0.5294117647058824,7892,1
0.5299647473560517,7893,1
0.5293427230046949,7894,1
0.52989449003517,7895,1
0.5292740046838408,7896,1
0.5286549707602339,7897,1
0.5292056074766355,7898,1
0.5285880980163361,7899,1
0.5291375291375291,7900,1
0.529685681024447,7901,1
0.5290697674418605,7902,1
0.5296167247386759,7903,1
0.5301624129930395,7904,1
0.52954808806489,7905,1
0.5289351851851852,7906,1
0.5294797687861271,7907,1
0.5300230946882217,7908,1
0.5305651672433679,7909,1
0.5311059907834101,7910,1
0.5304948216340621,7911,1
0.5298850574712644,7912,1
0.529276693455798,7913,1
0.5286697247706422,7914,1
0.5280641466208477,7915,1
0.5274599542334096,7916,1
0.528,7917,1
0.5285388127853882,7918,1
0.5279361459521095,7919,1
0.5284738041002278,7920,1
0.5278725824800911,7921,1
0.5284090909090909,7922,1
0.52894438138479,7923,1
0.528344671201814,7924,1
0.5288788221970555,7925,1
0.5294117647058824,7926,1
0.5288135593220339,7927,1
0.5282167042889391,7928,1
0.5276211950394588,7929,1
0.527027027027027,7930,1
0.5275590551181102,7931,1
0.5280898876404494,7932,1
0.5274971941638609,7933,1
0.5269058295964125,7934,1
0.5263157894736842,7935,1
0.5268456375838926,7936,1
0.5273743016759777,7937,1
0.5267857142857143,7938,1
0.5273132664437012,7939,1
0.5278396436525612,7940,1
0.5283648498331479,7941,1
0.5288888888888889,7942,1
0.5294117647058824,7943,1
0.5288248337028825,7944,1
0.5293466223698782,7945,1
0.5298672566371682,7946,1
0.5292817679558011,7947,1
0.5286975717439294,7948,1
0.5281146637265711,7949,1
0.5275330396475771,7950,1
0.528052805280528,7951,1
0.5285714285714286,7952,1
0.5290889132821076,7953,1
0.5296052631578947,7954,1
0.5290251916757941,7955,1
0.5295404814004376,7956,1
0.5289617486338798,7957,1
0.5283842794759825,7958,1
0.5288985823336968,7959,1
0.5294117647058824,7960,1
0.528835690968444,7961,1
0.5282608695652173,7962,1
0.5287730727470141,7963,1
0.5281995661605207,7964,1
0.5287107258938245,7965,1
0.5292207792207793,7966,1
0.5297297297297298,7967,1
0.5302375809935205,7968,1
0.5307443365695793,7969,1
0.53125,7970,1
0.5306781485468245,7971,1
0.5301075268817205,7972,1
0.5295381310418904,7973,1
0.5300429184549357,7974,1
0.5305466237942122,7975,1
0.5310492505353319,7976,1
0.5304812834224599,7977,1
0.5299145299145299,7978,1
0.5304162219850587,7979,1
0.5309168443496801,7980,1
0.531416400425985,7981,1
0.5308510638297872,7982,1
0.5313496280552603,7983,1
0.5318471337579618,7984,1
0.5312831389183457,7985,1
0.5307203389830508,7986,1
0.5301587301587302,7987,1
0.5306553911205074,7988,1
0.5311510031678986,7989,1
0.5305907172995781,7990,1
0.5310853530031612,7991,1
0.5305263157894737,7992,1
0.5310199789695058,7993,1
0.5315126050420168,7994,1
0.5309548793284365,7995,1
0.5303983228511531,7996,1
0.5308900523560209,7997,1
0.5303347280334728,7998,1
0.5297805642633229,7999,1
0.5292275574112735,8000,1
0.5286757038581856,8001,1
0.5291666666666667,8002,1
0.5296566077003122,8003,1
0.5291060291060291,8004,1
0.5295950155763239,8005,1
0.5300829875518672,8006,1
0.5305699481865285,8007,1
0.5300207039337475,8008,1
0.5294725956566702,8009,1
0.5299586776859504,8010,1
0.5294117647058824,8011,1
0.5298969072164949,8012,1
0.5303810504634398,8013,1
0.5308641975308642,8014,1
0.5303186022610483,8015,1
0.5297741273100616,8016,1
0.5292307692307693,8017,1
0.5286885245901639,8018,1
0.5281473899692938,8019,1
0.5276073619631901,8020,1
0.5270684371807968,8021,1
0.5275510204081633,8022,1
0.527013251783894,8023,1
0.5264765784114053,8024,1
0.525940996948118,8025,1
0.5264227642276422,8026,1
0.5258883248730964,8027,1
0.5253549695740365,8028,1
0.5258358662613982,8029,1
0.5253036437246964,8030,1
0.5247724974721941,8031,1
0.5252525252525253,8032,1
0.5247225025227044,8033,1
0.5241935483870968,8034,1
0.5246727089627392,8035,1
0.5251509054325956,8036,1
0.5246231155778894,8037,1
0.5240963855421686,8038,1
0.5245737211634904,8039,1
0.5250501002004008,8040,1
0.5255255255255256,8041,1
0.526,8042,1
0.5264735264735265,8043,1
0.5269461077844312,8044,1
0.5274177467597209,8045,1
0.5278884462151394,8046,1
0.527363184079602,8047,1
0.5268389662027833,8048,1
0.5273088381330685,8049,1
0.5277777777777778,8050,1
0.5282457879088206,8051,1
0.5277227722772277,8052,1
0.5272007912957468,8053,1
0.5276679841897233,8054,1
0.5281342546890424,8055,1
0.5276134122287969,8056,1
0.5270935960591133,8057,1
0.5265748031496063,8058,1
0.5270403146509341,8059,1
0.5265225933202358,8060,1
0.5269872423945045,8061,1
0.5264705882352941,8062,1
0.5269343780607247,8063,1
0.5264187866927593,8064,1
0.5268817204301075,8065,1
0.52734375,8066,1
0.5278048780487805,8067,1
0.5282651072124757,8068,1
0.5287244401168452,8069,1
0.5282101167315175,8070,1
0.5276967930029155,8071,1
0.5271844660194175,8072,1
0.527643064985451,8073,1
0.5271317829457365,8074,1
0.5275895450145208,8075,1
0.5270793036750484,8076,1
0.5265700483091788,8077,1
0.527027027027027,8078,1
0.5274831243972999,8079,1
0.5269749518304432,8080,1
0.5264677574590952,8081,1
0.5269230769230769,8082,1
0.5273775216138329,8083,1
0.527831094049904,8084,1
0.5282837967401726,8085,1
0.5287356321839081,8086,1
0.5282296650717704,8087,1
0.52868068833652,8088,1
0.5281757402101241,8089,1
0.5286259541984732,8090,1
0.5281220209723546,8091,1
0.5276190476190477,8092,1
0.5280685061845861,8093,1
0.5285171102661597,8094,1
0.5289648622981956,8095,1
0.5294117647058824,8096,1
0.5289099526066351,8097,1
0.5284090909090909,8098,1
0.5288552507095553,8099,1
0.5293005671077504,8100,1
0.5297450424929179,8101,1
0.529245283018868,8102,1
0.529688972667295,8103,1
0.5291902071563088,8104,1
0.5296331138287864,8105,1
0.5300751879699248,8106,1
0.5305164319248826,8107,1
0.5300187617260788,8108,1
0.5295220243673852,8109,1
0.5299625468164794,8110,1
0.5304022450888681,8111,1
0.5299065420560748,8112,1
0.5303454715219421,8113,1
0.5307835820895522,8114,1
0.5312208760484622,8115,1
0.5316573556797021,8116,1
0.5311627906976745,8117,1
0.5315985130111525,8118,1
0.531104921077066,8119,1
0.5306122448979592,8120,1
0.5301204819277109,8121,1
0.5305555555555556,8122,1
0.5309898242368177,8123,1
0.5304990757855823,8124,1
0.530932594644506,8125,1
0.5304428044280443,8126,1
0.5308755760368664,8127,1
0.5313075506445673,8128,1
0.53081876724931,8129,1
0.53125,8130,1
0.5307621671258035,8131,1
0.5311926605504587,8132,1
0.5316223648029331,8133,1
0.532051282051282,8134,1
0.5315645013723697,8135,1
0.5319926873857403,8136,1
0.5315068493150685,8137,1
0.531934306569343,8138,1
0.5323609845031905,8139,1
0.5327868852459017,8140,1
0.532302092811647,8141,1
0.5327272727272727,8142,1
0.5322434150772025,8143,1
0.5326678765880217,8144,1
0.5330915684496826,8145,1
0.5335144927536232,8146,1
0.5339366515837104,8147,1
0.5343580470162749,8148,1
0.5338753387533876,8149,1
0.5333935018050542,8150,1
0.5329125338142471,8151,1
0.5333333333333333,8152,1
0.5337533753375338,8153,1
0.533273381294964,8154,1
0.5336927223719676,8155,1
0.533213644524237,8156,1
0.5336322869955157,8157,1
0.5340501792114696,8158,1
0.5335720680393913,8159,1
0.5330948121645797,8160,1
0.5326184092940125,8161,1
0.5321428571428571,8162,1
0.5316681534344335,8163,1
0.5311942959001783,8164,1
0.5307212822796082,8165,1
0.5302491103202847,8166,1
0.5297777777777778,8167,1
0.5301953818827708,8168,1
0.5297249334516415,8169,1
0.5292553191489362,8170,1
0.5296722763507529,8171,1
0.5292035398230088,8172,1
0.5296198054818745,8173,1
0.5291519434628975,8174,1
0.5286849073256841,8175,1
0.5291005291005291,8176,1
0.5295154185022026,8177,1
0.5299295774647887,8178,1
0.5303430079155673,8179,1
0.5298769771528998,8180,1
0.5302897278314311,8181,1
0.5307017543859649,8182,1
0.5311130587204207,8183,1
0.5306479859894921,8184,1
0.531058617672791,8185,1
0.5314685314685315,8186,1
0.5318777292576419,8187,1
0.5322862129144852,8188,1
0.5326939843068875,8189,1
0.5331010452961672,8190,1
0.5326370757180157,8191,1
0.5330434782608696,8192,1
0.5325803649000869,8193,1
0.5329861111111112,8194,1
0.5325238508239376,8195,1
0.5329289428076257,8196,1
0.5324675324675324,8197,1
0.532871972318339,8198,1
0.533275713050994,8199,1
0.533678756476684,8200,1
0.5340811044003452,8201,1
0.5336206896551724,8202,1
0.533161068044789,8203,1
0.5327022375215146,8204,1
0.532244196044712,8205,1
0.5326460481099656,8206,1
0.5330472103004292,8207,1
0.532590051457976,8208,1
0.532133676092545,8209,1
0.5316780821917808,8210,1
0.5320786997433704,8211,1
0.5316239316239316,8212,1
0.5320239111870196,8213,1
0.5315699658703071,8214,1
0.5311167945439045,8215,1
0.530664395229983,8216,1
0.531063829787234,8217,1
0.5314625850340136,8218,1
0.5310110450297366,8219,1
0.5314091680814941,8220,1
0.5318066157760815,8221,1
0.5322033898305085,8222,1
0.5325994919559696,8223,1
0.5329949238578681,8224,1
0.5325443786982249,8225,1
0.5320945945945946,8226,1
0.5324894514767933,8227,1
0.5320404721753794,8228,1
0.531592249368155,8229,1
0.531986531986532,8230,1
0.5315391084945332,8231,1
0.5319327731092437,8232,1
0.5314861460957179,8233,1
0.5318791946308725,8234,1
0.5314333612740989,8235,1
0.5309882747068677,8236,1
0.5305439330543933,8237,1
0.5301003344481605,8238,1
0.5304928989139516,8239,1
0.5308848080133556,8240,1
0.530442035029191,8241,1
0.5308333333333334,8242,1
0.5303913405495421,8243,1
0.5307820299500832,8244,1
0.5303408146300914,8245,1
0.5307308970099668,8246,1
0.5311203319502075,8247,1
0.5315091210613598,8248,1
0.531897265948633,8249,1
0.5314569536423841,8250,1
0.5310173697270472,8251,1
0.5305785123966942,8252,1
0.5301403798513625,8253,1
0.5297029702970297,8254,1
0.5292662819455894,8255,1
0.5296540362438221,8256,1
0.5292181069958848,8257,1
0.5296052631578947,8258,1
0.5299917830731307,8259,1
0.5295566502463054,8260,1
0.5291222313371616,8261,1
0.5295081967213114,8262,1
0.5298935298935299,8263,1
0.5294599018003273,8264,1
0.5298446443172526,8265,1
0.5302287581699346,8266,1
0.529795918367347,8267,1
0.5301794453507341,8268,1
0.5297473512632437,8269,1
0.5301302931596091,8270,1
0.5296989422294548,8271,1
0.5736301369863014,8856,1
0.5743589743589743,8857,1
0.5733788395904437,8858,1
0.5741056218057922,8859,1
0.5748299319727891,8860,1
0.5755517826825127,8861,1
0.576271186440678,8862,1
0.5769881556683587,8863,1
0.5760135135135135,8864,1
0.5750421585160203,8865,1
0.5757575757575758,8866,1
0.5747899159663865,8867,1
0.575503355704698,8868,1
0.576214405360134,8869,1
0.5769230769230769,8870,1
0.5776293823038398,8871,1
0.5783333333333334,8872,1
0.5790349417637272,8873,1
0.5780730897009967,8874,1
0.5771144278606966,8875,1
0.5778145695364238,8876,1
0.5768595041322314,8877,1
0.5759075907590759,8878,1
0.5766062602965404,8879,1
0.5756578947368421,8880,1
0.5763546798029556,8881,1
0.5770491803278689,8882,1
0.5761047463175123,8883,1
0.5751633986928104,8884,1
0.5758564437194127,8885,1
0.5765472312703583,8886,1
0.5772357723577236,8887,1
0.577922077922078,8888,1
0.5769854132901134,8889,1
0.5760517799352751,8890,1
0.5767366720516963,8891,1
0.5758064516129032,8892,1
0.5748792270531401,8893,1
0.5739549839228296,8894,1
0.5746388443017657,8895,1
0.5753205128205128,8896,1
0.576,8897,1
0.5750798722044729,8898,1
0.5757575757575758,8899,1
0.5764331210191083,8900,1
0.575516693163752,8901,1
0.5761904761904761,8902,1
0.5768621236133122,8903,1
0.5775316455696202,8904,1
0.5781990521327014,8905,1
0.5772870662460567,8906,1
0.5763779527559055,8907,1
0.5754716981132075,8908,1
0.576138147566719,8909,1
0.5768025078369906,8910,1
0.5758998435054773,8911,1
0.575,8912,1
0.5756630265210608,8913,1
0.5763239875389408,8914,1
0.5754276827371695,8915,1
0.5760869565217391,8916,1
0.5767441860465117,8917,1
0.5773993808049536,8918,1
0.5765069551777434,8919,1
0.5771604938271605,8920,1
0.576271186440678,8921,1
0.5753846153846154,8922,1
0.5745007680491552,8923,1
0.5751533742331288,8924,1
0.5758039816232772,8925,1
0.5749235474006116,8926,1
0.5740458015267176,8927,1
0.573170731707317,8928,1
0.573820395738204,8929,1
0.5729483282674772,8930,1
0.5735963581183612,8931,1
0.5727272727272728,8932,1
0.573373676248109,8933,1
0.5740181268882175,8934,1
0.5731523378582202,8935,1
0.572289156626506,8936,1
0.5729323308270676,8937,1
0.5720720720720721,8938,1
0.5712143928035982,8939,1
0.5718562874251497,8940,1
0.5710014947683109,8941,1
0.5716417910447761,8942,1
0.5707898658718331,8943,1
0.5699404761904762,8944,1
0.5705794947994056,8945,1
0.56973293768546,8946,1
0.5703703703703704,8947,1
0.5695266272189349,8948,1
0.5701624815361891,8949,1
0.5707964601769911,8950,1
0.5714285714285714,8951,1
0.5705882352941176,8952,1
0.5697503671071953,8953,1
0.5703812316715543,8954,1
0.5710102489019033,8955,1
0.5716374269005848,8956,1
0.5708029197080292,8957,1
0.5714285714285714,8958,1
0.5705967976710334,8959,1
0.5697674418604651,8960,1
0.5689404934687954,8961,1
0.5681159420289855,8962,1
0.5672937771345875,8963,1
0.5664739884393064,8964,1
0.5670995670995671,8965,1
0.5662824207492796,8966,1
0.5669064748201439,8967,1
0.5675287356321839,8968,1
0.5681492109038737,8969,1
0.5687679083094556,8970,1
0.5679542203147353,8971,1
0.5685714285714286,8972,1
0.5677603423680456,8973,1
0.5669515669515669,8974,1
0.5675675675675675,8975,1
0.5681818181818182,8976,1
0.5687943262411348,8977,1
0.5679886685552408,8978,1
0.5671852899575672,8979,1
0.5677966101694916,8980,1
0.5669957686882934,8981,1
0.5661971830985916,8982,1
0.5668073136427567,8983,1
0.5674157303370787,8984,1
0.5666199158485273,8985,1
0.5672268907563025,8986,1
0.5678321678321678,8987,1
0.5670391061452514,8988,1
0.5676429567642957,8989,1
0.5682451253481894,8990,1
0.56884561891516,8991,1
0.5694444444444444,8992,1
0.5686546463245492,8993,1
0.5678670360110804,8994,1
0.5684647302904564,8995,1
0.569060773480663,8996,1
0.5696551724137932,8997,1
0.5702479338842975,8998,1
0.5694635488308115,8999,1
0.570054945054945,9000,1
0.5692729766803841,9001,1
0.5684931506849316,9002,1
0.5677154582763337,9003,1
0.5669398907103825,9004,1
0.5661664392905866,9005,1
0.5653950953678474,9006,1
0.5659863945578232,9007,1
0.5652173913043478,9008,1
0.5644504748982361,9009,1
0.5650406504065041,9010,1
0.5656292286874154,9011,1
0.5648648648648649,9012,1
0.5641025641025641,9013,1
0.5646900269541779,9014,1
0.5639300134589502,9015,1
0.5645161290322581,9016,1
0.5651006711409396,9017,1
0.5656836461126006,9018,1
0.5649263721552878,9019,1
0.5655080213903744,9020,1
0.5660881174899867,9021,1
0.5666666666666667,9022,1
0.5659121171770972,9023,1
0.5664893617021277,9024,1
0.5657370517928287,9025,1
0.5649867374005305,9026,1
0.5655629139072847,9027,1
0.5648148148148148,9028,1
0.5653896961690885,9029,1
0.5646437994722955,9030,1
0.5638998682476943,9031,1
0.5644736842105263,9032,1
0.5637319316688568,9033,1
0.5643044619422573,9034,1
0.564875491480996,9035,1
0.5641361256544503,9036,1
0.5633986928104575,9037,1
0.5626631853785901,9038,1
0.5632333767926988,9039,1
0.5625,9040,1
0.5617685305591678,9041,1
0.5623376623376624,9042,1
0.562905317769131,9043,1
0.5621761658031088,9044,1
0.5627425614489003,9045,1
0.5633074935400517,9046,1
0.5638709677419355,9047,1
0.5644329896907216,9048,1
0.5637065637065637,9049,1
0.5642673521850899,9050,1
0.5648267008985879,9051,1
0.5653846153846154,9052,1
0.5646606914212549,9053,1
0.5639386189258312,9054,1
0.5632183908045977,9055,1
0.5625,9056,1
0.5630573248407643,9057,1
0.5636132315521628,9058,1
0.5641677255400254,9059,1
0.5647208121827412,9060,1
0.5640050697084917,9061,1
0.5645569620253165,9062,1
0.5638432364096081,9063,1
0.5643939393939394,9064,1
0.5649432534678437,9065,1
0.5654911838790933,9066,1
0.5647798742138365,9067,1
0.5653266331658291,9068,1
0.5658720200752823,9069,1
0.5651629072681704,9070,1
0.5644555694618273,9071,1
0.565,9072,1
0.5642946317103621,9073,1
0.5648379052369077,9074,1
0.564134495641345,9075,1
0.5646766169154229,9076,1
0.5639751552795031,9077,1
0.5645161290322581,9078,1
0.563816604708798,9079,1
0.5643564356435643,9080,1
0.5636588380716935,9081,1
0.562962962962963,9082,1
0.562268803945746,9083,1
0.5615763546798029,9084,1
0.5621156211562116,9085,1
0.5614250614250614,9086,1
0.5607361963190184,9087,1
0.5612745098039216,9088,1
0.5618115055079559,9089,1
0.5611246943765281,9090,1
0.5604395604395604,9091,1
0.5609756097560976,9092,1
0.561510353227771,9093,1
0.5608272506082725,9094,1
0.560145808019441,9095,1
0.5594660194174758,9096,1
0.56,9097,1
0.559322033898305,9098,1
0.558645707376058,9099,1
0.5579710144927537,9100,1
0.5585042219541616,9101,1
0.5578313253012048,9102,1
0.5571600481347774,9103,1
0.5564903846153846,9104,1
0.5570228091236494,9105,1
0.5575539568345323,9106,1
0.5568862275449101,9107,1
0.5574162679425837,9108,1
0.5567502986857825,9109,1
0.5572792362768496,9110,1
0.5578069129916567,9111,1
0.5571428571428572,9112,1
0.5576694411414982,9113,1
0.5581947743467933,9114,1
0.5587188612099644,9115,1
0.5580568720379147,9116,1
0.5585798816568047,9117,1
0.557919621749409,9118,1
0.5572609208972845,9119,1
0.5566037735849056,9120,1
0.5571260306242638,9121,1
0.5576470588235294,9122,1
0.5569917743830788,9123,1
0.5575117370892019,9124,1
0.5568581477139508,9125,1
0.5573770491803278,9126,1
0.5578947368421052,9127,1
0.5572429906542056,9128,1
0.5565927654609102,9129,1
0.5571095571095571,9130,1
0.5576251455180442,9131,1
0.5581395348837209,9132,1
0.5574912891986062,9133,1
0.5568445475638051,9134,1
0.5573580533024334,9135,1
0.5578703703703703,9136,1
0.5583815028901734,9137,1
0.558891454965358,9138,1
0.5594002306805075,9139,1
0.5587557603686636,9140,1
0.5592635212888377,9141,1
0.5597701149425287,9142,1
0.5591274397244547,9143,1
0.5596330275229358,9144,1
0.5601374570446735,9145,1
0.5606407322654462,9146,1
0.5611428571428572,9147,1
0.5616438356164384,9148,1
0.5621436716077537,9149,1
0.5626423690205011,9150,1
0.5631399317406144,9151,1
0.5625,9152,1
0.5629965947786606,9153,1
0.5634920634920635,9154,1
0.5628539071347678,9155,1
0.5622171945701357,9156,1
0.5627118644067797,9157,1
0.5632054176072234,9158,1
0.5625704622322435,9159,1
0.5619369369369369,9160,1
0.5613048368953881,9161,1
0.5617977528089888,9162,1
0.5622895622895623,9163,1
0.5616591928251121,9164,1
0.561030235162374,9165,1
0.5604026845637584,9166,1
0.5608938547486033,9167,1
0.5602678571428571,9168,1
0.5607580824972129,9169,1
0.5612472160356348,9170,1
0.560622914349277,9171,1
0.5611111111111111,9172,1
0.560488346281909,9173,1
0.5598669623059866,9174,1
0.5603543743078627,9175,1
0.5597345132743363,9176,1
0.5602209944751381,9177,1
0.5596026490066225,9178,1
0.5589856670341786,9179,1
0.5583700440528634,9180,1
0.5577557755775577,9181,1
0.5582417582417583,9182,1
0.5587266739846323,9183,1
0.5592105263157895,9184,1
0.5585980284775466,9185,1
0.5579868708971554,9186,1
0.5584699453551912,9187,1
0.5589519650655022,9188,1
0.5583424209378408,9189,1
0.5577342047930284,9190,1
0.558215451577802,9191,1
0.558695652173913,9192,1
0.5580890336590663,9193,1
0.5585683297180043,9194,1
0.5590465872156013,9195,1
0.5595238095238095,9196,1
0.5589189189189189,9197,1
0.5593952483801296,9198,1
0.5598705501618123,9199,1
0.5592672413793104,9200,1
0.5597416576964478,9201,1
0.5602150537634408,9202,1
0.5596133190118152,9203,1
0.5600858369098712,9204,1
0.5605573419078242,9205,1
0.5610278372591007,9206,1
0.560427807486631,9207,1
0.5598290598290598,9208,1
0.5602988260405549,9209,1
0.5597014925373134,9210,1
0.5591054313099042,9211,1
0.5595744680851064,9212,1
0.5600425079702445,9213,1
0.5605095541401274,9214,1
0.559915164369035,9215,1
0.559322033898305,9216,1
0.5597883597883598,9217,1
0.5602536997885835,9218,1
0.5596620908130939,9219,1
0.5590717299578059,9220,1
0.559536354056902,9221,1
0.56,9222,1
0.5594111461619348,9223,1
0.5588235294117647,9224,1
0.5582371458551941,9225,1
0.5576519916142557,9226,1
0.5581151832460733,9227,1
0.5585774058577406,9228,1
0.5590386624869383,9229,1
0.558455114822547,9230,1
0.5578727841501564,9231,1
0.5572916666666666,9232,1
0.5577523413111343,9233,1
0.5582120582120582,9234,1
0.5586708203530634,9235,1
0.558091286307054,9236,1
0.5585492227979275,9237,1
0.5590062111801242,9238,1
0.5584281282316442,9239,1
0.5578512396694215,9240,1
0.5572755417956656,9241,1
0.5577319587628866,9242,1
0.557157569515963,9243,1
0.5565843621399177,9244,1
0.5570400822199383,9245,1
0.5574948665297741,9246,1
0.5579487179487179,9247,1
0.5573770491803278,9248,1
0.5568065506653019,9249,1
0.556237218813906,9250,1
0.5566905005107252,9251,1
0.5561224489795918,9252,1
0.5565749235474006,9253,1
0.5560081466395111,9254,1
0.5564598168870803,9255,1
0.5558943089430894,9256,1
0.5563451776649746,9257,1
0.5557809330628803,9258,1
0.5552178318135765,9259,1
0.5546558704453441,9260,1
0.5540950455005056,9261,1
0.5545454545454546,9262,1
0.5539858728557013,9263,1
0.5544354838709677,9264,1
0.5548841893252769,9265,1
0.5553319919517102,9266,1
0.5557788944723618,9267,1
0.5562248995983936,9268,1
0.555667001003009,9269,1
0.5561122244488977,9270,1
0.5565565565565566,9271,1
0.557,9272,1
0.5574425574425574,9273,1
0.5568862275449101,9274,1
0.5573280159521435,9275,1
0.5567729083665338,9276,1
0.5562189054726369,9277,1
0.5566600397614314,9278,1
0.5571002979145978,9279,1
0.5565476190476191,9280,1
0.55599603567889,9281,1
0.5554455445544555,9282,1
0.5548961424332344,9283,1
0.5543478260869565,9284,1
0.5547877591312932,9285,1
0.5552268244575936,9286,1
0.5556650246305419,9287,1
0.5551181102362205,9288,1
0.5545722713864307,9289,1
0.5550098231827112,9290,1
0.5544651619234544,9291,1
0.5549019607843138,9292,1
0.55435847208619,9293,1
0.5547945205479452,9294,1
0.555229716520039,9295,1
0.5556640625,9296,1
0.5551219512195122,9297,1
0.5555555555555556,9298,1
0.5559883154819864,9299,1
0.5554474708171206,9300,1
0.5558794946550049,9301,1
0.5563106796116505,9302,1
0.5567410281280311,9303,1
0.5562015503875969,9304,1
0.5556631171345595,9305,1
0.5551257253384912,9306,1
0.5555555555555556,9307,1
0.555984555984556,9308,1
0.5564127290260367,9309,1
0.5568400770712909,9310,1
0.5572666025024061,9311,1
0.5567307692307693,9312,1
0.5561959654178674,9313,1
0.555662188099808,9314,1
0.5560882070949185,9315,1
0.5565134099616859,9316,1
0.5559808612440191,9317,1
0.5564053537284895,9318,1
0.556829035339064,9319,1
0.5562977099236641,9320,1
0.555767397521449,9321,1
0.5561904761904762,9322,1
0.5566127497621313,9323,1
0.5570342205323194,9324,1
0.5574548907882241,9325,1
0.5578747628083491,9326,1
0.557345971563981,9327,1
0.5568181818181818,9328,1
0.5572374645222328,9329,1
0.556710775047259,9330,1
0.5571293673276676,9331,1
0.5566037735849056,9332,1
0.5570216776625825,9333,1
0.5574387947269304,9334,1
0.5578551269990593,9335,1
0.5582706766917294,9336,1
0.5586854460093896,9337,1
0.5581613508442776,9338,1
0.5585754451733833,9339,1
0.5580524344569289,9340,1
0.5575304022450889,9341,1
0.5570093457943925,9342,1
0.5564892623716153,9343,1
0.5569029850746269,9344,1
0.5573159366262814,9345,1
0.5567970204841713,9346,1
0.5572093023255814,9347,1
0.5576208178438662,9348,1
0.5580315691736305,9349,1
0.5584415584415584,9350,1
0.5588507877664504,9351,1
0.5592592592592592,9352,1
0.5596669750231268,9353,1
0.5591497227356746,9354,1
0.5595567867036011,9355,1
0.5599630996309963,9356,1
0.56036866359447,9357,1
0.5607734806629834,9358,1
0.5602575896964122,9359,1
0.5606617647058824,9360,1
0.5601469237832875,9361,1
0.5596330275229358,9362,1
0.5600366636113657,9363,1
0.5595238095238095,9364,1
0.5599268069533394,9365,1
0.5603290676416819,9366,1
0.5607305936073059,9367,1
0.5602189781021898,9368,1
0.5597082953509571,9369,1
0.5601092896174863,9370,1
0.5595996360327571,9371,1
0.5590909090909091,9372,1
0.5594913714804723,9373,1
0.5598911070780399,9374,1
0.5602901178603807,9375,1
0.5606884057971014,9376,1
0.5601809954751131,9377,1
0.5596745027124774,9378,1
0.5591689250225835,9379,1
0.5586642599277978,9380,1
0.5590622182146078,9381,1
0.5594594594594594,9382,1
0.5598559855985599,9383,1
0.560251798561151,9384,1
0.5606469002695418,9385,1
0.5610412926391383,9386,1
0.5614349775784754,9387,1
0.5609318996415771,9388,1
0.5604297224709042,9389,1
0.5608228980322003,9390,1
0.5603217158176944,9391,1
0.5607142857142857,9392,1
0.5611061552185549,9393,1
0.5614973262032086,9394,1
0.5618878005342832,9395,1
0.5622775800711743,9396,1
0.5617777777777778,9397,1
0.5612788632326821,9398,1
0.5616681455190772,9399,1
0.5620567375886525,9400,1
0.5615589016829052,9401,1
0.5610619469026549,9402,1
0.5605658709106985,9403,1
0.5600706713780919,9404,1
0.559576345984113,9405,1
0.5590828924162258,9406,1
0.5585903083700441,9407,1
0.5580985915492958,9408,1
0.5576077396657871,9409,1
0.5579964850615114,9410,1
0.5575065847234416,9411,1
0.5570175438596491,9412,1
0.5574057843996494,9413,1
0.5569176882661997,9414,1
0.5564304461942258,9415,1
0.5568181818181818,9416,1
0.5572052401746724,9417,1
0.5575916230366492,9418,1
0.5579773321708805,9419,1
0.5574912891986062,9420,1
0.557006092254134,9421,1
0.5573913043478261,9422,1
0.5577758470894874,9423,1
0.5581597222222222,9424,1
0.5585429314830876,9425,1
0.5589254766031195,9426,1
0.5584415584415584,9427,1
0.5579584775086506,9428,1
0.5583405358686258,9429,1
0.5578583765112263,9430,1
0.5582398619499569,9431,1
0.5586206896551724,9432,1
0.5752351097178683,10071,1
0.5758998435054773,10072,1
0.5765625,10073,1
0.5756630265210608,10074,1
0.5763239875389408,10075,1
0.5769828926905132,10076,1
0.577639751552795,10077,1
0.5782945736434109,10078,1
0.5789473684210527,10079,1
0.5795981452859351,10080,1
0.5802469135802469,10081,1
0.5793528505392912,10082,1
0.5784615384615385,10083,1
0.5775729646697388,10084,1
0.5782208588957055,10085,1
0.5773353751914242,10086,1
0.5779816513761468,10087,1
0.5770992366412214,10088,1
0.5777439024390244,10089,1
0.5768645357686454,10090,1
0.5759878419452887,10091,1
0.575113808801214,10092,1
0.5757575757575758,10093,1
0.5748865355521936,10094,1
0.5740181268882175,10095,1
0.5746606334841629,10096,1
0.5737951807228916,10097,1
0.5729323308270676,10098,1
0.5720720720720721,10099,1
0.5712143928035982,10100,1
0.5718562874251497,10101,1
0.5710014947683109,10102,1
0.5701492537313433,10103,1
0.5707898658718331,10104,1
0.5699404761904762,10105,1
0.5690936106983655,10106,1
0.5682492581602374,10107,1
0.5688888888888889,10108,1
0.5680473372781065,10109,1
0.568685376661743,10110,1
0.5678466076696165,10111,1
0.5670103092783505,10112,1
0.5661764705882353,10113,1
0.5653450807635829,10114,1
0.5659824046920822,10115,1
0.5651537335285505,10116,1
0.564327485380117,10117,1
0.564963503649635,10118,1
0.5641399416909622,10119,1
0.5633187772925764,10120,1
0.563953488372093,10121,1
0.5631349782293179,10122,1
0.563768115942029,10123,1
0.5643994211287988,10124,1
0.5635838150289018,10125,1
0.5642135642135642,10126,1
0.5648414985590778,10127,1
0.5654676258992806,10128,1
0.5646551724137931,10129,1
0.563845050215208,10130,1
0.5644699140401146,10131,1
0.5650929899856938,10132,1
0.5642857142857143,10133,1
0.5649072753209701,10134,1
0.5655270655270656,10135,1
0.566145092460882,10136,1
0.5653409090909091,10137,1
0.5659574468085107,10138,1
0.56657223796034,10139,1
0.5657708628005658,10140,1
0.5663841807909604,10141,1
0.5669957686882934,10142,1
0.5661971830985916,10143,1
0.5654008438818565,10144,1
0.5646067415730337,10145,1
0.5638148667601683,10146,1
0.5630252100840336,10147,1
0.5636363636363636,10148,1
0.5628491620111732,10149,1
0.5634588563458857,10150,1
0.564066852367688,10151,1
0.5632823365785814,10152,1
0.5638888888888889,10153,1
0.5631067961165048,10154,1
0.5623268698060941,10155,1
0.5629322268326418,10156,1
0.5621546961325967,10157,1
0.5613793103448276,10158,1
0.5619834710743802,10159,1
0.5612104539202201,10160,1
0.5604395604395604,10161,1
0.5596707818930041,10162,1
0.5602739726027397,10163,1
0.560875512995896,10164,1
0.5614754098360656,10165,1
0.5607094133697135,10166,1
0.5613079019073569,10167,1
0.5605442176870749,10168,1
0.561141304347826,10169,1
0.5603799185888738,10170,1
0.5609756097560976,10171,1
0.5615696887686062,10172,1
0.5621621621621622,10173,1
0.5614035087719298,10174,1
0.5606469002695418,10175,1
0.5598923283983849,10176,1
0.5591397849462365,10177,1
0.5597315436241611,10178,1
0.5589812332439679,10179,1
0.5582329317269076,10180,1
0.5588235294117647,10181,1
0.5580774365821095,10182,1
0.5586666666666666,10183,1
0.5579227696404794,10184,1
0.5571808510638298,10185,1
0.5564409030544488,10186,1
0.5557029177718833,10187,1
0.5549668874172186,10188,1
0.5542328042328042,10189,1
0.5548216644649934,10190,1
0.5554089709762533,10191,1
0.5546772068511199,10192,1
0.5539473684210526,10193,1
0.5532194480946123,10194,1
0.5538057742782152,10195,1
0.5543905635648755,10196,1
0.5536649214659686,10197,1
0.5529411764705883,10198,1
0.5535248041775457,10199,1
0.5528031290743155,10200,1
0.5520833333333334,10201,1
0.552665799739922,10202,1
0.5532467532467532,10203,1
0.5538261997405967,10204,1
0.5544041450777202,10205,1
0.5549805950840879,10206,1
0.5542635658914729,10207,1
0.5535483870967742,10208,1
0.5528350515463918,10209,1
0.5534105534105535,10210,1
0.5526992287917738,10211,1
0.5532734274711169,10212,1
0.5525641025641026,10213,1
0.5531370038412292,10214,1
0.5537084398976982,10215,1
0.5530012771392082,10216,1
0.5535714285714286,10217,1
0.554140127388535,10218,1
0.5534351145038168,10219,1
0.5527318932655655,10220,1
0.5532994923857868,10221,1
0.5538656527249683,10222,1
0.5544303797468354,10223,1
0.5537294563843237,10224,1
0.5542929292929293,10225,1
0.5548549810844893,10226,1
0.5554156171284634,10227,1
0.5547169811320755,10228,1
0.5552763819095478,10229,1
0.5558343789209536,10230,1
0.556390977443609,10231,1
0.5569461827284106,10232,1
0.5575,10233,1
0.5568039950062422,10234,1
0.5561097256857855,10235,1
0.5566625155666252,10236,1
0.5559701492537313,10237,1
0.5565217391304348,10238,1
0.5570719602977667,10239,1
0.5563816604708798,10240,1
0.556930693069307,10241,1
0.5574783683559951,10242,1
0.5567901234567901,10243,1
0.5561035758323057,10244,1
0.5566502463054187,10245,1
0.5559655596555966,10246,1
0.5565110565110565,10247,1
0.5570552147239264,10248,1
0.5563725490196079,10249,1
0.5556915544675642,10250,1
0.5550122249388753,10251,1
0.5555555555555556,10252,1
0.5560975609756098,10253,1
0.5554202192448234,10254,1
0.5559610705596107,10255,1
0.5552855407047388,10256,1
0.5546116504854369,10257,1
0.553939393939394,10258,1
0.5544794188861986,10259,1
0.5550181378476421,10260,1
0.5555555555555556,10261,1
0.5560916767189384,10262,1
0.555421686746988,10263,1
0.555956678700361,10264,1
0.5564903846153846,10265,1
0.5570228091236494,10266,1
0.5563549160671463,10267,1
0.5568862275449101,10268,1
0.55622009569378,10269,1
0.5567502986857825,10270,1
0.5572792362768496,10271,1
0.5578069129916567,10272,1
0.5583333333333333,10273,1
0.5576694411414982,10274,1
0.5581947743467933,10275,1
0.5587188612099644,10276,1
0.5580568720379147,10277,1
0.5585798816568047,10278,1
0.557919621749409,10279,1
0.5584415584415584,10280,1
0.5589622641509434,10281,1
0.558303886925795,10282,1
0.5576470588235294,10283,1
0.5569917743830788,10284,1
0.5563380281690141,10285,1
0.5556858147713951,10286,1
0.5550351288056206,10287,1
0.5543859649122806,10288,1
0.5537383177570093,10289,1
0.5530921820303384,10290,1
0.5536130536130536,10291,1
0.5529685681024447,10292,1
0.5534883720930233,10293,1
0.5528455284552846,10294,1
0.5533642691415314,10295,1
0.5538818076477404,10296,1
0.5543981481481481,10297,1
0.5549132947976878,10298,1
0.5554272517321016,10299,1
0.5559400230680508,10300,1
0.5564516129032258,10301,1
0.5569620253164557,10302,1
0.5563218390804597,10303,1
0.5556831228473019,10304,1
0.5561926605504587,10305,1
0.5555555555555556,10306,1
0.5560640732265446,10307,1
0.5565714285714286,10308,1
0.5570776255707762,10309,1
0.5575826681870011,10310,1
0.5580865603644647,10311,1
0.5574516496018203,10312,1
0.5568181818181818,10313,1
0.5561861520998865,10314,1
0.5566893424036281,10315,1
0.5571913929784824,10316,1
0.5576923076923077,10317,1
0.5581920903954802,10318,1
0.5586907449209932,10319,1
0.5591882750845547,10320,1
0.5596846846846847,10321,1
0.5590551181102362,10322,1
0.5584269662921348,10323,1
0.5578002244668911,10324,1
0.5582959641255605,10325,1
0.5587905935050392,10326,1
0.558165548098434,10327,1
0.5586592178770949,10328,1
0.5580357142857143,10329,1
0.5585284280936454,10330,1
0.5590200445434298,10331,1
0.5583982202447163,10332,1
0.5588888888888889,10333,1
0.55826859045505,10334,1
0.5587583148558758,10335,1
0.5592469545957918,10336,1
0.5586283185840708,10337,1
0.5580110497237569,10338,1
0.5573951434878587,10339,1
0.5567805953693495,10340,1
0.5561674008810573,10341,1
0.5555555555555556,10342,1
0.554945054945055,10343,1
0.5554335894621295,10344,1
0.5548245614035088,10345,1
0.5542168674698795,10346,1
0.5536105032822757,10347,1
0.5530054644808743,10348,1
0.5524017467248908,10349,1
0.5517993456924755,10350,1
0.55119825708061,10351,1
0.5505984766050055,10352,1
0.55,10353,1
0.5504885993485342,10354,1
0.5509761388286334,10355,1
0.5503791982665223,10356,1
0.5508658008658008,10357,1
0.5513513513513514,10358,1
0.5518358531317494,10359,1
0.5512405609492989,10360,1
0.5506465517241379,10361,1
0.5511302475780409,10362,1
0.5516129032258065,10363,1
0.5510204081632653,10364,1
0.5515021459227468,10365,1
0.5519828510182208,10366,1
0.5513918629550322,10367,1
0.5508021390374331,10368,1
0.5512820512820513,10369,1
0.551760939167556,10370,1
0.5522388059701493,10371,1
0.5527156549520766,10372,1
0.5521276595744681,10373,1
0.5515409139213603,10374,1
0.5509554140127388,10375,1
0.5503711558854719,10376,1
0.5508474576271186,10377,1
0.5513227513227513,10378,1
0.5507399577167019,10379,1
0.5512143611404435,10380,1
0.5516877637130801,10381,1
0.5511064278187566,10382,1
0.5515789473684211,10383,1
0.5520504731861199,10384,1
0.5525210084033614,10385,1
0.55299055613851,10386,1
0.5524109014675053,10387,1
0.5518324607329843,10388,1
0.551255230125523,10389,1
0.5517241379310345,10390,1
0.5511482254697286,10391,1
0.5516162669447341,10392,1
0.5520833333333334,10393,1
0.5525494276795005,10394,1
0.553014553014553,10395,1
0.5524402907580478,10396,1
0.5529045643153527,10397,1
0.5533678756476684,10398,1
0.5538302277432712,10399,1
0.5532574974146846,10400,1
0.5537190082644629,10401,1
0.5541795665634675,10402,1
0.5536082474226804,10403,1
0.5540679711637487,10404,1
0.5545267489711934,10405,1
0.5539568345323741,10406,1
0.5544147843942505,10407,1
0.5538461538461539,10408,1
0.5543032786885246,10409,1
0.5547594677584442,10410,1
0.5552147239263804,10411,1
0.5546475995914198,10412,1
0.5551020408163265,10413,1
0.5555555555555556,10414,1
0.5560081466395111,10415,1
0.555442522889115,10416,1
0.5548780487804879,10417,1
0.5553299492385787,10418,1
0.5557809330628803,10419,1
0.5552178318135765,10420,1
0.555668016194332,10421,1
0.5551061678463094,10422,1
0.5545454545454546,10423,1
0.5539858728557013,10424,1
0.5544354838709677,10425,1
0.5548841893252769,10426,1
0.5553319919517102,10427,1
0.5557788944723618,10428,1
0.5552208835341366,10429,1
0.5546639919759278,10430,1
0.5551102204408818,10431,1
0.5555555555555556,10432,1
0.556,10433,1
0.5564435564435565,10434,1
0.5558882235528942,10435,1
0.5563310069790628,10436,1
0.5567729083665338,10437,1
0.5562189054726369,10438,1
0.5556660039761432,10439,1
0.5561072492552135,10440,1
0.5555555555555556,10441,1
0.55599603567889,10442,1
0.5554455445544555,10443,1
0.5558852621167161,10444,1
0.5563241106719368,10445,1
0.5567620927936822,10446,1
0.5562130177514792,10447,1
0.5566502463054187,10448,1
0.5570866141732284,10449,1
0.5575221238938053,10450,1
0.5579567779960707,10451,1
0.5583905789990187,10452,1
0.5588235294117647,10453,1
0.5592556317335945,10454,1
0.5596868884540117,10455,1
0.5601173020527859,10456,1
0.560546875,10457,1
0.56,10458,1
0.5594541910331384,10459,1
0.5589094449853943,10460,1
0.5583657587548638,10461,1
0.5587949465500486,10462,1
0.5592233009708738,10463,1
0.5596508244422891,10464,1
0.5591085271317829,10465,1
0.5595353339787028,10466,1
0.5589941972920697,10467,1
0.5594202898550724,10468,1
0.5588803088803089,10469,1
0.5593056894889104,10470,1
0.5597302504816956,10471,1
0.5601539942252165,10472,1
0.5596153846153846,10473,1
0.5590778097982709,10474,1
0.5595009596928983,10475,1
0.5589645254074784,10476,1
0.5593869731800766,10477,1
0.5598086124401914,10478,1
0.5592734225621415,10479,1
0.559694364851958,10480,1
0.5601145038167938,10481,1
0.559580552907531,10482,1
0.559047619047619,10483,1
0.5594671741198858,10484,1
0.5598859315589354,10485,1
0.5593542260208927,10486,1
0.5597722960151803,10487,1
0.5601895734597157,10488,1
0.5606060606060606,10489,1
0.5610217596972564,10490,1
0.5604914933837429,10491,1
0.5609065155807366,10492,1
0.5613207547169812,10493,1
0.5617342130065975,10494,1
0.5612052730696798,10495,1
0.5606773283160865,10496,1
0.5610902255639098,10497,1
0.5615023474178403,10498,1
0.5609756097560976,10499,1
0.5613870665417057,10500,1
0.5617977528089888,10501,1
0.5622076707202993,10502,1
0.5616822429906542,10503,1
0.5620915032679739,10504,1
0.5625,10505,1
0.5619757688723206,10506,1
0.5614525139664804,10507,1
0.5618604651162791,10508,1
0.5613382899628253,10509,1
0.5608170844939647,10510,1
0.5612244897959183,10511,1
0.561631139944393,10512,1
0.5611111111111111,10513,1
0.5615171137835338,10514,1
0.5609981515711645,10515,1
0.5614035087719298,10516,1
0.5618081180811808,10517,1
0.5612903225806452,10518,1
0.5607734806629834,10519,1
0.5602575896964122,10520,1
0.5597426470588235,10521,1
0.559228650137741,10522,1
0.5596330275229358,10523,1
0.5591200733272227,10524,1
0.5586080586080586,10525,1
0.5590118938700823,10526,1
0.5594149908592322,10527,1
0.5589041095890411,10528,1
0.5583941605839416,10529,1
0.5587967183226983,10530,1
0.558287795992714,10531,1
0.5586897179253867,10532,1
0.5581818181818182,10533,1
0.55858310626703,10534,1
0.558076225045372,10535,1
0.557570262919311,10536,1
0.5579710144927537,10537,1
0.5583710407239819,10538,1
0.5578661844484629,10539,1
0.5582655826558266,10540,1
0.5577617328519856,10541,1
0.5581605049594229,10542,1
0.5585585585585585,10543,1
0.5589558955895589,10544,1
0.5593525179856115,10545,1
0.559748427672956,10546,1
0.559245960502693,10547,1
0.5587443946188341,10548,1
0.5582437275985663,10549,1
0.5577439570277529,10550,1
0.5581395348837209,10551,1
0.5585344057193923,10552,1
0.5580357142857143,10553,1
0.5584299732381802,10554,1
0.5588235294117647,10555,1
0.5583259127337489,10556,1
0.5587188612099644,10557,1
0.5582222222222222,10558,1
0.5586145648312612,10559,1
0.5581188997338066,10560,1
0.5585106382978723,10561,1
0.5580159433126661,10562,1
0.5584070796460177,10563,1
0.5579133510167993,10564,1
0.558303886925795,10565,1
0.558693733451015,10566,1
0.5582010582010583,10567,1
0.5577092511013216,10568,1
0.5572183098591549,10569,1
0.5567282321899736,10570,1
0.5562390158172232,10571,1
0.5566286215978928,10572,1
0.5570175438596491,10573,1
0.5565293602103418,10574,1
0.5569176882661997,10575,1
0.5564304461942258,10576,1
0.5568181818181818,10577,1
0.5572052401746724,10578,1
0.5567190226876091,10579,1
0.5562336530078466,10580,1
0.5566202090592335,10581,1
0.557006092254134,10582,1
0.5573913043478261,10583,1
0.5577758470894874,10584,1
0.5572916666666666,10585,1
0.5576756287944492,10586,1
0.5571923743500866,10587,1
0.5567099567099567,10588,1
0.5562283737024222,10589,1
0.5566119273984442,10590,1
0.5569948186528497,10591,1
0.5573770491803278,10592,1
0.5568965517241379,10593,1
0.5564168819982773,10594,1
0.5559380378657487,10595,1
0.5563198624247635,10596,1
0.5567010309278351,10597,1
0.5570815450643777,10598,1
0.5574614065180102,10599,1
0.5569837189374465,10600,1
0.5573630136986302,10601,1
0.5568862275449101,10602,1
0.5564102564102564,10603,1
0.5567890691716482,10604,1
0.5563139931740614,10605,1
0.5558397271952259,10606,1
0.5562180579216355,10607,1
0.5557446808510639,10608,1
0.5561224489795918,10609,1
0.556499575191164,10610,1
0.5568760611205433,10611,1
0.5572519083969466,10612,1
0.5576271186440678,10613,1
0.5571549534292972,10614,1
0.5575296108291032,10615,1
0.5570583262890956,10616,1
0.5565878378378378,10617,1
0.5569620253164557,10618,1
0.5573355817875211,10619,1
0.5577085088458298,10620,1
0.5580808080808081,10621,1
0.5576114381833474,10622,1
0.5579831932773109,10623,1
0.5583543240973972,10624,1
0.5587248322147651,10625,1
0.559094719195306,10626,1
0.559463986599665,10627,1
0.5589958158995816,10628,1
0.5585284280936454,10629,1
0.5588972431077694,10630,1
0.5592654424040067,10631,1
0.5596330275229358,10632,1
0.5591666666666667,10633,1
0.5587010824313072,10634,1
0.5582362728785357,10635,1
0.5586034912718204,10636,1
0.5589700996677741,10637,1
0.5593360995850623,10638,1
0.5597014925373134,10639,1
0.5592377796188898,10640,1
0.5587748344370861,10641,1
0.5591397849462365,10642,1
0.5595041322314049,10643,1
0.5590421139554087,10644,1
0.5594059405940595,10645,1
0.5597691673536686,10646,1
0.5601317957166392,10647,1
0.5604938271604938,10648,1
0.5600328947368421,10649,1
0.5595727198027938,10650,1
0.5591133004926109,10651,1
0.5594749794913864,10652,1
0.5598360655737705,10653,1
0.5601965601965602,10654,1
0.5597381342062193,10655,1
0.5600981193785772,10656,1
0.559640522875817,10657,1
0.56,10658,1
0.5595432300163132,10659,1
0.5590872045639772,10660,1
0.5586319218241043,10661,1
0.5589910496338486,10662,1
0.5585365853658537,10663,1
0.5588952071486596,10664,1
0.5592532467532467,10665,1
0.559610705596107,10666,1
0.559967585089141,10667,1
0.5603238866396761,10668,1
0.5598705501618123,10669,1
0.5594179466451091,10670,1
0.5597738287560582,10671,1
0.5601291364003228,10672,1
0.5604838709677419,10673,1
0.5608380338436745,10674,1
0.5611916264090178,10675,1
0.5607401448109413,10676,1
0.5610932475884244,10677,1
0.5606425702811245,10678,1
0.5609951845906902,10679,1
0.5613472333600642,10680,1
0.561698717948718,10681,1
0.5612489991993594,10682,1
0.5616,10683,1
0.5611510791366906,10684,1
0.5615015974440895,10685,1
0.5618515562649641,10686,1
0.5614035087719298,10687,1
0.5609561752988048,10688,1
0.5613057324840764,10689,1
0.5616547334924423,10690,1
0.56120826709062,10691,1
0.5615567911040509,10692,1
0.5619047619047619,10693,1
0.5622521808088818,10694,1
0.5625990491283677,10695,1
0.56215360253365,10696,1
0.5625,10697,1
0.5628458498023715,10698,1
0.5631911532385466,10699,1
0.56353591160221,10700,1
0.5638801261829653,10701,1
0.5351014040561622,11343,1
0.5342679127725857,11344,1
0.5334370139968896,11345,1
0.532608695652174,11346,1
0.5333333333333333,11347,1
0.5340557275541795,11348,1
0.5347758887171561,11349,1
0.5339506172839507,11350,1
0.5346687211093991,11351,1
0.5338461538461539,11352,1
0.533026113671275,11353,1
0.5322085889570553,11354,1
0.5313935681470138,11355,1
0.5321100917431193,11356,1
0.5328244274809161,11357,1
0.5320121951219512,11358,1
0.532724505327245,11359,1
0.5334346504559271,11360,1
0.5341426403641881,11361,1
0.5333333333333333,11362,1
0.5340393343419062,11363,1
0.5347432024169184,11364,1
0.5339366515837104,11365,1
0.5346385542168675,11366,1
0.5338345864661654,11367,1
0.5345345345345346,11368,1
0.5337331334332833,11369,1
0.5329341317365269,11370,1
0.5321375186846039,11371,1
0.5313432835820896,11372,1
0.5320417287630402,11373,1
0.5327380952380952,11374,1
0.5334323922734027,11375,1
0.5341246290801187,11376,1
0.5333333333333333,11377,1
0.5340236686390533,11378,1
0.5332348596750369,11379,1
0.532448377581121,11380,1
0.5331369661266568,11381,1
0.5323529411764706,11382,1
0.5330396475770925,11383,1
0.533724340175953,11384,1
0.5344070278184481,11385,1
0.5350877192982456,11386,1
0.5343065693430656,11387,1
0.5349854227405247,11388,1
0.5342066957787481,11389,1
0.5334302325581395,11390,1
0.532656023222061,11391,1
0.5318840579710145,11392,1
0.532561505065123,11393,1
0.5317919075144508,11394,1
0.5310245310245311,11395,1
0.531700288184438,11396,1
0.5309352517985612,11397,1
0.5316091954022989,11398,1
0.5322812051649928,11399,1
0.5329512893982808,11400,1
0.5336194563662375,11401,1
0.5342857142857143,11402,1
0.5349500713266762,11403,1
0.5356125356125356,11404,1
0.534850640113798,11405,1
0.5355113636363636,11406,1
0.5361702127659574,11407,1
0.5354107648725213,11408,1
0.5346534653465347,11409,1
0.5353107344632768,11410,1
0.5345557122708039,11411,1
0.5352112676056338,11412,1
0.5358649789029536,11413,1
0.5365168539325843,11414,1
0.5371669004207573,11415,1
0.5378151260504201,11416,1
0.5384615384615384,11417,1
0.5391061452513967,11418,1
0.5397489539748954,11419,1
0.5403899721448467,11420,1
0.5396383866481224,11421,1
0.5388888888888889,11422,1
0.5395284327323162,11423,1
0.5401662049861495,11424,1
0.5394190871369294,11425,1
0.5386740331491713,11426,1
0.5379310344827586,11427,1
0.5371900826446281,11428,1
0.5378266850068776,11429,1
0.5384615384615384,11430,1
0.5390946502057613,11431,1
0.5397260273972603,11432,1
0.5389876880984952,11433,1
0.5396174863387978,11434,1
0.538881309686221,11435,1
0.5381471389645777,11436,1
0.5374149659863946,11437,1
0.5380434782608695,11438,1
0.5373134328358209,11439,1
0.537940379403794,11440,1
0.5385656292286874,11441,1
0.5378378378378378,11442,1
0.5371120107962213,11443,1
0.5377358490566038,11444,1
0.5370121130551817,11445,1
0.5376344086021505,11446,1
0.538255033557047,11447,1
0.5388739946380697,11448,1
0.5381526104417671,11449,1
0.5374331550802139,11450,1
0.5367156208277704,11451,1
0.5373333333333333,11452,1
0.5379494007989347,11453,1
0.538563829787234,11454,1
0.5391766268260292,11455,1
0.5384615384615384,11456,1
0.5390728476821192,11457,1
0.5383597883597884,11458,1
0.5389696169088507,11459,1
0.5382585751978892,11460,1
0.538866930171278,11461,1
0.5381578947368421,11462,1
0.5374507227332457,11463,1
0.536745406824147,11464,1
0.5360419397116645,11465,1
0.5353403141361257,11466,1
0.534640522875817,11467,1
0.5352480417754569,11468,1
0.5358539765319427,11469,1
0.5364583333333334,11470,1
0.5357607282184655,11471,1
0.535064935064935,11472,1
0.5343709468223087,11473,1
0.533678756476684,11474,1
0.5342820181112549,11475,1
0.5348837209302325,11476,1
0.535483870967742,11477,1
0.5347938144329897,11478,1
0.5341055341055341,11479,1
0.5347043701799485,11480,1
0.5353016688061617,11481,1
0.5358974358974359,11482,1
0.5352112676056338,11483,1
0.5345268542199488,11484,1
0.5338441890166028,11485,1
0.5344387755102041,11486,1
0.535031847133758,11487,1
0.5356234096692112,11488,1
0.5349428208386277,11489,1
0.5342639593908629,11490,1
0.5335868187579215,11491,1
0.5329113924050632,11492,1
0.5322376738305942,11493,1
0.5328282828282829,11494,1
0.5334174022698613,11495,1
0.5327455919395466,11496,1
0.5333333333333333,11497,1
0.5339195979899497,11498,1
0.533249686323714,11499,1
0.5338345864661654,11500,1
0.5331664580725908,11501,1
0.53375,11502,1
0.533083645443196,11503,1
0.5336658354114713,11504,1
0.5330012453300125,11505,1
0.5335820895522388,11506,1
0.5341614906832298,11507,1
0.533498759305211,11508,1
0.5328376703841388,11509,1
0.5334158415841584,11510,1
0.5327564894932015,11511,1
0.5333333333333333,11512,1
0.5326757090012331,11513,1
0.5332512315270936,11514,1
0.5338253382533825,11515,1
0.5331695331695332,11516,1
0.5325153374233129,11517,1
0.5318627450980392,11518,1
0.5324357405140759,11519,1
0.5330073349633252,11520,1
0.5335775335775336,11521,1
0.5329268292682927,11522,1
0.5322777101096224,11523,1
0.5328467153284672,11524,1
0.5321992709599028,11525,1
0.5327669902912622,11526,1
0.5321212121212121,11527,1
0.5326876513317191,11528,1
0.5332527206771464,11529,1
0.532608695652174,11530,1
0.5319662243667069,11531,1
0.5325301204819277,11532,1
0.5318892900120337,11533,1
0.53125,11534,1
0.531812725090036,11535,1
0.5311750599520384,11536,1
0.5317365269461077,11537,1
0.5311004784688995,11538,1
0.5304659498207885,11539,1
0.5298329355608592,11540,1
0.5303933253873659,11541,1
0.5297619047619048,11542,1
0.5303210463733651,11543,1
0.5308788598574822,11544,1
0.531435349940688,11545,1
0.5319905213270142,11546,1
0.5325443786982249,11547,1
0.5319148936170213,11548,1
0.5324675324675324,11549,1
0.5330188679245284,11550,1
0.5335689045936396,11551,1
0.5329411764705883,11552,1
0.5334900117508813,11553,1
0.5328638497652582,11554,1
0.5334114888628371,11555,1
0.5339578454332553,11556,1
0.5345029239766081,11557,1
0.5338785046728972,11558,1
0.5332555425904317,11559,1
0.5326340326340326,11560,1
0.5331781140861467,11561,1
0.5325581395348837,11562,1
0.5319396051103368,11563,1
0.531322505800464,11564,1
0.5307068366164542,11565,1
0.53125,11566,1
0.5317919075144508,11567,1
0.5311778290993071,11568,1
0.5317185697808535,11569,1
0.532258064516129,11570,1
0.5327963176064442,11571,1
0.5333333333333333,11572,1
0.5327210103329506,11573,1
0.533256880733945,11574,1
0.5337915234822451,11575,1
0.5331807780320366,11576,1
0.5325714285714286,11577,1
0.5319634703196348,11578,1
0.5313568985176739,11579,1
0.5318906605922551,11580,1
0.5324232081911263,11581,1
0.5318181818181819,11582,1
0.5323496027241771,11583,1
0.5328798185941043,11584,1
0.5322763306908267,11585,1
0.5328054298642534,11586,1
0.5322033898305085,11587,1
0.5316027088036117,11588,1
0.532130777903044,11589,1
0.5315315315315315,11590,1
0.530933633295838,11591,1
0.5314606741573034,11592,1
0.531986531986532,11593,1
0.531390134529148,11594,1
0.5319148936170213,11595,1
0.5324384787472036,11596,1
0.5329608938547487,11597,1
0.5334821428571429,11598,1
0.5328874024526199,11599,1
0.532293986636971,11600,1
0.5328142380422692,11601,1
0.5322222222222223,11602,1
0.532741398446171,11603,1
0.5332594235033259,11604,1
0.5326688815060908,11605,1
0.5331858407079646,11606,1
0.532596685082873,11607,1
0.5331125827814569,11608,1
0.5325248070562293,11609,1
0.5319383259911894,11610,1
0.5324532453245324,11611,1
0.532967032967033,11612,1
0.5323819978046103,11613,1
0.5328947368421053,11614,1
0.5323110624315444,11615,1
0.5317286652078774,11616,1
0.5311475409836065,11617,1
0.5316593886462883,11618,1
0.5321701199563795,11619,1
0.5315904139433552,11620,1
0.5321001088139282,11621,1
0.5315217391304348,11622,1
0.5309446254071661,11623,1
0.5303687635574837,11624,1
0.5308775731310943,11625,1
0.5313852813852814,11626,1
0.5308108108108108,11627,1
0.5302375809935205,11628,1
0.5307443365695793,11629,1
0.53125,11630,1
0.5317545748116254,11631,1
0.532258064516129,11632,1
0.5327604726100966,11633,1
0.5321888412017167,11634,1
0.5326902465166131,11635,1
0.5321199143468951,11636,1
0.5315508021390374,11637,1
0.530982905982906,11638,1
0.5304162219850587,11639,1
0.5309168443496801,11640,1
0.5303514376996805,11641,1
0.5297872340425532,11642,1
0.5292242295430393,11643,1
0.529723991507431,11644,1
0.5291622481442205,11645,1
0.5296610169491526,11646,1
0.5301587301587302,11647,1
0.5295983086680761,11648,1
0.5300950369588173,11649,1
0.5295358649789029,11650,1
0.530031612223393,11651,1
0.5305263157894737,11652,1
0.5310199789695058,11653,1
0.5315126050420168,11654,1
0.5320041972717734,11655,1
0.5324947589098532,11656,1
0.5319371727748691,11657,1
0.5313807531380753,11658,1
0.5308254963427377,11659,1
0.5313152400835073,11660,1
0.5318039624608968,11661,1
0.53125,11662,1
0.5317377731529657,11663,1
0.5322245322245323,11664,1
0.5327102803738317,11665,1
0.533195020746888,11666,1
0.533678756476684,11667,1
0.5341614906832298,11668,1
0.5346432264736298,11669,1
0.5340909090909091,11670,1
0.5335397316821465,11671,1
0.534020618556701,11672,1
0.5345005149330587,11673,1
0.5339506172839507,11674,1
0.5334018499486125,11675,1
0.5338809034907598,11676,1
0.5343589743589744,11677,1
0.5338114754098361,11678,1
0.534288638689867,11679,1
0.5337423312883436,11680,1
0.533197139938713,11681,1
0.5336734693877551,11682,1
0.5331294597349643,11683,1
0.5336048879837068,11684,1
0.5340793489318413,11685,1
0.5345528455284553,11686,1
0.534010152284264,11687,1
0.5344827586206896,11688,1
0.5349544072948328,11689,1
0.5354251012145749,11690,1
0.5348837209302325,11691,1
0.5353535353535354,11692,1
0.5358224016145308,11693,1
0.5362903225806451,11694,1
0.5357502517623364,11695,1
0.5352112676056338,11696,1
0.5346733668341709,11697,1
0.5341365461847389,11698,1
0.5346038114343029,11699,1
0.5340681362725451,11700,1
0.5345345345345346,11701,1
0.534,11702,1
0.5334665334665335,11703,1
0.5339321357285429,11704,1
0.5343968095712861,11705,1
0.5348605577689243,11706,1
0.5343283582089552,11707,1
0.5347912524850894,11708,1
0.5342601787487586,11709,1
0.5337301587301587,11710,1
0.533201189296333,11711,1
0.5336633663366337,11712,1
0.5341246290801187,11713,1
0.5335968379446641,11714,1
0.5330700888450148,11715,1
0.5325443786982249,11716,1
0.5320197044334976,11717,1
0.531496062992126,11718,1
0.5309734513274337,11719,1
0.5314341846758349,11720,1
0.5318940137389597,11721,1
0.5323529411764706,11722,1
0.5328109696376102,11723,1
0.5332681017612525,11724,1
0.5327468230694037,11725,1
0.533203125,11726,1
0.5336585365853659,11727,1
0.5341130604288499,11728,1
0.5335929892891919,11729,1
0.5340466926070039,11730,1
0.5335276967930029,11731,1
0.5330097087378641,11732,1
0.533462657613967,11733,1
0.5339147286821705,11734,1
0.5343659244917716,11735,1
0.534816247582205,11736,1
0.5352657004830917,11737,1
0.5357142857142857,11738,1
0.5351976856316297,11739,1
0.5346820809248555,11740,1
0.5351299326275265,11741,1
0.5355769230769231,11742,1
0.5360230547550432,11743,1
0.5355086372360844,11744,1
0.535953978906999,11745,1
0.5363984674329502,11746,1
0.5358851674641149,11747,1
0.5363288718929254,11748,1
0.5358166189111748,11749,1
0.5353053435114504,11750,1
0.5357483317445186,11751,1
0.5361904761904762,11752,1
0.5356803044719315,11753,1
0.535171102661597,11754,1
0.5356125356125356,11755,1
0.5360531309297912,11756,1
0.5364928909952607,11757,1
0.5369318181818182,11758,1
0.5364238410596026,11759,1
0.5368620037807184,11760,1
0.5372993389990557,11761,1
0.5377358490566038,11762,1
0.5381715362865221,11763,1
0.5376647834274952,11764,1
0.5380997177798683,11765,1
0.5385338345864662,11766,1
0.5380281690140845,11767,1
0.5384615384615384,11768,1
0.5388940955951266,11769,1
0.5383895131086143,11770,1
0.538821328344247,11771,1
0.5392523364485982,11772,1
0.5387488328664799,11773,1
0.5382462686567164,11774,1
0.5386766076421249,11775,1
0.5381750465549349,11776,1
0.5386046511627907,11777,1
0.5390334572490706,11778,1
0.5394614670380687,11779,1
0.538961038961039,11780,1
0.5384615384615384,11781,1
0.537962962962963,11782,1
0.5374653098982424,11783,1
0.5378927911275416,11784,1
0.5373961218836565,11785,1
0.5378228782287823,11786,1
0.5373271889400921,11787,1
0.5377532228360957,11788,1
0.5372585096596136,11789,1
0.5376838235294118,11790,1
0.5371900826446281,11791,1
0.536697247706422,11792,1
0.537121906507791,11793,1
0.5366300366300366,11794,1
0.5361390667886551,11795,1
0.5365630712979891,11796,1
0.536986301369863,11797,1
0.5364963503649635,11798,1
0.536007292616226,11799,1
0.5364298724954463,11800,1
0.5368516833484986,11801,1
0.5372727272727272,11802,1
0.5367847411444142,11803,1
0.5372050816696915,11804,1
0.5376246600181324,11805,1
0.5380434782608695,11806,1
0.5375565610859728,11807,1
0.5379746835443038,11808,1
0.5374887082204155,11809,1
0.5379061371841155,11810,1
0.5383228133453561,11811,1
0.5378378378378378,11812,1
0.5373537353735374,11813,1
0.5368705035971223,11814,1
0.5372866127583109,11815,1
0.5377019748653501,11816,1
0.537219730941704,11817,1
0.5367383512544803,11818,1
0.5362578334825425,11819,1
0.5366726296958855,11820,1
0.5370866845397676,11821,1
0.5375,11822,1
0.5370205173951829,11823,1
0.5374331550802139,11824,1
0.5378450578806767,11825,1
0.5373665480427047,11826,1
0.5377777777777778,11827,1
0.5373001776198935,11828,1
0.5368234250221828,11829,1
0.5363475177304965,11830,1
0.5358724534986714,11831,1
0.536283185840708,11832,1
0.5358090185676393,11833,1
0.5353356890459364,11834,1
0.5357458075904677,11835,1
0.5361552028218695,11836,1
0.5365638766519824,11837,1
0.5369718309859155,11838,1
0.5364995602462621,11839,1
0.5360281195079086,11840,1
0.5355575065847235,11841,1
0.5359649122807018,11842,1
0.5363716038562665,11843,1
0.5359019264448336,11844,1
0.5363079615048119,11845,1
0.5358391608391608,11846,1
0.5362445414847161,11847,1
0.5357766143106457,11848,1
0.5361813426329556,11849,1
0.5357142857142857,11850,1
0.5352480417754569,11851,1
0.5347826086956522,11852,1
0.5351867940920938,11853,1
0.5355902777777778,11854,1
0.5351257588898526,11855,1
0.5355285961871751,11856,1
0.535064935064935,11857,1
0.5354671280276817,11858,1
0.5350043215211755,11859,1
0.5354058721934369,11860,1
0.5358067299396031,11861,1
0.5353448275862069,11862,1
0.5348837209302325,11863,1
0.5352839931153184,11864,1
0.5356835769561479,11865,1
0.5360824742268041,11866,1
0.5364806866952789,11867,1
0.5360205831903945,11868,1
0.5355612682090831,11869,1
0.5351027397260274,11870,1
0.5355004277159966,11871,1
0.535042735042735,11872,1
0.5354397950469684,11873,1
0.5358361774744027,11874,1
0.5353793691389599,11875,1
0.5357751277683135,11876,1
0.5361702127659574,11877,1
0.5357142857142857,11878,1
0.536108751062022,11879,1
0.5365025466893039,11880,1
0.5368956743002544,11881,1
0.5372881355932203,11882,1
0.5376799322607959,11883,1
0.5380710659898477,11884,1
0.5376162299239222,11885,1
0.5380067567567568,11886,1
0.5383966244725739,11887,1
0.5379426644182125,11888,1
0.5383319292333614,11889,1
0.5378787878787878,11890,1
0.5374264087468461,11891,1
0.5369747899159664,11892,1
0.5365239294710328,11893,1
0.5360738255033557,11894,1
0.5364626990779547,11895,1
0.5360134003350083,11896,1
0.5364016736401673,11897,1
0.5367892976588629,11898,1
0.5371762740183793,11899,1
0.5375626043405676,11900,1
0.5371142618849041,11901,1
0.5375,11902,1
0.537052456286428,11903,1
0.5374376039933444,11904,1
0.5378221113881961,11905,1
0.5373754152823921,11906,1
0.5369294605809128,11907,1
0.5364842454394693,11908,1
0.5368682684341343,11909,1
0.5372516556291391,11910,1
0.5368072787427626,11911,1
0.5371900826446281,11912,1
0.5367464905037159,11913,1
0.5363036303630363,11914,1
0.5366859027205276,11915,1
0.5362438220757826,11916,1
0.5366255144032922,11917,1
0.5370065789473685,11918,1
0.5365653245686114,11919,1
0.5361247947454844,11920,1
0.5365053322395406,11921,1
0.5360655737704918,11922,1
0.5364455364455365,11923,1
0.5360065466448445,11924,1
0.5363859362224039,11925,1
0.5367647058823529,11926,1
0.5363265306122449,11927,1
0.535889070146819,11928,1
0.5362673186634067,11929,1
0.5366449511400652,11930,1
0.5370219690805533,11931,1
0.5373983739837398,11932,1
0.537774167343623,11933,1
0.5381493506493507,11934,1
0.537712895377129,11935,1
0.5372771474878444,11936,1
0.5368421052631579,11937,1
0.5372168284789643,11938,1
0.5375909458367018,11939,1
0.537156704361874,11940,1
0.536723163841808,11941,1
0.5370967741935484,11942,1
0.5366639806607575,11943,1
0.5362318840579711,11944,1
0.5366049879324215,11945,1
0.5369774919614148,11946,1
0.5373493975903615,11947,1
0.5377207062600321,11948,1
0.53728949478749,11949,1
0.5376602564102564,11950,1
0.5372297838270617,11951,1
0.5376,11952,1
0.5379696243005595,11953,1
0.5383386581469649,11954,1
0.5379090183559457,11955,1
0.5382775119617225,11956,1
0.5386454183266932,11957,1
0.5382165605095541,11958,1
0.5377883850437549,11959,1
0.5381558028616852,11960,1
0.5385226370135028,11961,1
0.5380952380952381,11962,1
0.5376685170499603,11963,1
0.5380348652931854,11964,1
0.5376088677751386,11965,1
0.5371835443037974,11966,1
0.5367588932806324,11967,1
0.5363349131121643,11968,1
0.5367008681925809,11969,1
0.5429616087751371,12517,1
0.541970802919708,12518,1
0.5428051001821493,12519,1
0.5418181818181819,12520,1
0.5408348457350273,12521,1
0.5398550724637681,12522,1
0.5406871609403255,12523,1
0.5397111913357401,12524,1
0.5387387387387388,12525,1
0.5377697841726619,12526,1
0.5385996409335727,12527,1
0.5394265232974911,12528,1
0.5384615384615384,12529,1
0.5392857142857143,12530,1
0.5401069518716578,12531,1
0.5391459074733096,12532,1
0.5399644760213144,12533,1
0.5390070921985816,12534,1
0.5380530973451327,12535,1
0.5371024734982333,12536,1
0.5361552028218695,12537,1
0.5369718309859155,12538,1
0.5360281195079086,12539,1
0.5368421052631579,12540,1
0.5359019264448336,12541,1
0.534965034965035,12542,1
0.5357766143106457,12543,1
0.5348432055749129,12544,1
0.5356521739130434,12545,1
0.5364583333333334,12546,1
0.5355285961871751,12547,1
0.5363321799307958,12548,1
0.5371329879101899,12549,1
0.5379310344827586,12550,1
0.5387263339070568,12551,1
0.5395189003436426,12552,1
0.5385934819897084,12553,1
0.5376712328767124,12554,1
0.5384615384615384,12555,1
0.537542662116041,12556,1
0.5366269165247018,12557,1
0.5357142857142857,12558,1
0.534804753820034,12559,1
0.5338983050847458,12560,1
0.5346869712351946,12561,1
0.535472972972973,12562,1
0.5362563237774031,12563,1
0.5370370370370371,12564,1
0.5378151260504201,12565,1
0.5385906040268457,12566,1
0.5393634840871022,12567,1
0.540133779264214,12568,1
0.5409015025041736,12569,1
0.5416666666666666,12570,1
0.540765391014975,12571,1
0.5398671096345515,12572,1
0.538971807628524,12573,1
0.5380794701986755,12574,1
0.5388429752066116,12575,1
0.5396039603960396,12576,1
0.5403624382207578,12577,1
0.5394736842105263,12578,1
0.5385878489326765,12579,1
0.5377049180327869,12580,1
0.5384615384615384,12581,1
0.5392156862745098,12582,1
0.5399673735725938,12583,1
0.5390879478827362,12584,1
0.5398373983739837,12585,1
0.5405844155844156,12586,1
0.539708265802269,12587,1
0.540453074433657,12588,1
0.5395799676898223,12589,1
0.5403225806451613,12590,1
0.5410628019323671,12591,1
0.5401929260450161,12592,1
0.5409309791332263,12593,1
0.5416666666666666,12594,1
0.5408,12595,1
0.5415335463258786,12596,1
0.5422647527910686,12597,1
0.5429936305732485,12598,1
0.5437201907790143,12599,1
0.5444444444444444,12600,1
0.5451664025356577,12601,1
0.5443037974683544,12602,1
0.5434439178515008,12603,1
0.5425867507886435,12604,1
0.5433070866141733,12605,1
0.5424528301886793,12606,1
0.5416012558869702,12607,1
0.5407523510971787,12608,1
0.5414710485133021,12609,1
0.540625,12610,1
0.5397815912636506,12611,1
0.5404984423676013,12612,1
0.5412130637636081,12613,1
0.5403726708074534,12614,1
0.5395348837209303,12615,1
0.5386996904024768,12616,1
0.5394126738794436,12617,1
0.5401234567901234,12618,1
0.5408320493066255,12619,1
0.54,12620,1
0.5391705069124424,12621,1
0.5398773006134969,12622,1
0.5405819295558959,12623,1
0.5412844036697247,12624,1
0.5404580152671755,12625,1
0.5396341463414634,12626,1
0.5388127853881278,12627,1
0.5395136778115501,12628,1
0.5386949924127465,12629,1
0.5378787878787878,12630,1
0.5385779122541604,12631,1
0.5377643504531722,12632,1
0.5369532428355958,12633,1
0.536144578313253,12634,1
0.5353383458646617,12635,1
0.5345345345345346,12636,1
0.5352323838080959,12637,1
0.5359281437125748,12638,1
0.5366218236173393,12639,1
0.5373134328358209,12640,1
0.5365126676602087,12641,1
0.5357142857142857,12642,1
0.5364041604754829,12643,1
0.5370919881305638,12644,1
0.5362962962962963,12645,1
0.5369822485207101,12646,1
0.5361890694239291,12647,1
0.5368731563421829,12648,1
0.5360824742268041,12649,1
0.5352941176470588,12650,1
0.5359765051395007,12651,1
0.5351906158357771,12652,1
0.5358711566617862,12653,1
0.5365497076023392,12654,1
0.5372262773722628,12655,1
0.5364431486880467,12656,1
0.537117903930131,12657,1
0.5377906976744186,12658,1
0.5370101596516691,12659,1
0.5376811594202898,12660,1
0.5383502170767004,12661,1
0.5390173410404624,12662,1
0.5396825396825397,12663,1
0.5389048991354467,12664,1
0.539568345323741,12665,1
0.5402298850574713,12666,1
0.5408895265423243,12667,1
0.5401146131805158,12668,1
0.5393419170243204,12669,1
0.5385714285714286,12670,1
0.5378031383737518,12671,1
0.5370370370370371,12672,1
0.5376955903271693,12673,1
0.5383522727272727,12674,1
0.5375886524822695,12675,1
0.5368271954674221,12676,1
0.536067892503536,12677,1
0.5353107344632768,12678,1
0.535966149506347,12679,1
0.5366197183098591,12680,1
0.5372714486638537,12681,1
0.5379213483146067,12682,1
0.5385694249649369,12683,1
0.5392156862745098,12684,1
0.5384615384615384,12685,1
0.5391061452513967,12686,1
0.5397489539748954,12687,1
0.5389972144846796,12688,1
0.5396383866481224,12689,1
0.5402777777777777,12690,1
0.5409153952843273,12691,1
0.5415512465373962,12692,1
0.5421853388658368,12693,1
0.5428176795580111,12694,1
0.5420689655172414,12695,1
0.5413223140495868,12696,1
0.5419532324621733,12697,1
0.5425824175824175,12698,1
0.541838134430727,12699,1
0.5424657534246575,12700,1
0.5417236662106704,12701,1
0.5409836065573771,12702,1
0.5416098226466576,12703,1
0.5422343324250681,12704,1
0.5428571428571428,12705,1
0.5421195652173914,12706,1
0.5413839891451832,12707,1
0.540650406504065,12708,1
0.5412719891745602,12709,1
0.5405405405405406,12710,1
0.5398110661268556,12711,1
0.5390835579514824,12712,1
0.5397039030955586,12713,1
0.5403225806451613,12714,1
0.5409395973154363,12715,1
0.5415549597855228,12716,1
0.5408299866131191,12717,1
0.5414438502673797,12718,1
0.5420560747663551,12719,1
0.5413333333333333,12720,1
0.5419440745672437,12721,1
0.5425531914893617,12722,1
0.5431606905710491,12723,1
0.5424403183023873,12724,1
0.543046357615894,12725,1
0.5423280423280423,12726,1
0.5429326287978864,12727,1
0.5435356200527705,12728,1
0.5428194993412385,12729,1
0.5434210526315789,12730,1
0.5427069645203679,12731,1
0.5433070866141733,12732,1
0.5439056356487549,12733,1
0.5445026178010471,12734,1
0.5437908496732026,12735,1
0.5443864229765013,12736,1
0.5449804432855281,12737,1
0.5455729166666666,12738,1
0.5461638491547465,12739,1
0.5467532467532468,12740,1
0.5460440985732814,12741,1
0.5453367875647669,12742,1
0.5446313065976714,12743,1
0.5439276485788114,12744,1
0.5432258064516129,12745,1
0.5425257731958762,12746,1
0.5431145431145431,12747,1
0.5424164524421594,12748,1
0.5417201540436457,12749,1
0.541025641025641,12750,1
0.5403329065300896,12751,1
0.5396419437340153,12752,1
0.5389527458492975,12753,1
0.5382653061224489,12754,1
0.5375796178343949,12755,1
0.5381679389312977,12756,1
0.5374841168996188,12757,1
0.5368020304568528,12758,1
0.5361216730038023,12759,1
0.5367088607594936,12760,1
0.5372945638432364,12761,1
0.5366161616161617,12762,1
0.5359394703656999,12763,1
0.535264483627204,12764,1
0.5345911949685535,12765,1
0.5339195979899497,12766,1
0.533249686323714,12767,1
0.5325814536340853,12768,1
0.5319148936170213,12769,1
0.5325,12770,1
0.533083645443196,12771,1
0.5336658354114713,12772,1
0.5342465753424658,12773,1
0.5348258706467661,12774,1
0.5341614906832298,12775,1
0.5347394540942928,12776,1
0.5340768277571252,12777,1
0.5334158415841584,12778,1
0.5327564894932015,12779,1
0.5320987654320988,12780,1
0.531442663378545,12781,1
0.5320197044334976,12782,1
0.5313653136531366,12783,1
0.5319410319410319,12784,1
0.5325153374233129,12785,1
0.5318627450980392,12786,1
0.5312117503059975,12787,1
0.5317848410757946,12788,1
0.5311355311355311,12789,1
0.5317073170731708,12790,1
0.5310596833130329,12791,1
0.5316301703163017,12792,1
0.5321992709599028,12793,1
0.5327669902912622,12794,1
0.5321212121212121,12795,1
0.5326876513317191,12796,1
0.532043530834341,12797,1
0.5314009661835749,12798,1
0.5307599517490953,12799,1
0.5313253012048192,12800,1
0.5306859205776173,12801,1
0.5300480769230769,12802,1
0.5294117647058824,12803,1
0.5287769784172662,12804,1
0.5293413173652695,12805,1
0.5299043062200957,12806,1
0.5292712066905615,12807,1
0.5298329355608592,12808,1
0.5292014302741359,12809,1
0.5297619047619048,12810,1
0.5291319857312723,12811,1
0.5296912114014252,12812,1
0.5290628706998813,12813,1
0.5284360189573459,12814,1
0.527810650887574,12815,1
0.5271867612293144,12816,1
0.5277449822904369,12817,1
0.527122641509434,12818,1
0.5276796230859835,12819,1
0.528235294117647,12820,1
0.5287896592244419,12821,1
0.528169014084507,12822,1
0.5287221570926143,12823,1
0.5292740046838408,12824,1
0.5286549707602339,12825,1
0.5292056074766355,12826,1
0.5297549591598599,12827,1
0.5291375291375291,12828,1
0.529685681024447,12829,1
0.5290697674418605,12830,1
0.5296167247386759,12831,1
0.5290023201856149,12832,1
0.5283893395133256,12833,1
0.5289351851851852,12834,1
0.5283236994219653,12835,1
0.5288683602771362,12836,1
0.5294117647058824,12837,1
0.5299539170506913,12838,1
0.5304948216340621,12839,1
0.5298850574712644,12840,1
0.5304247990815155,12841,1
0.5298165137614679,12842,1
0.5303550973654066,12843,1
0.5297482837528604,12844,1
0.5302857142857142,12845,1
0.5308219178082192,12846,1
0.5313568985176739,12847,1
0.5318906605922551,12848,1
0.5312855517633674,12849,1
0.5318181818181819,12850,1
0.5312145289443814,12851,1
0.5306122448979592,12852,1
0.5311438278595696,12853,1
0.5316742081447964,12854,1
0.5322033898305085,12855,1
0.5316027088036117,12856,1
0.532130777903044,12857,1
0.5326576576576577,12858,1
0.532058492688414,12859,1
0.5325842696629214,12860,1
0.531986531986532,12861,1
0.5325112107623319,12862,1
0.5319148936170213,12863,1
0.5324384787472036,12864,1
0.5329608938547487,12865,1
0.5323660714285714,12866,1
0.5317725752508361,12867,1
0.5311804008908686,12868,1
0.5305895439377085,12869,1
0.53,12870,1
0.5294117647058824,12871,1
0.5299334811529933,12872,1
0.5293466223698782,12873,1
0.5298672566371682,12874,1
0.5303867403314917,12875,1
0.5309050772626932,12876,1
0.5314222712238148,12877,1
0.5319383259911894,12878,1
0.5324532453245324,12879,1
0.5318681318681319,12880,1
0.531284302963776,12881,1
0.5307017543859649,12882,1
0.5312157721796276,12883,1
0.5306345733041575,12884,1
0.5311475409836065,12885,1
0.5316593886462883,12886,1
0.5321701199563795,12887,1
0.5315904139433552,12888,1
0.5310119695321001,12889,1
0.5315217391304348,12890,1
0.5320304017372421,12891,1
0.5325379609544468,12892,1
0.5330444203683641,12893,1
0.5335497835497836,12894,1
0.534054054054054,12895,1
0.5334773218142549,12896,1
0.5329018338727076,12897,1
0.5334051724137931,12898,1
0.5339074273412271,12899,1
0.5333333333333333,12900,1
0.5327604726100966,12901,1
0.5332618025751072,12902,1
0.5337620578778135,12903,1
0.5342612419700214,12904,1
0.5336898395721925,12905,1
0.5331196581196581,12906,1
0.5336179295624333,12907,1
0.5341151385927505,12908,1
0.5335463258785943,12909,1
0.5329787234042553,12910,1
0.5324123273113709,12911,1
0.5318471337579618,12912,1
0.5323435843054083,12913,1
0.5317796610169492,12914,1
0.5322751322751322,12915,1
0.5317124735729387,12916,1
0.5311510031678986,12917,1
0.5316455696202531,12918,1
0.5321390937829295,12919,1
0.5326315789473685,12920,1
0.5331230283911672,12921,1
0.5336134453781513,12922,1
0.5330535152151101,12923,1
0.5324947589098532,12924,1
0.5329842931937173,12925,1
0.5334728033472803,12926,1
0.5329153605015674,12927,1
0.5323590814196242,12928,1
0.5318039624608968,12929,1
0.53125,12930,1
0.5306971904266389,12931,1
0.5311850311850311,12932,1
0.5316718587746625,12933,1
0.5321576763485477,12934,1
0.5326424870466321,12935,1
0.5331262939958592,12936,1
0.5336091003102379,12937,1
0.5330578512396694,12938,1
0.5335397316821465,12939,1
0.534020618556701,12940,1
0.5345005149330587,12941,1
0.5339506172839507,12942,1
0.5334018499486125,12943,1
0.5328542094455853,12944,1
0.5323076923076923,12945,1
0.5317622950819673,12946,1
0.5322415557830092,12947,1
0.5316973415132924,12948,1
0.5321756894790602,12949,1
0.5326530612244897,12950,1
0.5331294597349643,12951,1
0.5336048879837068,12952,1
0.5340793489318413,12953,1
0.5345528455284553,12954,1
0.5350253807106599,12955,1
0.5354969574036511,12956,1
0.53596757852077,12957,1
0.5354251012145749,12958,1
0.5358948432760364,12959,1
0.5353535353535354,12960,1
0.5348133198789102,12961,1
0.5342741935483871,12962,1
0.5347432024169184,12963,1
0.5352112676056338,12964,1
0.5346733668341709,12965,1
0.5341365461847389,12966,1
0.5346038114343029,12967,1
0.5350701402805611,12968,1
0.5355355355355356,12969,1
0.536,12970,1
0.5364635364635365,12971,1
0.5369261477045908,12972,1
0.5363908275174477,12973,1
0.5368525896414342,12974,1
0.5373134328358209,12975,1
0.536779324055666,12976,1
0.5372393247269116,12977,1
0.5376984126984127,12978,1
0.5371655104063429,12979,1
0.5366336633663367,12980,1
0.5361028684470821,12981,1
0.5355731225296443,12982,1
0.5360315893385982,12983,1
0.5355029585798816,12984,1
0.5349753694581281,12985,1
0.5344488188976378,12986,1
0.5339233038348082,12987,1
0.5343811394891945,12988,1
0.534838076545633,12989,1
0.5352941176470588,12990,1
0.534769833496572,12991,1
0.5352250489236791,12992,1
0.5356793743890518,12993,1
0.53515625,12994,1
0.5346341463414634,12995,1
0.5341130604288499,12996,1
0.5345666991236612,12997,1
0.5340466926070039,12998,1
0.5335276967930029,12999,1
0.5339805825242718,13000,1
0.533462657613967,13001,1
0.5339147286821705,13002,1
0.5333978702807357,13003,1
0.5338491295938105,13004,1
0.5342995169082125,13005,1
0.5347490347490348,13006,1
0.5342333654773385,13007,1
0.5337186897880539,13008,1
0.534167468719923,13009,1
0.5346153846153846,13010,1
0.5350624399615754,13011,1
0.5355086372360844,13012,1
0.535953978906999,13013,1
0.5363984674329502,13014,1
0.5368421052631579,13015,1
0.5372848948374761,13016,1
0.5377268385864374,13017,1
0.5381679389312977,13018,1
0.5376549094375596,13019,1
0.5380952380952381,13020,1
0.5375832540437678,13021,1
0.5380228136882129,13022,1
0.5375118708452041,13023,1
0.5379506641366224,13024,1
0.5374407582938389,13025,1
0.5369318181818182,13026,1
0.5364238410596026,13027,1
0.5359168241965974,13028,1
0.5354107648725213,13029,1
0.5349056603773585,13030,1
0.53440150801131,13031,1
0.5338983050847458,13032,1
0.5343367826904986,13033,1
0.5338345864661654,13034,1
0.5342723004694836,13035,1
0.5337711069418386,13036,1
0.5332708528584817,13037,1
0.5337078651685393,13038,1
0.5341440598690365,13039,1
0.5345794392523364,13040,1
0.5350140056022409,13041,1
0.5345149253731343,13042,1
0.5340167753960857,13043,1
0.5335195530726257,13044,1
0.5330232558139535,13045,1
0.5325278810408922,13046,1
0.5329619312906221,13047,1
0.5333951762523191,13048,1
0.5329008341056534,13049,1
0.5333333333333333,13050,1
0.5328399629972248,13051,1
0.5204545454545455,13492,1
0.5192743764172335,13493,1
0.5203619909502263,13494,1
0.5214446952595937,13495,1
0.5225225225225225,13496,1
0.5235955056179775,13497,1
0.5224215246636771,13498,1
0.5234899328859061,13499,1
0.5245535714285714,13500,1
0.5256124721603563,13501,1
0.5266666666666666,13502,1
0.5254988913525499,13503,1
0.5243362831858407,13504,1
0.5231788079470199,13505,1
0.5242290748898678,13506,1
0.5230769230769231,13507,1
0.5241228070175439,13508,1
0.5229759299781181,13509,1
0.5218340611353712,13510,1
0.5206971677559913,13511,1
0.5195652173913043,13512,1
0.5206073752711496,13513,1
0.5216450216450217,13514,1
0.5205183585313174,13515,1
0.5193965517241379,13516,1
0.5182795698924731,13517,1
0.5171673819742489,13518,1
0.5182012847965739,13519,1
0.5192307692307693,13520,1
0.5202558635394456,13521,1
0.5191489361702127,13522,1
0.5201698513800425,13523,1
0.5211864406779662,13524,1
0.5221987315010571,13525,1
0.5210970464135021,13526,1
0.52,13527,1
0.5210084033613446,13528,1
0.5220125786163522,13529,1
0.5209205020920502,13530,1
0.5219206680584552,13531,1
0.5208333333333334,13532,1
0.5197505197505198,13533,1
0.520746887966805,13534,1
0.5217391304347826,13535,1
0.5206611570247934,13536,1
0.5216494845360825,13537,1
0.522633744855967,13538,1
0.5215605749486653,13539,1
0.5225409836065574,13540,1
0.5214723926380368,13541,1
0.5224489795918368,13542,1
0.5234215885947047,13543,1
0.5223577235772358,13544,1
0.5233265720081136,13545,1
0.5222672064777328,13546,1
0.5232323232323233,13547,1
0.5241935483870968,13548,1
0.5251509054325956,13549,1
0.5261044176706827,13550,1
0.5270541082164328,13551,1
0.528,13552,1
0.5289421157684631,13553,1
0.5298804780876494,13554,1
0.5308151093439364,13555,1
0.5297619047619048,13556,1
0.5287128712871287,13557,1
0.5276679841897233,13558,1
0.5266272189349113,13559,1
0.5275590551181102,13560,1
0.5284872298624754,13561,1
0.5274509803921569,13562,1
0.5264187866927593,13563,1
0.52734375,13564,1
0.5282651072124757,13565,1
0.5291828793774319,13566,1
0.5281553398058253,13567,1
0.5271317829457365,13568,1
0.528046421663443,13569,1
0.528957528957529,13570,1
0.5298651252408478,13571,1
0.5288461538461539,13572,1
0.5297504798464492,13573,1
0.5306513409961686,13574,1
0.5315487571701721,13575,1
0.5305343511450382,13576,1
0.5295238095238095,13577,1
0.5285171102661597,13578,1
0.5275142314990512,13579,1
0.5284090909090909,13580,1
0.5293005671077504,13581,1
0.530188679245283,13582,1
0.5291902071563088,13583,1
0.5300751879699248,13584,1
0.5309568480300187,13585,1
0.5299625468164794,13586,1
0.5308411214953271,13587,1
0.5298507462686567,13588,1
0.5307262569832403,13589,1
0.5315985130111525,13590,1
0.5324675324675324,13591,1
0.5333333333333333,13592,1
0.5341959334565619,13593,1
0.5350553505535055,13594,1
0.5340699815837937,13595,1
0.5349264705882353,13596,1
0.5339449541284403,13597,1
0.5347985347985348,13598,1
0.5356489945155393,13599,1
0.5346715328467153,13600,1
0.5336976320582878,13601,1
0.5327272727272727,13602,1
0.5317604355716878,13603,1
0.5307971014492754,13604,1
0.5298372513562387,13605,1
0.5306859205776173,13606,1
0.5315315315315315,13607,1
0.5305755395683454,13608,1
0.5314183123877917,13609,1
0.5304659498207885,13610,1
0.5295169946332737,13611,1
0.5303571428571429,13612,1
0.5311942959001783,13613,1
0.5302491103202847,13614,1
0.5293072824156305,13615,1
0.5283687943262412,13616,1
0.5292035398230088,13617,1
0.5282685512367491,13618,1
0.5291005291005291,13619,1
0.528169014084507,13620,1
0.5289982425307557,13621,1
0.5280701754385965,13622,1
0.5288966725043783,13623,1
0.5297202797202797,13624,1
0.5305410122164049,13625,1
0.5313588850174216,13626,1
0.5304347826086957,13627,1
0.5295138888888888,13628,1
0.5303292894280762,13629,1
0.5311418685121108,13630,1
0.5302245250431779,13631,1
0.5293103448275862,13632,1
0.5283993115318416,13633,1
0.5274914089347079,13634,1
0.5265866209262435,13635,1
0.5256849315068494,13636,1
0.5247863247863248,13637,1
0.5255972696245734,13638,1
0.5264054514480409,13639,1
0.5255102040816326,13640,1
0.5263157894736842,13641,1
0.5254237288135594,13642,1
0.5262267343485617,13643,1
0.527027027027027,13644,1
0.5261382799325464,13645,1
0.5269360269360269,13646,1
0.5277310924369748,13647,1
0.5268456375838926,13648,1
0.5276381909547738,13649,1
0.5284280936454849,13650,1
0.5292153589315526,13651,1
0.53,13652,1
0.5291181364392679,13653,1
0.5282392026578073,13654,1
0.527363184079602,13655,1
0.5264900662251656,13656,1
0.5272727272727272,13657,1
0.5264026402640264,13658,1
0.5271828665568369,13659,1
0.5263157894736842,13660,1
0.5254515599343186,13661,1
0.5245901639344263,13662,1
0.5237315875613748,13663,1
0.5245098039215687,13664,1
0.5236541598694943,13665,1
0.5244299674267101,13666,1
0.5252032520325203,13667,1
0.5243506493506493,13668,1
0.5235008103727715,13669,1
0.5226537216828478,13670,1
0.5218093699515347,13671,1
0.5225806451612903,13672,1
0.5217391304347826,13673,1
0.522508038585209,13674,1
0.521669341894061,13675,1
0.5208333333333334,13676,1
0.52,13677,1
0.5207667731629393,13678,1
0.5215311004784688,13679,1
0.5222929936305732,13680,1
0.5230524642289348,13681,1
0.5222222222222223,13682,1
0.5213946117274167,13683,1
0.5221518987341772,13684,1
0.5213270142180095,13685,1
0.5220820189274448,13686,1
0.521259842519685,13687,1
0.5204402515723271,13688,1
0.5196232339089482,13689,1
0.5203761755485894,13690,1
0.5195618153364632,13691,1
0.51875,13692,1
0.5195007800312013,13693,1
0.5202492211838006,13694,1
0.5194401244167963,13695,1
0.5201863354037267,13696,1
0.5193798449612403,13697,1
0.5201238390092879,13698,1
0.5193199381761978,13699,1
0.5200617283950617,13700,1
0.5192604006163328,13701,1
0.5184615384615384,13702,1
0.5176651305683564,13703,1
0.5168711656441718,13704,1
0.5160796324655437,13705,1
0.5168195718654435,13706,1
0.517557251908397,13707,1
0.5182926829268293,13708,1
0.5190258751902588,13709,1
0.5197568389057751,13710,1
0.5204855842185129,13711,1
0.5196969696969697,13712,1
0.5204236006051437,13713,1
0.5196374622356495,13714,1
0.5188536953242836,13715,1
0.5180722891566265,13716,1
0.518796992481203,13717,1
0.5195195195195195,13718,1
0.52023988005997,13719,1
0.5209580838323353,13720,1
0.5216741405082213,13721,1
0.5223880597014925,13722,1
0.5216095380029806,13723,1
0.5208333333333334,13724,1
0.5200594353640416,13725,1
0.5207715133531158,13726,1
0.52,13727,1
0.5192307692307693,13728,1
0.5199409158050221,13729,1
0.5191740412979351,13730,1
0.5198821796759941,13731,1
0.5191176470588236,13732,1
0.5183553597650514,13733,1
0.5190615835777126,13734,1
0.5183016105417276,13735,1
0.5190058479532164,13736,1
0.5197080291970803,13737,1
0.5189504373177842,13738,1
0.5181950509461426,13739,1
0.5188953488372093,13740,1
0.5195936139332366,13741,1
0.5202898550724637,13742,1
0.5209840810419681,13743,1
0.5216763005780347,13744,1
0.5223665223665224,13745,1
0.5230547550432276,13746,1
0.5237410071942447,13747,1
0.5244252873563219,13748,1
0.5251076040172167,13749,1
0.5257879656160458,13750,1
0.525035765379113,13751,1
0.5242857142857142,13752,1
0.5235378031383737,13753,1
0.5242165242165242,13754,1
0.5234708392603129,13755,1
0.5241477272727273,13756,1
0.5234042553191489,13757,1
0.5226628895184136,13758,1
0.5233380480905233,13759,1
0.5225988700564972,13760,1
0.5218617771509168,13761,1
0.5211267605633803,13762,1
0.5203938115330521,13763,1
0.5210674157303371,13764,1
0.5217391304347826,13765,1
0.5210084033613446,13766,1
0.5202797202797202,13767,1
0.520949720670391,13768,1
0.5202231520223152,13769,1
0.520891364902507,13770,1
0.521557719054242,13771,1
0.5208333333333334,13772,1
0.521497919556172,13773,1
0.5207756232686981,13774,1
0.5200553250345782,13775,1
0.5207182320441989,13776,1
0.52,13777,1
0.5206611570247934,13778,1
0.5199449793672627,13779,1
0.5192307692307693,13780,1
0.5198902606310014,13781,1
0.5205479452054794,13782,1
0.521203830369357,13783,1
0.5218579234972678,13784,1
0.5225102319236017,13785,1
0.5231607629427792,13786,1
0.5238095238095238,13787,1
0.5244565217391305,13788,1
0.5237449118046132,13789,1
0.524390243902439,13790,1
0.5250338294993234,13791,1
0.5256756756756756,13792,1
0.5263157894736842,13793,1
0.5256064690026954,13794,1
0.5248990578734859,13795,1
0.5241935483870968,13796,1
0.5234899328859061,13797,1
0.5241286863270778,13798,1
0.5247657295850067,13799,1
0.5254010695187166,13800,1
0.5246995994659546,13801,1
0.5253333333333333,13802,1
0.525965379494008,13803,1
0.5252659574468085,13804,1
0.5258964143426295,13805,1
0.5251989389920424,13806,1
0.5245033112582781,13807,1
0.5238095238095238,13808,1
0.52443857331572,13809,1
0.5237467018469657,13810,1
0.5230566534914362,13811,1
0.5223684210526316,13812,1
0.5229960578186597,13813,1
0.5236220472440944,13814,1
0.5242463958060288,13815,1
0.524869109947644,13816,1
0.5241830065359477,13817,1
0.5248041775456919,13818,1
0.5241199478487614,13819,1
0.5234375,13820,1
0.5240572171651495,13821,1
0.5246753246753246,13822,1
0.5252918287937743,13823,1
0.5259067357512953,13824,1
0.5252263906856404,13825,1
0.5258397932816538,13826,1
0.5251612903225806,13827,1
0.5257731958762887,13828,1
0.5263835263835264,13829,1
0.5269922879177378,13830,1
0.527599486521181,13831,1
0.5282051282051282,13832,1
0.528809218950064,13833,1
0.5281329923273658,13834,1
0.5287356321839081,13835,1
0.5280612244897959,13836,1
0.5286624203821656,13837,1
0.5292620865139949,13838,1
0.5285895806861499,13839,1
0.5279187817258884,13840,1
0.5272496831432193,13841,1
0.5265822784810127,13842,1
0.527180783817952,13843,1
0.5277777777777778,13844,1
0.5283732660781841,13845,1
0.5289672544080605,13846,1
0.5283018867924528,13847,1
0.5288944723618091,13848,1
0.5294855708908407,13849,1
0.5288220551378446,13850,1
0.5281602002503129,13851,1
0.52875,13852,1
0.529338327091136,13853,1
0.5286783042394015,13854,1
0.5292652552926526,13855,1
0.5298507462686567,13856,1
0.529192546583851,13857,1
0.5297766749379652,13858,1
0.5291201982651796,13859,1
0.5284653465346535,13860,1
0.5290482076637825,13861,1
0.528395061728395,13862,1
0.5277435265104808,13863,1
0.5283251231527094,13864,1
0.5276752767527675,13865,1
0.5282555282555282,13866,1
0.5288343558282208,13867,1
0.5281862745098039,13868,1
0.5287637698898409,13869,1
0.5281173594132029,13870,1
0.5274725274725275,13871,1
0.5280487804878049,13872,1
0.5286236297198539,13873,1
0.5279805352798054,13874,1
0.5273390036452005,13875,1
0.5279126213592233,13876,1
0.5284848484848484,13877,1
0.5278450363196125,13878,1
0.5272067714631197,13879,1
0.5265700483091788,13880,1
0.525934861278649,13881,1
0.5265060240963856,13882,1
0.5258724428399518,13883,1
0.5264423076923077,13884,1
0.5270108043217286,13885,1
0.5275779376498801,13886,1
0.5281437125748503,13887,1
0.5287081339712919,13888,1
0.5292712066905615,13889,1
0.5298329355608592,13890,1
0.5303933253873659,13891,1
0.5297619047619048,13892,1
0.5291319857312723,13893,1
0.5296912114014252,13894,1
0.5302491103202847,13895,1
0.5308056872037915,13896,1
0.5301775147928994,13897,1
0.5295508274231678,13898,1
0.5289256198347108,13899,1
0.5294811320754716,13900,1
0.5288574793875147,13901,1
0.5294117647058824,13902,1
0.5299647473560517,13903,1
0.5293427230046949,13904,1
0.52989449003517,13905,1
0.5304449648711944,13906,1
0.5309941520467836,13907,1
0.5315420560747663,13908,1
0.5309218203033839,13909,1
0.5314685314685315,13910,1
0.5320139697322468,13911,1
0.5313953488372093,13912,1
0.5319396051103368,13913,1
0.5324825986078886,13914,1
0.5330243337195828,13915,1
0.5335648148148148,13916,1
0.5329479768786127,13917,1
0.5323325635103926,13918,1
0.532871972318339,13919,1
0.5547112462006079,14578,1
0.5553869499241275,14579,1
0.556060606060606,14580,1
0.5552193645990923,14581,1
0.5558912386706949,14582,1
0.555052790346908,14583,1
0.5557228915662651,14584,1
0.5548872180451128,14585,1
0.5540540540540541,14586,1
0.553223388305847,14587,1
0.5538922155688623,14588,1
0.5530642750373692,14589,1
0.5522388059701493,14590,1
0.5514157973174366,14591,1
0.5505952380952381,14592,1
0.549777117384844,14593,1
0.5504451038575667,14594,1
0.5496296296296296,14595,1
0.5502958579881657,14596,1
0.5494830132939439,14597,1
0.5486725663716814,14598,1
0.5478645066273933,14599,1
0.5485294117647059,14600,1
0.5477239353891337,14601,1
0.5483870967741935,14602,1
0.5475841874084919,14603,1
0.5482456140350878,14604,1
0.5474452554744526,14605,1
0.5481049562682215,14606,1
0.5473071324599709,14607,1
0.5479651162790697,14608,1
0.548621190130624,14609,1
0.5478260869565217,14610,1
0.5470332850940666,14611,1
0.5476878612716763,14612,1
0.5483405483405484,14613,1
0.5489913544668588,14614,1
0.5482014388489208,14615,1
0.5488505747126436,14616,1
0.5480631276901005,14617,1
0.5472779369627507,14618,1
0.547925608011445,14619,1
0.5485714285714286,14620,1
0.5492154065620543,14621,1
0.5484330484330484,14622,1
0.5490753911806543,14623,1
0.5497159090909091,14624,1
0.548936170212766,14625,1
0.5495750708215298,14626,1
0.5487977369165488,14627,1
0.5480225988700564,14628,1
0.5472496473906912,14629,1
0.5464788732394367,14630,1
0.5457102672292545,14631,1
0.5463483146067416,14632,1
0.5469845722300141,14633,1
0.5476190476190477,14634,1
0.5468531468531469,14635,1
0.547486033519553,14636,1
0.5467224546722455,14637,1
0.5459610027855153,14638,1
0.5465924895688457,14639,1
0.5458333333333333,14640,1
0.5450762829403606,14641,1
0.5443213296398892,14642,1
0.5449515905947441,14643,1
0.5455801104972375,14644,1
0.5448275862068965,14645,1
0.5440771349862259,14646,1
0.5447042640990372,14647,1
0.5453296703296703,14648,1
0.5445816186556928,14649,1
0.5438356164383562,14650,1
0.5430916552667578,14651,1
0.5423497267759563,14652,1
0.5416098226466576,14653,1
0.5408719346049047,14654,1
0.5401360544217687,14655,1
0.5407608695652174,14656,1
0.5413839891451832,14657,1
0.5420054200542005,14658,1
0.5426251691474966,14659,1
0.5432432432432432,14660,1
0.5425101214574899,14661,1
0.5431266846361186,14662,1
0.5423956931359354,14663,1
0.5416666666666666,14664,1
0.5422818791946309,14665,1
0.5415549597855228,14666,1
0.5408299866131191,14667,1
0.5401069518716578,14668,1
0.5393858477970628,14669,1
0.5386666666666666,14670,1
0.5379494007989347,14671,1
0.5372340425531915,14672,1
0.5378486055776892,14673,1
0.5371352785145889,14674,1
0.5377483443708609,14675,1
0.5370370370370371,14676,1
0.5363276089828269,14677,1
0.5369393139841688,14678,1
0.5362318840579711,14679,1
0.5368421052631579,14680,1
0.5361366622864652,14681,1
0.536745406824147,14682,1
0.5360419397116645,14683,1
0.5366492146596858,14684,1
0.5359477124183006,14685,1
0.5365535248041775,14686,1
0.5358539765319427,14687,1
0.5364583333333334,14688,1
0.5357607282184655,14689,1
0.5363636363636364,14690,1
0.5369649805447471,14691,1
0.5362694300518135,14692,1
0.536869340232859,14693,1
0.5361757105943152,14694,1
0.535483870967742,14695,1
0.5360824742268041,14696,1
0.5353925353925354,14697,1
0.5347043701799485,14698,1
0.5340179717586649,14699,1
0.5346153846153846,14700,1
0.5352112676056338,14701,1
0.5345268542199488,14702,1
0.5338441890166028,14703,1
0.5331632653061225,14704,1
0.532484076433121,14705,1
0.5318066157760815,14706,1
0.531130876747141,14707,1
0.5304568527918782,14708,1
0.5297845373891001,14709,1
0.5303797468354431,14710,1
0.5309734513274337,14711,1
0.5303030303030303,14712,1
0.5296343001261034,14713,1
0.5289672544080605,14714,1
0.5283018867924528,14715,1
0.5288944723618091,14716,1
0.5294855708908407,14717,1
0.5300751879699248,14718,1
0.5294117647058824,14719,1
0.53,14720,1
0.5305867665418227,14721,1
0.529925187032419,14722,1
0.5305105853051059,14723,1
0.5298507462686567,14724,1
0.5304347826086957,14725,1
0.5297766749379652,14726,1
0.5291201982651796,14727,1
0.5297029702970297,14728,1
0.5290482076637825,14729,1
0.5296296296296297,14730,1
0.530209617755857,14731,1
0.5307881773399015,14732,1
0.5301353013530136,14733,1
0.5307125307125307,14734,1
0.5312883435582823,14735,1
0.5306372549019608,14736,1
0.5312117503059975,14737,1
0.530562347188264,14738,1
0.5311355311355311,14739,1
0.5304878048780488,14740,1
0.5310596833130329,14741,1
0.5316301703163017,14742,1
0.5321992709599028,14743,1
0.5327669902912622,14744,1
0.5333333333333333,14745,1
0.5338983050847458,14746,1
0.5344619105199516,14747,1
0.533816425120773,14748,1
0.5331724969843185,14749,1
0.5325301204819277,14750,1
0.5318892900120337,14751,1
0.53125,14752,1
0.531812725090036,14753,1
0.5311750599520384,14754,1
0.5317365269461077,14755,1
0.5322966507177034,14756,1
0.5316606929510155,14757,1
0.5310262529832935,14758,1
0.5303933253873659,14759,1
0.5297619047619048,14760,1
0.5291319857312723,14761,1
0.5296912114014252,14762,1
0.5302491103202847,14763,1
0.5296208530805687,14764,1
0.5301775147928994,14765,1
0.5295508274231678,14766,1
0.5301062573789846,14767,1
0.5306603773584906,14768,1
0.5312131919905771,14769,1
0.5305882352941177,14770,1
0.5311398354876615,14771,1
0.5316901408450704,14772,1
0.5322391559202814,14773,1
0.531615925058548,14774,1
0.5321637426900585,14775,1
0.5327102803738317,14776,1
0.5332555425904317,14777,1
0.5337995337995338,14778,1
0.5331781140861467,14779,1
0.5337209302325582,14780,1
0.5331010452961672,14781,1
0.5324825986078886,14782,1
0.5330243337195828,14783,1
0.5324074074074074,14784,1
0.5329479768786127,14785,1
0.5323325635103926,14786,1
0.5317185697808535,14787,1
0.532258064516129,14788,1
0.5316455696202531,14789,1
0.5310344827586206,14790,1
0.5315729047072331,14791,1
0.5321100917431193,14792,1
0.5315005727376861,14793,1
0.5320366132723112,14794,1
0.5325714285714286,14795,1
0.5319634703196348,14796,1
0.5313568985176739,14797,1
0.530751708428246,14798,1
0.5301478953356087,14799,1
0.5295454545454545,14800,1
0.5300794551645857,14801,1
0.5306122448979592,14802,1
0.5311438278595696,14803,1
0.5316742081447964,14804,1
0.5322033898305085,14805,1
0.5327313769751693,14806,1
0.5332581736189402,14807,1
0.5337837837837838,14808,1
0.5331833520809899,14809,1
0.5325842696629214,14810,1
0.531986531986532,14811,1
0.531390134529148,14812,1
0.5319148936170213,14813,1
0.5324384787472036,14814,1
0.5318435754189944,14815,1
0.53125,14816,1
0.5306577480490524,14817,1
0.5300668151447662,14818,1
0.5294771968854283,14819,1
0.53,14820,1
0.5305216426193119,14821,1
0.5310421286031042,14822,1
0.530454042081949,14823,1
0.5309734513274337,14824,1
0.5303867403314917,14825,1
0.5309050772626932,14826,1
0.5314222712238148,14827,1
0.5319383259911894,14828,1
0.5313531353135313,14829,1
0.5318681318681319,14830,1
0.5323819978046103,14831,1
0.5317982456140351,14832,1
0.5323110624315444,14833,1
0.5328227571115973,14834,1
0.5333333333333333,14835,1
0.5338427947598253,14836,1
0.5343511450381679,14837,1
0.5348583877995643,14838,1
0.5353645266594124,14839,1
0.5347826086956522,14840,1
0.5352877307274702,14841,1
0.53470715835141,14842,1
0.5352112676056338,14843,1
0.5346320346320347,14844,1
0.534054054054054,14845,1
0.5345572354211663,14846,1
0.535059331175836,14847,1
0.5355603448275862,14848,1
0.5360602798708288,14849,1
0.5365591397849462,14850,1
0.5359828141783028,14851,1
0.5364806866952789,14852,1
0.5369774919614148,14853,1
0.5364025695931478,14854,1
0.5368983957219251,14855,1
0.5363247863247863,14856,1
0.5368196371398078,14857,1
0.5362473347547975,14858,1
0.536741214057508,14859,1
0.5361702127659574,14860,1
0.536663124335813,14861,1
0.5371549893842887,14862,1
0.5376458112407211,14863,1
0.5370762711864406,14864,1
0.5365079365079365,14865,1
0.5359408033826638,14866,1
0.5364308342133052,14867,1
0.5369198312236287,14868,1
0.5363540569020021,14869,1
0.5357894736842105,14870,1
0.5352260778128286,14871,1
0.5357142857142857,14872,1
0.5362014690451207,14873,1
0.5356394129979035,14874,1
0.5361256544502618,14875,1
0.5366108786610879,14876,1
0.5370950888192267,14877,1
0.5375782881002088,14878,1
0.5370177267987487,14879,1
0.5375,14880,1
0.5379812695109261,14881,1
0.5374220374220374,14882,1
0.5379023883696781,14883,1
0.5373443983402489,14884,1
0.5378238341968912,14885,1
0.5383022774327122,14886,1
0.5377456049638056,14887,1
0.5382231404958677,14888,1
0.5376676986584107,14889,1
0.5371134020618556,14890,1
0.5365602471678682,14891,1
0.5360082304526749,14892,1
0.5364850976361768,14893,1
0.5369609856262834,14894,1
0.5364102564102564,14895,1
0.5358606557377049,14896,1
0.5353121801432958,14897,1
0.5347648261758691,14898,1
0.5342185903983657,14899,1
0.5346938775510204,14900,1
0.5351681957186545,14901,1
0.5346232179226069,14902,1
0.5340793489318413,14903,1
0.5345528455284553,14904,1
0.5350253807106599,14905,1
0.5344827586206896,14906,1
0.5349544072948328,14907,1
0.5354251012145749,14908,1
0.5358948432760364,14909,1
0.5363636363636364,14910,1
0.5368314833501514,14911,1
0.5362903225806451,14912,1
0.5357502517623364,14913,1
0.5362173038229376,14914,1
0.535678391959799,14915,1
0.535140562248996,14916,1
0.5356068204613842,14917,1
0.5350701402805611,14918,1
0.5355355355355356,14919,1
0.536,14920,1
0.5354645354645354,14921,1
0.5359281437125748,14922,1
0.5353938185443669,14923,1
0.5348605577689243,14924,1
0.5353233830845772,14925,1
0.5357852882703777,14926,1
0.5362462760675273,14927,1
0.5367063492063492,14928,1
0.5371655104063429,14929,1
0.5376237623762377,14930,1
0.5380811078140455,14931,1
0.5375494071146245,14932,1
0.5370187561697927,14933,1
0.5364891518737672,14934,1
0.5369458128078818,14935,1
0.5374015748031497,14936,1
0.5368731563421829,14937,1
0.537328094302554,14938,1
0.5377821393523062,14939,1
0.538235294117647,14940,1
0.5377081292850147,14941,1
0.5371819960861057,14942,1
0.5376344086021505,14943,1
0.5380859375,14944,1
0.5375609756097561,14945,1
0.5370370370370371,14946,1
0.5374878286270691,14947,1
0.5379377431906615,14948,1
0.5383867832847424,14949,1
0.537864077669903,14950,1
0.5383123181377304,14951,1
0.5387596899224806,14952,1
0.5392061955469506,14953,1
0.539651837524178,14954,1
0.5400966183574879,14955,1
0.5395752895752896,14956,1
0.5390549662487946,14957,1
0.5394990366088632,14958,1
0.5389797882579404,14959,1
0.5394230769230769,14960,1
0.5398655139289145,14961,1
0.5403071017274472,14962,1
0.5397890699904123,14963,1
0.5402298850574713,14964,1
0.5406698564593302,14965,1
0.5411089866156787,14966,1
0.5415472779369628,14967,1
0.5419847328244275,14968,1
0.5424213536701621,14969,1
0.5428571428571428,14970,1
0.5423406279733587,14971,1
0.5418250950570342,14972,1
0.5422602089268755,14973,1
0.5417457305502846,14974,1
0.5421800947867299,14975,1
0.5416666666666666,14976,1
0.5411542100283823,14977,1
0.5406427221172023,14978,1
0.5410764872521246,14979,1
0.5415094339622641,14980,1
0.5409990574929312,14981,1
0.5404896421845574,14982,1
0.5409219190968956,14983,1
0.5404135338345865,14984,1
0.5408450704225352,14985,1
0.5412757973733584,14986,1
0.5407685098406748,14987,1
0.5402621722846442,14988,1
0.5406922357343311,14989,1
0.5401869158878505,14990,1
0.5396825396825397,14991,1
0.539179104477612,14992,1
0.5386766076421249,14993,1
0.5391061452513967,14994,1
0.5386046511627907,14995,1
0.5390334572490706,14996,1
0.5394614670380687,14997,1
0.5398886827458256,14998,1
0.5403151065801668,14999,1
0.5407407407407407,15000,1
0.5402405180388529,15001,1
0.5397412199630314,15002,1
0.5401662049861495,15003,1
0.5396678966789668,15004,1
0.5400921658986175,15005,1
0.5395948434622467,15006,1
0.5400183992640294,15007,1
0.5395220588235294,15008,1
0.5390266299357208,15009,1
0.5394495412844037,15010,1
0.538955087076077,15011,1
0.5384615384615384,15012,1
0.5379688929551693,15013,1
0.5374771480804388,15014,1
0.5378995433789955,15015,1
0.5374087591240876,15016,1
0.5378304466727438,15017,1
0.5373406193078324,15018,1
0.5368516833484986,15019,1
0.5363636363636364,15020,1
0.5358764759309719,15021,1
0.5353901996370236,15022,1
0.5349048050770625,15023,1
0.5344202898550725,15024,1
0.534841628959276,15025,1
0.5343580470162749,15026,1
0.5347786811201445,15027,1
0.5342960288808665,15028,1
0.5338142470694319,15029,1
0.5333333333333333,15030,1
0.5337533753375338,15031,1
0.5341726618705036,15032,1
0.5345911949685535,15033,1
0.5350089766606823,15034,1
0.5354260089686098,15035,1
0.5349462365591398,15036,1
0.5344673231871083,15037,1
0.5339892665474061,15038,1
0.5335120643431636,15039,1
0.5330357142857143,15040,1
0.5325602140945584,15041,1
0.5329768270944741,15042,1
0.5333926981300089,15043,1
0.5329181494661922,15044,1
0.5324444444444445,15045,1
0.5319715808170515,15046,1
0.5314995563442768,15047,1
0.5310283687943262,15048,1
0.5305580159433126,15049,1
0.5309734513274337,15050,1
0.5305039787798409,15051,1
0.5300353356890459,15052,1
0.53045013239188,15053,1
0.5299823633156967,15054,1
0.5303964757709251,15055,1
0.5299295774647887,15056,1
0.5294635004397538,15057,1
0.5298769771528998,15058,1
0.5294117647058824,15059,1
0.5289473684210526,15060,1
0.5293602103418055,15061,1
0.5297723292469352,15062,1
0.5301837270341208,15063,1
0.5297202797202797,15064,1
0.5292576419213973,15065,1
0.5296684118673648,15066,1
0.5292066259808196,15067,1
0.5296167247386759,15068,1
0.5291557876414273,15069,1
0.528695652173913,15070,1
0.5282363162467419,15071,1
0.5277777777777778,15072,1
0.5273200346921075,15073,1
0.5277296360485269,15074,1
0.5281385281385281,15075,1
0.5285467128027682,15076,1
0.5289541918755402,15077,1
0.5293609671848014,15078,1
0.5289042277825712,15079,1
0.528448275862069,15080,1
0.52885443583118,15081,1
0.5292598967297762,15082,1
0.529664660361135,15083,1
0.5292096219931272,15084,1
0.5296137339055794,15085,1
0.5300171526586621,15086,1
0.5295629820051414,15087,1
0.5299657534246576,15088,1
0.5295124037639007,15089,1
0.5299145299145299,15090,1
0.5294619982920581,15091,1
0.5290102389078498,15092,1
0.5294117647058824,15093,1
0.5298126064735945,15094,1
0.5302127659574468,15095,1
0.5297619047619048,15096,1
0.530161427357689,15097,1
0.5297113752122241,15098,1
0.5301102629346904,15099,1
0.5305084745762711,15100,1
0.5300592718035563,15101,1
0.5296108291032149,15102,1
0.5291631445477599,15103,1
0.5287162162162162,15104,1
0.5282700421940928,15105,1
0.5286677908937606,15106,1
0.5290648694187026,15107,1
0.5294612794612794,15108,1
0.5298570227081582,15109,1
0.5294117647058824,15110,1
0.5298068849706129,15111,1
0.5302013422818792,15112,1
0.5305951383067896,15113,1
0.5309882747068677,15114,1
0.5313807531380753,15115,1
0.5317725752508361,15116,1
0.531328320802005,15117,1
0.5308848080133556,15118,1
0.5312760633861552,15119,1
0.5316666666666666,15120,1
0.5320566194837635,15121,1
0.5324459234608985,15122,1
0.5328345802161264,15123,1
0.5332225913621262,15124,1
0.5336099585062241,15125,1
0.5339966832504146,15126,1
0.5343827671913836,15127,1
0.5339403973509934,15128,1
0.533498759305211,15129,1
0.5330578512396694,15130,1
0.5334434351775392,15131,1
0.533003300330033,15132,1
0.5333882934872217,15133,1
0.5329489291598023,15134,1
0.5325102880658437,15135,1
0.5320723684210527,15136,1
0.5324568611339359,15137,1
0.5320197044334976,15138,1
0.5315832649712879,15139,1
0.5319672131147541,15140,1
0.5315315315315315,15141,1
0.5310965630114566,15142,1
0.5306623058053965,15143,1
0.5310457516339869,15144,1
0.5306122448979592,15145,1
0.5309951060358891,15146,1
0.530562347188264,15147,1
0.5309446254071661,15148,1
0.531326281529699,15149,1
0.5317073170731708,15150,1
0.5320877335499594,15151,1
0.5316558441558441,15152,1
0.5320356853203568,15153,1
0.5324149108589952,15154,1
0.5327935222672064,15155,1
0.5323624595469255,15156,1
0.5327405012126112,15157,1
0.5331179321486268,15158,1
0.5326876513317191,15159,1
0.532258064516129,15160,1
0.532634971796938,15161,1
0.5322061191626409,15162,1
0.5325824617860017,15163,1
0.5329581993569131,15164,1
0.5325301204819277,15165,1
0.5329052969502408,15166,1
0.5324779470729751,15167,1
0.5328525641025641,15168,1
0.533226581265012,15169,1
0.5336,15170,1
0.533972821742606,15171,1
0.5343450479233227,15172,1
0.5347166799680766,15173,1
0.5350877192982456,15174,1
0.5354581673306773,15175,1
0.535031847133758,15176,1
0.5346062052505967,15177,1
0.534181240063593,15178,1
0.5337569499602859,15179,1
0.5333333333333333,15180,1
0.5329103885804917,15181,1
0.5324881141045958,15182,1
0.5320665083135392,15183,1
0.5324367088607594,15184,1
0.532806324110672,15185,1
0.533175355450237,15186,1
0.5327545382794001,15187,1
0.5323343848580442,15188,1
0.5327029156816391,15189,1
0.5322834645669291,15190,1
0.5326514555468135,15191,1
0.5330188679245284,15192,1
0.5333857030636292,15193,1
0.532967032967033,15194,1
0.5325490196078432,15195,1
0.5329153605015674,15196,1
0.5324980422866092,15197,1
0.5328638497652582,15198,1
0.5324472243940579,15199,1
0.5328125,15200,1
0.5331772053083529,15201,1
0.5327613104524181,15202,1
0.5323460639127046,15203,1
0.5327102803738317,15204,1
0.532295719844358,15205,1
0.5318818040435459,15206,1
0.5322455322455323,15207,1
0.532608695652174,15208,1
0.5321955003878976,15209,1
0.5325581395348837,15210,1
0.5329202168861348,15211,1
0.5332817337461301,15212,1
0.5336426914153132,15213,1
0.5340030911901081,15214,1
0.5343629343629344,15215,1
0.5339506172839507,15216,1
0.5343099460292984,15217,1
0.5346687211093991,15218,1
0.5350269438029254,15219,1
0.5353846153846153,15220,1
0.5357417371252883,15221,1
0.5353302611367128,15222,1
0.5356868764389869,15223,1
0.5352760736196319,15224,1
0.535632183908046,15225,1
0.5359877488514548,15226,1
0.5363427697016068,15227,1
0.5359327217125383,15228,1
0.5362872421695951,15229,1
0.5358778625954198,15230,1
0.5362318840579711,15231,1
0.5233082706766917,15897,1
0.5225225225225225,15898,1
0.5217391304347826,15899,1
0.5209580838323353,15900,1
0.5201793721973094,15901,1
0.5194029850746269,15902,1
0.518628912071535,15903,1
0.5193452380952381,15904,1
0.5185735512630015,15905,1
0.5178041543026706,15906,1
0.5185185185185185,15907,1
0.5192307692307693,15908,1
0.5199409158050221,15909,1
0.5191740412979351,15910,1
0.5198821796759941,15911,1
0.5205882352941177,15912,1
0.5198237885462555,15913,1
0.5190615835777126,15914,1
0.5197657393850659,15915,1
0.5190058479532164,15916,1
0.5182481751824818,15917,1
0.5189504373177842,15918,1
0.519650655021834,15919,1
0.5188953488372093,15920,1
0.5181422351233672,15921,1
0.518840579710145,15922,1
0.5180897250361794,15923,1
0.5173410404624278,15924,1
0.5165945165945166,15925,1
0.5172910662824207,15926,1
0.5179856115107914,15927,1
0.5172413793103449,15928,1
0.5179340028694405,15929,1
0.5186246418338109,15930,1
0.51931330472103,15931,1
0.52,15932,1
0.5206847360912982,15933,1
0.5213675213675214,15934,1
0.5220483641536273,15935,1
0.5213068181818182,15936,1
0.5219858156028369,15937,1
0.5212464589235127,15938,1
0.5205091937765205,15939,1
0.519774011299435,15940,1
0.5204513399153737,15941,1
0.5197183098591549,15942,1
0.5203938115330521,15943,1
0.5196629213483146,15944,1
0.5189340813464236,15945,1
0.5196078431372549,15946,1
0.5202797202797202,15947,1
0.520949720670391,15948,1
0.5216178521617852,15949,1
0.520891364902507,15950,1
0.5201668984700973,15951,1
0.5194444444444445,15952,1
0.5187239944521498,15953,1
0.5193905817174516,15954,1
0.5186721991701245,15955,1
0.5193370165745856,15956,1
0.5186206896551724,15957,1
0.5179063360881543,15958,1
0.5185694635488308,15959,1
0.5192307692307693,15960,1
0.5198902606310014,15961,1
0.5191780821917809,15962,1
0.518467852257182,15963,1
0.5191256830601093,15964,1
0.5184174624829468,15965,1
0.5190735694822888,15966,1
0.5183673469387755,15967,1
0.5190217391304348,15968,1
0.519674355495251,15969,1
0.5203252032520326,15970,1
0.5209742895805142,15971,1
0.5216216216216216,15972,1
0.5209176788124157,15973,1
0.5202156334231806,15974,1
0.5208613728129206,15975,1
0.521505376344086,15976,1
0.5208053691275167,15977,1
0.5214477211796247,15978,1
0.5220883534136547,15979,1
0.5227272727272727,15980,1
0.5220293724966623,15981,1
0.5226666666666666,15982,1
0.5233022636484687,15983,1
0.5226063829787234,15984,1
0.5232403718459495,15985,1
0.5225464190981433,15986,1
0.5218543046357615,15987,1
0.5224867724867724,15988,1
0.523117569352708,15989,1
0.5237467018469657,15990,1
0.5243741765480896,15991,1
0.5236842105263158,15992,1
0.5229960578186597,15993,1
0.5236220472440944,15994,1
0.5242463958060288,15995,1
0.524869109947644,15996,1
0.5241830065359477,15997,1
0.5234986945169713,15998,1
0.5241199478487614,15999,1
0.5247395833333334,16000,1
0.5240572171651495,16001,1
0.5233766233766234,16002,1
0.5239948119325551,16003,1
0.5246113989637305,16004,1
0.5239327296248383,16005,1
0.524547803617571,16006,1
0.5238709677419355,16007,1
0.5244845360824743,16008,1
0.5238095238095238,16009,1
0.5244215938303342,16010,1
0.5250320924261874,16011,1
0.5243589743589744,16012,1
0.5249679897567221,16013,1
0.5255754475703325,16014,1
0.5261813537675607,16015,1
0.5267857142857143,16016,1
0.5273885350318471,16017,1
0.5279898218829516,16018,1
0.5273189326556544,16019,1
0.5279187817258884,16020,1
0.5272496831432193,16021,1
0.5278481012658228,16022,1
0.5284450063211125,16023,1
0.5290404040404041,16024,1
0.5296343001261034,16025,1
0.5302267002518891,16026,1
0.5308176100628931,16027,1
0.5301507537688442,16028,1
0.5294855708908407,16029,1
0.5288220551378446,16030,1
0.5281602002503129,16031,1
0.52875,16032,1
0.529338327091136,16033,1
0.529925187032419,16034,1
0.5305105853051059,16035,1
0.5310945273631841,16036,1
0.5304347826086957,16037,1
0.5297766749379652,16038,1
0.5291201982651796,16039,1
0.5284653465346535,16040,1
0.5290482076637825,16041,1
0.5296296296296297,16042,1
0.528976572133169,16043,1
0.5295566502463054,16044,1
0.5301353013530136,16045,1
0.5294840294840295,16046,1
0.5288343558282208,16047,1
0.5294117647058824,16048,1
0.5299877600979193,16049,1
0.530562347188264,16050,1
0.5311355311355311,16051,1
0.5317073170731708,16052,1
0.5310596833130329,16053,1
0.5316301703163017,16054,1
0.5309842041312273,16055,1
0.5315533980582524,16056,1
0.5321212121212121,16057,1
0.5326876513317191,16058,1
0.5332527206771464,16059,1
0.533816425120773,16060,1
0.5331724969843185,16061,1
0.5325301204819277,16062,1
0.5318892900120337,16063,1
0.53125,16064,1
0.5306122448979592,16065,1
0.5299760191846523,16066,1
0.5305389221556887,16067,1
0.5299043062200957,16068,1
0.5292712066905615,16069,1
0.5298329355608592,16070,1
0.5303933253873659,16071,1
0.5297619047619048,16072,1
0.5291319857312723,16073,1
0.5296912114014252,16074,1
0.5302491103202847,16075,1
0.5296208530805687,16076,1
0.5289940828402366,16077,1
0.5283687943262412,16078,1
0.5289256198347108,16079,1
0.5283018867924528,16080,1
0.5276796230859835,16081,1
0.5270588235294118,16082,1
0.5276145710928319,16083,1
0.528169014084507,16084,1
0.5275498241500586,16085,1
0.5269320843091335,16086,1
0.5274853801169591,16087,1
0.5268691588785047,16088,1
0.5262543757292882,16089,1
0.5256410256410257,16090,1
0.5250291036088475,16091,1
0.5244186046511627,16092,1
0.5249709639953543,16093,1
0.525522041763341,16094,1
0.526071842410197,16095,1
0.5266203703703703,16096,1
0.5260115606936416,16097,1
0.5265588914549654,16098,1
0.5259515570934256,16099,1
0.5264976958525346,16100,1
0.5270425776754891,16101,1
0.5264367816091954,16102,1
0.5258323765786452,16103,1
0.5252293577981652,16104,1
0.5257731958762887,16105,1
0.5263157894736842,16106,1
0.5257142857142857,16107,1
0.526255707762557,16108,1
0.5256556442417332,16109,1
0.5261958997722096,16110,1
0.5267349260523322,16111,1
0.5272727272727272,16112,1
0.5278093076049943,16113,1
0.528344671201814,16114,1
0.5288788221970555,16115,1
0.5282805429864253,16116,1
0.5276836158192091,16117,1
0.5282167042889391,16118,1
0.5287485907553551,16119,1
0.5281531531531531,16120,1
0.5286839145106862,16121,1
0.5292134831460674,16122,1
0.5297418630751964,16123,1
0.5302690582959642,16124,1
0.5307950727883539,16125,1
0.5313199105145414,16126,1
0.5307262569832403,16127,1
0.5301339285714286,16128,1
0.5295429208472687,16129,1
0.5300668151447662,16130,1
0.5305895439377085,16131,1
0.5311111111111111,16132,1
0.5316315205327414,16133,1
0.532150776053215,16134,1
0.5326688815060908,16135,1
0.5331858407079646,16136,1
0.532596685082873,16137,1
0.5331125827814569,16138,1
0.5325248070562293,16139,1
0.5330396475770925,16140,1
0.5324532453245324,16141,1
0.5318681318681319,16142,1
0.531284302963776,16143,1
0.5317982456140351,16144,1
0.5312157721796276,16145,1
0.5306345733041575,16146,1
0.5311475409836065,16147,1
0.5305676855895196,16148,1
0.529989094874591,16149,1
0.5305010893246187,16150,1
0.5310119695321001,16151,1
0.5304347826086957,16152,1
0.5298588490770901,16153,1
0.5292841648590022,16154,1
0.5287107258938245,16155,1
0.5281385281385281,16156,1
0.5286486486486487,16157,1
0.5280777537796977,16158,1
0.5275080906148867,16159,1
0.5280172413793104,16160,1
0.5285252960172229,16161,1
0.5279569892473118,16162,1
0.527389903329753,16163,1
0.526824034334764,16164,1
0.5262593783494105,16165,1
0.525695931477516,16166,1
0.5262032085561498,16167,1
0.5256410256410257,16168,1
0.5250800426894343,16169,1
0.5255863539445629,16170,1
0.5260915867944622,16171,1
0.5255319148936171,16172,1
0.5249734325185972,16173,1
0.5254777070063694,16174,1
0.5259809119830329,16175,1
0.5254237288135594,16176,1
0.5259259259259259,16177,1
0.5264270613107822,16178,1
0.5269271383315733,16179,1
0.5274261603375527,16180,1
0.5268703898840885,16181,1
0.5263157894736842,16182,1
0.526813880126183,16183,1
0.5262605042016807,16184,1
0.5267576075550892,16185,1
0.5262054507337526,16186,1
0.5267015706806283,16187,1
0.5261506276150628,16188,1
0.5256008359456635,16189,1
0.5250521920668059,16190,1
0.5245046923879041,16191,1
0.525,16192,1
0.5244536940686785,16193,1
0.5239085239085239,16194,1
0.5244029075804777,16195,1
0.5238589211618258,16196,1
0.5243523316062176,16197,1
0.5248447204968945,16198,1
0.5243019648397105,16199,1
0.5247933884297521,16200,1
0.5242518059855521,16201,1
0.5237113402061856,16202,1
0.5231719876416066,16203,1
0.522633744855967,16204,1
0.5231243576567317,16205,1
0.5225872689938398,16206,1
0.522051282051282,16207,1
0.5215163934426229,16208,1
0.5209825997952917,16209,1
0.5214723926380368,16210,1
0.5219611848825332,16211,1
0.5214285714285715,16212,1
0.5219164118246687,16213,1
0.5213849287169042,16214,1
0.5218718209562564,16215,1
0.5213414634146342,16216,1
0.5208121827411167,16217,1
0.5212981744421906,16218,1
0.5217831813576495,16219,1
0.5222672064777328,16220,1
0.5227502527805864,16221,1
0.5222222222222223,16222,1
0.5227043390514632,16223,1
0.5231854838709677,16224,1
0.5236656596173213,16225,1
0.5241448692152918,16226,1
0.5236180904522613,16227,1
0.5230923694779116,16228,1
0.5235707121364093,16229,1
0.5240480961923848,16230,1
0.5245245245245245,16231,1
0.525,16232,1
0.5254745254745254,16233,1
0.5259481037924152,16234,1
0.5254237288135594,16235,1
0.5249003984063745,16236,1
0.5243781094527363,16237,1
0.5248508946322068,16238,1
0.5253227408142999,16239,1
0.5257936507936508,16240,1
0.5252725470763132,16241,1
0.5257425742574258,16242,1
0.5262116716122651,16243,1
0.525691699604743,16244,1
0.5251727541954591,16245,1
0.5256410256410257,16246,1
0.5261083743842364,16247,1
0.5265748031496063,16248,1
0.5270403146509341,16249,1
0.5265225933202358,16250,1
0.5260058881256133,16251,1
0.5264705882352941,16252,1
0.5259549461312438,16253,1
0.5264187866927593,16254,1
0.5259042033235581,16255,1
0.525390625,16256,1
0.5258536585365854,16257,1
0.5253411306042886,16258,1
0.5248296007789679,16259,1
0.52431906614786,16260,1
0.5238095238095238,16261,1
0.5233009708737864,16262,1
0.5237633365664404,16263,1
0.5232558139534884,16264,1
0.5227492739593417,16265,1
0.5222437137330754,16266,1
0.5227053140096618,16267,1
0.5222007722007722,16268,1
0.5216972034715526,16269,1
0.5211946050096339,16270,1
0.5206929740134745,16271,1
0.5201923076923077,16272,1
0.5206532180595581,16273,1
0.5211132437619962,16274,1
0.5215723873441994,16275,1
0.5210727969348659,16276,1
0.5215311004784688,16277,1
0.5219885277246654,16278,1
0.5214899713467048,16279,1
0.5219465648854962,16280,1
0.5224022878932316,16281,1
0.5228571428571429,16282,1
0.5223596574690771,16283,1
0.5218631178707225,16284,1
0.5223171889838556,16285,1
0.5227703984819735,16286,1
0.5222748815165876,16287,1
0.521780303030303,16288,1
0.521286660359508,16289,1
0.5217391304347826,16290,1
0.5212464589235127,16291,1
0.5216981132075472,16292,1
0.5221489161168709,16293,1
0.5225988700564972,16294,1
0.5230479774223895,16295,1
0.5234962406015038,16296,1
0.523943661971831,16297,1
0.5234521575984991,16298,1
0.5238987816307404,16299,1
0.5234082397003745,16300,1
0.5229186155285314,16301,1
0.5224299065420561,16302,1
0.5219421101774043,16303,1
0.5214552238805971,16304,1
0.5219012115563839,16305,1
0.5223463687150838,16306,1
0.521860465116279,16307,1
0.5223048327137546,16308,1
0.5218198700092851,16309,1
0.5222634508348795,16310,1
0.5217794253938832,16311,1
0.5212962962962963,16312,1
0.5217391304347826,16313,1
0.5212569316081331,16314,1
0.5216989843028624,16315,1
0.5212177121771218,16316,1
0.5216589861751152,16317,1
0.5220994475138122,16318,1
0.5225390984360626,16319,1
0.5220588235294118,16320,1
0.5224977043158862,16321,1
0.5220183486238532,16322,1
0.5215398716773603,16323,1
0.5210622710622711,16324,1
0.5215004574565416,16325,1
0.5210237659963437,16326,1
0.5214611872146119,16327,1
0.5218978102189781,16328,1
0.5214220601640839,16329,1
0.5209471766848816,16330,1
0.5204731574158326,16331,1
0.52,16332,1
0.51952770208901,16333,1
0.5190562613430127,16334,1
0.5194922937443336,16335,1
0.519927536231884,16336,1
0.5194570135746607,16337,1
0.5198915009041591,16338,1
0.5203252032520326,16339,1
0.51985559566787,16340,1
0.5202885482416592,16341,1
0.5207207207207207,16342,1
0.5211521152115212,16343,1
0.52068345323741,16344,1
0.5202156334231806,16345,1
0.5197486535008977,16346,1
0.5192825112107623,16347,1
0.5188172043010753,16348,1
0.5183527305282005,16349,1
0.518783542039356,16350,1
0.5192135835567471,16351,1
0.5196428571428572,16352,1
0.5191793041926851,16353,1
0.5196078431372549,16354,1
0.5191451469278717,16355,1
0.5186832740213523,16356,1
0.5191111111111111,16357,1
0.5186500888099467,16358,1
0.5190771960958296,16359,1
0.5186170212765957,16360,1
0.5181576616474757,16361,1
0.5185840707964602,16362,1
0.5181255526083113,16363,1
0.5185512367491166,16364,1
0.5189761694616064,16365,1
0.5194003527336861,16366,1
0.518942731277533,16367,1
0.5184859154929577,16368,1
0.5180299032541776,16369,1
0.5184534270650264,16370,1
0.5188762071992976,16371,1
0.519298245614035,16372,1
0.5197195442594216,16373,1
0.5201401050788091,16374,1
0.5205599300087489,16375,1
0.5201048951048951,16376,1
0.519650655021834,16377,1
0.5200698080279232,16378,1
0.5204882301656495,16379,1
0.5200348432055749,16380,1
0.5204525674499565,16381,1
0.5208695652173913,16382,1
0.5212858384013901,16383,1
0.5208333333333334,16384,1
0.5203816131830009,16385,1
0.5207972270363952,16386,1
0.5212121212121212,16387,1
0.5207612456747405,16388,1
0.5211754537597234,16389,1
0.5215889464594128,16390,1
0.5220017256255393,16391,1
0.521551724137931,16392,1
0.5211024978466839,16393,1
0.5206540447504303,16394,1
0.5202063628546861,16395,1
0.5197594501718213,16396,1
0.51931330472103,16397,1
0.5197255574614065,16398,1
0.5201371036846615,16399,1
0.5196917808219178,16400,1
0.5201026518391788,16401,1
0.5205128205128206,16402,1
0.520068317677199,16403,1
0.5204778156996587,16404,1
0.5200341005967605,16405,1
0.520442930153322,16406,1
0.52,16407,1
0.5195578231292517,16408,1
0.5199660152931181,16409,1
0.5203735144312394,16410,1
0.5207803223070399,16411,1
0.5203389830508475,16412,1
0.5198983911939035,16413,1
0.5194585448392555,16414,1
0.5198647506339814,16415,1
0.5202702702702703,16416,1
0.5206751054852321,16417,1
0.5202360876897133,16418,1
0.5206402695871946,16419,1
0.5210437710437711,16420,1
0.520605550883095,16421,1
0.5210084033613446,16422,1
0.5214105793450882,16423,1
0.5218120805369127,16424,1
0.5222129086336965,16425,1
0.5217755443886097,16426,1
0.5213389121338912,16427,1
0.5217391304347826,16428,1
0.5221386800334169,16429,1
0.5217028380634391,16430,1
0.5221017514595496,16431,1
0.5216666666666666,16432,1
0.5220649458784347,16433,1
0.5224625623960066,16434,1
0.5220282626766417,16435,1
0.521594684385382,16436,1
0.5211618257261411,16437,1
0.5207296849087893,16438,1
0.52029826014913,16439,1
0.5206953642384106,16440,1
0.5202646815550042,16441,1
0.5206611570247934,16442,1
0.5210569777043765,16443,1
0.5206270627062707,16444,1
0.5201978565539983,16445,1
0.5205930807248764,16446,1
0.5209876543209877,16447,1
0.5213815789473685,16448,1
0.5217748562037798,16449,1
0.5213464696223317,16450,1
0.5209187858900738,16451,1
0.521311475409836,16452,1
0.5217035217035217,16453,1
0.5212765957446809,16454,1
0.5208503679476697,16455,1
0.5204248366013072,16456,1
0.52,16457,1
0.5195758564437194,16458,1
0.5199674001629991,16459,1
0.5203583061889251,16460,1
0.5207485760781123,16461,1
0.5211382113821138,16462,1
0.5207148659626321,16463,1
0.5211038961038961,16464,1
0.5214922952149229,16465,1
0.5210696920583469,16466,1
0.5214574898785425,16467,1
0.5210355987055016,16468,1
0.5206143896523848,16469,1
0.5210016155088854,16470,1
0.5213882163034705,16471,1
0.521774193548387,16472,1
0.5221595487510072,16473,1
0.5225442834138486,16474,1
0.5229283990345938,16475,1
0.5233118971061094,16476,1
0.5236947791164659,16477,1
0.5232744783306581,16478,1
0.5236567762630313,16479,1
0.5240384615384616,16480,1
0.5244195356285029,16481,1
0.5248,16482,1
0.5243804956035172,16483,1
0.5247603833865815,16484,1
0.5251396648044693,16485,1
0.5255183413078149,16486,1
0.5258964143426295,16487,1
0.5262738853503185,16488,1
0.5258552108194113,16489,1
0.5262321144674086,16490,1
0.5266084193804607,16491,1
0.5261904761904762,16492,1
0.5265662172878668,16493,1
0.5269413629160064,16494,1
0.5265241488519399,16495,1
0.5268987341772152,16496,1
0.5264822134387351,16497,1
0.5268562401263823,16498,1
0.526440410418311,16499,1
0.5260252365930599,16500,1
0.5263987391646966,16501,1
0.525984251968504,16502,1
0.5255704169944925,16503,1
0.5251572327044025,16504,1
0.5247446975648076,16505,1
0.5243328100470958,16506,1
0.523921568627451,16507,1
0.524294670846395,16508,1
0.5246671887235709,16509,1
0.525039123630673,16510,1
0.524628616106333,16511,1
0.525,16512,1
0.5245901639344263,16513,1
0.5241809672386896,16514,1
0.5237724084177708,16515,1
0.5241433021806854,16516,1
0.5245136186770428,16517,1
0.5248833592534993,16518,1
0.5252525252525253,16519,1
0.5248447204968945,16520,1
0.5252133436772692,16521,1
0.5248062015503876,16522,1
0.5251742835011619,16523,1
0.5247678018575851,16524,1
0.5243619489559165,16525,1
0.5239567233384853,16526,1
0.5243243243243243,16527,1
0.5239197530864198,16528,1
0.5242868157286045,16529,1
0.524653312788906,16530,1
0.5250192455735181,16531,1
0.5253846153846153,16532,1
0.5249807840122982,16533,1
0.5253456221198156,16534,1
0.5249424405218726,16535,1
0.5245398773006135,16536,1
0.524904214559387,16537,1
0.5245022970903522,16538,1
0.5241009946442234,16539,1
0.5284431137724551,17208,1
0.5276532137518685,17209,1
0.5283582089552239,17210,1
0.5275707898658718,17211,1
0.5282738095238095,17212,1
0.5289747399702823,17213,1
0.5296735905044511,17214,1
0.5288888888888889,17215,1
0.5295857988165681,17216,1
0.5302806499261448,17217,1
0.5294985250737463,17218,1
0.5301914580265096,17219,1
0.5308823529411765,17220,1
0.5315712187958884,17221,1
0.532258064516129,17222,1
0.5329428989751098,17223,1
0.533625730994152,17224,1
0.5343065693430656,17225,1
0.5349854227405247,17226,1
0.5342066957787481,17227,1
0.5348837209302325,17228,1
0.5341074020319303,17229,1
0.5333333333333333,17230,1
0.532561505065123,17231,1
0.5332369942196532,17232,1
0.5339105339105339,17233,1
0.5331412103746398,17234,1
0.5338129496402878,17235,1
0.5344827586206896,17236,1
0.5351506456241033,17237,1
0.5358166189111748,17238,1
0.5364806866952789,17239,1
0.5371428571428571,17240,1
0.5378031383737518,17241,1
0.5384615384615384,17242,1
0.5391180654338549,17243,1
0.5383522727272727,17244,1
0.5375886524822695,17245,1
0.5382436260623229,17246,1
0.5374823196605375,17247,1
0.538135593220339,17248,1
0.538787023977433,17249,1
0.5394366197183098,17250,1
0.540084388185654,17251,1
0.5393258426966292,17252,1
0.5399719495091164,17253,1
0.5406162464985994,17254,1
0.5398601398601398,17255,1
0.5391061452513967,17256,1
0.5383542538354253,17257,1
0.5376044568245125,17258,1
0.5368567454798331,17259,1
0.5375,17260,1
0.5381414701803051,17261,1
0.5373961218836565,17262,1
0.5366528354080221,17263,1
0.5359116022099447,17264,1
0.5365517241379311,17265,1
0.5371900826446281,17266,1
0.5364511691884457,17267,1
0.5370879120879121,17268,1
0.5377229080932785,17269,1
0.5383561643835616,17270,1
0.5389876880984952,17271,1
0.5382513661202186,17272,1
0.538881309686221,17273,1
0.5395095367847411,17274,1
0.5387755102040817,17275,1
0.5380434782608695,17276,1
0.5373134328358209,17277,1
0.5365853658536586,17278,1
0.5358592692828146,17279,1
0.5364864864864864,17280,1
0.5357624831309041,17281,1
0.5363881401617251,17282,1
0.5356662180349933,17283,1
0.5362903225806451,17284,1
0.5369127516778524,17285,1
0.5361930294906166,17286,1
0.536813922356091,17287,1
0.5374331550802139,17288,1
0.5367156208277704,17289,1
0.5373333333333333,17290,1
0.5379494007989347,17291,1
0.538563829787234,17292,1
0.5378486055776892,17293,1
0.5384615384615384,17294,1
0.5377483443708609,17295,1
0.5383597883597884,17296,1
0.5376486129458389,17297,1
0.5369393139841688,17298,1
0.5375494071146245,17299,1
0.5381578947368421,17300,1
0.5374507227332457,17301,1
0.5380577427821522,17302,1
0.5373525557011796,17303,1
0.5379581151832461,17304,1
0.5372549019607843,17305,1
0.5378590078328982,17306,1
0.5384615384615384,17307,1
0.5377604166666666,17308,1
0.5383615084525357,17309,1
0.5376623376623376,17310,1
0.5382619974059663,17311,1
0.5375647668393783,17312,1
0.538163001293661,17313,1
0.5387596899224806,17314,1
0.5393548387096774,17315,1
0.5399484536082474,17316,1
0.5392535392535392,17317,1
0.5398457583547558,17318,1
0.5391527599486521,17319,1
0.5384615384615384,17320,1
0.5390524967989757,17321,1
0.5383631713554987,17322,1
0.5389527458492975,17323,1
0.5395408163265306,17324,1
0.5388535031847134,17325,1
0.5381679389312977,17326,1
0.5374841168996188,17327,1
0.5368020304568528,17328,1
0.5373891001267427,17329,1
0.5367088607594936,17330,1
0.5360303413400759,17331,1
0.5366161616161617,17332,1
0.5372005044136192,17333,1
0.5365239294710328,17334,1
0.5371069182389937,17335,1
0.5376884422110553,17336,1
0.5382685069008782,17337,1
0.5388471177944862,17338,1
0.5381727158948686,17339,1
0.53875,17340,1
0.5380774032459426,17341,1
0.5374064837905237,17342,1
0.5379825653798257,17343,1
0.5385572139303483,17344,1
0.5391304347826087,17345,1
0.5397022332506204,17346,1
0.5390334572490706,17347,1
0.5396039603960396,17348,1
0.5401730531520396,17349,1
0.5407407407407407,17350,1
0.5413070283600493,17351,1
0.5406403940886699,17352,1
0.5399753997539976,17353,1
0.5405405405405406,17354,1
0.5398773006134969,17355,1
0.5392156862745098,17356,1
0.5385556915544676,17357,1
0.5378973105134475,17358,1
0.5372405372405372,17359,1
0.5378048780487805,17360,1
0.53836784409257,17361,1
0.5389294403892944,17362,1
0.5394896719319563,17363,1
0.5388349514563107,17364,1
0.5393939393939394,17365,1
0.5387409200968523,17366,1
0.5380894800483675,17367,1
0.5374396135265701,17368,1
0.5379975874547648,17369,1
0.5385542168674698,17370,1
0.5391095066185319,17371,1
0.5396634615384616,17372,1
0.539015606242497,17373,1
0.5383693045563549,17374,1
0.5377245508982036,17375,1
0.5382775119617225,17376,1
0.5388291517323776,17377,1
0.5381861575178998,17378,1
0.5375446960667462,17379,1
0.5369047619047619,17380,1
0.5374554102259215,17381,1
0.5368171021377672,17382,1
0.5361803084223014,17383,1
0.5355450236966824,17384,1
0.5360946745562131,17385,1
0.5354609929078015,17386,1
0.5360094451003542,17387,1
0.5365566037735849,17388,1
0.535924617196702,17389,1
0.5352941176470588,17390,1
0.5346650998824912,17391,1
0.534037558685446,17392,1
0.5345838218053928,17393,1
0.5339578454332553,17394,1
0.5345029239766081,17395,1
0.5338785046728972,17396,1
0.5332555425904317,17397,1
0.5326340326340326,17398,1
0.5320139697322468,17399,1
0.5325581395348837,17400,1
0.5319396051103368,17401,1
0.531322505800464,17402,1
0.5318655851680185,17403,1
0.53125,17404,1
0.530635838150289,17405,1
0.5311778290993071,17406,1
0.5305651672433679,17407,1
0.5299539170506913,17408,1
0.5304948216340621,17409,1
0.5298850574712644,17410,1
0.529276693455798,17411,1
0.5298165137614679,17412,1
0.5303550973654066,17413,1
0.5297482837528604,17414,1
0.5291428571428571,17415,1
0.5296803652968036,17416,1
0.5290763968072976,17417,1
0.5296127562642369,17418,1
0.5301478953356087,17419,1
0.5306818181818181,17420,1
0.5312145289443814,17421,1
0.5306122448979592,17422,1
0.5311438278595696,17423,1
0.5305429864253394,17424,1
0.5299435028248588,17425,1
0.5293453724604966,17426,1
0.5287485907553551,17427,1
0.5281531531531531,17428,1
0.5275590551181102,17429,1
0.5280898876404494,17430,1
0.5274971941638609,17431,1
0.5280269058295964,17432,1
0.528555431131019,17433,1
0.529082774049217,17434,1
0.529608938547486,17435,1
0.5290178571428571,17436,1
0.5295429208472687,17437,1
0.5300668151447662,17438,1
0.5294771968854283,17439,1
0.5288888888888889,17440,1
0.5283018867924528,17441,1
0.5277161862527716,17442,1
0.5282392026578073,17443,1
0.5276548672566371,17444,1
0.5270718232044199,17445,1
0.5264900662251656,17446,1
0.525909592061742,17447,1
0.525330396475771,17448,1
0.5258525852585259,17449,1
0.5263736263736264,17450,1
0.5268935236004391,17451,1
0.5263157894736842,17452,1
0.5268346111719606,17453,1
0.526258205689278,17454,1
0.526775956284153,17455,1
0.5262008733624454,17456,1
0.5267175572519084,17457,1
0.5261437908496732,17458,1
0.5266594124047879,17459,1
0.5271739130434783,17460,1
0.5276872964169381,17461,1
0.527114967462039,17462,1
0.5276273022751896,17463,1
0.5281385281385281,17464,1
0.5275675675675676,17465,1
0.5280777537796977,17466,1
0.5275080906148867,17467,1
0.5269396551724138,17468,1
0.527448869752422,17469,1
0.5279569892473118,17470,1
0.527389903329753,17471,1
0.5278969957081545,17472,1
0.5284030010718114,17473,1
0.5289079229122056,17474,1
0.5294117647058824,17475,1
0.5299145299145299,17476,1
0.5304162219850587,17477,1
0.5298507462686567,17478,1
0.5303514376996805,17479,1
0.5308510638297872,17480,1
0.5302869287991498,17481,1
0.5307855626326964,17482,1
0.5302226935312832,17483,1
0.5296610169491526,17484,1
0.5301587301587302,17485,1
0.5306553911205074,17486,1
0.5311510031678986,17487,1
0.5305907172995781,17488,1
0.530031612223393,17489,1
0.5305263157894737,17490,1
0.5299684542586751,17491,1
0.5304621848739496,17492,1
0.5309548793284365,17493,1
0.5303983228511531,17494,1
0.5308900523560209,17495,1
0.5313807531380753,17496,1
0.5308254963427377,17497,1
0.5313152400835073,17498,1
0.5318039624608968,17499,1
0.5322916666666667,17500,1
0.5327783558792925,17501,1
0.5332640332640333,17502,1
0.5337487019730011,17503,1
0.5342323651452282,17504,1
0.5347150259067357,17505,1
0.5341614906832298,17506,1
0.5336091003102379,17507,1
0.5330578512396694,17508,1
0.5335397316821465,17509,1
0.5329896907216495,17510,1
0.5324407826982492,17511,1
0.5329218106995884,17512,1
0.5334018499486125,17513,1
0.5328542094455853,17514,1
0.5323076923076923,17515,1
0.5327868852459017,17516,1
0.5332650972364381,17517,1
0.532719836400818,17518,1
0.5321756894790602,17519,1
0.5316326530612245,17520,1
0.5310907237512742,17521,1
0.5305498981670062,17522,1
0.5300101729399797,17523,1
0.5294715447154471,17524,1
0.5289340101522843,17525,1
0.5283975659229209,17526,1
0.5288753799392097,17527,1
0.52834008097166,17528,1
0.5288169868554095,17529,1
0.5292929292929293,17530,1
0.5297679112008072,17531,1
0.530241935483871,17532,1
0.5307150050352467,17533,1
0.5301810865191147,17534,1
0.5296482412060302,17535,1
0.5291164658634538,17536,1
0.5295887662988967,17537,1
0.530060120240481,17538,1
0.5305305305305306,17539,1
0.531,17540,1
0.5304695304695305,17541,1
0.530938123752495,17542,1
0.5304087736789631,17543,1
0.5298804780876494,17544,1
0.5293532338308458,17545,1
0.5288270377733598,17546,1
0.5292949354518371,17547,1
0.5297619047619048,17548,1
0.5292368681863231,17549,1
0.5297029702970297,17550,1
0.5301681503461919,17551,1
0.5306324110671937,17552,1
0.5301085883514314,17553,1
0.5305719921104537,17554,1
0.5310344827586206,17555,1
0.531496062992126,17556,1
0.5319567354965585,17557,1
0.5324165029469549,17558,1
0.5328753680078508,17559,1
0.5323529411764706,17560,1
0.5318315377081293,17561,1
0.5313111545988258,17562,1
0.5317693059628543,17563,1
0.5322265625,17564,1
0.5326829268292683,17565,1
0.5321637426900585,17566,1
0.5326192794547225,17567,1
0.5330739299610895,17568,1
0.532555879494655,17569,1
0.5330097087378641,17570,1
0.5324927255092143,17571,1
0.5319767441860465,17572,1
0.5324298160696999,17573,1
0.5319148936170213,17574,1
0.5323671497584541,17575,1
0.5328185328185329,17576,1
0.532304725168756,17577,1
0.5327552986512524,17578,1
0.5332050048123196,17579,1
0.5336538461538461,17580,1
0.5331412103746398,17581,1
0.5335892514395394,17582,1
0.5340364333652924,17583,1
0.5335249042145593,17584,1
0.5330143540669856,17585,1
0.5334608030592735,17586,1
0.5329512893982808,17587,1
0.5333969465648855,17588,1
0.5328884652049571,17589,1
0.5333333333333333,17590,1
0.5337773549000951,17591,1
0.5332699619771863,17592,1
0.5327635327635327,17593,1
0.532258064516129,17594,1
0.5327014218009478,17595,1
0.5331439393939394,17596,1
0.532639545884579,17597,1
0.5330812854442344,17598,1
0.5325779036827195,17599,1
0.5320754716981132,17600,1
0.5315739868049011,17601,1
0.532015065913371,17602,1
0.5324553151458138,17603,1
0.5328947368421053,17604,1
0.5333333333333333,17605,1
0.5337711069418386,17606,1
0.5332708528584817,17607,1
0.5327715355805244,17608,1
0.5332086061739943,17609,1
0.5327102803738317,17610,1
0.5331465919701214,17611,1
0.5326492537313433,17612,1
0.5330848089468779,17613,1
0.5335195530726257,17614,1
0.5330232558139535,17615,1
0.5325278810408922,17616,1
0.5329619312906221,17617,1
0.5333951762523191,17618,1
0.5338276181649676,17619,1
0.5333333333333333,17620,1
0.5328399629972248,17621,1
0.532347504621072,17622,1
0.5327793167128347,17623,1
0.533210332103321,17624,1
0.5327188940092166,17625,1
0.5331491712707183,17626,1
0.5335786568537259,17627,1
0.5330882352941176,17628,1
0.5325987144168962,17629,1
0.5330275229357798,17630,1
0.5334555453712191,17631,1
0.5338827838827839,17632,1
0.5333943275388838,17633,1
0.5338208409506399,17634,1
0.5342465753424658,17635,1
0.5346715328467153,17636,1
0.5341841385597083,17637,1
0.5336976320582878,17638,1
0.5341219290263877,17639,1
0.5345454545454545,17640,1
0.5349682107175295,17641,1
0.5353901996370236,17642,1
0.5349048050770625,17643,1
0.5344202898550725,17644,1
0.534841628959276,17645,1
0.5352622061482821,17646,1
0.5356820234869015,17647,1
0.5351985559566786,17648,1
0.5356176735798016,17649,1
0.536036036036036,17650,1
0.5364536453645364,17651,1
0.5368705035971223,17652,1
0.5372866127583109,17653,1
0.5368043087971275,17654,1
0.537219730941704,17655,1
0.5376344086021505,17656,1
0.5380483437779767,17657,1
0.537567084078712,17658,1
0.5379803395889187,17659,1
0.5383928571428571,17660,1
0.5379125780553078,17661,1
0.5383244206773619,17662,1
0.5387355298308103,17663,1
0.5382562277580071,17664,1
0.5377777777777778,17665,1
0.5373001776198935,17666,1
0.5368234250221828,17667,1
0.5372340425531915,17668,1
0.537643932683791,17669,1
0.5371681415929204,17670,1
0.5366931918656057,17671,1
0.5371024734982333,17672,1
0.5375110326566638,17673,1
0.5370370370370371,17674,1
0.5365638766519824,17675,1
0.5360915492957746,17676,1
0.5364995602462621,17677,1
0.5369068541300527,17678,1
0.5364354697102721,17679,1
0.5368421052631579,17680,1
0.537248028045574,17681,1
0.5367775831873906,17682,1
0.5363079615048119,17683,1
0.5358391608391608,17684,1
0.5362445414847161,17685,1
0.5366492146596858,17686,1
0.5370531822144725,17687,1
0.5374564459930313,17688,1
0.5369886858137511,17689,1
0.5373913043478261,17690,1
0.5377932232841007,17691,1
0.5373263888888888,17692,1
0.5368603642671292,17693,1
0.537261698440208,17694,1
0.5376623376623376,17695,1
0.5380622837370242,17696,1
0.5375972342264477,17697,1
0.5379965457685665,17698,1
0.5375323554788611,17699,1
0.5379310344827586,17700,1
0.5383290267011197,17701,1
0.5387263339070568,17702,1
0.5391229578675838,17703,1
0.5395189003436426,17704,1
0.5399141630901287,17705,1
0.5394511149228131,17706,1
0.5389888603256212,17707,1
0.538527397260274,17708,1
0.5389221556886228,17709,1
0.5384615384615384,17710,1
0.53800170794193,17711,1
0.53839590443686,17712,1
0.5379369138959932,17713,1
0.5374787052810903,17714,1
0.5370212765957447,17715,1
0.5374149659863946,17716,1
0.5378079864061173,17717,1
0.5373514431239389,17718,1
0.53774385072095,17719,1
0.538135593220339,17720,1
0.5376799322607959,17721,1
0.5380710659898477,17722,1
0.5384615384615384,17723,1
0.5388513513513513,17724,1
0.5383966244725739,17725,1
0.5379426644182125,17726,1
0.5374894692502106,17727,1
0.5378787878787878,17728,1
0.5382674516400336,17729,1
0.5378151260504201,17730,1
0.5382031905961377,17731,1
0.537751677852349,17732,1
0.5381391450125733,17733,1
0.5385259631490787,17734,1
0.5389121338912134,17735,1
0.5384615384615384,17736,1
0.5380116959064327,17737,1
0.5383973288814691,17738,1
0.5387823185988324,17739,1
0.5391666666666667,17740,1
0.5387177352206495,17741,1
0.538269550748752,17742,1
0.5378221113881961,17743,1
0.5382059800664452,17744,1
0.5385892116182572,17745,1
0.5381426202321725,17746,1
0.5376967688483845,17747,1
0.5372516556291391,17748,1
0.5368072787427626,17749,1
0.5363636363636364,17750,1
0.5359207266721717,17751,1
0.5363036303630363,17752,1
0.5366859027205276,17753,1
0.5370675453047776,17754,1
0.5374485596707819,17755,1
0.5370065789473685,17756,1
0.5365653245686114,17757,1
0.5369458128078818,17758,1
0.5373256767842494,17759,1
0.5377049180327869,17760,1
0.5372645372645373,17761,1
0.5368248772504092,17762,1
0.5372035977105478,17763,1
0.5367647058823529,17764,1
0.5371428571428571,17765,1
0.5375203915171288,17766,1
0.5378973105134475,17767,1
0.5374592833876222,17768,1
0.5370219690805533,17769,1
0.5365853658536586,17770,1
0.536961819658814,17771,1
0.536525974025974,17772,1
0.5360908353609084,17773,1
0.5364667747163695,17774,1
0.5360323886639676,17775,1
0.5364077669902912,17776,1
0.5367825383993533,17777,1
0.537156704361874,17778,1
0.536723163841808,17779,1
0.5370967741935484,17780,1
0.5374697824335214,17781,1
0.537842190016103,17782,1
0.5382139983909895,17783,1
0.5377813504823151,17784,1
0.5373493975903615,17785,1
0.5369181380417335,17786,1
0.53728949478749,17787,1
0.5376602564102564,17788,1
0.5372297838270617,17789,1
0.5376,17790,1
0.5379696243005595,17791,1
0.5375399361022364,17792,1
0.5379090183559457,17793,1
0.5382775119617225,17794,1
0.5386454183266932,17795,1
0.5382165605095541,17796,1
0.5377883850437549,17797,1
0.5381558028616852,17798,1
0.5385226370135028,17799,1
0.5388888888888889,17800,1
0.5384615384615384,17801,1
0.5388272583201268,17802,1
0.5384006334125099,17803,1
0.5379746835443038,17804,1
0.5375494071146245,17805,1
0.5379146919431279,17806,1
0.5374901341752171,17807,1
0.5370662460567823,17808,1
0.5366430260047281,17809,1
0.537007874015748,17810,1
0.5365853658536586,17811,1
0.5361635220125787,17812,1
0.5365278868813825,17813,1
0.5361067503924647,17814,1
0.5364705882352941,17815,1
0.5360501567398119,17816,1
0.5364134690681285,17817,1
0.5367762128325508,17818,1
0.5371383893666928,17819,1
0.53671875,17820,1
0.537080405932865,17821,1
0.5374414976599063,17822,1
0.5378020265003897,17823,1
0.5373831775700935,17824,1
0.5377431906614786,17825,1
0.5381026438569206,17826,1
0.5384615384615384,17827,1
0.5380434782608695,17828,1
0.5384018619084562,17829,1
0.5387596899224806,17830,1
0.5383423702556158,17831,1
0.5386996904024768,17832,1
0.5382830626450116,17833,1
0.5386398763523956,17834,1
0.538996138996139,17835,1
0.5393518518518519,17836,1
0.5397070161912105,17837,1
0.5400616332819723,17838,1
0.5396458814472671,17839,1
0.54,17840,1
0.5395849346656418,17841,1
0.5391705069124424,17842,1
0.5395241749808135,17843,1
0.5398773006134969,17844,1
0.5402298850574713,17845,1
0.5405819295558959,17846,1
0.5409334353481254,17847,1
0.540519877675841,17848,1
0.5408708938120703,17849,1
0.5412213740458015,17850,1
0.5415713196033562,17851,1
0.5453172205438066,18514,1
0.5460030165912518,18515,1
0.5451807228915663,18516,1
0.5458646616541354,18517,1
0.5465465465465466,18518,1
0.545727136431784,18519,1
0.5464071856287425,18520,1
0.5455904334828101,18521,1
0.5447761194029851,18522,1
0.5439642324888226,18523,1
0.5431547619047619,18524,1
0.5423476968796433,18525,1
0.5415430267062314,18526,1
0.5422222222222223,18527,1
0.5428994082840237,18528,1
0.5420974889217134,18529,1
0.5412979351032449,18530,1
0.5419734904270986,18531,1
0.5411764705882353,18532,1
0.540381791483113,18533,1
0.5395894428152492,18534,1
0.5402635431918009,18535,1
0.5394736842105263,18536,1
0.5401459854014599,18537,1
0.5393586005830904,18538,1
0.5400291120815138,18539,1
0.5406976744186046,18540,1
0.5399129172714079,18541,1
0.5405797101449276,18542,1
0.5412445730824892,18543,1
0.5404624277456648,18544,1
0.5411255411255411,18545,1
0.5417867435158501,18546,1
0.5424460431654676,18547,1
0.5416666666666666,18548,1
0.5408895265423243,18549,1
0.5415472779369628,18550,1
0.542203147353362,18551,1
0.5414285714285715,18552,1
0.5406562054208274,18553,1
0.5398860398860399,18554,1
0.5405405405405406,18555,1
0.5397727272727273,18556,1
0.5404255319148936,18557,1
0.5396600566572238,18558,1
0.5388967468175389,18559,1
0.538135593220339,18560,1
0.53737658674189,18561,1
0.5380281690140845,18562,1
0.5386779184247539,18563,1
0.5393258426966292,18564,1
0.5385694249649369,18565,1
0.5392156862745098,18566,1
0.5384615384615384,18567,1
0.5377094972067039,18568,1
0.5383542538354253,18569,1
0.5389972144846796,18570,1
0.5382475660639777,18571,1
0.5388888888888889,18572,1
0.5395284327323162,18573,1
0.5401662049861495,18574,1
0.5408022130013831,18575,1
0.5414364640883977,18576,1
0.5420689655172414,18577,1
0.5426997245179064,18578,1
0.5419532324621733,18579,1
0.5425824175824175,18580,1
0.5432098765432098,18581,1
0.5438356164383562,18582,1
0.5430916552667578,18583,1
0.5437158469945356,18584,1
0.5443383356070941,18585,1
0.5449591280653951,18586,1
0.54421768707483,18587,1
0.5448369565217391,18588,1
0.5454545454545454,18589,1
0.5447154471544715,18590,1
0.543978349120433,18591,1
0.5445945945945946,18592,1
0.543859649122807,18593,1
0.5444743935309974,18594,1
0.5450874831763123,18595,1
0.5443548387096774,18596,1
0.5449664429530201,18597,1
0.5442359249329759,18598,1
0.5448460508701473,18599,1
0.5441176470588235,18600,1
0.5433911882510013,18601,1
0.5426666666666666,18602,1
0.5419440745672437,18603,1
0.5425531914893617,18604,1
0.5431606905710491,18605,1
0.5437665782493368,18606,1
0.5443708609271524,18607,1
0.544973544973545,18608,1
0.5442536327608983,18609,1
0.5435356200527705,18610,1
0.544137022397892,18611,1
0.5434210526315789,18612,1
0.5440210249671484,18613,1
0.5433070866141733,18614,1
0.5439056356487549,18615,1
0.5445026178010471,18616,1
0.5437908496732026,18617,1
0.5430809399477807,18618,1
0.5436766623207301,18619,1
0.5442708333333334,18620,1
0.5448634590377113,18621,1
0.5454545454545454,18622,1
0.5447470817120622,18623,1
0.5453367875647669,18624,1
0.5459249676584734,18625,1
0.5465116279069767,18626,1
0.5470967741935484,18627,1
0.5463917525773195,18628,1
0.546975546975547,18629,1
0.5475578406169666,18630,1
0.5481386392811296,18631,1
0.5487179487179488,18632,1
0.5480153649167734,18633,1
0.5473145780051151,18634,1
0.5478927203065134,18635,1
0.5471938775510204,18636,1
0.5477707006369427,18637,1
0.5483460559796438,18638,1
0.5489199491740788,18639,1
0.549492385786802,18640,1
0.5487959442332065,18641,1
0.549367088607595,18642,1
0.549936788874842,18643,1
0.5492424242424242,18644,1
0.5498108448928121,18645,1
0.5503778337531486,18646,1
0.549685534591195,18647,1
0.550251256281407,18648,1
0.5508155583437893,18649,1
0.550125313283208,18650,1
0.5494367959949937,18651,1
0.54875,18652,1
0.5493133583021224,18653,1
0.5498753117206983,18654,1
0.5491905354919053,18655,1
0.5485074626865671,18656,1
0.5478260869565217,18657,1
0.5471464019851117,18658,1
0.5464684014869888,18659,1
0.5470297029702971,18660,1
0.5475896168108776,18661,1
0.5469135802469136,18662,1
0.5474722564734895,18663,1
0.5467980295566502,18664,1
0.5473554735547356,18665,1
0.5466830466830467,18666,1
0.5460122699386503,18667,1
0.5453431372549019,18668,1
0.5458996328029376,18669,1
0.5452322738386308,18670,1
0.5457875457875457,18671,1
0.5463414634146342,18672,1
0.5468940316686967,18673,1
0.5462287104622872,18674,1
0.5467800729040098,18675,1
0.5473300970873787,18676,1
0.5466666666666666,18677,1
0.5460048426150121,18678,1
0.5453446191051995,18679,1
0.5458937198067633,18680,1
0.5464414957780458,18681,1
0.5457831325301205,18682,1
0.5451263537906137,18683,1
0.5456730769230769,18684,1
0.5462184873949579,18685,1
0.5455635491606715,18686,1
0.5449101796407185,18687,1
0.5442583732057417,18688,1
0.5448028673835126,18689,1
0.545346062052506,18690,1
0.5458879618593564,18691,1
0.5464285714285714,18692,1
0.5469678953626635,18693,1
0.5475059382422803,18694,1
0.5468564650059312,18695,1
0.54739336492891,18696,1
0.5467455621301776,18697,1
0.5460992907801419,18698,1
0.5466351829988194,18699,1
0.5459905660377359,18700,1
0.5465253239104829,18701,1
0.5458823529411765,18702,1
0.5464159811985899,18703,1
0.5469483568075117,18704,1
0.5474794841735052,18705,1
0.5480093676814989,18706,1
0.5473684210526316,18707,1
0.5478971962616822,18708,1
0.5484247374562428,18709,1
0.548951048951049,18710,1
0.5483119906868452,18711,1
0.5488372093023256,18712,1
0.5481997677119629,18713,1
0.5475638051044084,18714,1
0.5469293163383546,18715,1
0.5462962962962963,18716,1
0.5468208092485549,18717,1
0.546189376443418,18718,1
0.5455594002306805,18719,1
0.5449308755760369,18720,1
0.5454545454545454,18721,1
0.5459770114942529,18722,1
0.5453501722158438,18723,1
0.5458715596330275,18724,1
0.5463917525773195,18725,1
0.545766590389016,18726,1
0.5451428571428572,18727,1
0.5445205479452054,18728,1
0.5438996579247435,18729,1
0.5444191343963554,18730,1
0.5449374288964732,18731,1
0.5443181818181818,18732,1
0.5448354143019296,18733,1
0.5453514739229025,18734,1
0.5458663646659117,18735,1
0.5463800904977375,18736,1
0.5457627118644067,18737,1
0.54627539503386,18738,1
0.5456595264937993,18739,1
0.545045045045045,18740,1
0.5444319460067492,18741,1
0.5438202247191011,18742,1
0.5443322109988776,18743,1
0.5448430493273543,18744,1
0.5442329227323628,18745,1
0.5447427293064877,18746,1
0.5441340782122905,18747,1
0.5446428571428571,18748,1
0.5440356744704571,18749,1
0.5434298440979956,18750,1
0.5439377085650723,18751,1
0.5433333333333333,18752,1
0.5438401775804661,18753,1
0.5432372505543237,18754,1
0.5437430786267996,18755,1
0.543141592920354,18756,1
0.543646408839779,18757,1
0.5441501103752759,18758,1
0.5435501653803748,18759,1
0.5429515418502202,18760,1
0.5434543454345434,18761,1
0.5428571428571428,18762,1
0.5433589462129528,18763,1
0.543859649122807,18764,1
0.5432639649507119,18765,1
0.5437636761487965,18766,1
0.5442622950819672,18767,1
0.5447598253275109,18768,1
0.5452562704471101,18769,1
0.5446623093681917,18770,1
0.544069640914037,18771,1
0.5445652173913044,18772,1
0.5439739413680782,18773,1
0.544468546637744,18774,1
0.5438786565547129,18775,1
0.5443722943722944,18776,1
0.5448648648648649,18777,1
0.5453563714902808,18778,1
0.5458468176914779,18779,1
0.5452586206896551,18780,1
0.5446716899892358,18781,1
0.5451612903225806,18782,1
0.5445757250268528,18783,1
0.5450643776824035,18784,1
0.5455519828510182,18785,1
0.5460385438972163,18786,1
0.546524064171123,18787,1
0.5470085470085471,18788,1
0.5464247598719317,18789,1
0.5469083155650319,18790,1
0.5463258785942492,18791,1
0.5468085106382978,18792,1
0.5472901168969182,18793,1
0.5477707006369427,18794,1
0.5471898197242842,18795,1
0.5476694915254238,18796,1
0.5481481481481482,18797,1
0.547568710359408,18798,1
0.5469904963041182,18799,1
0.5474683544303798,18800,1
0.5468914646996839,18801,1
0.5473684210526316,18802,1
0.5467928496319664,18803,1
0.5462184873949579,18804,1
0.546694648478489,18805,1
0.5461215932914046,18806,1
0.5465968586387434,18807,1
0.547071129707113,18808,1
0.5464994775339603,18809,1
0.5469728601252609,18810,1
0.5464025026068822,18811,1
0.546875,18812,1
0.5473465140478668,18813,1
0.5478170478170478,18814,1
0.5482866043613707,18815,1
0.5487551867219918,18816,1
0.5481865284974093,18817,1
0.5486542443064182,18818,1
0.5480868665977249,18819,1
0.5485537190082644,18820,1
0.5490196078431373,18821,1
0.5494845360824743,18822,1
0.5499485066941298,18823,1
0.5493827160493827,18824,1
0.5498458376156218,18825,1
0.5492813141683778,18826,1
0.5497435897435897,18827,1
0.5502049180327869,18828,1
0.5496417604912999,18829,1
0.549079754601227,18830,1
0.5485188968335035,18831,1
0.5479591836734694,18832,1
0.5484199796126402,18833,1
0.5478615071283096,18834,1
0.5483214649033571,18835,1
0.5487804878048781,18836,1
0.5482233502538071,18837,1
0.5476673427991886,18838,1
0.5481256332320162,18839,1
0.548582995951417,18840,1
0.5490394337714863,18841,1
0.5494949494949495,18842,1
0.549949545913219,18843,1
0.5493951612903226,18844,1
0.5498489425981873,18845,1
0.5492957746478874,18846,1
0.549748743718593,18847,1
0.5491967871485943,18848,1
0.5496489468405216,18849,1
0.5501002004008017,18850,1
0.5505505505505506,18851,1
0.55,18852,1
0.5504495504495505,18853,1
0.5508982035928144,18854,1
0.5503489531405783,18855,1
0.5507968127490039,18856,1
0.5512437810945273,18857,1
0.55168986083499,18858,1
0.5521350546176763,18859,1
0.5525793650793651,18860,1
0.5520317145688801,18861,1
0.5524752475247525,18862,1
0.5519287833827893,18863,1
0.5523715415019763,18864,1
0.5518262586377097,18865,1
0.5512820512820513,18866,1
0.5507389162561577,18867,1
0.5511811023622047,18868,1
0.5506391347099312,18869,1
0.5510805500982319,18870,1
0.55053974484789,18871,1
0.55,18872,1
0.5504407443682664,18873,1
0.550880626223092,18874,1
0.5513196480938416,18875,1
0.5517578125,18876,1
0.551219512195122,18877,1
0.550682261208577,18878,1
0.5501460564751705,18879,1
0.5505836575875487,18880,1
0.5510204081632653,18881,1
0.5514563106796116,18882,1
0.5518913676042677,18883,1
0.5523255813953488,18884,1
0.5517909002904162,18885,1
0.5522243713733076,18886,1
0.5526570048309178,18887,1
0.553088803088803,18888,1
0.5525554484088717,18889,1
0.5529865125240848,18890,1
0.5534167468719923,18891,1
0.5538461538461539,18892,1
0.553314121037464,18893,1
0.553742802303263,18894,1
0.5532118887823586,18895,1
0.553639846743295,18896,1
0.554066985645933,18897,1
0.5544933078393881,18898,1
0.55396370582617,18899,1
0.5543893129770993,18900,1
0.5548141086749285,18901,1
0.5542857142857143,18902,1
0.5547098001902949,18903,1
0.5541825095057035,18904,1
0.5546058879392213,18905,1
0.5550284629981025,18906,1
0.5554502369668246,18907,1
0.5549242424242424,18908,1
0.554399243140965,18909,1
0.553875236294896,18910,1
0.554296506137866,18911,1
0.5537735849056604,18912,1
0.5532516493873704,18913,1
0.5527306967984934,18914,1
0.5531514581373471,18915,1
0.5535714285714286,18916,1
0.5530516431924882,18917,1
0.5534709193245778,18918,1
0.5529522024367385,18919,1
0.5533707865168539,18920,1
0.5528531337698784,18921,1
0.5532710280373832,18922,1
0.5536881419234361,18923,1
0.5541044776119403,18924,1
0.554520037278658,18925,1
0.5540037243947858,18926,1
0.5534883720930233,18927,1
0.5539033457249071,18928,1
0.5543175487465181,18929,1
0.5547309833024119,18930,1
0.5542168674698795,18931,1
0.5546296296296296,18932,1
0.5541165587419057,18933,1
0.5545286506469501,18934,1
0.554016620498615,18935,1
0.5535055350553506,18936,1
0.5539170506912442,18937,1
0.5543278084714549,18938,1
0.5547378104875805,18939,1
0.5542279411764706,18940,1
0.5546372819100092,18941,1
0.555045871559633,18942,1
0.5545371219065078,18943,1
0.5540293040293041,18944,1
0.5535224153705398,18945,1
0.553016453382084,18946,1
0.5534246575342465,18947,1
0.5538321167883211,18948,1
0.5533272561531449,18949,1
0.5528233151183971,18950,1
0.5523202911737943,18951,1
0.5518181818181818,18952,1
0.5522252497729337,18953,1
0.5526315789473685,18954,1
0.5530371713508613,18955,1
0.5534420289855072,18956,1
0.5538461538461539,18957,1
0.5533453887884268,18958,1
0.5537488708220416,18959,1
0.5532490974729242,18960,1
0.5536519386834986,18961,1
0.5540540540540541,18962,1
0.5544554455445545,18963,1
0.5539568345323741,18964,1
0.5543575920934412,18965,1
0.5547576301615799,18966,1
0.5551569506726457,18967,1
0.5555555555555556,18968,1
0.5559534467323187,18969,1
0.5554561717352415,18970,1
0.5558534405719392,18971,1
0.55625,18972,1
0.5566458519179304,18973,1
0.5570409982174688,18974,1
0.5565449688334817,18975,1
0.556049822064057,18976,1
0.5564444444444444,18977,1
0.5559502664298401,18978,1
0.5554569653948536,18979,1
0.5558510638297872,18980,1
0.5562444641275465,18981,1
0.5566371681415929,18982,1
0.5561450044208665,18983,1
0.5565371024734982,18984,1
0.5569285083848191,18985,1
0.5573192239858906,18986,1
0.5568281938325991,18987,1
0.5572183098591549,18988,1
0.5576077396657871,18989,1
0.5579964850615114,18990,1
0.5575065847234416,18991,1
0.5570175438596491,18992,1
0.5565293602103418,18993,1
0.5569176882661997,18994,1
0.5573053368328958,18995,1
0.5576923076923077,18996,1
0.5572052401746724,18997,1
0.5567190226876091,18998,1
0.5571054925893636,18999,1
0.5574912891986062,19000,1
0.557006092254134,19001,1
0.5573913043478261,19002,1
0.5577758470894874,19003,1
0.5581597222222222,19004,1
0.5576756287944492,19005,1
0.5580589254766031,19006,1
0.5584415584415584,19007,1
0.5588235294117647,19008,1
0.5592048401037165,19009,1
0.5587219343696027,19010,1
0.5582398619499569,19011,1
0.5586206896551724,19012,1
0.5590008613264428,19013,1
0.5585197934595525,19014,1
0.5588993981083406,19015,1
0.5584192439862543,19016,1
0.5579399141630901,19017,1
0.5574614065180102,19018,1
0.5578406169665809,19019,1
0.5582191780821918,19020,1
0.5585970915312233,19021,1
0.5581196581196581,19022,1
0.5584970111016225,19023,1
0.5588737201365188,19024,1
0.5583972719522592,19025,1
0.5579216354344123,19026,1
0.5582978723404255,19027,1
0.5578231292517006,19028,1
0.5573491928632116,19029,1
0.5568760611205433,19030,1
0.5572519083969466,19031,1
0.5576271186440678,19032,1
0.5580016934801016,19033,1
0.5583756345177665,19034,1
0.5579036348267118,19035,1
0.558277027027027,19036,1
0.5586497890295359,19037,1
0.5581787521079258,19038,1
0.5577085088458298,19039,1
0.5580808080808081,19040,1
0.5584524810765349,19041,1
0.5579831932773109,19042,1
0.5575146935348446,19043,1
0.5570469798657718,19044,1
0.5574182732606874,19045,1
0.5577889447236181,19046,1
0.5581589958158996,19047,1
0.5576923076923077,19048,1
0.5572263993316625,19049,1
0.5575959933222037,19050,1
0.5571309424520434,19051,1
0.5575,19052,1
0.5578684429641965,19053,1
0.5574043261231281,19054,1
0.5577722360764755,19055,1
0.5581395348837209,19056,1
0.5585062240663901,19057,1
0.5588723051409619,19058,1
0.5592377796188898,19059,1
0.5587748344370861,19060,1
0.5583126550868487,19061,1
0.5586776859504132,19062,1
0.5590421139554087,19063,1
0.5594059405940595,19064,1
0.5597691673536686,19065,1
0.5601317957166392,19066,1
0.5604938271604938,19067,1
0.5608552631578947,19068,1
0.561216105176664,19069,1
0.5607553366174056,19070,1
0.561115668580804,19071,1
0.5614754098360656,19072,1
0.561015561015561,19073,1
0.560556464811784,19074,1
0.5609157808667212,19075,1
0.5612745098039216,19076,1
0.5616326530612245,19077,1
0.5619902120717781,19078,1
0.5623471882640587,19079,1
0.5627035830618893,19080,1
0.5630593978844589,19081,1
0.5626016260162602,19082,1
0.5621445978878961,19083,1
0.5625,19084,1
0.5620437956204379,19085,1
0.5623987034035657,19086,1
0.562753036437247,19087,1
0.5622977346278317,19088,1
0.5626515763945028,19089,1
0.5630048465266559,19090,1
0.5633575464083939,19091,1
0.5637096774193548,19092,1
0.5640612409347301,19093,1
0.5636070853462157,19094,1
0.5639581657280772,19095,1
0.5643086816720257,19096,1
0.5646586345381526,19097,1
0.565008025682183,19098,1
0.5645549318364074,19099,1
0.5641025641025641,19100,1
0.5644515612489992,19101,1
0.5648,19102,1
0.5643485211830536,19103,1
0.5638977635782748,19104,1
0.5634477254588987,19105,1
0.5629984051036683,19106,1
0.5633466135458167,19107,1
0.5628980891719745,19108,1
0.5632458233890215,19109,1
0.5635930047694754,19110,1
0.5639396346306592,19111,1
0.5642857142857143,19112,1
0.5638382236320381,19113,1
0.5641838351822503,19114,1
0.5637371338083927,19115,1
0.5640822784810127,19116,1
0.5636363636363636,19117,1
0.5639810426540285,19118,1
0.56353591160221,19119,1
0.5630914826498423,19120,1
0.5634357762017337,19121,1
0.5637795275590551,19122,1
0.5641227380015735,19123,1
0.5644654088050315,19124,1
0.5648075412411626,19125,1
0.565149136577708,19126,1
0.5647058823529412,19127,1
0.5650470219435737,19128,1
0.5646045418950666,19129,1
0.564945226917058,19130,1
0.5645035183737295,19131,1
0.5640625,19132,1
0.5636221701795472,19133,1
0.5631825273010921,19134,1
0.5635229929851909,19135,1
0.5630841121495327,19136,1
0.5634241245136187,19137,1
0.5629860031104199,19138,1
0.5633255633255633,19139,1
0.562888198757764,19140,1
0.5624515128006207,19141,1
0.562015503875969,19142,1
0.5623547637490317,19143,1
0.5626934984520123,19144,1
0.563031709203403,19145,1
0.5625965996908809,19146,1
0.5629343629343629,19147,1
0.5625,19148,1
0.5620663068619892,19149,1
0.561633281972265,19150,1
0.5612009237875288,19151,1
0.5607692307692308,19152,1
0.5603382013835511,19153,1
0.5606758832565284,19154,1
0.5602455871066769,19155,1
0.5605828220858896,19156,1
0.5609195402298851,19157,1
0.5604900459418071,19158,1
0.5608263198163733,19159,1
0.5611620795107034,19160,1
0.5614973262032086,19161,1
0.5618320610687023,19162,1
0.5621662852784134,19163,1
