date,season,second_half,home_team,away_team,result,home_ml,away_ml,bookmaker_profit,ml_prob,bt_prob,game_url
2025-01-05,2025,1,det,min,1,-157,130,0.0456775503298934,0.5842096748099014,0.5595903467689455,https://www.oddsportal.com/american-football/usa/nfl-2024-2025/detroit-lions-minnesota-vikings-zFfW3JlI/
2025-01-05,2025,1,ari,sf,1,-225,179,0.0507306313757927,0.6588821831540278,0.5398080811937473,https://www.oddsportal.com/american-football/usa/nfl-2024-2025/arizona-cardinals-san-francisco-49ers-lr4dit5C/
2025-01-05,2025,1,den,kc,1,-641,445,0.04853347200039604,0.8250067895476391,0.05219584651768333,https://www.oddsportal.com/american-football/usa/nfl-2024-2025/denver-broncos-kansas-city-chiefs-SliO5uK5/
2025-01-05,2025,1,oak,lac,0,252,-333,0.05314402687381903,0.26975503999601286,0.13508607765230884,https://www.oddsportal.com/american-football/usa/nfl-2024-2025/las-vegas-raiders-los-angeles-chargers-0GU4II3B/
2025-01-05,2025,1,lar,sea,0,261,-347,0.05329466371686897,0.26299222790306354,0.593798029133687,https://www.oddsportal.com/american-football/usa/nfl-2024-2025/los-angeles-rams-seattle-seahawks-S2WdKvZb/
2025-01-05,2025,1,nyj,mia,1,-129,106,0.04875567049646001,0.5371306140599101,0.24638884190829347,https://www.oddsportal.com/american-football/usa/nfl-2024-2025/new-york-jets-miami-dolphins-SQEqBzdo/
2025-01-05,2025,1,atl,car,0,-410,307,0.049621814327696745,0.7659154541699178,0.8505157437829999,https://www.oddsportal.com/american-football/usa/nfl-2024-2025/atlanta-falcons-carolina-panthers-d874kKZO/
2025-01-05,2025,1,dal,wsh,0,257,-333,0.04916516260083714,0.26698565183344536,0.290104662605016,https://www.oddsportal.com/american-football/usa/nfl-2024-2025/dallas-cowboys-washington-commanders-8nyN71kg/
2025-01-05,2025,1,gb,chi,0,-496,354,0.05247908228128795,0.7907185796954885,0.9647916387321024,https://www.oddsportal.com/american-football/usa/nfl-2024-2025/green-bay-packers-chicago-bears-dUru2cJU/
2025-01-05,2025,1,ind,jax,1,-194,153,0.05512086257427873,0.6253918095869117,0.776957419150171,https://www.oddsportal.com/american-football/usa/nfl-2024-2025/indianapolis-colts-jacksonville-jaguars-ngOlM04n/
2025-01-05,2025,1,ne,buf,1,145,-179,0.04974032623802205,0.38882307853111286,0.02001872613212015,https://www.oddsportal.com/american-football/usa/nfl-2024-2025/new-england-patriots-buffalo-bills-drODGdYN/
2025-01-05,2025,1,phi,nyg,1,-159,130,0.04868222259526611,0.5854009924763887,0.9422966479876184,https://www.oddsportal.com/american-football/usa/nfl-2024-2025/philadelphia-eagles-new-york-giants-4hktBIBi/
2025-01-05,2025,1,tb,no,1,-1353,742,0.049941721035845266,0.8868843448867519,0.8091948948655208,https://www.oddsportal.com/american-football/usa/nfl-2024-2025/tampa-bay-buccaneers-new-orleans-saints-nysc7zBG/
2025-01-05,2025,1,ten,hou,0,-149,122,0.04884402474763916,0.5705267515264411,0.08151470131659629,https://www.oddsportal.com/american-football/usa/nfl-2024-2025/tennessee-titans-houston-texans-Klu55EuT/
2025-01-04,2025,1,pit,cin,0,114,-138,0.04712165239927746,0.44626115652891324,0.7050025109544364,https://www.oddsportal.com/american-football/usa/nfl-2024-2025/pittsburgh-steelers-cincinnati-bengals-j9ml9dt4/
2025-01-04,2025,1,bal,cle,1,-3130,1139,0.04975049787979424,0.9231148255087394,0.9527648880956942,https://www.oddsportal.com/american-football/usa/nfl-2024-2025/baltimore-ravens-cleveland-browns-zZxF9NKt/
2024-12-30,2025,1,sf,det,0,177,-223,0.05141330710509551,0.34335767664848893,0.05848450105297553,https://www.oddsportal.com/american-football/usa/nfl-2024-2025/san-francisco-49ers-detroit-lions-6s15gBUr/
2024-12-29,2025,1,wsh,atl,1,-198,157,0.05353458856710103,0.6306670302158988,0.539122876127413,https://www.oddsportal.com/american-football/usa/nfl-2024-2025/washington-commanders-atlanta-falcons-SSFmg2z0/
2024-12-29,2025,1,min,gb,1,-112,-108,0.0475326560232221,0.5043297540699688,0.561555560963127,https://www.oddsportal.com/american-football/usa/nfl-2024-2025/minnesota-vikings-green-bay-packers-86aapYiS/
2024-12-29,2025,1,cle,mia,0,157,-194,0.048969003943990064,0.37094047288601784,0.2203257167902857,https://www.oddsportal.com/american-football/usa/nfl-2024-2025/cleveland-browns-miami-dolphins-M9PYbX6L/
2024-12-29,2025,1,buf,nyj,1,-536,372,0.05463170237714543,0.7991105271137615,0.9678723928931314,https://www.oddsportal.com/american-football/usa/nfl-2024-2025/buffalo-bills-new-york-jets-vR7rlGh3/
2024-12-29,2025,1,jax,ten,1,-108,-111,0.04529711994166963,0.49673031650536237,0.41200951447889256,https://www.oddsportal.com/american-football/usa/nfl-2024-2025/jacksonville-jaguars-tennessee-titans-0tdinfNF/
2024-12-29,2025,1,no,oak,0,102,-123,0.04661901167695248,0.4729987697789844,0.6988913598749316,https://www.oddsportal.com/american-football/usa/nfl-2024-2025/new-orleans-saints-las-vegas-raiders-QNuWvCFk/
2024-12-29,2025,1,nyg,ind,1,298,-392,0.048004248886710066,0.2397473881178855,0.1923701861634252,https://www.oddsportal.com/american-football/usa/nfl-2024-2025/new-york-giants-indianapolis-colts-MVCueO5m/
2024-12-29,2025,1,phi,dal,1,-380,287,0.050064599483204075,0.7539218701937865,0.8219963732396699,https://www.oddsportal.com/american-football/usa/nfl-2024-2025/philadelphia-eagles-dallas-cowboys-EqMQ0gx9/
2024-12-29,2025,1,tb,car,1,-529,377,0.05066109394633256,0.8004650528339355,0.8713676817874921,https://www.oddsportal.com/american-football/usa/nfl-2024-2025/tampa-bay-buccaneers-carolina-panthers-byvvwjp2/
2024-12-28,2025,1,lar,ari,1,-321,247,0.05065474682894444,0.7257096692228006,0.6511574337664799,https://www.oddsportal.com/american-football/usa/nfl-2024-2025/los-angeles-rams-arizona-cardinals-zy8LkTT7/
2024-12-28,2025,1,cin,den,1,-180,145,0.05102040816326525,0.6116504854368933,0.2808655392989315,https://www.oddsportal.com/american-football/usa/nfl-2024-2025/cincinnati-bengals-denver-broncos-v9ECikae/
2024-12-28,2025,1,ne,lac,0,224,-284,0.04822530864197527,0.2944423997055576,0.07938490893251739,https://www.oddsportal.com/american-football/usa/nfl-2024-2025/new-england-patriots-los-angeles-chargers-SUf7DWLE/
2024-12-26,2025,1,chi,sea,0,187,-229,0.044480687967973775,0.33359358364681674,0.1397205355378347,https://www.oddsportal.com/american-football/usa/nfl-2024-2025/chicago-bears-seattle-seahawks-CKFdQC0d/
2024-12-25,2025,1,hou,bal,0,248,-319,0.048692837352207086,0.27401381186564816,0.38058169915903867,https://www.oddsportal.com/american-football/usa/nfl-2024-2025/houston-texans-baltimore-ravens-hIaeSYVq/
2024-12-25,2025,1,pit,kc,0,108,-131,0.04786879786879794,0.45880670533089696,0.08753189356229958,https://www.oddsportal.com/american-football/usa/nfl-2024-2025/pittsburgh-steelers-kansas-city-chiefs-dnEPXf8M/
2024-12-23,2025,1,gb,no,1,-1112,686,0.04471821227924311,0.8782193498601332,0.9397668094804545,https://www.oddsportal.com/american-football/usa/nfl-2024-2025/green-bay-packers-new-orleans-saints-0KKGZGwA/
2024-12-22,2025,1,dal,tb,1,185,-226,0.044128726724787404,0.33604783012060613,0.22638832603115988,https://www.oddsportal.com/american-football/usa/nfl-2024-2025/dallas-cowboys-tampa-bay-buccaneers-hfH8yw9c/
2024-12-22,2025,1,buf,ne,1,-1133,696,0.04452513989248752,0.8797270301062851,0.9773836012396625,https://www.oddsportal.com/american-football/usa/nfl-2024-2025/buffalo-bills-new-england-patriots-6H5KS8QP/
2024-12-22,2025,1,oak,jax,1,-134,113,0.04213314072468988,0.5494975164606677,0.45626545423361914,https://www.oddsportal.com/american-football/usa/nfl-2024-2025/las-vegas-raiders-jacksonville-jaguars-dYYjJegT/
2024-12-22,2025,1,mia,sf,1,106,-126,0.04295901709768879,0.4654419639179504,0.29681176335041304,https://www.oddsportal.com/american-football/usa/nfl-2024-2025/miami-dolphins-san-francisco-49ers-CbvMDZGj/
2024-12-22,2025,1,sea,min,0,115,-138,0.044948211842876784,0.44510940714419295,0.17278704825869598,https://www.oddsportal.com/american-football/usa/nfl-2024-2025/seattle-seahawks-minnesota-vikings-06urLHOG/
2024-12-22,2025,1,atl,nyg,1,-492,357,0.04989946182506344,0.7915815859514723,0.894913053633924,https://www.oddsportal.com/american-football/usa/nfl-2024-2025/atlanta-falcons-new-york-giants-hxOX45YI/
2024-12-22,2025,1,car,ari,1,206,-253,0.043511266640745117,0.31317092212423925,0.06457025170823343,https://www.oddsportal.com/american-football/usa/nfl-2024-2025/carolina-panthers-arizona-cardinals-2mijNnlm/
2024-12-22,2025,1,chi,det,0,254,-321,0.0449561844948132,0.2703327468632412,0.016201877687625377,https://www.oddsportal.com/american-football/usa/nfl-2024-2025/chicago-bears-detroit-lions-bFpaLQIa/
2024-12-22,2025,1,cin,cle,1,-531,393,0.0443611512040194,0.8057762332901384,0.7263023783047692,https://www.oddsportal.com/american-football/usa/nfl-2024-2025/cincinnati-bengals-cleveland-browns-GWS8A94s/
2024-12-22,2025,1,ind,ten,1,-203,168,0.04310132505787889,0.6422837174159426,0.8009852310204784,https://www.oddsportal.com/american-football/usa/nfl-2024-2025/indianapolis-colts-tennessee-titans-6ul7J4mC/
2024-12-22,2025,1,nyj,lar,0,135,-161,0.04239015244150979,0.40822710565418,0.10374227628758509,https://www.oddsportal.com/american-football/usa/nfl-2024-2025/new-york-jets-los-angeles-rams-QT0u1dXp/
2024-12-22,2025,1,wsh,phi,1,179,-220,0.04592293906810041,0.34268579995716425,0.1882417595658937,https://www.oddsportal.com/american-football/usa/nfl-2024-2025/washington-commanders-philadelphia-eagles-WQmROaPi/
2024-12-21,2025,1,bal,pit,1,-357,280,0.044339513992859514,0.748014997794442,0.5449210152897046,https://www.oddsportal.com/american-football/usa/nfl-2024-2025/baltimore-ravens-pittsburgh-steelers-pCKP6R36/
2024-12-21,2025,1,kc,hou,1,-182,151,0.04379644542397787,0.6183102785522862,0.9023282750138734,https://www.oddsportal.com/american-football/usa/nfl-2024-2025/kansas-city-chiefs-houston-texans-OdWG8mZg/
2024-12-19,2025,1,lac,den,1,-154,130,0.041081821294077336,0.5823742190069057,0.4637346923084433,https://www.oddsportal.com/american-football/usa/nfl-2024-2025/los-angeles-chargers-denver-broncos-ShszNwf4/
2024-12-16,2025,1,oak,atl,0,239,-297,0.0430960819717201,0.2827977746593248,0.10401054875977016,https://www.oddsportal.com/american-football/usa/nfl-2024-2025/las-vegas-raiders-atlanta-falcons-n1ApGVtK/
2024-12-16,2025,1,min,chi,1,-345,268,0.047020029311187095,0.7404642482211594,0.971756637121504,https://www.oddsportal.com/american-football/usa/nfl-2024-2025/minnesota-vikings-chicago-bears-f7NbhSlD/
2024-12-15,2025,1,sea,gb,0,134,-160,0.042735042735042805,0.40983606557377045,0.18721313309294538,https://www.oddsportal.com/american-football/usa/nfl-2024-2025/seattle-seahawks-green-bay-packers-buUkflK0/
2024-12-15,2025,1,ari,ne,1,-282,223,0.047817418507772214,0.7045310397104095,0.8973835222751101,https://www.oddsportal.com/american-football/usa/nfl-2024-2025/arizona-cardinals-new-england-patriots-AeJAc29e/
2024-12-15,2025,1,den,ind,1,-220,182,0.04210992907801425,0.659719268396427,0.5846065778208227,https://www.oddsportal.com/american-football/usa/nfl-2024-2025/denver-broncos-indianapolis-colts-r9HIetv8/
2024-12-15,2025,1,det,buf,0,-139,117,0.04241945124655344,0.5579231637164049,0.8772562001359893,https://www.oddsportal.com/american-football/usa/nfl-2024-2025/detroit-lions-buffalo-bills-0pn33hcE/
2024-12-15,2025,1,lac,tb,0,-162,136,0.042049424246344946,0.593369754159424,0.5503279496330955,https://www.oddsportal.com/american-football/usa/nfl-2024-2025/los-angeles-chargers-tampa-bay-buccaneers-6skB1WRQ/
2024-12-15,2025,1,phi,pit,1,-259,207,0.04718136698937503,0.6889431866427526,0.6245815007138824,https://www.oddsportal.com/american-football/usa/nfl-2024-2025/philadelphia-eagles-pittsburgh-steelers-jFQsdAkl/
2024-12-15,2025,1,car,dal,0,-143,120,0.043022820800598494,0.5642037302725968,0.2111515003940309,https://www.oddsportal.com/american-football/usa/nfl-2024-2025/carolina-panthers-dallas-cowboys-8AZn5gB4/
2024-12-15,2025,1,cle,kc,0,190,-236,0.0472085385878489,0.3292826342610741,0.01201174135907067,https://www.oddsportal.com/american-football/usa/nfl-2024-2025/cleveland-browns-kansas-city-chiefs-lKse3XuH/
2024-12-15,2025,1,hou,mia,1,-152,127,0.0437032375358366,0.5779177274554469,0.7342770177091177,https://www.oddsportal.com/american-football/usa/nfl-2024-2025/houston-texans-miami-dolphins-K64SpPPk/
2024-12-15,2025,1,jax,nyj,0,144,-172,0.042189006750241065,0.39324543141337037,0.49713627553379264,https://www.oddsportal.com/american-football/usa/nfl-2024-2025/jacksonville-jaguars-new-york-jets-GYcyq3f2/
2024-12-15,2025,1,no,wsh,0,296,-382,0.04505637285720265,0.24163792411967597,0.31601860306368407,https://www.oddsportal.com/american-football/usa/nfl-2024-2025/new-orleans-saints-washington-commanders-rujN66n9/
2024-12-15,2025,1,nyg,bal,0,879,-1668,0.04558395999241993,0.09769186394750279,0.0684230870074096,https://www.oddsportal.com/american-football/usa/nfl-2024-2025/new-york-giants-baltimore-ravens-4fvW4pHL/
2024-12-15,2025,1,ten,cin,0,213,-270,0.04921854762110356,0.30450168710394204,0.39432276216176937,https://www.oddsportal.com/american-football/usa/nfl-2024-2025/tennessee-titans-cincinnati-bengals-ETP1aOvq/
2024-12-12,2025,1,sf,lar,0,-156,131,0.0422754329004329,0.5846583165682393,0.40671982467888496,https://www.oddsportal.com/american-football/usa/nfl-2024-2025/san-francisco-49ers-los-angeles-rams-0pWv7Fth/
2024-12-09,2025,1,dal,cin,0,190,-235,0.04632012352032944,0.3295622233152976,0.7092723606356964,https://www.oddsportal.com/american-football/usa/nfl-2024-2025/dallas-cowboys-cincinnati-bengals-KlghqClo/
2024-12-08,2025,1,kc,lac,1,-238,192,0.04660776525897714,0.6727850061957868,0.8853444579858417,https://www.oddsportal.com/american-football/usa/nfl-2024-2025/kansas-city-chiefs-los-angeles-chargers-l62MlYQN/
2024-12-08,2025,1,lar,buf,1,154,-188,0.04647856517935267,0.3762148604869892,0.15337601267771359,https://www.oddsportal.com/american-football/usa/nfl-2024-2025/los-angeles-rams-buffalo-bills-djlDhGRb/
2024-12-08,2025,1,sf,chi,1,-168,140,0.04353233830845782,0.600715137067938,0.7809973665565728,https://www.oddsportal.com/american-football/usa/nfl-2024-2025/san-francisco-49ers-chicago-bears-U3nLjfdB/
2024-12-08,2025,1,ari,sea,0,-174,145,0.04319976165648742,0.6087391118092246,0.5273390684574814,https://www.oddsportal.com/american-football/usa/nfl-2024-2025/arizona-cardinals-seattle-seahawks-0Of4fxcn/
2024-12-08,2025,1,mia,nyj,1,-297,234,0.04751202883904737,0.7141787498740082,0.6282143510767426,https://www.oddsportal.com/american-football/usa/nfl-2024-2025/miami-dolphins-new-york-jets-2Fm5PHcC/
2024-12-08,2025,1,min,atl,1,-275,218,0.04779874213836477,0.6998799519807922,0.8895636924442304,https://www.oddsportal.com/american-football/usa/nfl-2024-2025/minnesota-vikings-atlanta-falcons-zs1CNeSO/
2024-12-08,2025,1,nyg,no,0,199,-248,0.047091838696036614,0.319406711212277,0.3229952064895015,https://www.oddsportal.com/american-football/usa/nfl-2024-2025/new-york-giants-new-orleans-saints-E7WMsaDt/
2024-12-08,2025,1,phi,car,1,-953,640,0.04016837350170688,0.8700834032472979,0.9618606632316722,https://www.oddsportal.com/american-football/usa/nfl-2024-2025/philadelphia-eagles-carolina-panthers-nLUUuwrg/
2024-12-08,2025,1,pit,cle,1,-285,230,0.04329004329004338,0.7095435684647302,0.9283808692219644,https://www.oddsportal.com/american-football/usa/nfl-2024-2025/pittsburgh-steelers-cleveland-browns-rmOwvHC5/
2024-12-08,2025,1,tb,oak,1,-317,249,0.046724797812180086,0.7262576066906055,0.9047949582333829,https://www.oddsportal.com/american-football/usa/nfl-2024-2025/tampa-bay-buccaneers-las-vegas-raiders-lpRoxesI/
2024-12-08,2025,1,ten,jax,0,-167,140,0.042134831460674205,0.6001796945193171,0.7160113033088521,https://www.oddsportal.com/american-football/usa/nfl-2024-2025/tennessee-titans-jacksonville-jaguars-AaFfzZBU/
2024-12-05,2025,1,det,gb,1,-176,145,0.04584442472641226,0.6097285067873303,0.7091090719973091,https://www.oddsportal.com/american-football/usa/nfl-2024-2025/detroit-lions-green-bay-packers-t0adRwTa/
2024-12-02,2025,1,den,cle,1,-290,234,0.04299094119453395,0.7129397909612838,0.8771911327125614,https://www.oddsportal.com/american-football/usa/nfl-2024-2025/denver-broncos-cleveland-browns-KWVEE0qf/
2024-12-01,2025,1,buf,sf,1,-319,253,0.04462263449329651,0.7288148757014246,0.8344954295132372,https://www.oddsportal.com/american-football/usa/nfl-2024-2025/buffalo-bills-san-francisco-49ers-bHs6GMEs/
2024-12-01,2025,1,bal,phi,0,-164,135,0.046744036105738296,0.5934708962118879,0.4995748424265527,https://www.oddsportal.com/american-football/usa/nfl-2024-2025/baltimore-ravens-philadelphia-eagles-hIFYYUU8/
2024-12-01,2025,1,car,tb,0,241,-311,0.049946129531719397,0.27930493166882997,0.09871368556889572,https://www.oddsportal.com/american-football/usa/nfl-2024-2025/carolina-panthers-tampa-bay-buccaneers-tMCoDm8k/
2024-12-01,2025,1,no,lar,0,126,-151,0.04407150160420281,0.4238003579508999,0.27952599305208164,https://www.oddsportal.com/american-football/usa/nfl-2024-2025/new-orleans-saints-los-angeles-rams-EZAgBRx2/
2024-12-01,2025,1,atl,lac,0,-108,-110,0.04304029304029311,0.4978050921861282,0.4792435343373164,https://www.oddsportal.com/american-football/usa/nfl-2024-2025/atlanta-falcons-los-angeles-chargers-hraP7hW9/
2024-12-01,2025,1,cin,pit,0,-164,137,0.043153049482163475,0.595513881228167,0.13008973613077307,https://www.oddsportal.com/american-football/usa/nfl-2024-2025/cincinnati-bengals-pittsburgh-steelers-lAhY5W0M/
2024-12-01,2025,1,jax,hou,0,151,-182,0.04379644542397787,0.3816897214477139,0.07644681944145687,https://www.oddsportal.com/american-football/usa/nfl-2024-2025/jacksonville-jaguars-houston-texans-ptv40AOq/
2024-12-01,2025,1,min,ari,1,-184,152,0.044712720769058745,0.6201583565161567,0.7935292316740682,https://www.oddsportal.com/american-football/usa/nfl-2024-2025/minnesota-vikings-arizona-cardinals-t8XCblgd/
2024-12-01,2025,1,ne,ind,0,114,-135,0.04175780473255131,0.448558885283451,0.19002509554129313,https://www.oddsportal.com/american-football/usa/nfl-2024-2025/new-england-patriots-indianapolis-colts-hdvbMio3/
2024-12-01,2025,1,nyj,sea,0,-123,102,0.04661901167695248,0.5270012302210156,0.18945914421966262,https://www.oddsportal.com/american-football/usa/nfl-2024-2025/new-york-jets-seattle-seahawks-EBS6KVFF/
2024-12-01,2025,1,wsh,ten,1,-273,213,0.051392303146065466,0.6961278706954843,0.6889052312985184,https://www.oddsportal.com/american-football/usa/nfl-2024-2025/washington-commanders-tennessee-titans-MyWEI9pS/
2024-11-29,2025,1,kc,oak,1,-857,577,0.04321727950312493,0.8584087032042242,0.9895825400870196,https://www.oddsportal.com/american-football/usa/nfl-2024-2025/kansas-city-chiefs-las-vegas-raiders-6R0H9E1c/
2024-11-28,2025,1,gb,mia,1,-185,152,0.04594820384294063,0.6206070287539937,0.9353017895150983,https://www.oddsportal.com/american-football/usa/nfl-2024-2025/green-bay-packers-miami-dolphins-QVNUoB9j/
2024-11-28,2025,1,dal,nyg,1,-221,183,0.041830410708585175,0.6608307006329046,0.7420402246511224,https://www.oddsportal.com/american-football/usa/nfl-2024-2025/dallas-cowboys-new-york-giants-fmXbiXoT/
2024-11-28,2025,1,det,chi,1,-518,377,0.04783130813539316,0.7999261863600163,0.9829735470469784,https://www.oddsportal.com/american-football/usa/nfl-2024-2025/detroit-lions-chicago-bears-bLwjggHG/
2024-11-25,2025,1,lac,bal,0,134,-159,0.04125004125004117,0.4104205622286312,0.5148792308990205,https://www.oddsportal.com/american-football/usa/nfl-2024-2025/los-angeles-chargers-baltimore-ravens-Q7ureFn4/
2024-11-24,2025,1,lar,phi,0,134,-161,0.04420866489831998,0.40925769122212813,0.44917017527751874,https://www.oddsportal.com/american-football/usa/nfl-2024-2025/los-angeles-rams-philadelphia-eagles-W8nZdyIi/
2024-11-24,2025,1,gb,sf,1,-252,202,0.0470349187236605,0.6837490117156616,0.8739366449664142,https://www.oddsportal.com/american-football/usa/nfl-2024-2025/green-bay-packers-san-francisco-49ers-KUIGvf2N/
2024-11-24,2025,1,sea,ari,1,-103,-116,0.04442619959861349,0.4858066206655603,0.2831656607234142,https://www.oddsportal.com/american-football/usa/nfl-2024-2025/seattle-seahawks-arizona-cardinals-42fmZXPp/
2024-11-24,2025,1,oak,den,0,204,-251,0.044047083520767805,0.31506947685899966,0.11785688677448967,https://www.oddsportal.com/american-football/usa/nfl-2024-2025/las-vegas-raiders-denver-broncos-C4F8tGXA/
2024-11-24,2025,1,car,kc,0,470,-667,0.04506050001143658,0.16787410536452976,0.011013233409500084,https://www.oddsportal.com/american-football/usa/nfl-2024-2025/carolina-panthers-kansas-city-chiefs-O6Hf4b8K/
2024-11-24,2025,1,chi,min,0,137,-163,0.04171279138791295,0.40504535583927553,0.04674228187377845,https://www.oddsportal.com/american-football/usa/nfl-2024-2025/chicago-bears-minnesota-vikings-ribRbxWs/
2024-11-24,2025,1,hou,ten,0,-411,319,0.04296876824421214,0.7711690975285367,0.9267417381695954,https://www.oddsportal.com/american-football/usa/nfl-2024-2025/houston-texans-tennessee-titans-ll1ZdG0f/
2024-11-24,2025,1,ind,det,0,277,-351,0.043522499367747436,0.25418904676289406,0.044875763190656684,https://www.oddsportal.com/american-football/usa/nfl-2024-2025/indianapolis-colts-detroit-lions-A3krefV6/
2024-11-24,2025,1,mia,ne,1,-378,294,0.044602085678482783,0.7570298680438362,0.6636805420467659,https://www.oddsportal.com/american-football/usa/nfl-2024-2025/miami-dolphins-new-england-patriots-IThjgYaJ/
2024-11-24,2025,1,nyg,tb,0,215,-268,0.04572118702553496,0.3035802672826266,0.16699733309987264,https://www.oddsportal.com/american-football/usa/nfl-2024-2025/new-york-giants-tampa-bay-buccaneers-Ywn0pbYo/
2024-11-24,2025,1,wsh,dal,0,-600,433,0.04476011793084966,0.8204207285787583,0.7522678645777923,https://www.oddsportal.com/american-football/usa/nfl-2024-2025/washington-commanders-dallas-cowboys-6ip8rx3b/
2024-11-21,2025,1,cle,pit,1,167,-204,0.04558446678493988,0.35820332752038464,0.024492170719895887,https://www.oddsportal.com/american-football/usa/nfl-2024-2025/cleveland-browns-pittsburgh-steelers-WCU8teGD/
2024-11-18,2025,1,dal,hou,0,276,-355,0.04617722702829097,0.25421834841881774,0.12633901683645582,https://www.oddsportal.com/american-football/usa/nfl-2024-2025/dallas-cowboys-houston-texans-zoy0rHo1/
2024-11-17,2025,1,lac,cin,1,-118,-101,0.04377196585877963,0.5185849221619729,0.8335322798129192,https://www.oddsportal.com/american-football/usa/nfl-2024-2025/los-angeles-chargers-cincinnati-bengals-4d1LkagR/
2024-11-17,2025,1,buf,kc,1,-150,127,0.04052863436123344,0.5766299745977985,0.024470706405907188,https://www.oddsportal.com/american-football/usa/nfl-2024-2025/buffalo-bills-kansas-city-chiefs-dWcDiLOE/
2024-11-17,2025,1,den,atl,1,-130,108,0.04598662207357851,0.5403677058353318,0.36779241382741235,https://www.oddsportal.com/american-football/usa/nfl-2024-2025/denver-broncos-atlanta-falcons-8AHIVw2e/
2024-11-17,2025,1,sf,sea,0,-270,215,0.047190047190047046,0.6968455551003688,0.6924344453851237,https://www.oddsportal.com/american-football/usa/nfl-2024-2025/san-francisco-49ers-seattle-seahawks-tOFQTHW7/
2024-11-17,2025,1,chi,gb,0,213,-268,0.04774968745659125,0.3049285737960293,0.05035491705579444,https://www.oddsportal.com/american-football/usa/nfl-2024-2025/chicago-bears-green-bay-packers-dds4QrQF/
2024-11-17,2025,1,det,jax,1,-985,632,0.04444612324041186,0.8692014659079951,0.9941290608868024,https://www.oddsportal.com/american-football/usa/nfl-2024-2025/detroit-lions-jacksonville-jaguars-hOzDOMfS/
2024-11-17,2025,1,mia,oak,1,-417,320,0.04467164041632121,0.7720860518427086,0.6307009549964769,https://www.oddsportal.com/american-football/usa/nfl-2024-2025/miami-dolphins-las-vegas-raiders-lfMrJ0Ik/
2024-11-17,2025,1,ne,lar,0,170,-207,0.04463747134756901,0.3545444046656658,0.1841638962357732,https://www.oddsportal.com/american-football/usa/nfl-2024-2025/new-england-patriots-los-angeles-rams-8dxpHvm2/
2024-11-17,2025,1,no,cle,1,-102,-117,0.04412100196194735,0.4836130047194546,0.7479799345955027,https://www.oddsportal.com/american-football/usa/nfl-2024-2025/new-orleans-saints-cleveland-browns-z3UVvru9/
2024-11-17,2025,1,nyj,ind,0,-213,176,0.042830022688336244,0.6525619394369949,0.3906472071798859,https://www.oddsportal.com/american-football/usa/nfl-2024-2025/new-york-jets-indianapolis-colts-lUxhpwHl/
2024-11-17,2025,1,pit,bal,1,149,-182,0.0469964966247971,0.3835795315432955,0.5099701317204837,https://www.oddsportal.com/american-football/usa/nfl-2024-2025/pittsburgh-steelers-baltimore-ravens-dIIvwM9L/
2024-11-17,2025,1,ten,min,0,221,-278,0.046976215200514204,0.2975487649364757,0.03175496993588151,https://www.oddsportal.com/american-football/usa/nfl-2024-2025/tennessee-titans-minnesota-vikings-S09AXaXr/
2024-11-14,2025,1,phi,wsh,1,-223,183,0.04375936723954976,0.6614575144902473,0.4357574959897688,https://www.oddsportal.com/american-football/usa/nfl-2024-2025/philadelphia-eagles-washington-commanders-lWwdS4e3/
2024-11-11,2025,1,lar,mia,0,-133,112,0.04251356385132388,0.5475376728289576,0.9382665919872517,https://www.oddsportal.com/american-football/usa/nfl-2024-2025/los-angeles-rams-miami-dolphins-8xtTOVlB/
2024-11-10,2025,1,hou,det,0,176,-217,0.046861427330498806,0.3461000960782601,0.11417010088244198,https://www.oddsportal.com/american-football/usa/nfl-2024-2025/houston-texans-detroit-lions-zPsLQiKb/
2024-11-10,2025,1,ari,nyj,1,110,-132,0.0451559934318555,0.4556166535742341,0.8839927411146457,https://www.oddsportal.com/american-football/usa/nfl-2024-2025/arizona-cardinals-new-york-jets-OWb38A4U/
2024-11-10,2025,1,dal,phi,0,267,-339,0.044689131230875256,0.26082358463101485,0.29508003051622206,https://www.oddsportal.com/american-football/usa/nfl-2024-2025/dallas-cowboys-philadelphia-eagles-vclCSDkn/
2024-11-10,2025,1,lac,ten,1,-429,328,0.0446089429888874,0.7763327019347857,0.8885773376153032,https://www.oddsportal.com/american-football/usa/nfl-2024-2025/los-angeles-chargers-tennessee-titans-2HAfAWZH/
2024-11-10,2025,1,chi,ne,0,-305,239,0.0480716704905495,0.7185447722297509,0.8438026592311334,https://www.oddsportal.com/american-football/usa/nfl-2024-2025/chicago-bears-new-england-patriots-C8kd1yim/
2024-11-10,2025,1,ind,buf,0,186,-229,0.04569898186919463,0.334369981909466,0.21574599625992089,https://www.oddsportal.com/american-football/usa/nfl-2024-2025/indianapolis-colts-buffalo-bills-KYh4aFLa/
2024-11-10,2025,1,jax,min,0,261,-334,0.046593563705528585,0.26467610718772494,0.010699271730304764,https://www.oddsportal.com/american-football/usa/nfl-2024-2025/jacksonville-jaguars-minnesota-vikings-tlsDcgjC/
2024-11-10,2025,1,kc,den,1,-347,274,0.04366603261194646,0.7438072421737985,0.9940522037101468,https://www.oddsportal.com/american-football/usa/nfl-2024-2025/kansas-city-chiefs-denver-broncos-lEpLeXKO/
2024-11-10,2025,1,no,atl,1,166,-201,0.043713936002797826,0.3601943374099513,0.060730469156796106,https://www.oddsportal.com/american-football/usa/nfl-2024-2025/new-orleans-saints-atlanta-falcons-QBFVFz6t/
2024-11-10,2025,1,tb,sf,0,229,-293,0.04949844157250349,0.2896158352800725,0.5916551883675802,https://www.oddsportal.com/american-football/usa/nfl-2024-2025/tampa-bay-buccaneers-san-francisco-49ers-bPDwEEzg/
2024-11-10,2025,1,wsh,pit,0,-125,105,0.04336043360433606,0.5324675324675325,0.5540100385169551,https://www.oddsportal.com/american-football/usa/nfl-2024-2025/washington-commanders-pittsburgh-steelers-fi7nCh55/
2024-11-07,2025,1,bal,cin,1,-286,228,0.045810691267534454,0.7084768291946105,0.8826362305700679,https://www.oddsportal.com/american-football/usa/nfl-2024-2025/baltimore-ravens-cincinnati-bengals-UmnX6cTP/
2024-11-04,2025,1,kc,tb,1,-414,323,0.041854090202463556,0.7730904724485921,0.9856350091982368,https://www.oddsportal.com/american-football/usa/nfl-2024-2025/kansas-city-chiefs-tampa-bay-buccaneers-xfaoqfyJ/
2024-11-03,2025,0,min,ind,1,-276,221,0.04556903294226822,0.7020507781546166,0.8748985976639762,https://www.oddsportal.com/american-football/usa/nfl-2024-2025/minnesota-vikings-indianapolis-colts-CYYnzahl/
2024-11-03,2025,0,gb,det,0,119,-142,0.043397864070342296,0.43762884733625085,0.491890924240147,https://www.oddsportal.com/american-football/usa/nfl-2024-2025/green-bay-packers-detroit-lions-CnELlb7s/
2024-11-03,2025,0,sea,lar,0,106,-128,0.046840401975813295,0.4637162382037098,0.38202256539374485,https://www.oddsportal.com/american-football/usa/nfl-2024-2025/seattle-seahawks-los-angeles-rams-Y12Unxxf/
2024-11-03,2025,0,ari,chi,1,-125,104,0.045751633986928164,0.53125,0.7469025416046726,https://www.oddsportal.com/american-football/usa/nfl-2024-2025/arizona-cardinals-chicago-bears-dM8jfKqK/
2024-11-03,2025,0,phi,jax,1,-357,276,0.04713906606452811,0.7460151612831514,0.9246105032665802,https://www.oddsportal.com/american-football/usa/nfl-2024-2025/philadelphia-eagles-jacksonville-jaguars-tS5xoG66/
2024-11-03,2025,0,atl,dal,1,-178,147,0.045146069379314424,0.6126299361814787,0.8101672850281195,https://www.oddsportal.com/american-football/usa/nfl-2024-2025/atlanta-falcons-dallas-cowboys-hQcXuUO9/
2024-11-03,2025,0,bal,den,1,-445,343,0.042247395779402286,0.7834164563753055,0.6421155203322836,https://www.oddsportal.com/american-football/usa/nfl-2024-2025/baltimore-ravens-denver-broncos-nPjtv8gM/
2024-11-03,2025,0,buf,mia,1,-278,219,0.048929359274186845,0.7011432456792271,0.9428789413130959,https://www.oddsportal.com/american-football/usa/nfl-2024-2025/buffalo-bills-miami-dolphins-rexCYoHq/
2024-11-03,2025,0,car,no,1,268,-353,0.050988578558402775,0.2585557407365129,0.208048940976214,https://www.oddsportal.com/american-football/usa/nfl-2024-2025/carolina-panthers-new-orleans-saints-vNVKWPod/
2024-11-03,2025,0,cin,oak,1,-392,302,0.04550418638514753,0.7620705663881151,0.5430071604098148,https://www.oddsportal.com/american-football/usa/nfl-2024-2025/cincinnati-bengals-las-vegas-raiders-6TN6fTw3/
2024-11-03,2025,0,cle,lac,0,108,-130,0.04598662207357851,0.45963229416466833,0.08066182930732513,https://www.oddsportal.com/american-football/usa/nfl-2024-2025/cleveland-browns-los-angeles-chargers-SrCFh78F/
2024-11-03,2025,0,nyg,wsh,0,175,-215,0.04617604617604609,0.3475862068965518,0.10022410704661074,https://www.oddsportal.com/american-football/usa/nfl-2024-2025/new-york-giants-washington-commanders-80SeYxN0/
2024-11-03,2025,0,ten,ne,1,-181,146,0.05063217891965399,0.6130862225649216,0.37431845810604436,https://www.oddsportal.com/american-football/usa/nfl-2024-2025/tennessee-titans-new-england-patriots-tEQ3WGiD/
2024-10-31,2025,0,nyj,hou,1,-148,125,0.04121863799283165,0.5731497418244406,0.02124949341082387,https://www.oddsportal.com/american-football/usa/nfl-2024-2025/new-york-jets-houston-texans-p0fPsjfc/
2024-10-28,2025,0,pit,nyg,1,-274,225,0.040312628547922724,0.7042309213127719,0.8902286231108733,https://www.oddsportal.com/american-football/usa/nfl-2024-2025/pittsburgh-steelers-new-york-giants-2yVvzvyi/
2024-10-27,2025,0,sf,dal,1,-250,202,0.045411542100283864,0.6832579185520362,0.48341981421998753,https://www.oddsportal.com/american-football/usa/nfl-2024-2025/san-francisco-49ers-dallas-cowboys-Whv9u0DT/
2024-10-27,2025,0,den,car,1,-790,536,0.04487315384071788,0.8495198160422021,0.9209169595820392,https://www.oddsportal.com/american-football/usa/nfl-2024-2025/denver-broncos-carolina-panthers-hSA0qrE4/
2024-10-27,2025,0,oak,kc,0,324,-426,0.045734988162708934,0.22553425033444244,0.0010282741898071843,https://www.oddsportal.com/american-football/usa/nfl-2024-2025/las-vegas-raiders-kansas-city-chiefs-Qu98sMrH/
2024-10-27,2025,0,wsh,chi,1,-121,103,0.04012214965561833,0.5263913593210895,0.619267088883891,https://www.oddsportal.com/american-football/usa/nfl-2024-2025/washington-commanders-chicago-bears-vPpRUraB/
2024-10-27,2025,0,lac,no,1,-368,287,0.04472271914132375,0.7526636225266362,0.7355353394729396,https://www.oddsportal.com/american-football/usa/nfl-2024-2025/los-angeles-chargers-new-orleans-saints-pMmZSMTN/
2024-10-27,2025,0,sea,buf,0,134,-161,0.04420866489831998,0.40925769122212813,0.25588728449206793,https://www.oddsportal.com/american-football/usa/nfl-2024-2025/seattle-seahawks-buffalo-bills-UgP5N0io/
2024-10-27,2025,0,cin,phi,0,-147,122,0.045592150855308766,0.5691910559179544,0.21244877637048462,https://www.oddsportal.com/american-football/usa/nfl-2024-2025/cincinnati-bengals-philadelphia-eagles-d0Hio4qh/
2024-10-27,2025,0,cle,bal,1,278,-349,0.04183311532977463,0.25392767868251687,0.006173819668346244,https://www.oddsportal.com/american-football/usa/nfl-2024-2025/cleveland-browns-baltimore-ravens-KfvSLmGt/
2024-10-27,2025,0,det,ten,1,-732,499,0.04675260048799279,0.8405115897467355,0.9910350257538354,https://www.oddsportal.com/american-football/usa/nfl-2024-2025/detroit-lions-tennessee-titans-GMXzKRpg/
2024-10-27,2025,0,hou,ind,1,-237,190,0.04809168116238616,0.6709948257346481,0.8043399350491217,https://www.oddsportal.com/american-football/usa/nfl-2024-2025/houston-texans-indianapolis-colts-OnyqI5F5/
2024-10-27,2025,0,jax,gb,0,152,-185,0.04594820384294063,0.3793929712460064,0.004230916139131745,https://www.oddsportal.com/american-football/usa/nfl-2024-2025/jacksonville-jaguars-green-bay-packers-p2PiGqpI/
2024-10-27,2025,0,mia,ari,0,-222,180,0.04658385093167694,0.658753709198813,0.053928060974249785,https://www.oddsportal.com/american-football/usa/nfl-2024-2025/miami-dolphins-arizona-cardinals-WINaENEU/
2024-10-27,2025,0,ne,nyj,1,268,-337,0.04290617848970246,0.2605595172792101,0.23351171540237942,https://www.oddsportal.com/american-football/usa/nfl-2024-2025/new-england-patriots-new-york-jets-AqgAYQan/
2024-10-27,2025,0,tb,atl,0,102,-121,0.04256081716768967,0.4748399295260195,0.5987139347532214,https://www.oddsportal.com/american-football/usa/nfl-2024-2025/tampa-bay-buccaneers-atlanta-falcons-rciIW4Ub/
2024-10-24,2025,0,lar,min,1,122,-148,0.04722464399883752,0.4301373664492854,0.01816732783621179,https://www.oddsportal.com/american-football/usa/nfl-2024-2025/los-angeles-rams-minnesota-vikings-URSGEW8D/
2024-10-21,2025,0,ari,lac,1,-102,-118,0.04623489871922981,0.4826358742837298,0.2916046553864289,https://www.oddsportal.com/american-football/usa/nfl-2024-2025/arizona-cardinals-los-angeles-chargers-vRmLSswf/
2024-10-21,2025,0,tb,bal,0,180,-220,0.044642857142857206,0.3418803418803419,0.5458067270687215,https://www.oddsportal.com/american-football/usa/nfl-2024-2025/tampa-bay-buccaneers-baltimore-ravens-W0pDU38s/
2024-10-20,2025,0,pit,nyj,1,128,-154,0.04489570382649544,0.41975145425700683,0.9491312492373448,https://www.oddsportal.com/american-football/usa/nfl-2024-2025/pittsburgh-steelers-new-york-jets-CG3tzQpK/
2024-10-20,2025,0,sf,kc,0,-144,119,0.04678493899243952,0.5637871853546911,0.0012156864287445526,https://www.oddsportal.com/american-football/usa/nfl-2024-2025/san-francisco-49ers-kansas-city-chiefs-KMGfCMhD/
2024-10-20,2025,0,lar,oak,1,-374,281,0.051496727466028736,0.7503870580429082,0.47424767819726904,https://www.oddsportal.com/american-football/usa/nfl-2024-2025/los-angeles-rams-las-vegas-raiders-IcKwG4gl/
2024-10-20,2025,0,wsh,car,1,-533,374,0.052992581038654674,0.7996467706097954,0.927217612181756,https://www.oddsportal.com/american-football/usa/nfl-2024-2025/washington-commanders-carolina-panthers-QNNoErO0/
2024-10-20,2025,0,atl,sea,0,-163,136,0.04350067667719282,0.5939352766798418,0.949249296684666,https://www.oddsportal.com/american-football/usa/nfl-2024-2025/atlanta-falcons-seattle-seahawks-4CDNNeec/
2024-10-20,2025,0,buf,ten,1,-501,376,0.043694682531914664,0.7987112159048282,0.9523960817575404,https://www.oddsportal.com/american-football/usa/nfl-2024-2025/buffalo-bills-tennessee-titans-QR1WLZP9/
2024-10-20,2025,0,cle,cin,0,193,-239,0.046311677590181954,0.32619049910033004,0.24951808662036862,https://www.oddsportal.com/american-football/usa/nfl-2024-2025/cleveland-browns-cincinnati-bengals-WQT33R9r/
2024-10-20,2025,0,gb,hou,1,-176,145,0.04584442472641226,0.6097285067873303,0.42151861752471637,https://www.oddsportal.com/american-football/usa/nfl-2024-2025/green-bay-packers-houston-texans-ShNC15ve/
2024-10-20,2025,0,ind,mia,1,-148,124,0.04320276497695863,0.5720596355604638,0.9554485532414777,https://www.oddsportal.com/american-football/usa/nfl-2024-2025/indianapolis-colts-miami-dolphins-06LKaq97/
2024-10-20,2025,0,min,det,0,-123,102,0.04661901167695248,0.5270012302210156,0.9974564456542035,https://www.oddsportal.com/american-football/usa/nfl-2024-2025/minnesota-vikings-detroit-lions-QauaNn1E/
2024-10-20,2025,0,nyg,phi,0,143,-168,0.03838830538664695,0.3963090027209275,0.1559958578728072,https://www.oddsportal.com/american-football/usa/nfl-2024-2025/new-york-giants-philadelphia-eagles-YPr7LQVQ/
2024-10-17,2025,0,no,den,0,123,-147,0.04357219367840082,0.42970720759903275,0.4962794663668431,https://www.oddsportal.com/american-football/usa/nfl-2024-2025/new-orleans-saints-denver-broncos-vZLy0h3j/
2024-10-14,2025,0,nyj,buf,0,-102,-118,0.04623489871922981,0.4826358742837298,0.1074343552819961,https://www.oddsportal.com/american-football/usa/nfl-2024-2025/new-york-jets-buffalo-bills-lIK8Ghv1/
2024-10-13,2025,0,nyg,cin,0,176,-214,0.043847503000092214,0.3470993986558189,0.9377972816811517,https://www.oddsportal.com/american-football/usa/nfl-2024-2025/new-york-giants-cincinnati-bengals-thH0IE9l/
2024-10-13,2025,0,car,atl,0,213,-271,0.04994703891563246,0.3042904128015223,0.010600475668114223,https://www.oddsportal.com/american-football/usa/nfl-2024-2025/carolina-panthers-atlanta-falcons-lfxMPdHE/
2024-10-13,2025,0,dal,det,0,159,-195,0.047117335252928605,0.3687269545653396,0.36521955542204576,https://www.oddsportal.com/american-football/usa/nfl-2024-2025/dallas-cowboys-detroit-lions-dKuUNznR/
2024-10-13,2025,0,den,lac,0,128,-153,0.043339574232022615,0.42037750897248444,0.5578835559016364,https://www.oddsportal.com/american-football/usa/nfl-2024-2025/denver-broncos-los-angeles-chargers-xbZY3Ffe/
2024-10-13,2025,0,oak,pit,0,156,-190,0.045797413793103425,0.37351880473982485,0.0832141275254224,https://www.oddsportal.com/american-football/usa/nfl-2024-2025/las-vegas-raiders-pittsburgh-steelers-ABXt2gP7/
2024-10-13,2025,0,bal,wsh,1,-309,245,0.045356294957655585,0.7227212636859768,0.401000176778622,https://www.oddsportal.com/american-football/usa/nfl-2024-2025/baltimore-ravens-washington-commanders-WdUKdbmS/
2024-10-13,2025,0,gb,ari,1,-250,203,0.04431871758604444,0.6839729119638825,0.982579403901247,https://www.oddsportal.com/american-football/usa/nfl-2024-2025/green-bay-packers-arizona-cardinals-SSFjixBk/
2024-10-13,2025,0,ne,hou,0,237,-307,0.05103565934426468,0.2823271526578292,0.0006594725223148706,https://www.oddsportal.com/american-football/usa/nfl-2024-2025/new-england-patriots-houston-texans-Of9akGu2/
2024-10-13,2025,0,no,tb,0,150,-181,0.04412811387900373,0.38309475119291064,0.24070350035620378,https://www.oddsportal.com/american-football/usa/nfl-2024-2025/new-orleans-saints-tampa-bay-buccaneers-lY0oDJX8/
2024-10-13,2025,0,phi,cle,1,-410,314,0.04546746234725774,0.7689589562381082,0.9418953057333358,https://www.oddsportal.com/american-football/usa/nfl-2024-2025/philadelphia-eagles-cleveland-browns-AmkfBc2L/
2024-10-13,2025,0,ten,ind,0,-135,111,0.048401734395482565,0.5479465230354911,0.06846515889013763,https://www.oddsportal.com/american-football/usa/nfl-2024-2025/tennessee-titans-indianapolis-colts-tWuQ5yQr/
2024-10-10,2025,0,sea,sf,0,163,-198,0.04465766708347152,0.363973911131739,0.888542285241951,https://www.oddsportal.com/american-football/usa/nfl-2024-2025/seattle-seahawks-san-francisco-49ers-zVzCbKIF/
2024-10-07,2025,0,kc,no,1,-235,189,0.047513298559107575,0.6696741113247547,0.9949408199379994,https://www.oddsportal.com/american-football/usa/nfl-2024-2025/kansas-city-chiefs-new-orleans-saints-23N40tl3/
2024-10-06,2025,0,pit,dal,0,-141,118,0.0437778369941757,0.560523724424669,0.999868017604189,https://www.oddsportal.com/american-football/usa/nfl-2024-2025/pittsburgh-steelers-dallas-cowboys-M7pIxwdd/
2024-10-06,2025,0,lar,gb,0,129,-156,0.04605622270742371,0.4174548300828387,0.00011936465649779087,https://www.oddsportal.com/american-football/usa/nfl-2024-2025/los-angeles-rams-green-bay-packers-fc0wpL3M/
2024-10-06,2025,0,sea,nyg,0,-322,251,0.04793346025573508,0.7281313215910116,0.9998968486567757,https://www.oddsportal.com/american-football/usa/nfl-2024-2025/seattle-seahawks-new-york-giants-EssAvaRq/
2024-10-06,2025,0,den,oak,1,-161,136,0.04058705110721483,0.5927983025461807,0.989837877575024,https://www.oddsportal.com/american-football/usa/nfl-2024-2025/denver-broncos-las-vegas-raiders-Sp9Mm34c/
2024-10-06,2025,0,sf,ari,0,-360,283,0.043705301396299356,0.7498368501196432,0.6232895232230563,https://www.oddsportal.com/american-football/usa/nfl-2024-2025/san-francisco-49ers-arizona-cardinals-Mq2VosZ9/
2024-10-06,2025,0,chi,car,1,-205,169,0.04387835943689433,0.6438788020316423,0.9892378840309624,https://www.oddsportal.com/american-football/usa/nfl-2024-2025/chicago-bears-carolina-panthers-2qHzU8DO/
2024-10-06,2025,0,cin,bal,0,121,-145,0.04432542247668292,0.43328322574940314,0.25284030762352017,https://www.oddsportal.com/american-football/usa/nfl-2024-2025/cincinnati-bengals-baltimore-ravens-tAnolCbt/
2024-10-06,2025,0,hou,buf,1,-121,101,0.04502375002813985,0.5239223627237674,0.9998684452943986,https://www.oddsportal.com/american-football/usa/nfl-2024-2025/houston-texans-buffalo-bills-ENpgnjTh/
2024-10-06,2025,0,jax,ind,1,-200,165,0.04402515723270439,0.6385542168674698,0.0,https://www.oddsportal.com/american-football/usa/nfl-2024-2025/jacksonville-jaguars-indianapolis-colts-YP0fpUc5/
2024-10-06,2025,0,ne,mia,0,105,-126,0.045327001942585765,0.466652901094363,0.9964432397793636,https://www.oddsportal.com/american-football/usa/nfl-2024-2025/new-england-patriots-miami-dolphins-tj42r8SH/
2024-10-06,2025,0,wsh,cle,1,-154,129,0.04298043530584872,0.5813140803745097,0.9999751550640567,https://www.oddsportal.com/american-football/usa/nfl-2024-2025/washington-commanders-cleveland-browns-0vHzQaCj/
2024-10-03,2025,0,atl,tb,1,-143,120,0.043022820800598494,0.5642037302725968,0.287924723880988,https://www.oddsportal.com/american-football/usa/nfl-2024-2025/atlanta-falcons-tampa-bay-buccaneers-fJDSVUrC/
2024-09-30,2025,0,det,sea,1,-224,184,0.04347070074769599,0.6625562406265623,0.0028621794470835723,https://www.oddsportal.com/american-football/usa/nfl-2024-2025/detroit-lions-seattle-seahawks-Y3PJXjEa/
2024-09-30,2025,0,mia,ten,0,-153,128,0.043339574232022615,0.5796224910275156,1.0,https://www.oddsportal.com/american-football/usa/nfl-2024-2025/miami-dolphins-tennessee-titans-td7CZCqm/
2024-09-29,2025,0,bal,buf,1,-151,124,0.0480221969265795,0.5740275609259384,0.0005439608992614448,https://www.oddsportal.com/american-football/usa/nfl-2024-2025/baltimore-ravens-buffalo-bills-MBQuuZLP/
2024-09-29,2025,0,oak,cle,1,122,-147,0.045592150855308766,0.43080894408204556,0.9998741753939834,https://www.oddsportal.com/american-football/usa/nfl-2024-2025/las-vegas-raiders-cleveland-browns-UHwfHVTI/
2024-09-29,2025,0,lac,kc,0,250,-318,0.04647983595352012,0.2730241672109732,0.024246717390916366,https://www.oddsportal.com/american-football/usa/nfl-2024-2025/los-angeles-chargers-kansas-city-chiefs-YkpoJia6/
2024-09-29,2025,0,ari,wsh,0,-185,154,0.04282359441911865,0.6224665518611737,0.6608518687419503,https://www.oddsportal.com/american-football/usa/nfl-2024-2025/arizona-cardinals-washington-commanders-QJcUMZas/
2024-09-29,2025,0,sf,ne,1,-589,425,0.04533830948925299,0.817785123966942,0.9939982795025714,https://www.oddsportal.com/american-football/usa/nfl-2024-2025/san-francisco-49ers-new-england-patriots-nZowLDUg/
2024-09-29,2025,0,atl,no,1,-145,122,0.042287185144328054,0.5678250132298465,0.9731187143309626,https://www.oddsportal.com/american-football/usa/nfl-2024-2025/atlanta-falcons-new-orleans-saints-pWrW9S4e/
2024-09-29,2025,0,car,cin,0,192,-238,0.04660776525897714,0.3272149938042131,1.0,https://www.oddsportal.com/american-football/usa/nfl-2024-2025/carolina-panthers-cincinnati-bengals-jqEW76Z7/
2024-09-29,2025,0,chi,lar,1,-172,144,0.042189006750241065,0.6067545685866297,0.015053128303325754,https://www.oddsportal.com/american-football/usa/nfl-2024-2025/chicago-bears-los-angeles-rams-Ik6IV9RE/
2024-09-29,2025,0,gb,min,0,-139,117,0.04241945124655344,0.5579231637164049,0.12050284348291589,https://www.oddsportal.com/american-football/usa/nfl-2024-2025/green-bay-packers-minnesota-vikings-v5fRTmdR/
2024-09-29,2025,0,hou,jax,1,-256,205,0.04696997605452191,0.6868402533427165,1.0,https://www.oddsportal.com/american-football/usa/nfl-2024-2025/houston-texans-jacksonville-jaguars-AmocORJl/
2024-09-29,2025,0,ind,pit,1,117,-141,0.04589173375145794,0.44060917417774287,2.1547743959512175e-05,https://www.oddsportal.com/american-football/usa/nfl-2024-2025/indianapolis-colts-pittsburgh-steelers-4nv6M5l1/
2024-09-29,2025,0,nyj,den,0,-417,319,0.04523988680795665,0.7716663059848161,1.3494201522653077e-05,https://www.oddsportal.com/american-football/usa/nfl-2024-2025/new-york-jets-denver-broncos-x0xEKqJD/
2024-09-29,2025,0,tb,phi,1,-101,-119,0.04586655762284475,0.4804509318389157,0.5989323221922747,https://www.oddsportal.com/american-football/usa/nfl-2024-2025/tampa-bay-buccaneers-philadelphia-eagles-fy7bSexK/
2024-09-26,2025,0,nyg,dal,0,200,-244,0.04263565891472876,0.31970260223048325,0.978830243216679,https://www.oddsportal.com/american-football/usa/nfl-2024-2025/new-york-giants-dallas-cowboys-CIpOBlzq/
2024-09-23,2025,0,cin,wsh,0,-358,274,0.04903906779067335,0.7451194265743606,0.0,https://www.oddsportal.com/american-football/usa/nfl-2024-2025/cincinnati-bengals-washington-commanders-xvqZ2KiB/
2024-09-23,2025,0,buf,jax,1,-222,183,0.04279788424818376,0.6611453707406394,1.0,https://www.oddsportal.com/american-football/usa/nfl-2024-2025/buffalo-bills-jacksonville-jaguars-tCkQ4tNb/
2024-09-22,2025,0,atl,kc,0,141,-167,0.04040592413010713,0.3988229494973636,0.029597568990870193,https://www.oddsportal.com/american-football/usa/nfl-2024-2025/atlanta-falcons-kansas-city-chiefs-8biI62hn/
2024-09-22,2025,0,ari,det,0,129,-155,0.04452435996232551,0.41806705467661287,0.5,https://www.oddsportal.com/american-football/usa/nfl-2024-2025/arizona-cardinals-detroit-lions-GAFijs85/
2024-09-22,2025,0,dal,bal,0,-101,-119,0.04586655762284475,0.4804509318389157,1.0,https://www.oddsportal.com/american-football/usa/nfl-2024-2025/dallas-cowboys-baltimore-ravens-xQ30lLxI/
2024-09-22,2025,0,lar,sf,1,223,-278,0.04504725866954962,0.2962521748671568,0.0,https://www.oddsportal.com/american-football/usa/nfl-2024-2025/los-angeles-rams-san-francisco-49ers-pj78na7U/
2024-09-22,2025,0,oak,car,0,-255,208,0.0429851838302544,0.6887057172921781,1.0,https://www.oddsportal.com/american-football/usa/nfl-2024-2025/las-vegas-raiders-carolina-panthers-lrdrfP8t/
2024-09-22,2025,0,sea,mia,1,-214,176,0.043847503000092214,0.6529006013441812,0.969553668709759,https://www.oddsportal.com/american-football/usa/nfl-2024-2025/seattle-seahawks-miami-dolphins-8pCqh3wg/
2024-09-22,2025,0,cle,nyg,0,-300,238,0.04585798816568043,0.7171145685997171,1.0,https://www.oddsportal.com/american-football/usa/nfl-2024-2025/cleveland-browns-new-york-giants-GWStxime/
2024-09-22,2025,0,ind,chi,1,-130,108,0.04598662207357851,0.5403677058353318,0.0,https://www.oddsportal.com/american-football/usa/nfl-2024-2025/indianapolis-colts-chicago-bears-lpRlzVH7/
2024-09-22,2025,0,min,hou,1,104,-125,0.045751633986928164,0.46874999999999994,0.9456396174262736,https://www.oddsportal.com/american-football/usa/nfl-2024-2025/minnesota-vikings-houston-texans-4h9ybY9E/
2024-09-22,2025,0,no,phi,0,-141,117,0.04589173375145794,0.5593908258222572,1.0,https://www.oddsportal.com/american-football/usa/nfl-2024-2025/new-orleans-saints-philadelphia-eagles-8Oz9uQgm/
2024-09-22,2025,0,pit,lac,1,-145,122,0.042287185144328054,0.5678250132298465,0.5,https://www.oddsportal.com/american-football/usa/nfl-2024-2025/pittsburgh-steelers-los-angeles-chargers-UwPHw4Oa/
2024-09-22,2025,0,tb,den,0,-263,212,0.04503072684890874,0.6932981851363682,1.0,https://www.oddsportal.com/american-football/usa/nfl-2024-2025/tampa-bay-buccaneers-denver-broncos-x4SPyrgC/
2024-09-22,2025,0,ten,gb,0,-157,132,0.04192942439286185,0.5863112484708004,0.0,https://www.oddsportal.com/american-football/usa/nfl-2024-2025/tennessee-titans-green-bay-packers-YVLYZLNO/
2024-09-19,2025,0,nyj,ne,1,-299,237,0.04610933862847033,0.7163433170058935,0.11341041804838056,https://www.oddsportal.com/american-football/usa/nfl-2024-2025/new-york-jets-new-england-patriots-K4ZXwDIr/
2024-09-16,2025,0,phi,atl,0,-249,204,0.0424144171316545,0.6844370501645628,,https://www.oddsportal.com/american-football/usa/nfl-2024-2025/philadelphia-eagles-atlanta-falcons-OKY2qZfL/
2024-09-15,2025,0,hou,chi,1,-275,221,0.04485981308411202,0.7018485390578414,0.5,https://www.oddsportal.com/american-football/usa/nfl-2024-2025/houston-texans-chicago-bears-25pfoeQ8/
2024-09-15,2025,0,den,pit,0,127,-152,0.0437032375358366,0.4220822725445531,0.0,https://www.oddsportal.com/american-football/usa/nfl-2024-2025/denver-broncos-pittsburgh-steelers-zah8NiY1/
2024-09-15,2025,0,kc,cin,1,-298,236,0.04636276621201252,0.7155680064032931,1.0,https://www.oddsportal.com/american-football/usa/nfl-2024-2025/kansas-city-chiefs-cincinnati-bengals-p6aTQSeJ/
2024-09-15,2025,0,ari,lar,1,-112,-107,0.04521009935283926,0.5054504229528212,,https://www.oddsportal.com/american-football/usa/nfl-2024-2025/arizona-cardinals-los-angeles-rams-vXbaPD3k/
2024-09-15,2025,0,bal,oak,0,-447,336,0.0465424416751925,0.7808423346902144,,https://www.oddsportal.com/american-football/usa/nfl-2024-2025/baltimore-ravens-las-vegas-raiders-UyCJ3csT/
2024-09-15,2025,0,car,lac,0,178,-215,0.04225191275550988,0.34512983455680946,0.0,https://www.oddsportal.com/american-football/usa/nfl-2024-2025/carolina-panthers-los-angeles-chargers-E9mjby5j/
2024-09-15,2025,0,dal,no,0,-294,227,0.052003290954532044,0.7093066151190073,0.5,https://www.oddsportal.com/american-football/usa/nfl-2024-2025/dallas-cowboys-new-orleans-saints-tGuxMvcc/
2024-09-15,2025,0,det,tb,0,-385,297,0.045703601755433754,0.7591199185477663,0.5,https://www.oddsportal.com/american-football/usa/nfl-2024-2025/detroit-lions-tampa-bay-buccaneers-xrZpKIR9/
2024-09-15,2025,0,gb,ind,1,115,-137,0.04317535079972523,0.4458658639826921,,https://www.oddsportal.com/american-football/usa/nfl-2024-2025/green-bay-packers-indianapolis-colts-AeXhIddM/
2024-09-15,2025,0,jax,cle,0,-171,141,0.04593406929919919,0.6032849760653483,,https://www.oddsportal.com/american-football/usa/nfl-2024-2025/jacksonville-jaguars-cleveland-browns-hGzICzKq/
2024-09-15,2025,0,min,sf,1,169,-207,0.04601431287310942,0.3553940011344825,0.5,https://www.oddsportal.com/american-football/usa/nfl-2024-2025/minnesota-vikings-san-francisco-49ers-0tvQAEld/
2024-09-15,2025,0,ne,sea,0,138,-166,0.04422821760283058,0.4023718763235917,0.5,https://www.oddsportal.com/american-football/usa/nfl-2024-2025/new-england-patriots-seattle-seahawks-txHCYHt3/
2024-09-15,2025,0,ten,nyj,0,161,-196,0.045303924614269464,0.3665362326019119,,https://www.oddsportal.com/american-football/usa/nfl-2024-2025/tennessee-titans-new-york-jets-l2KKWeBF/
2024-09-15,2025,0,wsh,nyg,1,-123,103,0.04418034416488115,0.5282320336795786,,https://www.oddsportal.com/american-football/usa/nfl-2024-2025/washington-commanders-new-york-giants-r1DTUZuS/
2024-09-12,2025,0,mia,buf,0,-145,120,0.04638218923933213,0.5656028368794326,0.5,https://www.oddsportal.com/american-football/usa/nfl-2024-2025/miami-dolphins-buffalo-bills-trGRba44/
2024-09-09,2025,0,sf,nyj,1,-192,160,0.04214963119072701,0.6309403437815976,,https://www.oddsportal.com/american-football/usa/nfl-2024-2025/san-francisco-49ers-new-york-jets-GQ7CUAdf/
2024-09-08,2025,0,det,lar,1,-251,201,0.047325628720977564,0.6827864185592539,,https://www.oddsportal.com/american-football/usa/nfl-2024-2025/detroit-lions-los-angeles-rams-8l2e91Di/
2024-09-08,2025,0,cle,dal,0,-130,108,0.04598662207357851,0.5403677058353318,,https://www.oddsportal.com/american-football/usa/nfl-2024-2025/cleveland-browns-dallas-cowboys-zXF1lOW7/
2024-09-08,2025,0,tb,wsh,1,-205,169,0.04387835943689433,0.6438788020316423,,https://www.oddsportal.com/american-football/usa/nfl-2024-2025/tampa-bay-buccaneers-washington-commanders-jDXA1kfo/
2024-09-08,2025,0,lac,oak,1,-155,129,0.04452435996232551,0.5819329453233871,,https://www.oddsportal.com/american-football/usa/nfl-2024-2025/los-angeles-chargers-las-vegas-raiders-p8MULJu0/
2024-09-08,2025,0,sea,den,1,-300,236,0.04761904761904767,0.7159090909090908,,https://www.oddsportal.com/american-football/usa/nfl-2024-2025/seattle-seahawks-denver-broncos-6NAwKcAC/
2024-09-08,2025,0,atl,pit,0,-200,165,0.04402515723270439,0.6385542168674698,,https://www.oddsportal.com/american-football/usa/nfl-2024-2025/atlanta-falcons-pittsburgh-steelers-6mfUhLBD/
2024-09-08,2025,0,buf,ari,1,-296,236,0.045093795093795075,0.7152226441146013,,https://www.oddsportal.com/american-football/usa/nfl-2024-2025/buffalo-bills-arizona-cardinals-WtE8GO3K/
2024-09-08,2025,0,chi,ten,1,-208,172,0.042971734148204765,0.6475004577916132,,https://www.oddsportal.com/american-football/usa/nfl-2024-2025/chicago-bears-tennessee-titans-2P4vB2Rs/
2024-09-08,2025,0,cin,ne,0,-388,300,0.04508196721311464,0.7607843137254903,,https://www.oddsportal.com/american-football/usa/nfl-2024-2025/cincinnati-bengals-new-england-patriots-Ovgm9tdf/
2024-09-08,2025,0,ind,hou,0,133,-160,0.04456916474083861,0.4108723135271808,,https://www.oddsportal.com/american-football/usa/nfl-2024-2025/indianapolis-colts-houston-texans-W4de7KQ6/
2024-09-08,2025,0,mia,jax,1,-193,158,0.0462999708971612,0.6295547070574253,,https://www.oddsportal.com/american-football/usa/nfl-2024-2025/miami-dolphins-jacksonville-jaguars-Q3k45beJ/
2024-09-08,2025,0,no,car,1,-195,161,0.04415871160464979,0.6330617575719882,,https://www.oddsportal.com/american-football/usa/nfl-2024-2025/new-orleans-saints-carolina-panthers-IcxjT1mQ/
2024-09-08,2025,0,nyg,min,0,-106,-113,0.045079538720999235,0.4923674110258199,,https://www.oddsportal.com/american-football/usa/nfl-2024-2025/new-york-giants-minnesota-vikings-xrJMNuBm/
2024-09-05,2025,0,kc,bal,1,-149,122,0.04884402474763916,0.5705267515264411,,https://www.oddsportal.com/american-football/usa/nfl-2024-2025/kansas-city-chiefs-baltimore-ravens-S6Cgjp2e/
2024-01-07,2024,1,mia,buf,0,125,-148,0.04121863799283165,0.4268502581755593,0.5684013397995522,https://www.oddsportal.com/american-football/usa/nfl-2023-2024/miami-dolphins-buffalo-bills-phANLCYF/
2024-01-07,2024,1,ari,sea,0,129,-150,0.03668122270742358,0.4212299915754002,0.23630939591757477,https://www.oddsportal.com/american-football/usa/nfl-2023-2024/arizona-cardinals-seattle-seahawks-SfOi8g4G/
2024-01-07,2024,1,gb,chi,1,-152,131,0.03607503607503615,0.5821727019498607,0.5861713075804129,https://www.oddsportal.com/american-football/usa/nfl-2023-2024/green-bay-packers-chicago-bears-Ye7z0VBd/
2024-01-07,2024,1,oak,den,1,-177,149,0.04059559537790136,0.6140609978682792,0.43085090948254284,https://www.oddsportal.com/american-football/usa/nfl-2023-2024/las-vegas-raiders-denver-broncos-61BJMhJ9/
2024-01-07,2024,1,lac,kc,0,-180,152,0.039682539682539764,0.6183206106870229,0.23583573744434516,https://www.oddsportal.com/american-football/usa/nfl-2023-2024/los-angeles-chargers-kansas-city-chiefs-QkfMNY33/
2024-01-07,2024,1,nyg,phi,1,186,-227,0.04383995209683289,0.3349654790928274,0.14607087174484748,https://www.oddsportal.com/american-football/usa/nfl-2023-2024/new-york-giants-philadelphia-eagles-bajbFABq/
2024-01-07,2024,1,sf,lar,0,-250,201,0.04651162790697683,0.6825396825396824,0.7146181787364205,https://www.oddsportal.com/american-football/usa/nfl-2023-2024/san-francisco-49ers-los-angeles-rams-xjk2EUQk/
2024-01-07,2024,1,wsh,dal,0,570,-835,0.042301859685529575,0.1431962631135615,0.11537476882098403,https://www.oddsportal.com/american-football/usa/nfl-2023-2024/washington-commanders-dallas-cowboys-pGhAC8e2/
2024-01-07,2024,1,car,tb,0,195,-238,0.04312506268177718,0.3249687530045188,0.12099883890847578,https://www.oddsportal.com/american-football/usa/nfl-2023-2024/carolina-panthers-tampa-bay-buccaneers-zLRa6XYS/
2024-01-07,2024,1,cin,cle,1,-339,269,0.04321227722527787,0.74022285210455,0.32277970635181147,https://www.oddsportal.com/american-football/usa/nfl-2023-2024/cincinnati-bengals-cleveland-browns-xUDR1isp/
2024-01-07,2024,1,det,min,1,-196,163,0.04239029904429148,0.6352343865529649,0.7489391626293915,https://www.oddsportal.com/american-football/usa/nfl-2023-2024/detroit-lions-minnesota-vikings-Kh3W0Bdj/
2024-01-07,2024,1,ne,nyj,0,-141,120,0.03960769520935492,0.5627721335268505,0.3679112444088668,https://www.oddsportal.com/american-football/usa/nfl-2023-2024/new-england-patriots-new-york-jets-vF9RKWmM/
2024-01-07,2024,1,no,atl,1,-174,147,0.03989479594550671,0.6106737901048623,0.5645302428536888,https://www.oddsportal.com/american-football/usa/nfl-2023-2024/new-orleans-saints-atlanta-falcons-hIDVJj3S/
2024-01-07,2024,1,ten,jax,1,153,-186,0.04560656734569779,0.37801686536783946,0.2706830737718578,https://www.oddsportal.com/american-football/usa/nfl-2023-2024/tennessee-titans-jacksonville-jaguars-6Pg6Dltd/
2024-01-06,2024,1,ind,hou,0,103,-125,0.04816639299397929,0.46997389033942555,0.4950311293254528,https://www.oddsportal.com/american-football/usa/nfl-2023-2024/indianapolis-colts-houston-texans-naeIOElc/
2024-01-06,2024,1,bal,pit,0,140,-168,0.04353233830845782,0.39928486293206195,0.7945313174835117,https://www.oddsportal.com/american-football/usa/nfl-2023-2024/baltimore-ravens-pittsburgh-steelers-6oNe7DJM/
2023-12-31,2024,1,min,gb,0,-110,-107,0.04071773636991027,0.503315649867374,0.5222015609725087,https://www.oddsportal.com/american-football/usa/nfl-2023-2024/minnesota-vikings-green-bay-packers-YeVrAFZ3/
2023-12-31,2024,1,den,lac,1,-186,154,0.04405043775122519,0.622910184062022,0.6231270836871302,https://www.oddsportal.com/american-football/usa/nfl-2023-2024/denver-broncos-los-angeles-chargers-vZVvBeKc/
2023-12-31,2024,1,kc,cin,1,-336,270,0.040912472105132824,0.7403525488327775,0.3858049183959382,https://www.oddsportal.com/american-football/usa/nfl-2023-2024/kansas-city-chiefs-cincinnati-bengals-KC9kKy4A/
2023-12-31,2024,1,sea,pit,0,-206,173,0.03950298067945135,0.647619705658813,0.5243812366833336,https://www.oddsportal.com/american-football/usa/nfl-2023-2024/seattle-seahawks-pittsburgh-steelers-0rXzCy5i/
2023-12-31,2024,1,bal,mia,1,-172,144,0.042189006750241065,0.6067545685866297,0.683605893861266,https://www.oddsportal.com/american-football/usa/nfl-2023-2024/baltimore-ravens-miami-dolphins-Q9vUFp6P/
2023-12-31,2024,1,buf,ne,1,-1053,672,0.042803409892643085,0.8757832228705388,0.8233931354932388,https://www.oddsportal.com/american-football/usa/nfl-2023-2024/buffalo-bills-new-england-patriots-2VVeB4Et/
2023-12-31,2024,1,chi,atl,1,-148,125,0.04121863799283165,0.5731497418244406,0.44631120786262496,https://www.oddsportal.com/american-football/usa/nfl-2023-2024/chicago-bears-atlanta-falcons-pfL0AOTn/
2023-12-31,2024,1,hou,ten,1,-234,193,0.041895730722854685,0.6724269826013612,0.6669181835859176,https://www.oddsportal.com/american-football/usa/nfl-2023-2024/houston-texans-tennessee-titans-OpK49rqg/
2023-12-31,2024,1,ind,oak,1,-188,155,0.04493464052287588,0.6247068021892103,0.5900970733865754,https://www.oddsportal.com/american-football/usa/nfl-2023-2024/indianapolis-colts-las-vegas-raiders-ILY782ba/
2023-12-31,2024,1,jax,car,1,-194,162,0.04154333489120843,0.6335443984643765,0.9032554037987568,https://www.oddsportal.com/american-football/usa/nfl-2023-2024/jacksonville-jaguars-carolina-panthers-dCXB7MD5/
2023-12-31,2024,1,nyg,lar,0,227,-278,0.041260133003252264,0.2936926017435084,0.21910683012955226,https://www.oddsportal.com/american-football/usa/nfl-2023-2024/new-york-giants-los-angeles-rams-vyNG6tTB/
2023-12-31,2024,1,phi,ari,0,-715,503,0.04313809276724756,0.8410205892966869,0.9203159410820021,https://www.oddsportal.com/american-football/usa/nfl-2023-2024/philadelphia-eagles-arizona-cardinals-hvRK50rI/
2023-12-31,2024,1,tb,no,0,-147,129,0.03182292311228174,0.5767866627829276,0.6560735221388424,https://www.oddsportal.com/american-football/usa/nfl-2023-2024/tampa-bay-buccaneers-new-orleans-saints-pzkllYCp/
2023-12-31,2024,1,wsh,sf,0,617,-953,0.044503252313573105,0.13352760141059927,0.06732294022944814,https://www.oddsportal.com/american-football/usa/nfl-2023-2024/washington-commanders-san-francisco-49ers-OQmhmhSj/
2023-12-30,2024,1,dal,det,1,-234,189,0.046619563640884376,0.669392037693267,0.47975465592063954,https://www.oddsportal.com/american-football/usa/nfl-2023-2024/dallas-cowboys-detroit-lions-C6jni1TO/
2023-12-28,2024,1,cle,nyj,1,-339,271,0.04175134617391896,0.7412609256847155,0.8232065469615425,https://www.oddsportal.com/american-football/usa/nfl-2023-2024/cleveland-browns-new-york-jets-YFirhsEI/
2023-12-25,2024,1,sf,bal,0,-294,231,0.048307697026392926,0.7118071302134382,0.5021838231878795,https://www.oddsportal.com/american-football/usa/nfl-2023-2024/san-francisco-49ers-baltimore-ravens-GvcwgNbC/
2023-12-25,2024,1,phi,nyg,1,-910,578,0.04848272437863255,0.8593275578706928,0.8802210669320059,https://www.oddsportal.com/american-football/usa/nfl-2023-2024/philadelphia-eagles-new-york-giants-dzbko58Q/
2023-12-25,2024,1,kc,oak,0,-589,440,0.040047304198247646,0.8219454207153194,0.7001027749495834,https://www.oddsportal.com/american-football/usa/nfl-2023-2024/kansas-city-chiefs-las-vegas-raiders-E51iKxWT/
2023-12-24,2024,1,den,ne,0,-342,285,0.03349591584885703,0.7486780007960425,0.780333452943568,https://www.oddsportal.com/american-football/usa/nfl-2023-2024/denver-broncos-new-england-patriots-xlbZg3q6/
2023-12-24,2024,1,chi,ari,1,-212,177,0.040498009812089286,0.6530403451803746,0.5198091712713921,https://www.oddsportal.com/american-football/usa/nfl-2023-2024/chicago-bears-arizona-cardinals-WjeRePEg/
2023-12-24,2024,1,mia,dal,1,-124,104,0.04376750700280119,0.5303589399530358,0.4520126943817696,https://www.oddsportal.com/american-football/usa/nfl-2023-2024/miami-dolphins-dallas-cowboys-rRbVfqUa/
2023-12-24,2024,1,tb,jax,1,109,-130,0.043686290825878826,0.4584412995814232,0.34923734127071315,https://www.oddsportal.com/american-football/usa/nfl-2023-2024/tampa-bay-buccaneers-jacksonville-jaguars-lS5Md5am/
2023-12-24,2024,1,atl,ind,1,-152,129,0.03985582588202674,0.5800559925343287,0.24610617464759119,https://www.oddsportal.com/american-football/usa/nfl-2023-2024/atlanta-falcons-indianapolis-colts-UNYetpF6/
2023-12-24,2024,1,car,gb,0,163,-195,0.041245086034671585,0.3651668007674692,0.1792434198870726,https://www.oddsportal.com/american-football/usa/nfl-2023-2024/carolina-panthers-green-bay-packers-OpYau4UC/
2023-12-24,2024,1,hou,cle,0,133,-155,0.03702768661112499,0.4138602613000082,0.29430847621718476,https://www.oddsportal.com/american-football/usa/nfl-2023-2024/houston-texans-cleveland-browns-xlx4vOqJ/
2023-12-24,2024,1,min,det,0,124,-140,0.029761904761904878,0.4335260115606936,0.28658914685621967,https://www.oddsportal.com/american-football/usa/nfl-2023-2024/minnesota-vikings-detroit-lions-vgGn37MJ/
2023-12-24,2024,1,nyj,wsh,1,-162,137,0.04026153895706508,0.5943895717868533,0.6189637366173496,https://www.oddsportal.com/american-football/usa/nfl-2023-2024/new-york-jets-washington-commanders-IqFj2RyQ/
2023-12-24,2024,1,ten,sea,0,135,-157,0.036426856527858265,0.41057592459461617,0.2752715177788153,https://www.oddsportal.com/american-football/usa/nfl-2023-2024/tennessee-titans-seattle-seahawks-Ay7Icops/
2023-12-23,2024,1,lac,buf,0,544,-755,0.03832043877810465,0.1495487301476247,0.2324936612713141,https://www.oddsportal.com/american-football/usa/nfl-2023-2024/los-angeles-chargers-buffalo-bills-jXZisQa0/
2023-12-23,2024,1,pit,cin,1,130,-150,0.034782608695652195,0.42016806722689076,0.3678770039504175,https://www.oddsportal.com/american-football/usa/nfl-2023-2024/pittsburgh-steelers-cincinnati-bengals-ALIfr6pf/
2023-12-21,2024,1,lar,no,1,-208,175,0.03896103896103886,0.65,0.7116582690496289,https://www.oddsportal.com/american-football/usa/nfl-2023-2024/los-angeles-rams-new-orleans-saints-WUJjqnVm/
2023-12-18,2024,1,sea,phi,1,174,-212,0.04445068313681455,0.3494310545650031,0.21156780940341544,https://www.oddsportal.com/american-football/usa/nfl-2023-2024/seattle-seahawks-philadelphia-eagles-WGvIUnGf/
2023-12-17,2024,1,jax,bal,0,167,-202,0.043406007391423085,0.358951196900183,0.2757812872366446,https://www.oddsportal.com/american-football/usa/nfl-2023-2024/jacksonville-jaguars-baltimore-ravens-U1cLT6V0/
2023-12-17,2024,1,buf,dal,1,-135,116,0.03743104806934605,0.5537409798708697,0.25684809728833763,https://www.oddsportal.com/american-football/usa/nfl-2023-2024/buffalo-bills-dallas-cowboys-xfuEVS0l/
2023-12-17,2024,1,ari,sf,0,529,-741,0.040076447714413765,0.15285656383533658,0.07036372859621345,https://www.oddsportal.com/american-football/usa/nfl-2023-2024/arizona-cardinals-san-francisco-49ers-I9bsykwR/
2023-12-17,2024,1,lar,wsh,1,-310,248,0.0434538828146902,0.7246104245029554,0.7742093048304087,https://www.oddsportal.com/american-football/usa/nfl-2023-2024/los-angeles-rams-washington-commanders-b3tAW8or/
2023-12-17,2024,1,car,atl,1,127,-151,0.04212225985924145,0.4227226030281085,0.10269189021683599,https://www.oddsportal.com/american-football/usa/nfl-2023-2024/carolina-panthers-atlanta-falcons-jHoURp0D/
2023-12-17,2024,1,cle,chi,1,-153,130,0.03952569169960474,0.5817490494296578,0.8622145635373044,https://www.oddsportal.com/american-football/usa/nfl-2023-2024/cleveland-browns-chicago-bears-INwGklhK/
2023-12-17,2024,1,gb,tb,0,-194,162,0.04154333489120843,0.6335443984643765,0.49031098410331125,https://www.oddsportal.com/american-football/usa/nfl-2023-2024/green-bay-packers-tampa-bay-buccaneers-UmInF7G7/
2023-12-17,2024,1,mia,nyj,1,-392,301,0.046124526083166195,0.7616186673902088,0.7631070848249865,https://www.oddsportal.com/american-football/usa/nfl-2023-2024/miami-dolphins-new-york-jets-WhdVwig8/
2023-12-17,2024,1,ne,kc,0,370,-501,0.04637660636527774,0.20333592719152824,0.18095724648006814,https://www.oddsportal.com/american-football/usa/nfl-2023-2024/new-england-patriots-kansas-city-chiefs-CQnQSQp7/
2023-12-17,2024,1,no,nyg,1,-274,220,0.045120320855615015,0.7009913655260633,0.4663918054989744,https://www.oddsportal.com/american-football/usa/nfl-2023-2024/new-orleans-saints-new-york-giants-pd0ZxB8E/
2023-12-17,2024,1,ten,hou,0,-159,133,0.04308416325583719,0.5885427423070201,0.37711131849108964,https://www.oddsportal.com/american-football/usa/nfl-2023-2024/tennessee-titans-houston-texans-vJawxVNK/
2023-12-16,2024,1,det,den,1,-229,191,0.03969124390269374,0.6694762856769708,0.5996308304389308,https://www.oddsportal.com/american-football/usa/nfl-2023-2024/detroit-lions-denver-broncos-0nTKl87Q/
2023-12-16,2024,1,ind,pit,1,-123,107,0.03466129416607089,0.5330918531856537,0.40477050059796077,https://www.oddsportal.com/american-football/usa/nfl-2023-2024/indianapolis-colts-pittsburgh-steelers-x8KnpSFs/
2023-12-16,2024,1,cin,min,1,-173,147,0.038557933294775415,0.6101726378318173,0.6721785892561912,https://www.oddsportal.com/american-football/usa/nfl-2023-2024/cincinnati-bengals-minnesota-vikings-vXvCjUxE/
2023-12-14,2024,1,oak,lac,1,-155,133,0.03702768661112499,0.5861397386999919,0.47074249875507834,https://www.oddsportal.com/american-football/usa/nfl-2023-2024/las-vegas-raiders-los-angeles-chargers-jcJrGm11/
2023-12-11,2024,1,mia,ten,0,-852,558,0.046933667083854935,0.8548373324225087,0.8893169515185209,https://www.oddsportal.com/american-football/usa/nfl-2023-2024/miami-dolphins-tennessee-titans-4tLzI9Wl/
2023-12-11,2024,1,nyg,gb,1,194,-243,0.048590864917395615,0.32437442075996287,0.3290517437366686,https://www.oddsportal.com/american-football/usa/nfl-2023-2024/new-york-giants-green-bay-packers-rXJvHToe/
2023-12-10,2024,1,dal,phi,1,-170,146,0.03613369467027994,0.6076721883173497,0.29158460240925865,https://www.oddsportal.com/american-football/usa/nfl-2023-2024/dallas-cowboys-philadelphia-eagles-MHVVIkHr/
2023-12-10,2024,1,kc,buf,0,-136,115,0.041387465510445365,0.5533686601059804,0.665262088338438,https://www.oddsportal.com/american-football/usa/nfl-2023-2024/kansas-city-chiefs-buffalo-bills-GI3bybX9/
2023-12-10,2024,1,lac,den,0,-160,136,0.039113428943937434,0.5922208281053952,0.4109264831864425,https://www.oddsportal.com/american-football/usa/nfl-2023-2024/los-angeles-chargers-denver-broncos-Au32zInG/
2023-12-10,2024,1,oak,min,0,123,-143,0.03690785952868669,0.43246898859207317,0.440865679263497,https://www.oddsportal.com/american-football/usa/nfl-2023-2024/las-vegas-raiders-minnesota-vikings-KjAkwK2c/
2023-12-10,2024,1,sf,sea,1,-879,580,0.044913777564141055,0.8592622408786407,0.7874695857804871,https://www.oddsportal.com/american-football/usa/nfl-2023-2024/san-francisco-49ers-seattle-seahawks-xS4fxvI3/
2023-12-10,2024,1,atl,tb,0,-129,107,0.04641056473218996,0.5383343749369998,0.5388031176258768,https://www.oddsportal.com/american-football/usa/nfl-2023-2024/atlanta-falcons-tampa-bay-buccaneers-OOvLNv3A/
2023-12-10,2024,1,bal,lar,1,-361,279,0.046932503047750984,0.7479758800343321,0.7202534479487162,https://www.oddsportal.com/american-football/usa/nfl-2023-2024/baltimore-ravens-los-angeles-rams-2FwPMbIG/
2023-12-10,2024,1,chi,det,1,150,-179,0.04157706093189972,0.38403303509979353,0.11054086373405737,https://www.oddsportal.com/american-football/usa/nfl-2023-2024/chicago-bears-detroit-lions-WlrTLIXM/
2023-12-10,2024,1,cin,ind,1,-138,116,0.0427948957360722,0.55603641247575,0.5661318195008566,https://www.oddsportal.com/american-football/usa/nfl-2023-2024/cincinnati-bengals-indianapolis-colts-AusXKxmT/
2023-12-10,2024,1,cle,jax,1,-117,-101,0.041658069101497164,0.5176079587973764,0.5135148833642202,https://www.oddsportal.com/american-football/usa/nfl-2023-2024/cleveland-browns-jacksonville-jaguars-GMJaGdep/
2023-12-10,2024,1,no,car,1,-253,209,0.04033847648908573,0.6889237466623193,0.864083234692466,https://www.oddsportal.com/american-football/usa/nfl-2023-2024/new-orleans-saints-carolina-panthers-SdN3FGAj/
2023-12-10,2024,1,nyj,hou,1,157,-186,0.039454708715409126,0.37433575037302685,0.2639724739983589,https://www.oddsportal.com/american-football/usa/nfl-2023-2024/new-york-jets-houston-texans-t0Bov0mi/
2023-12-07,2024,1,pit,ne,0,-263,212,0.04503072684890874,0.6932981851363682,0.927212316324148,https://www.oddsportal.com/american-football/usa/nfl-2023-2024/pittsburgh-steelers-new-england-patriots-t0kGOKm4/
2023-12-04,2024,1,jax,cin,0,-494,375,0.0421761474393052,0.7979935385138582,0.6985038478098521,https://www.oddsportal.com/american-football/usa/nfl-2023-2024/jacksonville-jaguars-cincinnati-bengals-SdoCP0Yc/
2023-12-03,2024,1,gb,kc,1,211,-255,0.039853267515058244,0.30921998170811377,0.18718957919988893,https://www.oddsportal.com/american-football/usa/nfl-2023-2024/green-bay-packers-kansas-city-chiefs-YZo8QtJi/
2023-12-03,2024,1,lar,cle,1,-189,164,0.03276711754220418,0.6332301132037159,0.2501392885814467,https://www.oddsportal.com/american-football/usa/nfl-2023-2024/los-angeles-rams-cleveland-browns-fqm4RM3o/
2023-12-03,2024,1,phi,sf,0,134,-156,0.036725427350427386,0.4122117737987891,0.7774781524045578,https://www.oddsportal.com/american-football/usa/nfl-2023-2024/philadelphia-eagles-san-francisco-49ers-8SMQYyoN/
2023-12-03,2024,1,tb,car,1,-211,173,0.044756957940237596,0.6493917905820548,0.8731080790693388,https://www.oddsportal.com/american-football/usa/nfl-2023-2024/tampa-bay-buccaneers-carolina-panthers-b7xf9ulH/
2023-12-03,2024,1,ne,lac,0,186,-230,0.046620046620046596,0.33407572383073497,0.25522806596403935,https://www.oddsportal.com/american-football/usa/nfl-2023-2024/new-england-patriots-los-angeles-chargers-URpwDNlh/
2023-12-03,2024,1,no,det,0,169,-199,0.03729905136079381,0.35837997866500454,0.1696717462919165,https://www.oddsportal.com/american-football/usa/nfl-2023-2024/new-orleans-saints-detroit-lions-8IqsCs4b/
2023-12-03,2024,1,nyj,atl,0,113,-130,0.03470095937946516,0.4537384099427895,0.5444966932441105,https://www.oddsportal.com/american-football/usa/nfl-2023-2024/new-york-jets-atlanta-falcons-xhloB1J4/
2023-12-03,2024,1,hou,den,1,-170,147,0.034487929224771285,0.6086389331787216,0.46375532400847874,https://www.oddsportal.com/american-football/usa/nfl-2023-2024/houston-texans-denver-broncos-8tST2wRp/
2023-12-03,2024,1,pit,ari,0,-288,232,0.043472860514221834,0.7113438876324247,0.9372356495522524,https://www.oddsportal.com/american-football/usa/nfl-2023-2024/pittsburgh-steelers-arizona-cardinals-GrmkALYA/
2023-12-03,2024,1,ten,ind,0,103,-121,0.04012214965561833,0.47360864067891045,0.3343386562652219,https://www.oddsportal.com/american-football/usa/nfl-2023-2024/tennessee-titans-indianapolis-colts-CAtb8a3N/
2023-12-03,2024,1,wsh,mia,0,333,-422,0.03937600099103644,0.22219762818930217,0.09003802737229989,https://www.oddsportal.com/american-football/usa/nfl-2023-2024/washington-commanders-miami-dolphins-6Xu27JIT/
2023-11-30,2024,1,dal,sea,1,-488,357,0.0487503535330982,0.7913532233797939,0.6232403373083194,https://www.oddsportal.com/american-football/usa/nfl-2023-2024/dallas-cowboys-seattle-seahawks-n3eYD3Zo/
2023-11-27,2024,1,min,chi,0,-160,141,0.030322374720715084,0.59727385377943,0.8259914059274877,https://www.oddsportal.com/american-football/usa/nfl-2023-2024/minnesota-vikings-chicago-bears-zTiUEqKu/
2023-11-26,2024,1,lac,bal,0,143,-166,0.03558278412079585,0.3973826526039021,0.13122328460742502,https://www.oddsportal.com/american-football/usa/nfl-2023-2024/los-angeles-chargers-baltimore-ravens-b7GOg0lU/
2023-11-26,2024,1,oak,kc,0,373,-488,0.04134846327537356,0.2030218490180372,0.19884393361508126,https://www.oddsportal.com/american-football/usa/nfl-2023-2024/las-vegas-raiders-kansas-city-chiefs-2uNFeMJH/
2023-11-26,2024,1,phi,buf,1,-148,125,0.04121863799283165,0.5731497418244406,0.906116141315793,https://www.oddsportal.com/american-football/usa/nfl-2023-2024/philadelphia-eagles-buffalo-bills-KGHKftZN/
2023-11-26,2024,1,ari,lar,0,131,-152,0.03607503607503615,0.41782729805013924,0.18468598778952922,https://www.oddsportal.com/american-football/usa/nfl-2023-2024/arizona-cardinals-los-angeles-rams-URO7crk5/
2023-11-26,2024,1,den,cle,1,-127,107,0.0425631530783801,0.5366306721917165,0.17123366142546254,https://www.oddsportal.com/american-football/usa/nfl-2023-2024/denver-broncos-cleveland-browns-OlOBd24B/
2023-11-26,2024,1,atl,no,1,108,-129,0.04408800806180713,0.46046810906458624,0.4176119577024179,https://www.oddsportal.com/american-football/usa/nfl-2023-2024/atlanta-falcons-new-orleans-saints-t2KrcEwP/
2023-11-26,2024,1,cin,pit,0,114,-135,0.04175780473255131,0.448558885283451,0.35416912751692675,https://www.oddsportal.com/american-football/usa/nfl-2023-2024/cincinnati-bengals-pittsburgh-steelers-pzoP56sP/
2023-11-26,2024,1,hou,jax,0,101,-121,0.04502375002813985,0.47607763727623276,0.3747835741802012,https://www.oddsportal.com/american-football/usa/nfl-2023-2024/houston-texans-jacksonville-jaguars-nqXj1Qkt/
2023-11-26,2024,1,ind,tb,1,-148,126,0.039252069654581945,0.5742343084741106,0.5858940007091809,https://www.oddsportal.com/american-football/usa/nfl-2023-2024/indianapolis-colts-tampa-bay-buccaneers-f9Wf0p5n/
2023-11-26,2024,1,nyg,ne,1,179,-215,0.04096262160778297,0.34431874077717656,0.496290687877345,https://www.oddsportal.com/american-football/usa/nfl-2023-2024/new-york-giants-new-england-patriots-YaVba4Kh/
2023-11-26,2024,1,ten,car,1,-184,155,0.040044186688759975,0.6229421136484334,0.8551519979392935,https://www.oddsportal.com/american-football/usa/nfl-2023-2024/tennessee-titans-carolina-panthers-GOK3bOZb/
2023-11-24,2024,1,nyj,mia,0,356,-477,0.04598802031074212,0.2096565556734445,0.1843507695007099,https://www.oddsportal.com/american-football/usa/nfl-2023-2024/new-york-jets-miami-dolphins-fkQzgg64/
2023-11-23,2024,1,sea,sf,0,264,-325,0.03943115707821576,0.2643034825870647,0.3327811253080189,https://www.oddsportal.com/american-football/usa/nfl-2023-2024/seattle-seahawks-san-francisco-49ers-SbGvbfOI/
2023-11-23,2024,1,dal,wsh,1,-755,527,0.04253056884635842,0.8470168281489036,0.8344217522225613,https://www.oddsportal.com/american-football/usa/nfl-2023-2024/dallas-cowboys-washington-commanders-YyHzaz9C/
2023-11-23,2024,1,det,gb,0,-417,316,0.04696101770569849,0.77039774039401,0.87846033436427,https://www.oddsportal.com/american-football/usa/nfl-2023-2024/detroit-lions-green-bay-packers-foIWaGg6/
2023-11-20,2024,1,kc,phi,0,-145,125,0.03628117913832196,0.5711159737417943,0.3240292899570533,https://www.oddsportal.com/american-football/usa/nfl-2023-2024/kansas-city-chiefs-philadelphia-eagles-xANR0dv0/
2023-11-19,2024,1,den,min,1,-145,124,0.03826530612244894,0.5700245700245701,0.3332156878598976,https://www.oddsportal.com/american-football/usa/nfl-2023-2024/denver-broncos-minnesota-vikings-bJON1xPg/
2023-11-19,2024,1,buf,nyj,1,-413,314,0.046614119840664436,0.7692120819499555,0.5382584342910328,https://www.oddsportal.com/american-football/usa/nfl-2023-2024/buffalo-bills-new-york-jets-6B6G3bfs/
2023-11-19,2024,1,lar,sea,1,-132,114,0.0362552368675475,0.5490592442854922,0.22093819677931212,https://www.oddsportal.com/american-football/usa/nfl-2023-2024/los-angeles-rams-seattle-seahawks-4dPJ2I9m/
2023-11-19,2024,1,sf,tb,1,-817,563,0.04177830850484643,0.8552191369671172,0.7637068549833627,https://www.oddsportal.com/american-football/usa/nfl-2023-2024/san-francisco-49ers-tampa-bay-buccaneers-QDhnLQPE/
2023-11-19,2024,1,car,dal,0,429,-598,0.04576944117949733,0.18076251741587293,0.06670733635132488,https://www.oddsportal.com/american-football/usa/nfl-2023-2024/carolina-panthers-dallas-cowboys-n75K6RAL/
2023-11-19,2024,1,cle,pit,1,-134,116,0.035612535612535634,0.5529573590096286,0.5576435052596376,https://www.oddsportal.com/american-football/usa/nfl-2023-2024/cleveland-browns-pittsburgh-steelers-SIMH5oQR/
2023-11-19,2024,1,det,chi,1,-381,299,0.042726358515832175,0.7596430124076174,0.9431520310685118,https://www.oddsportal.com/american-football/usa/nfl-2023-2024/detroit-lions-chicago-bears-UR8q15Yr/
2023-11-19,2024,1,gb,lac,1,133,-156,0.03855954935622319,0.41324982243171693,0.2985676706823129,https://www.oddsportal.com/american-football/usa/nfl-2023-2024/green-bay-packers-los-angeles-chargers-Ol8m0Pmk/
2023-11-19,2024,1,hou,ari,1,-244,201,0.04152823920265791,0.6810207336523125,0.856388569803558,https://www.oddsportal.com/american-football/usa/nfl-2023-2024/houston-texans-arizona-cardinals-xhCiaq3e/
2023-11-19,2024,1,jax,ten,1,-317,248,0.04754816836186215,0.725686769813704,0.7604658804129824,https://www.oddsportal.com/american-football/usa/nfl-2023-2024/jacksonville-jaguars-tennessee-titans-KG1db3I1/
2023-11-19,2024,1,mia,oak,1,-890,584,0.04518872939925567,0.8601220752797559,0.7534879475968711,https://www.oddsportal.com/american-football/usa/nfl-2023-2024/miami-dolphins-las-vegas-raiders-b700cNX7/
2023-11-19,2024,1,wsh,nyg,0,-381,302,0.0408560110052647,0.7610080392721925,0.6647460532965597,https://www.oddsportal.com/american-football/usa/nfl-2023-2024/washington-commanders-new-york-giants-nNgrM6A8/
2023-11-16,2024,1,bal,cin,1,-199,165,0.04291033003092082,0.6381678465541235,0.7046746687756978,https://www.oddsportal.com/american-football/usa/nfl-2023-2024/baltimore-ravens-cincinnati-bengals-8G6G77eF/
2023-11-13,2024,1,buf,den,0,-377,294,0.0441635007289638,0.7569278121464752,0.7177052455901903,https://www.oddsportal.com/american-football/usa/nfl-2023-2024/buffalo-bills-denver-broncos-jLLHn6Jk/
2023-11-12,2024,1,oak,nyj,1,-104,-111,0.03587027227952788,0.4921503543554319,0.33698743553832883,https://www.oddsportal.com/american-football/usa/nfl-2023-2024/las-vegas-raiders-new-york-jets-CUMDmn4q/
2023-11-12,2024,1,dal,nyg,1,-1907,969,0.04371975914048254,0.9103730971029567,0.8631756308793499,https://www.oddsportal.com/american-football/usa/nfl-2023-2024/dallas-cowboys-new-york-giants-fDtsg8tM/
2023-11-12,2024,1,sea,wsh,1,-270,217,0.045187142978941,0.6981809282975774,0.8011090531560102,https://www.oddsportal.com/american-football/usa/nfl-2023-2024/seattle-seahawks-washington-commanders-6mpohSeS/
2023-11-12,2024,1,ari,atl,1,113,-131,0.03658313517468459,0.4529145344391506,0.13322693108665737,https://www.oddsportal.com/american-football/usa/nfl-2023-2024/arizona-cardinals-atlanta-falcons-MarZfUB9/
2023-11-12,2024,1,lac,det,0,115,-134,0.03776585171933999,0.4481900019153419,0.22833227020388183,https://www.oddsportal.com/american-football/usa/nfl-2023-2024/los-angeles-chargers-detroit-lions-0jswflRF/
2023-11-12,2024,1,bal,cle,0,-259,209,0.0450730634358294,0.6903330429307089,0.6607129550222308,https://www.oddsportal.com/american-football/usa/nfl-2023-2024/baltimore-ravens-cleveland-browns-EgL7v9RS/
2023-11-12,2024,1,cin,hou,0,-252,201,0.048135004530353465,0.6830313726902711,0.677708036986962,https://www.oddsportal.com/american-football/usa/nfl-2023-2024/cincinnati-bengals-houston-texans-G27ZZSZq/
2023-11-12,2024,1,jax,sf,0,145,-171,0.0391595752692222,0.392782085658381,0.624505412332578,https://www.oddsportal.com/american-football/usa/nfl-2023-2024/jacksonville-jaguars-san-francisco-49ers-bRdvZnkj/
2023-11-12,2024,1,min,no,1,128,-150,0.03859649122807007,0.4222972972972973,0.597399585664199,https://www.oddsportal.com/american-football/usa/nfl-2023-2024/minnesota-vikings-new-orleans-saints-CU0rY64d/
2023-11-12,2024,1,pit,gb,1,-172,146,0.03885700621712096,0.6087006560018414,0.867809351242482,https://www.oddsportal.com/american-football/usa/nfl-2023-2024/pittsburgh-steelers-green-bay-packers-QXlQdjsc/
2023-11-12,2024,1,tb,ten,1,-144,123,0.03859442769977206,0.568233295583239,0.394073671679232,https://www.oddsportal.com/american-football/usa/nfl-2023-2024/tampa-bay-buccaneers-tennessee-titans-4OmUeAd3/
2023-11-09,2024,0,chi,car,1,-175,151,0.034770010865628365,0.6149807490374519,0.5214497345754381,https://www.oddsportal.com/american-football/usa/nfl-2023-2024/chicago-bears-carolina-panthers-KI64ukCM/
2023-11-06,2024,0,nyj,lac,0,149,-178,0.04189419548698403,0.3854579739885194,0.6777520684609015,https://www.oddsportal.com/american-football/usa/nfl-2023-2024/new-york-jets-los-angeles-chargers-tS70tVdG/
2023-11-05,2024,0,cin,buf,1,-125,104,0.045751633986928164,0.53125,0.4826120669575399,https://www.oddsportal.com/american-football/usa/nfl-2023-2024/cincinnati-bengals-buffalo-bills-b3IesBsA/
2023-11-05,2024,0,oak,nyg,1,-117,-100,0.03917050691244239,0.5188470066518847,0.5380092510117985,https://www.oddsportal.com/american-football/usa/nfl-2023-2024/las-vegas-raiders-new-york-giants-jwFmqXCc/
2023-11-05,2024,0,phi,dal,1,-172,147,0.03721124077161231,0.6096664944607083,0.7813467161898989,https://www.oddsportal.com/american-football/usa/nfl-2023-2024/philadelphia-eagles-dallas-cowboys-p0EiriS3/
2023-11-05,2024,0,car,ind,0,104,-123,0.04176558515783002,0.4705435516542876,0.1866671869003463,https://www.oddsportal.com/american-football/usa/nfl-2023-2024/carolina-panthers-indianapolis-colts-CnGqpDci/
2023-11-05,2024,0,atl,min,0,-193,162,0.04038246098533205,0.6331355019657927,0.521111348340977,https://www.oddsportal.com/american-football/usa/nfl-2023-2024/atlanta-falcons-minnesota-vikings-xzkEUXc4/
2023-11-05,2024,0,bal,sea,1,-274,222,0.04317932706679506,0.7022956665711466,0.5956643963687804,https://www.oddsportal.com/american-football/usa/nfl-2023-2024/baltimore-ravens-seattle-seahawks-69gITiDA/
2023-11-05,2024,0,cle,ari,1,-741,518,0.042906233525353166,0.8448448263774865,0.9449552000242694,https://www.oddsportal.com/american-football/usa/nfl-2023-2024/cleveland-browns-arizona-cardinals-p0hMSBSG/
2023-11-05,2024,0,gb,lar,1,-201,167,0.04230592158473012,0.6406699535616651,0.19909829856971265,https://www.oddsportal.com/american-football/usa/nfl-2023-2024/green-bay-packers-los-angeles-rams-SOsRRVsN/
2023-11-05,2024,0,hou,tb,1,-148,129,0.03345541625581072,0.5774551898044027,0.4869041750537869,https://www.oddsportal.com/american-football/usa/nfl-2023-2024/houston-texans-tampa-bay-buccaneers-vaoVQkcT/
2023-11-05,2024,0,ne,wsh,0,-152,129,0.03985582588202674,0.5800559925343287,0.5626565832477054,https://www.oddsportal.com/american-football/usa/nfl-2023-2024/new-england-patriots-washington-commanders-dvYdM95p/
2023-11-05,2024,0,no,chi,1,-431,328,0.0453209426756076,0.7764850484913793,0.7785760741386489,https://www.oddsportal.com/american-football/usa/nfl-2023-2024/new-orleans-saints-chicago-bears-zVW0LTKj/
2023-11-02,2024,0,pit,ten,1,-172,144,0.042189006750241065,0.6067545685866297,0.6422218297975916,https://www.oddsportal.com/american-football/usa/nfl-2023-2024/pittsburgh-steelers-tennessee-titans-bqjAVDrb/
2023-10-30,2024,0,det,oak,1,-351,277,0.043522499367747436,0.745810953237106,0.8827487009635689,https://www.oddsportal.com/american-football/usa/nfl-2023-2024/detroit-lions-las-vegas-raiders-GK05WgTi/
2023-10-29,2024,0,lac,chi,1,-488,362,0.04638218923933213,0.793144208037825,0.7403175534968458,https://www.oddsportal.com/american-football/usa/nfl-2023-2024/los-angeles-chargers-chicago-bears-2Hd1XZDo/
2023-10-29,2024,0,ari,bal,0,370,-494,0.044415789096640124,0.20371767610947253,0.022530433391607863,https://www.oddsportal.com/american-football/usa/nfl-2023-2024/arizona-cardinals-baltimore-ravens-WxUhRbiC/
2023-10-29,2024,0,den,kc,1,266,-330,0.040665904180963386,0.2625473195750397,0.02634877873023877,https://www.oddsportal.com/american-football/usa/nfl-2023-2024/denver-broncos-kansas-city-chiefs-ClojQI6I/
2023-10-29,2024,0,sf,cin,0,-207,173,0.040567467277564884,0.6479801859857128,0.7117947717894207,https://www.oddsportal.com/american-football/usa/nfl-2023-2024/san-francisco-49ers-cincinnati-bengals-lE8J8jyo/
2023-10-29,2024,0,sea,cle,1,-202,170,0.03924454255580079,0.6436157658720794,0.2079884262192498,https://www.oddsportal.com/american-football/usa/nfl-2023-2024/seattle-seahawks-cleveland-browns-hnVlSvx6/
2023-10-29,2024,0,car,hou,1,149,-177,0.04059559537790136,0.3859390021317209,0.0,https://www.oddsportal.com/american-football/usa/nfl-2023-2024/carolina-panthers-houston-texans-bBjCEL76/
2023-10-29,2024,0,dal,lar,1,-306,242,0.04609224209950158,0.7204857764436978,0.4960752386054889,https://www.oddsportal.com/american-football/usa/nfl-2023-2024/dallas-cowboys-los-angeles-rams-hYkGDuNC/
2023-10-29,2024,0,gb,min,0,-103,-115,0.04227288349180891,0.48681028797537923,0.2800829842197736,https://www.oddsportal.com/american-football/usa/nfl-2023-2024/green-bay-packers-minnesota-vikings-jJ8JCaxJ/
2023-10-29,2024,0,ind,no,0,107,-126,0.04061391133341874,0.4642372950988045,0.8412133421491673,https://www.oddsportal.com/american-football/usa/nfl-2023-2024/indianapolis-colts-new-orleans-saints-hOn2yqFJ/
2023-10-29,2024,0,mia,ne,1,-405,305,0.04889377826671559,0.764596200908985,0.7960090248835575,https://www.oddsportal.com/american-football/usa/nfl-2023-2024/miami-dolphins-new-england-patriots-WEo6z3UP/
2023-10-29,2024,0,nyg,nyj,0,137,-162,0.04026153895706508,0.40561042821314675,0.1937743297786665,https://www.oddsportal.com/american-football/usa/nfl-2023-2024/new-york-giants-new-york-jets-O6wYVMxs/
2023-10-29,2024,0,pit,jax,0,116,-136,0.039234149403641005,0.44548474781032915,0.6423276346638166,https://www.oddsportal.com/american-football/usa/nfl-2023-2024/pittsburgh-steelers-jacksonville-jaguars-2cxxVthm/
2023-10-29,2024,0,ten,atl,1,117,-138,0.04066142586066679,0.44282365199270646,0.33398929345945305,https://www.oddsportal.com/american-football/usa/nfl-2023-2024/tennessee-titans-atlanta-falcons-pMRtU07g/
2023-10-29,2024,0,wsh,phi,0,252,-320,0.045995670995671034,0.27159855147439216,0.06362033540680573,https://www.oddsportal.com/american-football/usa/nfl-2023-2024/washington-commanders-philadelphia-eagles-bPVpTKMa/
2023-10-26,2024,0,buf,tb,1,-507,376,0.04533938781443392,0.799027917571648,0.5112042574831452,https://www.oddsportal.com/american-football/usa/nfl-2023-2024/buffalo-bills-tampa-bay-buccaneers-KKi8F1h0/
2023-10-23,2024,0,min,sf,1,251,-312,0.04218183829834321,0.2733690747916556,0.0074716282350951796,https://www.oddsportal.com/american-football/usa/nfl-2023-2024/minnesota-vikings-san-francisco-49ers-2qc3Gswf/
2023-10-22,2024,0,phi,mia,1,-158,137,0.034344029045235924,0.5920690636561996,0.6543108137335562,https://www.oddsportal.com/american-football/usa/nfl-2023-2024/philadelphia-eagles-miami-dolphins-OhbaHNNm/
2023-10-22,2024,0,den,gb,1,-116,-102,0.041987532086542156,0.515396797466127,0.1930936542042545,https://www.oddsportal.com/american-football/usa/nfl-2023-2024/denver-broncos-green-bay-packers-hA7TMq0Q/
2023-10-22,2024,0,kc,lac,1,-260,215,0.03968253968253954,0.6946564885496184,0.9464420608498911,https://www.oddsportal.com/american-football/usa/nfl-2023-2024/kansas-city-chiefs-los-angeles-chargers-UVbeI38s/
2023-10-22,2024,0,lar,pit,0,-176,149,0.03928758512310093,0.6135752688172044,0.274851728841921,https://www.oddsportal.com/american-football/usa/nfl-2023-2024/los-angeles-rams-pittsburgh-steelers-WfJKO5VD/
2023-10-22,2024,0,sea,ari,1,-435,335,0.042969169620797,0.7795859511793182,0.9041442953862305,https://www.oddsportal.com/american-football/usa/nfl-2023-2024/seattle-seahawks-arizona-cardinals-AoIONPpK/
2023-10-22,2024,0,bal,det,1,-162,141,0.033258370023122596,0.5984181968670488,0.37983180458897636,https://www.oddsportal.com/american-football/usa/nfl-2023-2024/baltimore-ravens-detroit-lions-dIvI4pvr/
2023-10-22,2024,0,chi,oak,1,116,-136,0.039234149403641005,0.44548474781032915,0.08938257117804832,https://www.oddsportal.com/american-football/usa/nfl-2023-2024/chicago-bears-las-vegas-raiders-z9wM34gl/
2023-10-22,2024,0,ind,cle,0,156,-187,0.042192944250871056,0.37481063574152435,0.31972493465064017,https://www.oddsportal.com/american-football/usa/nfl-2023-2024/indianapolis-colts-cleveland-browns-UVxQ2O8f/
2023-10-22,2024,0,ne,buf,1,313,-409,0.04566709638135835,0.2315562490617195,0.05602637419311267,https://www.oddsportal.com/american-football/usa/nfl-2023-2024/new-england-patriots-buffalo-bills-rZtU1rO0/
2023-10-22,2024,0,nyg,wsh,1,133,-157,0.040079490990464484,0.4126459112731009,0.31386300537552203,https://www.oddsportal.com/american-football/usa/nfl-2023-2024/new-york-giants-washington-commanders-QcWY02w7/
2023-10-22,2024,0,tb,atl,0,-148,128,0.03537068477645722,0.5763869909811424,0.4905156733842498,https://www.oddsportal.com/american-football/usa/nfl-2023-2024/tampa-bay-buccaneers-atlanta-falcons-4lVx0MhD/
2023-10-19,2024,0,no,jax,0,-141,118,0.0437778369941757,0.560523724424669,0.12822171849286176,https://www.oddsportal.com/american-football/usa/nfl-2023-2024/new-orleans-saints-jacksonville-jaguars-GOdk9QVQ/
2023-10-16,2024,0,lac,dal,0,104,-121,0.03770739064856721,0.4723837209302325,0.42949036614372366,https://www.oddsportal.com/american-football/usa/nfl-2023-2024/los-angeles-chargers-dallas-cowboys-xYcoA6GK/
2023-10-15,2024,0,buf,nyg,1,-1112,704,0.0418698586276538,0.8806203016405844,0.8870006680809702,https://www.oddsportal.com/american-football/usa/nfl-2023-2024/buffalo-bills-new-york-giants-rBbsBn1E/
2023-10-15,2024,0,lar,ari,1,-333,260,0.04683089556068776,0.7346488540262287,0.9913954234667405,https://www.oddsportal.com/american-football/usa/nfl-2023-2024/los-angeles-rams-arizona-cardinals-UVGfmq97/
2023-10-15,2024,0,nyj,phi,1,235,-296,0.04598221016131454,0.2853848371288556,0.0007714623892361113,https://www.oddsportal.com/american-football/usa/nfl-2023-2024/new-york-jets-philadelphia-eagles-WzewCSo8/
2023-10-15,2024,0,tb,det,0,139,-162,0.0367306525280271,0.40358606241720324,0.3970118992105412,https://www.oddsportal.com/american-football/usa/nfl-2023-2024/tampa-bay-buccaneers-detroit-lions-M5Dnk5ve/
2023-10-15,2024,0,oak,ne,1,-151,128,0.040190116726078084,0.5783496841822336,0.629481504778962,https://www.oddsportal.com/american-football/usa/nfl-2023-2024/las-vegas-raiders-new-england-patriots-juIjlPg1/
2023-10-15,2024,0,atl,wsh,0,-128,108,0.04217273954116063,0.5386856587892521,0.9900499462292641,https://www.oddsportal.com/american-football/usa/nfl-2023-2024/atlanta-falcons-washington-commanders-p443ak22/
2023-10-15,2024,0,chi,min,0,137,-161,0.038799165817934966,0.4061814277043746,0.920564275672721,https://www.oddsportal.com/american-football/usa/nfl-2023-2024/chicago-bears-minnesota-vikings-Of37b9H8/
2023-10-15,2024,0,cin,sea,1,-156,133,0.03855954935622319,0.5867501775682831,0.05828864124870423,https://www.oddsportal.com/american-football/usa/nfl-2023-2024/cincinnati-bengals-seattle-seahawks-jHZ3cTWE/
2023-10-15,2024,0,cle,sf,1,372,-506,0.04684790512949588,0.20238317881856316,0.007486361261821233,https://www.oddsportal.com/american-football/usa/nfl-2023-2024/cleveland-browns-san-francisco-49ers-U7Y7dmnL/
2023-10-15,2024,0,hou,no,1,110,-131,0.04329004329004338,0.4564315352697095,0.807784577687875,https://www.oddsportal.com/american-football/usa/nfl-2023-2024/houston-texans-new-orleans-saints-OUXBe71R/
2023-10-15,2024,0,jax,ind,1,-202,169,0.040621384081341194,0.6427642007144716,0.3386078791669025,https://www.oddsportal.com/american-football/usa/nfl-2023-2024/jacksonville-jaguars-indianapolis-colts-0jPwiR9r/
2023-10-15,2024,0,mia,car,1,-1112,677,0.046191877875046305,0.8769822903217948,1.0,https://www.oddsportal.com/american-football/usa/nfl-2023-2024/miami-dolphins-carolina-panthers-rFErjoPl/
2023-10-12,2024,0,kc,den,1,-653,435,0.05411376301646986,0.8226795869588255,0.9950750735603152,https://www.oddsportal.com/american-football/usa/nfl-2023-2024/kansas-city-chiefs-denver-broncos-W0GLz6P1/
2023-10-09,2024,0,oak,gb,1,-115,-105,0.04707884288145214,0.5108342361863488,0.007101438005823648,https://www.oddsportal.com/american-football/usa/nfl-2023-2024/las-vegas-raiders-green-bay-packers-IcCHynAe/
2023-10-08,2024,0,sf,dal,1,-187,156,0.042192944250871056,0.6251893642584757,0.9979974010652102,https://www.oddsportal.com/american-football/usa/nfl-2023-2024/san-francisco-49ers-dallas-cowboys-IBBDBJvb/
2023-10-08,2024,0,den,nyj,0,-134,114,0.03993929227574089,0.5506567324679315,0.12979033876239518,https://www.oddsportal.com/american-football/usa/nfl-2023-2024/denver-broncos-new-york-jets-drO8w8uq/
2023-10-08,2024,0,min,kc,0,163,-196,0.04239029904429148,0.364765613447035,0.00022378733156050976,https://www.oddsportal.com/american-football/usa/nfl-2023-2024/minnesota-vikings-kansas-city-chiefs-zZMCxSfk/
2023-10-08,2024,0,ari,cin,0,148,-177,0.042214976126703,0.38689312252081126,0.10607142719146609,https://www.oddsportal.com/american-football/usa/nfl-2023-2024/arizona-cardinals-cincinnati-bengals-jqdydGeA/
2023-10-08,2024,0,lar,phi,0,167,-197,0.037831498505655814,0.3608792330404987,0.04791897819188056,https://www.oddsportal.com/american-football/usa/nfl-2023-2024/los-angeles-rams-philadelphia-eagles-UZfuezBG/
2023-10-08,2024,0,atl,hou,1,-132,112,0.04066363044892651,0.5467333541731791,0.6045594707232848,https://www.oddsportal.com/american-football/usa/nfl-2023-2024/atlanta-falcons-houston-texans-lzx03GmU/
2023-10-08,2024,0,det,car,1,-471,347,0.04858229802105485,0.7866513225002523,1.0,https://www.oddsportal.com/american-football/usa/nfl-2023-2024/detroit-lions-carolina-panthers-jqORbzdo/
2023-10-08,2024,0,ind,ten,1,110,-130,0.04140786749482395,0.4572564612326044,0.8938593020849152,https://www.oddsportal.com/american-football/usa/nfl-2023-2024/indianapolis-colts-tennessee-titans-OW4Kabdo/
2023-10-08,2024,0,mia,nyg,1,-769,521,0.04595579719410203,0.8460445496404458,0.7020546169440032,https://www.oddsportal.com/american-football/usa/nfl-2023-2024/miami-dolphins-new-york-giants-2N3ObIBi/
2023-10-08,2024,0,ne,no,0,-123,104,0.04176558515783002,0.5294564483457124,0.14025187558987148,https://www.oddsportal.com/american-football/usa/nfl-2023-2024/new-england-patriots-new-orleans-saints-dp3ScxRc/
2023-10-08,2024,0,pit,bal,1,177,-217,0.04555341707569838,0.34528205295777104,0.25064909819575415,https://www.oddsportal.com/american-football/usa/nfl-2023-2024/pittsburgh-steelers-baltimore-ravens-8K6Wddt4/
2023-10-05,2024,0,wsh,chi,0,-276,221,0.04556903294226822,0.7020507781546166,1.0,https://www.oddsportal.com/american-football/usa/nfl-2023-2024/washington-commanders-chicago-bears-fDxd4dYN/
2023-10-02,2024,0,nyg,sea,0,119,-139,0.038210962725205855,0.4398152407942437,0.10647664990056598,https://www.oddsportal.com/american-football/usa/nfl-2023-2024/new-york-giants-seattle-seahawks-tAYi5xJH/
2023-10-01,2024,0,nyj,kc,0,339,-422,0.036219551575768616,0.2198283485921721,0.15013693594861,https://www.oddsportal.com/american-football/usa/nfl-2023-2024/new-york-jets-kansas-city-chiefs-boqm6I3B/
2023-10-01,2024,0,dal,ne,1,-268,217,0.04371828281442869,0.6977561680738527,0.12081127170385363,https://www.oddsportal.com/american-football/usa/nfl-2023-2024/dallas-cowboys-new-england-patriots-CUpu8vZb/
2023-10-01,2024,0,sf,ari,1,-1082,676,0.04426361051511507,0.8765963133409617,0.9998677112516442,https://www.oddsportal.com/american-football/usa/nfl-2023-2024/san-francisco-49ers-arizona-cardinals-Kfpq7bl5/
2023-10-01,2024,0,lac,oak,1,-292,233,0.045198259483973935,0.7126858014013896,0.01193732395259605,https://www.oddsportal.com/american-football/usa/nfl-2023-2024/los-angeles-chargers-las-vegas-raiders-Ywny9KJh/
2023-10-01,2024,0,buf,mia,1,-151,130,0.036376234193660206,0.5804780210596691,0.003339923255183086,https://www.oddsportal.com/american-football/usa/nfl-2023-2024/buffalo-bills-miami-dolphins-j1Hce1kg/
2023-10-01,2024,0,car,min,0,177,-210,0.03843018516361951,0.34765055511943477,,https://www.oddsportal.com/american-football/usa/nfl-2023-2024/carolina-panthers-minnesota-vikings-YP62fL4a/
2023-10-01,2024,0,chi,den,0,129,-152,0.03985582588202674,0.4199440074656713,,https://www.oddsportal.com/american-football/usa/nfl-2023-2024/chicago-bears-denver-broncos-WAP5guK5/
2023-10-01,2024,0,cle,bal,0,107,-125,0.03864734299516903,0.46511627906976744,0.762523467038995,https://www.oddsportal.com/american-football/usa/nfl-2023-2024/cleveland-browns-baltimore-ravens-QXO9haZB/
2023-10-01,2024,0,hou,pit,1,128,-152,0.04177109440267324,0.42101042502004815,0.011007554250911353,https://www.oddsportal.com/american-football/usa/nfl-2023-2024/houston-texans-pittsburgh-steelers-4ONDiJlI/
2023-10-01,2024,0,ind,lar,0,101,-117,0.03668294472338762,0.4799079992038393,0.5571644130177671,https://www.oddsportal.com/american-football/usa/nfl-2023-2024/indianapolis-colts-los-angeles-rams-MaIIjw4O/
2023-10-01,2024,0,no,tb,0,-217,177,0.04555341707569838,0.654717947042229,0.037929336801993827,https://www.oddsportal.com/american-football/usa/nfl-2023-2024/new-orleans-saints-tampa-bay-buccaneers-0jHMkcJU/
2023-10-01,2024,0,phi,wsh,1,-450,338,0.04649232046492324,0.7818326061086871,0.9978964282534487,https://www.oddsportal.com/american-football/usa/nfl-2023-2024/philadelphia-eagles-washington-commanders-xChSAtkt/
2023-10-01,2024,0,ten,cin,1,124,-143,0.03490593768371553,0.43137115671376836,0.0005036226149097251,https://www.oddsportal.com/american-football/usa/nfl-2023-2024/tennessee-titans-cincinnati-bengals-jFdW904n/
2023-09-28,2024,0,gb,det,0,116,-136,0.039234149403641005,0.44548474781032915,0.04582945874029654,https://www.oddsportal.com/american-football/usa/nfl-2023-2024/green-bay-packers-detroit-lions-CAIgdszm/
2023-09-25,2024,0,cin,lar,1,-167,143,0.036990798538863334,0.6031569090828021,0.0,https://www.oddsportal.com/american-football/usa/nfl-2023-2024/cincinnati-bengals-los-angeles-rams-ryEkcNKt/
2023-09-25,2024,0,tb,phi,0,210,-253,0.03929452618112039,0.310384243383452,0.021706034192537596,https://www.oddsportal.com/american-football/usa/nfl-2023-2024/tampa-bay-buccaneers-philadelphia-eagles-tSRN13CP/
2023-09-24,2024,0,oak,pit,0,-159,135,0.039431528793230974,0.5906109223109144,0.000812315309223491,https://www.oddsportal.com/american-football/usa/nfl-2023-2024/las-vegas-raiders-pittsburgh-steelers-vNmuwKZO/
2023-09-24,2024,0,ari,dal,1,471,-657,0.043030952210194595,0.1679061854686845,0.0,https://www.oddsportal.com/american-football/usa/nfl-2023-2024/arizona-cardinals-dallas-cowboys-WdpXvt5C/
2023-09-24,2024,0,kc,chi,1,-714,487,0.04750762842756018,0.8373684862482469,1.0,https://www.oddsportal.com/american-football/usa/nfl-2023-2024/kansas-city-chiefs-chicago-bears-QJqyv0KI/
2023-09-24,2024,0,sea,car,1,-215,179,0.04096262160778297,0.6556812592228234,1.0,https://www.oddsportal.com/american-football/usa/nfl-2023-2024/seattle-seahawks-carolina-panthers-h6oTuMk6/
2023-09-24,2024,0,bal,ind,0,-378,291,0.046549454782822686,0.7556212231208909,0.9999401051924494,https://www.oddsportal.com/american-football/usa/nfl-2023-2024/baltimore-ravens-indianapolis-colts-Wz9dS2L6/
2023-09-24,2024,0,cle,ten,1,-184,156,0.038512323943662,0.6238609874973512,0.23650496806660862,https://www.oddsportal.com/american-football/usa/nfl-2023-2024/cleveland-browns-tennessee-titans-Eab1RMzD/
2023-09-24,2024,0,det,atl,1,-171,146,0.03750037500374992,0.608188994592719,0.059015582355677824,https://www.oddsportal.com/american-football/usa/nfl-2023-2024/detroit-lions-atlanta-falcons-hjc5QtjJ/
2023-09-24,2024,0,gb,no,1,104,-125,0.045751633986928164,0.46874999999999994,0.0067037706157758205,https://www.oddsportal.com/american-football/usa/nfl-2023-2024/green-bay-packers-new-orleans-saints-t6jmkQSJ/
2023-09-24,2024,0,jax,hou,0,-367,287,0.04426517050390366,0.7525552511802638,1.0,https://www.oddsportal.com/american-football/usa/nfl-2023-2024/jacksonville-jaguars-houston-texans-KdkilprQ/
2023-09-24,2024,0,mia,den,1,-270,217,0.045187142978941,0.6981809282975774,1.0,https://www.oddsportal.com/american-football/usa/nfl-2023-2024/miami-dolphins-denver-broncos-QwSJq4js/
2023-09-24,2024,0,min,lac,0,-111,-107,0.042974563271287014,0.5043903938183255,,https://www.oddsportal.com/american-football/usa/nfl-2023-2024/minnesota-vikings-los-angeles-chargers-vsWNrO5m/
2023-09-24,2024,0,nyj,ne,0,119,-140,0.03995433789954328,0.43907793633369924,1.0,https://www.oddsportal.com/american-football/usa/nfl-2023-2024/new-york-jets-new-england-patriots-Y3VRsrLg/
2023-09-24,2024,0,wsh,buf,0,191,-237,0.04690670663933849,0.32824568751400157,0.9467363059385097,https://www.oddsportal.com/american-football/usa/nfl-2023-2024/washington-commanders-buffalo-bills-CfUVt2z0/
2023-09-21,2024,0,sf,nyg,1,-572,439,0.036719233147804564,0.8210424278577287,0.9999155698622243,https://www.oddsportal.com/american-football/usa/nfl-2023-2024/san-francisco-49ers-new-york-giants-K05hTr60/
2023-09-18,2024,0,pit,cle,1,116,-134,0.035612535612535634,0.4470426409903714,0.0,https://www.oddsportal.com/american-football/usa/nfl-2023-2024/pittsburgh-steelers-cleveland-browns-Qw6lUOjf/
2023-09-18,2024,0,car,no,0,151,-171,0.029402684465091644,0.3870267491181217,0.0,https://www.oddsportal.com/american-football/usa/nfl-2023-2024/carolina-panthers-new-orleans-saints-nm7pV4yl/
2023-09-17,2024,0,ne,mia,0,105,-124,0.04137630662020908,0.46842325386867417,0.0,https://www.oddsportal.com/american-football/usa/nfl-2023-2024/new-england-patriots-miami-dolphins-UBCuWpMs/
2023-09-17,2024,0,dal,nyj,1,-401,310,0.04430164062119668,0.7664444548039718,0.5,https://www.oddsportal.com/american-football/usa/nfl-2023-2024/dallas-cowboys-new-york-jets-bPk8lgx9/
2023-09-17,2024,0,den,wsh,0,-201,167,0.04230592158473012,0.6406699535616651,0.0,https://www.oddsportal.com/american-football/usa/nfl-2023-2024/denver-broncos-washington-commanders-hnkCmDiF/
2023-09-17,2024,0,ari,nyg,0,182,-220,0.04210992907801425,0.3402807316035729,,https://www.oddsportal.com/american-football/usa/nfl-2023-2024/arizona-cardinals-new-york-giants-rH7LQkp2/
2023-09-17,2024,0,lar,sf,0,263,-336,0.04612429549877417,0.263335910320835,0.5,https://www.oddsportal.com/american-football/usa/nfl-2023-2024/los-angeles-rams-san-francisco-49ers-pMo4kZM2/
2023-09-17,2024,0,atl,gb,1,-150,128,0.03859649122807007,0.5777027027027027,0.5,https://www.oddsportal.com/american-football/usa/nfl-2023-2024/atlanta-falcons-green-bay-packers-MPLQyGh3/
2023-09-17,2024,0,buf,oak,1,-351,278,0.04282077452809174,0.7463128171089786,0.0,https://www.oddsportal.com/american-football/usa/nfl-2023-2024/buffalo-bills-las-vegas-raiders-v1GVzz89/
2023-09-17,2024,0,cin,bal,0,-166,142,0.037283290871807706,0.6016294255076978,0.0,https://www.oddsportal.com/american-football/usa/nfl-2023-2024/cincinnati-bengals-baltimore-ravens-IiFZZgNF/
2023-09-17,2024,0,det,sea,0,-218,180,0.04267744833782561,0.6574752261956054,1.0,https://www.oddsportal.com/american-football/usa/nfl-2023-2024/detroit-lions-seattle-seahawks-CEEwZDxM/
2023-09-17,2024,0,hou,ind,0,-114,-103,0.040099442935408014,0.5121724504249292,,https://www.oddsportal.com/american-football/usa/nfl-2023-2024/houston-texans-indianapolis-colts-QHIsYXiS/
2023-09-17,2024,0,jax,kc,0,138,-164,0.04138018843901192,0.4034723071280108,1.0,https://www.oddsportal.com/american-football/usa/nfl-2023-2024/jacksonville-jaguars-kansas-city-chiefs-WbeATi0q/
2023-09-17,2024,0,tb,chi,1,-134,116,0.035612535612535634,0.5529573590096286,1.0,https://www.oddsportal.com/american-football/usa/nfl-2023-2024/tampa-bay-buccaneers-chicago-bears-AkfESBFk/
2023-09-17,2024,0,ten,lac,1,125,-147,0.039586144849302674,0.42752055387278237,,https://www.oddsportal.com/american-football/usa/nfl-2023-2024/tennessee-titans-los-angeles-chargers-4Q8HRVUe/
2023-09-14,2024,0,phi,min,1,-260,215,0.03968253968253954,0.6946564885496184,1.0,https://www.oddsportal.com/american-football/usa/nfl-2023-2024/philadelphia-eagles-minnesota-vikings-rZMMxdwc/
2023-09-11,2024,0,nyj,buf,1,119,-138,0.0364529373393192,0.440561252822924,,https://www.oddsportal.com/american-football/usa/nfl-2023-2024/new-york-jets-buffalo-bills-vayFEucp/
2023-09-10,2024,0,nyg,dal,0,150,-176,0.037681159420289934,0.3854748603351955,,https://www.oddsportal.com/american-football/usa/nfl-2023-2024/new-york-giants-dallas-cowboys-UVYvEC0d/
2023-09-10,2024,0,chi,gb,0,-121,104,0.03770739064856721,0.5276162790697675,,https://www.oddsportal.com/american-football/usa/nfl-2023-2024/chicago-bears-green-bay-packers-QcjdMzgG/
2023-09-10,2024,0,den,oak,0,-170,144,0.03946569520340004,0.6057242990654206,,https://www.oddsportal.com/american-football/usa/nfl-2023-2024/denver-broncos-las-vegas-raiders-4lk0Lf8M/
2023-09-10,2024,0,lac,mia,0,-161,137,0.038799165817934966,0.5938185722956253,,https://www.oddsportal.com/american-football/usa/nfl-2023-2024/los-angeles-chargers-miami-dolphins-YNg4KENS/
2023-09-10,2024,0,ne,phi,0,160,-189,0.03859462336970987,0.3703229113275244,,https://www.oddsportal.com/american-football/usa/nfl-2023-2024/new-england-patriots-philadelphia-eagles-zXuWFYVq/
2023-09-10,2024,0,sea,lar,0,-213,175,0.0441475457449898,0.6517385257301808,,https://www.oddsportal.com/american-football/usa/nfl-2023-2024/seattle-seahawks-los-angeles-rams-IeVzFhoj/
2023-09-10,2024,0,atl,car,1,-190,158,0.04276931301790965,0.6283004357856959,,https://www.oddsportal.com/american-football/usa/nfl-2023-2024/atlanta-falcons-carolina-panthers-ni3U7yvN/
2023-09-10,2024,0,bal,hou,1,-466,349,0.046038703990807894,0.7870851734541106,,https://www.oddsportal.com/american-football/usa/nfl-2023-2024/baltimore-ravens-houston-texans-0f7Y6egT/
2023-09-10,2024,0,cle,cin,1,-108,-109,0.04076186970923823,0.4988948810892052,,https://www.oddsportal.com/american-football/usa/nfl-2023-2024/cleveland-browns-cincinnati-bengals-IZg02F1p/
2023-09-10,2024,0,ind,jax,0,161,-191,0.039499150768258495,0.36858304517992174,,https://www.oddsportal.com/american-football/usa/nfl-2023-2024/indianapolis-colts-jacksonville-jaguars-dQh41ZGj/
2023-09-10,2024,0,min,tb,0,-202,170,0.03924454255580079,0.6436157658720794,,https://www.oddsportal.com/american-football/usa/nfl-2023-2024/minnesota-vikings-tampa-bay-buccaneers-dIbuQIgi/
2023-09-10,2024,0,no,ten,1,-147,126,0.037619576511052966,0.5735644487414109,,https://www.oddsportal.com/american-football/usa/nfl-2023-2024/new-orleans-saints-tennessee-titans-z9cqPx9c/
2023-09-10,2024,0,pit,sf,0,102,-119,0.038428500384285025,0.47672950498497974,,https://www.oddsportal.com/american-football/usa/nfl-2023-2024/pittsburgh-steelers-san-francisco-49ers-UVdmOdO3/
2023-09-10,2024,0,wsh,ari,1,-318,252,0.04485645933014348,0.7281053234115626,,https://www.oddsportal.com/american-football/usa/nfl-2023-2024/washington-commanders-arizona-cardinals-rZ0iNGwA/
2023-09-07,2024,0,kc,det,0,-206,173,0.03950298067945135,0.647619705658813,,https://www.oddsportal.com/american-football/usa/nfl-2023-2024/kansas-city-chiefs-detroit-lions-pnTVqy6h/
2023-01-08,2023,1,gb,det,0,-235,192,0.04395829073809043,0.6719545632589111,0.5209721595011992,https://www.oddsportal.com/american-football/usa/nfl-2022-2023/green-bay-packers-detroit-lions-CrOc5kgo/
2023-01-08,2023,1,den,lac,1,-276,224,0.04268452850013138,0.7039929462148885,0.10401567462161243,https://www.oddsportal.com/american-football/usa/nfl-2022-2023/denver-broncos-los-angeles-chargers-A3w77ctT/
2023-01-08,2023,1,phi,nyg,1,-1601,870,0.044303835827318006,0.9012808533605715,0.776160184204541,https://www.oddsportal.com/american-football/usa/nfl-2022-2023/philadelphia-eagles-new-york-giants-OnyeAadA/
2023-01-08,2023,1,sf,ari,1,-1145,711,0.04298327712824168,0.88177704765477,0.8905195049873358,https://www.oddsportal.com/american-football/usa/nfl-2022-2023/san-francisco-49ers-arizona-cardinals-UmKw2y4j/
2023-01-08,2023,1,sea,lar,1,-227,186,0.04383995209683289,0.6650345209071725,0.713881518548284,https://www.oddsportal.com/american-football/usa/nfl-2022-2023/seattle-seahawks-los-angeles-rams-ri8LQKti/
2023-01-08,2023,1,wsh,dal,1,271,-339,0.04175134617391896,0.2587390743152844,0.18963840916121671,https://www.oddsportal.com/american-football/usa/nfl-2022-2023/washington-commanders-dallas-cowboys-WCv38wRM/
2023-01-08,2023,1,atl,tb,1,-253,208,0.04138920569515481,0.6882286441037235,0.34292323399846647,https://www.oddsportal.com/american-football/usa/nfl-2022-2023/atlanta-falcons-tampa-bay-buccaneers-pYwJCX0B/
2023-01-08,2023,1,buf,ne,1,-396,309,0.04288587428030599,0.7655555765631203,0.8176141080237272,https://www.oddsportal.com/american-football/usa/nfl-2022-2023/buffalo-bills-new-england-patriots-29YNBiGH/
2023-01-08,2023,1,chi,min,0,226,-280,0.04359057152082668,0.2939356435643564,0.06163156566536995,https://www.oddsportal.com/american-football/usa/nfl-2022-2023/chicago-bears-minnesota-vikings-t0XRABVN/
2023-01-08,2023,1,cin,bal,1,-702,494,0.04366188904842261,0.838692808354184,0.6479107313366694,https://www.oddsportal.com/american-football/usa/nfl-2022-2023/cincinnati-bengals-baltimore-ravens-zNWV9VpU/
2023-01-08,2023,1,ind,hou,0,-152,130,0.03795721187025536,0.5811170212765957,0.7682520154272658,https://www.oddsportal.com/american-football/usa/nfl-2022-2023/indianapolis-colts-houston-texans-GGlvEsco/
2023-01-08,2023,1,mia,nyj,1,-204,170,0.041423001949317584,0.6443612540945252,0.5806205050904067,https://www.oddsportal.com/american-football/usa/nfl-2022-2023/miami-dolphins-new-york-jets-2XnnCLRc/
2023-01-08,2023,1,no,car,0,-184,155,0.040044186688759975,0.6229421136484334,0.613565675914124,https://www.oddsportal.com/american-football/usa/nfl-2022-2023/new-orleans-saints-carolina-panthers-tOojBus4/
2023-01-08,2023,1,pit,cle,1,-146,125,0.03794037940379402,0.5718015665796344,0.5726842727413921,https://www.oddsportal.com/american-football/usa/nfl-2022-2023/pittsburgh-steelers-cleveland-browns-xjua9JBG/
2023-01-07,2023,1,jax,ten,1,-270,219,0.043209353554181096,0.6995045886461464,0.611307307594221,https://www.oddsportal.com/american-football/usa/nfl-2022-2023/jacksonville-jaguars-tennessee-titans-f7mrD1Ci/
2023-01-07,2023,1,oak,kc,0,330,-408,0.035707745834096416,0.22454031117397452,0.08102344987920163,https://www.oddsportal.com/american-football/usa/nfl-2022-2023/las-vegas-raiders-kansas-city-chiefs-jcLZ2Hlp/
2023-01-01,2023,1,bal,pit,0,-120,101,0.042966983265490644,0.5229835212489159,0.6787278489649756,https://www.oddsportal.com/american-football/usa/nfl-2022-2023/baltimore-ravens-pittsburgh-steelers-S4gNmB9h/
2023-01-01,2023,1,gb,min,1,-187,157,0.04067300261662976,0.6261024765825506,0.16691113638888735,https://www.oddsportal.com/american-football/usa/nfl-2022-2023/green-bay-packers-minnesota-vikings-hSr1a884/
2023-01-01,2023,1,lac,lar,1,-282,228,0.043097944068445804,0.7077186753994001,0.7616111433538624,https://www.oddsportal.com/american-football/usa/nfl-2022-2023/los-angeles-chargers-los-angeles-rams-ziY5bSNA/
2023-01-01,2023,1,oak,sf,0,360,-466,0.04071285911814404,0.20888692057868322,0.16446087289800368,https://www.oddsportal.com/american-football/usa/nfl-2022-2023/las-vegas-raiders-san-francisco-49ers-p2ug1Uwh/
2023-01-01,2023,1,sea,nyj,1,102,-121,0.04256081716768967,0.4748399295260195,0.33959396369481226,https://www.oddsportal.com/american-football/usa/nfl-2022-2023/seattle-seahawks-new-york-jets-Eypc0lgb/
2023-01-01,2023,1,atl,ari,1,-301,241,0.04387857336131806,0.7190716052150399,0.5878739502217648,https://www.oddsportal.com/american-football/usa/nfl-2022-2023/atlanta-falcons-arizona-cardinals-pt4Ilifn/
2023-01-01,2023,1,det,chi,1,-214,177,0.042539492745291785,0.653719755618783,0.831550776449081,https://www.oddsportal.com/american-football/usa/nfl-2022-2023/detroit-lions-chicago-bears-t8cRnVOb/
2023-01-01,2023,1,hou,jax,0,161,-191,0.039499150768258495,0.36858304517992174,0.09727161570968464,https://www.oddsportal.com/american-football/usa/nfl-2022-2023/houston-texans-jacksonville-jaguars-zVdVokv5/
2023-01-01,2023,1,kc,den,1,-769,535,0.04240551634152756,0.8489260537364289,0.9621097679192604,https://www.oddsportal.com/american-football/usa/nfl-2022-2023/kansas-city-chiefs-denver-broncos-ELeZp9gB/
2023-01-01,2023,1,ne,mia,1,-161,138,0.037026304774783414,0.5948337421217672,0.3678186714153856,https://www.oddsportal.com/american-football/usa/nfl-2022-2023/new-england-patriots-miami-dolphins-fXCWqT8H/
2023-01-01,2023,1,nyg,ind,1,-244,201,0.04152823920265791,0.6810207336523125,0.8040589827109799,https://www.oddsportal.com/american-football/usa/nfl-2022-2023/new-york-giants-indianapolis-colts-YNBzqmON/
2023-01-01,2023,1,phi,no,0,-233,190,0.04452728590659616,0.6698721126202043,0.9593747752810894,https://www.oddsportal.com/american-football/usa/nfl-2022-2023/philadelphia-eagles-new-orleans-saints-SpBvr7wU/
2023-01-01,2023,1,tb,car,1,-185,160,0.03373819163292846,0.6279373368146214,0.6004929394578578,https://www.oddsportal.com/american-football/usa/nfl-2022-2023/tampa-bay-buccaneers-carolina-panthers-4626wRoo/
2023-01-01,2023,1,wsh,cle,0,-123,104,0.04176558515783002,0.5294564483457124,0.6728990350469256,https://www.oddsportal.com/american-football/usa/nfl-2022-2023/washington-commanders-cleveland-browns-6Btk2AOo/
2022-12-29,2023,1,ten,dal,0,574,-851,0.043215481439184744,0.14222177024977792,0.1335094475024746,https://www.oddsportal.com/american-football/usa/nfl-2022-2023/tennessee-titans-dallas-cowboys-6k5EkXvt/
2022-12-26,2023,1,ind,lac,0,166,-196,0.0381020117862223,0.3621415288245082,0.3526083469601582,https://www.oddsportal.com/american-football/usa/nfl-2022-2023/indianapolis-colts-los-angeles-chargers-fHO8Um9U/
2022-12-25,2023,1,ari,tb,0,285,-348,0.03652597402597402,0.25058731401722784,0.32661803948715473,https://www.oddsportal.com/american-football/usa/nfl-2022-2023/arizona-cardinals-tampa-bay-buccaneers-GQP4VTgO/
2022-12-25,2023,1,lar,den,1,145,-171,0.0391595752692222,0.392782085658381,0.6241363779437243,https://www.oddsportal.com/american-football/usa/nfl-2022-2023/los-angeles-rams-denver-broncos-Y1z0W9vI/
2022-12-25,2023,1,mia,gb,0,-186,159,0.036450036450036416,0.6274780524656784,0.6534698601717439,https://www.oddsportal.com/american-football/usa/nfl-2022-2023/miami-dolphins-green-bay-packers-MRWeXkPB/
2022-12-24,2023,1,pit,oak,1,-140,119,0.03995433789954328,0.5609220636663008,0.7078484534597519,https://www.oddsportal.com/american-football/usa/nfl-2022-2023/pittsburgh-steelers-las-vegas-raiders-S4XiYV95/
2022-12-24,2023,1,dal,phi,1,-197,165,0.04065815386570115,0.6373847750442585,0.16060337305428135,https://www.oddsportal.com/american-football/usa/nfl-2022-2023/dallas-cowboys-philadelphia-eagles-lEYmZBfa/
2022-12-24,2023,1,sf,wsh,1,-296,239,0.04245999821221069,0.7170296690104613,0.36854817222051506,https://www.oddsportal.com/american-football/usa/nfl-2022-2023/san-francisco-49ers-washington-commanders-Wxvqzhug/
2022-12-24,2023,1,ten,hou,0,-173,148,0.03692544015124666,0.6111332687596148,0.9483850399657131,https://www.oddsportal.com/american-football/usa/nfl-2022-2023/tennessee-titans-houston-texans-hnuuyYPn/
2022-12-24,2023,1,bal,atl,1,-288,235,0.04077550392368057,0.7131874630396215,0.8640880535403236,https://www.oddsportal.com/american-football/usa/nfl-2022-2023/baltimore-ravens-atlanta-falcons-QH8ALhQa/
2022-12-24,2023,1,car,det,1,113,-134,0.04213314072468988,0.4505024835393324,0.11279257618507593,https://www.oddsportal.com/american-football/usa/nfl-2022-2023/carolina-panthers-detroit-lions-8tbFKCu6/
2022-12-24,2023,1,chi,buf,0,318,-393,0.036394693168473324,0.23083334113702983,0.05100759491862526,https://www.oddsportal.com/american-football/usa/nfl-2022-2023/chicago-bears-buffalo-bills-nXdJJWfC/
2022-12-24,2023,1,cle,no,0,-178,151,0.0386941442861648,0.6164353321007754,0.7134605752554947,https://www.oddsportal.com/american-football/usa/nfl-2022-2023/cleveland-browns-new-orleans-saints-t8BMIjAI/
2022-12-24,2023,1,kc,sea,1,-507,385,0.04144092121129783,0.8020189500807253,0.8442399645101023,https://www.oddsportal.com/american-football/usa/nfl-2022-2023/kansas-city-chiefs-seattle-seahawks-KbAQHAPO/
2022-12-24,2023,1,min,nyg,1,-216,178,0.043256534013295767,0.6552025139664803,0.7820319599726747,https://www.oddsportal.com/american-football/usa/nfl-2022-2023/minnesota-vikings-new-york-giants-M3l9tf2P/
2022-12-24,2023,1,ne,cin,0,137,-160,0.03732554365465757,0.4067584480600751,0.29786981185836925,https://www.oddsportal.com/american-football/usa/nfl-2022-2023/new-england-patriots-cincinnati-bengals-bPuyxEAt/
2022-12-22,2023,1,nyj,jax,0,-141,121,0.03755092844670593,0.5638877327590887,0.5912538622055812,https://www.oddsportal.com/american-football/usa/nfl-2022-2023/new-york-jets-jacksonville-jaguars-CE46MYAg/
2022-12-19,2023,1,gb,lar,1,-360,286,0.041676053165127236,0.7512975778546713,0.8193221344286009,https://www.oddsportal.com/american-football/usa/nfl-2022-2023/green-bay-packers-los-angeles-rams-Ii52NEem/
2022-12-18,2023,1,wsh,nyg,0,-207,176,0.03658594155690875,0.6504690773294471,0.62316144342765,https://www.oddsportal.com/american-football/usa/nfl-2022-2023/washington-commanders-new-york-giants-6suFDDo5/
2022-12-18,2023,1,lac,ten,1,-156,134,0.036725427350427386,0.5877882262012109,0.3169409842372303,https://www.oddsportal.com/american-football/usa/nfl-2022-2023/los-angeles-chargers-tennessee-titans-p0lQt3d8/
2022-12-18,2023,1,tb,cin,0,150,-176,0.037681159420289934,0.3854748603351955,0.1543762097339089,https://www.oddsportal.com/american-football/usa/nfl-2022-2023/tampa-bay-buccaneers-cincinnati-bengals-OjmUuNBE/
2022-12-18,2023,1,den,ari,1,-125,107,0.03864734299516903,0.5348837209302326,0.21402903092059444,https://www.oddsportal.com/american-football/usa/nfl-2022-2023/denver-broncos-arizona-cardinals-Wd0rIJJ7/
2022-12-18,2023,1,oak,ne,1,-135,114,0.04175780473255131,0.551441114716549,0.10317999637739,https://www.oddsportal.com/american-football/usa/nfl-2022-2023/las-vegas-raiders-new-england-patriots-v16bOfts/
2022-12-18,2023,1,car,pit,0,-147,127,0.03567033476609183,0.5746439580499061,0.27283202269040024,https://www.oddsportal.com/american-football/usa/nfl-2022-2023/carolina-panthers-pittsburgh-steelers-SOHaQsCR/
2022-12-18,2023,1,chi,phi,0,312,-400,0.042718446601941906,0.23277467411545621,0.013915853803466353,https://www.oddsportal.com/american-football/usa/nfl-2022-2023/chicago-bears-philadelphia-eagles-UX3RL1Kr/
2022-12-18,2023,1,hou,kc,0,605,-910,0.04283407064110678,0.13601777658070163,0.01750037243746426,https://www.oddsportal.com/american-football/usa/nfl-2022-2023/houston-texans-kansas-city-chiefs-b78VKLZl/
2022-12-18,2023,1,jax,dal,1,165,-196,0.039520652728199934,0.36301201864115773,0.09458151886085873,https://www.oddsportal.com/american-football/usa/nfl-2022-2023/jacksonville-jaguars-dallas-cowboys-xb7ZJuke/
2022-12-18,2023,1,no,atl,1,-235,195,0.040475588160890474,0.6742037442256261,0.41521635390020917,https://www.oddsportal.com/american-football/usa/nfl-2022-2023/new-orleans-saints-atlanta-falcons-CKuBEgWb/
2022-12-18,2023,1,nyj,det,0,-130,112,0.03691550451189496,0.5450949367088608,0.4922194266034994,https://www.oddsportal.com/american-football/usa/nfl-2022-2023/new-york-jets-detroit-lions-KMdvJa41/
2022-12-17,2023,1,buf,mia,1,-331,267,0.040461002547778735,0.7381165047363848,0.713372529732614,https://www.oddsportal.com/american-football/usa/nfl-2022-2023/buffalo-bills-miami-dolphins-hKYbHent/
2022-12-17,2023,1,cle,bal,1,-155,133,0.03702768661112499,0.5861397386999919,0.1950060581940338,https://www.oddsportal.com/american-football/usa/nfl-2022-2023/cleveland-browns-baltimore-ravens-WAX2GF1n/
2022-12-17,2023,1,min,ind,1,-194,164,0.03865182436611003,0.6353081274188747,0.944536192033768,https://www.oddsportal.com/american-football/usa/nfl-2022-2023/minnesota-vikings-indianapolis-colts-EZM7FZGh/
2022-12-15,2023,1,sea,sf,0,150,-176,0.037681159420289934,0.3854748603351955,0.37869112414938827,https://www.oddsportal.com/american-football/usa/nfl-2022-2023/seattle-seahawks-san-francisco-49ers-p0SfRNdL/
2022-12-12,2023,1,ari,ne,0,113,-130,0.03470095937946516,0.4537384099427895,0.1673123818197797,https://www.oddsportal.com/american-football/usa/nfl-2022-2023/arizona-cardinals-new-england-patriots-bkohjAUc/
2022-12-11,2023,1,lac,mia,1,147,-168,0.031723971236932824,0.39240951153801096,0.09502178188962164,https://www.oddsportal.com/american-football/usa/nfl-2022-2023/los-angeles-chargers-miami-dolphins-CftYpFhI/
2022-12-11,2023,1,sf,tb,1,-189,162,0.035658628067302356,0.631462164299013,0.5772267006422188,https://www.oddsportal.com/american-football/usa/nfl-2022-2023/san-francisco-49ers-tampa-bay-buccaneers-xzcqhWao/
2022-12-11,2023,1,sea,car,0,-194,164,0.03865182436611003,0.6353081274188747,0.7581116848546876,https://www.oddsportal.com/american-football/usa/nfl-2022-2023/seattle-seahawks-carolina-panthers-lK31TnNp/
2022-12-11,2023,1,den,kc,0,335,-422,0.03831417624521083,0.2214022140221402,0.02892652172145714,https://www.oddsportal.com/american-football/usa/nfl-2022-2023/denver-broncos-kansas-city-chiefs-GQemijFi/
2022-12-11,2023,1,buf,nyj,1,-455,352,0.04105875787291713,0.787486598253944,0.704450865563276,https://www.oddsportal.com/american-football/usa/nfl-2022-2023/buffalo-bills-new-york-jets-KMWleaGP/
2022-12-11,2023,1,cin,cle,1,-205,171,0.04113483757788394,0.6455755040381151,0.8102171705169589,https://www.oddsportal.com/american-football/usa/nfl-2022-2023/cincinnati-bengals-cleveland-browns-x2JGjJOt/
2022-12-11,2023,1,dal,hou,1,-1741,933,0.04248711583470621,0.9071399352249347,0.9941886142904266,https://www.oddsportal.com/american-football/usa/nfl-2022-2023/dallas-cowboys-houston-texans-GhIKkwvm/
2022-12-11,2023,1,det,min,1,-131,111,0.04103321638866664,0.5447468516584222,0.09123695294975114,https://www.oddsportal.com/american-football/usa/nfl-2022-2023/detroit-lions-minnesota-vikings-rFlHlcgg/
2022-12-11,2023,1,nyg,phi,0,265,-334,0.04355785619594732,0.26253705160002416,0.05781578161925959,https://www.oddsportal.com/american-football/usa/nfl-2022-2023/new-york-giants-philadelphia-eagles-M5mLmH8a/
2022-12-11,2023,1,pit,bal,0,-127,108,0.040240596407997264,0.5378288134212884,0.29257094639808906,https://www.oddsportal.com/american-football/usa/nfl-2022-2023/pittsburgh-steelers-baltimore-ravens-GSnPnyO5/
2022-12-11,2023,1,ten,jax,0,-180,149,0.04446356855995415,0.6154902499313376,0.805565081535154,https://www.oddsportal.com/american-football/usa/nfl-2022-2023/tennessee-titans-jacksonville-jaguars-UVjToewC/
2022-12-08,2023,1,lar,oak,1,220,-270,0.042229729729729826,0.299837925445705,0.4479631465320027,https://www.oddsportal.com/american-football/usa/nfl-2022-2023/los-angeles-rams-las-vegas-raiders-6JSpdu1J/
2022-12-05,2023,1,tb,no,1,-188,158,0.040374677002584125,0.6274448928904066,0.6295683274040835,https://www.oddsportal.com/american-football/usa/nfl-2022-2023/tampa-bay-buccaneers-new-orleans-saints-8riheH0J/
2022-12-04,2023,1,dal,ind,1,-600,409,0.05360651136682559,0.8135322322855622,0.9208614975432645,https://www.oddsportal.com/american-football/usa/nfl-2022-2023/dallas-cowboys-indianapolis-colts-UihldcoD/
2022-12-04,2023,1,cin,kc,1,119,-139,0.038210962725205855,0.4398152407942437,0.4085468358414909,https://www.oddsportal.com/american-football/usa/nfl-2022-2023/cincinnati-bengals-kansas-city-chiefs-MRltbJG0/
2022-12-04,2023,1,oak,lac,1,-138,118,0.03854752910338455,0.5583104446588969,0.24129367603906254,https://www.oddsportal.com/american-football/usa/nfl-2022-2023/las-vegas-raiders-los-angeles-chargers-0ImpcwW6/
2022-12-04,2023,1,lar,sea,0,248,-310,0.0434538828146902,0.27538957549704457,0.23847108079852797,https://www.oddsportal.com/american-football/usa/nfl-2022-2023/los-angeles-rams-seattle-seahawks-SSeXaunl/
2022-12-04,2023,1,sf,mia,1,-229,189,0.042069393464519766,0.6679484462207688,0.0850841682261299,https://www.oddsportal.com/american-football/usa/nfl-2022-2023/san-francisco-49ers-miami-dolphins-v3ayaa1f/
2022-12-04,2023,1,atl,pit,0,101,-119,0.04089143324473521,0.477967655339488,0.27277753534637766,https://www.oddsportal.com/american-football/usa/nfl-2022-2023/atlanta-falcons-pittsburgh-steelers-n9zbotXf/
2022-12-04,2023,1,bal,den,1,-410,327,0.038113606098177044,0.7744061573848807,0.9712341056794316,https://www.oddsportal.com/american-football/usa/nfl-2022-2023/baltimore-ravens-denver-broncos-QaZ1p0n1/
2022-12-04,2023,1,chi,gb,0,157,-185,0.038227865383302584,0.37477809191925837,0.216071628156039,https://www.oddsportal.com/american-football/usa/nfl-2022-2023/chicago-bears-green-bay-packers-8OO6qK17/
2022-12-04,2023,1,det,jax,1,-118,-100,0.041284403669724856,0.5198237885462554,0.7212223760444271,https://www.oddsportal.com/american-football/usa/nfl-2022-2023/detroit-lions-jacksonville-jaguars-MRSArvHD/
2022-12-04,2023,1,hou,cle,0,279,-354,0.043587925563446595,0.25283182785159775,0.07001792169187099,https://www.oddsportal.com/american-football/usa/nfl-2022-2023/houston-texans-cleveland-browns-zVGh7NgE/
2022-12-04,2023,1,min,nyj,1,-151,128,0.040190116726078084,0.5783496841822336,0.8396760573760923,https://www.oddsportal.com/american-football/usa/nfl-2022-2023/minnesota-vikings-new-york-jets-ELFd6s9K/
2022-12-04,2023,1,phi,ten,1,-221,181,0.044345406370217555,0.6592392862071528,0.9248413418450919,https://www.oddsportal.com/american-football/usa/nfl-2022-2023/philadelphia-eagles-tennessee-titans-Y5dT0LWs/
2022-12-01,2023,1,ne,buf,0,167,-201,0.04230592158473012,0.3593300464383349,0.265608592676277,https://www.oddsportal.com/american-football/usa/nfl-2022-2023/new-england-patriots-buffalo-bills-vqyfnMHl/
2022-11-28,2023,1,ind,pit,0,-136,117,0.03710067952823559,0.5556559722849826,0.5269149492104589,https://www.oddsportal.com/american-football/usa/nfl-2022-2023/indianapolis-colts-pittsburgh-steelers-0hxjm22r/
2022-11-27,2023,1,phi,gb,1,-282,229,0.04217126306911312,0.7083479668341248,0.9340739873389493,https://www.oddsportal.com/american-football/usa/nfl-2022-2023/philadelphia-eagles-green-bay-packers-fBaNirfR/
2022-11-27,2023,1,kc,lar,1,-1483,784,0.04995097801013593,0.8922595680037462,0.9352406606213199,https://www.oddsportal.com/american-football/usa/nfl-2022-2023/kansas-city-chiefs-los-angeles-rams-nodFg4PE/
2022-11-27,2023,1,sf,no,1,-417,319,0.04523988680795665,0.7716663059848161,0.5930749716197277,https://www.oddsportal.com/american-football/usa/nfl-2022-2023/san-francisco-49ers-new-orleans-saints-t8eJhOvL/
2022-11-27,2023,1,ari,lac,0,122,-144,0.04061438487668001,0.4328697133125177,0.5087735239362327,https://www.oddsportal.com/american-football/usa/nfl-2022-2023/arizona-cardinals-los-angeles-chargers-WxESV0X7/
2022-11-27,2023,1,sea,oak,0,-196,165,0.039520652728199934,0.6369879813588423,0.9104508215974645,https://www.oddsportal.com/american-football/usa/nfl-2022-2023/seattle-seahawks-las-vegas-raiders-8fcBfpA8/
2022-11-27,2023,1,car,den,1,101,-119,0.04089143324473521,0.477967655339488,0.7386183417441654,https://www.oddsportal.com/american-football/usa/nfl-2022-2023/carolina-panthers-denver-broncos-8tIxtoeF/
2022-11-27,2023,1,cle,tb,1,150,-174,0.0350364963503651,0.386459802538787,0.42926172077463903,https://www.oddsportal.com/american-football/usa/nfl-2022-2023/cleveland-browns-tampa-bay-buccaneers-nXGtu5AL/
2022-11-27,2023,1,jax,bal,1,145,-171,0.0391595752692222,0.392782085658381,0.06599022022033604,https://www.oddsportal.com/american-football/usa/nfl-2022-2023/jacksonville-jaguars-baltimore-ravens-G6LpvPPR/
2022-11-27,2023,1,mia,hou,1,-953,621,0.0437294935676813,0.867114749505624,0.9930236503500985,https://www.oddsportal.com/american-football/usa/nfl-2022-2023/miami-dolphins-houston-texans-IF7CZrYr/
2022-11-27,2023,1,nyj,chi,1,-378,296,0.043320231604750514,0.7579599773150774,0.8640092103804343,https://www.oddsportal.com/american-football/usa/nfl-2022-2023/new-york-jets-chicago-bears-0vcHY2mk/
2022-11-27,2023,1,ten,cin,0,-106,-112,0.04286499358856943,0.4934129632882487,0.5920632844681479,https://www.oddsportal.com/american-football/usa/nfl-2022-2023/tennessee-titans-cincinnati-bengals-bPFKXM2e/
2022-11-27,2023,1,wsh,atl,1,-186,158,0.03794654957445642,0.6265733535279678,0.8837637860125126,https://www.oddsportal.com/american-football/usa/nfl-2022-2023/washington-commanders-atlanta-falcons-hnFOWtI1/
2022-11-24,2023,1,min,ne,1,-142,123,0.03520735277767484,0.566820606451151,0.8448277790929499,https://www.oddsportal.com/american-football/usa/nfl-2022-2023/minnesota-vikings-new-england-patriots-QHSXtRu9/
2022-11-24,2023,1,dal,nyg,1,-466,357,0.0421399355143004,0.7900297519680074,0.7101086834272468,https://www.oddsportal.com/american-football/usa/nfl-2022-2023/dallas-cowboys-new-york-giants-CEOTs7Q2/
2022-11-24,2023,1,det,buf,0,333,-426,0.040832813776025434,0.2218866269014334,0.25212765909659574,https://www.oddsportal.com/american-football/usa/nfl-2022-2023/detroit-lions-buffalo-bills-bBznJNm2/
2022-11-20,2023,1,lac,kc,0,200,-244,0.04263565891472876,0.31970260223048325,0.11758169408728465,https://www.oddsportal.com/american-football/usa/nfl-2022-2023/los-angeles-chargers-kansas-city-chiefs-0ILtMP3q/
2022-11-20,2023,1,min,dal,0,110,-129,0.039509253483052564,0.45809161832366474,0.8919204632099337,https://www.oddsportal.com/american-football/usa/nfl-2022-2023/minnesota-vikings-dallas-cowboys-v9KpLqJk/
2022-11-20,2023,1,pit,cin,0,158,-186,0.03794654957445642,0.3734266464720322,0.3466901307878546,https://www.oddsportal.com/american-football/usa/nfl-2022-2023/pittsburgh-steelers-cincinnati-bengals-KKyrK3Ye/
2022-11-20,2023,1,den,oak,0,-151,128,0.040190116726078084,0.5783496841822336,0.5864847187555511,https://www.oddsportal.com/american-football/usa/nfl-2022-2023/denver-broncos-las-vegas-raiders-8McDwhZG/
2022-11-20,2023,1,atl,chi,1,-133,115,0.03593172971354419,0.5510164755756817,0.28997282363853616,https://www.oddsportal.com/american-football/usa/nfl-2022-2023/atlanta-falcons-chicago-bears-fJXwPhKN/
2022-11-20,2023,1,bal,car,1,-690,489,0.04319700844598229,0.8372509837044972,0.9562019552106316,https://www.oddsportal.com/american-football/usa/nfl-2022-2023/baltimore-ravens-carolina-panthers-ltXsOCZT/
2022-11-20,2023,1,hou,wsh,0,134,-157,0.03824536898466868,0.4116083154489253,0.016792375018081653,https://www.oddsportal.com/american-football/usa/nfl-2022-2023/houston-texans-washington-commanders-Qw2hrGKo/
2022-11-20,2023,1,ind,phi,0,239,-286,0.03591789322450967,0.28475736606813523,0.024126633272478652,https://www.oddsportal.com/american-football/usa/nfl-2022-2023/indianapolis-colts-philadelphia-eagles-4U0dszzh/
2022-11-20,2023,1,ne,nyj,1,-181,154,0.037828901280578364,0.6206496206496207,0.3317757259210012,https://www.oddsportal.com/american-football/usa/nfl-2022-2023/new-england-patriots-new-york-jets-Y350tfkb/
2022-11-20,2023,1,no,lar,1,-134,114,0.03993929227574089,0.5506567324679315,0.4609211679739156,https://www.oddsportal.com/american-football/usa/nfl-2022-2023/new-orleans-saints-los-angeles-rams-Cf44uE44/
2022-11-20,2023,1,nyg,det,0,-166,140,0.0407268170426065,0.5996387718242023,0.7274667405284743,https://www.oddsportal.com/american-football/usa/nfl-2022-2023/new-york-giants-detroit-lions-fJg9vYJA/
2022-11-17,2023,1,gb,ten,0,-177,150,0.03898916967509036,0.6150104239054899,0.4843425888356532,https://www.oddsportal.com/american-football/usa/nfl-2022-2023/green-bay-packers-tennessee-titans-GSYZPY4H/
2022-11-14,2023,1,phi,wsh,0,-536,393,0.045607052189776454,0.8060076620873087,0.9978577681013631,https://www.oddsportal.com/american-football/usa/nfl-2022-2023/philadelphia-eagles-washington-commanders-bivVQEkB/
2022-11-13,2023,1,sf,lac,1,-353,276,0.045206894932130925,0.7455456445053588,0.4296346355421702,https://www.oddsportal.com/american-football/usa/nfl-2022-2023/san-francisco-49ers-los-angeles-chargers-K0uRRfz5/
2022-11-13,2023,1,gb,dal,1,166,-203,0.04590684632373021,0.3594391326010106,0.1298560603327931,https://www.oddsportal.com/american-football/usa/nfl-2022-2023/green-bay-packers-dallas-cowboys-tnI81Qnd/
2022-11-13,2023,1,lar,ari,0,-187,156,0.042192944250871056,0.6251893642584757,0.5178182402739496,https://www.oddsportal.com/american-football/usa/nfl-2022-2023/los-angeles-rams-arizona-cardinals-QwtNSzLb/
2022-11-13,2023,1,oak,ind,0,-201,166,0.043713936002797826,0.6398056625900486,0.17109856553987637,https://www.oddsportal.com/american-football/usa/nfl-2022-2023/las-vegas-raiders-indianapolis-colts-CzxJTG5h/
2022-11-13,2023,1,buf,min,0,-262,210,0.046337551238638364,0.6917049906319197,0.09288715197680948,https://www.oddsportal.com/american-football/usa/nfl-2022-2023/buffalo-bills-minnesota-vikings-p65lEy65/
2022-11-13,2023,1,chi,det,0,-161,135,0.04239015244150979,0.5917728943458199,0.4366391748245868,https://www.oddsportal.com/american-football/usa/nfl-2022-2023/chicago-bears-detroit-lions-vT4hDeLB/
2022-11-13,2023,1,kc,jax,1,-448,340,0.044790975447909664,0.7824706255954272,0.8914932675549108,https://www.oddsportal.com/american-football/usa/nfl-2022-2023/kansas-city-chiefs-jacksonville-jaguars-hW8dCFzI/
2022-11-13,2023,1,mia,cle,1,-176,148,0.04090696587190257,0.6126207051426006,0.9194256671153647,https://www.oddsportal.com/american-football/usa/nfl-2022-2023/miami-dolphins-cleveland-browns-zeb1BZkO/
2022-11-13,2023,1,nyg,hou,1,-227,185,0.04506679542893943,0.6642538117973201,0.9862391770553807,https://www.oddsportal.com/american-football/usa/nfl-2022-2023/new-york-giants-houston-texans-Eoc5Ag5U/
2022-11-13,2023,1,pit,no,1,-117,-105,0.051365628863661916,0.5128287363694676,0.7056311792409414,https://www.oddsportal.com/american-football/usa/nfl-2022-2023/pittsburgh-steelers-new-orleans-saints-jLmAVxyt/
2022-11-13,2023,1,ten,den,1,-138,115,0.044948211842876784,0.554890592855807,0.9351717242844741,https://www.oddsportal.com/american-football/usa/nfl-2022-2023/tennessee-titans-denver-broncos-UBnEUdjn/
2022-11-10,2023,1,car,atl,1,125,-150,0.04444444444444429,0.4255319148936171,0.26822460781189117,https://www.oddsportal.com/american-football/usa/nfl-2022-2023/carolina-panthers-atlanta-falcons-6F6pFHja/
2022-11-07,2023,1,no,bal,0,109,-132,0.04743441676291038,0.4568008190911239,0.06670901262527841,https://www.oddsportal.com/american-football/usa/nfl-2022-2023/new-orleans-saints-baltimore-ravens-lvCuGcyg/
2022-11-06,2023,0,kc,ten,1,-834,555,0.04560537456887381,0.8539872121562682,0.3474986753672651,https://www.oddsportal.com/american-football/usa/nfl-2022-2023/kansas-city-chiefs-tennessee-titans-AmDyHwMn/
2022-11-06,2023,0,tb,lar,1,-160,134,0.042735042735042805,0.5901639344262295,0.4752412840345451,https://www.oddsportal.com/american-football/usa/nfl-2022-2023/tampa-bay-buccaneers-los-angeles-rams-GQDXHJ6t/
2022-11-06,2023,0,ari,sea,0,-134,111,0.04658322193867215,0.5471610481093006,0.33143118276946193,https://www.oddsportal.com/american-football/usa/nfl-2022-2023/arizona-cardinals-seattle-seahawks-tYM5MabP/
2022-11-06,2023,0,atl,lac,0,127,-152,0.0437032375358366,0.4220822725445531,0.5561695559240077,https://www.oddsportal.com/american-football/usa/nfl-2022-2023/atlanta-falcons-los-angeles-chargers-OWlf40xs/
2022-11-06,2023,0,chi,mia,0,163,-195,0.041245086034671585,0.3651668007674692,0.15544361169455947,https://www.oddsportal.com/american-football/usa/nfl-2022-2023/chicago-bears-miami-dolphins-2Nmb3Kim/
2022-11-06,2023,0,cin,car,1,-341,265,0.047215233125213585,0.7383798534689883,0.8796146222452402,https://www.oddsportal.com/american-football/usa/nfl-2022-2023/cincinnati-bengals-carolina-panthers-dpm22v7g/
2022-11-06,2023,0,det,gb,1,166,-201,0.043713936002797826,0.3601943374099513,0.22808918854710306,https://www.oddsportal.com/american-football/usa/nfl-2022-2023/detroit-lions-green-bay-packers-Ami61bMa/
2022-11-06,2023,0,jax,oak,1,116,-140,0.04629629629629628,0.4424778761061947,0.673973272762092,https://www.oddsportal.com/american-football/usa/nfl-2022-2023/jacksonville-jaguars-las-vegas-raiders-hCtB0Iy6/
2022-11-06,2023,0,ne,ind,1,-231,187,0.04631725212375137,0.6669919615280139,0.6803081316841592,https://www.oddsportal.com/american-football/usa/nfl-2022-2023/new-england-patriots-indianapolis-colts-W2uFaxiC/
2022-11-06,2023,0,nyj,buf,1,415,-566,0.044024607131403215,0.18598676310424753,0.1329976322428043,https://www.oddsportal.com/american-football/usa/nfl-2022-2023/new-york-jets-buffalo-bills-0xpJbd6I/
2022-11-06,2023,0,wsh,min,0,145,-173,0.04186289900575613,0.3917629331993973,0.028157166683733813,https://www.oddsportal.com/american-football/usa/nfl-2022-2023/washington-commanders-minnesota-vikings-vTrNcGLO/
2022-11-03,2023,0,hou,phi,0,547,-811,0.044790021326157836,0.1479335581836812,0.00010011634412537143,https://www.oddsportal.com/american-football/usa/nfl-2022-2023/houston-texans-philadelphia-eagles-K2pZ8tUP/
2022-10-31,2023,0,cle,cin,1,145,-173,0.04186289900575613,0.3917629331993973,0.08921395393966111,https://www.oddsportal.com/american-football/usa/nfl-2022-2023/cleveland-browns-cincinnati-bengals-tCoV9MEJ/
2022-10-30,2023,0,buf,gb,1,-517,385,0.044111012715333686,0.802525244443022,0.904073950462679,https://www.oddsportal.com/american-football/usa/nfl-2022-2023/buffalo-bills-green-bay-packers-S8cmowxJ/
2022-10-30,2023,0,ind,wsh,0,-153,128,0.043339574232022615,0.5796224910275156,0.39015393675246235,https://www.oddsportal.com/american-football/usa/nfl-2022-2023/indianapolis-colts-washington-commanders-hj5zluh0/
2022-10-30,2023,0,lar,sf,0,-110,-110,0.04761904761904767,0.5,0.7112356750046374,https://www.oddsportal.com/american-football/usa/nfl-2022-2023/los-angeles-rams-san-francisco-49ers-Wt4vma76/
2022-10-30,2023,0,sea,nyg,1,-171,143,0.042518943707955614,0.605261241315019,0.01969798991995845,https://www.oddsportal.com/american-football/usa/nfl-2022-2023/seattle-seahawks-new-york-giants-E5gqnJMC/
2022-10-30,2023,0,hou,ten,0,-101,-120,0.047942107643600185,0.47949935261113513,0.010110766336502028,https://www.oddsportal.com/american-football/usa/nfl-2022-2023/houston-texans-tennessee-titans-OG0WlLxf/
2022-10-30,2023,0,atl,car,1,-199,162,0.04723122877786001,0.6355347521880105,0.661914988637122,https://www.oddsportal.com/american-football/usa/nfl-2022-2023/atlanta-falcons-carolina-panthers-ILl0nSGe/
2022-10-30,2023,0,dal,chi,1,-455,341,0.04657718943433231,0.783334309304913,0.9341415511770464,https://www.oddsportal.com/american-football/usa/nfl-2022-2023/dallas-cowboys-chicago-bears-dCm4onW1/
2022-10-30,2023,0,det,mia,0,163,-194,0.040092082460360556,0.36557160975852376,0.045055665842733114,https://www.oddsportal.com/american-football/usa/nfl-2022-2023/detroit-lions-miami-dolphins-YTWnAV82/
2022-10-30,2023,0,min,ari,1,-204,167,0.04558446678493988,0.6417966724796154,0.995545342061574,https://www.oddsportal.com/american-football/usa/nfl-2022-2023/minnesota-vikings-arizona-cardinals-CKVj9kO8/
2022-10-30,2023,0,no,oak,1,-100,-121,0.04751131221719462,0.4773218142548596,0.5701484779769364,https://www.oddsportal.com/american-football/usa/nfl-2022-2023/new-orleans-saints-las-vegas-raiders-6sVf89wF/
2022-10-30,2023,0,nyj,ne,0,136,-162,0.042049424246344946,0.4066302458405761,0.8660286997479483,https://www.oddsportal.com/american-football/usa/nfl-2022-2023/new-york-jets-new-england-patriots-21CNjs8s/
2022-10-30,2023,0,phi,pit,1,-556,405,0.04558077758995416,0.8106126219758646,0.999372233395708,https://www.oddsportal.com/american-football/usa/nfl-2022-2023/philadelphia-eagles-pittsburgh-steelers-pQ1Sk1Nm/
2022-10-27,2023,0,tb,bal,0,-132,109,0.04743441676291038,0.5431991809088762,0.08035407289002228,https://www.oddsportal.com/american-football/usa/nfl-2022-2023/tampa-bay-buccaneers-baltimore-ravens-Obkdm81k/
2022-10-24,2023,0,ne,chi,0,-395,308,0.0430778371954843,0.7650242096268869,0.7449646844165103,https://www.oddsportal.com/american-football/usa/nfl-2022-2023/new-england-patriots-chicago-bears-Aeohllnq/
2022-10-23,2023,0,mia,pit,1,-341,263,0.04872472404939954,0.7373170600954235,0.8866930691349458,https://www.oddsportal.com/american-football/usa/nfl-2022-2023/miami-dolphins-pittsburgh-steelers-4E8PhUwS/
2022-10-23,2023,0,lac,sea,0,-227,185,0.04506679542893943,0.6642538117973201,0.7219901312669184,https://www.oddsportal.com/american-football/usa/nfl-2022-2023/los-angeles-chargers-seattle-seahawks-IcAHfj9F/
2022-10-23,2023,0,sf,kc,0,-104,-117,0.04897442848106981,0.48600223964165734,0.09589726922082882,https://www.oddsportal.com/american-football/usa/nfl-2022-2023/san-francisco-49ers-kansas-city-chiefs-QN9LgAOL/
2022-10-23,2023,0,den,nyj,0,110,-133,0.047005926834252865,0.45481163380831546,0.014722911101570391,https://www.oddsportal.com/american-football/usa/nfl-2022-2023/denver-broncos-new-york-jets-drM8dCv3/
2022-10-23,2023,0,oak,hou,1,-333,260,0.04683089556068776,0.7346488540262287,0.5206909970771959,https://www.oddsportal.com/american-football/usa/nfl-2022-2023/las-vegas-raiders-houston-texans-v7BDeWg9/
2022-10-23,2023,0,bal,cle,1,-286,226,0.04768110874471532,0.7072119906550562,0.9615022350216318,https://www.oddsportal.com/american-football/usa/nfl-2022-2023/baltimore-ravens-cleveland-browns-Q3ovsXvG/
2022-10-23,2023,0,car,tb,1,508,-750,0.04682662538699689,0.15711645101663588,0.04105736005883296,https://www.oddsportal.com/american-football/usa/nfl-2022-2023/carolina-panthers-tampa-bay-buccaneers-xvkrtifM/
2022-10-23,2023,0,cin,atl,1,-289,228,0.04780864004012786,0.7090327020315352,0.9205775731957508,https://www.oddsportal.com/american-football/usa/nfl-2022-2023/cincinnati-bengals-atlanta-falcons-W0lnuB9S/
2022-10-23,2023,0,dal,det,1,-306,240,0.04781222833961163,0.7193030973451328,0.9787660729509327,https://www.oddsportal.com/american-football/usa/nfl-2022-2023/dallas-cowboys-detroit-lions-Y9zEzVHq/
2022-10-23,2023,0,jax,nyg,0,-170,142,0.042852770125497486,0.6037569709421778,0.021308449025534828,https://www.oddsportal.com/american-football/usa/nfl-2022-2023/jacksonville-jaguars-new-york-giants-joVIZlXk/
2022-10-23,2023,0,ten,ind,1,-147,123,0.04357219367840082,0.5702927924009673,0.7761496173093754,https://www.oddsportal.com/american-football/usa/nfl-2022-2023/tennessee-titans-indianapolis-colts-UyUMY8nd/
2022-10-23,2023,0,wsh,gb,1,168,-207,0.0474014293354077,0.35624767916821387,0.07957310120441138,https://www.oddsportal.com/american-football/usa/nfl-2022-2023/washington-commanders-green-bay-packers-ruI4chPd/
2022-10-20,2023,0,ari,no,1,-142,119,0.043397864070342296,0.5623711526637492,0.33999492541847265,https://www.oddsportal.com/american-football/usa/nfl-2022-2023/arizona-cardinals-new-orleans-saints-rudZsDP9/
2022-10-17,2023,0,lac,den,1,-199,164,0.04433971825276162,0.6372943859478869,0.7662362500661987,https://www.oddsportal.com/american-football/usa/nfl-2022-2023/los-angeles-chargers-denver-broncos-4lcVrgA3/
2022-10-16,2023,0,phi,dal,1,-300,237,0.04673590504451042,0.7165131112686038,0.9917646416541657,https://www.oddsportal.com/american-football/usa/nfl-2022-2023/philadelphia-eagles-dallas-cowboys-zFhRqZfc/
2022-10-16,2023,0,kc,buf,0,126,-151,0.04407150160420281,0.4238003579508999,0.356937923651604,https://www.oddsportal.com/american-football/usa/nfl-2022-2023/kansas-city-chiefs-buffalo-bills-dOgNpFui/
2022-10-16,2023,0,lar,car,1,-462,350,0.04428627916172401,0.7872018174933737,0.8484237371999412,https://www.oddsportal.com/american-football/usa/nfl-2022-2023/los-angeles-rams-carolina-panthers-vmPxw3Mp/
2022-10-16,2023,0,sea,ari,1,114,-138,0.04712165239927746,0.44626115652891324,0.3065984143479656,https://www.oddsportal.com/american-football/usa/nfl-2022-2023/seattle-seahawks-arizona-cardinals-hjTtxNyi/
2022-10-16,2023,0,atl,sf,1,160,-190,0.039787798408488007,0.3698979591836735,0.41851995662641156,https://www.oddsportal.com/american-football/usa/nfl-2022-2023/atlanta-falcons-san-francisco-49ers-8OGklTUo/
2022-10-16,2023,0,cle,ne,0,-149,124,0.044822145725760265,0.5727229047978585,0.2045730326367568,https://www.oddsportal.com/american-football/usa/nfl-2022-2023/cleveland-browns-new-england-patriots-nFFgmmph/
2022-10-16,2023,0,gb,nyj,0,-371,288,0.04541773370980806,0.7534650977764751,0.9480694491481628,https://www.oddsportal.com/american-football/usa/nfl-2022-2023/green-bay-packers-new-york-jets-Uw5bn7ab/
2022-10-16,2023,0,ind,jax,1,-126,104,0.04771820232517787,0.532129844319311,0.681906618279956,https://www.oddsportal.com/american-football/usa/nfl-2022-2023/indianapolis-colts-jacksonville-jaguars-rs92oRE4/
2022-10-16,2023,0,mia,min,0,147,-176,0.04253945901543155,0.38833858622242234,0.02127809380456875,https://www.oddsportal.com/american-football/usa/nfl-2022-2023/miami-dolphins-minnesota-vikings-x486poUA/
2022-10-16,2023,0,no,cin,0,140,-167,0.042134831460674205,0.3998203054806828,0.18122265915196756,https://www.oddsportal.com/american-football/usa/nfl-2022-2023/new-orleans-saints-cincinnati-bengals-Gf7Aq5qH/
2022-10-16,2023,0,nyg,bal,1,198,-248,0.048214147959577236,0.3201354136002355,0.6314966959149793,https://www.oddsportal.com/american-football/usa/nfl-2022-2023/new-york-giants-baltimore-ravens-rHw7rPbN/
2022-10-16,2023,0,pit,tb,1,347,-455,0.04353346635225819,0.2143809027174228,0.03808620904883636,https://www.oddsportal.com/american-football/usa/nfl-2022-2023/pittsburgh-steelers-tampa-bay-buccaneers-M7xBsqET/
2022-10-13,2023,0,chi,wsh,0,101,-123,0.049081944537402666,0.47423601216426003,0.9285115443714014,https://www.oddsportal.com/american-football/usa/nfl-2022-2023/chicago-bears-washington-commanders-K8N7Pqho/
2022-10-10,2023,0,kc,oak,1,-349,268,0.04902198121429269,0.7409595458426602,0.9645350934920403,https://www.oddsportal.com/american-football/usa/nfl-2022-2023/kansas-city-chiefs-las-vegas-raiders-IaytUPqU/
2022-10-09,2023,0,bal,cin,1,-171,143,0.042518943707955614,0.605261241315019,0.5355267329400902,https://www.oddsportal.com/american-football/usa/nfl-2022-2023/baltimore-ravens-cincinnati-bengals-zynyV5UN/
2022-10-09,2023,0,ari,phi,0,188,-233,0.046921921921921905,0.33166009322337753,0.00016922839634743637,https://www.oddsportal.com/american-football/usa/nfl-2022-2023/arizona-cardinals-philadelphia-eagles-UwqTWRaB/
2022-10-09,2023,0,lar,dal,0,-240,193,0.04717928126882165,0.6740797546012269,0.06350316967536605,https://www.oddsportal.com/american-football/usa/nfl-2022-2023/los-angeles-rams-dallas-cowboys-O0rXVoFH/
2022-10-09,2023,0,car,sf,0,205,-256,0.04696997605452191,0.31315974665728363,0.24255219248901472,https://www.oddsportal.com/american-football/usa/nfl-2022-2023/carolina-panthers-san-francisco-49ers-jmpPX7p5/
2022-10-09,2023,0,buf,pit,1,-1001,621,0.047869733856876984,0.8676397926957844,0.9756208471127327,https://www.oddsportal.com/american-football/usa/nfl-2022-2023/buffalo-bills-pittsburgh-steelers-vobqXzff/
2022-10-09,2023,0,cle,lac,0,101,-122,0.04706198736049494,0.47515089251316295,0.4916107061069471,https://www.oddsportal.com/american-football/usa/nfl-2022-2023/cleveland-browns-los-angeles-chargers-M9mlWf90/
2022-10-09,2023,0,jax,hou,0,-309,243,0.04704641199826076,0.7215546644699666,1.0,https://www.oddsportal.com/american-football/usa/nfl-2022-2023/jacksonville-jaguars-houston-texans-00nhVEO6/
2022-10-09,2023,0,min,chi,1,-417,316,0.04696101770569849,0.77039774039401,0.9941262085436869,https://www.oddsportal.com/american-football/usa/nfl-2022-2023/minnesota-vikings-chicago-bears-8QodUYwD/
2022-10-09,2023,0,ne,det,1,-155,130,0.04262574595055413,0.5829926410466066,0.5654430674500064,https://www.oddsportal.com/american-football/usa/nfl-2022-2023/new-england-patriots-detroit-lions-nHp0ThgJ/
2022-10-09,2023,0,no,sea,1,-227,185,0.04506679542893943,0.6642538117973201,0.408797029429823,https://www.oddsportal.com/american-football/usa/nfl-2022-2023/new-orleans-saints-seattle-seahawks-nem8yjot/
2022-10-09,2023,0,nyj,mia,1,145,-173,0.04186289900575613,0.3917629331993973,0.08261202122538999,https://www.oddsportal.com/american-football/usa/nfl-2022-2023/new-york-jets-miami-dolphins-0biCzA0n/
2022-10-09,2023,0,tb,atl,1,-527,391,0.044176354606197066,0.8049505843705379,0.9421116529199288,https://www.oddsportal.com/american-football/usa/nfl-2022-2023/tampa-bay-buccaneers-atlanta-falcons-fLjGZTFh/
2022-10-09,2023,0,wsh,ten,0,-107,-114,0.04961849293421805,0.49247247075017214,0.24398786453898308,https://www.oddsportal.com/american-football/usa/nfl-2022-2023/washington-commanders-tennessee-titans-YBkKYmVb/
2022-10-06,2023,0,den,ind,0,-178,149,0.04189419548698403,0.6145420260114804,0.1091715444979304,https://www.oddsportal.com/american-football/usa/nfl-2022-2023/denver-broncos-indianapolis-colts-QsfuYGvl/
2022-10-03,2023,0,sf,lar,1,-127,105,0.047276243687547126,0.5342156560993125,0.01221123692511264,https://www.oddsportal.com/american-football/usa/nfl-2022-2023/san-francisco-49ers-los-angeles-rams-WKfyZdPs/
2022-10-02,2023,0,tb,kc,0,-129,107,0.04641056473218996,0.5383343749369998,0.9997849015474204,https://www.oddsportal.com/american-football/usa/nfl-2022-2023/tampa-bay-buccaneers-kansas-city-chiefs-UB89wwHQ/
2022-10-02,2023,0,gb,ne,1,-455,343,0.04555345413133227,0.7841012973372493,0.9952439324504078,https://www.oddsportal.com/american-football/usa/nfl-2022-2023/green-bay-packers-new-england-patriots-YqF0uanE/
2022-10-02,2023,0,oak,den,1,-145,120,0.04638218923933213,0.5656028368794326,0.0,https://www.oddsportal.com/american-football/usa/nfl-2022-2023/las-vegas-raiders-denver-broncos-CzE4vJ1K/
2022-10-02,2023,0,car,ari,0,-117,-105,0.051365628863661916,0.5128287363694676,0.9969651721277026,https://www.oddsportal.com/american-football/usa/nfl-2022-2023/carolina-panthers-arizona-cardinals-KtRIGF9D/
2022-10-02,2023,0,atl,cle,1,-103,-118,0.048673566231301146,0.48383899327702123,0.0022825596889238706,https://www.oddsportal.com/american-football/usa/nfl-2022-2023/atlanta-falcons-cleveland-browns-0IyKSL28/
2022-10-02,2023,0,bal,buf,0,147,-175,0.04122193595877799,0.38882997525627433,0.8635511646586586,https://www.oddsportal.com/american-football/usa/nfl-2022-2023/baltimore-ravens-buffalo-bills-v9zORuIE/
2022-10-02,2023,0,dal,wsh,1,-167,139,0.04387820663501163,0.5991773377568943,0.6128048733926755,https://www.oddsportal.com/american-football/usa/nfl-2022-2023/dallas-cowboys-washington-commanders-YVZRQaXK/
2022-10-02,2023,0,det,sea,0,-180,150,0.04285714285714293,0.6164383561643836,0.9999958266105352,https://www.oddsportal.com/american-football/usa/nfl-2022-2023/detroit-lions-seattle-seahawks-nZwWPJnR/
2022-10-02,2023,0,hou,lac,0,200,-248,0.04597701149425282,0.31868131868131866,0.0,https://www.oddsportal.com/american-football/usa/nfl-2022-2023/houston-texans-los-angeles-chargers-hGGbLwer/
2022-10-02,2023,0,ind,ten,0,-199,164,0.04433971825276162,0.6372943859478869,0.9543283053376428,https://www.oddsportal.com/american-football/usa/nfl-2022-2023/indianapolis-colts-tennessee-titans-W6F2KcAl/
2022-10-02,2023,0,nyg,chi,1,-151,126,0.04407150160420281,0.5761996420491,0.6637403674390714,https://www.oddsportal.com/american-football/usa/nfl-2022-2023/new-york-giants-chicago-bears-0tK6JHPf/
2022-10-02,2023,0,phi,jax,1,-289,228,0.04780864004012786,0.7090327020315352,0.9999242972677049,https://www.oddsportal.com/american-football/usa/nfl-2022-2023/philadelphia-eagles-jacksonville-jaguars-vXIAIyu1/
2022-10-02,2023,0,pit,nyj,0,-169,141,0.0431905474401888,0.6022416418991853,0.3984349181391976,https://www.oddsportal.com/american-football/usa/nfl-2022-2023/pittsburgh-steelers-new-york-jets-Me8FHef7/
2022-09-29,2023,0,cin,mia,1,-199,162,0.04723122877786001,0.6355347521880105,0.00023111774507766835,https://www.oddsportal.com/american-football/usa/nfl-2022-2023/cincinnati-bengals-miami-dolphins-0QVr4xQ7/
2022-09-26,2023,0,nyg,dal,0,-121,-100,0.04751131221719462,0.5226781857451405,0.9408317237801668,https://www.oddsportal.com/american-football/usa/nfl-2022-2023/new-york-giants-dallas-cowboys-MZWv5IA1/
2022-09-25,2023,0,den,sf,1,-101,-120,0.047942107643600185,0.47949935261113513,0.0020313678893037787,https://www.oddsportal.com/american-football/usa/nfl-2022-2023/denver-broncos-san-francisco-49ers-SCXz6bee/
2022-09-25,2023,0,ari,lar,0,148,-176,0.04090696587190257,0.3873792948573995,0.6488113841317307,https://www.oddsportal.com/american-football/usa/nfl-2022-2023/arizona-cardinals-los-angeles-rams-Uyh0C0IR/
2022-09-25,2023,0,sea,atl,0,-117,-105,0.051365628863661916,0.5128287363694676,1.0,https://www.oddsportal.com/american-football/usa/nfl-2022-2023/seattle-seahawks-atlanta-falcons-WpvS7KQr/
2022-09-25,2023,0,tb,gb,0,-125,103,0.04816639299397929,0.5300261096605744,0.6261064167413226,https://www.oddsportal.com/american-football/usa/nfl-2022-2023/tampa-bay-buccaneers-green-bay-packers-E9TW6vtk/
2022-09-25,2023,0,lac,jax,0,-275,218,0.04779874213836477,0.6998799519807922,0.9647613131696084,https://www.oddsportal.com/american-football/usa/nfl-2022-2023/los-angeles-chargers-jacksonville-jaguars-02mdDt3L/
2022-09-25,2023,0,car,no,1,109,-132,0.04743441676291038,0.4568008190911239,0.0,https://www.oddsportal.com/american-football/usa/nfl-2022-2023/carolina-panthers-new-orleans-saints-88OIaNYL/
2022-09-25,2023,0,chi,hou,1,-166,139,0.042470192216943925,0.5986359658387905,1.0,https://www.oddsportal.com/american-football/usa/nfl-2022-2023/chicago-bears-houston-texans-MBSMbslS/
2022-09-25,2023,0,ind,kc,1,178,-222,0.04915322400464728,0.3428595766429575,0.0,https://www.oddsportal.com/american-football/usa/nfl-2022-2023/indianapolis-colts-kansas-city-chiefs-viFlf1dq/
2022-09-25,2023,0,mia,buf,1,166,-201,0.043713936002797826,0.3601943374099513,0.9872736206802604,https://www.oddsportal.com/american-football/usa/nfl-2022-2023/miami-dolphins-buffalo-bills-IsEhgLBk/
2022-09-25,2023,0,min,det,1,-275,218,0.04779874213836477,0.6998799519807922,0.9064502525131596,https://www.oddsportal.com/american-football/usa/nfl-2022-2023/minnesota-vikings-detroit-lions-zJ8chuRe/
2022-09-25,2023,0,ne,bal,0,121,-144,0.042652622209034874,0.4339783722253842,0.0351092435821994,https://www.oddsportal.com/american-football/usa/nfl-2022-2023/new-england-patriots-baltimore-ravens-E971iat2/
2022-09-25,2023,0,nyj,cin,0,218,-275,0.04779874213836477,0.30012004801920766,1.0,https://www.oddsportal.com/american-football/usa/nfl-2022-2023/new-york-jets-cincinnati-bengals-SCeqGrJ2/
2022-09-25,2023,0,ten,oak,1,110,-133,0.047005926834252865,0.45481163380831546,,https://www.oddsportal.com/american-football/usa/nfl-2022-2023/tennessee-titans-las-vegas-raiders-vmamF2Y8/
2022-09-25,2023,0,wsh,phi,0,198,-246,0.046553128758195284,0.32064351113911854,7.719842241564944e-05,https://www.oddsportal.com/american-football/usa/nfl-2022-2023/washington-commanders-philadelphia-eagles-MBlhEMmF/
2022-09-22,2023,0,cle,pit,1,-220,178,0.04721223021582732,0.65650493774152,0.12830680555710944,https://www.oddsportal.com/american-football/usa/nfl-2022-2023/cleveland-browns-pittsburgh-steelers-QqZD03JF/
2022-09-19,2023,0,phi,min,1,-146,122,0.043946385409800115,0.5685118922332141,0.10432271542904216,https://www.oddsportal.com/american-football/usa/nfl-2022-2023/philadelphia-eagles-minnesota-vikings-21jG2EGf/
2022-09-19,2023,0,buf,ten,1,-485,363,0.04504255044211858,0.7933263853314727,1.0,https://www.oddsportal.com/american-football/usa/nfl-2022-2023/buffalo-bills-tennessee-titans-fyiC3f1l/
2022-09-18,2023,0,gb,chi,1,-500,373,0.04474982381959136,0.7976391231028668,0.0,https://www.oddsportal.com/american-football/usa/nfl-2022-2023/green-bay-packers-chicago-bears-ngzA1q49/
2022-09-18,2023,0,dal,cin,1,265,-341,0.047215233125213585,0.26162014653101173,,https://www.oddsportal.com/american-football/usa/nfl-2022-2023/dallas-cowboys-cincinnati-bengals-CMrKvMdd/
2022-09-18,2023,0,den,hou,1,-527,391,0.044176354606197066,0.8049505843705379,,https://www.oddsportal.com/american-football/usa/nfl-2022-2023/denver-broncos-houston-texans-ERM235Zd/
2022-09-18,2023,0,oak,ari,0,-244,197,0.04600266228173222,0.6781075719579294,,https://www.oddsportal.com/american-football/usa/nfl-2022-2023/las-vegas-raiders-arizona-cardinals-hIL62Pl3/
2022-09-18,2023,0,lar,atl,1,-518,380,0.046521035598705573,0.8009277155005798,,https://www.oddsportal.com/american-football/usa/nfl-2022-2023/los-angeles-rams-atlanta-falcons-4duCtrSq/
2022-09-18,2023,0,sf,sea,1,-406,313,0.044502292107303276,0.7681855248811148,0.0,https://www.oddsportal.com/american-football/usa/nfl-2022-2023/san-francisco-49ers-seattle-seahawks-bJvGu2sj/
2022-09-18,2023,0,bal,mia,0,-177,149,0.04059559537790136,0.6140609978682792,0.5,https://www.oddsportal.com/american-football/usa/nfl-2022-2023/baltimore-ravens-miami-dolphins-4hXI3ETu/
2022-09-18,2023,0,cle,nyj,0,-273,217,0.047360898503903126,0.6988073416719827,1.0,https://www.oddsportal.com/american-football/usa/nfl-2022-2023/cleveland-browns-new-york-jets-rqWM2Yrn/
2022-09-18,2023,0,det,wsh,1,-108,-113,0.0497472011556519,0.494624580717296,0.0,https://www.oddsportal.com/american-football/usa/nfl-2022-2023/detroit-lions-washington-commanders-Q7LR1hbh/
2022-09-18,2023,0,jax,ind,1,136,-164,0.04494093477144334,0.40550503809289745,,https://www.oddsportal.com/american-football/usa/nfl-2022-2023/jacksonville-jaguars-indianapolis-colts-xrPV0CDb/
2022-09-18,2023,0,no,tb,0,123,-147,0.04357219367840082,0.42970720759903275,0.5,https://www.oddsportal.com/american-football/usa/nfl-2022-2023/new-orleans-saints-tampa-bay-buccaneers-W4OZaWS4/
2022-09-18,2023,0,nyg,car,1,-104,-118,0.05108832523835227,0.4850248160191682,1.0,https://www.oddsportal.com/american-football/usa/nfl-2022-2023/new-york-giants-carolina-panthers-AeNwajrB/
2022-09-18,2023,0,pit,ne,0,130,-155,0.04262574595055413,0.4170073589533933,1.0,https://www.oddsportal.com/american-football/usa/nfl-2022-2023/pittsburgh-steelers-new-england-patriots-SWHrbAcH/
2022-09-15,2023,0,kc,lac,1,-206,168,0.04633694273729394,0.6433898937162037,0.5,https://www.oddsportal.com/american-football/usa/nfl-2022-2023/kansas-city-chiefs-los-angeles-chargers-hKjDrVcU/
2022-09-12,2023,0,sea,den,1,209,-256,0.04272571906476119,0.3103640675129028,,https://www.oddsportal.com/american-football/usa/nfl-2022-2023/seattle-seahawks-denver-broncos-dE66kOhO/
2022-09-11,2023,0,dal,tb,0,114,-135,0.04175780473255131,0.448558885283451,,https://www.oddsportal.com/american-football/usa/nfl-2022-2023/dallas-cowboys-tampa-bay-buccaneers-Sv22j4wI/
2022-09-11,2023,0,ari,kc,0,192,-233,0.042165453124357155,0.3286097734270151,,https://www.oddsportal.com/american-football/usa/nfl-2022-2023/arizona-cardinals-kansas-city-chiefs-baAofnvg/
2022-09-11,2023,0,lac,oak,1,-184,156,0.038512323943662,0.6238609874973512,,https://www.oddsportal.com/american-football/usa/nfl-2022-2023/los-angeles-chargers-las-vegas-raiders-hM9kg6ga/
2022-09-11,2023,0,min,gb,1,-116,-102,0.041987532086542156,0.515396797466127,,https://www.oddsportal.com/american-football/usa/nfl-2022-2023/minnesota-vikings-green-bay-packers-6PDghQ85/
2022-09-11,2023,0,ten,nyg,0,-253,207,0.04244678004263136,0.6875304281629798,,https://www.oddsportal.com/american-football/usa/nfl-2022-2023/tennessee-titans-new-york-giants-ll3bipOB/
2022-09-11,2023,0,atl,no,0,193,-234,0.041895730722854685,0.3275730173986387,,https://www.oddsportal.com/american-football/usa/nfl-2022-2023/atlanta-falcons-new-orleans-saints-6omEgFmr/
2022-09-11,2023,0,car,cle,0,-124,103,0.04618226600985231,0.5291347851677457,,https://www.oddsportal.com/american-football/usa/nfl-2022-2023/carolina-panthers-cleveland-browns-pxnIhZ2l/
2022-09-11,2023,0,chi,sf,1,227,-284,0.04539373088685017,0.2925313099917725,,https://www.oddsportal.com/american-football/usa/nfl-2022-2023/chicago-bears-san-francisco-49ers-EBjMigIf/
2022-09-11,2023,0,cin,pit,0,-320,257,0.042016806722688926,0.7311827956989247,,https://www.oddsportal.com/american-football/usa/nfl-2022-2023/cincinnati-bengals-pittsburgh-steelers-h2kQjDX0/
2022-09-11,2023,0,det,phi,0,198,-240,0.041452822739834305,0.3222137983320697,,https://www.oddsportal.com/american-football/usa/nfl-2022-2023/detroit-lions-philadelphia-eagles-zRvVkXn7/
2022-09-11,2023,0,mia,ne,1,-168,142,0.0400888121376588,0.6027039848197344,,https://www.oddsportal.com/american-football/usa/nfl-2022-2023/miami-dolphins-new-england-patriots-2XWGDzuE/
2022-09-11,2023,0,nyj,bal,0,229,-282,0.04217126306911312,0.2916520331658752,,https://www.oddsportal.com/american-football/usa/nfl-2022-2023/new-york-jets-baltimore-ravens-vcfpd89t/
2022-09-11,2023,0,wsh,jax,1,-156,131,0.0422754329004329,0.5846583165682393,,https://www.oddsportal.com/american-football/usa/nfl-2022-2023/washington-commanders-jacksonville-jaguars-K8BseSOn/
2022-09-08,2023,0,lar,buf,0,105,-124,0.04137630662020908,0.46842325386867417,,https://www.oddsportal.com/american-football/usa/nfl-2022-2023/los-angeles-rams-buffalo-bills-04AobeuR/
2022-01-09,2022,1,oak,lac,1,150,-178,0.04028776978417259,0.38450899031811897,0.5128434197853676,https://www.oddsportal.com/american-football/usa/nfl-2021-2022/las-vegas-raiders-los-angeles-chargers-A754TsQa/
2022-01-09,2022,1,ari,sea,0,-235,193,0.042789465641077884,0.6727077328904304,0.8200145505998272,https://www.oddsportal.com/american-football/usa/nfl-2021-2022/arizona-cardinals-seattle-seahawks-0dbHQuAI/
2022-01-09,2022,1,atl,no,0,178,-215,0.04225191275550988,0.34512983455680946,0.3232560697046192,https://www.oddsportal.com/american-football/usa/nfl-2021-2022/atlanta-falcons-new-orleans-saints-tWaTy6IJ/
2022-01-09,2022,1,buf,nyj,1,-1432,767,0.05006610231252684,0.8901590542780612,0.8518889968561648,https://www.oddsportal.com/american-football/usa/nfl-2021-2022/buffalo-bills-new-york-jets-2s2dV3em/
2022-01-09,2022,1,lar,sf,0,-178,150,0.04028776978417259,0.6154910096818811,0.7320499981355068,https://www.oddsportal.com/american-football/usa/nfl-2021-2022/los-angeles-rams-san-francisco-49ers-hWf9S1u6/
2022-01-09,2022,1,mia,ne,1,215,-267,0.04498075342761987,0.30379537270808327,0.40050120861347105,https://www.oddsportal.com/american-football/usa/nfl-2021-2022/miami-dolphins-new-england-patriots-SSBoDMuJ/
2022-01-09,2022,1,tb,car,1,-513,386,0.042629179841432885,0.802651488323278,0.8898377354174088,https://www.oddsportal.com/american-football/usa/nfl-2021-2022/tampa-bay-buccaneers-carolina-panthers-EP7sE2QC/
2022-01-09,2022,1,bal,pit,0,-160,136,0.039113428943937434,0.5922208281053952,0.45179179486631565,https://www.oddsportal.com/american-football/usa/nfl-2021-2022/baltimore-ravens-pittsburgh-steelers-Oj3hWqts/
2022-01-09,2022,1,cle,cin,1,-270,219,0.043209353554181096,0.6995045886461464,0.34117064726768026,https://www.oddsportal.com/american-football/usa/nfl-2021-2022/cleveland-browns-cincinnati-bengals-d410UNAg/
2022-01-09,2022,1,det,gb,1,165,-197,0.04065815386570115,0.3626152249557414,0.027509204629419227,https://www.oddsportal.com/american-football/usa/nfl-2021-2022/detroit-lions-green-bay-packers-ppGQHpRm/
2022-01-09,2022,1,hou,ten,0,445,-625,0.04555520404935143,0.17549167927382756,0.08038212374870972,https://www.oddsportal.com/american-football/usa/nfl-2021-2022/houston-texans-tennessee-titans-KMbXzQXP/
2022-01-09,2022,1,jax,ind,1,662,-1026,0.042423649086492876,0.12589276530279112,0.03372263215714393,https://www.oddsportal.com/american-football/usa/nfl-2021-2022/jacksonville-jaguars-indianapolis-colts-OzFUG4tf/
2022-01-09,2022,1,min,chi,1,-187,159,0.03766833035125705,0.6279154188220347,0.5719611873020446,https://www.oddsportal.com/american-football/usa/nfl-2021-2022/minnesota-vikings-chicago-bears-W0IxFrB6/
2022-01-09,2022,1,nyg,wsh,0,204,-252,0.04485645933014348,0.314825414997138,0.34681374802646986,https://www.oddsportal.com/american-football/usa/nfl-2021-2022/new-york-giants-washington-commanders-hAJYFOe0/
2022-01-08,2022,1,phi,dal,0,222,-274,0.04317932706679506,0.29770433342885344,0.31255127882781564,https://www.oddsportal.com/american-football/usa/nfl-2021-2022/philadelphia-eagles-dallas-cowboys-2LQLIQBs/
2022-01-08,2022,1,den,kc,0,467,-656,0.04409171075837737,0.16891891891891891,0.17642091150097658,https://www.oddsportal.com/american-football/usa/nfl-2021-2022/denver-broncos-kansas-city-chiefs-WMgDRLfC/
2022-01-03,2022,1,pit,cle,1,-111,-108,0.04529711994166963,0.5032696834946377,0.580133071731837,https://www.oddsportal.com/american-football/usa/nfl-2021-2022/pittsburgh-steelers-cleveland-browns-tIKfN63Q/
2022-01-02,2022,1,gb,min,1,-741,509,0.04529754827019983,0.8429120849358107,0.8423252769979784,https://www.oddsportal.com/american-football/usa/nfl-2021-2022/green-bay-packers-minnesota-vikings-neLjOnlK/
2022-01-02,2022,1,dal,ari,0,-268,217,0.04371828281442869,0.6977561680738527,0.6022233947785173,https://www.oddsportal.com/american-football/usa/nfl-2021-2022/dallas-cowboys-arizona-cardinals-pWzh3oCf/
2022-01-02,2022,1,no,car,1,-306,243,0.04523977078516128,0.7210733865538136,0.6976011440793681,https://www.oddsportal.com/american-football/usa/nfl-2021-2022/new-orleans-saints-carolina-panthers-QLKIlnc1/
2022-01-02,2022,1,sea,det,1,-396,305,0.04530067702110707,0.7637870273359367,0.7432909175937018,https://www.oddsportal.com/american-football/usa/nfl-2021-2022/seattle-seahawks-detroit-lions-84MnPSYD/
2022-01-02,2022,1,lac,den,1,-374,292,0.04413157668130552,0.755680178136984,0.6423419004611769,https://www.oddsportal.com/american-football/usa/nfl-2021-2022/los-angeles-chargers-denver-broncos-hdv01Pt7/
2022-01-02,2022,1,sf,hou,1,-679,478,0.04464067587315812,0.8343828795693531,0.8270357179655469,https://www.oddsportal.com/american-football/usa/nfl-2021-2022/san-francisco-49ers-houston-texans-bZvd25R0/
2022-01-02,2022,1,bal,lar,0,259,-325,0.04325741438636732,0.2670017276582378,0.3268230762204315,https://www.oddsportal.com/american-football/usa/nfl-2021-2022/baltimore-ravens-los-angeles-rams-Wnw40qdD/
2022-01-02,2022,1,buf,atl,1,-1026,644,0.04559865543650554,0.87145296959623,0.7300174481582296,https://www.oddsportal.com/american-football/usa/nfl-2021-2022/buffalo-bills-atlanta-falcons-27om4Rdl/
2022-01-02,2022,1,chi,nyg,1,-303,242,0.04425870300233625,0.7199949974292345,0.5439234577685604,https://www.oddsportal.com/american-football/usa/nfl-2021-2022/chicago-bears-new-york-giants-OGnq57sr/
2022-01-02,2022,1,cin,kc,1,156,-184,0.038512323943662,0.37613901250264886,0.25693967162865367,https://www.oddsportal.com/american-football/usa/nfl-2021-2022/cincinnati-bengals-kansas-city-chiefs-hYaH9mZQ/
2022-01-02,2022,1,ind,oak,0,-400,312,0.042718446601941906,0.7672253258845437,0.5252282388730698,https://www.oddsportal.com/american-football/usa/nfl-2021-2022/indianapolis-colts-las-vegas-raiders-Es1DATJK/
2022-01-02,2022,1,ne,jax,1,-1382,758,0.04907373328425968,0.8889018828207227,0.9677591120169402,https://www.oddsportal.com/american-football/usa/nfl-2021-2022/new-england-patriots-jacksonville-jaguars-WIB8B94E/
2022-01-02,2022,1,nyj,tb,0,609,-976,0.048106920580324175,0.1345699763877216,0.09381308575631322,https://www.oddsportal.com/american-football/usa/nfl-2021-2022/new-york-jets-tampa-bay-buccaneers-4CJMm6C7/
2022-01-02,2022,1,ten,mia,1,-168,143,0.03838830538664695,0.6036909972790726,0.6343444786574616,https://www.oddsportal.com/american-football/usa/nfl-2021-2022/tennessee-titans-miami-dolphins-IF74Ckk8/
2022-01-02,2022,1,wsh,phi,0,210,-258,0.043251036222742734,0.30920711694593195,0.4488853853167979,https://www.oddsportal.com/american-football/usa/nfl-2021-2022/washington-commanders-philadelphia-eagles-8pQDkSse/
2021-12-27,2022,1,no,mia,0,145,-172,0.04051620648259302,0.3922699740409576,0.5426647657849357,https://www.oddsportal.com/american-football/usa/nfl-2021-2022/new-orleans-saints-miami-dolphins-UgR9j8Sl/
2021-12-26,2022,1,dal,wsh,1,-482,360,0.04556999850590171,0.7920834524149758,0.7596658413065909,https://www.oddsportal.com/american-football/usa/nfl-2021-2022/dallas-cowboys-washington-commanders-zXR5ilDr/
2021-12-26,2022,1,kc,pit,1,-466,352,0.04456049282341534,0.7881990180816668,0.7202755341011579,https://www.oddsportal.com/american-football/usa/nfl-2021-2022/kansas-city-chiefs-pittsburgh-steelers-raAX9dT9/
2021-12-26,2022,1,oak,den,1,-108,-110,0.04304029304029311,0.4978050921861282,0.5862817087207026,https://www.oddsportal.com/american-football/usa/nfl-2021-2022/las-vegas-raiders-denver-broncos-QNax9GrG/
2021-12-26,2022,1,sea,chi,0,-328,261,0.04336345043622325,0.7345044910922536,0.554621946652766,https://www.oddsportal.com/american-football/usa/nfl-2021-2022/seattle-seahawks-chicago-bears-48BTAxE3/
2021-12-26,2022,1,atl,det,1,-374,294,0.04283664246396368,0.7566185380681468,0.7375433817954833,https://www.oddsportal.com/american-football/usa/nfl-2021-2022/atlanta-falcons-detroit-lions-fwUxlF6j/
2021-12-26,2022,1,car,tb,0,367,-482,0.04231145647070944,0.205440284651281,0.1340075954239725,https://www.oddsportal.com/american-football/usa/nfl-2021-2022/carolina-panthers-tampa-bay-buccaneers-Ofw7gyqT/
2021-12-26,2022,1,cin,bal,1,-378,296,0.043320231604750514,0.7579599773150774,0.42941135358764804,https://www.oddsportal.com/american-football/usa/nfl-2021-2022/cincinnati-bengals-baltimore-ravens-zZ6PBIbc/
2021-12-26,2022,1,hou,lac,1,503,-728,0.04506453241041175,0.15868635297364425,0.06681344050237649,https://www.oddsportal.com/american-football/usa/nfl-2021-2022/houston-texans-los-angeles-chargers-dr8LCbqi/
2021-12-26,2022,1,min,lar,0,149,-175,0.037970062066447596,0.38691523039043263,0.28364915597819773,https://www.oddsportal.com/american-football/usa/nfl-2021-2022/minnesota-vikings-los-angeles-rams-Is86ecEG/
2021-12-26,2022,1,ne,buf,0,-114,-106,0.04727338716994822,0.5086640097036909,0.5836587079086517,https://www.oddsportal.com/american-football/usa/nfl-2021-2022/new-england-patriots-buffalo-bills-p4v3fHTM/
2021-12-26,2022,1,nyj,jax,1,-132,111,0.04289916653047898,0.5455613883883099,0.8420662375989603,https://www.oddsportal.com/american-football/usa/nfl-2021-2022/new-york-jets-jacksonville-jaguars-tzQYleip/
2021-12-26,2022,1,phi,nyg,1,-534,390,0.04635292602845542,0.804959084476712,0.6509044746797881,https://www.oddsportal.com/american-football/usa/nfl-2021-2022/philadelphia-eagles-new-york-giants-vi92dwaA/
2021-12-25,2022,1,ari,ind,0,-167,142,0.03869130528987519,0.6021694430372203,0.676035559924278,https://www.oddsportal.com/american-football/usa/nfl-2021-2022/arizona-cardinals-indianapolis-colts-pU9bcJq4/
2021-12-25,2022,1,gb,cle,1,-426,328,0.04353079137201954,0.7761016141115575,0.8007586532013825,https://www.oddsportal.com/american-football/usa/nfl-2021-2022/green-bay-packers-cleveland-browns-WQ5fbaUc/
2021-12-23,2022,1,ten,sf,1,151,-179,0.03998343543389149,0.38308915404577853,0.5693637555576312,https://www.oddsportal.com/american-football/usa/nfl-2021-2022/tennessee-titans-san-francisco-49ers-l2GkauFi/
2021-12-21,2022,1,lar,sea,1,-351,275,0.044937176644493704,0.7448012448719763,0.7888885698307516,https://www.oddsportal.com/american-football/usa/nfl-2021-2022/los-angeles-rams-seattle-seahawks-KnxxtIET/
2021-12-21,2022,1,phi,wsh,1,-488,369,0.043151588993806556,0.7956005450652132,0.4246836539939672,https://www.oddsportal.com/american-football/usa/nfl-2021-2022/philadelphia-eagles-washington-commanders-thy4lq2P/
2021-12-20,2022,1,chi,min,0,257,-323,0.04370542543258438,0.26838228296248356,0.3716251981254972,https://www.oddsportal.com/american-football/usa/nfl-2021-2022/chicago-bears-minnesota-vikings-ABHo0Lao/
2021-12-20,2022,1,cle,oak,0,121,-144,0.042652622209034874,0.4339783722253842,0.5437348654840393,https://www.oddsportal.com/american-football/usa/nfl-2021-2022/cleveland-browns-las-vegas-raiders-GpSVq3At/
2021-12-19,2022,1,tb,no,0,-572,421,0.04312905584498683,0.8159972837694269,0.797265975600811,https://www.oddsportal.com/american-football/usa/nfl-2021-2022/tampa-bay-buccaneers-new-orleans-saints-MeO3yxNp/
2021-12-19,2022,1,bal,gb,0,327,-417,0.04076843979180911,0.22501838883351688,0.29785035029657714,https://www.oddsportal.com/american-football/usa/nfl-2021-2022/baltimore-ravens-green-bay-packers-hzoLq0F4/
2021-12-19,2022,1,den,cin,0,-153,129,0.04142430571137612,0.5806884664467905,0.5194015886537409,https://www.oddsportal.com/american-football/usa/nfl-2021-2022/denver-broncos-cincinnati-bengals-QmqTsvpH/
2021-12-19,2022,1,sf,atl,1,-404,314,0.04313319530710835,0.7684419450876613,0.6338086091249681,https://www.oddsportal.com/american-football/usa/nfl-2021-2022/san-francisco-49ers-atlanta-falcons-xOnXtbaN/
2021-12-19,2022,1,buf,car,1,-817,557,0.04315574743264783,0.8540898596430374,0.6985792584480603,https://www.oddsportal.com/american-football/usa/nfl-2021-2022/buffalo-bills-carolina-panthers-A7RZrNPn/
2021-12-19,2022,1,det,ari,1,496,-715,0.04508584839626151,0.1605468442203136,0.022205748994008602,https://www.oddsportal.com/american-football/usa/nfl-2021-2022/detroit-lions-arizona-cardinals-WQqPrKUA/
2021-12-19,2022,1,jax,hou,0,-274,221,0.044146800606393866,0.7016449415255995,0.36993251013628065,https://www.oddsportal.com/american-football/usa/nfl-2021-2022/jacksonville-jaguars-houston-texans-d8iCoMph/
2021-12-19,2022,1,mia,nyj,1,-455,350,0.04204204204204198,0.7867435158501441,0.7526827247066598,https://www.oddsportal.com/american-football/usa/nfl-2021-2022/miami-dolphins-new-york-jets-vmcLPaPO/
2021-12-19,2022,1,nyg,dal,0,405,-541,0.04201356173058812,0.19003572434443602,0.16627153669017464,https://www.oddsportal.com/american-football/usa/nfl-2021-2022/new-york-giants-dallas-cowboys-2oh8n2Vo/
2021-12-19,2022,1,pit,ten,1,-120,101,0.042966983265490644,0.5229835212489159,0.328726375679059,https://www.oddsportal.com/american-football/usa/nfl-2021-2022/pittsburgh-steelers-tennessee-titans-zajGpt0b/
2021-12-18,2022,1,ind,ne,1,-121,101,0.04502375002813985,0.5239223627237674,0.29069924886540727,https://www.oddsportal.com/american-football/usa/nfl-2021-2022/indianapolis-colts-new-england-patriots-lbQwrsug/
2021-12-16,2022,1,lac,kc,0,148,-175,0.03958944281524923,0.38787023977433005,0.3902201277804424,https://www.oddsportal.com/american-football/usa/nfl-2021-2022/los-angeles-chargers-kansas-city-chiefs-lrl4mrGu/
2021-12-13,2022,1,ari,lar,0,-175,149,0.037970062066447596,0.6130847696095674,0.7242090283269854,https://www.oddsportal.com/american-football/usa/nfl-2021-2022/arizona-cardinals-los-angeles-rams-AJBnSuNU/
2021-12-12,2022,1,gb,chi,1,-715,505,0.04258986969527978,0.8414628215727277,0.8762535627474017,https://www.oddsportal.com/american-football/usa/nfl-2021-2022/green-bay-packers-chicago-bears-WSCrTL7O/
2021-12-12,2022,1,cin,sf,0,102,-122,0.044599054500044755,0.4739134147382802,0.5893036778400138,https://www.oddsportal.com/american-football/usa/nfl-2021-2022/cincinnati-bengals-san-francisco-49ers-pbZ1GrOI/
2021-12-12,2022,1,tb,buf,1,-169,144,0.038088853677859635,0.6052013619819185,0.7112825737489519,https://www.oddsportal.com/american-football/usa/nfl-2021-2022/tampa-bay-buccaneers-buffalo-bills-O2DvU1hI/
2021-12-12,2022,1,den,det,1,-667,475,0.043534946998469604,0.8333423868759845,0.9155418935659008,https://www.oddsportal.com/american-football/usa/nfl-2021-2022/denver-broncos-detroit-lions-pCEzVswC/
2021-12-12,2022,1,lac,nyg,1,-417,323,0.04298302170642598,0.7733360807747784,0.7725516570979143,https://www.oddsportal.com/american-football/usa/nfl-2021-2022/los-angeles-chargers-new-york-giants-2mPVVNN5/
2021-12-12,2022,1,car,atl,0,-140,120,0.037878787878787845,0.562043795620438,0.5264345475498515,https://www.oddsportal.com/american-football/usa/nfl-2021-2022/carolina-panthers-atlanta-falcons-fNLNXqgg/
2021-12-12,2022,1,cle,bal,1,-156,133,0.03855954935622319,0.5867501775682831,0.3449812423585609,https://www.oddsportal.com/american-football/usa/nfl-2021-2022/cleveland-browns-baltimore-ravens-lpLRW38a/
2021-12-12,2022,1,hou,sea,0,322,-417,0.043543226965633064,0.22707906919542853,0.2168848645209527,https://www.oddsportal.com/american-football/usa/nfl-2021-2022/houston-texans-seattle-seahawks-dntmvnGP/
2021-12-12,2022,1,kc,oak,1,-477,361,0.04360951439301952,0.7921447277888449,0.7081449313962523,https://www.oddsportal.com/american-football/usa/nfl-2021-2022/kansas-city-chiefs-las-vegas-raiders-beSEZ5Ot/
2021-12-12,2022,1,nyj,no,0,173,-208,0.04162504162504166,0.35166240409207156,0.2860700247917118,https://www.oddsportal.com/american-football/usa/nfl-2021-2022/new-york-jets-new-orleans-saints-GWMJYPwm/
2021-12-12,2022,1,ten,jax,1,-426,332,0.04136741304041691,0.7777139186585077,0.9659214755988047,https://www.oddsportal.com/american-football/usa/nfl-2021-2022/tennessee-titans-jacksonville-jaguars-rqh5F2wP/
2021-12-12,2022,1,wsh,dal,0,233,-290,0.043890043890043806,0.28767426421774733,0.32697639749463053,https://www.oddsportal.com/american-football/usa/nfl-2021-2022/washington-commanders-dallas-cowboys-2ZqcHO8C/
2021-12-09,2022,1,min,pit,1,-179,152,0.03840245775729634,0.6178500986193294,0.3027075356693554,https://www.oddsportal.com/american-football/usa/nfl-2021-2022/minnesota-vikings-pittsburgh-steelers-OrogI4g6/
2021-12-06,2022,1,buf,ne,0,-149,127,0.03892220865842222,0.5759753418592375,0.44270869710412375,https://www.oddsportal.com/american-football/usa/nfl-2021-2022/buffalo-bills-new-england-patriots-f9tkJpv0/
2021-12-05,2022,1,kc,den,1,-395,306,0.044285216699009755,0.7641397055319961,0.6945736149140863,https://www.oddsportal.com/american-football/usa/nfl-2021-2022/kansas-city-chiefs-denver-broncos-GbNLHX2e/
2021-12-05,2022,1,pit,bal,1,160,-192,0.04214963119072701,0.3690596562184025,0.30118322024716665,https://www.oddsportal.com/american-football/usa/nfl-2021-2022/pittsburgh-steelers-baltimore-ravens-YghtL69m/
2021-12-05,2022,1,sea,sf,1,121,-146,0.04598462274215498,0.4325959272676116,0.26236358578570634,https://www.oddsportal.com/american-football/usa/nfl-2021-2022/seattle-seahawks-san-francisco-49ers-GIsoKQOg/
2021-12-05,2022,1,oak,wsh,0,-130,109,0.043686290825878826,0.5415587004185769,0.6232829085509248,https://www.oddsportal.com/american-football/usa/nfl-2021-2022/las-vegas-raiders-washington-commanders-SfQ8wFPE/
2021-12-05,2022,1,lar,jax,1,-833,550,0.04666501772611098,0.853012997243009,0.9563526227979559,https://www.oddsportal.com/american-football/usa/nfl-2021-2022/los-angeles-rams-jacksonville-jaguars-KjlxMnfs/
2021-12-05,2022,1,hou,ind,0,338,-442,0.04380865726465477,0.21872830877011737,0.15317630401530086,https://www.oddsportal.com/american-football/usa/nfl-2021-2022/houston-texans-indianapolis-colts-INsoOZPR/
2021-12-05,2022,1,mia,nyg,1,-313,248,0.04522557123375348,0.7250772180210886,0.5514573482714389,https://www.oddsportal.com/american-football/usa/nfl-2021-2022/miami-dolphins-new-york-giants-llwsPFAL/
2021-12-05,2022,1,atl,tb,0,389,-537,0.04751310623352678,0.19522331156353342,0.17057246224744388,https://www.oddsportal.com/american-football/usa/nfl-2021-2022/atlanta-falcons-tampa-bay-buccaneers-l4R4veA8/
2021-12-05,2022,1,chi,ari,0,288,-370,0.044966001316077975,0.2466414777497901,0.09516993657377187,https://www.oddsportal.com/american-football/usa/nfl-2021-2022/chicago-bears-arizona-cardinals-ALMPGiI1/
2021-12-05,2022,1,cin,lac,0,-146,121,0.04598462274215498,0.5674040727323885,0.47404328301397936,https://www.oddsportal.com/american-football/usa/nfl-2021-2022/cincinnati-bengals-los-angeles-chargers-lCLTFBX7/
2021-12-05,2022,1,det,min,1,253,-319,0.04462263449329651,0.27118512429857544,0.0,https://www.oddsportal.com/american-football/usa/nfl-2021-2022/detroit-lions-minnesota-vikings-KWTCJgYr/
2021-12-05,2022,1,nyj,phi,0,172,-208,0.042971734148204765,0.35249954220838675,0.3802171976310648,https://www.oddsportal.com/american-football/usa/nfl-2021-2022/new-york-jets-philadelphia-eagles-2eJHIDmk/
2021-12-02,2022,1,no,dal,0,235,-294,0.04470035608758227,0.2857350061643339,0.2921317782105465,https://www.oddsportal.com/american-football/usa/nfl-2021-2022/new-orleans-saints-dallas-cowboys-AcvwQeeF/
2021-11-29,2022,1,wsh,sea,1,107,-128,0.044495296211543245,0.4625121713729309,0.6393618930638331,https://www.oddsportal.com/american-football/usa/nfl-2021-2022/washington-commanders-seattle-seahawks-SYlYQyt9/
2021-11-28,2022,1,bal,cle,1,-163,135,0.04530377801148777,0.592910765420633,0.6552067794241523,https://www.oddsportal.com/american-football/usa/nfl-2021-2022/baltimore-ravens-cleveland-browns-GboURHQ2/
2021-11-28,2022,1,gb,lar,1,106,-127,0.04490825884264993,0.4645736973517253,0.5698654794785136,https://www.oddsportal.com/american-football/usa/nfl-2021-2022/green-bay-packers-los-angeles-rams-O4br4EYe/
2021-11-28,2022,1,sf,min,1,-191,161,0.039499150768258495,0.6314169548200783,0.4104264839248114,https://www.oddsportal.com/american-football/usa/nfl-2021-2022/san-francisco-49ers-minnesota-vikings-2ecn3Ym2/
2021-11-28,2022,1,den,lac,1,121,-147,0.04763038818766363,0.43191634462377815,0.27888693095284334,https://www.oddsportal.com/american-football/usa/nfl-2021-2022/denver-broncos-los-angeles-chargers-6T3w5fJk/
2021-11-28,2022,1,cin,pit,1,-180,150,0.04285714285714293,0.6164383561643836,0.45525322079796576,https://www.oddsportal.com/american-football/usa/nfl-2021-2022/cincinnati-bengals-pittsburgh-steelers-AcI7AGeS/
2021-11-28,2022,1,hou,nyj,0,-146,122,0.043946385409800115,0.5685118922332141,0.4160301198595957,https://www.oddsportal.com/american-football/usa/nfl-2021-2022/houston-texans-new-york-jets-t4BiEbd3/
2021-11-28,2022,1,ind,tb,0,128,-153,0.043339574232022615,0.42037750897248444,0.3409448312095744,https://www.oddsportal.com/american-football/usa/nfl-2021-2022/indianapolis-colts-tampa-bay-buccaneers-2DCmFvsc/
2021-11-28,2022,1,jax,atl,0,100,-120,0.045454545454545414,0.4782608695652174,0.18953787446214493,https://www.oddsportal.com/american-football/usa/nfl-2021-2022/jacksonville-jaguars-atlanta-falcons-Sx5Z5z4q/
2021-11-28,2022,1,mia,car,1,102,-122,0.044599054500044755,0.4739134147382802,0.48298890038889986,https://www.oddsportal.com/american-football/usa/nfl-2021-2022/miami-dolphins-carolina-panthers-EVObCxRF/
2021-11-28,2022,1,ne,ten,1,-316,248,0.04697170645446502,0.7255357331362821,0.3285722046566855,https://www.oddsportal.com/american-football/usa/nfl-2021-2022/new-england-patriots-tennessee-titans-dfE3BdtM/
2021-11-28,2022,1,nyg,phi,1,164,-195,0.039804827940421283,0.3642874783897258,0.3788324222518081,https://www.oddsportal.com/american-football/usa/nfl-2021-2022/new-york-giants-philadelphia-eagles-zuQfDIB9/
2021-11-25,2022,1,no,buf,0,198,-246,0.046553128758195284,0.32064351113911854,0.4806126448580196,https://www.oddsportal.com/american-football/usa/nfl-2021-2022/new-orleans-saints-buffalo-bills-08Y4je4d/
2021-11-25,2022,1,dal,oak,0,-323,253,0.04687949959482718,0.7293994971820444,0.7257100892125258,https://www.oddsportal.com/american-football/usa/nfl-2021-2022/dallas-cowboys-las-vegas-raiders-n5U0iykj/
2021-11-25,2022,1,det,chi,0,125,-151,0.04603806994245252,0.4248836225137536,0.0,https://www.oddsportal.com/american-football/usa/nfl-2021-2022/detroit-lions-chicago-bears-hrVdhHZq/
2021-11-22,2022,1,tb,nyg,1,-546,395,0.04722144041029486,0.8070893182429002,0.7872706996591075,https://www.oddsportal.com/american-football/usa/nfl-2021-2022/tampa-bay-buccaneers-new-york-giants-jZrVdcRS/
2021-11-21,2022,1,lac,pit,1,-273,222,0.04246249146587178,0.7020909541076307,0.46336975427223226,https://www.oddsportal.com/american-football/usa/nfl-2021-2022/los-angeles-chargers-pittsburgh-steelers-YclQcwCM/
2021-11-21,2022,1,kc,dal,1,-143,118,0.047192962585419274,0.5619569528067202,0.3860862711025721,https://www.oddsportal.com/american-football/usa/nfl-2021-2022/kansas-city-chiefs-dallas-cowboys-f7kMbJdG/
2021-11-21,2022,1,sea,ari,0,-224,183,0.04471491515072201,0.6617671621847335,0.09494046314008893,https://www.oddsportal.com/american-football/usa/nfl-2021-2022/seattle-seahawks-arizona-cardinals-0pjIaasA/
2021-11-21,2022,1,oak,cin,0,114,-138,0.04712165239927746,0.44626115652891324,0.5862074621127458,https://www.oddsportal.com/american-football/usa/nfl-2021-2022/las-vegas-raiders-cincinnati-bengals-lAnE0uS3/
2021-11-21,2022,1,buf,ind,0,-306,244,0.04439225569939276,0.7216585312345747,0.6577191355832709,https://www.oddsportal.com/american-football/usa/nfl-2021-2022/buffalo-bills-indianapolis-colts-t4PnpKsN/
2021-11-21,2022,1,car,wsh,0,-172,144,0.042189006750241065,0.6067545685866297,0.5724806720209948,https://www.oddsportal.com/american-football/usa/nfl-2021-2022/carolina-panthers-washington-commanders-nsQro0SG/
2021-11-21,2022,1,chi,bal,0,102,-121,0.04256081716768967,0.4748399295260195,0.22623004144045994,https://www.oddsportal.com/american-football/usa/nfl-2021-2022/chicago-bears-baltimore-ravens-6oc91LCc/
2021-11-21,2022,1,cle,det,1,-715,494,0.04565078184710103,0.8389996246617015,1.0,https://www.oddsportal.com/american-football/usa/nfl-2021-2022/cleveland-browns-detroit-lions-f7TjqvcT/
2021-11-21,2022,1,jax,sf,0,228,-286,0.045810691267534454,0.29152317080538936,0.08964213300707251,https://www.oddsportal.com/american-football/usa/nfl-2021-2022/jacksonville-jaguars-san-francisco-49ers-0l6Jvb5p/
2021-11-21,2022,1,min,gb,1,101,-121,0.04502375002813985,0.47607763727623276,0.14843363633556042,https://www.oddsportal.com/american-football/usa/nfl-2021-2022/minnesota-vikings-green-bay-packers-Sfb521ci/
2021-11-21,2022,1,nyj,mia,0,159,-189,0.040079624854711504,0.37122194962171323,0.47991106216015894,https://www.oddsportal.com/american-football/usa/nfl-2021-2022/new-york-jets-miami-dolphins-8jRvntDA/
2021-11-21,2022,1,phi,no,1,-155,129,0.04452435996232551,0.5819329453233871,0.27737420594764856,https://www.oddsportal.com/american-football/usa/nfl-2021-2022/philadelphia-eagles-new-orleans-saints-SvAsmMc4/
2021-11-21,2022,1,ten,hou,0,-476,358,0.044729500242600695,0.7910075179240079,0.9858452089995937,https://www.oddsportal.com/american-football/usa/nfl-2021-2022/tennessee-titans-houston-texans-vu5NwIKj/
2021-11-18,2022,1,atl,ne,0,278,-361,0.04763052485395214,0.2525224860044479,0.29758122217981886,https://www.oddsportal.com/american-football/usa/nfl-2021-2022/atlanta-falcons-new-england-patriots-llBwl2rb/
2021-11-15,2022,1,sf,lar,1,157,-183,0.0357481679063949,0.3756753527764134,0.09522002390890053,https://www.oddsportal.com/american-football/usa/nfl-2021-2022/san-francisco-49ers-los-angeles-rams-fFNxWTMC/
2021-11-14,2022,1,oak,kc,0,130,-152,0.03795721187025536,0.41888297872340424,0.47448978770827194,https://www.oddsportal.com/american-football/usa/nfl-2021-2022/las-vegas-raiders-kansas-city-chiefs-CjYXW976/
2021-11-14,2022,1,den,phi,0,-107,-111,0.042974563271287014,0.49560960618167443,0.7647661127935478,https://www.oddsportal.com/american-football/usa/nfl-2021-2022/denver-broncos-philadelphia-eagles-QZZPYVxf/
2021-11-14,2022,1,gb,sea,1,-178,152,0.037113166609569426,0.6173750275269765,0.8961298744597895,https://www.oddsportal.com/american-football/usa/nfl-2021-2022/green-bay-packers-seattle-seahawks-YaZTXkh0/
2021-11-14,2022,1,ari,car,0,-323,260,0.04137115839243499,0.7332576617480137,0.9704794418713002,https://www.oddsportal.com/american-football/usa/nfl-2021-2022/arizona-cardinals-carolina-panthers-nqyMZBNm/
2021-11-14,2022,1,lac,min,0,-188,160,0.03739316239316248,0.6292481977342945,0.8075585858911897,https://www.oddsportal.com/american-football/usa/nfl-2021-2022/los-angeles-chargers-minnesota-vikings-4KoHzh8s/
2021-11-14,2022,1,dal,atl,1,-353,282,0.04102955283566212,0.7485372975253406,0.8634663470044468,https://www.oddsportal.com/american-football/usa/nfl-2021-2022/dallas-cowboys-atlanta-falcons-vwEfJjw7/
2021-11-14,2022,1,ind,jax,1,-492,370,0.043847038527889515,0.7961713262636001,0.8812738213741543,https://www.oddsportal.com/american-football/usa/nfl-2021-2022/indianapolis-colts-jacksonville-jaguars-fodssfVD/
2021-11-14,2022,1,ne,cle,1,-137,117,0.03888856481751546,0.5564206704224298,0.41565381295188863,https://www.oddsportal.com/american-football/usa/nfl-2021-2022/new-england-patriots-cleveland-browns-SbfkuYaQ/
2021-11-14,2022,1,nyj,buf,0,544,-791,0.04304605753881119,0.14887118548915293,0.2554372489678815,https://www.oddsportal.com/american-football/usa/nfl-2021-2022/new-york-jets-buffalo-bills-YuBnLC8f/
2021-11-14,2022,1,ten,no,1,-153,132,0.03577756576257318,0.583854200934272,0.7826733418456763,https://www.oddsportal.com/american-football/usa/nfl-2021-2022/tennessee-titans-new-orleans-saints-ITCbIAhD/
2021-11-14,2022,1,wsh,tb,1,351,-462,0.04379354696167481,0.21242657675705506,0.09539371889619726,https://www.oddsportal.com/american-football/usa/nfl-2021-2022/washington-commanders-tampa-bay-buccaneers-pGEjKWN0/
2021-11-11,2022,1,mia,bal,1,323,-412,0.04109411938534269,0.2270751654278061,0.0600571357493749,https://www.oddsportal.com/american-football/usa/nfl-2021-2022/miami-dolphins-baltimore-ravens-jHLsMhgl/
2021-11-08,2022,0,pit,chi,1,-322,258,0.04236278429399776,0.7320226574208133,0.7230804567186746,https://www.oddsportal.com/american-football/usa/nfl-2021-2022/pittsburgh-steelers-chicago-bears-CQMwNYwr/
2021-11-07,2022,0,lar,ten,0,-357,280,0.044339513992859514,0.748014997794442,0.8448934424741622,https://www.oddsportal.com/american-football/usa/nfl-2021-2022/los-angeles-rams-tennessee-titans-KYUBREVQ/
2021-11-07,2022,0,kc,gb,1,-361,284,0.04349692697035423,0.7504384920205279,0.045928686320098604,https://www.oddsportal.com/american-football/usa/nfl-2021-2022/kansas-city-chiefs-green-bay-packers-bJt3Tz1E/
2021-11-07,2022,0,sf,ari,0,-237,196,0.0411019327933273,0.6754997496437238,0.020372478468577662,https://www.oddsportal.com/american-football/usa/nfl-2021-2022/san-francisco-49ers-arizona-cardinals-trW7SfGK/
2021-11-07,2022,0,phi,lac,0,-107,-112,0.04521009935283926,0.49454957704717883,0.15040875111854457,https://www.oddsportal.com/american-football/usa/nfl-2021-2022/philadelphia-eagles-los-angeles-chargers-pGxaUGo8/
2021-11-07,2022,0,bal,min,1,-316,254,0.04210126032159933,0.7289266538080592,0.7778858363969466,https://www.oddsportal.com/american-football/usa/nfl-2021-2022/baltimore-ravens-minnesota-vikings-hnL89F9r/
2021-11-07,2022,0,car,ne,0,154,-179,0.03527784833347436,0.3802851457078211,0.3353243825992343,https://www.oddsportal.com/american-football/usa/nfl-2021-2022/carolina-panthers-new-england-patriots-GQTtEe1R/
2021-11-07,2022,0,cin,cle,0,-131,111,0.04103321638866664,0.5447468516584222,0.595449623517296,https://www.oddsportal.com/american-football/usa/nfl-2021-2022/cincinnati-bengals-cleveland-browns-n9KC8ZOl/
2021-11-07,2022,0,dal,den,0,-477,360,0.04408107904453318,0.7917869515011547,0.9248139613601072,https://www.oddsportal.com/american-football/usa/nfl-2021-2022/dallas-cowboys-denver-broncos-Y1vxFynL/
2021-11-07,2022,0,jax,buf,1,752,-1200,0.04044781509570239,0.11280805275945853,0.0,https://www.oddsportal.com/american-football/usa/nfl-2021-2022/jacksonville-jaguars-buffalo-bills-QaJG7gve/
2021-11-07,2022,0,mia,hou,1,-188,162,0.03445716709075497,0.6310341293430357,0.9883594569432248,https://www.oddsportal.com/american-football/usa/nfl-2021-2022/miami-dolphins-houston-texans-hMkD6Dg1/
2021-11-07,2022,0,no,atl,0,-288,234,0.041669238841903766,0.7125755600331872,0.9575664305387185,https://www.oddsportal.com/american-football/usa/nfl-2021-2022/new-orleans-saints-atlanta-falcons-fBuYFHWE/
2021-11-07,2022,0,nyg,oak,1,130,-152,0.03795721187025536,0.41888297872340424,0.08272051310192059,https://www.oddsportal.com/american-football/usa/nfl-2021-2022/new-york-giants-las-vegas-raiders-WClH5X87/
2021-11-04,2022,0,ind,nyj,1,-517,390,0.0420070783580857,0.8041456369234675,0.4312881565540065,https://www.oddsportal.com/american-football/usa/nfl-2021-2022/indianapolis-colts-new-york-jets-QyyUGcH8/
2021-11-01,2022,0,kc,nyg,1,-502,377,0.04353064905938986,0.799101630547231,0.716495055519423,https://www.oddsportal.com/american-football/usa/nfl-2021-2022/kansas-city-chiefs-new-york-giants-noxQHw22/
2021-10-31,2022,0,min,dal,0,-164,138,0.04138018843901192,0.5965276928719893,0.04861397451947285,https://www.oddsportal.com/american-football/usa/nfl-2021-2022/minnesota-vikings-dallas-cowboys-rDBq9ob2/
2021-10-31,2022,0,den,wsh,1,-187,154,0.045268731652445826,0.623349694217696,0.5743422499777479,https://www.oddsportal.com/american-football/usa/nfl-2021-2022/denver-broncos-washington-commanders-xG8yB7Tk/
2021-10-31,2022,0,no,tb,1,167,-200,0.041198501872659055,0.35971223021582743,0.0186713486578115,https://www.oddsportal.com/american-football/usa/nfl-2021-2022/new-orleans-saints-tampa-bay-buccaneers-Wx8uARrd/
2021-10-31,2022,0,lac,ne,0,-203,170,0.04033736707004021,0.6439901304194573,0.9878464870102688,https://www.oddsportal.com/american-football/usa/nfl-2021-2022/los-angeles-chargers-new-england-patriots-rFj3TFqH/
2021-10-31,2022,0,sea,jax,1,-190,159,0.04127279989348942,0.6292034266717812,1.0,https://www.oddsportal.com/american-football/usa/nfl-2021-2022/seattle-seahawks-jacksonville-jaguars-bP9XBmEq/
2021-10-31,2022,0,atl,car,0,-138,116,0.0427948957360722,0.55603641247575,0.5115405208567085,https://www.oddsportal.com/american-football/usa/nfl-2021-2022/atlanta-falcons-carolina-panthers-A1heVyF4/
2021-10-31,2022,0,buf,mia,1,-1028,660,0.04292646509891762,0.8738367931281317,0.9469128529283637,https://www.oddsportal.com/american-football/usa/nfl-2021-2022/buffalo-bills-miami-dolphins-4OiaUeUA/
2021-10-31,2022,0,chi,sf,0,170,-207,0.04463747134756901,0.3545444046656658,0.9803190057329887,https://www.oddsportal.com/american-football/usa/nfl-2021-2022/chicago-bears-san-francisco-49ers-dbliWHab/
2021-10-31,2022,0,cle,pit,0,-220,182,0.04210992907801425,0.659719268396427,0.5466047923422324,https://www.oddsportal.com/american-football/usa/nfl-2021-2022/cleveland-browns-pittsburgh-steelers-zq0rYwVo/
2021-10-31,2022,0,det,phi,0,145,-171,0.0391595752692222,0.392782085658381,0.0,https://www.oddsportal.com/american-football/usa/nfl-2021-2022/detroit-lions-philadelphia-eagles-EZbnXcph/
2021-10-31,2022,0,hou,lar,0,714,-1180,0.04472512285012287,0.11759085731084408,1.1154536500933675e-05,https://www.oddsportal.com/american-football/usa/nfl-2021-2022/houston-texans-los-angeles-rams-8xC09fho/
2021-10-31,2022,0,ind,ten,0,-141,120,0.03960769520935492,0.5627721335268505,0.10776753250921561,https://www.oddsportal.com/american-football/usa/nfl-2021-2022/indianapolis-colts-tennessee-titans-6TPYDzpU/
2021-10-31,2022,0,nyj,cin,1,396,-526,0.04186849428011952,0.19351089348863665,0.005841411603065131,https://www.oddsportal.com/american-football/usa/nfl-2021-2022/new-york-jets-cincinnati-bengals-O4zUEGUN/
2021-10-28,2022,0,ari,gb,0,-288,229,0.046219409018268376,0.7094764586078831,0.9926341910480608,https://www.oddsportal.com/american-football/usa/nfl-2021-2022/arizona-cardinals-green-bay-packers-A1WPFdFH/
2021-10-25,2022,0,sea,no,0,198,-238,0.03971248163297725,0.3227531415912303,0.49915525048167886,https://www.oddsportal.com/american-football/usa/nfl-2021-2022/seattle-seahawks-new-orleans-saints-GvXLGx0B/
2021-10-24,2022,0,sf,ind,0,-174,147,0.03989479594550671,0.6106737901048623,0.7203448194900873,https://www.oddsportal.com/american-football/usa/nfl-2021-2022/san-francisco-49ers-indianapolis-colts-xlYHHIp5/
2021-10-24,2022,0,ari,hou,1,-2223,1083,0.04148307072244961,0.9188360750761064,0.9999996588666139,https://www.oddsportal.com/american-football/usa/nfl-2021-2022/arizona-cardinals-houston-texans-tMv9JvGh/
2021-10-24,2022,0,tb,chi,1,-690,484,0.04465059823131612,0.83608598223919,0.947419416448032,https://www.oddsportal.com/american-football/usa/nfl-2021-2022/tampa-bay-buccaneers-chicago-bears-KCwDIbVb/
2021-10-24,2022,0,oak,phi,1,-109,-109,0.04306220095693769,0.5,0.948879204698705,https://www.oddsportal.com/american-football/usa/nfl-2021-2022/las-vegas-raiders-philadelphia-eagles-nau5KK0n/
2021-10-24,2022,0,lar,det,1,-1291,785,0.04110362418615221,0.8914667592567307,1.0,https://www.oddsportal.com/american-football/usa/nfl-2021-2022/los-angeles-rams-detroit-lions-lEM1L0ot/
2021-10-24,2022,0,bal,cin,0,-278,224,0.04409171075837737,0.704391891891892,0.8178545706245322,https://www.oddsportal.com/american-football/usa/nfl-2021-2022/baltimore-ravens-cincinnati-bengals-Ojee0HFU/
2021-10-24,2022,0,gb,wsh,1,-435,328,0.04672897196261672,0.7767857142857143,0.975054796346533,https://www.oddsportal.com/american-football/usa/nfl-2021-2022/green-bay-packers-washington-commanders-GQim2woI/
2021-10-24,2022,0,mia,atl,0,105,-126,0.045327001942585765,0.466652901094363,0.5133375633022138,https://www.oddsportal.com/american-football/usa/nfl-2021-2022/miami-dolphins-atlanta-falcons-p0di1c0O/
2021-10-24,2022,0,ne,nyj,1,-336,264,0.04536747656013729,0.7371974153727456,0.4388557332966795,https://www.oddsportal.com/american-football/usa/nfl-2021-2022/new-england-patriots-new-york-jets-fB3v4aG5/
2021-10-24,2022,0,nyg,car,1,129,-153,0.04142430571137612,0.4193115335532095,0.15406467659900458,https://www.oddsportal.com/american-football/usa/nfl-2021-2022/new-york-giants-carolina-panthers-t8az5u1a/
2021-10-24,2022,0,ten,kc,1,168,-203,0.04310132505787889,0.35771628258405747,0.3466201782117008,https://www.oddsportal.com/american-football/usa/nfl-2021-2022/tennessee-titans-kansas-city-chiefs-xzgq3JVB/
2021-10-21,2022,0,cle,den,1,-125,105,0.04336043360433606,0.5324675324675325,0.8745720854833121,https://www.oddsportal.com/american-football/usa/nfl-2021-2022/cleveland-browns-denver-broncos-no0W5Log/
2021-10-18,2022,0,ten,buf,1,214,-261,0.041463027330310265,0.30579226455689773,0.060861349380757,https://www.oddsportal.com/american-football/usa/nfl-2021-2022/tennessee-titans-buffalo-bills-8f1S61Wn/
2021-10-17,2022,0,pit,sea,1,-228,188,0.042344173441734245,0.6668833279168022,0.8652957086835941,https://www.oddsportal.com/american-football/usa/nfl-2021-2022/pittsburgh-steelers-seattle-seahawks-SrpV7sHt/
2021-10-17,2022,0,den,oak,0,-212,175,0.04312354312354305,0.6513966480446928,0.06234631398598622,https://www.oddsportal.com/american-football/usa/nfl-2021-2022/denver-broncos-las-vegas-raiders-CW9LmvWO/
2021-10-17,2022,0,ne,dal,0,164,-193,0.03749095046023365,0.3650999352041071,0.0007547298363672165,https://www.oddsportal.com/american-football/usa/nfl-2021-2022/new-england-patriots-dallas-cowboys-QZc3CN8P/
2021-10-17,2022,0,cle,ari,0,-151,127,0.04212225985924145,0.5772773969718915,0.0013962379002406156,https://www.oddsportal.com/american-football/usa/nfl-2021-2022/cleveland-browns-arizona-cardinals-bT5HlKGI/
2021-10-17,2022,0,ind,hou,1,-548,406,0.04330747084370268,0.8105750567105541,0.9856075664674496,https://www.oddsportal.com/american-football/usa/nfl-2021-2022/indianapolis-colts-houston-texans-nPOegr2m/
2021-10-17,2022,0,nyg,lar,0,278,-358,0.04620965319655279,0.2528654402508778,0.00017341218803228588,https://www.oddsportal.com/american-football/usa/nfl-2021-2022/new-york-giants-los-angeles-rams-zkLifOns/
2021-10-17,2022,0,wsh,kc,0,235,-294,0.04470035608758227,0.2857350061643339,0.12999959177761952,https://www.oddsportal.com/american-football/usa/nfl-2021-2022/washington-commanders-kansas-city-chiefs-I9YPb4vQ/
2021-10-17,2022,0,bal,lac,1,-161,137,0.038799165817934966,0.5938185722956253,0.12202738799701826,https://www.oddsportal.com/american-football/usa/nfl-2021-2022/baltimore-ravens-los-angeles-chargers-xEH8jtn6/
2021-10-17,2022,0,car,min,0,114,-135,0.04175780473255131,0.448558885283451,0.5454426600387235,https://www.oddsportal.com/american-football/usa/nfl-2021-2022/carolina-panthers-minnesota-vikings-G4GCk01C/
2021-10-17,2022,0,chi,gb,0,191,-234,0.04424141407905835,0.32908349262025344,0.7322580748764043,https://www.oddsportal.com/american-football/usa/nfl-2021-2022/chicago-bears-green-bay-packers-8vD4iMWa/
2021-10-17,2022,0,det,cin,0,163,-195,0.041245086034671585,0.3651668007674692,0.0,https://www.oddsportal.com/american-football/usa/nfl-2021-2022/detroit-lions-cincinnati-bengals-UmE0h2Hg/
2021-10-14,2022,0,phi,tb,0,243,-303,0.043406231687995955,0.27941676084559974,0.0025964544296197085,https://www.oddsportal.com/american-football/usa/nfl-2021-2022/philadelphia-eagles-tampa-bay-buccaneers-21jwy1nJ/
2021-10-11,2022,0,bal,ind,1,-367,287,0.04426517050390366,0.7525552511802638,0.9855579832648763,https://www.oddsportal.com/american-football/usa/nfl-2021-2022/baltimore-ravens-indianapolis-colts-OAiZysXC/
2021-10-10,2022,0,kc,buf,0,-145,123,0.040267227967420105,0.5689275974311604,0.9788350662648655,https://www.oddsportal.com/american-football/usa/nfl-2021-2022/kansas-city-chiefs-buffalo-bills-UmhVxNH6/
2021-10-10,2022,0,ari,sf,1,-264,214,0.043746062854343126,0.6948766094420601,0.9999924707613735,https://www.oddsportal.com/american-football/usa/nfl-2021-2022/arizona-cardinals-san-francisco-49ers-YLbMvqmf/
2021-10-10,2022,0,dal,nyg,1,-336,266,0.043866245550709504,0.7382576121410046,0.999803946384306,https://www.oddsportal.com/american-football/usa/nfl-2021-2022/dallas-cowboys-new-york-giants-GplRw320/
2021-10-10,2022,0,oak,chi,0,-248,202,0.04376950597548923,0.682759626604434,0.9441710646758367,https://www.oddsportal.com/american-football/usa/nfl-2021-2022/las-vegas-raiders-chicago-bears-fVaIuPXm/
2021-10-10,2022,0,lac,cle,1,-135,114,0.04175780473255131,0.551441114716549,0.9459541941959972,https://www.oddsportal.com/american-football/usa/nfl-2021-2022/los-angeles-chargers-cleveland-browns-0foFt5Is/
2021-10-10,2022,0,car,phi,0,-143,121,0.040966054037949506,0.5653184981128025,0.9944037270054671,https://www.oddsportal.com/american-football/usa/nfl-2021-2022/carolina-panthers-philadelphia-eagles-t6YtaDY8/
2021-10-10,2022,0,cin,gb,0,113,-134,0.04213314072468988,0.4505024835393324,0.856092889566134,https://www.oddsportal.com/american-football/usa/nfl-2021-2022/cincinnati-bengals-green-bay-packers-EateyAt2/
2021-10-10,2022,0,hou,ne,0,293,-374,0.04348246207363027,0.24384973917338026,0.16772254761179903,https://www.oddsportal.com/american-football/usa/nfl-2021-2022/houston-texans-new-england-patriots-IXnnwWBk/
2021-10-10,2022,0,jax,ten,0,172,-207,0.04191415980072799,0.3528573398924188,0.0,https://www.oddsportal.com/american-football/usa/nfl-2021-2022/jacksonville-jaguars-tennessee-titans-OUNobXmF/
2021-10-10,2022,0,min,det,1,-445,341,0.043271131082402325,0.7826477098247223,1.0,https://www.oddsportal.com/american-football/usa/nfl-2021-2022/minnesota-vikings-detroit-lions-M11GrhlS/
2021-10-10,2022,0,pit,den,1,106,-126,0.04295901709768879,0.4654419639179504,0.09756336442778489,https://www.oddsportal.com/american-football/usa/nfl-2021-2022/pittsburgh-steelers-denver-broncos-S2Ux0gJ2/
2021-10-10,2022,0,tb,mia,1,-607,440,0.04374246948504368,0.8225757879943787,0.9999385593297611,https://www.oddsportal.com/american-football/usa/nfl-2021-2022/tampa-bay-buccaneers-miami-dolphins-z9sixjRe/
2021-10-10,2022,0,wsh,no,0,117,-138,0.04066142586066679,0.44282365199270646,0.5127758790471683,https://www.oddsportal.com/american-football/usa/nfl-2021-2022/washington-commanders-new-orleans-saints-vslrvCdq/
2021-10-07,2022,0,sea,lar,0,119,-141,0.041683245230110355,0.4383491878717329,6.17815404470297e-05,https://www.oddsportal.com/american-football/usa/nfl-2021-2022/seattle-seahawks-los-angeles-rams-S287pEJF/
2021-10-04,2022,0,lac,oak,1,-173,146,0.040203698740284066,0.6092072489908099,0.015093914620794811,https://www.oddsportal.com/american-football/usa/nfl-2021-2022/los-angeles-chargers-las-vegas-raiders-lC93of49/
2021-10-03,2022,0,ne,tb,0,223,-276,0.04364007641130363,0.2966516236942595,4.422598902826119e-07,https://www.oddsportal.com/american-football/usa/nfl-2021-2022/new-england-patriots-tampa-bay-buccaneers-Kx5anzk3/
2021-10-03,2022,0,den,bal,0,-121,102,0.04256081716768967,0.5251600704739805,0.09366704397611396,https://www.oddsportal.com/american-football/usa/nfl-2021-2022/denver-broncos-baltimore-ravens-tn6emGZd/
2021-10-03,2022,0,gb,pit,1,-267,217,0.04297784921651382,0.697541598331946,0.95042999870121,https://www.oddsportal.com/american-football/usa/nfl-2021-2022/green-bay-packers-pittsburgh-steelers-vsSCOWdd/
2021-10-03,2022,0,lar,ari,0,-207,172,0.04191415980072799,0.6471426601075813,0.9844628862293291,https://www.oddsportal.com/american-football/usa/nfl-2021-2022/los-angeles-rams-arizona-cardinals-QwO8PCsj/
2021-10-03,2022,0,sf,sea,0,-138,117,0.04066142586066679,0.5571763480072937,0.9962609398658012,https://www.oddsportal.com/american-football/usa/nfl-2021-2022/san-francisco-49ers-seattle-seahawks-WGO4QhSq/
2021-10-03,2022,0,atl,wsh,0,105,-125,0.04336043360433606,0.4675324675324675,0.2093162545686812,https://www.oddsportal.com/american-football/usa/nfl-2021-2022/atlanta-falcons-washington-commanders-U7xwVYJS/
2021-10-03,2022,0,buf,hou,1,-2002,985,0.044592159321602765,0.9117685330154427,0.5827103683273962,https://www.oddsportal.com/american-football/usa/nfl-2021-2022/buffalo-bills-houston-texans-A5MyXfkG/
2021-10-03,2022,0,chi,det,1,-152,128,0.04177109440267324,0.578989574979952,1.0,https://www.oddsportal.com/american-football/usa/nfl-2021-2022/chicago-bears-detroit-lions-GrNXXzzA/
2021-10-03,2022,0,dal,car,1,-213,177,0.04152201243353604,0.653381468643758,0.09680418899692245,https://www.oddsportal.com/american-football/usa/nfl-2021-2022/dallas-cowboys-carolina-panthers-tQUKzwji/
2021-10-03,2022,0,mia,ind,0,-149,125,0.04283801874163329,0.5738125802310654,1.0,https://www.oddsportal.com/american-football/usa/nfl-2021-2022/miami-dolphins-indianapolis-colts-ldLuWE4M/
2021-10-03,2022,0,min,cle,0,-108,-110,0.04304029304029311,0.4978050921861282,0.011542098193556269,https://www.oddsportal.com/american-football/usa/nfl-2021-2022/minnesota-vikings-cleveland-browns-2uJTYGK3/
2021-10-03,2022,0,no,nyg,0,-345,273,0.04337741362171288,0.7430493403008344,1.0,https://www.oddsportal.com/american-football/usa/nfl-2021-2022/new-orleans-saints-new-york-giants-KGTOZd5c/
2021-10-03,2022,0,nyj,ten,1,205,-252,0.043777943368107364,0.31411743708727463,0.0,https://www.oddsportal.com/american-football/usa/nfl-2021-2022/new-york-jets-tennessee-titans-EJxZCZcp/
2021-10-03,2022,0,phi,kc,0,280,-360,0.04576659038901609,0.25164113785557984,0.002343371642088934,https://www.oddsportal.com/american-football/usa/nfl-2021-2022/philadelphia-eagles-kansas-city-chiefs-hAywCgDj/
2021-09-30,2022,0,cin,jax,1,-345,270,0.045551169146674786,0.7415045018878884,1.0,https://www.oddsportal.com/american-football/usa/nfl-2021-2022/cincinnati-bengals-jacksonville-jaguars-8x06HFkT/
2021-09-27,2022,0,dal,phi,1,-188,159,0.038878163878163896,0.6283487327724152,0.9997909271150648,https://www.oddsportal.com/american-football/usa/nfl-2021-2022/dallas-cowboys-philadelphia-eagles-Ais3IezN/
2021-09-26,2022,0,sf,gb,0,-180,153,0.038114059853190385,0.6192548273048681,0.9993212703053119,https://www.oddsportal.com/american-football/usa/nfl-2021-2022/san-francisco-49ers-green-bay-packers-GUsaJyLG/
2021-09-26,2022,0,lar,tb,1,-109,-109,0.04306220095693769,0.5,0.22594463169156853,https://www.oddsportal.com/american-football/usa/nfl-2021-2022/los-angeles-rams-tampa-bay-buccaneers-xvqeKH5A/
2021-09-26,2022,0,min,sea,1,103,-123,0.04418034416488115,0.4717679663204214,0.0,https://www.oddsportal.com/american-football/usa/nfl-2021-2022/minnesota-vikings-seattle-seahawks-K2ljLcj4/
2021-09-26,2022,0,den,nyj,1,-625,454,0.04257438067969632,0.8268656716417909,1.0,https://www.oddsportal.com/american-football/usa/nfl-2021-2022/denver-broncos-new-york-jets-nkjrNJLi/
2021-09-26,2022,0,oak,mia,1,-190,159,0.04127279989348942,0.6292034266717812,0.9999771545448508,https://www.oddsportal.com/american-football/usa/nfl-2021-2022/las-vegas-raiders-miami-dolphins-tCknMwyb/
2021-09-26,2022,0,cle,chi,1,-381,296,0.044625044625044685,0.7582623029913155,0.05907017962626851,https://www.oddsportal.com/american-football/usa/nfl-2021-2022/cleveland-browns-chicago-bears-rHNL5IjH/
2021-09-26,2022,0,det,bal,0,296,-381,0.044625044625044685,0.24173769700868447,0.0,https://www.oddsportal.com/american-football/usa/nfl-2021-2022/detroit-lions-baltimore-ravens-M7MP4x6N/
2021-09-26,2022,0,kc,lac,0,-299,240,0.04349108064278351,0.7181407177168692,0.9290285164130697,https://www.oddsportal.com/american-football/usa/nfl-2021-2022/kansas-city-chiefs-los-angeles-chargers-nkUC7vM4/
2021-09-26,2022,0,nyg,atl,0,-145,123,0.040267227967420105,0.5689275974311604,,https://www.oddsportal.com/american-football/usa/nfl-2021-2022/new-york-giants-atlanta-falcons-hSU88K6b/
2021-09-26,2022,0,pit,cin,0,-138,117,0.04066142586066679,0.5571763480072937,0.9998200741658099,https://www.oddsportal.com/american-football/usa/nfl-2021-2022/pittsburgh-steelers-cincinnati-bengals-0hYG6byB/
2021-09-26,2022,0,ten,ind,1,-214,176,0.043847503000092214,0.6529006013441812,1.0,https://www.oddsportal.com/american-football/usa/nfl-2021-2022/tennessee-titans-indianapolis-colts-EyW490ih/
2021-09-26,2022,0,buf,wsh,1,-339,269,0.04321227722527787,0.74022285210455,0.9987501835420771,https://www.oddsportal.com/american-football/usa/nfl-2021-2022/buffalo-bills-washington-commanders-YonvOa6o/
2021-09-26,2022,0,jax,ari,0,302,-385,0.0425706518951634,0.23859890785654547,0.0,https://www.oddsportal.com/american-football/usa/nfl-2021-2022/jacksonville-jaguars-arizona-cardinals-Wt8eaGTp/
2021-09-26,2022,0,ne,no,0,-150,126,0.04247787610619458,0.5755517826825127,0.00229429906919791,https://www.oddsportal.com/american-football/usa/nfl-2021-2022/new-england-patriots-new-orleans-saints-UXLT3dLT/
2021-09-23,2022,0,hou,car,0,329,-430,0.044420987817214375,0.2231860866635785,2.5656979467257896e-05,https://www.oddsportal.com/american-football/usa/nfl-2021-2022/houston-texans-carolina-panthers-d0y0Atxn/
2021-09-20,2022,0,gb,det,1,-589,432,0.042832043825092425,0.8197505284527323,,https://www.oddsportal.com/american-football/usa/nfl-2021-2022/green-bay-packers-detroit-lions-I9xdBMMu/
2021-09-19,2022,0,bal,kc,1,156,-186,0.04097465034965042,0.3752492914873517,0.0,https://www.oddsportal.com/american-football/usa/nfl-2021-2022/baltimore-ravens-kansas-city-chiefs-6XPl3PUI/
2021-09-19,2022,0,lac,dal,0,-159,135,0.039431528793230974,0.5906109223109144,1.0,https://www.oddsportal.com/american-football/usa/nfl-2021-2022/los-angeles-chargers-dallas-cowboys-fcMp45FC/
2021-09-19,2022,0,sea,ten,0,-282,225,0.04591220298026588,0.7058144012321909,1.0,https://www.oddsportal.com/american-football/usa/nfl-2021-2022/seattle-seahawks-tennessee-titans-CYWu5o06/
2021-09-19,2022,0,ari,min,1,-195,163,0.041245086034671585,0.6348331992325309,1.0,https://www.oddsportal.com/american-football/usa/nfl-2021-2022/arizona-cardinals-minnesota-vikings-48TX67Vg/
2021-09-19,2022,0,tb,atl,1,-816,543,0.0463506896575141,0.8513681914948856,1.0,https://www.oddsportal.com/american-football/usa/nfl-2021-2022/tampa-bay-buccaneers-atlanta-falcons-YsYy6Rp0/
2021-09-19,2022,0,car,no,1,126,-150,0.04247787610619458,0.42444821731748733,0.5,https://www.oddsportal.com/american-football/usa/nfl-2021-2022/carolina-panthers-new-orleans-saints-QHUT7mGm/
2021-09-19,2022,0,chi,cin,1,-128,108,0.04217273954116063,0.5386856587892521,0.0,https://www.oddsportal.com/american-football/usa/nfl-2021-2022/chicago-bears-cincinnati-bengals-6XmcD9hQ/
2021-09-19,2022,0,cle,hou,1,-741,508,0.04556762000125181,0.8426943594424533,0.0,https://www.oddsportal.com/american-football/usa/nfl-2021-2022/cleveland-browns-houston-texans-rguP8T0s/
2021-09-19,2022,0,ind,lar,0,171,-205,0.04113483757788394,0.35442449596188486,0.0,https://www.oddsportal.com/american-football/usa/nfl-2021-2022/indianapolis-colts-los-angeles-rams-YJkkFVND/
2021-09-19,2022,0,jax,den,0,214,-263,0.04298924391570602,0.30534479567974965,0.0,https://www.oddsportal.com/american-football/usa/nfl-2021-2022/jacksonville-jaguars-denver-broncos-Czp98ak1/
2021-09-19,2022,0,mia,buf,0,157,-185,0.038227865383302584,0.37477809191925837,1.0,https://www.oddsportal.com/american-football/usa/nfl-2021-2022/miami-dolphins-buffalo-bills-6cqD7J47/
2021-09-19,2022,0,nyj,ne,0,197,-241,0.043445204735527376,0.32268137816175707,,https://www.oddsportal.com/american-football/usa/nfl-2021-2022/new-york-jets-new-england-patriots-bXu59uze/
2021-09-19,2022,0,phi,sf,0,126,-149,0.04087145040338358,0.42510328814832515,0.5,https://www.oddsportal.com/american-football/usa/nfl-2021-2022/philadelphia-eagles-san-francisco-49ers-plrH6wKD/
2021-09-19,2022,0,pit,oak,0,-230,190,0.04179728317659359,0.6690070210631895,0.5,https://www.oddsportal.com/american-football/usa/nfl-2021-2022/pittsburgh-steelers-las-vegas-raiders-CAlgEkwK/
2021-09-16,2022,0,wsh,nyg,1,-204,170,0.041423001949317584,0.6443612540945252,,https://www.oddsportal.com/american-football/usa/nfl-2021-2022/washington-commanders-new-york-giants-G8j0ALKl/
2021-09-13,2022,0,oak,bal,1,144,-170,0.03946569520340004,0.3942757009345795,,https://www.oddsportal.com/american-football/usa/nfl-2021-2022/las-vegas-raiders-baltimore-ravens-xIidB15r/
2021-09-12,2022,0,lar,chi,1,-430,328,0.0449656145300652,0.776409044886939,,https://www.oddsportal.com/american-football/usa/nfl-2021-2022/los-angeles-rams-chicago-bears-pQaUFscR/
2021-09-12,2022,0,kc,cle,1,-241,197,0.043445204735527376,0.677318621838243,,https://www.oddsportal.com/american-football/usa/nfl-2021-2022/kansas-city-chiefs-cleveland-browns-bXJZg0z8/
2021-09-12,2022,0,ne,mia,0,-178,150,0.04028776978417259,0.6154910096818811,,https://www.oddsportal.com/american-football/usa/nfl-2021-2022/new-england-patriots-miami-dolphins-Cz8HIqD8/
2021-09-12,2022,0,no,gb,1,160,-188,0.03739316239316248,0.3707518022657054,,https://www.oddsportal.com/american-football/usa/nfl-2021-2022/new-orleans-saints-green-bay-packers-OABLH3SE/
2021-09-12,2022,0,nyg,den,0,119,-142,0.043397864070342296,0.43762884733625085,,https://www.oddsportal.com/american-football/usa/nfl-2021-2022/new-york-giants-denver-broncos-6Z0QGNsL/
2021-09-12,2022,0,atl,phi,0,-178,150,0.04028776978417259,0.6154910096818811,,https://www.oddsportal.com/american-football/usa/nfl-2021-2022/atlanta-falcons-philadelphia-eagles-p0lz66T2/
2021-09-12,2022,0,buf,pit,0,-276,224,0.04268452850013138,0.7039929462148885,,https://www.oddsportal.com/american-football/usa/nfl-2021-2022/buffalo-bills-pittsburgh-steelers-Ojmv5Qr9/
2021-09-12,2022,0,car,nyj,1,-183,155,0.038799972285734174,0.6224904955645968,,https://www.oddsportal.com/american-football/usa/nfl-2021-2022/carolina-panthers-new-york-jets-WGnr4pbF/
2021-09-12,2022,0,cin,min,1,126,-149,0.04087145040338358,0.42510328814832515,,https://www.oddsportal.com/american-football/usa/nfl-2021-2022/cincinnati-bengals-minnesota-vikings-A7on34DL/
2021-09-12,2022,0,det,sf,0,331,-435,0.04510267363445153,0.22200551901570637,,https://www.oddsportal.com/american-football/usa/nfl-2021-2022/detroit-lions-san-francisco-49ers-hWzi2OSR/
2021-09-12,2022,0,hou,jax,1,146,-174,0.04154056139101536,0.390291151501339,,https://www.oddsportal.com/american-football/usa/nfl-2021-2022/houston-texans-jacksonville-jaguars-UiSIcryq/
2021-09-12,2022,0,ind,sea,0,127,-152,0.0437032375358366,0.4220822725445531,,https://www.oddsportal.com/american-football/usa/nfl-2021-2022/indianapolis-colts-seattle-seahawks-OERMd2jk/
2021-09-12,2022,0,ten,ari,0,-149,126,0.04087145040338358,0.5748967118516747,,https://www.oddsportal.com/american-football/usa/nfl-2021-2022/tennessee-titans-arizona-cardinals-25QQeM5e/
2021-09-12,2022,0,wsh,lac,0,-132,111,0.04289916653047898,0.5455613883883099,,https://www.oddsportal.com/american-football/usa/nfl-2021-2022/washington-commanders-los-angeles-chargers-KtLVftL1/
2021-09-09,2022,0,tb,dal,1,-450,339,0.04597225098364044,0.7822213423084539,,https://www.oddsportal.com/american-football/usa/nfl-2021-2022/tampa-bay-buccaneers-dallas-cowboys-reAisNj2/
2021-01-03,2021,1,phi,wsh,0,231,-288,0.044382844862491,0.2892759155433616,0.4493821528780835,https://www.oddsportal.com/american-football/usa/nfl-2020-2021/philadelphia-eagles-washington-commanders-dQvFzfyr/
2021-01-03,2021,1,car,no,0,212,-263,0.04503072684890874,0.30670181486363174,0.13074425723058217,https://www.oddsportal.com/american-football/usa/nfl-2020-2021/carolina-panthers-new-orleans-saints-jPXNYX5f/
2021-01-03,2021,1,chi,gb,0,177,-218,0.04654542151987817,0.3449547653656738,0.211308662415955,https://www.oddsportal.com/american-football/usa/nfl-2020-2021/chicago-bears-green-bay-packers-G6JuMfMl/
2021-01-03,2021,1,den,oak,0,124,-149,0.044822145725760265,0.4272770952021415,0.3531169782307998,https://www.oddsportal.com/american-football/usa/nfl-2020-2021/denver-broncos-las-vegas-raiders-bkyWWBz7/
2021-01-03,2021,1,hou,ten,0,266,-336,0.043866245550709504,0.2617423878589953,0.1044910972790965,https://www.oddsportal.com/american-football/usa/nfl-2020-2021/houston-texans-tennessee-titans-UFWRXiL0/
2021-01-03,2021,1,ind,jax,1,-1334,783,0.04351527615220707,0.8914723284710314,0.9735254980129618,https://www.oddsportal.com/american-football/usa/nfl-2020-2021/indianapolis-colts-jacksonville-jaguars-4Sazrxq8/
2021-01-03,2021,1,kc,lac,0,241,-303,0.045116174148432275,0.2805957263112454,0.9728738956517413,https://www.oddsportal.com/american-football/usa/nfl-2020-2021/kansas-city-chiefs-los-angeles-chargers-rJbvsdbE/
2021-01-03,2021,1,lar,ari,1,-120,100,0.045454545454545414,0.5217391304347826,0.6137528900597296,https://www.oddsportal.com/american-football/usa/nfl-2020-2021/los-angeles-rams-arizona-cardinals-xtzzWVkD/
2021-01-03,2021,1,sf,sea,0,275,-348,0.04345238095238102,0.25556189389617795,0.21879673702307,https://www.oddsportal.com/american-football/usa/nfl-2020-2021/san-francisco-49ers-seattle-seahawks-voEIfFSD/
2021-01-03,2021,1,buf,mia,1,144,-170,0.03946569520340004,0.3942757009345795,0.7577038737785174,https://www.oddsportal.com/american-football/usa/nfl-2020-2021/buffalo-bills-miami-dolphins-8tKyNz7r/
2021-01-03,2021,1,cin,bal,0,615,-953,0.04489337822671158,0.13385111129472033,0.1168367347120883,https://www.oddsportal.com/american-football/usa/nfl-2020-2021/cincinnati-bengals-baltimore-ravens-fcIqLEye/
2021-01-03,2021,1,cle,pit,1,-460,352,0.04266750948166864,0.7878144892391634,0.27478618618705364,https://www.oddsportal.com/american-football/usa/nfl-2020-2021/cleveland-browns-pittsburgh-steelers-xM7lKYj1/
2021-01-03,2021,1,det,min,0,145,-172,0.04051620648259302,0.3922699740409576,0.4027898387224226,https://www.oddsportal.com/american-football/usa/nfl-2020-2021/detroit-lions-minnesota-vikings-jPBhJh67/
2021-01-03,2021,1,ne,nyj,1,-167,142,0.03869130528987519,0.6021694430372203,0.8019751273657206,https://www.oddsportal.com/american-football/usa/nfl-2020-2021/new-england-patriots-new-york-jets-0fgqtGDK/
2021-01-03,2021,1,nyg,dal,1,108,-130,0.04598662207357851,0.45963229416466833,0.4624393942306304,https://www.oddsportal.com/american-football/usa/nfl-2020-2021/new-york-giants-dallas-cowboys-vohmuzTQ/
2021-01-03,2021,1,tb,atl,1,-339,264,0.04693484192345254,0.737590856924254,0.8668071502356326,https://www.oddsportal.com/american-football/usa/nfl-2020-2021/tampa-bay-buccaneers-atlanta-falcons-80rJZDjl/
2020-12-28,2021,1,ne,buf,0,267,-348,0.04926527831841199,0.2596860581047555,0.13318241026089495,https://www.oddsportal.com/american-football/usa/nfl-2020-2021/new-england-patriots-buffalo-bills-6XX9RGbR/
2020-12-27,2021,1,gb,ten,1,-181,152,0.04095351070440034,0.618786629042761,0.47522568939257515,https://www.oddsportal.com/american-football/usa/nfl-2020-2021/green-bay-packers-tennessee-titans-O8r5SdqL/
2020-12-27,2021,1,dal,phi,1,144,-173,0.04353569927340417,0.3927379445275636,0.4699309307390248,https://www.oddsportal.com/american-football/usa/nfl-2020-2021/dallas-cowboys-philadelphia-eagles-A5v1TxUE/
2020-12-27,2021,1,sea,lar,1,-126,105,0.045327001942585765,0.533347098905637,0.5509194472487778,https://www.oddsportal.com/american-football/usa/nfl-2020-2021/seattle-seahawks-los-angeles-rams-GrucUIE8/
2020-12-27,2021,1,lac,den,1,-127,106,0.04490825884264993,0.5354263026482748,0.34768209833703806,https://www.oddsportal.com/american-football/usa/nfl-2020-2021/los-angeles-chargers-denver-broncos-8KtTsHRA/
2020-12-27,2021,1,wsh,car,0,-102,-117,0.04412100196194735,0.4836130047194546,0.6406514894545534,https://www.oddsportal.com/american-football/usa/nfl-2020-2021/washington-commanders-carolina-panthers-QgC4OSQk/
2020-12-27,2021,1,bal,nyg,1,-455,341,0.04657718943433231,0.783334309304913,0.847516220772464,https://www.oddsportal.com/american-football/usa/nfl-2020-2021/baltimore-ravens-new-york-giants-b7ACM6e2/
2020-12-27,2021,1,hou,cin,0,-348,272,0.04560291858678944,0.7429069874208063,0.5703667660037718,https://www.oddsportal.com/american-football/usa/nfl-2020-2021/houston-texans-cincinnati-bengals-xhtgVba2/
2020-12-27,2021,1,jax,chi,0,356,-482,0.04747693977211065,0.209358542691876,0.0636635251247594,https://www.oddsportal.com/american-football/usa/nfl-2020-2021/jacksonville-jaguars-chicago-bears-KGB8Nntd/
2020-12-27,2021,1,kc,atl,1,-549,403,0.04472395212699154,0.8097036478843093,0.982754903183935,https://www.oddsportal.com/american-football/usa/nfl-2020-2021/kansas-city-chiefs-atlanta-falcons-nBuXtysH/
2020-12-27,2021,1,nyj,cle,1,243,-305,0.04463160925745968,0.2790889983805947,0.03661520604945395,https://www.oddsportal.com/american-football/usa/nfl-2020-2021/new-york-jets-cleveland-browns-0fwLqwcb/
2020-12-27,2021,1,pit,ind,1,-107,-112,0.04521009935283926,0.49454957704717883,0.6281363600965114,https://www.oddsportal.com/american-football/usa/nfl-2020-2021/pittsburgh-steelers-indianapolis-colts-S8g1P8Bq/
2020-12-26,2021,1,oak,mia,0,114,-137,0.04534879135612613,0.44701799388886787,0.45871892708153267,https://www.oddsportal.com/american-football/usa/nfl-2020-2021/las-vegas-raiders-miami-dolphins-IVmGpJsh/
2020-12-26,2021,1,ari,sf,0,-270,216,0.04618542593226138,0.697514715500327,0.6684874518216904,https://www.oddsportal.com/american-football/usa/nfl-2020-2021/arizona-cardinals-san-francisco-49ers-voxPrcC4/
2020-12-26,2021,1,det,tb,0,451,-656,0.049213070991655394,0.17297554546785768,0.17341809126178417,https://www.oddsportal.com/american-football/usa/nfl-2020-2021/detroit-lions-tampa-bay-buccaneers-4SqCoaSo/
2020-12-25,2021,1,no,min,1,-299,239,0.04435868432142298,0.7175441204578759,0.8086657328632765,https://www.oddsportal.com/american-football/usa/nfl-2020-2021/new-orleans-saints-minnesota-vikings-jPeUMFko/
2020-12-21,2021,1,cin,pit,1,648,-1026,0.04487989285816063,0.12794756649637293,0.017937408530466024,https://www.oddsportal.com/american-football/usa/nfl-2020-2021/cincinnati-bengals-pittsburgh-steelers-lG92ResU/
2020-12-20,2021,1,nyg,cle,0,222,-276,0.04460155940266941,0.29729900689480676,0.17464933653107179,https://www.oddsportal.com/american-football/usa/nfl-2020-2021/new-york-giants-cleveland-browns-0Y1pXaDh/
2020-12-20,2021,1,no,kc,0,121,-145,0.04432542247668292,0.43328322574940314,0.1579594406772817,https://www.oddsportal.com/american-football/usa/nfl-2020-2021/new-orleans-saints-kansas-city-chiefs-UDg1THCH/
2020-12-20,2021,1,ari,phi,1,-265,213,0.04551621515164772,0.6944200259533677,0.5994548979313133,https://www.oddsportal.com/american-football/usa/nfl-2020-2021/arizona-cardinals-philadelphia-eagles-zifcUccB/
2020-12-20,2021,1,lar,nyj,0,-1819,953,0.04285628742811309,0.9089359072977976,1.0,https://www.oddsportal.com/american-football/usa/nfl-2020-2021/los-angeles-rams-new-york-jets-GATREIcO/
2020-12-20,2021,1,atl,tb,0,220,-272,0.04368279569892475,0.29942047649710235,0.14283403854330307,https://www.oddsportal.com/american-football/usa/nfl-2020-2021/atlanta-falcons-tampa-bay-buccaneers-SpXVDxDU/
2020-12-20,2021,1,bal,jax,1,-852,555,0.04762973891846811,0.8542693567645349,0.9818658471104527,https://www.oddsportal.com/american-football/usa/nfl-2020-2021/baltimore-ravens-jacksonville-jaguars-MmjgVwr5/
2020-12-20,2021,1,dal,sf,1,153,-183,0.041900026536683566,0.3793616536414697,0.3557418912368964,https://www.oddsportal.com/american-football/usa/nfl-2020-2021/dallas-cowboys-san-francisco-49ers-84h5SySN/
2020-12-20,2021,1,ind,hou,1,-367,286,0.044934595200319505,0.7520731357704845,0.8474154316629271,https://www.oddsportal.com/american-football/usa/nfl-2020-2021/indianapolis-colts-houston-texans-MmUNFbrI/
2020-12-20,2021,1,mia,ne,1,102,-122,0.044599054500044755,0.4739134147382802,0.5625623837224923,https://www.oddsportal.com/american-football/usa/nfl-2020-2021/miami-dolphins-new-england-patriots-h8bxZLrt/
2020-12-20,2021,1,min,chi,0,-152,127,0.0437032375358366,0.5779177274554469,0.4628569837879651,https://www.oddsportal.com/american-football/usa/nfl-2020-2021/minnesota-vikings-chicago-bears-WbctYubn/
2020-12-20,2021,1,ten,det,1,-413,319,0.04373171060773129,0.7713363673238331,0.8652274830702831,https://www.oddsportal.com/american-football/usa/nfl-2020-2021/tennessee-titans-detroit-lions-rcVJGvTB/
2020-12-20,2021,1,wsh,sea,0,218,-272,0.045648204503956125,0.3007372914241366,0.26373523723487474,https://www.oddsportal.com/american-football/usa/nfl-2020-2021/washington-commanders-seattle-seahawks-vP0lWJSb/
2020-12-19,2021,1,gb,car,1,-445,339,0.044304194269712216,0.7818734866222409,0.878915927439786,https://www.oddsportal.com/american-football/usa/nfl-2020-2021/green-bay-packers-carolina-panthers-QLzFHKD5/
2020-12-19,2021,1,den,buf,0,209,-256,0.04272571906476119,0.3103640675129028,0.11119383293587426,https://www.oddsportal.com/american-football/usa/nfl-2020-2021/denver-broncos-buffalo-bills-nVyBI0ba/
2020-12-17,2021,1,oak,lac,0,-181,153,0.039385030875050964,0.6197204065337718,0.8968281834305647,https://www.oddsportal.com/american-football/usa/nfl-2020-2021/las-vegas-raiders-los-angeles-chargers-fXdWPr6P/
2020-12-14,2021,1,cle,bal,0,146,-179,0.04808112597254999,0.38785553423971975,0.5732145076403364,https://www.oddsportal.com/american-football/usa/nfl-2020-2021/cleveland-browns-baltimore-ravens-tGgk1aTO/
2020-12-13,2021,1,buf,pit,1,-133,108,0.05158468141300765,0.5428145357507259,0.24473746654856104,https://www.oddsportal.com/american-football/usa/nfl-2020-2021/buffalo-bills-pittsburgh-steelers-2Pfo2uEI/
2020-12-13,2021,1,det,gb,0,304,-417,0.0541011547963306,0.23482068238799464,0.15762115647936564,https://www.oddsportal.com/american-football/usa/nfl-2020-2021/detroit-lions-green-bay-packers-bXyajrF6/
2020-12-13,2021,1,lac,atl,1,-118,-104,0.05108832523835227,0.5149751839808318,0.20768677605931093,https://www.oddsportal.com/american-football/usa/nfl-2020-2021/los-angeles-chargers-atlanta-falcons-6c1x41q6/
2020-12-13,2021,1,phi,no,1,280,-371,0.050843669683763526,0.25042535091450446,0.07367499870098165,https://www.oddsportal.com/american-football/usa/nfl-2020-2021/philadelphia-eagles-new-orleans-saints-Cz2Y4sUa/
2020-12-13,2021,1,sf,wsh,0,-155,126,0.05032101336109651,0.5787212952255081,0.603835310895655,https://www.oddsportal.com/american-football/usa/nfl-2020-2021/san-francisco-49ers-washington-commanders-K05t3LbC/
2020-12-13,2021,1,oak,ind,0,113,-140,0.052816901408450745,0.4459308807134894,0.5272805734603949,https://www.oddsportal.com/american-football/usa/nfl-2020-2021/las-vegas-raiders-indianapolis-colts-G88P63am/
2020-12-13,2021,1,sea,nyj,1,-1364,733,0.05174200827872144,0.8858579211795928,1.0,https://www.oddsportal.com/american-football/usa/nfl-2020-2021/seattle-seahawks-new-york-jets-Yq3U5NEg/
2020-12-13,2021,1,car,den,0,-213,172,0.04815824093215548,0.649244699448653,0.43705184975451267,https://www.oddsportal.com/american-football/usa/nfl-2020-2021/carolina-panthers-denver-broncos-KxNgCPyQ/
2020-12-13,2021,1,chi,hou,1,-106,-116,0.05160014383315348,0.4893144127201231,0.6057388116725354,https://www.oddsportal.com/american-football/usa/nfl-2020-2021/chicago-bears-houston-texans-xImjh4pf/
2020-12-13,2021,1,cin,dal,0,139,-169,0.04666282994509352,0.39975628241518174,0.3008723706322251,https://www.oddsportal.com/american-football/usa/nfl-2020-2021/cincinnati-bengals-dallas-cowboys-KtweiOa0/
2020-12-13,2021,1,jax,ten,0,279,-366,0.04925996806595179,0.2514650808897331,0.016795639708848384,https://www.oddsportal.com/american-football/usa/nfl-2020-2021/jacksonville-jaguars-tennessee-titans-xI9L7qps/
2020-12-13,2021,1,mia,kc,0,265,-353,0.053222050863346304,0.26012805420770047,0.07033103805961198,https://www.oddsportal.com/american-football/usa/nfl-2020-2021/miami-dolphins-kansas-city-chiefs-S6t3k2UC/
2020-12-13,2021,1,nyg,ari,0,130,-159,0.04868222259526611,0.4145990075236113,0.39791941483546955,https://www.oddsportal.com/american-football/usa/nfl-2020-2021/new-york-giants-arizona-cardinals-6cu7lMqJ/
2020-12-13,2021,1,tb,min,1,-313,243,0.04941443889904629,0.7221829825304893,0.7132491147900627,https://www.oddsportal.com/american-football/usa/nfl-2020-2021/tampa-bay-buccaneers-minnesota-vikings-82JkD5MJ/
2020-12-10,2021,1,lar,ne,1,-229,186,0.04569898186919463,0.6656300180905339,0.6456511781507673,https://www.oddsportal.com/american-football/usa/nfl-2020-2021/los-angeles-rams-new-england-patriots-OEqngpVm/
2020-12-08,2021,1,bal,dal,1,-448,328,0.05116310798826662,0.7777273022259719,0.878666008083696,https://www.oddsportal.com/american-football/usa/nfl-2020-2021/baltimore-ravens-dallas-cowboys-Otplxhfd/
2020-12-07,2021,1,sf,buf,0,-130,105,0.05302226935312815,0.5367573011077543,0.18064808079608086,https://www.oddsportal.com/american-football/usa/nfl-2020-2021/san-francisco-49ers-buffalo-bills-UiprfQFs/
2020-12-07,2021,1,pit,wsh,0,-291,224,0.052887499605317245,0.7068613926707851,0.9978545089719142,https://www.oddsportal.com/american-football/usa/nfl-2020-2021/pittsburgh-steelers-washington-commanders-p4QIiXgq/
2020-12-06,2021,1,kc,den,1,-909,563,0.051721534844020756,0.8565879297920453,0.9526900095084829,https://www.oddsportal.com/american-football/usa/nfl-2020-2021/kansas-city-chiefs-denver-broncos-hSMEBhoF/
2020-12-06,2021,1,gb,phi,1,-400,306,0.04630541871921179,0.7645951035781545,0.8902183619676317,https://www.oddsportal.com/american-football/usa/nfl-2020-2021/green-bay-packers-philadelphia-eagles-YP6DDEG2/
2020-12-06,2021,1,lac,ne,0,-138,113,0.04931550084822667,0.5525811181712224,0.12322586161234383,https://www.oddsportal.com/american-football/usa/nfl-2020-2021/los-angeles-chargers-new-england-patriots-CG5HCYV8/
2020-12-06,2021,1,ari,lar,0,125,-153,0.04918752744839683,0.4236082042695689,0.36098439610892374,https://www.oddsportal.com/american-football/usa/nfl-2020-2021/arizona-cardinals-los-angeles-rams-6JERkBOe/
2020-12-06,2021,1,sea,nyg,0,-567,401,0.049675760921934264,0.8098452819107841,0.8960256744796701,https://www.oddsportal.com/american-football/usa/nfl-2020-2021/seattle-seahawks-new-york-giants-KMIVlVw2/
2020-12-06,2021,1,atl,no,0,125,-154,0.05074365704286965,0.42298084929225643,0.09567353070818713,https://www.oddsportal.com/american-football/usa/nfl-2020-2021/atlanta-falcons-new-orleans-saints-0bTW0yXd/
2020-12-06,2021,1,chi,det,0,-161,132,0.04789272030651337,0.5886654478976234,0.7159364774560726,https://www.oddsportal.com/american-football/usa/nfl-2020-2021/chicago-bears-detroit-lions-vkSz0en3/
2020-12-06,2021,1,hou,ind,0,153,-185,0.04437972401359125,0.3784609255693513,0.24033839671429225,https://www.oddsportal.com/american-football/usa/nfl-2020-2021/houston-texans-indianapolis-colts-OfPMji9k/
2020-12-06,2021,1,mia,cin,1,-546,392,0.048453270910417956,0.806141066884333,0.8954537464496154,https://www.oddsportal.com/american-football/usa/nfl-2020-2021/miami-dolphins-cincinnati-bengals-WdprbZGF/
2020-12-06,2021,1,min,jax,1,-492,361,0.04800082077739343,0.7930156776638743,0.9396608665114724,https://www.oddsportal.com/american-football/usa/nfl-2020-2021/minnesota-vikings-jacksonville-jaguars-ELZncgWL/
2020-12-06,2021,1,nyj,oak,0,280,-371,0.050843669683763526,0.25042535091450446,0.0,https://www.oddsportal.com/american-football/usa/nfl-2020-2021/new-york-jets-las-vegas-raiders-hCYjdDoS/
2020-12-06,2021,1,ten,cle,0,-210,170,0.04778972520907998,0.6465222348916762,0.6448390478149075,https://www.oddsportal.com/american-football/usa/nfl-2020-2021/tennessee-titans-cleveland-browns-YBRvaF19/
2020-12-02,2021,1,pit,bal,1,-577,410,0.04836794392794053,0.8129679255186893,0.9773871231848676,https://www.oddsportal.com/american-football/usa/nfl-2020-2021/pittsburgh-steelers-baltimore-ravens-48oSWdIG/
2020-11-30,2021,1,phi,sea,0,242,-309,0.04789888331260084,0.2790323240868343,0.13507088651882565,https://www.oddsportal.com/american-football/usa/nfl-2020-2021/philadelphia-eagles-seattle-seahawks-pjopwYvj/
2020-11-29,2021,1,gb,chi,1,-390,291,0.05167284305026354,0.7568117524442901,0.6499963964418835,https://www.oddsportal.com/american-football/usa/nfl-2020-2021/green-bay-packers-chicago-bears-jTotvEPq/
2020-11-29,2021,1,tb,kc,0,151,-184,0.04629369844565412,0.38077871929636375,0.14095622159710064,https://www.oddsportal.com/american-football/usa/nfl-2020-2021/tampa-bay-buccaneers-kansas-city-chiefs-E7fErfHS/
2020-11-29,2021,1,den,no,0,848,-1766,0.0518946640074891,0.1002811742248362,0.13681646404044898,https://www.oddsportal.com/american-football/usa/nfl-2020-2021/denver-broncos-new-orleans-saints-hh65pGnG/
2020-11-29,2021,1,lar,sf,0,-234,188,0.04782102461743176,0.6686244940074609,0.8087176790096113,https://www.oddsportal.com/american-football/usa/nfl-2020-2021/los-angeles-rams-san-francisco-49ers-Wr59qz2M/
2020-11-29,2021,1,atl,oak,1,153,-186,0.04560656734569779,0.37801686536783946,0.08029972405637764,https://www.oddsportal.com/american-football/usa/nfl-2020-2021/atlanta-falcons-las-vegas-raiders-bVpWVGXM/
2020-11-29,2021,1,buf,lac,1,-226,178,0.052963763958158605,0.6583811879113048,0.9566302676832548,https://www.oddsportal.com/american-football/usa/nfl-2020-2021/buffalo-bills-los-angeles-chargers-xMqzVzmT/
2020-11-29,2021,1,cin,nyg,0,230,-300,0.05303030303030298,0.2877697841726619,0.4498206370344203,https://www.oddsportal.com/american-football/usa/nfl-2020-2021/cincinnati-bengals-new-york-giants-IFR2Qfep/
2020-11-29,2021,1,ind,ten,0,-151,124,0.0480221969265795,0.5740275609259384,0.3728439046944601,https://www.oddsportal.com/american-football/usa/nfl-2020-2021/indianapolis-colts-tennessee-titans-d6Q6PEAj/
2020-11-29,2021,1,jax,cle,0,275,-366,0.052074391988555124,0.2534675006799021,0.021633362498843216,https://www.oddsportal.com/american-football/usa/nfl-2020-2021/jacksonville-jaguars-cleveland-browns-pS61odX9/
2020-11-29,2021,1,min,car,1,-153,125,0.04918752744839683,0.5763917957304312,0.5287694483841274,https://www.oddsportal.com/american-football/usa/nfl-2020-2021/minnesota-vikings-carolina-panthers-A9Ellbmi/
2020-11-29,2021,1,ne,ari,1,-102,-120,0.05040504050405037,0.48071979434447304,0.43160145996650917,https://www.oddsportal.com/american-football/usa/nfl-2020-2021/new-england-patriots-arizona-cardinals-OCIhmI2c/
2020-11-29,2021,1,nyj,mia,0,280,-370,0.05039193729003366,0.2505330490405117,0.0,https://www.oddsportal.com/american-football/usa/nfl-2020-2021/new-york-jets-miami-dolphins-6y8cnxI3/
2020-11-26,2021,1,dal,wsh,0,-147,119,0.051762704971068274,0.5658516864992178,0.5946845142785595,https://www.oddsportal.com/american-football/usa/nfl-2020-2021/dallas-cowboys-washington-commanders-hYsOXx3A/
2020-11-26,2021,1,det,hou,0,140,-170,0.04629629629629628,0.39823008849557523,0.5394205659492224,https://www.oddsportal.com/american-football/usa/nfl-2020-2021/detroit-lions-houston-texans-A9hJYIm4/
2020-11-23,2021,1,tb,lar,0,-216,169,0.05529151569337909,0.6477303130295193,0.7095030758001051,https://www.oddsportal.com/american-football/usa/nfl-2020-2021/tampa-bay-buccaneers-los-angeles-rams-WIgFZbYc/
2020-11-22,2021,1,oak,kc,0,281,-375,0.05194087581157625,0.24950755088640839,0.28594649438795317,https://www.oddsportal.com/american-football/usa/nfl-2020-2021/las-vegas-raiders-kansas-city-chiefs-2qkBzuJi/
2020-11-22,2021,1,ind,gb,1,-128,101,0.05891594658287502,0.5301681503461919,0.332104394871166,https://www.oddsportal.com/american-football/usa/nfl-2020-2021/indianapolis-colts-green-bay-packers-byltNLlh/
2020-11-22,2021,1,min,dal,0,-320,240,0.05602240896358546,0.7214854111405835,0.8731981669323976,https://www.oddsportal.com/american-football/usa/nfl-2020-2021/minnesota-vikings-dallas-cowboys-Ohj7yL3o/
2020-11-22,2021,1,den,mia,1,170,-213,0.050881552478996506,0.3524377885373269,0.22781853497672397,https://www.oddsportal.com/american-football/usa/nfl-2020-2021/denver-broncos-miami-dolphins-84tubKbP/
2020-11-22,2021,1,lac,nyj,1,-476,343,0.05212252320040123,0.785449290045741,1.0,https://www.oddsportal.com/american-football/usa/nfl-2020-2021/los-angeles-chargers-new-york-jets-ADS6gv7t/
2020-11-22,2021,1,bal,ten,0,-261,205,0.050860542209708814,0.6879996542932458,0.5854870359441225,https://www.oddsportal.com/american-football/usa/nfl-2020-2021/baltimore-ravens-tennessee-titans-j5LhIc3N/
2020-11-22,2021,1,car,det,1,137,-170,0.05157055789967191,0.4012483281319661,0.45173858297717634,https://www.oddsportal.com/american-football/usa/nfl-2020-2021/carolina-panthers-detroit-lions-phjhKJYA/
2020-11-22,2021,1,cle,phi,1,-144,115,0.05528021349599688,0.5592485549132948,0.9145693795613279,https://www.oddsportal.com/american-football/usa/nfl-2020-2021/cleveland-browns-philadelphia-eagles-GCbyO1Zo/
2020-11-22,2021,1,hou,ne,1,118,-148,0.05548978987866238,0.4345997476517594,0.1359833539646259,https://www.oddsportal.com/american-football/usa/nfl-2020-2021/houston-texans-new-england-patriots-pSKdHHIT/
2020-11-22,2021,1,jax,pit,0,393,-566,0.052689606442142045,0.19268714666790107,0.0005069989485461357,https://www.oddsportal.com/american-football/usa/nfl-2020-2021/jacksonville-jaguars-pittsburgh-steelers-CEMlJwlH/
2020-11-22,2021,1,no,atl,1,-202,159,0.054974558285816544,0.6340192442860951,0.9460006708142612,https://www.oddsportal.com/american-football/usa/nfl-2020-2021/new-orleans-saints-atlanta-falcons-CvhpMu4b/
2020-11-22,2021,1,wsh,cin,1,-127,-100,0.05947136563876665,0.528066528066528,0.2728696879185213,https://www.oddsportal.com/american-football/usa/nfl-2020-2021/washington-commanders-cincinnati-bengals-61ilLaJ4/
2020-11-19,2021,1,sea,ari,1,-175,142,0.04958677685950419,0.6062992125984251,0.6115174481872426,https://www.oddsportal.com/american-football/usa/nfl-2020-2021/seattle-seahawks-arizona-cardinals-xMaXOsKu/
2020-11-16,2021,1,chi,min,0,145,-181,0.05229137918512605,0.3878804610394092,0.7036595529979143,https://www.oddsportal.com/american-football/usa/nfl-2020-2021/chicago-bears-minnesota-vikings-jXsQGpSI/
2020-11-15,2021,1,ne,bal,1,245,-326,0.05511328842620955,0.2747146449990327,0.05142016650103981,https://www.oddsportal.com/american-football/usa/nfl-2020-2021/new-england-patriots-baltimore-ravens-CtqMHQCC/
2020-11-15,2021,1,lar,sea,1,-155,126,0.05032101336109651,0.5787212952255081,0.2577808327917069,https://www.oddsportal.com/american-football/usa/nfl-2020-2021/los-angeles-rams-seattle-seahawks-IsjDJnr0/
2020-11-15,2021,1,no,sf,1,-448,321,0.05504793938658392,0.7748636034970091,0.9282295222364286,https://www.oddsportal.com/american-football/usa/nfl-2020-2021/new-orleans-saints-san-francisco-49ers-UHgHI6c6/
2020-11-15,2021,1,pit,cin,1,-313,236,0.05548829701372071,0.7180271458612121,0.9980634253230418,https://www.oddsportal.com/american-football/usa/nfl-2020-2021/pittsburgh-steelers-cincinnati-bengals-WMBURAzK/
2020-11-15,2021,1,ari,buf,1,-156,125,0.05381944444444442,0.5782537067545305,0.08194329393974242,https://www.oddsportal.com/american-football/usa/nfl-2020-2021/arizona-cardinals-buffalo-bills-OKj9KSSg/
2020-11-15,2021,1,oak,den,1,-179,145,0.04974032623802205,0.6111769214688871,0.908188528101997,https://www.oddsportal.com/american-football/usa/nfl-2020-2021/las-vegas-raiders-denver-broncos-Shc0Mlbs/
2020-11-15,2021,1,mia,lac,1,-130,102,0.06026689625484272,0.5330897279740154,0.8264087061229515,https://www.oddsportal.com/american-football/usa/nfl-2020-2021/miami-dolphins-los-angeles-chargers-SECzmfjO/
2020-11-15,2021,1,car,tb,0,215,-275,0.05079365079365061,0.3021148036253777,0.14012595497879674,https://www.oddsportal.com/american-football/usa/nfl-2020-2021/carolina-panthers-tampa-bay-buccaneers-QqBYQUkQ/
2020-11-15,2021,1,cle,hou,1,-233,183,0.05305659015906361,0.6644464373885267,0.9379017410620821,https://www.oddsportal.com/american-football/usa/nfl-2020-2021/cleveland-browns-houston-texans-SUrxMKn1/
2020-11-15,2021,1,det,wsh,1,-144,116,0.05312689738919252,0.5603920438166619,0.8288240727737733,https://www.oddsportal.com/american-football/usa/nfl-2020-2021/detroit-lions-washington-commanders-zertLv27/
2020-11-15,2021,1,gb,jax,1,-1035,617,0.0513642870747546,0.8673437783063249,0.9781274294172537,https://www.oddsportal.com/american-football/usa/nfl-2020-2021/green-bay-packers-jacksonville-jaguars-EospKbHD/
2020-11-15,2021,1,nyg,phi,1,185,-229,0.04692582520130095,0.3351500025467326,0.2245984725229865,https://www.oddsportal.com/american-football/usa/nfl-2020-2021/new-york-giants-philadelphia-eagles-IJ7QSjLD/
2020-11-12,2021,1,ten,ind,0,-104,-122,0.059353471118177126,0.48124062031015497,0.835025512281508,https://www.oddsportal.com/american-football/usa/nfl-2020-2021/tennessee-titans-indianapolis-colts-lvpYM0Xf/
2020-11-09,2021,1,nyj,ne,0,323,-442,0.05190477436689256,0.224741464385527,0.0,https://www.oddsportal.com/american-football/usa/nfl-2020-2021/new-york-jets-new-england-patriots-6FfTNtIl/
2020-11-08,2021,1,tb,no,0,-180,145,0.05102040816326525,0.6116504854368933,0.5203028657965394,https://www.oddsportal.com/american-football/usa/nfl-2020-2021/tampa-bay-buccaneers-new-orleans-saints-hCjPOM2r/
2020-11-08,2021,1,ari,mia,0,-261,205,0.050860542209708814,0.6879996542932458,0.53965340839236,https://www.oddsportal.com/american-football/usa/nfl-2020-2021/arizona-cardinals-miami-dolphins-zX3cT2fR/
2020-11-08,2021,1,dal,pit,0,577,-909,0.04860245969436083,0.14086414358370108,0.0005335498191220844,https://www.oddsportal.com/american-football/usa/nfl-2020-2021/dallas-cowboys-pittsburgh-steelers-dt5gUruL/
2020-11-08,2021,1,lac,oak,0,-105,-121,0.059706434168414146,0.4833368048323266,0.07152023124209177,https://www.oddsportal.com/american-football/usa/nfl-2020-2021/los-angeles-chargers-las-vegas-raiders-v5AlVOPE/
2020-11-08,2021,0,atl,den,1,-226,178,0.052963763958158605,0.6583811879113048,0.12595846907392516,https://www.oddsportal.com/american-football/usa/nfl-2020-2021/atlanta-falcons-denver-broncos-E3zGGPAL/
2020-11-08,2021,0,buf,sea,1,143,-175,0.047886270108492335,0.39271688682613354,0.6426602910143597,https://www.oddsportal.com/american-football/usa/nfl-2020-2021/buffalo-bills-seattle-seahawks-dSPKFqQR/
2020-11-08,2021,0,ind,bal,0,-114,-112,0.06101216716628466,0.5020774472328402,0.14926272895692497,https://www.oddsportal.com/american-football/usa/nfl-2020-2021/indianapolis-colts-baltimore-ravens-SAGjANmk/
2020-11-08,2021,0,jax,hou,0,234,-306,0.05309577888557859,0.2843057617433685,0.3774880755785685,https://www.oddsportal.com/american-football/usa/nfl-2020-2021/jacksonville-jaguars-houston-texans-0EBpW4A8/
2020-11-08,2021,0,kc,car,1,-501,355,0.05339086869868903,0.7913592890246655,0.9658166309718414,https://www.oddsportal.com/american-football/usa/nfl-2020-2021/kansas-city-chiefs-carolina-panthers-61Ff9s3e/
2020-11-08,2021,0,min,det,1,-178,144,0.05012383535794318,0.6097259658580413,0.3515883243302223,https://www.oddsportal.com/american-football/usa/nfl-2020-2021/minnesota-vikings-detroit-lions-lQ4a81I1/
2020-11-08,2021,0,ten,chi,1,-268,210,0.050841514726507775,0.6930263596930263,0.7329184351108153,https://www.oddsportal.com/american-football/usa/nfl-2020-2021/tennessee-titans-chicago-bears-byCnB3Yr/
2020-11-08,2021,0,wsh,nyg,0,-166,133,0.05324469973216317,0.592512025490977,0.7293866042219135,https://www.oddsportal.com/american-football/usa/nfl-2020-2021/washington-commanders-new-york-giants-nBN27LX7/
2020-11-05,2021,0,sf,gb,0,226,-294,0.05294135965868385,0.2913253083316081,0.1952472443120882,https://www.oddsportal.com/american-football/usa/nfl-2020-2021/san-francisco-49ers-green-bay-packers-00WBH5eF/
2020-11-02,2021,0,nyg,tb,0,508,-789,0.05198774495293357,0.15634562759843268,0.01492158780890646,https://www.oddsportal.com/american-football/usa/nfl-2020-2021/new-york-giants-tampa-bay-buccaneers-6wX7Iot9/
2020-11-01,2021,0,phi,dal,1,-462,333,0.05301093915659183,0.7806795032898075,0.6631759030710485,https://www.oddsportal.com/american-football/usa/nfl-2020-2021/philadelphia-eagles-dallas-cowboys-SnY3JRQ2/
2020-11-01,2021,0,chi,no,0,199,-254,0.051962284828902305,0.31792790041851526,0.3329147599466222,https://www.oddsportal.com/american-football/usa/nfl-2020-2021/chicago-bears-new-orleans-saints-l4TOeOYe/
2020-11-01,2021,0,sea,sf,1,-117,-109,0.06070160739091124,0.5083149711054754,0.7880097479479473,https://www.oddsportal.com/american-football/usa/nfl-2020-2021/seattle-seahawks-san-francisco-49ers-SfSSfrl2/
2020-11-01,2021,0,den,lac,1,133,-167,0.05465271415023065,0.4069439575680907,0.900999833727041,https://www.oddsportal.com/american-football/usa/nfl-2020-2021/denver-broncos-los-angeles-chargers-MmCOCyRp/
2020-11-01,2021,0,bal,pit,0,-211,167,0.05298842684586402,0.6443153356130699,0.01576933809230229,https://www.oddsportal.com/american-football/usa/nfl-2020-2021/baltimore-ravens-pittsburgh-steelers-v7eh5y6h/
2020-11-01,2021,0,buf,ne,1,-211,168,0.05159091999808041,0.6451715954728002,0.9261521780336632,https://www.oddsportal.com/american-football/usa/nfl-2020-2021/buffalo-bills-new-england-patriots-fshT6lsc/
2020-11-01,2021,0,cin,ten,1,266,-357,0.054405662971864555,0.2591261156031345,0.0007209526212037976,https://www.oddsportal.com/american-football/usa/nfl-2020-2021/cincinnati-bengals-tennessee-titans-6HeX58d3/
2020-11-01,2021,0,cle,oak,0,-120,-105,0.05764966740576494,0.5157232704402516,0.4706031288108778,https://www.oddsportal.com/american-football/usa/nfl-2020-2021/cleveland-browns-las-vegas-raiders-ltox5SB9/
2020-11-01,2021,0,det,ind,0,156,-194,0.05048894557823136,0.3718506526358393,0.7248392102164142,https://www.oddsportal.com/american-football/usa/nfl-2020-2021/detroit-lions-indianapolis-colts-SWqt4nRF/
2020-11-01,2021,0,gb,min,0,-259,203,0.05148147126690383,0.6861257070914607,0.9924140516993807,https://www.oddsportal.com/american-football/usa/nfl-2020-2021/green-bay-packers-minnesota-vikings-d6lp36tM/
2020-11-01,2021,0,kc,nyj,1,-3340,1166,0.04991917410632274,0.9247666453797098,1.0,https://www.oddsportal.com/american-football/usa/nfl-2020-2021/kansas-city-chiefs-new-york-jets-zcml2QeS/
2020-11-01,2021,0,mia,lar,1,144,-178,0.05012383535794318,0.39027403414195866,0.19756749187129585,https://www.oddsportal.com/american-football/usa/nfl-2020-2021/miami-dolphins-los-angeles-rams-tvQGcp4q/
2020-10-29,2021,0,car,atl,0,-124,-102,0.05852192362093356,0.5229664272590613,0.9597196533432775,https://www.oddsportal.com/american-football/usa/nfl-2020-2021/carolina-panthers-atlanta-falcons-tv4or54d/
2020-10-26,2021,0,lar,chi,1,-303,230,0.05489134521392591,0.7127379000641528,0.06211991777462784,https://www.oddsportal.com/american-football/usa/nfl-2020-2021/los-angeles-rams-chicago-bears-2m5sqokj/
2020-10-25,2021,0,ari,sea,1,153,-189,0.04923615575037266,0.3767092039574019,0.0019204543133919546,https://www.oddsportal.com/american-football/usa/nfl-2020-2021/arizona-cardinals-seattle-seahawks-0Mq13Fz5/
2020-10-25,2021,0,den,kc,0,253,-337,0.054453167035089844,0.26865689993298947,0.14374224770200547,https://www.oddsportal.com/american-football/usa/nfl-2020-2021/denver-broncos-kansas-city-chiefs-EPm52ZkB/
2020-10-25,2021,0,lac,jax,1,-400,299,0.05062656641604013,0.7614503816793894,0.8665118267558094,https://www.oddsportal.com/american-football/usa/nfl-2020-2021/los-angeles-chargers-jacksonville-jaguars-fsUKd4Jk/
2020-10-25,2021,0,ne,sf,0,-164,131,0.054112554112554,0.5893223819301848,0.9931789157304678,https://www.oddsportal.com/american-football/usa/nfl-2020-2021/new-england-patriots-san-francisco-49ers-8nm91g5H/
2020-10-25,2021,0,oak,tb,0,163,-201,0.04800222326086678,0.36281233803020624,0.6681098146054831,https://www.oddsportal.com/american-football/usa/nfl-2020-2021/las-vegas-raiders-tampa-bay-buccaneers-pCAxpRZq/
2020-10-25,2021,0,atl,det,0,-120,-106,0.06001765225066191,0.5145711906744379,0.05364168845969816,https://www.oddsportal.com/american-football/usa/nfl-2020-2021/atlanta-falcons-detroit-lions-f1ESlGLB/
2020-10-25,2021,0,cin,cle,0,170,-214,0.051899032790752475,0.3520968827091276,0.02254292207084713,https://www.oddsportal.com/american-football/usa/nfl-2020-2021/cincinnati-bengals-cleveland-browns-YiDWmzyI/
2020-10-25,2021,0,hou,gb,0,124,-154,0.05272778402699663,0.42406838520101514,0.003983328978630478,https://www.oddsportal.com/american-football/usa/nfl-2020-2021/houston-texans-green-bay-packers-Icfd4eLb/
2020-10-25,2021,0,no,car,1,-337,253,0.054453167035089844,0.7313431000670105,0.8387233436523128,https://www.oddsportal.com/american-football/usa/nfl-2020-2021/new-orleans-saints-carolina-panthers-tIGvnE5U/
2020-10-25,2021,0,nyj,buf,0,325,-448,0.05281236582224125,0.2234910277324633,0.0,https://www.oddsportal.com/american-football/usa/nfl-2020-2021/new-york-jets-buffalo-bills-6uro7cyt/
2020-10-25,2021,0,ten,pit,0,-122,-104,0.059353471118177126,0.5187593796898449,0.7050143082165534,https://www.oddsportal.com/american-football/usa/nfl-2020-2021/tennessee-titans-pittsburgh-steelers-WQ3HHBfM/
2020-10-25,2021,0,wsh,dal,1,-112,-113,0.05881831871733545,0.4989542374299339,0.16650413084816565,https://www.oddsportal.com/american-football/usa/nfl-2020-2021/washington-commanders-dallas-cowboys-pWtk6Hjn/
2020-10-22,2021,0,phi,nyg,1,-250,194,0.054421768707483054,0.6774193548387096,0.5786445254100683,https://www.oddsportal.com/american-football/usa/nfl-2020-2021/philadelphia-eagles-new-york-giants-xQJNkd65/
2020-10-19,2021,0,dal,ari,0,-119,-106,0.05794210222990648,0.5136188400938653,0.4246903917361949,https://www.oddsportal.com/american-football/usa/nfl-2020-2021/dallas-cowboys-arizona-cardinals-bZKJjxia/
2020-10-19,2021,0,buf,kc,0,198,-252,0.05147956070774873,0.3191412199898455,0.8456872562421848,https://www.oddsportal.com/american-football/usa/nfl-2020-2021/buffalo-bills-kansas-city-chiefs-zyf9p1UP/
2020-10-18,2021,0,sf,lar,1,107,-136,0.059362973880291436,0.45602102334209305,1.8329134904137445e-05,https://www.oddsportal.com/american-football/usa/nfl-2020-2021/san-francisco-49ers-los-angeles-rams-4CLFiIyg/
2020-10-18,2021,0,tb,gb,1,126,-157,0.05337281774043601,0.4200581870484783,0.004267327176924823,https://www.oddsportal.com/american-football/usa/nfl-2020-2021/tampa-bay-buccaneers-green-bay-packers-hxIBhbMn/
2020-10-18,2021,0,mia,nyj,1,-429,319,0.04962756766267695,0.7726207925175477,1.0,https://www.oddsportal.com/american-football/usa/nfl-2020-2021/miami-dolphins-new-york-jets-pUi5L8Dm/
2020-10-18,2021,0,car,chi,0,-132,103,0.061576354679802936,0.5359628770301624,0.2987703188238755,https://www.oddsportal.com/american-football/usa/nfl-2020-2021/carolina-panthers-chicago-bears-tblgzH6I/
2020-10-18,2021,0,ind,cin,1,-370,276,0.05319148936170226,0.7474747474747474,0.8418295583367627,https://www.oddsportal.com/american-football/usa/nfl-2020-2021/indianapolis-colts-cincinnati-bengals-W6uuuuhm/
2020-10-18,2021,0,jax,det,0,136,-170,0.053358443188951554,0.4022646007151371,0.36237437555609503,https://www.oddsportal.com/american-football/usa/nfl-2020-2021/jacksonville-jaguars-detroit-lions-KlmcZzMO/
2020-10-18,2021,0,min,atl,0,-193,156,0.04932807167235498,0.6277379681862073,1.0,https://www.oddsportal.com/american-football/usa/nfl-2020-2021/minnesota-vikings-atlanta-falcons-CIdxva7g/
2020-10-18,2021,0,ne,den,0,-353,264,0.05397472284889515,0.7393435831338611,0.9997740067932969,https://www.oddsportal.com/american-football/usa/nfl-2020-2021/new-england-patriots-denver-broncos-04MNY3VD/
2020-10-18,2021,0,nyg,wsh,1,-128,101,0.05891594658287502,0.5301681503461919,0.0,https://www.oddsportal.com/american-football/usa/nfl-2020-2021/new-york-giants-washington-commanders-j9etwJMa/
2020-10-18,2021,0,phi,bal,0,366,-527,0.05510264150426791,0.20338521224074063,4.440882920601693e-05,https://www.oddsportal.com/american-football/usa/nfl-2020-2021/philadelphia-eagles-baltimore-ravens-pWfpxwx6/
2020-10-18,2021,0,pit,cle,1,-170,137,0.05157055789967191,0.5987516718680339,0.8173171674142586,https://www.oddsportal.com/american-football/usa/nfl-2020-2021/pittsburgh-steelers-cleveland-browns-bZblyciC/
2020-10-18,2021,0,ten,hou,1,-199,159,0.05165222556526894,0.6328630542355816,0.9999350154332596,https://www.oddsportal.com/american-football/usa/nfl-2020-2021/tennessee-titans-houston-texans-hGtytLxs/
2020-10-13,2021,0,ten,buf,1,136,-170,0.053358443188951554,0.4022646007151371,0.02317515269642015,https://www.oddsportal.com/american-football/usa/nfl-2020-2021/tennessee-titans-buffalo-bills-YcUyB0w7/
2020-10-12,2021,0,no,lac,1,-357,264,0.05590689398129234,0.7398205501912916,0.9785611332287909,https://www.oddsportal.com/american-football/usa/nfl-2020-2021/new-orleans-saints-los-angeles-chargers-MXk5osFJ/
2020-10-11,2021,0,sea,min,1,-316,237,0.056351289659895,0.7190935364503146,0.9999908330984654,https://www.oddsportal.com/american-football/usa/nfl-2020-2021/seattle-seahawks-minnesota-vikings-KSBMMcxJ/
2020-10-11,2021,0,cle,ind,1,-120,-106,0.06001765225066191,0.5145711906744379,0.8497897068283551,https://www.oddsportal.com/american-football/usa/nfl-2020-2021/cleveland-browns-indianapolis-colts-C28EOJ76/
2020-10-11,2021,0,dal,nyg,1,-366,276,0.05136517213039893,0.747036088070526,1.0,https://www.oddsportal.com/american-football/usa/nfl-2020-2021/dallas-cowboys-new-york-giants-txDINwNC/
2020-10-11,2021,0,sf,mia,0,-400,299,0.05062656641604013,0.7614503816793894,1.476721518575486e-05,https://www.oddsportal.com/american-football/usa/nfl-2020-2021/san-francisco-49ers-miami-dolphins-YB9APah0/
2020-10-11,2021,0,atl,car,0,-144,114,0.05745365405239777,0.5580991017096494,0.0,https://www.oddsportal.com/american-football/usa/nfl-2020-2021/atlanta-falcons-carolina-panthers-jZvXBtO0/
2020-10-11,2021,0,kc,oak,0,-546,388,0.05011927117697823,0.8048621347961624,0.9893989889652572,https://www.oddsportal.com/american-football/usa/nfl-2020-2021/kansas-city-chiefs-las-vegas-raiders-n1YuAKhD/
2020-10-11,2021,0,bal,cin,1,-811,516,0.05256817825423754,0.8457699314006325,0.9955091221395486,https://www.oddsportal.com/american-football/usa/nfl-2020-2021/baltimore-ravens-cincinnati-bengals-h212RLNm/
2020-10-11,2021,0,hou,jax,1,-270,213,0.04921854762110356,0.6954983128960579,0.0,https://www.oddsportal.com/american-football/usa/nfl-2020-2021/houston-texans-jacksonville-jaguars-jmK5Quwf/
2020-10-11,2021,0,nyj,ari,0,247,-326,0.05344265400278725,0.2735644289182004,0.0,https://www.oddsportal.com/american-football/usa/nfl-2020-2021/new-york-jets-arizona-cardinals-veLRXNpK/
2020-10-11,2021,0,pit,phi,1,-371,277,0.05293776433684183,0.7480838864612472,0.9999189674152255,https://www.oddsportal.com/american-football/usa/nfl-2020-2021/pittsburgh-steelers-philadelphia-eagles-dWFWWs0Q/
2020-10-11,2021,0,wsh,lar,0,267,-353,0.051729012156317866,0.2590777290378665,0.001430872137265504,https://www.oddsportal.com/american-football/usa/nfl-2020-2021/washington-commanders-los-angeles-rams-bu2bS18s/
2020-10-08,2021,0,chi,tb,1,162,-199,0.04723122877786001,0.3644652478119896,0.015614246253560728,https://www.oddsportal.com/american-football/usa/nfl-2020-2021/chicago-bears-tampa-bay-buccaneers-CrtTCM8f/
2020-10-05,2021,0,gb,atl,1,-255,200,0.05164319248826299,0.6830357142857143,1.0,https://www.oddsportal.com/american-football/usa/nfl-2020-2021/green-bay-packers-atlanta-falcons-4ItPD2gl/
2020-10-05,2021,0,kc,ne,1,-715,470,0.05273920998816051,0.8333503731724774,0.6569725503861822,https://www.oddsportal.com/american-football/usa/nfl-2020-2021/kansas-city-chiefs-new-england-patriots-WQPnXjf9/
2020-10-04,2021,0,sf,phi,0,-380,281,0.05413385826771644,0.7510115157173981,1.0,https://www.oddsportal.com/american-football/usa/nfl-2020-2021/san-francisco-49ers-philadelphia-eagles-QRsLErvr/
2020-10-04,2021,0,chi,ind,0,152,-188,0.04960317460317465,0.37807183364839314,0.9999623041289252,https://www.oddsportal.com/american-football/usa/nfl-2020-2021/chicago-bears-indianapolis-colts-2oC0Lgec/
2020-10-04,2021,0,oak,buf,0,145,-181,0.05229137918512605,0.3878804610394092,0.08572108879194915,https://www.oddsportal.com/american-football/usa/nfl-2020-2021/las-vegas-raiders-buffalo-bills-pUTjWA9F/
2020-10-04,2021,0,lar,nyg,1,-968,586,0.05213963595068849,0.861451284818797,1.0,https://www.oddsportal.com/american-football/usa/nfl-2020-2021/los-angeles-rams-new-york-giants-x4QrYWv3/
2020-10-04,2021,0,car,ari,1,135,-168,0.05239758653540805,0.4043452021726011,0.024642170359853773,https://www.oddsportal.com/american-football/usa/nfl-2020-2021/carolina-panthers-arizona-cardinals-MerdATnd/
2020-10-04,2021,0,cin,jax,1,-121,-105,0.059706434168414146,0.5166631951676735,0.0,https://www.oddsportal.com/american-football/usa/nfl-2020-2021/cincinnati-bengals-jacksonville-jaguars-pA15KDA3/
2020-10-04,2021,0,dal,cle,0,-184,148,0.051113130395274986,0.6163821050356603,0.10594834499651207,https://www.oddsportal.com/american-football/usa/nfl-2020-2021/dallas-cowboys-cleveland-browns-O009JXP9/
2020-10-04,2021,0,det,no,0,131,-164,0.054112554112554,0.41067761806981523,0.7823135215493435,https://www.oddsportal.com/american-football/usa/nfl-2020-2021/detroit-lions-new-orleans-saints-hz5DIiuG/
2020-10-04,2021,0,hou,min,0,-180,144,0.05269320843091352,0.6106785317018909,,https://www.oddsportal.com/american-football/usa/nfl-2020-2021/houston-texans-minnesota-vikings-bDRvZCPd/
2020-10-04,2021,0,mia,sea,0,190,-244,0.05412991178829207,0.3271205781666032,0.0015330748923476395,https://www.oddsportal.com/american-football/usa/nfl-2020-2021/miami-dolphins-seattle-seahawks-EkgMGV9S/
2020-10-04,2021,0,tb,lac,1,-380,285,0.051406926406926345,0.7529593412249099,0.9981838294161426,https://www.oddsportal.com/american-football/usa/nfl-2020-2021/tampa-bay-buccaneers-los-angeles-chargers-lrplCkIq/
2020-10-04,2021,0,wsh,bal,0,679,-1250,0.054295630675605056,0.12175873731679819,0.0004609007242516357,https://www.oddsportal.com/american-football/usa/nfl-2020-2021/washington-commanders-baltimore-ravens-r5qhB9Xk/
2020-10-01,2021,0,nyj,den,0,-121,-105,0.059706434168414146,0.5166631951676735,,https://www.oddsportal.com/american-football/usa/nfl-2020-2021/new-york-jets-denver-broncos-lr8dMZui/
2020-09-28,2021,0,bal,kc,0,-185,151,0.04752918151953578,0.619670380996864,0.9111426216161469,https://www.oddsportal.com/american-football/usa/nfl-2020-2021/baltimore-ravens-kansas-city-chiefs-zuKEcj3j/
2020-09-27,2021,0,no,gb,0,-179,144,0.05141312650567009,0.6102045378339108,0.23153674783195285,https://www.oddsportal.com/american-football/usa/nfl-2020-2021/new-orleans-saints-green-bay-packers-dlLAbWmp/
2020-09-27,2021,0,ari,det,0,-236,186,0.05203130203130191,0.6676426367017488,1.0,https://www.oddsportal.com/american-football/usa/nfl-2020-2021/arizona-cardinals-detroit-lions-SI2n4hQM/
2020-09-27,2021,0,den,tb,0,215,-278,0.05291005291005302,0.3015075376884422,0.0,https://www.oddsportal.com/american-football/usa/nfl-2020-2021/denver-broncos-tampa-bay-buccaneers-Ye3r5YAG/
2020-09-27,2021,0,sea,dal,1,-238,186,0.05379236148466915,0.6681980602348138,0.999594731925172,https://www.oddsportal.com/american-football/usa/nfl-2020-2021/seattle-seahawks-dallas-cowboys-691j3CuT/
2020-09-27,2021,0,ind,nyj,1,-732,476,0.05341880341880345,0.8351926977687626,1.0,https://www.oddsportal.com/american-football/usa/nfl-2020-2021/indianapolis-colts-new-york-jets-xU9Z6ft4/
2020-09-27,2021,0,lac,car,0,-265,207,0.05176029628307521,0.6902973993466548,1.0,https://www.oddsportal.com/american-football/usa/nfl-2020-2021/los-angeles-chargers-carolina-panthers-Khav6EeA/
2020-09-27,2021,0,atl,chi,0,-140,111,0.057266982622433016,0.5517370190511767,0.0,https://www.oddsportal.com/american-football/usa/nfl-2020-2021/atlanta-falcons-chicago-bears-SfnjGG3B/
2020-09-27,2021,0,buf,lar,1,-132,104,0.05916159567275181,0.5371848068943506,0.6251278422634527,https://www.oddsportal.com/american-football/usa/nfl-2020-2021/buffalo-bills-los-angeles-rams-pWteFzJH/
2020-09-27,2021,0,cle,wsh,1,-341,253,0.05652874936565766,0.7318708845828797,0.35118861586826927,https://www.oddsportal.com/american-football/usa/nfl-2020-2021/cleveland-browns-washington-commanders-OMuaEfYN/
2020-09-27,2021,0,min,ten,0,122,-154,0.05674966304887574,0.4262603208699738,0.0,https://www.oddsportal.com/american-football/usa/nfl-2020-2021/minnesota-vikings-tennessee-titans-Iqu3DEmU/
2020-09-27,2021,0,ne,oak,1,-323,245,0.053448453078425384,0.7248512049956093,0.10576023091716655,https://www.oddsportal.com/american-football/usa/nfl-2020-2021/new-england-patriots-las-vegas-raiders-hxWU8Yeo/
2020-09-27,2021,0,nyg,sf,0,130,-162,0.05310321938267504,0.4128584935392373,0.0,https://www.oddsportal.com/american-football/usa/nfl-2020-2021/new-york-giants-san-francisco-49ers-jD7N9ddo/
2020-09-27,2021,0,pit,hou,1,-207,165,0.051625591543236427,0.6411665010811758,1.0,https://www.oddsportal.com/american-football/usa/nfl-2020-2021/pittsburgh-steelers-houston-texans-bwBV7zRc/
2020-09-24,2021,0,jax,mia,0,-148,118,0.05548978987866238,0.5654002523482405,1.0,https://www.oddsportal.com/american-football/usa/nfl-2020-2021/jacksonville-jaguars-miami-dolphins-l4mnHdl5/
2020-09-21,2021,0,oak,no,1,168,-213,0.05364551046683519,0.35413649529326574,0.08150161309207994,https://www.oddsportal.com/american-football/usa/nfl-2020-2021/las-vegas-raiders-new-orleans-saints-fslrIxZb/
2020-09-20,2021,0,sea,ne,1,-210,167,0.051951190044702056,0.6439646261628575,0.5,https://www.oddsportal.com/american-football/usa/nfl-2020-2021/seattle-seahawks-new-england-patriots-tvpvJIJh/
2020-09-20,2021,0,hou,bal,0,268,-361,0.0548193907384702,0.25761673782327826,0.0,https://www.oddsportal.com/american-football/usa/nfl-2020-2021/houston-texans-baltimore-ravens-bFfZJb4n/
2020-09-20,2021,0,lac,kc,0,303,-417,0.05471536013746037,0.23526627865174676,0.5,https://www.oddsportal.com/american-football/usa/nfl-2020-2021/los-angeles-chargers-kansas-city-chiefs-KOeVKvkt/
2020-09-20,2021,0,ari,wsh,1,-345,258,0.054610507814951914,0.7351348134039641,0.5,https://www.oddsportal.com/american-football/usa/nfl-2020-2021/arizona-cardinals-washington-commanders-UaKPaeJU/
2020-09-20,2021,0,chi,nyg,1,-236,186,0.05203130203130191,0.6676426367017488,1.0,https://www.oddsportal.com/american-football/usa/nfl-2020-2021/chicago-bears-new-york-giants-YFFt04DD/
2020-09-20,2021,0,dal,atl,1,-153,122,0.05519353345440292,0.5731110586170823,,https://www.oddsportal.com/american-football/usa/nfl-2020-2021/dallas-cowboys-atlanta-falcons-zLgPOmjE/
2020-09-20,2021,0,gb,det,1,-309,235,0.05400868518045465,0.7167884222553059,1.0,https://www.oddsportal.com/american-football/usa/nfl-2020-2021/green-bay-packers-detroit-lions-Wvyh7LKt/
2020-09-20,2021,0,ind,min,1,-183,148,0.04986891599224896,0.6159274740784974,,https://www.oddsportal.com/american-football/usa/nfl-2020-2021/indianapolis-colts-minnesota-vikings-4hZa5akg/
2020-09-20,2021,0,mia,buf,0,193,-246,0.05227958728718263,0.32434053881775066,0.0,https://www.oddsportal.com/american-football/usa/nfl-2020-2021/miami-dolphins-buffalo-bills-MTT44J4a/
2020-09-20,2021,0,nyj,sf,0,255,-341,0.054932771230558064,0.26702188852895764,,https://www.oddsportal.com/american-football/usa/nfl-2020-2021/new-york-jets-san-francisco-49ers-0KS83wK5/
2020-09-20,2021,0,phi,lar,0,-131,103,0.05971040453799081,0.53514579518242,0.0,https://www.oddsportal.com/american-football/usa/nfl-2020-2021/philadelphia-eagles-los-angeles-rams-fsSC2cZB/
2020-09-20,2021,0,ten,jax,1,-312,236,0.05490060101710581,0.7178700558781638,0.5,https://www.oddsportal.com/american-football/usa/nfl-2020-2021/tennessee-titans-jacksonville-jaguars-Q1zd6uzm/
2020-09-20,2021,0,pit,den,1,-283,217,0.054360807505086095,0.7008069619017115,1.0,https://www.oddsportal.com/american-football/usa/nfl-2020-2021/pittsburgh-steelers-denver-broncos-8pWG1HlI/
2020-09-20,2021,0,tb,car,1,-380,278,0.056216931216931165,0.7495303694427051,,https://www.oddsportal.com/american-football/usa/nfl-2020-2021/tampa-bay-buccaneers-carolina-panthers-j9LL0y4O/
2020-09-17,2021,0,cle,cin,1,-246,195,0.04996570980699522,0.6771484557245498,,https://www.oddsportal.com/american-football/usa/nfl-2020-2021/cleveland-browns-cincinnati-bengals-fPGx1pb7/
2020-09-14,2021,0,den,ten,0,152,-189,0.050804635579722035,0.3776395567635375,,https://www.oddsportal.com/american-football/usa/nfl-2020-2021/denver-broncos-tennessee-titans-QkCY1Qr1/
2020-09-14,2021,0,nyg,pit,0,210,-268,0.050841514726507775,0.3069736403069736,,https://www.oddsportal.com/american-football/usa/nfl-2020-2021/new-york-giants-pittsburgh-steelers-naDU26Tf/
2020-09-13,2021,0,lar,dal,1,-114,-111,0.05877663108473219,0.5031375502008032,,https://www.oddsportal.com/american-football/usa/nfl-2020-2021/los-angeles-rams-dallas-cowboys-4zOP3nEl/
2020-09-13,2021,0,no,tb,1,-199,160,0.050167224080267525,0.6337579617834395,,https://www.oddsportal.com/american-football/usa/nfl-2020-2021/new-orleans-saints-tampa-bay-buccaneers-YiXg98jR/
2020-09-13,2021,0,sf,ari,0,-306,233,0.05399488158108845,0.7150837204732697,,https://www.oddsportal.com/american-football/usa/nfl-2020-2021/san-francisco-49ers-arizona-cardinals-jXJL4Sbr/
2020-09-13,2021,0,cin,lac,0,114,-143,0.055767085881312184,0.44260682670940954,,https://www.oddsportal.com/american-football/usa/nfl-2020-2021/cincinnati-bengals-los-angeles-chargers-f1YkAlyL/
2020-09-13,2021,0,atl,sea,0,-118,-108,0.06051517290049402,0.510397604391948,,https://www.oddsportal.com/american-football/usa/nfl-2020-2021/atlanta-falcons-seattle-seahawks-YVeJdV6L/
2020-09-13,2021,0,bal,cle,1,-341,258,0.0525722393240351,0.7346219114443548,,https://www.oddsportal.com/american-football/usa/nfl-2020-2021/baltimore-ravens-cleveland-browns-EkHhBULE/
2020-09-13,2021,0,buf,nyj,1,-294,227,0.052003290954532044,0.7093066151190073,,https://www.oddsportal.com/american-football/usa/nfl-2020-2021/buffalo-bills-new-york-jets-GfoOekMR/
2020-09-13,2021,0,car,oak,0,128,-160,0.053981106612685625,0.4161331626120358,,https://www.oddsportal.com/american-football/usa/nfl-2020-2021/carolina-panthers-las-vegas-raiders-MeU6mRT7/
2020-09-13,2021,0,det,chi,0,-137,107,0.0611508591695713,0.5447473059413358,,https://www.oddsportal.com/american-football/usa/nfl-2020-2021/detroit-lions-chicago-bears-I3Xki9Ur/
2020-09-13,2021,0,jax,ind,1,261,-349,0.05429116102881748,0.2627436523123197,,https://www.oddsportal.com/american-football/usa/nfl-2020-2021/jacksonville-jaguars-indianapolis-colts-zaIlCA68/
2020-09-13,2021,0,min,gb,0,-128,101,0.05891594658287502,0.5301681503461919,,https://www.oddsportal.com/american-football/usa/nfl-2020-2021/minnesota-vikings-green-bay-packers-nwxfjTqk/
2020-09-13,2021,0,ne,mia,1,-375,278,0.05402394876079075,0.7490092470277412,,https://www.oddsportal.com/american-football/usa/nfl-2020-2021/new-england-patriots-miami-dolphins-QTzbkmae/
2020-09-13,2021,0,wsh,phi,1,201,-254,0.049740037915047886,0.3164839880558585,,https://www.oddsportal.com/american-football/usa/nfl-2020-2021/washington-commanders-philadelphia-eagles-8hQ2l7E1/
2020-09-10,2021,0,kc,hou,1,-429,316,0.05134869856041879,0.7713559585760965,,https://www.oddsportal.com/american-football/usa/nfl-2020-2021/kansas-city-chiefs-houston-texans-MehFcBiF/
2019-12-29,2020,1,sea,sf,0,151,-182,0.04379644542397787,0.3816897214477139,0.39149413449155185,https://www.oddsportal.com/american-football/usa/nfl-2019-2020/seattle-seahawks-san-francisco-49ers-OUqLOrG4/
2019-12-29,2020,1,bal,pit,1,105,-129,0.051123655341356766,0.4640794406728139,0.9087275187576422,https://www.oddsportal.com/american-football/usa/nfl-2019-2020/baltimore-ravens-pittsburgh-steelers-6VAIAezP/
2019-12-29,2020,1,dal,wsh,1,-668,453,0.05062349306811331,0.8278814174682432,0.8238416359220259,https://www.oddsportal.com/american-football/usa/nfl-2019-2020/dallas-cowboys-washington-commanders-QZsqRGK5/
2019-12-29,2020,1,den,oak,1,-228,182,0.0497318802975264,0.6621899975282194,0.535341285594805,https://www.oddsportal.com/american-football/usa/nfl-2019-2020/denver-broncos-las-vegas-raiders-S2jCQ4oh/
2019-12-29,2020,1,hou,ten,0,346,-477,0.05090502133347852,0.21335443459226006,0.7037030696957953,https://www.oddsportal.com/american-football/usa/nfl-2019-2020/houston-texans-tennessee-titans-KYzhPfkI/
2019-12-29,2020,1,jax,ind,1,194,-242,0.04773839360305532,0.3246383414967536,0.32088011357709245,https://www.oddsportal.com/american-football/usa/nfl-2019-2020/jacksonville-jaguars-indianapolis-colts-EezdOE4O/
2019-12-29,2020,1,lar,ari,1,-312,240,0.05139920045688173,0.7202607278652906,0.7189544716313138,https://www.oddsportal.com/american-football/usa/nfl-2019-2020/los-angeles-rams-arizona-cardinals-t6fGPO0b/
2019-12-29,2020,1,nyg,phi,0,169,-208,0.047071887220586195,0.35503504241977124,0.19319085443698897,https://www.oddsportal.com/american-football/usa/nfl-2019-2020/new-york-giants-philadelphia-eagles-vJuXTIzm/
2019-12-29,2020,1,buf,nyj,0,-104,-119,0.053182917002417396,0.48406018872736545,0.8176839969588305,https://www.oddsportal.com/american-football/usa/nfl-2019-2020/buffalo-bills-new-york-jets-KYb0ZvDP/
2019-12-29,2020,1,car,no,0,571,-938,0.05269218289212607,0.1415715809372093,0.07667283149745262,https://www.oddsportal.com/american-football/usa/nfl-2019-2020/carolina-panthers-new-orleans-saints-I9vyTxjg/
2019-12-29,2020,1,cin,cle,1,122,-150,0.05045045045045038,0.42881646655231564,0.06969421516870306,https://www.oddsportal.com/american-football/usa/nfl-2019-2020/cincinnati-bengals-cleveland-browns-nqquSd5a/
2019-12-29,2020,1,det,gb,0,541,-835,0.04905436859185608,0.14871130126364843,0.04406040464004171,https://www.oddsportal.com/american-football/usa/nfl-2019-2020/detroit-lions-green-bay-packers-8bXmQzzC/
2019-12-29,2020,1,kc,lac,1,-462,339,0.049854489741324226,0.7830266622396899,0.8984174517272636,https://www.oddsportal.com/american-football/usa/nfl-2019-2020/kansas-city-chiefs-los-angeles-chargers-hnZaNYJU/
2019-12-29,2020,1,min,chi,0,187,-236,0.05081300813008127,0.3315833103067146,0.6777325150445781,https://www.oddsportal.com/american-football/usa/nfl-2019-2020/minnesota-vikings-chicago-bears-fkh4SQGu/
2019-12-29,2020,1,ne,mia,0,-1583,805,0.05107953109253072,0.8948726197205973,0.9593853087114768,https://www.oddsportal.com/american-football/usa/nfl-2019-2020/new-england-patriots-miami-dolphins-Yui8RpWo/
2019-12-29,2020,1,tb,atl,0,-118,-104,0.05108832523835227,0.5149751839808318,0.5757665258057626,https://www.oddsportal.com/american-football/usa/nfl-2019-2020/tampa-bay-buccaneers-atlanta-falcons-dfjSUbLt/
2019-12-23,2020,1,min,gb,0,-212,171,0.048490869524079994,0.6480620854577448,0.3787656688166232,https://www.oddsportal.com/american-football/usa/nfl-2019-2020/minnesota-vikings-green-bay-packers-SvCEByLI/
2019-12-22,2020,1,chi,kc,0,244,-312,0.04797922781666286,0.27738877518043736,0.2351876082629078,https://www.oddsportal.com/american-football/usa/nfl-2019-2020/chicago-bears-kansas-city-chiefs-nTfHCH5C/
2019-12-22,2020,1,phi,dal,1,111,-136,0.05020483572977752,0.45127734434756006,0.4829686933274881,https://www.oddsportal.com/american-football/usa/nfl-2019-2020/philadelphia-eagles-dallas-cowboys-8xdDDcj6/
2019-12-22,2020,1,sea,ari,0,-406,302,0.05112776040744893,0.7633434980263035,0.9316768477441385,https://www.oddsportal.com/american-football/usa/nfl-2019-2020/seattle-seahawks-arizona-cardinals-EFd9Ewy0/
2019-12-22,2020,1,den,det,1,-385,293,0.04826735919834202,0.7572633317484547,0.7456409766107361,https://www.oddsportal.com/american-football/usa/nfl-2019-2020/denver-broncos-detroit-lions-pMPJ3MMs/
2019-12-22,2020,1,lac,oak,0,-357,273,0.049278134001325746,0.744494327997719,0.5020196648644137,https://www.oddsportal.com/american-football/usa/nfl-2019-2020/los-angeles-chargers-las-vegas-raiders-vqPN2txl/
2019-12-22,2020,1,atl,jax,1,-349,266,0.05050689449535706,0.7399121841583929,0.6566475130859247,https://www.oddsportal.com/american-football/usa/nfl-2019-2020/atlanta-falcons-jacksonville-jaguars-n5CULLrQ/
2019-12-22,2020,1,cle,bal,0,338,-462,0.05037455922260681,0.2173610359071149,0.070175364250863,https://www.oddsportal.com/american-football/usa/nfl-2019-2020/cleveland-browns-baltimore-ravens-vc4dHuis/
2019-12-22,2020,1,ind,car,1,-330,251,0.05234214536540116,0.7292702889882264,0.5786908357625961,https://www.oddsportal.com/american-football/usa/nfl-2019-2020/indianapolis-colts-carolina-panthers-Im30Ga6m/
2019-12-22,2020,1,mia,cin,1,107,-131,0.050191354539180555,0.46000358444351513,0.6536812659885766,https://www.oddsportal.com/american-football/usa/nfl-2019-2020/miami-dolphins-cincinnati-bengals-0Ch5FJLg/
2019-12-22,2020,1,nyj,pit,1,151,-184,0.04629369844565412,0.38077871929636375,0.13498838296908963,https://www.oddsportal.com/american-football/usa/nfl-2019-2020/new-york-jets-pittsburgh-steelers-E1Hz0vM6/
2019-12-22,2020,1,ten,no,0,153,-184,0.043144240939709366,0.3789091685345288,0.16877821215663763,https://www.oddsportal.com/american-football/usa/nfl-2019-2020/tennessee-titans-new-orleans-saints-zBIW0K60/
2019-12-22,2020,1,wsh,nyg,0,101,-124,0.05108386638237383,0.47333276984194067,0.5090074861120528,https://www.oddsportal.com/american-football/usa/nfl-2019-2020/washington-commanders-new-york-giants-IZNR10if/
2019-12-21,2020,1,sf,lar,1,-341,259,0.05179416241891377,0.7351653565058642,0.7424556596012644,https://www.oddsportal.com/american-football/usa/nfl-2019-2020/san-francisco-49ers-los-angeles-rams-69ZsbIjJ/
2019-12-21,2020,1,ne,buf,1,-330,253,0.0507279794452864,0.7303906201015737,0.6686796192521712,https://www.oddsportal.com/american-football/usa/nfl-2019-2020/new-england-patriots-buffalo-bills-8OGvabyD/
2019-12-21,2020,1,tb,hou,0,129,-158,0.049084323482617265,0.4162498789971283,0.4047137364505068,https://www.oddsportal.com/american-football/usa/nfl-2019-2020/tampa-bay-buccaneers-houston-texans-8EDQM1TJ/
2019-12-16,2020,1,no,ind,1,-395,299,0.0486063643958381,0.7609908017672196,0.8714947604064197,https://www.oddsportal.com/american-football/usa/nfl-2019-2020/new-orleans-saints-indianapolis-colts-80Yi82EQ/
2019-12-15,2020,1,pit,buf,0,-117,-105,0.051365628863661916,0.5128287363694676,0.645790526234945,https://www.oddsportal.com/american-football/usa/nfl-2019-2020/pittsburgh-steelers-buffalo-bills-Opl49ig3/
2019-12-15,2020,1,dal,lar,1,-109,-114,0.05424138085230057,0.49469799796403124,0.10260415860373222,https://www.oddsportal.com/american-football/usa/nfl-2019-2020/dallas-cowboys-los-angeles-rams-nopqAOqE/
2019-12-15,2020,1,sf,atl,0,-484,350,0.050989345509893536,0.7885590152063722,0.9628505299052337,https://www.oddsportal.com/american-football/usa/nfl-2019-2020/san-francisco-49ers-atlanta-falcons-Kvd1ou7D/
2019-12-15,2020,1,ari,cle,1,134,-163,0.04712229046829797,0.4081189286490177,0.19734306488039413,https://www.oddsportal.com/american-football/usa/nfl-2019-2020/arizona-cardinals-cleveland-browns-tlccnLi7/
2019-12-15,2020,1,oak,jax,0,-316,243,0.05116057411975783,0.7226444782249246,0.6158864593123224,https://www.oddsportal.com/american-football/usa/nfl-2019-2020/las-vegas-raiders-jacksonville-jaguars-bP7hm1x1/
2019-12-15,2020,1,lac,min,0,102,-126,0.05257162884430033,0.470323815866145,0.23319067581708372,https://www.oddsportal.com/american-football/usa/nfl-2019-2020/los-angeles-chargers-minnesota-vikings-Qyqm9raK/
2019-12-15,2020,1,car,sea,0,209,-265,0.04965199272952958,0.3083160873421464,0.05077518358567762,https://www.oddsportal.com/american-football/usa/nfl-2019-2020/carolina-panthers-seattle-seahawks-WE7DnUoj/
2019-12-15,2020,1,cin,ne,0,415,-577,0.04646426983694485,0.1855531649559414,0.02253379040587607,https://www.oddsportal.com/american-football/usa/nfl-2019-2020/cincinnati-bengals-new-england-patriots-C85tj3hr/
2019-12-15,2020,1,det,tb,0,205,-259,0.049317320425590117,0.3124592018799774,0.12447069269397826,https://www.oddsportal.com/american-football/usa/nfl-2019-2020/detroit-lions-tampa-bay-buccaneers-ja4pkN7l/
2019-12-15,2020,1,gb,chi,1,-225,178,0.05201992252351961,0.658074697527617,0.748294803870067,https://www.oddsportal.com/american-football/usa/nfl-2019-2020/green-bay-packers-chicago-bears-pM3llsNf/
2019-12-15,2020,1,kc,den,1,-484,348,0.051981409001957024,0.7878153703057783,0.8064941818188175,https://www.oddsportal.com/american-football/usa/nfl-2019-2020/kansas-city-chiefs-denver-broncos-dbnC7VNF/
2019-12-15,2020,1,nyg,mia,1,-188,155,0.04493464052287588,0.6247068021892103,0.3217104319064492,https://www.oddsportal.com/american-football/usa/nfl-2019-2020/new-york-giants-miami-dolphins-I7m88B89/
2019-12-15,2020,1,ten,hou,0,-173,143,0.04522226744448954,0.6062821788603816,0.40943975450184533,https://www.oddsportal.com/american-football/usa/nfl-2019-2020/tennessee-titans-houston-texans-CAp0AXwc/
2019-12-15,2020,1,wsh,phi,0,248,-326,0.0526145378015217,0.27299292525376806,0.22257135906502143,https://www.oddsportal.com/american-football/usa/nfl-2019-2020/washington-commanders-philadelphia-eagles-A56Hol1d/
2019-12-12,2020,1,bal,nyj,1,-1432,769,0.04980064718307098,0.8903841420484142,0.9826762879751212,https://www.oddsportal.com/american-football/usa/nfl-2019-2020/baltimore-ravens-new-york-jets-2u39mAWq/
2019-12-09,2020,1,phi,nyg,1,-455,331,0.0518383813047385,0.779416148327736,0.8263116095314367,https://www.oddsportal.com/american-football/usa/nfl-2019-2020/philadelphia-eagles-new-york-giants-0WGshjOS/
2019-12-08,2020,1,lar,sea,1,-120,-103,0.052843708016121926,0.5180774138664397,0.17000569012588113,https://www.oddsportal.com/american-football/usa/nfl-2019-2020/los-angeles-rams-seattle-seahawks-I7RxgW8M/
2019-12-08,2020,1,ari,pit,0,107,-132,0.0520573046809929,0.45918771277016857,0.13346924320199685,https://www.oddsportal.com/american-football/usa/nfl-2019-2020/arizona-cardinals-pittsburgh-steelers-WjPQeYO3/
2019-12-08,2020,1,oak,ten,0,128,-157,0.0494914328623115,0.41791336021855074,0.3537847470145258,https://www.oddsportal.com/american-football/usa/nfl-2019-2020/las-vegas-raiders-tennessee-titans-AsOUfhvA/
2019-12-08,2020,1,ne,kc,0,-160,133,0.04456916474083861,0.5891276864728192,0.7511728829853177,https://www.oddsportal.com/american-football/usa/nfl-2019-2020/new-england-patriots-kansas-city-chiefs-44NYgCgG/
2019-12-08,2020,1,jax,lac,0,151,-184,0.04629369844565412,0.38077871929636375,0.5026256710362773,https://www.oddsportal.com/american-football/usa/nfl-2019-2020/jacksonville-jaguars-los-angeles-chargers-4UhUdE9c/
2019-12-08,2020,1,atl,car,1,-192,158,0.04513114580014865,0.6291404186141027,0.41853027245710656,https://www.oddsportal.com/american-football/usa/nfl-2019-2020/atlanta-falcons-carolina-panthers-CzUjqeub/
2019-12-08,2020,1,buf,bal,0,219,-281,0.05101243222340157,0.29826442981391743,0.09954450470752899,https://www.oddsportal.com/american-football/usa/nfl-2019-2020/buffalo-bills-baltimore-ravens-bX1vzi2p/
2019-12-08,2020,1,cle,cin,1,-291,229,0.04819689207783018,0.7100245477940359,0.936207036604884,https://www.oddsportal.com/american-football/usa/nfl-2019-2020/cleveland-browns-cincinnati-bengals-Cz6rZAHj/
2019-12-08,2020,1,gb,wsh,1,-938,587,0.049221293888987105,0.8612681534229878,0.9389874372366077,https://www.oddsportal.com/american-football/usa/nfl-2019-2020/green-bay-packers-washington-commanders-QwfQcffi/
2019-12-08,2020,1,hou,den,0,-400,304,0.04752475247524757,0.7637051039697542,0.862061616176769,https://www.oddsportal.com/american-football/usa/nfl-2019-2020/houston-texans-denver-broncos-hjPBvXgT/
2019-12-08,2020,1,min,det,1,-653,448,0.04967962699082018,0.8261548122564321,0.8826310479357018,https://www.oddsportal.com/american-football/usa/nfl-2019-2020/minnesota-vikings-detroit-lions-EaQ7uDvN/
2019-12-08,2020,1,no,sf,0,-123,100,0.05156950672645744,0.5245202558635395,0.38116558444647014,https://www.oddsportal.com/american-football/usa/nfl-2019-2020/new-orleans-saints-san-francisco-49ers-pQL3tgPG/
2019-12-08,2020,1,nyj,mia,1,-229,183,0.04940552267820886,0.6632789871759445,0.46784358956518546,https://www.oddsportal.com/american-football/usa/nfl-2019-2020/new-york-jets-miami-dolphins-6ZMasZ9A/
2019-12-08,2020,1,tb,ind,1,-173,142,0.04692277419550139,0.6052974004568719,0.5620429454435804,https://www.oddsportal.com/american-football/usa/nfl-2019-2020/tampa-bay-buccaneers-indianapolis-colts-OAXfrFf4/
2019-12-05,2020,1,chi,dal,1,139,-169,0.04666282994509352,0.39975628241518174,0.5663418898592627,https://www.oddsportal.com/american-football/usa/nfl-2019-2020/chicago-bears-dallas-cowboys-IDUnpyQi/
2019-12-02,2020,1,sea,min,1,-155,128,0.046439628482972006,0.5808678500986193,0.8859824415754793,https://www.oddsportal.com/american-football/usa/nfl-2019-2020/seattle-seahawks-minnesota-vikings-vNVroHAo/
2019-12-01,2020,1,hou,ne,1,153,-188,0.04803469477382527,0.3771410612330417,0.13604453769703276,https://www.oddsportal.com/american-football/usa/nfl-2019-2020/houston-texans-new-england-patriots-25n0MXXp/
2019-12-01,2020,1,den,lac,1,180,-228,0.05226480836236935,0.3394039735099338,0.43729778805003944,https://www.oddsportal.com/american-football/usa/nfl-2019-2020/denver-broncos-los-angeles-chargers-0d0YQDPT/
2019-12-01,2020,1,kc,oak,1,-589,416,0.04866056862546553,0.8151943007960861,0.7259824130659119,https://www.oddsportal.com/american-football/usa/nfl-2019-2020/kansas-city-chiefs-las-vegas-raiders-A77LTFuB/
2019-12-01,2020,1,ari,lar,0,115,-140,0.04844961240310086,0.44362292051756,0.13499819689002196,https://www.oddsportal.com/american-football/usa/nfl-2019-2020/arizona-cardinals-los-angeles-rams-hWdQSZfH/
2019-12-01,2020,1,bal,sf,1,-254,203,0.0475471275941155,0.6849468681582741,0.35526389381612095,https://www.oddsportal.com/american-football/usa/nfl-2019-2020/baltimore-ravens-san-francisco-49ers-2yL4Xctn/
2019-12-01,2020,1,car,wsh,0,-601,421,0.04928522730073026,0.8170768303407172,0.8949780426070693,https://www.oddsportal.com/american-football/usa/nfl-2019-2020/carolina-panthers-washington-commanders-lYG0YwRu/
2019-12-01,2020,1,cin,nyj,1,113,-138,0.04931550084822667,0.44741888182877765,0.0,https://www.oddsportal.com/american-football/usa/nfl-2019-2020/cincinnati-bengals-new-york-jets-CCueDfeU/
2019-12-01,2020,1,ind,ten,0,-104,-118,0.05108832523835227,0.4850248160191682,0.5006840894776985,https://www.oddsportal.com/american-football/usa/nfl-2019-2020/indianapolis-colts-tennessee-titans-YLtiEztO/
2019-12-01,2020,1,jax,tb,0,130,-160,0.050167224080267525,0.4140127388535032,0.3033509570591904,https://www.oddsportal.com/american-football/usa/nfl-2019-2020/jacksonville-jaguars-tampa-bay-buccaneers-p0A9WHeh/
2019-12-01,2020,1,mia,phi,1,384,-536,0.049378865845418174,0.1968893952152162,0.18642398501204896,https://www.oddsportal.com/american-football/usa/nfl-2019-2020/miami-dolphins-philadelphia-eagles-WG8HUeQ4/
2019-12-01,2020,1,nyg,gb,0,236,-303,0.04948008980267038,0.28358713091451576,0.03870047470541648,https://www.oddsportal.com/american-football/usa/nfl-2019-2020/new-york-giants-green-bay-packers-Oj9DVyBb/
2019-12-01,2020,1,pit,cle,1,-105,-117,0.051365628863661916,0.4871712636305324,0.557007845405604,https://www.oddsportal.com/american-football/usa/nfl-2019-2020/pittsburgh-steelers-cleveland-browns-6Z0URgAN/
2019-11-28,2020,1,atl,no,0,274,-362,0.05092946269416854,0.2544220983765447,0.0727879226732825,https://www.oddsportal.com/american-football/usa/nfl-2019-2020/atlanta-falcons-new-orleans-saints-GpnnFGQH/
2019-11-28,2020,1,dal,buf,0,-303,233,0.05216134248392312,0.714587213790466,0.3496658679578273,https://www.oddsportal.com/american-football/usa/nfl-2019-2020/dallas-cowboys-buffalo-bills-xfmrGdBB/
2019-11-28,2020,1,det,chi,0,202,-254,0.04863995210835492,0.3157669390230849,0.2534986954574681,https://www.oddsportal.com/american-football/usa/nfl-2019-2020/detroit-lions-chicago-bears-rXmvHxd5/
2019-11-25,2020,1,lar,bal,0,142,-174,0.04825963684623269,0.3941992288657421,0.2619858181481171,https://www.oddsportal.com/american-football/usa/nfl-2019-2020/los-angeles-rams-baltimore-ravens-pnVzIIta/
2019-11-24,2020,1,sf,gb,1,-176,146,0.0441852244609402,0.6106973595125254,0.7716793928302769,https://www.oddsportal.com/american-football/usa/nfl-2019-2020/san-francisco-49ers-green-bay-packers-OWtSJvCn/
2019-11-24,2020,1,ne,dal,1,-252,201,0.048135004530353465,0.6830313726902711,0.9232933221604879,https://www.oddsportal.com/american-football/usa/nfl-2019-2020/new-england-patriots-dallas-cowboys-fcxOKKdt/
2019-11-24,2020,1,ten,jax,1,-226,181,0.04912341986332769,0.6607912097059497,0.6104524911590169,https://www.oddsportal.com/american-football/usa/nfl-2019-2020/tennessee-titans-jacksonville-jaguars-IXEfxmSD/
2019-11-24,2020,1,buf,den,1,-211,170,0.048826962010241726,0.6468718065175428,0.6608432425566406,https://www.oddsportal.com/american-football/usa/nfl-2019-2020/buffalo-bills-denver-broncos-vRRSNmDK/
2019-11-24,2020,1,chi,nyg,1,-270,212,0.05024255024255031,0.694820191355988,0.8760510655966641,https://www.oddsportal.com/american-football/usa/nfl-2019-2020/chicago-bears-new-york-giants-hUVWM7SQ/
2019-11-24,2020,1,cin,pit,0,210,-268,0.050841514726507775,0.3069736403069736,0.0,https://www.oddsportal.com/american-football/usa/nfl-2019-2020/cincinnati-bengals-pittsburgh-steelers-A9IbIRzr/
2019-11-24,2020,1,cle,mia,1,-566,406,0.04747830834787359,0.8113293068476697,0.9021420194178741,https://www.oddsportal.com/american-football/usa/nfl-2019-2020/cleveland-browns-miami-dolphins-l0H2Hojl/
2019-11-24,2020,1,atl,tb,0,-184,152,0.044712720769058745,0.6201583565161567,0.45671153391740493,https://www.oddsportal.com/american-football/usa/nfl-2019-2020/atlanta-falcons-tampa-bay-buccaneers-UBYaG55f/
2019-11-24,2020,1,no,car,1,-492,361,0.04800082077739343,0.7930156776638743,0.8423629118884901,https://www.oddsportal.com/american-football/usa/nfl-2019-2020/new-orleans-saints-carolina-panthers-82X3FPK0/
2019-11-24,2020,1,nyj,oak,1,156,-190,0.045797413793103425,0.37351880473982485,0.13122663335913248,https://www.oddsportal.com/american-football/usa/nfl-2019-2020/new-york-jets-las-vegas-raiders-GSzCD3kD/
2019-11-24,2020,1,phi,sea,0,102,-125,0.050605060506050625,0.4712041884816754,0.0748919179283819,https://www.oddsportal.com/american-football/usa/nfl-2019-2020/philadelphia-eagles-seattle-seahawks-2NuWIbRh/
2019-11-24,2020,1,wsh,det,1,167,-207,0.04879893618319109,0.35710546825018324,0.09735759948448755,https://www.oddsportal.com/american-football/usa/nfl-2019-2020/washington-commanders-detroit-lions-2PW7Eqz7/
2019-11-21,2020,1,hou,ind,1,-207,168,0.0474014293354077,0.643752320831786,0.6078021781256482,https://www.oddsportal.com/american-football/usa/nfl-2019-2020/houston-texans-indianapolis-colts-d2xOOTcE/
2019-11-17,2020,1,lar,chi,1,-250,198,0.04985618408437209,0.6803652968036529,0.6908521021520224,https://www.oddsportal.com/american-football/usa/nfl-2019-2020/los-angeles-rams-chicago-bears-Uepx1Q57/
2019-11-17,2020,1,oak,cin,1,-750,496,0.05013817607579951,0.8402255639097743,1.0,https://www.oddsportal.com/american-football/usa/nfl-2019-2020/las-vegas-raiders-cincinnati-bengals-8tdT2nye/
2019-11-17,2020,1,phi,ne,0,173,-217,0.05084295305115494,0.3485776492451149,0.10833615897959806,https://www.oddsportal.com/american-football/usa/nfl-2019-2020/philadelphia-eagles-new-england-patriots-j5oY16j1/
2019-11-17,2020,1,sf,ari,1,-484,349,0.05148427250816123,0.7881878454641732,0.9687399334473786,https://www.oddsportal.com/american-football/usa/nfl-2019-2020/san-francisco-49ers-arizona-cardinals-d6hP3SLl/
2019-11-17,2020,1,bal,hou,1,-234,187,0.049030858144338385,0.6678533781499235,0.6762807193646116,https://www.oddsportal.com/american-football/usa/nfl-2019-2020/baltimore-ravens-houston-texans-48DpBATE/
2019-11-17,2020,1,car,atl,0,-207,164,0.05305497976507745,0.6402961990907813,0.8010995822669751,https://www.oddsportal.com/american-football/usa/nfl-2019-2020/carolina-panthers-atlanta-falcons-EJph5Kud/
2019-11-17,2020,1,det,dal,0,267,-357,0.05366118328871505,0.2586026403499341,0.5172093110211468,https://www.oddsportal.com/american-football/usa/nfl-2019-2020/detroit-lions-dallas-cowboys-hAqd4ve2/
2019-11-17,2020,1,ind,jax,1,-140,115,0.04844961240310086,0.5563770794824399,0.6057669304810424,https://www.oddsportal.com/american-football/usa/nfl-2019-2020/indianapolis-colts-jacksonville-jaguars-drAxDWb2/
2019-11-17,2020,1,mia,buf,0,270,-357,0.051451889526287875,0.25704482816806346,0.15509221907381365,https://www.oddsportal.com/american-football/usa/nfl-2019-2020/miami-dolphins-buffalo-bills-AoEtCjE8/
2019-11-17,2020,1,min,den,1,-492,357,0.04989946182506344,0.7915815859514723,0.7629742309811929,https://www.oddsportal.com/american-football/usa/nfl-2019-2020/minnesota-vikings-denver-broncos-raClAUrL/
2019-11-17,2020,1,tb,no,0,182,-229,0.050658561296859084,0.3375120540019287,0.15094924417518646,https://www.oddsportal.com/american-football/usa/nfl-2019-2020/tampa-bay-buccaneers-new-orleans-saints-2qgL486r/
2019-11-17,2020,1,wsh,nyj,0,-127,104,0.04966744407013901,0.5329986833443056,0.2785209605329631,https://www.oddsportal.com/american-football/usa/nfl-2019-2020/washington-commanders-new-york-jets-0z7g9lbR/
2019-11-14,2020,1,cle,pit,1,-163,133,0.04895641247409399,0.59084615504286,0.21974386517275105,https://www.oddsportal.com/american-football/usa/nfl-2019-2020/cleveland-browns-pittsburgh-steelers-KrWl60Qk/
2019-11-11,2020,1,sf,sea,0,-266,205,0.05464480874316946,0.689119170984456,0.9542377133926306,https://www.oddsportal.com/american-football/usa/nfl-2019-2020/san-francisco-49ers-seattle-seahawks-thXp7tBq/
2019-11-10,2020,1,dal,min,0,-183,150,0.04664310954063611,0.6178257933828494,0.2537870390702665,https://www.oddsportal.com/american-football/usa/nfl-2019-2020/dallas-cowboys-minnesota-vikings-zBfIBM2S/
2019-11-10,2020,1,gb,car,1,-236,187,0.05081300813008127,0.6684166896932854,0.578741136395303,https://www.oddsportal.com/american-football/usa/nfl-2019-2020/green-bay-packers-carolina-panthers-pQH6gNtp/
2019-11-10,2020,1,pit,lar,1,184,-231,0.04999787243096021,0.3353460852650349,0.30445743283867827,https://www.oddsportal.com/american-football/usa/nfl-2019-2020/pittsburgh-steelers-los-angeles-rams-M7jEC2mM/
2019-11-10,2020,1,ind,mia,0,-601,426,0.047460716087284416,0.8185000491939952,0.9844705970558592,https://www.oddsportal.com/american-football/usa/nfl-2019-2020/indianapolis-colts-miami-dolphins-SpiADrYF/
2019-11-10,2020,1,chi,det,1,-294,228,0.05107094218150299,0.7099358030508275,0.4445878675994227,https://www.oddsportal.com/american-football/usa/nfl-2019-2020/chicago-bears-detroit-lions-vPAFi1Bd/
2019-11-10,2020,1,cin,bal,0,415,-589,0.04903687629461584,0.18509812349725308,0.0,https://www.oddsportal.com/american-football/usa/nfl-2019-2020/cincinnati-bengals-baltimore-ravens-EsRzaqJM/
2019-11-10,2020,1,cle,buf,1,-163,134,0.04712229046829797,0.5918810713509823,0.3152828740843334,https://www.oddsportal.com/american-football/usa/nfl-2019-2020/cleveland-browns-buffalo-bills-rHVvb3YS/
2019-11-10,2020,1,no,atl,0,-909,564,0.05149438188830646,0.8567729773618974,0.9869186769479563,https://www.oddsportal.com/american-football/usa/nfl-2019-2020/new-orleans-saints-atlanta-falcons-Sl7Bhsdj/
2019-11-10,2020,1,nyj,nyg,1,128,-156,0.04797149122807021,0.418519487313628,0.24294367742705675,https://www.oddsportal.com/american-football/usa/nfl-2019-2020/new-york-jets-new-york-giants-hSbcGplc/
2019-11-10,2020,1,tb,ari,1,-252,202,0.0470349187236605,0.6837490117156616,0.572462082427436,https://www.oddsportal.com/american-football/usa/nfl-2019-2020/tampa-bay-buccaneers-arizona-cardinals-lfh6EOI9/
2019-11-10,2020,1,ten,kc,1,198,-251,0.05067018489837283,0.319387068008517,0.13487038284489974,https://www.oddsportal.com/american-football/usa/nfl-2019-2020/tennessee-titans-kansas-city-chiefs-WIc1F433/
2019-11-07,2020,1,oak,lac,1,-101,-122,0.05203711173860448,0.4776329243353783,0.6386257737044888,https://www.oddsportal.com/american-football/usa/nfl-2019-2020/las-vegas-raiders-los-angeles-chargers-ziSWaP3G/
2019-11-04,2020,1,nyg,dal,0,234,-303,0.051262239788413266,0.2848016282455371,0.29652802604515477,https://www.oddsportal.com/american-football/usa/nfl-2019-2020/new-york-giants-dallas-cowboys-hSxS05lA/
2019-11-03,2020,1,bal,ne,1,137,-167,0.04740909306404961,0.40284252930792563,0.040678179384887665,https://www.oddsportal.com/american-football/usa/nfl-2019-2020/baltimore-ravens-new-england-patriots-vPYN1oZ3/
2019-11-03,2020,1,den,cle,1,165,-203,0.04732548726570762,0.3603067958856056,0.3302103604699461,https://www.oddsportal.com/american-football/usa/nfl-2019-2020/denver-broncos-cleveland-browns-p2ZJ2RJc/
2019-11-03,2020,1,lac,gb,1,171,-213,0.04951487214552652,0.3515945317502219,0.042632416582755024,https://www.oddsportal.com/american-football/usa/nfl-2019-2020/los-angeles-chargers-green-bay-packers-6BzG374i/
2019-11-03,2020,1,oak,det,1,-148,120,0.0513196480938416,0.5676429567642958,0.47813512086055115,https://www.oddsportal.com/american-football/usa/nfl-2019-2020/las-vegas-raiders-detroit-lions-6JUvuORj/
2019-11-03,2020,1,sea,tb,1,-214,170,0.051899032790752475,0.6479031172908724,0.8153387091827423,https://www.oddsportal.com/american-football/usa/nfl-2019-2020/seattle-seahawks-tampa-bay-buccaneers-SSVzt4Cp/
2019-11-03,2020,1,buf,wsh,1,-577,409,0.048753166779359924,0.812669310141591,0.9989713282473266,https://www.oddsportal.com/american-football/usa/nfl-2019-2020/buffalo-bills-washington-commanders-zX77cWsI/
2019-11-03,2020,0,car,ten,1,-189,154,0.04768002615590006,0.6242165760798898,0.7509573600869974,https://www.oddsportal.com/american-football/usa/nfl-2019-2020/carolina-panthers-tennessee-titans-MT33bCSB/
2019-11-03,2020,0,kc,min,1,193,-244,0.05059925390904052,0.32485929059796775,0.5283873327377201,https://www.oddsportal.com/american-football/usa/nfl-2019-2020/kansas-city-chiefs-minnesota-vikings-v5EbahD5/
2019-11-03,2020,0,mia,nyj,1,152,-185,0.04594820384294063,0.3793929712460064,0.0,https://www.oddsportal.com/american-football/usa/nfl-2019-2020/miami-dolphins-new-york-jets-0EFf0Yca/
2019-11-03,2020,0,phi,chi,1,-240,192,0.048348106365833976,0.6733282090699463,0.33678830183927516,https://www.oddsportal.com/american-football/usa/nfl-2019-2020/philadelphia-eagles-chicago-bears-hlCn2fTn/
2019-11-03,2020,0,pit,ind,1,-124,102,0.04862093352192365,0.5279042320013488,0.20999959721249162,https://www.oddsportal.com/american-football/usa/nfl-2019-2020/pittsburgh-steelers-indianapolis-colts-WvBj1Erg/
2019-11-03,2020,0,jax,hou,0,-119,-102,0.048329490483294935,0.5183284457478006,0.2618297119609455,https://www.oddsportal.com/american-football/usa/nfl-2019-2020/jacksonville-jaguars-houston-texans-APMs3zEt/
2019-10-31,2020,0,ari,sf,0,382,-537,0.050483008396464246,0.19749855829152896,0.004106372464515988,https://www.oddsportal.com/american-football/usa/nfl-2019-2020/arizona-cardinals-san-francisco-49ers-lMGG7G5P/
2019-10-28,2020,0,pit,mia,1,-912,560,0.05270092226613965,0.8560700876095119,1.0,https://www.oddsportal.com/american-football/usa/nfl-2019-2020/pittsburgh-steelers-miami-dolphins-zJSYrXSO/
2019-10-27,2020,0,kc,gb,0,186,-238,0.05379236148466915,0.3318019397651863,0.26296896417215204,https://www.oddsportal.com/american-football/usa/nfl-2019-2020/kansas-city-chiefs-green-bay-packers-dSTUqDDI/
2019-10-27,2020,0,hou,oak,1,-235,184,0.053605213369770865,0.6658020750199521,0.5791049031255828,https://www.oddsportal.com/american-football/usa/nfl-2019-2020/houston-texans-las-vegas-raiders-hzXDmeEg/
2019-10-27,2020,0,ne,cle,1,-436,322,0.050399660465445306,0.7744031785582006,0.9927823032945355,https://www.oddsportal.com/american-football/usa/nfl-2019-2020/new-england-patriots-cleveland-browns-00zMoZr6/
2019-10-27,2020,0,sf,car,1,-210,167,0.051951190044702056,0.6439646261628575,0.9833280781229247,https://www.oddsportal.com/american-football/usa/nfl-2019-2020/san-francisco-49ers-carolina-panthers-6wyInFTa/
2019-10-27,2020,0,atl,sea,0,261,-345,0.05228920912571189,0.2632435150403739,0.030648211085761937,https://www.oddsportal.com/american-football/usa/nfl-2019-2020/atlanta-falcons-seattle-seahawks-YPGvZea0/
2019-10-27,2020,0,buf,phi,0,-114,-108,0.05194104960460111,0.5064069707842132,0.9692395812247633,https://www.oddsportal.com/american-football/usa/nfl-2019-2020/buffalo-bills-philadelphia-eagles-0xdwfcyQ/
2019-10-27,2020,0,chi,lac,0,-190,153,0.050429330789150795,0.6237186972881796,0.9707554256149832,https://www.oddsportal.com/american-football/usa/nfl-2019-2020/chicago-bears-los-angeles-chargers-WKr5kHqs/
2019-10-27,2020,0,det,nyg,1,-278,213,0.05493855334110931,0.6971493582450686,0.6578580743268093,https://www.oddsportal.com/american-football/usa/nfl-2019-2020/detroit-lions-new-york-giants-ABs9lyam/
2019-10-27,2020,0,ind,den,1,-250,194,0.054421768707483054,0.6774193548387096,0.8154633122168097,https://www.oddsportal.com/american-football/usa/nfl-2019-2020/indianapolis-colts-denver-broncos-viZPpgbC/
2019-10-27,2020,0,jax,nyj,1,-345,257,0.055392943694331676,0.7345898070557362,0.7526181280513238,https://www.oddsportal.com/american-football/usa/nfl-2019-2020/jacksonville-jaguars-new-york-jets-MocZfwMJ/
2019-10-27,2020,0,lar,cin,1,-645,442,0.05027365709898701,0.8243297413284917,1.0,https://www.oddsportal.com/american-football/usa/nfl-2019-2020/los-angeles-rams-cincinnati-bengals-KtJjWgqJ/
2019-10-27,2020,0,no,ari,1,-716,478,0.05046136101499421,0.8353005764479824,0.963986201967413,https://www.oddsportal.com/american-football/usa/nfl-2019-2020/new-orleans-saints-arizona-cardinals-6wFnXZTC/
2019-10-27,2020,0,ten,tb,1,-134,108,0.05341880341880345,0.5436105476673427,0.10906664585939564,https://www.oddsportal.com/american-football/usa/nfl-2019-2020/tennessee-titans-tampa-bay-buccaneers-CGFrYFE6/
2019-10-24,2020,0,min,wsh,1,-1431,765,0.050290150002076484,0.8899285721988763,0.999526679051345,https://www.oddsportal.com/american-football/usa/nfl-2019-2020/minnesota-vikings-washington-commanders-GlMZZypf/
2019-10-21,2020,0,nyj,ne,0,338,-477,0.055000276979812135,0.2164080022203386,0.001810570371055308,https://www.oddsportal.com/american-football/usa/nfl-2019-2020/new-york-jets-new-england-patriots-xbNVzIUm/
2019-10-20,2020,0,dal,phi,1,-164,131,0.054112554112554,0.5893223819301848,0.4190711089336222,https://www.oddsportal.com/american-football/usa/nfl-2019-2020/dallas-cowboys-philadelphia-eagles-ryORybFs/
2019-10-20,2020,0,chi,no,0,-215,170,0.05291005291005302,0.6482412060301507,0.16348490954369885,https://www.oddsportal.com/american-football/usa/nfl-2019-2020/chicago-bears-new-orleans-saints-QJsesKiK/
2019-10-20,2020,0,sea,bal,0,-154,123,0.05472970587196779,0.5748384720966825,0.974606763707178,https://www.oddsportal.com/american-football/usa/nfl-2019-2020/seattle-seahawks-baltimore-ravens-8rXatv7Q/
2019-10-20,2020,0,ten,lac,1,-156,125,0.05381944444444442,0.5782537067545305,0.6295939609882457,https://www.oddsportal.com/american-football/usa/nfl-2019-2020/tennessee-titans-los-angeles-chargers-nTrir0xE/
2019-10-20,2020,0,atl,lar,0,136,-170,0.053358443188951554,0.4022646007151371,0.009741944402796798,https://www.oddsportal.com/american-football/usa/nfl-2019-2020/atlanta-falcons-los-angeles-rams-OfcdMIFf/
2019-10-20,2020,0,buf,mia,1,-1670,812,0.05315194766577447,0.8958848027105245,1.0,https://www.oddsportal.com/american-football/usa/nfl-2019-2020/buffalo-bills-miami-dolphins-MBtQT0NK/
2019-10-20,2020,0,cin,jax,0,174,-220,0.052463503649635035,0.3467706978760295,0.0,https://www.oddsportal.com/american-football/usa/nfl-2019-2020/cincinnati-bengals-jacksonville-jaguars-02uUSKxR/
2019-10-20,2020,0,det,min,0,115,-145,0.05695301376364492,0.4400538841490795,0.26395279546212924,https://www.oddsportal.com/american-football/usa/nfl-2019-2020/detroit-lions-minnesota-vikings-jsalOvor/
2019-10-20,2020,0,gb,oak,1,-259,199,0.05589662850169086,0.6832567208688825,0.8666162203836462,https://www.oddsportal.com/american-football/usa/nfl-2019-2020/green-bay-packers-las-vegas-raiders-UXchNb0l/
2019-10-20,2020,0,ind,hou,1,-125,101,0.05306799336650081,0.5275590551181103,0.1493476811741907,https://www.oddsportal.com/american-football/usa/nfl-2019-2020/indianapolis-colts-houston-texans-xb10LxV0/
2019-10-20,2020,0,nyg,ari,0,-189,150,0.0539792387543252,0.6204858831254104,0.7677119639445503,https://www.oddsportal.com/american-football/usa/nfl-2019-2020/new-york-giants-arizona-cardinals-bDk9JGaD/
2019-10-20,2020,0,wsh,sf,0,351,-490,0.0522379645984441,0.21072181149326763,6.895068891172987e-06,https://www.oddsportal.com/american-football/usa/nfl-2019-2020/washington-commanders-san-francisco-49ers-KMj5Kdp7/
2019-10-17,2020,0,den,kc,0,125,-157,0.055339386078685715,0.4211388775092175,0.1504784962841064,https://www.oddsportal.com/american-football/usa/nfl-2019-2020/denver-broncos-kansas-city-chiefs-SlsMUt8E/
2019-10-14,2020,0,gb,det,1,-194,152,0.05668934240362811,0.6244635193133047,0.7994587193264575,https://www.oddsportal.com/american-football/usa/nfl-2019-2020/green-bay-packers-detroit-lions-EowIVMh8/
2019-10-13,2020,0,lac,pit,0,-294,225,0.053885201093323065,0.7080400148203038,0.9989302872977245,https://www.oddsportal.com/american-football/usa/nfl-2019-2020/los-angeles-chargers-pittsburgh-steelers-CtaZ6wG7/
2019-10-13,2020,0,den,ten,1,-115,-107,0.05179193349061895,0.5085451826532792,0.4697470348877967,https://www.oddsportal.com/american-football/usa/nfl-2019-2020/denver-broncos-tennessee-titans-Yk0V7J01/
2019-10-13,2020,0,nyj,dal,1,258,-345,0.054610507814951914,0.264865186596036,0.0,https://www.oddsportal.com/american-football/usa/nfl-2019-2020/new-york-jets-dallas-cowboys-4GeR8aoe/
2019-10-13,2020,0,ari,atl,1,129,-161,0.05353946025531631,0.4144896695199225,0.0014829831774910921,https://www.oddsportal.com/american-football/usa/nfl-2019-2020/arizona-cardinals-atlanta-falcons-QPdN9uWl/
2019-10-13,2020,0,lar,sf,0,-171,137,0.05293723823314189,0.5992724799266564,0.07401016172841687,https://www.oddsportal.com/american-football/usa/nfl-2019-2020/los-angeles-rams-san-francisco-49ers-r17IALGr/
2019-10-13,2020,0,bal,cin,1,-606,421,0.05029552016442551,0.8172527865067327,1.0,https://www.oddsportal.com/american-football/usa/nfl-2019-2020/baltimore-ravens-cincinnati-bengals-YiukSmnG/
2019-10-13,2020,0,cle,sea,0,-116,-107,0.05394524959742353,0.5095492742551566,0.004773664949965464,https://www.oddsportal.com/american-football/usa/nfl-2019-2020/cleveland-browns-seattle-seahawks-vVuoTTW9/
2019-10-13,2020,0,jax,no,0,-152,121,0.05566329095740863,0.5713702544563886,0.0312706209185727,https://www.oddsportal.com/american-football/usa/nfl-2019-2020/jacksonville-jaguars-new-orleans-saints-0vssU9H3/
2019-10-13,2020,0,kc,hou,0,-206,162,0.05488200369206209,0.6381781204181053,0.6733935168511428,https://www.oddsportal.com/american-football/usa/nfl-2019-2020/kansas-city-chiefs-houston-texans-r3nxVk2c/
2019-10-13,2020,0,mia,wsh,0,203,-264,0.05530772857505539,0.3127362705340573,,https://www.oddsportal.com/american-football/usa/nfl-2019-2020/miami-dolphins-washington-commanders-j9aj7nAj/
2019-10-13,2020,0,min,phi,1,-187,149,0.05317436995368219,0.6186705286794308,0.8596323030017109,https://www.oddsportal.com/american-football/usa/nfl-2019-2020/minnesota-vikings-philadelphia-eagles-4CmYVVni/
2019-10-10,2020,0,ne,nyg,1,-1334,692,0.05652761928912553,0.8804928295697743,0.9890493059823317,https://www.oddsportal.com/american-football/usa/nfl-2019-2020/new-england-patriots-new-york-giants-WOIJC8nT/
2019-10-07,2020,0,sf,cle,1,-232,183,0.05215207118225562,0.6641579671441288,0.9994898941557875,https://www.oddsportal.com/american-football/usa/nfl-2019-2020/san-francisco-49ers-cleveland-browns-hYJFDlXM/
2019-10-06,2020,0,kc,ind,0,-589,405,0.0528819209932605,0.8119259168270345,0.9995565637862049,https://www.oddsportal.com/american-football/usa/nfl-2019-2020/kansas-city-chiefs-indianapolis-colts-p8KBEUHG/
2019-10-06,2020,0,dal,gb,0,-184,146,0.054391388984312394,0.6144656820156386,0.9664081586033677,https://www.oddsportal.com/american-football/usa/nfl-2019-2020/dallas-cowboys-green-bay-packers-6HL7FA2A/
2019-10-06,2020,0,lac,den,0,-233,182,0.054309628777713836,0.6636567480758743,1.0,https://www.oddsportal.com/american-football/usa/nfl-2019-2020/los-angeles-chargers-denver-broncos-OhW2Gjm4/
2019-10-06,2020,0,car,jax,1,-192,151,0.05594062107733455,0.6227000206739715,0.8823303027268078,https://www.oddsportal.com/american-football/usa/nfl-2019-2020/carolina-panthers-jacksonville-jaguars-GEmM3D3b/
2019-10-06,2020,0,cin,ari,0,-164,131,0.054112554112554,0.5893223819301848,,https://www.oddsportal.com/american-football/usa/nfl-2019-2020/cincinnati-bengals-arizona-cardinals-4lax0V2N/
2019-10-06,2020,0,hou,atl,1,-206,164,0.05199049316696369,0.6399322225360069,0.9712883936130483,https://www.oddsportal.com/american-football/usa/nfl-2019-2020/houston-texans-atlanta-falcons-bBbtakIT/
2019-10-06,2020,0,pit,bal,0,142,-179,0.054800201427767314,0.3917548934258194,0.9872128495479534,https://www.oddsportal.com/american-football/usa/nfl-2019-2020/pittsburgh-steelers-baltimore-ravens-63tZ0BmH/
2019-10-06,2020,0,ten,buf,0,-185,146,0.05562687205819428,0.6149169031211998,0.001585873063991746,https://www.oddsportal.com/american-football/usa/nfl-2019-2020/tennessee-titans-buffalo-bills-OviU1iYA/
2019-10-06,2020,0,wsh,ne,0,740,-1337,0.04945819663982509,0.1134372187751622,0.0,https://www.oddsportal.com/american-football/usa/nfl-2019-2020/washington-commanders-new-england-patriots-plhQ2XI4/
2019-10-06,2020,0,no,tb,1,-159,127,0.054428248260847356,0.5822108947784428,0.7048378569455439,https://www.oddsportal.com/american-football/usa/nfl-2019-2020/new-orleans-saints-tampa-bay-buccaneers-0Kp8f9Qp/
2019-10-06,2020,0,nyg,min,0,188,-244,0.0565245478036176,0.32864567410577805,0.9769629986268974,https://www.oddsportal.com/american-football/usa/nfl-2019-2020/new-york-giants-minnesota-vikings-xxUjJh3o/
2019-10-06,2020,0,phi,nyj,1,-1053,631,0.05006863674492168,0.8697238439262273,1.0,https://www.oddsportal.com/american-football/usa/nfl-2019-2020/philadelphia-eagles-new-york-jets-AkSbHWXc/
2019-10-03,2020,0,sea,lar,1,-123,-100,0.05156950672645744,0.5245202558635395,0.022412350937968725,https://www.oddsportal.com/american-football/usa/nfl-2019-2020/seattle-seahawks-los-angeles-rams-xOlI4glh/
2019-09-30,2020,0,pit,cin,1,-187,148,0.05479375070248382,0.6177207096808568,,https://www.oddsportal.com/american-football/usa/nfl-2019-2020/pittsburgh-steelers-cincinnati-bengals-faaD5ZYo/
2019-09-29,2020,0,no,dal,1,118,-148,0.05548978987866238,0.4345997476517594,0.9127225673447963,https://www.oddsportal.com/american-football/usa/nfl-2019-2020/new-orleans-saints-dallas-cowboys-tde96FJu/
2019-09-29,2020,0,chi,min,1,-109,-113,0.05204753240335158,0.4957295981551863,0.05058151116258058,https://www.oddsportal.com/american-football/usa/nfl-2019-2020/chicago-bears-minnesota-vikings-QqLanCYN/
2019-09-29,2020,0,den,jax,0,-142,114,0.05406657913030055,0.5566791236169122,0.0,https://www.oddsportal.com/american-football/usa/nfl-2019-2020/denver-broncos-jacksonville-jaguars-4zK3oWmU/
2019-09-29,2020,0,ari,sea,0,194,-250,0.054421768707483054,0.3225806451612903,0.0,https://www.oddsportal.com/american-football/usa/nfl-2019-2020/arizona-cardinals-seattle-seahawks-pY32mhJH/
2019-09-29,2020,0,lar,tb,0,-455,325,0.05511393746687854,0.7769964841788046,0.9999931610220762,https://www.oddsportal.com/american-football/usa/nfl-2019-2020/los-angeles-rams-tampa-bay-buccaneers-6s5blY3B/
2019-09-29,2020,0,atl,ten,0,-175,141,0.05130139569973591,0.6053103695730176,0.9526133874150848,https://www.oddsportal.com/american-football/usa/nfl-2019-2020/atlanta-falcons-tennessee-titans-d8sFcfRI/
2019-09-29,2020,0,bal,cle,0,-339,256,0.053108443602672084,0.7332669032226705,0.999168603146843,https://www.oddsportal.com/american-football/usa/nfl-2019-2020/baltimore-ravens-cleveland-browns-bH1jjfZb/
2019-09-29,2020,0,buf,ne,0,258,-345,0.054610507814951914,0.264865186596036,0.8734464071829485,https://www.oddsportal.com/american-football/usa/nfl-2019-2020/buffalo-bills-new-england-patriots-CK5fkEl5/
2019-09-29,2020,0,det,kc,0,275,-370,0.053900709219858234,0.2530282637954239,0.8396467317947084,https://www.oddsportal.com/american-football/usa/nfl-2019-2020/detroit-lions-kansas-city-chiefs-GhCoizKh/
2019-09-29,2020,0,hou,car,0,-247,191,0.05545817364350292,0.674413804104075,0.999989295730558,https://www.oddsportal.com/american-football/usa/nfl-2019-2020/houston-texans-carolina-panthers-x2DshG4n/
2019-09-29,2020,0,ind,oak,0,-244,189,0.05532308682706999,0.6721186472987916,0.9944464828466284,https://www.oddsportal.com/american-football/usa/nfl-2019-2020/indianapolis-colts-las-vegas-raiders-8S8wgdkt/
2019-09-29,2020,0,mia,lac,0,639,-1116,0.05308115518837697,0.12849721659812072,0.0,https://www.oddsportal.com/american-football/usa/nfl-2019-2020/miami-dolphins-los-angeles-chargers-6JMBcxsP/
2019-09-29,2020,0,nyg,wsh,1,-175,140,0.05303030303030298,0.60431654676259,1.0,https://www.oddsportal.com/american-football/usa/nfl-2019-2020/new-york-giants-washington-commanders-8roJdEtP/
2019-09-26,2020,0,gb,phi,0,-190,150,0.05517241379310356,0.6209150326797385,0.9999977088541362,https://www.oddsportal.com/american-football/usa/nfl-2019-2020/green-bay-packers-philadelphia-eagles-2orBbzCC/
2019-09-23,2020,0,wsh,chi,0,187,-238,0.052574067583448514,0.3310285389693064,0.0,https://www.oddsportal.com/american-football/usa/nfl-2019-2020/washington-commanders-chicago-bears-Ofq7aGd6/
2019-09-22,2020,0,cle,lar,0,163,-208,0.055552812206804525,0.36021706586826346,1.3803882044794093e-07,https://www.oddsportal.com/american-football/usa/nfl-2019-2020/cleveland-browns-los-angeles-rams-6Jl20ds0/
2019-09-22,2020,0,lac,hou,0,-164,131,0.054112554112554,0.5893223819301848,0.9166695431451302,https://www.oddsportal.com/american-football/usa/nfl-2019-2020/los-angeles-chargers-houston-texans-SSkb1xSg/
2019-09-22,2020,0,sf,pit,1,-290,222,0.05414874980092366,0.7053935639824748,1.0,https://www.oddsportal.com/american-football/usa/nfl-2019-2020/san-francisco-49ers-pittsburgh-steelers-K2nj3bcs/
2019-09-22,2020,0,sea,no,0,-241,188,0.05396709025741275,0.670556865169842,0.11263678967867603,https://www.oddsportal.com/american-football/usa/nfl-2019-2020/seattle-seahawks-new-orleans-saints-Y5jf2ICm/
2019-09-22,2020,0,ari,car,0,-132,107,0.0520573046809929,0.5408122872298313,,https://www.oddsportal.com/american-football/usa/nfl-2019-2020/arizona-cardinals-carolina-panthers-v5YLKQSE/
2019-09-22,2020,0,tb,nyg,0,-230,180,0.05411255411255422,0.6611909650924025,1.0,https://www.oddsportal.com/american-football/usa/nfl-2019-2020/tampa-bay-buccaneers-new-york-giants-0EZHL6D8/
2019-09-22,2020,0,buf,cin,1,-253,196,0.05455171885766785,0.679638436127346,1.0,https://www.oddsportal.com/american-football/usa/nfl-2019-2020/buffalo-bills-cincinnati-bengals-Ktaq77bF/
2019-09-22,2020,0,dal,mia,1,-4004,1163,0.05481009200224096,0.9249376126210161,1.0,https://www.oddsportal.com/american-football/usa/nfl-2019-2020/dallas-cowboys-miami-dolphins-ncWzcNz8/
2019-09-22,2020,0,gb,den,1,-345,259,0.05383243090983081,0.7356775860532802,1.0,https://www.oddsportal.com/american-football/usa/nfl-2019-2020/green-bay-packers-denver-broncos-86XWc3L1/
2019-09-22,2020,0,ind,atl,1,-118,-104,0.05108832523835227,0.5149751839808318,0.5638295228186821,https://www.oddsportal.com/american-football/usa/nfl-2019-2020/indianapolis-colts-atlanta-falcons-QsrSbq6e/
2019-09-22,2020,0,kc,bal,1,-217,170,0.05491295712115907,0.6489090707719569,0.9022279624322082,https://www.oddsportal.com/american-football/usa/nfl-2019-2020/kansas-city-chiefs-baltimore-ravens-CvvOaPjk/
2019-09-22,2020,0,min,oak,1,-445,321,0.054043452679291226,0.7746490520788109,0.9787396194748883,https://www.oddsportal.com/american-football/usa/nfl-2019-2020/minnesota-vikings-las-vegas-raiders-IHvK05yq/
2019-09-22,2020,0,ne,nyj,1,-2859,1050,0.053161320657683975,0.9174328566445763,1.0,https://www.oddsportal.com/american-football/usa/nfl-2019-2020/new-england-patriots-new-york-jets-G8hh5oTR/
2019-09-22,2020,0,phi,det,0,-210,165,0.054777845404747394,0.6422388920946336,3.7501349867168884e-06,https://www.oddsportal.com/american-football/usa/nfl-2019-2020/philadelphia-eagles-detroit-lions-bXcm6RDL/
2019-09-19,2020,0,jax,ten,1,104,-129,0.05351485572394887,0.4652958387516255,0.0,https://www.oddsportal.com/american-football/usa/nfl-2019-2020/jacksonville-jaguars-tennessee-titans-QJau8mq9/
2019-09-16,2020,0,nyj,cle,0,232,-303,0.053065861460731334,0.2860265727912787,,https://www.oddsportal.com/american-football/usa/nfl-2019-2020/new-york-jets-cleveland-browns-Eqdy9TT2/
2019-09-15,2020,0,atl,phi,1,-107,-116,0.05394524959742353,0.49045072574484333,0.0,https://www.oddsportal.com/american-football/usa/nfl-2019-2020/atlanta-falcons-philadelphia-eagles-CvIhppi2/
2019-09-15,2020,0,den,chi,0,127,-159,0.054428248260847356,0.41778910522155727,,https://www.oddsportal.com/american-football/usa/nfl-2019-2020/denver-broncos-chicago-bears-YmJloQyd/
2019-09-15,2020,0,lar,no,1,-128,102,0.05645301372242484,0.5314041433738902,0.5,https://www.oddsportal.com/american-football/usa/nfl-2019-2020/los-angeles-rams-new-orleans-saints-4EEpn6Mk/
2019-09-15,2020,0,oak,kc,0,229,-303,0.055812409964777876,0.2878838749312436,0.5,https://www.oddsportal.com/american-football/usa/nfl-2019-2020/las-vegas-raiders-kansas-city-chiefs-QNFtmn7q/
2019-09-15,2020,0,bal,ari,1,-772,489,0.05510038784442606,0.839087077511312,,https://www.oddsportal.com/american-football/usa/nfl-2019-2020/baltimore-ravens-arizona-cardinals-2qirv9US/
2019-09-15,2020,0,cin,sf,0,-112,-110,0.05211141060197666,0.502134927412468,0.0,https://www.oddsportal.com/american-football/usa/nfl-2019-2020/cincinnati-bengals-san-francisco-49ers-hEJ4eAa3/
2019-09-15,2020,0,det,lac,1,-104,-118,0.05108832523835227,0.4850248160191682,,https://www.oddsportal.com/american-football/usa/nfl-2019-2020/detroit-lions-los-angeles-chargers-YPz2fUE9/
2019-09-15,2020,0,gb,min,1,-169,136,0.05198160166341115,0.5972089123143268,0.5,https://www.oddsportal.com/american-football/usa/nfl-2019-2020/green-bay-packers-minnesota-vikings-CGZ5glUF/
2019-09-15,2020,0,hou,jax,1,-377,279,0.054208636874042426,0.7497153471191029,,https://www.oddsportal.com/american-football/usa/nfl-2019-2020/houston-texans-jacksonville-jaguars-6wZ9h8qM/
2019-09-15,2020,0,nyg,buf,0,-100,-124,0.0535714285714286,0.4745762711864407,0.0,https://www.oddsportal.com/american-football/usa/nfl-2019-2020/new-york-giants-buffalo-bills-ENK0djpc/
2019-09-15,2020,0,pit,sea,0,-210,168,0.050553683196918664,0.644821264894592,0.0,https://www.oddsportal.com/american-football/usa/nfl-2019-2020/pittsburgh-steelers-seattle-seahawks-0KWIX67d/
2019-09-15,2020,0,ten,ind,0,-172,138,0.05252100840336138,0.6007984031936128,1.0,https://www.oddsportal.com/american-football/usa/nfl-2019-2020/tennessee-titans-indianapolis-colts-nHSEYnhj/
2019-09-15,2020,0,wsh,dal,0,208,-274,0.05729564553093969,0.3070809248554913,0.0,https://www.oddsportal.com/american-football/usa/nfl-2019-2020/washington-commanders-dallas-cowboys-4hwAZSxp/
2019-09-15,2020,0,mia,ne,0,822,-1670,0.05196269470691317,0.10310239174248868,0.0,https://www.oddsportal.com/american-football/usa/nfl-2019-2020/miami-dolphins-new-england-patriots-KtwEiSbS/
2019-09-12,2020,0,car,tb,0,-278,213,0.05493855334110931,0.6971493582450686,,https://www.oddsportal.com/american-football/usa/nfl-2019-2020/carolina-panthers-tampa-bay-buccaneers-Y9nvukFM/
2019-09-09,2020,0,oak,den,1,124,-154,0.05272778402699663,0.42406838520101514,,https://www.oddsportal.com/american-football/usa/nfl-2019-2020/las-vegas-raiders-denver-broncos-fJmztVaG/
2019-09-09,2020,0,no,hou,1,-322,244,0.053730849774054956,0.7241253072538046,,https://www.oddsportal.com/american-football/usa/nfl-2019-2020/new-orleans-saints-houston-texans-CfbVtBpA/
2019-09-08,2020,0,ne,pit,1,-238,186,0.05379236148466915,0.6681980602348138,,https://www.oddsportal.com/american-football/usa/nfl-2019-2020/new-england-patriots-pittsburgh-steelers-E9uSsiV3/
2019-09-08,2020,0,dal,nyg,1,-322,244,0.053730849774054956,0.7241253072538046,,https://www.oddsportal.com/american-football/usa/nfl-2019-2020/dallas-cowboys-new-york-giants-tdsKqD0i/
2019-09-08,2020,0,tb,sf,0,-118,-105,0.05347952562094438,0.513806287170773,,https://www.oddsportal.com/american-football/usa/nfl-2019-2020/tampa-bay-buccaneers-san-francisco-49ers-4vbyLTNj/
2019-09-08,2020,0,lac,ind,1,-266,206,0.05357334190506813,0.6898199938980982,,https://www.oddsportal.com/american-football/usa/nfl-2019-2020/los-angeles-chargers-indianapolis-colts-88C5Qk0T/
2019-09-08,2020,0,sea,cin,1,-455,326,0.054561603857378405,0.7774034412224763,,https://www.oddsportal.com/american-football/usa/nfl-2019-2020/seattle-seahawks-cincinnati-bengals-QmaXL98p/
2019-09-08,2020,0,car,lar,0,101,-125,0.05306799336650081,0.47244094488188976,,https://www.oddsportal.com/american-football/usa/nfl-2019-2020/carolina-panthers-los-angeles-rams-j7SyXZGo/
2019-09-08,2020,0,cle,ten,0,-244,190,0.05412991178829207,0.6728794218333967,,https://www.oddsportal.com/american-football/usa/nfl-2019-2020/cleveland-browns-tennessee-titans-f581RVpN/
2019-09-08,2020,0,jax,kc,0,154,-194,0.05356473297980613,0.3736844781127663,,https://www.oddsportal.com/american-football/usa/nfl-2019-2020/jacksonville-jaguars-kansas-city-chiefs-CtJdSBVG/
2019-09-08,2020,0,mia,bal,0,246,-317,0.04920918756324433,0.27546207607245243,,https://www.oddsportal.com/american-football/usa/nfl-2019-2020/miami-dolphins-baltimore-ravens-YkKhTiGA/
2019-09-08,2020,0,min,atl,1,-183,148,0.04986891599224896,0.6159274740784974,,https://www.oddsportal.com/american-football/usa/nfl-2019-2020/minnesota-vikings-atlanta-falcons-QPKlUX04/
2019-09-08,2020,0,nyj,buf,0,-148,118,0.05548978987866238,0.5654002523482405,,https://www.oddsportal.com/american-football/usa/nfl-2019-2020/new-york-jets-buffalo-bills-nZLpVDob/
2019-09-08,2020,0,phi,wsh,1,-556,386,0.05332229248218412,0.8046549300807585,,https://www.oddsportal.com/american-football/usa/nfl-2019-2020/philadelphia-eagles-washington-commanders-4AWuWgWi/
2019-09-05,2020,0,chi,gb,0,-169,136,0.05198160166341115,0.5972089123143268,,https://www.oddsportal.com/american-football/usa/nfl-2019-2020/chicago-bears-green-bay-packers-x4vf8jvo/
2018-12-30,2019,1,ten,ind,0,194,-250,0.054421768707483054,0.3225806451612903,0.5730916077132457,https://www.oddsportal.com/american-football/usa/nfl-2018-2019/tennessee-titans-indianapolis-colts-t64s3Hhk/
2018-12-30,2019,1,bal,cle,1,-333,253,0.052339236763079944,0.7308034243296508,0.618531666373889,https://www.oddsportal.com/american-football/usa/nfl-2018-2019/baltimore-ravens-cleveland-browns-67xz97t8/
2018-12-30,2019,1,den,lac,0,235,-307,0.052807216986321404,0.2835347800341356,0.18670192631805188,https://www.oddsportal.com/american-football/usa/nfl-2018-2019/denver-broncos-los-angeles-chargers-QVRYd1mD/
2018-12-30,2019,1,kc,oak,1,-953,560,0.05654838988172317,0.8565942147409707,0.8950377870588138,https://www.oddsportal.com/american-football/usa/nfl-2018-2019/kansas-city-chiefs-las-vegas-raiders-x6go65QQ/
2018-12-30,2019,1,lar,sf,1,-541,377,0.05363736562041099,0.8010286909798638,0.9499055169661861,https://www.oddsportal.com/american-football/usa/nfl-2018-2019/los-angeles-rams-san-francisco-49ers-IPEKK4uK/
2018-12-30,2019,1,min,chi,0,-250,194,0.054421768707483054,0.6774193548387096,0.3737834115578493,https://www.oddsportal.com/american-football/usa/nfl-2018-2019/minnesota-vikings-chicago-bears-CSNUcsY6/
2018-12-30,2019,1,pit,cin,1,-741,472,0.05591911061590027,0.8344331747881689,0.680542496699888,https://www.oddsportal.com/american-football/usa/nfl-2018-2019/pittsburgh-steelers-cincinnati-bengals-rmWD1PYs/
2018-12-30,2019,1,sea,ari,1,-1000,604,0.051136363636363535,0.8648648648648649,0.8796941537310882,https://www.oddsportal.com/american-football/usa/nfl-2018-2019/seattle-seahawks-arizona-cardinals-vZFGLpQD/
2018-12-30,2019,1,wsh,phi,0,207,-266,0.05250885530695437,0.30948233583061335,0.39544374528291293,https://www.oddsportal.com/american-football/usa/nfl-2018-2019/washington-commanders-philadelphia-eagles-lW7k1eN1/
2018-12-30,2019,1,buf,mia,1,-274,213,0.05210913874698875,0.6963349084945032,0.4000590544360683,https://www.oddsportal.com/american-football/usa/nfl-2018-2019/buffalo-bills-miami-dolphins-SM6g0Fx8/
2018-12-30,2019,1,gb,det,0,-357,265,0.05515422199574349,0.7403482855600694,0.5904422427385684,https://www.oddsportal.com/american-football/usa/nfl-2018-2019/green-bay-packers-detroit-lions-f98o2y8e/
2018-12-30,2019,1,hou,jax,1,-339,252,0.056300476289086854,0.7310510451638199,0.7628237105834739,https://www.oddsportal.com/american-football/usa/nfl-2018-2019/houston-texans-jacksonville-jaguars-vLzr7oBK/
2018-12-30,2019,1,ne,nyj,1,-910,553,0.05412945582460238,0.8547243358313077,0.865268718095508,https://www.oddsportal.com/american-football/usa/nfl-2018-2019/new-england-patriots-new-york-jets-U3YPbNI0/
2018-12-30,2019,1,no,car,0,-385,285,0.05355469272995039,0.7534629559029101,0.9221111025714523,https://www.oddsportal.com/american-football/usa/nfl-2018-2019/new-orleans-saints-carolina-panthers-MwVH0qll/
2018-12-30,2019,1,nyg,dal,0,-370,274,0.05461372169757661,0.7464667170137016,0.24201816855722957,https://www.oddsportal.com/american-football/usa/nfl-2018-2019/new-york-giants-dallas-cowboys-jDZLa33f/
2018-12-30,2019,1,tb,atl,0,116,-145,0.05479969765684056,0.4389107846649946,0.44899898016639095,https://www.oddsportal.com/american-football/usa/nfl-2018-2019/tampa-bay-buccaneers-atlanta-falcons-pbyv8ReE/
2018-12-24,2019,1,oak,den,1,106,-132,0.05440241044526273,0.4603905381806636,0.2679585010875576,https://www.oddsportal.com/american-football/usa/nfl-2018-2019/las-vegas-raiders-denver-broncos-MHi9LP8G/
2018-12-23,2019,1,sea,kc,1,-105,-118,0.05347952562094438,0.4861937128292268,0.18394508092668754,https://www.oddsportal.com/american-football/usa/nfl-2018-2019/seattle-seahawks-kansas-city-chiefs-Eih5M5gA/
2018-12-23,2019,1,no,pit,1,-274,211,0.05416372921574375,0.6949777350057904,0.7693178127271414,https://www.oddsportal.com/american-football/usa/nfl-2018-2019/new-orleans-saints-pittsburgh-steelers-z1g1Nov4/
2018-12-23,2019,1,ari,lar,0,533,-871,0.05499127135589266,0.1497433082013377,0.039990801683422124,https://www.oddsportal.com/american-football/usa/nfl-2018-2019/arizona-cardinals-los-angeles-rams-vZahP79i/
2018-12-23,2019,1,sf,chi,0,167,-210,0.051951190044702056,0.3560353738371426,0.12283898462801868,https://www.oddsportal.com/american-football/usa/nfl-2018-2019/san-francisco-49ers-chicago-bears-hx4dOROc/
2018-12-23,2019,1,car,atl,0,116,-145,0.05479969765684056,0.4389107846649946,0.5723192683224421,https://www.oddsportal.com/american-football/usa/nfl-2018-2019/carolina-panthers-atlanta-falcons-hIyBCUPo/
2018-12-23,2019,1,cle,cin,1,-488,343,0.05566560710062807,0.7861693771273965,0.5237387632308999,https://www.oddsportal.com/american-football/usa/nfl-2018-2019/cleveland-browns-cincinnati-bengals-YXWV76vH/
2018-12-23,2019,1,dal,tb,1,-339,255,0.05389970804324817,0.7327163688392341,0.7023692976846112,https://www.oddsportal.com/american-football/usa/nfl-2018-2019/dallas-cowboys-tampa-bay-buccaneers-nuD614Hp/
2018-12-23,2019,1,det,min,0,216,-282,0.05467559149048973,0.3000502702023376,0.2986278091257237,https://www.oddsportal.com/american-football/usa/nfl-2018-2019/detroit-lions-minnesota-vikings-6oVw6p9T/
2018-12-23,2019,1,ind,nyg,1,-476,340,0.05366161616161613,0.7843019772318753,0.714909530231037,https://www.oddsportal.com/american-football/usa/nfl-2018-2019/indianapolis-colts-new-york-giants-0ruJA8fb/
2018-12-23,2019,1,mia,jax,0,-169,136,0.05198160166341115,0.5972089123143268,0.6342196869538445,https://www.oddsportal.com/american-football/usa/nfl-2018-2019/miami-dolphins-jacksonville-jaguars-McTR8nPA/
2018-12-23,2019,1,ne,buf,1,-834,532,0.05116146694494894,0.8494733177756861,0.7871381562757355,https://www.oddsportal.com/american-football/usa/nfl-2018-2019/new-england-patriots-buffalo-bills-SfWZ6QgN/
2018-12-23,2019,1,nyj,gb,0,131,-163,0.05267229601830348,0.41123950401075793,0.4306814808613292,https://www.oddsportal.com/american-football/usa/nfl-2018-2019/new-york-jets-green-bay-packers-vZwN9S94/
2018-12-23,2019,1,phi,hou,1,-129,103,0.055929614731,0.5334813698127814,0.26699716923135663,https://www.oddsportal.com/american-football/usa/nfl-2018-2019/philadelphia-eagles-houston-texans-W8zFBluh/
2018-12-22,2019,1,lac,bal,0,-212,168,0.05262150784538844,0.6455189965460826,0.7442217439096562,https://www.oddsportal.com/american-football/usa/nfl-2018-2019/los-angeles-chargers-baltimore-ravens-QVBA0OWj/
2018-12-22,2019,1,ten,wsh,1,-716,457,0.05698419403668109,0.8301457915289376,0.666054185006177,https://www.oddsportal.com/american-football/usa/nfl-2018-2019/tennessee-titans-washington-commanders-jDcSmomo/
2018-12-17,2019,1,car,no,0,210,-270,0.052310374891020084,0.30654515327257664,0.11176236296685496,https://www.oddsportal.com/american-football/usa/nfl-2018-2019/carolina-panthers-new-orleans-saints-Ei60hRvU/
2018-12-16,2019,1,lar,phi,0,-870,541,0.052913456744455356,0.8518337483006706,0.9367146660032768,https://www.oddsportal.com/american-football/usa/nfl-2018-2019/los-angeles-rams-philadelphia-eagles-KU6dg7PN/
2018-12-16,2019,1,pit,ne,1,116,-144,0.05312689738919252,0.43960795618333814,0.35571884702458323,https://www.oddsportal.com/american-football/usa/nfl-2018-2019/pittsburgh-steelers-new-england-patriots-tv8hfmAH/
2018-12-16,2019,1,sf,sea,1,164,-206,0.05199049316696369,0.36006777746399327,0.10245711733109289,https://www.oddsportal.com/american-football/usa/nfl-2018-2019/san-francisco-49ers-seattle-seahawks-EHydeTfB/
2018-12-16,2019,1,atl,ari,1,-426,313,0.05201668216426225,0.7698413392958721,0.6421046382915884,https://www.oddsportal.com/american-football/usa/nfl-2018-2019/atlanta-falcons-arizona-cardinals-YcGMtUuI/
2018-12-16,2019,1,bal,tb,1,-392,289,0.053817376220034685,0.7560588631946372,0.6961895774677489,https://www.oddsportal.com/american-football/usa/nfl-2018-2019/baltimore-ravens-tampa-bay-buccaneers-GM5RuleO/
2018-12-16,2019,1,buf,det,1,-154,123,0.05472970587196779,0.5748384720966825,0.43461596080074694,https://www.oddsportal.com/american-football/usa/nfl-2018-2019/buffalo-bills-detroit-lions-6ooy0itt/
2018-12-16,2019,1,chi,gb,1,-244,189,0.05532308682706999,0.6721186472987916,0.7787804615610202,https://www.oddsportal.com/american-football/usa/nfl-2018-2019/chicago-bears-green-bay-packers-fD4Vv8AU/
2018-12-16,2019,1,cin,oak,1,-164,132,0.05224660397074188,0.5903674280039722,0.6759352615755191,https://www.oddsportal.com/american-football/usa/nfl-2018-2019/cincinnati-bengals-las-vegas-raiders-bsFx4cwq/
2018-12-16,2019,1,ind,dal,1,-172,139,0.05076298301747473,0.6018035954792996,0.4034790306464834,https://www.oddsportal.com/american-football/usa/nfl-2018-2019/indianapolis-colts-dallas-cowboys-t4wlckQb/
2018-12-16,2019,1,jax,wsh,0,-351,263,0.05375260364173906,0.7385704265765478,0.4544367667367059,https://www.oddsportal.com/american-football/usa/nfl-2018-2019/jacksonville-jaguars-washington-commanders-S0ZqbVAh/
2018-12-16,2019,1,min,mia,1,-357,269,0.05218432928311767,0.7424379906781715,0.4676705534187765,https://www.oddsportal.com/american-football/usa/nfl-2018-2019/minnesota-vikings-miami-dolphins-zRxhd9u5/
2018-12-16,2019,1,nyg,ten,0,107,-134,0.055741360089186065,0.4575853572685674,0.252874456307519,https://www.oddsportal.com/american-football/usa/nfl-2018-2019/new-york-giants-tennessee-titans-pxpuaBen/
2018-12-15,2019,1,den,cle,0,-130,103,0.05782822874277138,0.534318687993521,0.5940676341677653,https://www.oddsportal.com/american-football/usa/nfl-2018-2019/denver-broncos-cleveland-browns-S0DErjB5/
2018-12-15,2019,1,nyj,hou,0,231,-303,0.0539758458090005,0.28664300498602346,0.1513110750064778,https://www.oddsportal.com/american-football/usa/nfl-2018-2019/new-york-jets-houston-texans-MNCIsAQB/
2018-12-13,2019,1,kc,lac,0,-202,160,0.05348955680081513,0.6349129593810444,0.6813240245865438,https://www.oddsportal.com/american-football/usa/nfl-2018-2019/kansas-city-chiefs-los-angeles-chargers-lAEAqWea/
2018-12-10,2019,1,sea,min,1,-170,135,0.05516154452324673,0.5967139656460044,0.5751598887043553,https://www.oddsportal.com/american-football/usa/nfl-2018-2019/seattle-seahawks-minnesota-vikings-WYJ5pCtg/
2018-12-09,2019,1,chi,lar,1,124,-155,0.05427170868347342,0.42344735968116903,0.05396802930835297,https://www.oddsportal.com/american-football/usa/nfl-2018-2019/chicago-bears-los-angeles-rams-YwhuUjdC/
2018-12-09,2019,1,ari,det,0,113,-141,0.05454580873901782,0.4451997857129662,0.3269349388723546,https://www.oddsportal.com/american-football/usa/nfl-2018-2019/arizona-cardinals-detroit-lions-MaUVjE3P/
2018-12-09,2019,1,dal,phi,1,-177,140,0.05565583634175697,0.6053006554573952,0.6652343446324791,https://www.oddsportal.com/american-football/usa/nfl-2018-2019/dallas-cowboys-philadelphia-eagles-bLLcnYBt/
2018-12-09,2019,1,oak,pit,1,371,-527,0.05282459187923494,0.20166153668020725,0.06989551510782424,https://www.oddsportal.com/american-football/usa/nfl-2018-2019/las-vegas-raiders-pittsburgh-steelers-hrL1ohRn/
2018-12-09,2019,1,lac,cin,1,-1429,731,0.05493471976603148,0.8859294881598689,0.8073221119290325,https://www.oddsportal.com/american-football/usa/nfl-2018-2019/los-angeles-chargers-cincinnati-bengals-KfjmSUQO/
2018-12-09,2019,1,sf,den,1,132,-165,0.0536759921925829,0.4090768755788824,0.05212487518061877,https://www.oddsportal.com/american-football/usa/nfl-2018-2019/san-francisco-49ers-denver-broncos-t4iqTABI/
2018-12-09,2019,1,buf,nyj,0,-225,178,0.05201992252351961,0.658074697527617,0.6434550602351957,https://www.oddsportal.com/american-football/usa/nfl-2018-2019/buffalo-bills-new-york-jets-AcrjjsDE/
2018-12-09,2019,1,cle,car,1,-109,-113,0.05204753240335158,0.4957295981551863,0.4420527026113237,https://www.oddsportal.com/american-football/usa/nfl-2018-2019/cleveland-browns-carolina-panthers-fmgyVWt6/
2018-12-09,2019,1,gb,atl,1,-192,154,0.0512350339769172,0.625487379437718,0.43066075298489737,https://www.oddsportal.com/american-football/usa/nfl-2018-2019/green-bay-packers-atlanta-falcons-CO3WVCRa/
2018-12-09,2019,1,hou,ind,0,-206,162,0.05488200369206209,0.6381781204181053,0.8042256482998138,https://www.oddsportal.com/american-football/usa/nfl-2018-2019/houston-texans-indianapolis-colts-bLaSWhCg/
2018-12-09,2019,1,kc,bal,1,-282,217,0.053677308537169344,0.7006128814834554,0.8598391784292371,https://www.oddsportal.com/american-football/usa/nfl-2018-2019/kansas-city-chiefs-baltimore-ravens-Q71KYEss/
2018-12-09,2019,1,mia,ne,1,314,-435,0.054630005869339415,0.22903377713087034,0.17510685945781113,https://www.oddsportal.com/american-football/usa/nfl-2018-2019/miami-dolphins-new-england-patriots-I3e4SwL7/
2018-12-09,2019,1,tb,no,0,318,-435,0.052318561910298156,0.22734033059958358,0.07953534113469914,https://www.oddsportal.com/american-football/usa/nfl-2018-2019/tampa-bay-buccaneers-new-orleans-saints-4b0OXYdm/
2018-12-09,2019,1,wsh,nyg,0,136,-169,0.05198160166341115,0.40279108768567323,0.6823428853091315,https://www.oddsportal.com/american-football/usa/nfl-2018-2019/washington-commanders-new-york-giants-W6qniNc8/
2018-12-06,2019,1,ten,jax,1,-256,197,0.05580146029584232,0.6810950265156944,0.6770095194986933,https://www.oddsportal.com/american-football/usa/nfl-2018-2019/tennessee-titans-jacksonville-jaguars-KIx1TJ51/
2018-12-03,2019,1,phi,wsh,1,-266,206,0.05357334190506813,0.6898199938980982,0.3384613995556985,https://www.oddsportal.com/american-football/usa/nfl-2018-2019/philadelphia-eagles-washington-commanders-xfmdUaje/
2018-12-02,2019,1,pit,lac,0,-172,137,0.05429386944651271,0.5997881231240069,0.5235062440975123,https://www.oddsportal.com/american-football/usa/nfl-2018-2019/pittsburgh-steelers-los-angeles-chargers-bPHsP4EF/
2018-12-02,2019,1,ne,min,1,-260,201,0.054448135843484735,0.6849291090495361,0.708696008357324,https://www.oddsportal.com/american-football/usa/nfl-2018-2019/new-england-patriots-minnesota-vikings-UTqlWLLr/
2018-12-02,2019,1,sea,sf,1,-465,332,0.05449033103900347,0.7804802237936126,0.9487081251426401,https://www.oddsportal.com/american-football/usa/nfl-2018-2019/seattle-seahawks-san-francisco-49ers-b3lhVuyk/
2018-12-02,2019,1,oak,kc,0,558,-909,0.052867656140329844,0.14434452706781759,0.01728436899013688,https://www.oddsportal.com/american-football/usa/nfl-2018-2019/las-vegas-raiders-kansas-city-chiefs-SKcMz2DR/
2018-12-02,2019,1,ten,nyj,1,-488,351,0.05166146281128858,0.7891626746220706,0.7802595520342167,https://www.oddsportal.com/american-football/usa/nfl-2018-2019/tennessee-titans-new-york-jets-pd8HyrbL/
2018-12-02,2019,1,atl,bal,0,-149,120,0.05293902884264323,0.5683079056865465,0.28412677877776543,https://www.oddsportal.com/american-football/usa/nfl-2018-2019/atlanta-falcons-baltimore-ravens-6kLkNrqS/
2018-12-02,2019,1,cin,den,0,147,-185,0.053981106612685625,0.3841229193341869,0.4344881120011187,https://www.oddsportal.com/american-football/usa/nfl-2018-2019/cincinnati-bengals-denver-broncos-Kd1QGtMe/
2018-12-02,2019,1,det,lar,0,362,-513,0.0533180794192214,0.20549368768982185,0.025513267977692575,https://www.oddsportal.com/american-football/usa/nfl-2018-2019/detroit-lions-los-angeles-rams-xW49w4T8/
2018-12-02,2019,1,gb,ari,0,-909,568,0.05059257105214754,0.8575084167476331,0.8597288503254013,https://www.oddsportal.com/american-football/usa/nfl-2018-2019/green-bay-packers-arizona-cardinals-Wh4DxOrF/
2018-12-02,2019,1,hou,cle,1,-235,185,0.05236973029588898,0.6665837272953471,0.7894801722487262,https://www.oddsportal.com/american-football/usa/nfl-2018-2019/houston-texans-cleveland-browns-bm0UF0y2/
2018-12-02,2019,1,jax,ind,1,172,-220,0.05514705882352944,0.34843205574912894,0.3281774483012409,https://www.oddsportal.com/american-football/usa/nfl-2018-2019/jacksonville-jaguars-indianapolis-colts-bu65vpE2/
2018-12-02,2019,1,mia,buf,1,-196,156,0.05278716216216228,0.6289610910549538,0.5012328422143381,https://www.oddsportal.com/american-football/usa/nfl-2018-2019/miami-dolphins-buffalo-bills-CWcII2iq/
2018-12-02,2019,1,nyg,chi,1,155,-198,0.0565863929464403,0.37115456470295183,0.10961535630267967,https://www.oddsportal.com/american-football/usa/nfl-2018-2019/new-york-giants-chicago-bears-QZ1MHM6k/
2018-12-02,2019,1,tb,car,1,148,-187,0.05479375070248382,0.3822792903191433,0.2949119362166647,https://www.oddsportal.com/american-football/usa/nfl-2018-2019/tampa-bay-buccaneers-carolina-panthers-SbMoOOTL/
2018-11-29,2019,1,dal,no,1,262,-351,0.05451360390047899,0.26196257013742874,0.04813879517862859,https://www.oddsportal.com/american-football/usa/nfl-2018-2019/dallas-cowboys-new-orleans-saints-KYIwQpa9/
2018-11-26,2019,1,hou,ten,1,-196,157,0.05126722052792099,0.6298704546591306,0.6327438659160899,https://www.oddsportal.com/american-football/usa/nfl-2018-2019/houston-texans-tennessee-titans-xATYQQq3/
2018-11-25,2019,1,min,gb,1,-180,144,0.05269320843091352,0.6106785317018909,0.5523589743134923,https://www.oddsportal.com/american-football/usa/nfl-2018-2019/minnesota-vikings-green-bay-packers-QZPUR6Ud/
2018-11-25,2019,1,den,pit,1,136,-169,0.05198160166341115,0.40279108768567323,0.1364839488495556,https://www.oddsportal.com/american-football/usa/nfl-2018-2019/denver-broncos-pittsburgh-steelers-CWym3Nid/
2018-11-25,2019,1,ind,mia,1,-392,291,0.05250244318299968,0.7570034375123473,0.48736387689080196,https://www.oddsportal.com/american-football/usa/nfl-2018-2019/indianapolis-colts-miami-dolphins-6Vh4BopG/
2018-11-25,2019,1,lac,ari,1,-1001,583,0.05558636298958897,0.8612971051282277,0.9449240075548584,https://www.oddsportal.com/american-football/usa/nfl-2018-2019/los-angeles-chargers-arizona-cardinals-Yuwq43xj/
2018-11-25,2019,1,buf,jax,1,132,-165,0.0536759921925829,0.4090768755788824,0.45612900460934797,https://www.oddsportal.com/american-football/usa/nfl-2018-2019/buffalo-bills-jacksonville-jaguars-ClilFTpi/
2018-11-25,2019,1,car,sea,0,-166,133,0.05324469973216317,0.592512025490977,0.5789143783917631,https://www.oddsportal.com/american-football/usa/nfl-2018-2019/carolina-panthers-seattle-seahawks-jujhEm0c/
2018-11-25,2019,1,cin,cle,0,-110,-113,0.05432595573440646,0.4968193384223919,0.7759138276086667,https://www.oddsportal.com/american-football/usa/nfl-2018-2019/cincinnati-bengals-cleveland-browns-pG4eD7F3/
2018-11-25,2019,1,bal,oak,1,-769,500,0.051591868047564216,0.8415101221958782,0.9243686897677096,https://www.oddsportal.com/american-football/usa/nfl-2018-2019/baltimore-ravens-las-vegas-raiders-O63aCRU9/
2018-11-25,2019,1,nyj,ne,0,448,-667,0.052103655345026034,0.17344465148253344,0.09933221489086991,https://www.oddsportal.com/american-football/usa/nfl-2018-2019/new-york-jets-new-england-patriots-EedC9PES/
2018-11-25,2019,1,phi,nyg,1,-222,174,0.05440449743845477,0.6538676527497098,0.5933972676930526,https://www.oddsportal.com/american-football/usa/nfl-2018-2019/philadelphia-eagles-new-york-giants-KYd8A5aM/
2018-11-25,2019,1,tb,sf,1,-130,105,0.05302226935312815,0.5367573011077543,0.821643385361249,https://www.oddsportal.com/american-football/usa/nfl-2018-2019/tampa-bay-buccaneers-san-francisco-49ers-G4rv5qNq/
2018-11-22,2019,1,no,atl,1,-645,436,0.052338976259641345,0.8227119128075769,0.9627970236098624,https://www.oddsportal.com/american-football/usa/nfl-2018-2019/new-orleans-saints-atlanta-falcons-AqD5jp8j/
2018-11-22,2019,1,dal,wsh,1,-357,267,0.05366118328871505,0.7413973596500659,0.374385518758936,https://www.oddsportal.com/american-football/usa/nfl-2018-2019/dallas-cowboys-washington-commanders-dt91iQhp/
2018-11-22,2019,1,det,chi,0,139,-174,0.05344653819136913,0.3971820369350303,0.2453895405867938,https://www.oddsportal.com/american-football/usa/nfl-2018-2019/detroit-lions-chicago-bears-v1MZe6pT/
2018-11-19,2019,1,lar,kc,1,-171,137,0.05293723823314189,0.5992724799266564,0.5133432406728642,https://www.oddsportal.com/american-football/usa/nfl-2018-2019/los-angeles-rams-kansas-city-chiefs-0ANVdnVM/
2018-11-18,2019,1,chi,min,1,-142,114,0.05406657913030055,0.5566791236169122,0.49923430451742296,https://www.oddsportal.com/american-football/usa/nfl-2018-2019/chicago-bears-minnesota-vikings-M1TsbyAa/
2018-11-18,2019,1,no,phi,1,-317,243,0.05173703602715496,0.7227964980622346,0.9735445801146528,https://www.oddsportal.com/american-football/usa/nfl-2018-2019/new-orleans-saints-philadelphia-eagles-xWx62j1o/
2018-11-18,2019,1,ari,oak,0,-208,165,0.0526831658907132,0.6415270018621974,0.6573539820683468,https://www.oddsportal.com/american-football/usa/nfl-2018-2019/arizona-cardinals-las-vegas-raiders-4rUMb80A/
2018-11-18,2019,1,lac,den,0,-333,251,0.05395340268319493,0.7296841737263005,0.9170931711572452,https://www.oddsportal.com/american-football/usa/nfl-2018-2019/los-angeles-chargers-denver-broncos-ALUIalo4/
2018-11-18,2019,1,atl,dal,0,-188,151,0.0511841522797698,0.6209927883350003,0.6735092209223867,https://www.oddsportal.com/american-football/usa/nfl-2018-2019/atlanta-falcons-dallas-cowboys-lGqOw7Op/
2018-11-18,2019,1,bal,cin,1,-282,215,0.055680212748275615,0.6992836337872943,0.3392299996555533,https://www.oddsportal.com/american-football/usa/nfl-2018-2019/baltimore-ravens-cincinnati-bengals-GOSoceP5/
2018-11-18,2019,1,det,car,1,164,-210,0.056207233626588415,0.35863026376677465,0.09304417328910126,https://www.oddsportal.com/american-football/usa/nfl-2018-2019/detroit-lions-carolina-panthers-CjMfeZgI/
2018-11-18,2019,1,ind,ten,1,-129,103,0.055929614731,0.5334813698127814,0.2748348089072391,https://www.oddsportal.com/american-football/usa/nfl-2018-2019/indianapolis-colts-tennessee-titans-URWkdFvC/
2018-11-18,2019,1,jax,pit,0,168,-212,0.05262150784538844,0.3544810034539175,0.06413484185277163,https://www.oddsportal.com/american-football/usa/nfl-2018-2019/jacksonville-jaguars-pittsburgh-steelers-rZSQcSFG/
2018-11-18,2019,1,nyg,tb,1,-168,135,0.05239758653540805,0.5956547978273989,0.18635937335633196,https://www.oddsportal.com/american-football/usa/nfl-2018-2019/new-york-giants-tampa-bay-buccaneers-boRE0UVc/
2018-11-18,2019,1,wsh,hou,0,140,-177,0.05565583634175697,0.39469934454260475,0.6105237257229977,https://www.oddsportal.com/american-football/usa/nfl-2018-2019/washington-commanders-houston-texans-GMyA1AGi/
2018-11-15,2019,1,sea,gb,1,-162,131,0.05122104358745583,0.5881927635094779,0.35770082417159693,https://www.oddsportal.com/american-football/usa/nfl-2018-2019/seattle-seahawks-green-bay-packers-rBUwaHfg/
2018-11-12,2019,1,sf,nyg,0,-173,137,0.05564056196967582,0.6002986779110115,0.46673641260538967,https://www.oddsportal.com/american-football/usa/nfl-2018-2019/san-francisco-49ers-new-york-giants-2aDt0cum/
2018-11-11,2019,1,phi,dal,0,-371,277,0.05293776433684183,0.7480838864612472,0.6214547403361899,https://www.oddsportal.com/american-football/usa/nfl-2018-2019/philadelphia-eagles-dallas-cowboys-O8Ex1wQt/
2018-11-11,2019,1,gb,mia,1,-769,494,0.05327536973106595,0.8401650952939749,0.39171613451431864,https://www.oddsportal.com/american-football/usa/nfl-2018-2019/green-bay-packers-miami-dolphins-8K6V8X6K/
2018-11-11,2019,1,lar,sea,1,-435,316,0.05346872753414811,0.7718160880320737,0.9581529847860697,https://www.oddsportal.com/american-football/usa/nfl-2018-2019/los-angeles-rams-seattle-seahawks-6TRA5JHP/
2018-11-11,2019,1,oak,lac,0,365,-526,0.05530935449517327,0.20378267521729224,0.022860645224361247,https://www.oddsportal.com/american-football/usa/nfl-2018-2019/las-vegas-raiders-los-angeles-chargers-hQN66a2J/
2018-11-11,2019,1,chi,det,1,-328,247,0.05453957822726174,0.7267201307656944,0.7694420269576532,https://www.oddsportal.com/american-football/usa/nfl-2018-2019/chicago-bears-detroit-lions-MRn62Vql/
2018-11-11,2019,1,cin,no,0,211,-274,0.05416372921574375,0.3050222649942094,0.2312338194312042,https://www.oddsportal.com/american-football/usa/nfl-2018-2019/cincinnati-bengals-new-orleans-saints-S4m23BUs/
2018-11-11,2019,1,cle,atl,1,187,-238,0.052574067583448514,0.3310285389693064,0.14559123821176492,https://www.oddsportal.com/american-football/usa/nfl-2018-2019/cleveland-browns-atlanta-falcons-Qe1z8iMQ/
2018-11-11,2019,1,ind,jax,1,-164,132,0.05224660397074188,0.5903674280039722,0.39040752523389916,https://www.oddsportal.com/american-football/usa/nfl-2018-2019/indianapolis-colts-jacksonville-jaguars-KC591kaf/
2018-11-11,2019,1,kc,ari,1,-1670,802,0.05436756986984359,0.8948519015766273,0.9906802197304153,https://www.oddsportal.com/american-football/usa/nfl-2018-2019/kansas-city-chiefs-arizona-cardinals-2yeE09E0/
2018-11-11,2019,1,nyj,buf,0,-307,234,0.0537009519045446,0.7158575238414387,0.48410902623514146,https://www.oddsportal.com/american-football/usa/nfl-2018-2019/new-york-jets-buffalo-bills-A1bMbmqD/
2018-11-11,2019,1,tb,wsh,0,-183,145,0.054806374846758654,0.6130443700006836,0.42839653186960275,https://www.oddsportal.com/american-football/usa/nfl-2018-2019/tampa-bay-buccaneers-washington-commanders-tSgIaTT6/
2018-11-11,2019,1,ten,ne,1,224,-294,0.05483486870965715,0.29259743346007605,0.2015701130466451,https://www.oddsportal.com/american-football/usa/nfl-2018-2019/tennessee-titans-new-england-patriots-lhcQc7bJ/
2018-11-08,2019,1,pit,car,1,-193,153,0.05395998866840235,0.6249792010649056,0.6092838083900155,https://www.oddsportal.com/american-football/usa/nfl-2018-2019/pittsburgh-steelers-carolina-panthers-UT7R9DiE/
2018-11-05,2019,1,dal,ten,0,-227,178,0.05390183266231041,0.6586852597958375,0.41316712663067867,https://www.oddsportal.com/american-football/usa/nfl-2018-2019/dallas-cowboys-tennessee-titans-GQJqoUED/
2018-11-04,2019,1,ne,gb,1,-233,181,0.05557158582069621,0.6628633330971014,0.7764315786381197,https://www.oddsportal.com/american-football/usa/nfl-2018-2019/new-england-patriots-green-bay-packers-2NFunAa7/
2018-11-04,2019,1,no,lar,1,104,-129,0.05351485572394887,0.4652958387516255,0.06397878090802717,https://www.oddsportal.com/american-football/usa/nfl-2018-2019/new-orleans-saints-los-angeles-rams-KbQzmjp1/
2018-11-04,2019,1,den,hou,0,-119,-103,0.05076815799536627,0.5171254870060368,0.3424411316339925,https://www.oddsportal.com/american-football/usa/nfl-2018-2019/denver-broncos-houston-texans-YsSSlCFl/
2018-11-04,2019,0,sea,lac,0,-112,-111,0.05436823750335318,0.501060130608091,0.18366703877397042,https://www.oddsportal.com/american-football/usa/nfl-2018-2019/seattle-seahawks-los-angeles-chargers-t8RWmWUf/
2018-11-04,2019,0,bal,pit,0,-129,103,0.055929614731,0.5334813698127814,0.25928090534163284,https://www.oddsportal.com/american-football/usa/nfl-2018-2019/baltimore-ravens-pittsburgh-steelers-z7nheExL/
2018-11-04,2019,0,buf,chi,0,365,-527,0.055564130267016454,0.20373348930155483,0.25735135519336394,https://www.oddsportal.com/american-football/usa/nfl-2018-2019/buffalo-bills-chicago-bears-Qy51YjV7/
2018-11-04,2019,0,car,tb,1,-303,230,0.05489134521392591,0.7127379000641528,0.7262883223805662,https://www.oddsportal.com/american-football/usa/nfl-2018-2019/carolina-panthers-tampa-bay-buccaneers-tpmldfNE/
2018-11-04,2019,0,cle,kc,0,289,-385,0.05088384173005056,0.24462209668877513,0.027902287717745142,https://www.oddsportal.com/american-football/usa/nfl-2018-2019/cleveland-browns-kansas-city-chiefs-no6cZWF1/
2018-11-04,2019,0,mia,nyj,1,-155,124,0.05427170868347342,0.5765526403188309,0.6856132141654633,https://www.oddsportal.com/american-football/usa/nfl-2018-2019/miami-dolphins-new-york-jets-2glpcz88/
2018-11-04,2019,0,min,det,1,-224,178,0.05107025490718531,0.6577657596755112,0.6847735855202189,https://www.oddsportal.com/american-football/usa/nfl-2018-2019/minnesota-vikings-detroit-lions-fiTOkh0r/
2018-11-04,2019,0,wsh,atl,0,-122,-101,0.05203711173860448,0.5223670756646216,0.6846500662260671,https://www.oddsportal.com/american-football/usa/nfl-2018-2019/washington-commanders-atlanta-falcons-lAjdfYiR/
2018-11-01,2019,0,sf,oak,1,101,-125,0.05306799336650081,0.47244094488188976,0.30359246927598454,https://www.oddsportal.com/american-football/usa/nfl-2018-2019/san-francisco-49ers-las-vegas-raiders-hO6gzD0e/
2018-10-29,2019,0,buf,ne,0,627,-1112,0.055043331018108654,0.13037529151570956,0.11942925727819746,https://www.oddsportal.com/american-football/usa/nfl-2018-2019/buffalo-bills-new-england-patriots-tl3kygok/
2018-10-28,2019,0,min,no,0,117,-147,0.05597119349241586,0.4364034700259722,0.1938670118067848,https://www.oddsportal.com/american-football/usa/nfl-2018-2019/minnesota-vikings-new-orleans-saints-dGRItFNR/
2018-10-28,2019,0,ari,sf,1,123,-154,0.05472970587196779,0.4251615279033176,0.42847420255260654,https://www.oddsportal.com/american-football/usa/nfl-2018-2019/arizona-cardinals-san-francisco-49ers-ljOArygF/
2018-10-28,2019,0,lar,gb,1,-345,256,0.05617977528089879,0.7340425531914895,0.9906582821049306,https://www.oddsportal.com/american-football/usa/nfl-2018-2019/los-angeles-rams-green-bay-packers-StNEse8L/
2018-10-28,2019,0,oak,ind,0,149,-188,0.05438420348058903,0.380891921917156,0.44694148044520066,https://www.oddsportal.com/american-football/usa/nfl-2018-2019/las-vegas-raiders-indianapolis-colts-6RY5qHw9/
2018-10-28,2019,0,car,bal,1,115,-145,0.05695301376364492,0.4400538841490795,0.49956120242790036,https://www.oddsportal.com/american-football/usa/nfl-2018-2019/carolina-panthers-baltimore-ravens-vLtKLDo2/
2018-10-28,2019,0,chi,nyj,1,-426,307,0.055586177259181024,0.7672380986096239,0.5911692106445461,https://www.oddsportal.com/american-football/usa/nfl-2018-2019/chicago-bears-new-york-jets-hOU1pcO2/
2018-10-28,2019,0,cin,tb,1,-189,150,0.0539792387543252,0.6204858831254104,0.6542605901555187,https://www.oddsportal.com/american-football/usa/nfl-2018-2019/cincinnati-bengals-tampa-bay-buccaneers-0UsGMgWe/
2018-10-28,2019,0,det,sea,0,-165,133,0.051826058790185314,0.5919624297482485,0.6201360786625382,https://www.oddsportal.com/american-football/usa/nfl-2018-2019/detroit-lions-seattle-seahawks-fHCFOF1q/
2018-10-28,2019,0,kc,den,1,-417,309,0.05107517982719556,0.7673822175628676,0.9481227803904331,https://www.oddsportal.com/american-football/usa/nfl-2018-2019/kansas-city-chiefs-denver-broncos-2LlntrXG/
2018-10-28,2019,0,nyg,wsh,0,-106,-117,0.05373361370855889,0.48832370923913043,0.07687457040895565,https://www.oddsportal.com/american-football/usa/nfl-2018-2019/new-york-giants-washington-commanders-lIprsOHA/
2018-10-28,2019,0,pit,cle,1,-400,296,0.05252525252525264,0.7600767754318618,0.8530135126189942,https://www.oddsportal.com/american-football/usa/nfl-2018-2019/pittsburgh-steelers-cleveland-browns-Y7BJNZGk/
2018-10-25,2019,0,hou,mia,1,-357,266,0.054405662971864555,0.7408738843968655,0.3666065001793635,https://www.oddsportal.com/american-football/usa/nfl-2018-2019/houston-texans-miami-dolphins-6gewr424/
2018-10-22,2019,0,atl,nyg,1,-215,170,0.05291005291005302,0.6482412060301507,0.840132464283623,https://www.oddsportal.com/american-football/usa/nfl-2018-2019/atlanta-falcons-new-york-giants-S2dZrpmb/
2018-10-21,2019,0,kc,cin,1,-286,218,0.05539805129207798,0.7020409423534134,0.7617749385435225,https://www.oddsportal.com/american-football/usa/nfl-2018-2019/kansas-city-chiefs-cincinnati-bengals-OAwmXnln/
2018-10-21,2019,0,sf,lar,0,314,-435,0.054630005869339415,0.22903377713087034,0.000826626931855943,https://www.oddsportal.com/american-football/usa/nfl-2018-2019/san-francisco-49ers-los-angeles-rams-KxgRp6Io/
2018-10-21,2019,0,wsh,dal,1,103,-128,0.0540143462103535,0.46736634962282714,0.6487624308061458,https://www.oddsportal.com/american-football/usa/nfl-2018-2019/washington-commanders-dallas-cowboys-IXErMMuo/
2018-10-21,2019,0,bal,no,0,-147,117,0.05597119349241586,0.5635965299740278,0.5012509949471446,https://www.oddsportal.com/american-football/usa/nfl-2018-2019/baltimore-ravens-new-orleans-saints-ruOGQ2XT/
2018-10-21,2019,0,chi,ne,0,101,-126,0.05503456170475052,0.47156032216333515,0.29547275412380697,https://www.oddsportal.com/american-football/usa/nfl-2018-2019/chicago-bears-new-england-patriots-ARP8SO2H/
2018-10-21,2019,0,ind,buf,1,-317,242,0.052589507341495256,0.7222111195491426,0.23770535506724955,https://www.oddsportal.com/american-football/usa/nfl-2018-2019/indianapolis-colts-buffalo-bills-hjV3T4mB/
2018-10-21,2019,0,jax,hou,0,-202,160,0.05348955680081513,0.6349129593810444,0.6633785854480062,https://www.oddsportal.com/american-football/usa/nfl-2018-2019/jacksonville-jaguars-houston-texans-EaWaUpY4/
2018-10-21,2019,0,mia,det,0,134,-168,0.054216098992218464,0.40537270087124877,0.872956592534826,https://www.oddsportal.com/american-football/usa/nfl-2018-2019/miami-dolphins-detroit-lions-lIOCRrIN/
2018-10-21,2019,0,nyj,min,0,150,-189,0.0539792387543252,0.3795141168745897,0.48033484351110334,https://www.oddsportal.com/american-football/usa/nfl-2018-2019/new-york-jets-minnesota-vikings-6ZSiW63h/
2018-10-21,2019,0,phi,car,0,-238,185,0.05501920481677569,0.6674210370953458,0.3052850447352763,https://www.oddsportal.com/american-football/usa/nfl-2018-2019/philadelphia-eagles-carolina-panthers-KxXeVQIb/
2018-10-21,2019,0,tb,cle,1,-188,151,0.0511841522797698,0.6209927883350003,0.42051536622912344,https://www.oddsportal.com/american-football/usa/nfl-2018-2019/tampa-bay-buccaneers-cleveland-browns-pKvqYSYu/
2018-10-18,2019,0,ari,den,0,-112,-111,0.05436823750335318,0.501060130608091,0.12779453096343096,https://www.oddsportal.com/american-football/usa/nfl-2018-2019/arizona-cardinals-denver-broncos-fe3wDq3U/
2018-10-15,2019,0,gb,sf,1,-445,322,0.053480586112439665,0.7750629411036362,0.8224458310566015,https://www.oddsportal.com/american-football/usa/nfl-2018-2019/green-bay-packers-san-francisco-49ers-G44ZDPmO/
2018-10-14,2019,0,ne,kc,1,-190,153,0.050429330789150795,0.6237186972881796,0.0025127205536427553,https://www.oddsportal.com/american-football/usa/nfl-2018-2019/new-england-patriots-kansas-city-chiefs-YuFUE5YH/
2018-10-14,2019,0,dal,jax,1,141,-175,0.05130139569973591,0.39468963042698246,0.09152698525495473,https://www.oddsportal.com/american-football/usa/nfl-2018-2019/dallas-cowboys-jacksonville-jaguars-QFBMGR35/
2018-10-14,2019,0,ten,bal,0,113,-140,0.052816901408450745,0.4459308807134894,0.32745028413285665,https://www.oddsportal.com/american-football/usa/nfl-2018-2019/tennessee-titans-baltimore-ravens-KxBQFoJB/
2018-10-14,2019,0,den,lar,0,238,-312,0.05313954156373879,0.28092952214706524,0.00362073015643823,https://www.oddsportal.com/american-football/usa/nfl-2018-2019/denver-broncos-los-angeles-rams-nPCIH7la/
2018-10-14,2019,0,atl,tb,1,-160,128,0.053981106612685625,0.5838668373879642,0.21134745811532374,https://www.oddsportal.com/american-football/usa/nfl-2018-2019/atlanta-falcons-tampa-bay-buccaneers-Q1Wm2SlC/
2018-10-14,2019,0,cin,pit,0,-125,101,0.05306799336650081,0.5275590551181103,0.6503860676792235,https://www.oddsportal.com/american-football/usa/nfl-2018-2019/cincinnati-bengals-pittsburgh-steelers-UmIDImZh/
2018-10-14,2019,0,cle,lac,0,-115,-107,0.05179193349061895,0.5085451826532792,0.08493586516345233,https://www.oddsportal.com/american-football/usa/nfl-2018-2019/cleveland-browns-los-angeles-chargers-jcJ9JTJn/
2018-10-14,2019,0,hou,buf,1,-541,371,0.05630798480346866,0.7990034837305705,0.13095465015668856,https://www.oddsportal.com/american-football/usa/nfl-2018-2019/houston-texans-buffalo-bills-dzK5K94t/
2018-10-14,2019,0,mia,chi,1,253,-339,0.05549568617834755,0.26839154597198706,0.48535885969502207,https://www.oddsportal.com/american-football/usa/nfl-2018-2019/miami-dolphins-chicago-bears-zXDvPkdP/
2018-10-14,2019,0,min,ari,1,-465,338,0.05131935184062719,0.7828343006495752,0.8899854067061734,https://www.oddsportal.com/american-football/usa/nfl-2018-2019/minnesota-vikings-arizona-cardinals-fyyh1n4I/
2018-10-14,2019,0,nyj,ind,1,-138,111,0.05376558206220894,0.5502475528175668,0.8384296648898031,https://www.oddsportal.com/american-football/usa/nfl-2018-2019/new-york-jets-indianapolis-colts-4nru4lKa/
2018-10-14,2019,0,wsh,car,1,-101,-121,0.049998874406249394,0.4785600960507697,0.14546443914617577,https://www.oddsportal.com/american-football/usa/nfl-2018-2019/washington-commanders-carolina-panthers-nBXq38Z5/
2018-10-11,2019,0,nyg,phi,0,108,-135,0.05523731587561387,0.4556029468786351,0.266575805664891,https://www.oddsportal.com/american-football/usa/nfl-2018-2019/new-york-giants-philadelphia-eagles-jqvy5U4g/
2018-10-08,2019,0,no,wsh,1,-267,207,0.05325333499010365,0.6907364181041384,0.8007981007550191,https://www.oddsportal.com/american-football/usa/nfl-2018-2019/new-orleans-saints-washington-commanders-dMvX5Akm/
2018-10-07,2019,0,hou,dal,1,-177,140,0.05565583634175697,0.6053006554573952,0.1965901064843421,https://www.oddsportal.com/american-football/usa/nfl-2018-2019/houston-texans-dallas-cowboys-IVuT6jzs/
2018-10-07,2019,0,phi,min,0,-182,144,0.05522613649575625,0.6116130453944469,0.8060187881702345,https://www.oddsportal.com/american-football/usa/nfl-2018-2019/philadelphia-eagles-minnesota-vikings-E1y8BWRP/
2018-10-07,2019,0,sf,ari,0,-165,133,0.051826058790185314,0.5919624297482485,1.0,https://www.oddsportal.com/american-football/usa/nfl-2018-2019/san-francisco-49ers-arizona-cardinals-zBx4CCCJ/
2018-10-07,2019,0,sea,lar,0,262,-351,0.05451360390047899,0.26196257013742874,0.005675287322365824,https://www.oddsportal.com/american-football/usa/nfl-2018-2019/seattle-seahawks-los-angeles-rams-M7lMmTZI/
2018-10-07,2019,0,lac,oak,1,-235,185,0.05236973029588898,0.6665837272953471,0.9391661816897618,https://www.oddsportal.com/american-football/usa/nfl-2018-2019/los-angeles-chargers-las-vegas-raiders-84pIl9KC/
2018-10-07,2019,0,buf,ten,1,210,-270,0.052310374891020084,0.30654515327257664,0.13122017172842776,https://www.oddsportal.com/american-football/usa/nfl-2018-2019/buffalo-bills-tennessee-titans-hUyPBuM8/
2018-10-07,2019,0,kc,jax,1,-155,124,0.05427170868347342,0.5765526403188309,0.9941814193411657,https://www.oddsportal.com/american-football/usa/nfl-2018-2019/kansas-city-chiefs-jacksonville-jaguars-niyTAayF/
2018-10-07,2019,0,nyj,den,1,-106,-117,0.05373361370855889,0.48832370923913043,0.021055839690015375,https://www.oddsportal.com/american-football/usa/nfl-2018-2019/new-york-jets-denver-broncos-EwwLCL62/
2018-10-07,2019,0,pit,atl,1,-184,147,0.05274562353880374,0.6154262810096414,0.8687713599290147,https://www.oddsportal.com/american-football/usa/nfl-2018-2019/pittsburgh-steelers-atlanta-falcons-d03dgX5s/
2018-10-07,2019,0,car,nyg,1,-294,228,0.05107094218150299,0.7099358030508275,0.9621734856164246,https://www.oddsportal.com/american-football/usa/nfl-2018-2019/carolina-panthers-new-york-giants-IFi5iBzf/
2018-10-07,2019,0,cin,mia,1,-266,206,0.05357334190506813,0.6898199938980982,0.7741173882120247,https://www.oddsportal.com/american-football/usa/nfl-2018-2019/cincinnati-bengals-miami-dolphins-vPh1hiLm/
2018-10-07,2019,0,cle,bal,1,139,-173,0.052109675540637834,0.3976867160983,0.01346934238722353,https://www.oddsportal.com/american-football/usa/nfl-2018-2019/cleveland-browns-baltimore-ravens-nkd9jVk0/
2018-10-07,2019,0,det,gb,1,-122,-101,0.05203711173860448,0.5223670756646216,0.027740274653556135,https://www.oddsportal.com/american-football/usa/nfl-2018-2019/detroit-lions-green-bay-packers-QueDkk56/
2018-10-04,2019,0,ne,ind,1,-588,406,0.05227962128872132,0.812190168373698,0.6785458707829108,https://www.oddsportal.com/american-football/usa/nfl-2018-2019/new-england-patriots-indianapolis-colts-xMgxlxU1/
2018-10-01,2019,0,den,kc,0,155,-194,0.05202080832332934,0.3727653100038037,0.013576695782212411,https://www.oddsportal.com/american-football/usa/nfl-2018-2019/denver-broncos-kansas-city-chiefs-bVfYlIEe/
2018-09-30,2019,0,pit,bal,0,-170,135,0.05516154452324673,0.5967139656460044,0.9996945848327129,https://www.oddsportal.com/american-football/usa/nfl-2018-2019/pittsburgh-steelers-baltimore-ravens-48eUkbak/
2018-09-30,2019,0,lac,sf,1,-488,342,0.05617631668051848,0.7857892282583352,0.9992315627513921,https://www.oddsportal.com/american-football/usa/nfl-2018-2019/los-angeles-chargers-san-francisco-49ers-pOEceKyS/
2018-09-30,2019,0,nyg,no,0,143,-182,0.05691270466684184,0.3893629359622235,7.819422911916948e-08,https://www.oddsportal.com/american-football/usa/nfl-2018-2019/new-york-giants-new-orleans-saints-j5iQjvpq/
2018-09-30,2019,0,ari,sea,0,152,-192,0.05435964340073918,0.3763662610847598,0.0,https://www.oddsportal.com/american-football/usa/nfl-2018-2019/arizona-cardinals-seattle-seahawks-Cd1jct7F/
2018-09-30,2019,0,oak,cle,1,-138,110,0.05602240896358546,0.5490716180371353,0.0,https://www.oddsportal.com/american-football/usa/nfl-2018-2019/las-vegas-raiders-cleveland-browns-6XFgd0ML/
2018-09-30,2019,0,atl,cin,0,-190,150,0.05517241379310356,0.6209150326797385,0.7865690381319559,https://www.oddsportal.com/american-football/usa/nfl-2018-2019/atlanta-falcons-cincinnati-bengals-xv9w0rNd/
2018-09-30,2019,0,chi,tb,1,-158,126,0.05488097688138849,0.5805423684723938,1.7091623627206278e-05,https://www.oddsportal.com/american-football/usa/nfl-2018-2019/chicago-bears-tampa-bay-buccaneers-jsDsa2x3/
2018-09-30,2019,0,dal,det,1,-146,116,0.05645889792231262,0.5617785378366823,0.5368632801314577,https://www.oddsportal.com/american-football/usa/nfl-2018-2019/dallas-cowboys-detroit-lions-Y52nbMi9/
2018-09-30,2019,0,gb,buf,1,-409,295,0.056700902738056724,0.7604198536160599,0.40375229032864224,https://www.oddsportal.com/american-football/usa/nfl-2018-2019/green-bay-packers-buffalo-bills-OzLeyapd/
2018-09-30,2019,0,ind,hou,0,-104,-119,0.053182917002417396,0.48406018872736545,1.0,https://www.oddsportal.com/american-football/usa/nfl-2018-2019/indianapolis-colts-houston-texans-S8RnwLFq/
2018-09-30,2019,0,jax,nyj,1,-345,259,0.05383243090983081,0.7356775860532802,0.6997097436876131,https://www.oddsportal.com/american-football/usa/nfl-2018-2019/jacksonville-jaguars-new-york-jets-QauLs17S/
2018-09-30,2019,0,ne,mia,1,-286,219,0.05441226631149809,0.7026972903861853,8.137150682855603e-08,https://www.oddsportal.com/american-football/usa/nfl-2018-2019/new-england-patriots-miami-dolphins-ppMixuVk/
2018-09-30,2019,0,ten,phi,1,121,-152,0.05566329095740863,0.4286297455436114,0.019960628812704603,https://www.oddsportal.com/american-football/usa/nfl-2018-2019/tennessee-titans-philadelphia-eagles-WxtHrshM/
2018-09-27,2019,0,lar,min,1,-308,233,0.0552022610846139,0.7154097262911192,0.9997565670322159,https://www.oddsportal.com/american-football/usa/nfl-2018-2019/los-angeles-rams-minnesota-vikings-K2xDqNxG/
2018-09-24,2019,0,tb,pit,0,-122,-101,0.05203711173860448,0.5223670756646216,1.0,https://www.oddsportal.com/american-football/usa/nfl-2018-2019/tampa-bay-buccaneers-pittsburgh-steelers-xvm8p3N9/
2018-09-23,2019,0,det,ne,1,239,-312,0.05226680413552143,0.2803331337433999,0.0,https://www.oddsportal.com/american-football/usa/nfl-2018-2019/detroit-lions-new-england-patriots-bml4oq83/
2018-09-23,2019,0,ari,chi,0,192,-247,0.0542813153843118,0.32483337077810226,0.0,https://www.oddsportal.com/american-football/usa/nfl-2018-2019/arizona-cardinals-chicago-bears-UDq0nPhc/
2018-09-23,2019,0,sea,dal,1,-116,-105,0.049232158988256725,0.5118381403357727,0.0,https://www.oddsportal.com/american-football/usa/nfl-2018-2019/seattle-seahawks-dallas-cowboys-jNpdm5wi/
2018-09-23,2019,0,lar,lac,1,-317,240,0.054309493581605306,0.721032914102221,0.9704024310091298,https://www.oddsportal.com/american-football/usa/nfl-2018-2019/los-angeles-rams-los-angeles-chargers-nkKFvDZj/
2018-09-23,2019,0,atl,no,0,-127,102,0.054520870589261694,0.5305455598295901,0.09047054965115463,https://www.oddsportal.com/american-football/usa/nfl-2018-2019/atlanta-falcons-new-orleans-saints-SOLRkwrh/
2018-09-23,2019,0,bal,den,1,-230,177,0.05798052729460679,0.6587736531899493,0.08434161256611569,https://www.oddsportal.com/american-football/usa/nfl-2018-2019/baltimore-ravens-denver-broncos-IDEvmySA/
2018-09-23,2019,0,car,cin,1,-153,122,0.05519353345440292,0.5731110586170823,0.0005814915071411411,https://www.oddsportal.com/american-football/usa/nfl-2018-2019/carolina-panthers-cincinnati-bengals-YoGBugKp/
2018-09-23,2019,0,hou,nyg,0,-278,213,0.05493855334110931,0.6971493582450686,,https://www.oddsportal.com/american-football/usa/nfl-2018-2019/houston-texans-new-york-giants-G6TqpZBT/
2018-09-23,2019,0,jax,ten,0,-541,378,0.05319878067089201,0.8013622644082083,0.991334499223082,https://www.oddsportal.com/american-football/usa/nfl-2018-2019/jacksonville-jaguars-tennessee-titans-d4DrnesH/
2018-09-23,2019,0,kc,sf,1,-266,203,0.056808959584483176,0.6877079813648697,0.9876849318651338,https://www.oddsportal.com/american-football/usa/nfl-2018-2019/kansas-city-chiefs-san-francisco-49ers-xGUuoFdN/
2018-09-23,2019,0,mia,oak,1,-147,118,0.05385729673513362,0.5647270292179184,1.0,https://www.oddsportal.com/american-football/usa/nfl-2018-2019/miami-dolphins-las-vegas-raiders-AmBWlccb/
2018-09-23,2019,0,min,buf,0,-1539,750,0.056634246132864385,0.8886586732787609,1.0,https://www.oddsportal.com/american-football/usa/nfl-2018-2019/minnesota-vikings-buffalo-bills-OjFzlHC4/
2018-09-23,2019,0,phi,ind,1,-282,215,0.055680212748275615,0.6992836337872943,0.9709637819272978,https://www.oddsportal.com/american-football/usa/nfl-2018-2019/philadelphia-eagles-indianapolis-colts-0ITuSZko/
2018-09-23,2019,0,wsh,gb,1,108,-135,0.05523731587561387,0.4556029468786351,0.0005000856510406724,https://www.oddsportal.com/american-football/usa/nfl-2018-2019/washington-commanders-green-bay-packers-lYMNjJSo/
2018-09-20,2019,0,cle,nyj,1,-179,143,0.05309969467675568,0.6092272784570779,0.0,https://www.oddsportal.com/american-football/usa/nfl-2018-2019/cleveland-browns-new-york-jets-b9sEWFsU/
2018-09-17,2019,0,chi,sea,1,-227,178,0.05390183266231041,0.6586852597958375,,https://www.oddsportal.com/american-football/usa/nfl-2018-2019/chicago-bears-seattle-seahawks-Gph9XeSN/
2018-09-16,2019,0,dal,nyg,1,-155,124,0.05427170868347342,0.5765526403188309,,https://www.oddsportal.com/american-football/usa/nfl-2018-2019/dallas-cowboys-new-york-giants-IaZ5YyDH/
2018-09-16,2019,0,den,oak,1,-257,200,0.053221288515406195,0.6835106382978723,1.0,https://www.oddsportal.com/american-football/usa/nfl-2018-2019/denver-broncos-las-vegas-raiders-pnybzbr5/
2018-09-16,2019,0,jax,ne,1,107,-134,0.055741360089186065,0.4575853572685674,0.5,https://www.oddsportal.com/american-football/usa/nfl-2018-2019/jacksonville-jaguars-new-england-patriots-Oxz2ZHcB/
2018-09-16,2019,0,lar,ari,1,-834,523,0.053447262503394155,0.8476301098564069,1.0,https://www.oddsportal.com/american-football/usa/nfl-2018-2019/los-angeles-rams-arizona-cardinals-SAtgyvTb/
2018-09-16,2019,0,sf,det,1,-247,195,0.05079861280711184,0.6774043601543254,,https://www.oddsportal.com/american-football/usa/nfl-2018-2019/san-francisco-49ers-detroit-lions-lKskxKDh/
2018-09-16,2019,0,atl,car,1,-238,185,0.05501920481677569,0.6674210370953458,0.0,https://www.oddsportal.com/american-football/usa/nfl-2018-2019/atlanta-falcons-carolina-panthers-YqkIZQif/
2018-09-16,2019,0,no,cle,1,-465,338,0.05131935184062719,0.7828343006495752,,https://www.oddsportal.com/american-football/usa/nfl-2018-2019/new-orleans-saints-cleveland-browns-tGyZVriJ/
2018-09-16,2019,0,nyj,mia,0,-164,131,0.054112554112554,0.5893223819301848,0.5,https://www.oddsportal.com/american-football/usa/nfl-2018-2019/new-york-jets-miami-dolphins-2PxVWOyD/
2018-09-16,2019,0,pit,kc,0,-208,165,0.0526831658907132,0.6415270018621974,,https://www.oddsportal.com/american-football/usa/nfl-2018-2019/pittsburgh-steelers-kansas-city-chiefs-G8vNYp70/
2018-09-16,2019,0,tb,phi,1,127,-159,0.054428248260847356,0.41778910522155727,0.5,https://www.oddsportal.com/american-football/usa/nfl-2018-2019/tampa-bay-buccaneers-philadelphia-eagles-QJoAymNs/
2018-09-16,2019,0,ten,hou,1,151,-191,0.05476376281814321,0.3777209537778585,,https://www.oddsportal.com/american-football/usa/nfl-2018-2019/tennessee-titans-houston-texans-fawRX4M6/
2018-09-16,2019,0,wsh,ind,0,-241,188,0.05396709025741275,0.670556865169842,1.0,https://www.oddsportal.com/american-football/usa/nfl-2018-2019/washington-commanders-indianapolis-colts-KtoEz7xl/
2018-09-16,2019,0,buf,lac,0,255,-339,0.05389970804324817,0.2672836311607659,,https://www.oddsportal.com/american-football/usa/nfl-2018-2019/buffalo-bills-los-angeles-chargers-fcrow0bn/
2018-09-13,2019,0,cin,bal,1,-107,-115,0.05179193349061895,0.4914548173467208,0.5,https://www.oddsportal.com/american-football/usa/nfl-2018-2019/cincinnati-bengals-baltimore-ravens-OAartTEQ/
2018-09-10,2019,0,oak,lar,0,205,-266,0.05464480874316946,0.310880829015544,,https://www.oddsportal.com/american-football/usa/nfl-2018-2019/las-vegas-raiders-los-angeles-rams-6Z4ws9aK/
2018-09-10,2019,0,det,nyj,0,-322,247,0.051217613395796,0.7258565359179908,,https://www.oddsportal.com/american-football/usa/nfl-2018-2019/detroit-lions-new-york-jets-Sr6ZskpE/
2018-09-09,2019,0,gb,chi,1,-298,227,0.05455411614648176,0.7100097634903749,,https://www.oddsportal.com/american-football/usa/nfl-2018-2019/green-bay-packers-chicago-bears-EuIiJ57D/
2018-09-09,2019,0,ari,wsh,0,-132,107,0.0520573046809929,0.5408122872298313,,https://www.oddsportal.com/american-football/usa/nfl-2018-2019/arizona-cardinals-washington-commanders-KtPrLRx1/
2018-09-09,2019,0,car,dal,1,-159,127,0.054428248260847356,0.5822108947784428,,https://www.oddsportal.com/american-football/usa/nfl-2018-2019/carolina-panthers-dallas-cowboys-25EmKoh7/
2018-09-09,2019,0,den,sea,1,-177,141,0.053926929011189895,0.6062936168398311,,https://www.oddsportal.com/american-football/usa/nfl-2018-2019/denver-broncos-seattle-seahawks-tjQvM7Nf/
2018-09-09,2019,0,lac,kc,0,-185,149,0.05072923272035501,0.6177831422249045,,https://www.oddsportal.com/american-football/usa/nfl-2018-2019/los-angeles-chargers-kansas-city-chiefs-CGLzNm8l/
2018-09-09,2019,0,bal,buf,1,-378,281,0.05326217068054784,0.7508054510004275,,https://www.oddsportal.com/american-football/usa/nfl-2018-2019/baltimore-ravens-buffalo-bills-GYND7881/
2018-09-09,2019,0,ind,cin,0,-105,-117,0.051365628863661916,0.4871712636305324,,https://www.oddsportal.com/american-football/usa/nfl-2018-2019/indianapolis-colts-cincinnati-bengals-Srp4S9pR/
2018-09-09,2019,0,mia,ten,1,-111,-112,0.05436823750335318,0.49893986939190915,,https://www.oddsportal.com/american-football/usa/nfl-2018-2019/miami-dolphins-tennessee-titans-YPMWNThr/
2018-09-09,2019,0,min,sf,1,-256,197,0.05580146029584232,0.6810950265156944,,https://www.oddsportal.com/american-football/usa/nfl-2018-2019/minnesota-vikings-san-francisco-49ers-KItdUVFE/
2018-09-09,2019,0,ne,hou,1,-260,201,0.054448135843484735,0.6849291090495361,,https://www.oddsportal.com/american-football/usa/nfl-2018-2019/new-england-patriots-houston-texans-fPMH6SN7/
2018-09-09,2019,0,no,tb,0,-527,368,0.05418558050137001,0.7973077818294669,,https://www.oddsportal.com/american-football/usa/nfl-2018-2019/new-orleans-saints-tampa-bay-buccaneers-MBO98lge/
2018-09-09,2019,0,nyg,jax,0,127,-157,0.051423575995474646,0.41898302874190974,,https://www.oddsportal.com/american-football/usa/nfl-2018-2019/new-york-giants-jacksonville-jaguars-tSshVB08/
2018-09-06,2019,0,phi,atl,1,-110,-112,0.05211141060197666,0.49786507258753204,,https://www.oddsportal.com/american-football/usa/nfl-2018-2019/philadelphia-eagles-atlanta-falcons-88K59Uwk/
2017-12-31,2018,1,atl,car,1,-227,182,0.04879953152449734,0.661889695390533,0.3134634131903482,https://www.oddsportal.com/american-football/usa/nfl-2017-2018/atlanta-falcons-carolina-panthers-6mAKXBuE/
2017-12-31,2018,1,bal,cin,0,-408,309,0.04764838380532499,0.7666213385276931,0.7548235885348746,https://www.oddsportal.com/american-football/usa/nfl-2017-2018/baltimore-ravens-cincinnati-bengals-rDXmGqAt/
2017-12-31,2018,1,den,kc,0,-168,135,0.05239758653540805,0.5956547978273989,0.1910986123400196,https://www.oddsportal.com/american-football/usa/nfl-2017-2018/denver-broncos-kansas-city-chiefs-n5jzSt9h/
2017-12-31,2018,1,lac,oak,1,-303,234,0.051262239788413266,0.7151983717544628,0.618526405109844,https://www.oddsportal.com/american-football/usa/nfl-2017-2018/los-angeles-chargers-las-vegas-raiders-676yQKw5/
2017-12-31,2018,1,lar,sf,0,202,-254,0.04863995210835492,0.3157669390230849,0.9024411067914089,https://www.oddsportal.com/american-football/usa/nfl-2017-2018/los-angeles-rams-san-francisco-49ers-QekvR0Ob/
2017-12-31,2018,1,mia,buf,0,116,-145,0.05479969765684056,0.4389107846649946,0.3845566661392269,https://www.oddsportal.com/american-football/usa/nfl-2017-2018/miami-dolphins-buffalo-bills-Y1Q0Dsfa/
2017-12-31,2018,1,sea,ari,0,-392,293,0.05120089368832614,0.7579407249970481,0.6813413457208035,https://www.oddsportal.com/american-football/usa/nfl-2017-2018/seattle-seahawks-arizona-cardinals-pb5uPvgB/
2017-12-31,2018,1,tb,no,1,211,-267,0.04906384432743094,0.30650509032295786,0.07277503881211898,https://www.oddsportal.com/american-football/usa/nfl-2017-2018/tampa-bay-buccaneers-new-orleans-saints-vumST2vt/
2017-12-31,2018,1,ten,jax,1,-146,118,0.05221153128962497,0.5640462181895513,0.3363797420908914,https://www.oddsportal.com/american-football/usa/nfl-2017-2018/tennessee-titans-jacksonville-jaguars-hriWSMgn/
2017-12-31,2018,1,det,gb,1,-339,260,0.04998734497595558,0.7354465469446787,0.5400498266377858,https://www.oddsportal.com/american-football/usa/nfl-2017-2018/detroit-lions-green-bay-packers-0lShF3Pn/
2017-12-31,2018,1,ind,hou,1,-241,190,0.05157245424208723,0.6720838542167517,0.34809546578421807,https://www.oddsportal.com/american-football/usa/nfl-2017-2018/indianapolis-colts-houston-texans-vuRdENvg/
2017-12-31,2018,1,min,chi,1,-953,598,0.04829971401127087,0.8633344321954486,0.9226931992262362,https://www.oddsportal.com/american-football/usa/nfl-2017-2018/minnesota-vikings-chicago-bears-pxU4C195/
2017-12-31,2018,1,ne,nyj,1,-1334,759,0.046679428416487756,0.8887773732535177,0.9269734437415139,https://www.oddsportal.com/american-football/usa/nfl-2017-2018/new-england-patriots-new-york-jets-S0J9BLOB/
2017-12-31,2018,1,nyg,wsh,1,185,-232,0.04967237370534772,0.3342730567861458,0.11078761905069344,https://www.oddsportal.com/american-football/usa/nfl-2017-2018/new-york-giants-washington-commanders-6iIDAuvI/
2017-12-31,2018,1,phi,dal,0,153,-193,0.05395998866840235,0.37502079893509455,0.8698078880286795,https://www.oddsportal.com/american-football/usa/nfl-2017-2018/philadelphia-eagles-dallas-cowboys-zRMH9agO/
2017-12-31,2018,1,pit,cle,1,-238,190,0.048969598041216145,0.6712701808986579,1.0,https://www.oddsportal.com/american-football/usa/nfl-2017-2018/pittsburgh-steelers-cleveland-browns-EHLL8J8U/
2017-12-25,2018,1,phi,oak,1,-488,357,0.0487503535330982,0.7913532233797939,0.9191446640273081,https://www.oddsportal.com/american-football/usa/nfl-2017-2018/philadelphia-eagles-las-vegas-raiders-hpMx9S2D/
2017-12-25,2018,1,hou,pit,0,301,-400,0.04937655860349133,0.2376425855513308,0.04830491875351148,https://www.oddsportal.com/american-football/usa/nfl-2017-2018/houston-texans-pittsburgh-steelers-vsIY98m7/
2017-12-24,2018,1,ari,nyg,1,-175,142,0.04958677685950419,0.6062992125984251,0.7911174998790947,https://www.oddsportal.com/american-football/usa/nfl-2017-2018/arizona-cardinals-new-york-giants-IRTPBUIf/
2017-12-24,2018,1,dal,sea,0,-217,173,0.05084295305115494,0.651422350754885,0.5121789491862494,https://www.oddsportal.com/american-football/usa/nfl-2017-2018/dallas-cowboys-seattle-seahawks-dISTAlY0/
2017-12-24,2018,1,sf,jax,1,167,-210,0.051951190044702056,0.3560353738371426,0.14446134874766545,https://www.oddsportal.com/american-football/usa/nfl-2017-2018/san-francisco-49ers-jacksonville-jaguars-OjFMCA3l/
2017-12-24,2018,1,car,tb,1,-488,360,0.047323277136941844,0.7924315165207568,0.9140315894791958,https://www.oddsportal.com/american-football/usa/nfl-2017-2018/carolina-panthers-tampa-bay-buccaneers-WdjqaiZl/
2017-12-24,2018,1,chi,cle,1,-250,196,0.05212355212355213,0.6788990825688074,1.0,https://www.oddsportal.com/american-football/usa/nfl-2017-2018/chicago-bears-cleveland-browns-rXgmbBle/
2017-12-24,2018,1,cin,det,1,139,-174,0.05344653819136913,0.3971820369350303,0.1051312880479625,https://www.oddsportal.com/american-football/usa/nfl-2017-2018/cincinnati-bengals-detroit-lions-xfgicV31/
2017-12-24,2018,1,kc,mia,1,-607,427,0.04831060498297046,0.818991318239889,0.5819369929535564,https://www.oddsportal.com/american-football/usa/nfl-2017-2018/kansas-city-chiefs-miami-dolphins-GphedkJ7/
2017-12-24,2018,1,ne,buf,1,-572,394,0.05361962598804704,0.8078726470117334,0.8014241630959908,https://www.oddsportal.com/american-football/usa/nfl-2017-2018/new-england-patriots-buffalo-bills-h2yvLYe8/
2017-12-24,2018,1,no,atl,1,-241,189,0.05276562928086537,0.6713221332253805,0.6420067017813392,https://www.oddsportal.com/american-football/usa/nfl-2017-2018/new-orleans-saints-atlanta-falcons-WhzrKhBE/
2017-12-24,2018,1,nyj,lac,0,249,-322,0.049566126644848385,0.27300133266053384,0.4032363199197315,https://www.oddsportal.com/american-football/usa/nfl-2017-2018/new-york-jets-los-angeles-chargers-QFZoJCQK/
2017-12-24,2018,1,ten,lar,0,191,-238,0.04778462351816826,0.327970657299773,0.16082254946355906,https://www.oddsportal.com/american-football/usa/nfl-2017-2018/tennessee-titans-los-angeles-rams-vJwjIWuR/
2017-12-24,2018,1,wsh,den,1,-164,133,0.050396670568344515,0.5914071689469448,0.7161715550116902,https://www.oddsportal.com/american-football/usa/nfl-2017-2018/washington-commanders-denver-broncos-p0GIDjlr/
2017-12-23,2018,1,gb,min,0,324,-435,0.04893316875330633,0.22484659998318904,0.1628204386692777,https://www.oddsportal.com/american-football/usa/nfl-2017-2018/green-bay-packers-minnesota-vikings-lY0v0XJr/
2017-12-23,2018,1,bal,ind,1,-953,598,0.04829971401127087,0.8633344321954486,0.9136679169085772,https://www.oddsportal.com/american-football/usa/nfl-2017-2018/baltimore-ravens-indianapolis-colts-nPEC4DBR/
2017-12-18,2018,1,tb,atl,0,245,-317,0.050046918986550004,0.27604011518220634,0.16433272881583963,https://www.oddsportal.com/american-football/usa/nfl-2017-2018/tampa-bay-buccaneers-atlanta-falcons-jwV9phKe/
2017-12-17,2018,1,oak,dal,0,122,-149,0.04884402474763916,0.42947324847355894,0.42711540851424645,https://www.oddsportal.com/american-football/usa/nfl-2017-2018/las-vegas-raiders-dallas-cowboys-ARDCoY4k/
2017-12-17,2018,1,pit,ne,0,105,-129,0.051123655341356766,0.4640794406728139,0.5928386915656811,https://www.oddsportal.com/american-football/usa/nfl-2017-2018/pittsburgh-steelers-new-england-patriots-IkA85gdL/
2017-12-17,2018,1,sf,ten,1,-134,108,0.05341880341880345,0.5436105476673427,0.16823162707347467,https://www.oddsportal.com/american-football/usa/nfl-2017-2018/san-francisco-49ers-tennessee-titans-WzF8nEkq/
2017-12-17,2018,1,sea,lar,0,-110,-111,0.04987587452042419,0.49892519346517633,0.33640412342865333,https://www.oddsportal.com/american-football/usa/nfl-2017-2018/seattle-seahawks-los-angeles-rams-EeStifsS/
2017-12-17,2018,1,buf,mia,1,-196,157,0.05126722052792099,0.6298704546591306,0.50471741543581,https://www.oddsportal.com/american-football/usa/nfl-2017-2018/buffalo-bills-miami-dolphins-x0zWYfLq/
2017-12-17,2018,1,car,gb,1,-150,122,0.05045045045045038,0.5711835334476844,0.7675296010800285,https://www.oddsportal.com/american-football/usa/nfl-2017-2018/carolina-panthers-green-bay-packers-WMZZXEzj/
2017-12-17,2018,1,cle,bal,0,226,-290,0.05033820984741233,0.29204732664370225,0.0,https://www.oddsportal.com/american-football/usa/nfl-2017-2018/cleveland-browns-baltimore-ravens-U7hwXYkd/
2017-12-17,2018,1,jax,hou,1,-557,388,0.052711031264815134,0.8053425615378235,0.8765897007661546,https://www.oddsportal.com/american-football/usa/nfl-2017-2018/jacksonville-jaguars-houston-texans-WCWLeISd/
2017-12-17,2018,1,min,cin,1,-742,505,0.04652441059264634,0.8420588621485248,0.9596427075367271,https://www.oddsportal.com/american-football/usa/nfl-2017-2018/minnesota-vikings-cincinnati-bengals-A3VPfxr3/
2017-12-17,2018,1,no,nyj,1,-1252,723,0.04754218582613756,0.8840078380502335,0.8891763837056389,https://www.oddsportal.com/american-football/usa/nfl-2017-2018/new-orleans-saints-new-york-jets-vwzUgdc9/
2017-12-17,2018,1,nyg,phi,0,264,-345,0.05000617360167925,0.26164158043273755,0.025357750360260497,https://www.oddsportal.com/american-football/usa/nfl-2017-2018/new-york-giants-philadelphia-eagles-ITYXhGCF/
2017-12-17,2018,1,wsh,ari,1,-208,166,0.051264524948735346,0.6423927178153447,0.5289349456612032,https://www.oddsportal.com/american-football/usa/nfl-2017-2018/washington-commanders-arizona-cardinals-0hOxhzSL/
2017-12-16,2018,1,kc,lac,1,-111,-110,0.04987587452042419,0.5010748065348237,0.5353531703254611,https://www.oddsportal.com/american-football/usa/nfl-2017-2018/kansas-city-chiefs-los-angeles-chargers-zil4wyDS/
2017-12-16,2018,1,det,chi,1,-244,192,0.05176807900605285,0.6743904285930639,0.7391975186677567,https://www.oddsportal.com/american-football/usa/nfl-2017-2018/detroit-lions-chicago-bears-IFgavHcM/
2017-12-14,2018,1,ind,den,0,123,-151,0.05002411877155066,0.42706685042451464,0.28323836003323366,https://www.oddsportal.com/american-football/usa/nfl-2017-2018/indianapolis-colts-denver-broncos-vPfeucrG/
2017-12-11,2018,1,mia,ne,1,376,-526,0.05033962466775854,0.2000153366392311,0.10923250006106211,https://www.oddsportal.com/american-football/usa/nfl-2017-2018/miami-dolphins-new-england-patriots-p2eitwT9/
2017-12-10,2018,1,pit,bal,1,-253,200,0.050047214353163394,0.6825539568345323,0.7952431701253543,https://www.oddsportal.com/american-football/usa/nfl-2017-2018/pittsburgh-steelers-baltimore-ravens-WbimsJD3/
2017-12-10,2018,1,jax,sea,1,-148,120,0.0513196480938416,0.5676429567642958,0.467584913262238,https://www.oddsportal.com/american-football/usa/nfl-2017-2018/jacksonville-jaguars-seattle-seahawks-GObGvQi5/
2017-12-10,2018,1,lar,phi,0,-106,-115,0.049446827726348896,0.4903184165232359,0.43756999193613605,https://www.oddsportal.com/american-football/usa/nfl-2017-2018/los-angeles-rams-philadelphia-eagles-Aq3vquqi/
2017-12-10,2018,1,ari,ten,1,118,-146,0.05221153128962497,0.4359537818104487,0.28129744220281416,https://www.oddsportal.com/american-football/usa/nfl-2017-2018/arizona-cardinals-tennessee-titans-4nGhLyip/
2017-12-10,2018,1,den,nyj,1,-105,-116,0.049232158988256725,0.4881618596642272,0.25028917613445417,https://www.oddsportal.com/american-football/usa/nfl-2017-2018/denver-broncos-new-york-jets-2yc8mFyT/
2017-12-10,2018,1,lac,wsh,1,-266,210,0.049356601445443404,0.6925919704350747,0.42841198375287426,https://www.oddsportal.com/american-football/usa/nfl-2017-2018/los-angeles-chargers-washington-commanders-rwFdKe6j/
2017-12-10,2018,1,buf,ind,1,-177,142,0.052212310170957954,0.6072815946919217,0.8701622882749923,https://www.oddsportal.com/american-football/usa/nfl-2017-2018/buffalo-bills-indianapolis-colts-CjGXnlpP/
2017-12-10,2018,1,car,min,1,108,-133,0.05158468141300765,0.457185464249274,0.27609931509686236,https://www.oddsportal.com/american-football/usa/nfl-2017-2018/carolina-panthers-minnesota-vikings-nq7ar8ht/
2017-12-10,2018,1,cin,chi,0,-247,195,0.05079861280711184,0.6774043601543254,0.4016860747483615,https://www.oddsportal.com/american-football/usa/nfl-2017-2018/cincinnati-bengals-chicago-bears-t663sS7n/
2017-12-10,2018,1,cle,gb,0,112,-138,0.05153004598065647,0.4485826296743064,0.0,https://www.oddsportal.com/american-football/usa/nfl-2017-2018/cleveland-browns-green-bay-packers-Kd57tnNh/
2017-12-10,2018,1,hou,sf,0,-127,102,0.054520870589261694,0.5305455598295901,0.7382899094258987,https://www.oddsportal.com/american-football/usa/nfl-2017-2018/houston-texans-san-francisco-49ers-xYaCu6xa/
2017-12-10,2018,1,kc,oak,1,-210,167,0.051951190044702056,0.6439646261628575,0.5456009154635891,https://www.oddsportal.com/american-football/usa/nfl-2017-2018/kansas-city-chiefs-las-vegas-raiders-AobKwp7B/
2017-12-10,2018,1,nyg,dal,0,165,-204,0.048411122144985,0.3599336964243429,0.14373446603873452,https://www.oddsportal.com/american-football/usa/nfl-2017-2018/new-york-giants-dallas-cowboys-lz2rrabc/
2017-12-10,2018,1,tb,det,0,-118,-104,0.05108832523835227,0.5149751839808318,0.2648523733959111,https://www.oddsportal.com/american-football/usa/nfl-2017-2018/tampa-bay-buccaneers-detroit-lions-Ol2Ox4MH/
2017-12-07,2018,1,atl,no,1,-139,114,0.04887967778516411,0.5544868210118182,0.24305602612483038,https://www.oddsportal.com/american-football/usa/nfl-2017-2018/atlanta-falcons-new-orleans-saints-8IkivdtP/
2017-12-04,2018,1,cin,pit,0,172,-215,0.050186741363211995,0.35007779506557013,0.06402886549896109,https://www.oddsportal.com/american-football/usa/nfl-2017-2018/cincinnati-bengals-pittsburgh-steelers-URjmuxRI/
2017-12-03,2018,1,sea,phi,1,158,-200,0.054263565891472965,0.3676470588235294,0.09151429227293528,https://www.oddsportal.com/american-football/usa/nfl-2017-2018/seattle-seahawks-philadelphia-eagles-0hnqtIBC/
2017-12-03,2018,1,ari,lar,0,248,-317,0.04754816836186215,0.27431323018629616,0.16628098632921776,https://www.oddsportal.com/american-football/usa/nfl-2017-2018/arizona-cardinals-los-angeles-rams-vwbzrvs0/
2017-12-03,2018,1,oak,nyg,1,-466,338,0.051632057053423,0.7828988753701459,0.8316734934576147,https://www.oddsportal.com/american-football/usa/nfl-2017-2018/las-vegas-raiders-new-york-giants-M1musbd6/
2017-12-03,2018,1,no,car,1,-247,193,0.05311249028729925,0.6759159809845804,0.5262886554079789,https://www.oddsportal.com/american-football/usa/nfl-2017-2018/new-orleans-saints-carolina-panthers-2sx4kMlQ/
2017-12-03,2018,1,lac,cle,1,-800,534,0.046617595513494425,0.8492967180174147,1.0,https://www.oddsportal.com/american-football/usa/nfl-2017-2018/los-angeles-chargers-cleveland-browns-QZgWrKRg/
2017-12-03,2018,1,atl,min,0,-129,104,0.05351485572394887,0.5347041612483745,0.2248503418321033,https://www.oddsportal.com/american-football/usa/nfl-2017-2018/atlanta-falcons-minnesota-vikings-S4gcWtrl/
2017-12-03,2018,1,bal,det,1,-134,110,0.04884004884004867,0.5459837019790454,0.30634800611978374,https://www.oddsportal.com/american-football/usa/nfl-2017-2018/baltimore-ravens-detroit-lions-6eh1V0cf/
2017-12-03,2018,1,buf,ne,0,256,-334,0.05048412986071549,0.26739944794952686,0.16173033258998823,https://www.oddsportal.com/american-football/usa/nfl-2017-2018/buffalo-bills-new-england-patriots-zVd5UKC0/
2017-12-03,2018,1,chi,sf,0,-140,114,0.050623052959501535,0.5552260934025204,0.9475060259181142,https://www.oddsportal.com/american-football/usa/nfl-2017-2018/chicago-bears-san-francisco-49ers-ELe9TvS6/
2017-12-03,2018,1,gb,tb,1,-165,134,0.04999193678438951,0.5929964675165106,0.650411639137389,https://www.oddsportal.com/american-football/usa/nfl-2017-2018/green-bay-packers-tampa-bay-buccaneers-dpoESbsD/
2017-12-03,2018,1,jax,ind,1,-488,361,0.046851712485427965,0.792788475092329,0.8992930678990576,https://www.oddsportal.com/american-football/usa/nfl-2017-2018/jacksonville-jaguars-indianapolis-colts-AmkIRIdJ/
2017-12-03,2018,1,mia,den,1,100,-123,0.05156950672645744,0.47547974413646055,0.712037761057555,https://www.oddsportal.com/american-football/usa/nfl-2017-2018/miami-dolphins-denver-broncos-Ojw0j2ZJ/
2017-12-03,2018,1,nyj,kc,1,154,-192,0.0512350339769172,0.374512620562282,0.2940412698841496,https://www.oddsportal.com/american-football/usa/nfl-2017-2018/new-york-jets-kansas-city-chiefs-hMeOptcs/
2017-12-03,2018,1,ten,hou,1,-328,250,0.05206942590120156,0.7284263959390863,0.74130991973637,https://www.oddsportal.com/american-football/usa/nfl-2017-2018/tennessee-titans-houston-texans-WCfSq0Cm/
2017-11-30,2018,1,dal,wsh,1,103,-127,0.05208220307719014,0.4682246653328108,0.3504961442291049,https://www.oddsportal.com/american-football/usa/nfl-2017-2018/dallas-cowboys-washington-commanders-pt4hXMSs/
2017-11-27,2018,1,bal,hou,1,-385,289,0.05088384173005056,0.7553779033112249,0.7011169794039537,https://www.oddsportal.com/american-football/usa/nfl-2017-2018/baltimore-ravens-houston-texans-AmDQy3KQ/
2017-11-26,2018,1,pit,gb,1,-1055,612,0.053869351622160666,0.8667297440749544,0.7789825932138628,https://www.oddsportal.com/american-football/usa/nfl-2017-2018/pittsburgh-steelers-green-bay-packers-GQDMxq5K/
2017-11-26,2018,1,ari,jax,1,202,-260,0.05334805003679177,0.31435557107928747,0.15183240996718517,https://www.oddsportal.com/american-football/usa/nfl-2017-2018/arizona-cardinals-jacksonville-jaguars-0IVZEuDD/
2017-11-26,2018,1,oak,den,1,-194,152,0.05668934240362811,0.6244635193133047,0.6567854602550955,https://www.oddsportal.com/american-football/usa/nfl-2017-2018/las-vegas-raiders-denver-broncos-xzFIwPkE/
2017-11-26,2018,1,lar,no,1,-150,122,0.05045045045045038,0.5711835334476844,0.13330376884582681,https://www.oddsportal.com/american-football/usa/nfl-2017-2018/los-angeles-rams-new-orleans-saints-S4XRG1r1/
2017-11-26,2018,1,sf,sea,0,219,-286,0.05441226631149809,0.29730270961381455,0.05261632837032462,https://www.oddsportal.com/american-football/usa/nfl-2017-2018/san-francisco-49ers-seattle-seahawks-MRWVFLc7/
2017-11-26,2018,1,atl,tb,1,-572,400,0.05119047619047623,0.8097395243488108,0.7278330949790315,https://www.oddsportal.com/american-football/usa/nfl-2017-2018/atlanta-falcons-tampa-bay-buccaneers-no0zRo68/
2017-11-26,2018,1,cin,cle,1,-333,265,0.04302572052263587,0.7373290060359733,1.0,https://www.oddsportal.com/american-football/usa/nfl-2017-2018/cincinnati-bengals-cleveland-browns-0l4vQ5LE/
2017-11-26,2018,1,ind,ten,0,142,-177,0.052212310170957954,0.3927184053080784,0.12122145457187629,https://www.oddsportal.com/american-football/usa/nfl-2017-2018/indianapolis-colts-tennessee-titans-rDgqPPzL/
2017-11-26,2018,1,kc,buf,0,-378,275,0.057461645746164525,0.7478237931944078,0.6447951457897563,https://www.oddsportal.com/american-football/usa/nfl-2017-2018/kansas-city-chiefs-buffalo-bills-M3hmOqjR/
2017-11-26,2018,1,ne,mia,1,-1429,789,0.04708371558198787,0.8925721624893468,0.8962123547970384,https://www.oddsportal.com/american-football/usa/nfl-2017-2018/new-england-patriots-miami-dolphins-hnuFJ3br/
2017-11-26,2018,1,nyj,car,0,195,-244,0.04828537642885289,0.32336905433352137,0.09405978168587066,https://www.oddsportal.com/american-football/usa/nfl-2017-2018/new-york-jets-carolina-panthers-WxvJINDl/
2017-11-26,2018,1,phi,chi,1,-953,596,0.0487113992861119,0.8629955190557229,0.896213896225355,https://www.oddsportal.com/american-football/usa/nfl-2017-2018/philadelphia-eagles-chicago-bears-E1TNHsTf/
2017-11-23,2018,1,wsh,nyg,1,-339,259,0.05076109923160388,0.7349049824578354,0.8787415808473147,https://www.oddsportal.com/american-football/usa/nfl-2017-2018/washington-commanders-new-york-giants-YsCh22T7/
2017-11-23,2018,1,dal,lac,0,-103,-116,0.04442619959861349,0.4858066206655603,0.5938493307869571,https://www.oddsportal.com/american-football/usa/nfl-2017-2018/dallas-cowboys-los-angeles-chargers-fiDl3rE1/
2017-11-23,2018,1,det,min,0,114,-139,0.04887967778516411,0.44551317898818177,0.2690236767667774,https://www.oddsportal.com/american-football/usa/nfl-2017-2018/detroit-lions-minnesota-vikings-xGIq4Obe/
2017-11-20,2018,1,sea,atl,0,-111,-112,0.05436823750335318,0.49893986939190915,0.35974826602576077,https://www.oddsportal.com/american-football/usa/nfl-2017-2018/seattle-seahawks-atlanta-falcons-bPJu54qk/
2017-11-19,2018,1,dal,phi,0,205,-263,0.05238675879510457,0.3115478693730421,0.09592554664649518,https://www.oddsportal.com/american-football/usa/nfl-2017-2018/dallas-cowboys-philadelphia-eagles-vaB46ZtF/
2017-11-19,2018,1,den,cin,0,-153,124,0.05117165443252403,0.5753038340159806,0.6494529181567867,https://www.oddsportal.com/american-football/usa/nfl-2017-2018/denver-broncos-cincinnati-bengals-42Ky6pUr/
2017-11-19,2018,1,oak,ne,0,245,-312,0.04713662586182643,0.27680730986294005,0.09580689706846358,https://www.oddsportal.com/american-football/usa/nfl-2017-2018/las-vegas-raiders-new-england-patriots-dzMa7FR8/
2017-11-19,2018,1,lac,buf,1,-313,241,0.05112438135948261,0.7210081535873758,0.2355734191437755,https://www.oddsportal.com/american-football/usa/nfl-2017-2018/los-angeles-chargers-buffalo-bills-8rw9NCaG/
2017-11-19,2018,1,chi,det,0,134,-167,0.05281859214443485,0.40591079084192283,0.3267018117345606,https://www.oddsportal.com/american-football/usa/nfl-2017-2018/chicago-bears-detroit-lions-6FGw8XaT/
2017-11-19,2018,1,cle,jax,0,257,-333,0.04916516260083714,0.26698565183344536,0.0,https://www.oddsportal.com/american-football/usa/nfl-2017-2018/cleveland-browns-jacksonville-jaguars-Of353i8p/
2017-11-19,2018,1,gb,bal,0,109,-133,0.049284350165307966,0.4559954596160244,0.775601331153668,https://www.oddsportal.com/american-football/usa/nfl-2017-2018/green-bay-packers-baltimore-ravens-xb792BNj/
2017-11-19,2018,1,hou,ari,1,-139,113,0.05107352623411332,0.5533294709103481,0.36036728107500277,https://www.oddsportal.com/american-football/usa/nfl-2017-2018/houston-texans-arizona-cardinals-v3ohRf0i/
2017-11-19,2018,1,mia,tb,0,-103,-117,0.04655966947401868,0.48481627695110846,0.5845151976494234,https://www.oddsportal.com/american-football/usa/nfl-2017-2018/miami-dolphins-tampa-bay-buccaneers-bceUGhPH/
2017-11-19,2018,1,min,lar,1,-123,100,0.05156950672645744,0.5245202558635395,0.7900171696808034,https://www.oddsportal.com/american-football/usa/nfl-2017-2018/minnesota-vikings-los-angeles-rams-IgpdQEFc/
2017-11-19,2018,1,no,wsh,1,-408,303,0.051288564115589796,0.7639668438464112,0.8640327146300935,https://www.oddsportal.com/american-football/usa/nfl-2017-2018/new-orleans-saints-washington-commanders-nTl0PYU3/
2017-11-19,2018,1,nyg,kc,1,325,-445,0.051807879114948774,0.2237044638276039,0.01482214442748593,https://www.oddsportal.com/american-football/usa/nfl-2017-2018/new-york-giants-kansas-city-chiefs-QJm4OhpA/
2017-11-16,2018,1,pit,ten,1,-312,243,0.048826742902431386,0.722027311491337,0.832601511186111,https://www.oddsportal.com/american-football/usa/nfl-2017-2018/pittsburgh-steelers-tennessee-titans-SOHZ8DpN/
2017-11-13,2018,1,car,mia,1,-400,298,0.0512562814070352,0.7609942638623327,0.8372773982877898,https://www.oddsportal.com/american-football/usa/nfl-2017-2018/carolina-panthers-miami-dolphins-nD0xAgVG/
2017-11-12,2018,1,den,ne,0,239,-308,0.049887211521776775,0.28096851499876047,0.10026190789933462,https://www.oddsportal.com/american-football/usa/nfl-2017-2018/denver-broncos-new-england-patriots-8M1YAZFA/
2017-11-12,2018,1,atl,dal,1,-192,153,0.0527911635713898,0.624562847150792,0.573775158466526,https://www.oddsportal.com/american-football/usa/nfl-2017-2018/atlanta-falcons-dallas-cowboys-0dbQCeob/
2017-11-12,2018,1,sf,nyg,1,134,-164,0.04856254856254849,0.4075583549462764,0.0,https://www.oddsportal.com/american-football/usa/nfl-2017-2018/san-francisco-49ers-new-york-giants-Ea2UBF04/
2017-11-12,2018,1,lar,hou,1,-741,485,0.05203410673089626,0.8375146111266749,0.869493965263789,https://www.oddsportal.com/american-football/usa/nfl-2017-2018/los-angeles-rams-houston-texans-IX8LDyWi/
2017-11-12,2018,1,buf,no,0,108,-133,0.05158468141300765,0.457185464249274,0.18143169377340376,https://www.oddsportal.com/american-football/usa/nfl-2017-2018/buffalo-bills-new-orleans-saints-M5wibdW4/
2017-11-12,2018,1,chi,gb,0,-227,181,0.05006148856747972,0.6610942406749095,0.42086283856499346,https://www.oddsportal.com/american-football/usa/nfl-2017-2018/chicago-bears-green-bay-packers-0dxecGoB/
2017-11-12,2018,1,det,cle,1,-513,368,0.05054307664421853,0.7966049956202055,1.0,https://www.oddsportal.com/american-football/usa/nfl-2017-2018/detroit-lions-cleveland-browns-fJyadz1H/
2017-11-12,2018,1,ind,pit,0,392,-541,0.04724579227071524,0.19408245325065399,0.020541062355091462,https://www.oddsportal.com/american-football/usa/nfl-2017-2018/indianapolis-colts-pittsburgh-steelers-6gu3efGN/
2017-11-12,2018,1,jax,lac,1,-233,186,0.049350049350049385,0.6667934119153875,0.6362957378819516,https://www.oddsportal.com/american-football/usa/nfl-2017-2018/jacksonville-jaguars-los-angeles-chargers-lIU7fEVT/
2017-11-12,2018,1,tb,nyj,1,-120,-102,0.05040504050405037,0.519280205655527,0.30808113468789805,https://www.oddsportal.com/american-football/usa/nfl-2017-2018/tampa-bay-buccaneers-new-york-jets-UTTDqCZ1/
2017-11-12,2018,1,ten,cin,1,-230,181,0.05284158309069342,0.6619891426815528,0.7690448113244259,https://www.oddsportal.com/american-football/usa/nfl-2017-2018/tennessee-titans-cincinnati-bengals-rXHe8eC2/
2017-11-12,2018,1,wsh,min,0,-110,-112,0.05211141060197666,0.49786507258753204,0.2712228618705587,https://www.oddsportal.com/american-football/usa/nfl-2017-2018/washington-commanders-minnesota-vikings-vsAHEHGo/
2017-11-09,2018,1,ari,sea,0,212,-270,0.05024255024255031,0.3051798086440119,0.35049467418427555,https://www.oddsportal.com/american-football/usa/nfl-2017-2018/arizona-cardinals-seattle-seahawks-4UrnaxHb/
2017-11-06,2018,1,gb,det,0,115,-142,0.051893138573899655,0.44217065594737803,0.6243042758571122,https://www.oddsportal.com/american-football/usa/nfl-2017-2018/green-bay-packers-detroit-lions-Qwpr0I1h/
2017-11-05,2018,1,mia,oak,0,137,-169,0.0501937163741315,0.4017743790420145,0.7466067817118198,https://www.oddsportal.com/american-football/usa/nfl-2017-2018/miami-dolphins-las-vegas-raiders-WGpv1bnn/
2017-11-05,2018,1,dal,kc,1,-140,113,0.052816901408450745,0.5540691192865106,0.08576625442687823,https://www.oddsportal.com/american-football/usa/nfl-2017-2018/dallas-cowboys-kansas-city-chiefs-IDtz2vXu/
2017-11-05,2018,1,sf,ari,0,106,-132,0.05440241044526273,0.4603905381806636,0.0,https://www.oddsportal.com/american-football/usa/nfl-2017-2018/san-francisco-49ers-arizona-cardinals-hjFTte1U/
2017-11-05,2018,1,sea,wsh,0,-426,317,0.04969408503615358,0.7715447225093598,0.5404882670785957,https://www.oddsportal.com/american-football/usa/nfl-2017-2018/seattle-seahawks-washington-commanders-EaGPsynO/
2017-11-05,2018,0,car,atl,1,127,-156,0.04990363436123335,0.41958958893332465,0.585758393295012,https://www.oddsportal.com/american-football/usa/nfl-2017-2018/carolina-panthers-atlanta-falcons-fHGdlL2t/
2017-11-05,2018,0,hou,ind,0,-266,206,0.05357334190506813,0.6898199938980982,0.9967827190802481,https://www.oddsportal.com/american-football/usa/nfl-2017-2018/houston-texans-indianapolis-colts-ChB1muIn/
2017-11-05,2018,0,jax,cin,1,-259,201,0.05367438158783622,0.6846977401874248,0.7555183226541842,https://www.oddsportal.com/american-football/usa/nfl-2017-2018/jacksonville-jaguars-cincinnati-bengals-jqA5naXh/
2017-11-05,2018,0,no,tb,1,-307,239,0.04928500503721733,0.7188702313276647,0.9492263252346328,https://www.oddsportal.com/american-football/usa/nfl-2017-2018/new-orleans-saints-tampa-bay-buccaneers-p699oJna/
2017-11-05,2018,0,nyg,lar,0,204,-263,0.05346527475714069,0.312252692426797,0.10827322877120522,https://www.oddsportal.com/american-football/usa/nfl-2017-2018/new-york-giants-los-angeles-rams-b9DDpw25/
2017-11-05,2018,0,phi,den,1,-317,245,0.050046918986550004,0.7239598848177936,0.9418826068045695,https://www.oddsportal.com/american-football/usa/nfl-2017-2018/philadelphia-eagles-denver-broncos-tY2IqcHB/
2017-11-05,2018,0,ten,bal,1,-175,143,0.047886270108492335,0.6072831131738665,0.37550353410133086,https://www.oddsportal.com/american-football/usa/nfl-2017-2018/tennessee-titans-baltimore-ravens-KO1MrHWH/
2017-11-02,2018,0,nyj,buf,1,143,-177,0.05051180341994632,0.39173537356281196,0.2080147362033405,https://www.oddsportal.com/american-football/usa/nfl-2017-2018/new-york-jets-buffalo-bills-h8UUh1fP/
2017-10-30,2018,0,kc,den,1,-333,255,0.05074325862798035,0.7319134445717116,0.9012044542113804,https://www.oddsportal.com/american-football/usa/nfl-2017-2018/kansas-city-chiefs-denver-broncos-v5tmUHHO/
2017-10-29,2018,0,det,pit,0,141,-175,0.05130139569973591,0.39468963042698246,0.28091632615772244,https://www.oddsportal.com/american-football/usa/nfl-2017-2018/detroit-lions-pittsburgh-steelers-SUxqVc2I/
2017-10-29,2018,0,wsh,dal,0,134,-166,0.051410577726367146,0.40645437320457184,0.8905205446917042,https://www.oddsportal.com/american-football/usa/nfl-2017-2018/washington-commanders-dallas-cowboys-p6mvWwmC/
2017-10-29,2018,0,sea,hou,1,-274,217,0.04807773410482641,0.6990133432052664,0.41085780947661116,https://www.oddsportal.com/american-football/usa/nfl-2017-2018/seattle-seahawks-houston-texans-6FlzXJX5/
2017-10-29,2018,0,buf,oak,1,-128,104,0.05159958720330238,0.5338567222767419,0.699586138627097,https://www.oddsportal.com/american-football/usa/nfl-2017-2018/buffalo-bills-las-vegas-raiders-WrPAUQB7/
2017-10-29,2018,0,cin,ind,1,-541,391,0.047659747530430785,0.8055991095772008,0.9943279433906471,https://www.oddsportal.com/american-football/usa/nfl-2017-2018/cincinnati-bengals-indianapolis-colts-WzVogAl8/
2017-10-29,2018,0,ne,lac,1,-290,226,0.05033820984741233,0.7079526733562977,0.8803179457115287,https://www.oddsportal.com/american-football/usa/nfl-2017-2018/new-england-patriots-los-angeles-chargers-ARTkhU3E/
2017-10-29,2018,0,no,chi,1,-364,277,0.049734748010610064,0.7473152242577384,0.8008618669815463,https://www.oddsportal.com/american-football/usa/nfl-2017-2018/new-orleans-saints-chicago-bears-2NiJz2Yt/
2017-10-29,2018,0,nyj,atl,0,237,-307,0.05103565934426468,0.2823271526578292,0.28732909710946175,https://www.oddsportal.com/american-football/usa/nfl-2017-2018/new-york-jets-atlanta-falcons-GQeNZLmm/
2017-10-29,2018,0,phi,sf,1,-769,521,0.04595579719410203,0.8460445496404458,1.0,https://www.oddsportal.com/american-football/usa/nfl-2017-2018/philadelphia-eagles-san-francisco-49ers-bkoSYu3g/
2017-10-29,2018,0,tb,car,0,-124,101,0.05108386638237383,0.5266672301580594,0.10586317441488174,https://www.oddsportal.com/american-football/usa/nfl-2017-2018/tampa-bay-buccaneers-carolina-panthers-xtpWXaIa/
2017-10-29,2018,0,cle,min,0,432,-627,0.05041834296883896,0.1789476793415119,0.0,https://www.oddsportal.com/american-football/usa/nfl-2017-2018/cleveland-browns-minnesota-vikings-hhQ6V6d1/
2017-10-26,2018,0,bal,mia,1,-159,128,0.05249610512768399,0.5832797013772687,0.1593227982575202,https://www.oddsportal.com/american-football/usa/nfl-2017-2018/baltimore-ravens-miami-dolphins-bVQ2Wnse/
2017-10-23,2018,0,phi,wsh,1,-175,136,0.06009244992295848,0.6002906976744186,0.7807988854567979,https://www.oddsportal.com/american-football/usa/nfl-2017-2018/philadelphia-eagles-washington-commanders-pSMbXSRl/
2017-10-22,2018,0,ne,atl,1,-133,105,0.05862032869255729,0.539206961336893,0.6725698789826121,https://www.oddsportal.com/american-football/usa/nfl-2017-2018/new-england-patriots-atlanta-falcons-23XgY8Cr/
2017-10-22,2018,0,lac,den,1,-109,-116,0.058568137515505825,0.4926759856030803,0.4002789053490767,https://www.oddsportal.com/american-football/usa/nfl-2017-2018/los-angeles-chargers-denver-broncos-0foSxk4R/
2017-10-22,2018,0,nyg,sea,0,125,-159,0.058344058344058425,0.4199432509120389,0.26059688939716436,https://www.oddsportal.com/american-football/usa/nfl-2017-2018/new-york-giants-seattle-seahawks-WKtOwVlL/
2017-10-22,2018,0,pit,cin,1,-162,128,0.05691710191509314,0.585022807906741,0.8675003123155114,https://www.oddsportal.com/american-football/usa/nfl-2017-2018/pittsburgh-steelers-cincinnati-bengals-A5hFuiK8/
2017-10-22,2018,0,sf,dal,0,143,-183,0.058165743285492066,0.38890186755349115,0.0,https://www.oddsportal.com/american-football/usa/nfl-2017-2018/san-francisco-49ers-dallas-cowboys-hUsKvBZE/
2017-10-22,2018,0,buf,tb,1,-144,115,0.05528021349599688,0.5592485549132948,0.8283324145333444,https://www.oddsportal.com/american-football/usa/nfl-2017-2018/buffalo-bills-tampa-bay-buccaneers-AiDtRi5F/
2017-10-22,2018,0,chi,car,1,108,-137,0.05882830249918869,0.45405778220553294,0.09371495378292045,https://www.oddsportal.com/american-football/usa/nfl-2017-2018/chicago-bears-carolina-panthers-hG2oQBKL/
2017-10-22,2018,0,cle,ten,0,142,-183,0.05986625003650392,0.38988234645799463,0.0,https://www.oddsportal.com/american-football/usa/nfl-2017-2018/cleveland-browns-tennessee-titans-6J6kPVZR/
2017-10-22,2018,0,gb,no,0,120,-152,0.057720057720057616,0.4297407912687586,0.2640394479693095,https://www.oddsportal.com/american-football/usa/nfl-2017-2018/green-bay-packers-new-orleans-saints-ObgHKkrq/
2017-10-22,2018,0,ind,jax,0,110,-140,0.059523809523809534,0.449438202247191,0.00298847985431016,https://www.oddsportal.com/american-football/usa/nfl-2017-2018/indianapolis-colts-jacksonville-jaguars-2khLJ9ck/
2017-10-22,2018,0,lar,ari,1,-143,113,0.05796093433026139,0.5562373308497234,0.7176222004052298,https://www.oddsportal.com/american-football/usa/nfl-2017-2018/los-angeles-rams-arizona-cardinals-KQnQITCe/
2017-10-22,2018,0,mia,nyj,1,-144,114,0.05745365405239777,0.5580991017096494,0.6594986613041668,https://www.oddsportal.com/american-football/usa/nfl-2017-2018/miami-dolphins-new-york-jets-bHoUHmS1/
2017-10-22,2018,0,min,bal,1,-174,136,0.05876530990968698,0.5997896704837579,0.8642063520851867,https://www.oddsportal.com/american-football/usa/nfl-2017-2018/minnesota-vikings-baltimore-ravens-CKZBtX42/
2017-10-19,2018,0,oak,kc,1,109,-138,0.05830083229464034,0.45211048212453936,0.014769997529386552,https://www.oddsportal.com/american-football/usa/nfl-2017-2018/las-vegas-raiders-kansas-city-chiefs-W0ExSXk9/
2017-10-16,2018,0,ten,ind,1,-190,148,0.05839822024471619,0.6190225959012087,0.992696389145793,https://www.oddsportal.com/american-football/usa/nfl-2017-2018/tennessee-titans-indianapolis-colts-OzFYSDz3/
2017-10-15,2018,0,den,nyg,0,-747,506,0.046952747222774205,0.8423840024414663,1.0,https://www.oddsportal.com/american-football/usa/nfl-2017-2018/denver-broncos-new-york-giants-ppGUTgLd/
2017-10-15,2018,0,kc,pit,0,-148,117,0.05760368663594484,0.5642701525054465,0.9991079475896812,https://www.oddsportal.com/american-football/usa/nfl-2017-2018/kansas-city-chiefs-pittsburgh-steelers-S8opMs2j/
2017-10-15,2018,0,oak,lac,0,-139,109,0.06005885768052699,0.5486393080395082,0.9951052673281918,https://www.oddsportal.com/american-football/usa/nfl-2017-2018/las-vegas-raiders-los-angeles-chargers-tCklL1Hd/
2017-10-15,2018,0,ari,tb,1,104,-132,0.05916159567275181,0.46281519310564956,0.001832232742331767,https://www.oddsportal.com/american-football/usa/nfl-2017-2018/arizona-cardinals-tampa-bay-buccaneers-Wx0ER3vT/
2017-10-15,2018,0,jax,lar,0,-117,-107,0.05607871947282872,0.5105400733589106,0.9739033180077278,https://www.oddsportal.com/american-football/usa/nfl-2017-2018/jacksonville-jaguars-los-angeles-rams-YontNNnp/
2017-10-15,2018,0,atl,mia,0,-871,567,0.04693842574078566,0.8567966999824498,0.9282612922091714,https://www.oddsportal.com/american-football/usa/nfl-2017-2018/atlanta-falcons-miami-dolphins-KrM68OXj/
2017-10-15,2018,0,bal,chi,0,-171,134,0.05834673731352691,0.5962094346932086,0.6917165831515784,https://www.oddsportal.com/american-football/usa/nfl-2017-2018/baltimore-ravens-chicago-bears-8bFlX7Ai/
2017-10-15,2018,0,hou,cle,1,-217,169,0.056289798646699474,0.6480632375961719,1.0,https://www.oddsportal.com/american-football/usa/nfl-2017-2018/houston-texans-cleveland-browns-nkEhWRPc/
2017-10-15,2018,0,min,gb,1,110,-139,0.05778043434947211,0.45017894142022974,0.3744475863572058,https://www.oddsportal.com/american-football/usa/nfl-2017-2018/minnesota-vikings-green-bay-packers-UD3cVou4/
2017-10-15,2018,0,no,det,1,-174,137,0.05697742462040711,0.6008042192371573,0.5805044561182922,https://www.oddsportal.com/american-football/usa/nfl-2017-2018/new-orleans-saints-detroit-lions-tl71U5fA/
2017-10-15,2018,0,nyj,ne,0,189,-247,0.05783632320532894,0.32710236324387504,0.12218979767936738,https://www.oddsportal.com/american-football/usa/nfl-2017-2018/new-york-jets-new-england-patriots-zB65TP9G/
2017-10-15,2018,0,wsh,sf,1,-276,208,0.05871787786681404,0.6933315933707426,1.0,https://www.oddsportal.com/american-football/usa/nfl-2017-2018/washington-commanders-san-francisco-49ers-E159SqPM/
2017-10-12,2018,0,car,phi,0,-134,106,0.058086465853456115,0.5412124539251824,0.29165831346795856,https://www.oddsportal.com/american-football/usa/nfl-2017-2018/carolina-panthers-philadelphia-eagles-thN294Ip/
2017-10-09,2018,0,chi,min,0,120,-152,0.057720057720057616,0.4297407912687586,0.2682124716417148,https://www.oddsportal.com/american-football/usa/nfl-2017-2018/chicago-bears-minnesota-vikings-zBpzEpAT/
2017-10-08,2018,0,hou,kc,0,-102,-125,0.060506050605060535,0.47614107883817425,5.296721625180551e-05,https://www.oddsportal.com/american-football/usa/nfl-2017-2018/houston-texans-kansas-city-chiefs-M7tWEQfN/
2017-10-08,2018,0,dal,gb,0,-129,102,0.058368282243071334,0.5322521344826178,0.0185684146679655,https://www.oddsportal.com/american-football/usa/nfl-2017-2018/dallas-cowboys-green-bay-packers-SpsSF6uH/
2017-10-08,2018,0,oak,bal,0,-136,107,0.059362973880291436,0.543978976657907,0.9966852653292568,https://www.oddsportal.com/american-football/usa/nfl-2017-2018/las-vegas-raiders-baltimore-ravens-lfrOGnQA/
2017-10-08,2018,0,lar,sea,0,-124,-102,0.05852192362093356,0.5229664272590613,0.9959610015860093,https://www.oddsportal.com/american-football/usa/nfl-2017-2018/los-angeles-rams-seattle-seahawks-MXBRHSA4/
2017-10-08,2018,0,cin,buf,1,-141,111,0.05899588995300009,0.5524688492321405,3.824234308829733e-06,https://www.oddsportal.com/american-football/usa/nfl-2017-2018/cincinnati-bengals-buffalo-bills-6cFjGFZa/
2017-10-08,2018,0,cle,nyj,0,-102,-125,0.060506050605060535,0.47614107883817425,0.0,https://www.oddsportal.com/american-football/usa/nfl-2017-2018/cleveland-browns-new-york-jets-lM4eFZl6/
2017-10-08,2018,0,det,car,0,-126,-100,0.05752212389380529,0.5271966527196653,0.22227704024407846,https://www.oddsportal.com/american-football/usa/nfl-2017-2018/detroit-lions-carolina-panthers-SC3aEg4C/
2017-10-08,2018,0,ind,sf,1,-119,-106,0.05794210222990648,0.5136188400938653,1.0,https://www.oddsportal.com/american-football/usa/nfl-2017-2018/indianapolis-colts-san-francisco-49ers-dn83DDJI/
2017-10-08,2018,0,mia,ten,1,-117,-107,0.05607871947282872,0.5105400733589106,0.05747300312528839,https://www.oddsportal.com/american-football/usa/nfl-2017-2018/miami-dolphins-tennessee-titans-YBVWeolo/
2017-10-08,2018,0,nyg,lac,0,-143,113,0.05796093433026139,0.5562373308497234,,https://www.oddsportal.com/american-football/usa/nfl-2017-2018/new-york-giants-los-angeles-chargers-zH9FKUQo/
2017-10-08,2018,0,phi,ari,1,-184,143,0.05940995768851787,0.6115548747127695,0.9999577091963208,https://www.oddsportal.com/american-football/usa/nfl-2017-2018/philadelphia-eagles-arizona-cardinals-lKDJJlth/
2017-10-08,2018,0,pit,jax,0,-202,157,0.057979230551189254,0.6322186228901283,0.9578993466979006,https://www.oddsportal.com/american-football/usa/nfl-2017-2018/pittsburgh-steelers-jacksonville-jaguars-rsDNI8eb/
2017-10-05,2018,0,tb,ne,0,120,-152,0.057720057720057616,0.4297407912687586,0.16755982570766292,https://www.oddsportal.com/american-football/usa/nfl-2017-2018/tampa-bay-buccaneers-new-england-patriots-fNBnHeKg/
2017-10-02,2018,0,kc,wsh,1,-194,150,0.05986394557823127,0.6225930680359435,0.988872043415968,https://www.oddsportal.com/american-football/usa/nfl-2017-2018/kansas-city-chiefs-washington-commanders-00CrIy5m/
2017-10-01,2018,0,sea,ind,1,-281,211,0.059076216759078815,0.6963925699850985,0.9960267710168393,https://www.oddsportal.com/american-football/usa/nfl-2017-2018/seattle-seahawks-indianapolis-colts-M9DvJHks/
2017-10-01,2018,0,den,oak,1,-152,120,0.057720057720057616,0.5702592087312415,0.012046421659441078,https://www.oddsportal.com/american-football/usa/nfl-2017-2018/denver-broncos-las-vegas-raiders-tGVBNcsQ/
2017-10-01,2018,0,ari,sf,1,-184,145,0.056050589249784455,0.6135002721829069,1.0,https://www.oddsportal.com/american-football/usa/nfl-2017-2018/arizona-cardinals-san-francisco-49ers-zJvM0zzD/
2017-10-01,2018,0,lac,phi,0,-120,-106,0.06001765225066191,0.5145711906744379,0.0,https://www.oddsportal.com/american-football/usa/nfl-2017-2018/los-angeles-chargers-philadelphia-eagles-lMrQafkJ/
2017-10-01,2018,0,tb,nyg,1,-129,101,0.06083121510352174,0.5310164041860369,1.0,https://www.oddsportal.com/american-football/usa/nfl-2017-2018/tampa-bay-buccaneers-new-york-giants-2PW7OwSJ/
2017-10-01,2018,0,atl,buf,0,-400,281,0.062467191601049965,0.7529644268774703,0.9993171930104657,https://www.oddsportal.com/american-football/usa/nfl-2017-2018/atlanta-falcons-buffalo-bills-zkDQB0rE/
2017-10-01,2018,0,bal,pit,0,121,-154,0.05878790038123061,0.4273648080223441,0.0010287806927876547,https://www.oddsportal.com/american-football/usa/nfl-2017-2018/baltimore-ravens-pittsburgh-steelers-EuCUAKcK/
2017-10-01,2018,0,cle,cin,0,118,-150,0.05871559633027523,0.43327556325823224,,https://www.oddsportal.com/american-football/usa/nfl-2017-2018/cleveland-browns-cincinnati-bengals-82BY9vDQ/
2017-10-01,2018,0,dal,lar,0,-256,193,0.06039805192315062,0.6781426298278606,0.04374446089991911,https://www.oddsportal.com/american-football/usa/nfl-2017-2018/dallas-cowboys-los-angeles-rams-pO205bLs/
2017-10-01,2018,0,hou,ten,1,108,-136,0.05704041720990882,0.4548257786000616,0.0030233476476615386,https://www.oddsportal.com/american-football/usa/nfl-2017-2018/houston-texans-tennessee-titans-Snh54Izl/
2017-10-01,2018,0,min,det,0,-137,109,0.056527971251489006,0.5471308734450537,0.8776305345737353,https://www.oddsportal.com/american-football/usa/nfl-2017-2018/minnesota-vikings-detroit-lions-6wi93xjf/
2017-10-01,2018,0,ne,car,0,-455,322,0.05678664446436965,0.7757666356914871,0.982619959781393,https://www.oddsportal.com/american-football/usa/nfl-2017-2018/new-england-patriots-carolina-panthers-E3jD2d50/
2017-10-01,2018,0,nyj,jax,1,163,-213,0.060739318990755464,0.35845577709318704,0.12374009555107157,https://www.oddsportal.com/american-football/usa/nfl-2017-2018/new-york-jets-jacksonville-jaguars-hfkH1GK6/
2017-10-01,2018,0,mia,no,0,123,-157,0.05932543490778386,0.4233170265684967,0.0001933346026263824,https://www.oddsportal.com/american-football/usa/nfl-2017-2018/miami-dolphins-new-orleans-saints-bXTsmH5D/
2017-09-28,2018,0,gb,chi,1,-196,153,0.05741907915820965,0.6262059908066878,0.06307542183462111,https://www.oddsportal.com/american-football/usa/nfl-2017-2018/green-bay-packers-chicago-bears-KtVwlcj7/
2017-09-25,2018,0,ari,dal,0,109,-138,0.05830083229464034,0.45211048212453936,0.9940628110215254,https://www.oddsportal.com/american-football/usa/nfl-2017-2018/arizona-cardinals-dallas-cowboys-QJVZlwy1/
2017-09-24,2018,0,wsh,oak,1,119,-151,0.05821463006421812,0.43150131513349027,0.003006929255718851,https://www.oddsportal.com/american-football/usa/nfl-2017-2018/washington-commanders-las-vegas-raiders-SYCWkJLf/
2017-09-24,2018,0,gb,cin,1,-202,155,0.06103103493052853,0.6304001958144657,1.0,https://www.oddsportal.com/american-football/usa/nfl-2017-2018/green-bay-packers-cincinnati-bengals-6JONiuir/
2017-09-24,2018,0,lac,kc,0,106,-134,0.058086465853456115,0.4587875460748177,0.0,https://www.oddsportal.com/american-football/usa/nfl-2017-2018/los-angeles-chargers-kansas-city-chiefs-pANRja6l/
2017-09-24,2018,0,ten,sea,1,-124,-102,0.05852192362093356,0.5229664272590613,0.9976869788621407,https://www.oddsportal.com/american-football/usa/nfl-2017-2018/tennessee-titans-seattle-seahawks-ERWedLrR/
2017-09-24,2018,0,buf,den,1,118,-150,0.05871559633027523,0.43327556325823224,0.00670377061577582,https://www.oddsportal.com/american-football/usa/nfl-2017-2018/buffalo-bills-denver-broncos-dUpQr2ER/
2017-09-24,2018,0,car,no,0,-169,133,0.05743733746031232,0.5941276762677853,1.0,https://www.oddsportal.com/american-football/usa/nfl-2017-2018/carolina-panthers-new-orleans-saints-YkxhvMMr/
2017-09-24,2018,0,chi,pit,1,152,-195,0.057842345977939136,0.3751271617497457,0.0,https://www.oddsportal.com/american-football/usa/nfl-2017-2018/chicago-bears-pittsburgh-steelers-SCydwtxk/
2017-09-24,2018,0,det,atl,0,112,-141,0.05676035387144762,0.4463624240628241,0.1889811848680008,https://www.oddsportal.com/american-football/usa/nfl-2017-2018/detroit-lions-atlanta-falcons-63z0x0ie/
2017-09-24,2018,0,ind,cle,1,-111,-114,0.05877663108473219,0.4968624497991968,,https://www.oddsportal.com/american-football/usa/nfl-2017-2018/indianapolis-colts-cleveland-browns-nFicyK61/
2017-09-24,2018,0,min,tb,1,-115,-109,0.05641482140870124,0.5063197809142617,0.029597568990870172,https://www.oddsportal.com/american-football/usa/nfl-2017-2018/minnesota-vikings-tampa-bay-buccaneers-Q5j1zvM7/
2017-09-24,2018,0,ne,hou,1,-293,217,0.06100448704055994,0.7026804154908799,0.9933709060929048,https://www.oddsportal.com/american-football/usa/nfl-2017-2018/new-england-patriots-houston-texans-v9vqaNb8/
2017-09-24,2018,0,nyj,mia,1,138,-179,0.06174512815879041,0.3957334543700888,0.0,https://www.oddsportal.com/american-football/usa/nfl-2017-2018/new-york-jets-miami-dolphins-hCrmbsEE/
2017-09-24,2018,0,phi,nyg,1,-170,132,0.06066411238825031,0.5936183022275737,1.0,https://www.oddsportal.com/american-football/usa/nfl-2017-2018/philadelphia-eagles-new-york-giants-zyYic1TK/
2017-09-24,2018,0,jax,bal,1,113,-143,0.05796093433026139,0.4437626691502767,0.044370270968796206,https://www.oddsportal.com/american-football/usa/nfl-2017-2018/jacksonville-jaguars-baltimore-ravens-E5eLqraL/
2017-09-21,2018,0,sf,lar,0,109,-138,0.05830083229464034,0.45211048212453936,0.0,https://www.oddsportal.com/american-football/usa/nfl-2017-2018/san-francisco-49ers-los-angeles-rams-zFdHpOqF/
2017-09-18,2018,0,nyg,det,0,-146,114,0.06078565458551788,0.5594871427548169,0.0,https://www.oddsportal.com/american-football/usa/nfl-2017-2018/new-york-giants-detroit-lions-6uhDo4U8/
2017-09-17,2018,0,atl,gb,1,-146,115,0.05861221402911698,0.5606358278263976,0.5,https://www.oddsportal.com/american-football/usa/nfl-2017-2018/atlanta-falcons-green-bay-packers-Slg9npF2/
2017-09-17,2018,0,den,dal,1,100,-128,0.06140350877192979,0.4710743801652893,0.5,https://www.oddsportal.com/american-football/usa/nfl-2017-2018/denver-broncos-dallas-cowboys-KnCIPM7k/
2017-09-17,2018,0,lar,wsh,0,-144,114,0.05745365405239777,0.5580991017096494,1.0,https://www.oddsportal.com/american-football/usa/nfl-2017-2018/los-angeles-rams-washington-commanders-E9BMOtNe/
2017-09-17,2018,0,sea,sf,1,-310,232,0.057302380252718166,0.7151195108393552,,https://www.oddsportal.com/american-football/usa/nfl-2017-2018/seattle-seahawks-san-francisco-49ers-QqFQN0x2/
2017-09-17,2018,0,oak,nyj,1,-313,231,0.05998405302005083,0.7149817464096672,1.0,https://www.oddsportal.com/american-football/usa/nfl-2017-2018/las-vegas-raiders-new-york-jets-QofprVNG/
2017-09-17,2018,0,lac,mia,0,-150,118,0.05871559633027523,0.5667244367417678,,https://www.oddsportal.com/american-football/usa/nfl-2017-2018/los-angeles-chargers-miami-dolphins-tdDEQ2hq/
2017-09-17,2018,0,bal,cle,1,-212,165,0.05684567005321739,0.6429388876173037,1.0,https://www.oddsportal.com/american-football/usa/nfl-2017-2018/baltimore-ravens-cleveland-browns-KQOBTV8N/
2017-09-17,2018,0,car,buf,1,-190,147,0.06003071338824517,0.6180692743316212,0.5,https://www.oddsportal.com/american-football/usa/nfl-2017-2018/carolina-panthers-buffalo-bills-2kEGSkOT/
2017-09-17,2018,0,ind,ari,0,152,-195,0.057842345977939136,0.3751271617497457,,https://www.oddsportal.com/american-football/usa/nfl-2017-2018/indianapolis-colts-arizona-cardinals-4b0rO9Wp/
2017-09-17,2018,0,jax,ten,0,-107,-117,0.05607871947282872,0.48945992664108945,1.0,https://www.oddsportal.com/american-football/usa/nfl-2017-2018/jacksonville-jaguars-tennessee-titans-IF3Png9o/
2017-09-17,2018,0,kc,phi,1,-160,126,0.05786249149081013,0.5817245817245817,0.5,https://www.oddsportal.com/american-football/usa/nfl-2017-2018/kansas-city-chiefs-philadelphia-eagles-d62ToDOi/
2017-09-17,2018,0,no,ne,0,140,-181,0.060794780545670335,0.39278725188705615,,https://www.oddsportal.com/american-football/usa/nfl-2017-2018/new-orleans-saints-new-england-patriots-vViYpXwb/
2017-09-17,2018,0,pit,min,1,-223,172,0.058049535603715174,0.6525237746891002,0.5,https://www.oddsportal.com/american-football/usa/nfl-2017-2018/pittsburgh-steelers-minnesota-vikings-hYexpig4/
2017-09-17,2018,0,tb,chi,1,-197,152,0.060125060125060026,0.6256805807622505,,https://www.oddsportal.com/american-football/usa/nfl-2017-2018/tampa-bay-buccaneers-chicago-bears-neetqB8A/
2017-09-14,2018,0,cin,hou,0,-175,136,0.06009244992295848,0.6002906976744186,,https://www.oddsportal.com/american-football/usa/nfl-2017-2018/cincinnati-bengals-houston-texans-6NK7UBgH/
2017-09-11,2018,0,den,lac,1,-129,102,0.058368282243071334,0.5322521344826178,,https://www.oddsportal.com/american-football/usa/nfl-2017-2018/denver-broncos-los-angeles-chargers-C0L3VivB/
2017-09-11,2018,0,min,no,1,-148,117,0.05760368663594484,0.5642701525054465,,https://www.oddsportal.com/american-football/usa/nfl-2017-2018/minnesota-vikings-new-orleans-saints-Y9MaWXO4/
2017-09-10,2018,0,dal,nyg,1,-179,140,0.05824372759856633,0.6062658763759525,,https://www.oddsportal.com/american-football/usa/nfl-2017-2018/dallas-cowboys-new-york-giants-GYRfXD9b/
2017-09-10,2018,0,gb,sea,1,-132,104,0.05916159567275181,0.5371848068943506,,https://www.oddsportal.com/american-football/usa/nfl-2017-2018/green-bay-packers-seattle-seahawks-rLTnZZvn/
2017-09-10,2018,0,sf,car,0,131,-185,0.08202323991797678,0.40008422825858075,,https://www.oddsportal.com/american-football/usa/nfl-2017-2018/san-francisco-49ers-carolina-panthers-xrTjYgfh/
2017-09-10,2018,0,lar,ind,1,-148,117,0.05760368663594484,0.5642701525054465,,https://www.oddsportal.com/american-football/usa/nfl-2017-2018/los-angeles-rams-indianapolis-colts-WpQrzGPu/
2017-09-10,2018,0,buf,nyj,1,-224,172,0.059005083514887424,0.6528373049888565,,https://www.oddsportal.com/american-football/usa/nfl-2017-2018/buffalo-bills-new-york-jets-AFmCMdet/
2017-09-10,2018,0,chi,atl,0,150,-194,0.05986394557823127,0.3774069319640565,,https://www.oddsportal.com/american-football/usa/nfl-2017-2018/chicago-bears-atlanta-falcons-jR49LGAn/
2017-09-10,2018,0,cin,bal,0,-133,106,0.05625234384766031,0.5404157954948913,,https://www.oddsportal.com/american-football/usa/nfl-2017-2018/cincinnati-bengals-baltimore-ravens-UH3DKzQh/
2017-09-10,2018,0,cle,pit,0,344,-477,0.05191499992193238,0.21410971917116903,,https://www.oddsportal.com/american-football/usa/nfl-2017-2018/cleveland-browns-pittsburgh-steelers-Ov3HJfua/
2017-09-10,2018,0,det,ari,1,-101,-126,0.06000968608286006,0.47404053829539794,,https://www.oddsportal.com/american-football/usa/nfl-2017-2018/detroit-lions-arizona-cardinals-xr7LIEf5/
2017-09-10,2018,0,hou,jax,0,-174,135,0.060568411243981934,0.598769951676673,,https://www.oddsportal.com/american-football/usa/nfl-2017-2018/houston-texans-jacksonville-jaguars-K6dQHY9B/
2017-09-10,2018,0,ten,oak,0,-133,105,0.05862032869255729,0.539206961336893,,https://www.oddsportal.com/american-football/usa/nfl-2017-2018/tennessee-titans-las-vegas-raiders-SWaYFCvO/
2017-09-10,2018,0,wsh,phi,0,-108,-117,0.05840127614321178,0.4905802562170309,,https://www.oddsportal.com/american-football/usa/nfl-2017-2018/washington-commanders-philadelphia-eagles-6NbxFWgU/
2017-09-07,2018,0,ne,kc,0,-271,204,0.05940558944531138,0.6894981754879315,,https://www.oddsportal.com/american-football/usa/nfl-2017-2018/new-england-patriots-kansas-city-chiefs-861pRxmP/
2017-01-01,2017,1,det,gb,0,120,-153,0.059288537549406994,0.4291044776119403,0.45898596881688064,https://www.oddsportal.com/american-football/usa/nfl-2016-2017/detroit-lions-green-bay-packers-UXHmoOuq/
2017-01-01,2017,1,atl,no,1,-357,271,0.050723398231758754,0.7434702801618888,0.6975443278401342,https://www.oddsportal.com/american-football/usa/nfl-2016-2017/atlanta-falcons-new-orleans-saints-KbWHjpIL/
2017-01-01,2017,1,den,oak,1,-113,-109,0.05204753240335158,0.5042704018448135,0.25046849692807277,https://www.oddsportal.com/american-football/usa/nfl-2016-2017/denver-broncos-las-vegas-raiders-4jWVc1Pl/
2017-01-01,2017,1,lac,kc,0,186,-238,0.05379236148466915,0.3318019397651863,0.1257229392214931,https://www.oddsportal.com/american-football/usa/nfl-2016-2017/los-angeles-chargers-kansas-city-chiefs-CGZwduf1/
2017-01-01,2017,1,lar,ari,0,239,-313,0.05285450013213633,0.2801766537545707,0.31999337396086924,https://www.oddsportal.com/american-football/usa/nfl-2016-2017/los-angeles-rams-arizona-cardinals-rsVZdLve/
2017-01-01,2017,1,sf,sea,0,437,-627,0.048668157449173854,0.1775773756164524,0.05980700848292895,https://www.oddsportal.com/american-football/usa/nfl-2016-2017/san-francisco-49ers-seattle-seahawks-j7Ysea97/
2017-01-01,2017,1,wsh,nyg,0,-385,291,0.049568908693015556,0.756324264576582,0.40218509889541904,https://www.oddsportal.com/american-football/usa/nfl-2016-2017/washington-commanders-new-york-giants-MRtRbsAr/
2017-01-01,2017,1,cin,bal,1,104,-128,0.05159958720330238,0.4661432777232581,0.29177267903341336,https://www.oddsportal.com/american-football/usa/nfl-2016-2017/cincinnati-bengals-baltimore-ravens-bkVLk4XR/
2017-01-01,2017,1,ind,jax,1,-244,192,0.05176807900605285,0.6743904285930639,0.7831381319023473,https://www.oddsportal.com/american-football/usa/nfl-2016-2017/indianapolis-colts-jacksonville-jaguars-8OGiprek/
2017-01-01,2017,1,mia,ne,0,279,-364,0.048335001364752994,0.2516869535030051,0.2030891626140601,https://www.oddsportal.com/american-football/usa/nfl-2016-2017/miami-dolphins-new-england-patriots-jm6dq2Ae/
2017-01-01,2017,1,min,chi,1,-274,213,0.05210913874698875,0.6963349084945032,0.8070124761563352,https://www.oddsportal.com/american-football/usa/nfl-2016-2017/minnesota-vikings-chicago-bears-4jA0rMP1/
2017-01-01,2017,1,nyj,buf,1,163,-204,0.05128076846107654,0.36168086422690715,0.26828523649004665,https://www.oddsportal.com/american-football/usa/nfl-2016-2017/new-york-jets-buffalo-bills-Igbr7522/
2017-01-01,2017,1,phi,dal,1,-278,215,0.05291005291005302,0.6984924623115577,0.0946978484778317,https://www.oddsportal.com/american-football/usa/nfl-2016-2017/philadelphia-eagles-dallas-cowboys-dpcn6PH8/
2017-01-01,2017,1,pit,cle,1,-167,134,0.05281859214443485,0.5940892091580772,0.976238805617857,https://www.oddsportal.com/american-football/usa/nfl-2016-2017/pittsburgh-steelers-cleveland-browns-ELii5qXE/
2017-01-01,2017,1,tb,car,1,-173,139,0.052109675540637834,0.6023132839017,0.64475442830296,https://www.oddsportal.com/american-football/usa/nfl-2016-2017/tampa-bay-buccaneers-carolina-panthers-hCje43nL/
2017-01-01,2017,1,ten,hou,1,-166,136,0.047788963935262,0.5955971783021162,0.363580861360635,https://www.oddsportal.com/american-football/usa/nfl-2016-2017/tennessee-titans-houston-texans-nZka3N1R/
2016-12-26,2017,1,dal,det,1,-188,145,0.06094104308390014,0.6152818594710127,0.8184972131024603,https://www.oddsportal.com/american-football/usa/nfl-2016-2017/dallas-cowboys-detroit-lions-xzsDiQ2F/
2016-12-25,2017,1,kc,den,1,-159,123,0.06233010717315657,0.5778802744593119,0.6737157810626281,https://www.oddsportal.com/american-football/usa/nfl-2016-2017/kansas-city-chiefs-denver-broncos-OWx9h6m9/
2016-12-25,2017,1,pit,bal,1,-184,141,0.06282508327976166,0.6095897943473001,0.6185293469722845,https://www.oddsportal.com/american-football/usa/nfl-2016-2017/pittsburgh-steelers-baltimore-ravens-U9w5gnY2/
2016-12-24,2017,1,hou,cin,1,-141,111,0.05899588995300009,0.5524688492321405,0.785999753024356,https://www.oddsportal.com/american-football/usa/nfl-2016-2017/houston-texans-cincinnati-bengals-jJv1fSId/
2016-12-24,2017,1,lar,sf,0,-244,191,0.052944937265244185,0.673636674130014,0.8739547128909557,https://www.oddsportal.com/american-football/usa/nfl-2016-2017/los-angeles-rams-san-francisco-49ers-YsAGnGaj/
2016-12-24,2017,1,no,tb,1,-173,140,0.05036630036630041,0.6033129904097646,0.33753316937877476,https://www.oddsportal.com/american-football/usa/nfl-2016-2017/new-orleans-saints-tampa-bay-buccaneers-IH4ohxxT/
2016-12-24,2017,1,sea,ari,0,-426,313,0.05201668216426225,0.7698413392958721,0.8452222919885162,https://www.oddsportal.com/american-football/usa/nfl-2016-2017/seattle-seahawks-arizona-cardinals-CY8KozFd/
2016-12-24,2017,1,oak,ind,1,-144,113,0.05964750250134676,0.5569436374201047,0.7996937764670642,https://www.oddsportal.com/american-football/usa/nfl-2016-2017/las-vegas-raiders-indianapolis-colts-vLACmdpp/
2016-12-24,2017,1,buf,mia,0,-225,178,0.05201992252351961,0.658074697527617,0.3681729683364288,https://www.oddsportal.com/american-football/usa/nfl-2016-2017/buffalo-bills-miami-dolphins-v7VwZdVj/
2016-12-24,2017,1,car,atl,0,132,-164,0.05224660397074188,0.4096325719960278,0.2685409901666328,https://www.oddsportal.com/american-football/usa/nfl-2016-2017/carolina-panthers-atlanta-falcons-hAJLct8i/
2016-12-24,2017,1,chi,wsh,0,120,-148,0.0513196480938416,0.43235704323570434,0.137211596607312,https://www.oddsportal.com/american-football/usa/nfl-2016-2017/chicago-bears-washington-commanders-6DNPd0Nc/
2016-12-24,2017,1,cle,lac,1,175,-222,0.05307735742518349,0.34530831099195713,0.0,https://www.oddsportal.com/american-football/usa/nfl-2016-2017/cleveland-browns-los-angeles-chargers-lxDUeKx4/
2016-12-24,2017,1,gb,min,1,-286,223,0.05053016570686086,0.705294018842859,0.5951682301164574,https://www.oddsportal.com/american-football/usa/nfl-2016-2017/green-bay-packers-minnesota-vikings-SSBYfvhA/
2016-12-24,2017,1,jax,ten,1,172,-217,0.052189645574318044,0.3494114016136855,0.11771812377698274,https://www.oddsportal.com/american-football/usa/nfl-2016-2017/jacksonville-jaguars-tennessee-titans-d2Gxfb7G/
2016-12-24,2017,1,ne,nyj,1,-1539,813,0.04851621250101079,0.8955390256385088,0.9601267670159978,https://www.oddsportal.com/american-football/usa/nfl-2016-2017/new-england-patriots-new-york-jets-zgFtgIMM/
2016-12-22,2017,1,phi,nyg,1,-120,-105,0.05764966740576494,0.5157232704402516,0.16034841930657415,https://www.oddsportal.com/american-football/usa/nfl-2016-2017/philadelphia-eagles-new-york-giants-0GWZZxGp/
2016-12-19,2017,1,wsh,car,0,-197,152,0.060125060125060026,0.6256805807622505,0.792432764747976,https://www.oddsportal.com/american-football/usa/nfl-2016-2017/washington-commanders-carolina-panthers-dnSEvJ7T/
2016-12-18,2017,1,dal,tb,1,-191,149,0.057963814018962445,0.6203968222909247,0.8012892810817079,https://www.oddsportal.com/american-football/usa/nfl-2016-2017/dallas-cowboys-tampa-bay-buccaneers-zFSVvS1C/
2016-12-18,2017,1,den,ne,0,109,-138,0.05830083229464034,0.45211048212453936,0.313930415669878,https://www.oddsportal.com/american-football/usa/nfl-2016-2017/denver-broncos-new-england-patriots-AVP2sLNA/
2016-12-18,2017,1,lac,oak,0,103,-130,0.05782822874277138,0.4656813120064791,0.15818935379176288,https://www.oddsportal.com/american-football/usa/nfl-2016-2017/los-angeles-chargers-las-vegas-raiders-OYT6tuwH/
2016-12-18,2017,1,ari,no,0,-141,111,0.05899588995300009,0.5524688492321405,0.3796014933337037,https://www.oddsportal.com/american-football/usa/nfl-2016-2017/arizona-cardinals-new-orleans-saints-lGyfqsgb/
2016-12-18,2017,1,atl,sf,1,-315,233,0.05933644487861356,0.7165203729635575,0.9769391532663444,https://www.oddsportal.com/american-football/usa/nfl-2016-2017/atlanta-falcons-san-francisco-49ers-S6zbr184/
2016-12-18,2017,1,bal,phi,1,-238,188,0.05136423405654167,0.6697412647541625,0.5885171129866158,https://www.oddsportal.com/american-football/usa/nfl-2016-2017/baltimore-ravens-philadelphia-eagles-0dzJsUHg/
2016-12-18,2017,1,buf,cle,1,-542,387,0.04957556915951811,0.8043601479793024,1.0,https://www.oddsportal.com/american-football/usa/nfl-2016-2017/buffalo-bills-cleveland-browns-vmZMtlXa/
2016-12-18,2017,1,chi,gb,0,175,-222,0.05307735742518349,0.34530831099195713,0.14084630904747522,https://www.oddsportal.com/american-football/usa/nfl-2016-2017/chicago-bears-green-bay-packers-dOTRu8n6/
2016-12-18,2017,1,cin,pit,0,133,-165,0.051826058790185314,0.4080375702517515,0.20465425884440605,https://www.oddsportal.com/american-football/usa/nfl-2016-2017/cincinnati-bengals-pittsburgh-steelers-IeTAuahN/
2016-12-18,2017,1,hou,jax,1,-196,156,0.05278716216216228,0.6289610910549538,0.8957230458516016,https://www.oddsportal.com/american-football/usa/nfl-2016-2017/houston-texans-jacksonville-jaguars-UySZwnHI/
2016-12-18,2017,1,kc,ten,0,-263,206,0.05131529195700324,0.689153778965216,0.8112225737537642,https://www.oddsportal.com/american-football/usa/nfl-2016-2017/kansas-city-chiefs-tennessee-titans-vof3MJoo/
2016-12-18,2017,1,min,ind,0,-238,189,0.05016277307999428,0.6705074964418709,0.601847341223085,https://www.oddsportal.com/american-football/usa/nfl-2016-2017/minnesota-vikings-indianapolis-colts-tjYoo3Oo/
2016-12-18,2017,1,nyg,det,1,-204,163,0.05128076846107654,0.6383191357730928,0.5940006163676009,https://www.oddsportal.com/american-football/usa/nfl-2016-2017/new-york-giants-detroit-lions-KtXkpNwh/
2016-12-17,2017,1,nyj,mia,0,105,-133,0.05862032869255729,0.4607930386631069,0.1774600396175597,https://www.oddsportal.com/american-football/usa/nfl-2016-2017/new-york-jets-miami-dolphins-6ZzFrA2m/
2016-12-15,2017,1,sea,lar,1,-382,274,0.059910799476335264,0.747733791111018,0.8368758971163566,https://www.oddsportal.com/american-football/usa/nfl-2016-2017/seattle-seahawks-los-angeles-rams-hWWAqjms/
2016-12-12,2017,1,ne,bal,1,-185,144,0.05895887259131438,0.6129820749592613,0.7390791668545391,https://www.oddsportal.com/american-football/usa/nfl-2016-2017/new-england-patriots-baltimore-ravens-nkfrlWvQ/
2016-12-11,2017,1,nyg,dal,1,123,-157,0.05932543490778386,0.4233170265684967,0.15149492384053456,https://www.oddsportal.com/american-football/usa/nfl-2016-2017/new-york-giants-dallas-cowboys-8bevkCPJ/
2016-12-11,2017,1,gb,sea,1,125,-155,0.05228758169934622,0.42236024844720504,0.3374101757528185,https://www.oddsportal.com/american-football/usa/nfl-2016-2017/green-bay-packers-seattle-seahawks-GjggR8XC/
2016-12-11,2017,1,lar,atl,0,182,-230,0.05157962604771127,0.33721643163703247,0.1527868697638485,https://www.oddsportal.com/american-football/usa/nfl-2016-2017/los-angeles-rams-atlanta-falcons-fshcQSnJ/
2016-12-11,2017,1,tb,no,1,-132,107,0.0520573046809929,0.5408122872298313,0.6681806835666136,https://www.oddsportal.com/american-football/usa/nfl-2016-2017/tampa-bay-buccaneers-new-orleans-saints-Q10tUAmf/
2016-12-11,2017,1,sf,nyj,0,-132,104,0.05916159567275181,0.5371848068943506,0.23036826986841455,https://www.oddsportal.com/american-football/usa/nfl-2016-2017/san-francisco-49ers-new-york-jets-YR3lSlI6/
2016-12-11,2017,1,buf,pit,0,101,-125,0.05306799336650081,0.47244094488188976,0.305216026235434,https://www.oddsportal.com/american-football/usa/nfl-2016-2017/buffalo-bills-pittsburgh-steelers-Cbz7FBY0/
2016-12-11,2017,1,car,lac,1,-117,-104,0.04897442848106981,0.5139977603583427,0.3321828782279309,https://www.oddsportal.com/american-football/usa/nfl-2016-2017/carolina-panthers-los-angeles-chargers-tYvBEVm7/
2016-12-11,2017,1,cle,cin,0,172,-215,0.050186741363211995,0.35007779506557013,0.0,https://www.oddsportal.com/american-football/usa/nfl-2016-2017/cleveland-browns-cincinnati-bengals-KOwFDk3D/
2016-12-11,2017,1,det,chi,1,-345,265,0.049253501616130624,0.738888073932815,0.8623952336826071,https://www.oddsportal.com/american-football/usa/nfl-2016-2017/detroit-lions-chicago-bears-MTHcxZuE/
2016-12-11,2017,1,ind,hou,0,-286,221,0.05245912223782545,0.7040013496311519,0.39983755183633934,https://www.oddsportal.com/american-football/usa/nfl-2016-2017/indianapolis-colts-houston-texans-Y3L1ygeK/
2016-12-11,2017,1,jax,min,0,146,-182,0.051894135962636145,0.38644959710573923,0.1623083983307772,https://www.oddsportal.com/american-football/usa/nfl-2016-2017/jacksonville-jaguars-minnesota-vikings-SQK5zDAQ/
2016-12-11,2017,1,mia,ari,1,103,-127,0.05208220307719014,0.4682246653328108,0.6587835940367026,https://www.oddsportal.com/american-football/usa/nfl-2016-2017/miami-dolphins-arizona-cardinals-UZ6XVWIs/
2016-12-11,2017,1,phi,wsh,0,102,-126,0.05257162884430033,0.470323815866145,0.3148714279790638,https://www.oddsportal.com/american-football/usa/nfl-2016-2017/philadelphia-eagles-washington-commanders-nB1xVjYm/
2016-12-11,2017,1,ten,den,1,-128,104,0.05159958720330238,0.5338567222767419,0.24008779123336155,https://www.oddsportal.com/american-football/usa/nfl-2016-2017/tennessee-titans-denver-broncos-KOapTU20/
2016-12-08,2017,1,kc,oak,1,-156,122,0.05982545045045051,0.5749767565413734,0.4037688667853234,https://www.oddsportal.com/american-football/usa/nfl-2016-2017/kansas-city-chiefs-las-vegas-raiders-Y7y3GiJf/
2016-12-05,2017,1,nyj,ind,0,-123,-104,0.06137342829508485,0.519675254742772,0.22739731941822566,https://www.oddsportal.com/american-football/usa/nfl-2016-2017/new-york-jets-indianapolis-colts-jqnbHX3l/
2016-12-04,2017,1,sea,car,1,-238,182,0.05875194091233382,0.6650679773276784,0.799881649785684,https://www.oddsportal.com/american-football/usa/nfl-2016-2017/seattle-seahawks-carolina-panthers-xtrfIDlr/
2016-12-04,2017,1,ari,wsh,1,-145,118,0.050552331024152686,0.5633576902512921,0.10831526244502425,https://www.oddsportal.com/american-football/usa/nfl-2016-2017/arizona-cardinals-washington-commanders-0buROFBE/
2016-12-04,2017,1,lac,tb,0,-177,141,0.053926929011189895,0.6062936168398311,0.48618510825110706,https://www.oddsportal.com/american-football/usa/nfl-2016-2017/los-angeles-chargers-tampa-bay-buccaneers-K0eSMgtR/
2016-12-04,2017,1,pit,nyg,1,-290,227,0.04940014114326052,0.7085855189419412,0.32705723293830696,https://www.oddsportal.com/american-football/usa/nfl-2016-2017/pittsburgh-steelers-new-york-giants-tAdONZQK/
2016-12-04,2017,1,oak,buf,1,-130,102,0.06026689625484272,0.5330897279740154,0.874049706456252,https://www.oddsportal.com/american-football/usa/nfl-2016-2017/las-vegas-raiders-buffalo-bills-M7tNPed8/
2016-12-04,2017,1,atl,kc,0,-224,175,0.054994388327721744,0.6553191489361702,0.4208033580211326,https://www.oddsportal.com/american-football/usa/nfl-2016-2017/atlanta-falcons-kansas-city-chiefs-Mg1lBdsF/
2016-12-04,2017,1,bal,mia,1,-194,155,0.05202080832332934,0.6272346899961962,0.44569866397212177,https://www.oddsportal.com/american-football/usa/nfl-2016-2017/baltimore-ravens-miami-dolphins-KvKiAGdL/
2016-12-04,2017,1,chi,sf,1,-104,-118,0.05108832523835227,0.4850248160191682,0.762678044778241,https://www.oddsportal.com/american-football/usa/nfl-2016-2017/chicago-bears-san-francisco-49ers-239d9zCR/
2016-12-04,2017,1,cin,phi,1,-127,102,0.054520870589261694,0.5305455598295901,0.23403762554827937,https://www.oddsportal.com/american-football/usa/nfl-2016-2017/cincinnati-bengals-philadelphia-eagles-4CeO4fKr/
2016-12-04,2017,1,gb,hou,1,-308,237,0.051637865828824125,0.7178345182439348,0.3641336223097351,https://www.oddsportal.com/american-football/usa/nfl-2016-2017/green-bay-packers-houston-texans-Yo0S3EZl/
2016-12-04,2017,1,jax,den,0,159,-200,0.052767052767052736,0.36674816625916873,0.08236885712385665,https://www.oddsportal.com/american-football/usa/nfl-2016-2017/jacksonville-jaguars-denver-broncos-CxaW2Yle/
2016-12-04,2017,1,ne,lar,1,-769,520,0.046215523961542715,0.8458345160374681,0.8912067683985374,https://www.oddsportal.com/american-football/usa/nfl-2016-2017/new-england-patriots-los-angeles-rams-f1ly2h41/
2016-12-04,2017,1,no,det,0,-282,220,0.05071989528795795,0.7025848645281845,0.39235936033162466,https://www.oddsportal.com/american-football/usa/nfl-2016-2017/new-orleans-saints-detroit-lions-84hu1CJ7/
2016-12-01,2017,1,min,dal,0,108,-138,0.06060116354234002,0.45329879628218805,0.10448558308132574,https://www.oddsportal.com/american-football/usa/nfl-2016-2017/minnesota-vikings-dallas-cowboys-SW1pCxS8/
2016-11-28,2017,1,phi,gb,0,-157,124,0.05732351306281269,0.5777748570677532,0.6553673605938153,https://www.oddsportal.com/american-football/usa/nfl-2016-2017/philadelphia-eagles-green-bay-packers-lt3tDIC2/
2016-11-27,2017,1,den,kc,0,-153,121,0.05723177078675801,0.5720061576979683,0.5439534183971185,https://www.oddsportal.com/american-football/usa/nfl-2016-2017/denver-broncos-kansas-city-chiefs-vBLkje5k/
2016-11-27,2017,1,oak,car,1,-150,118,0.05871559633027523,0.5667244367417678,0.8819096007070448,https://www.oddsportal.com/american-football/usa/nfl-2016-2017/las-vegas-raiders-carolina-panthers-YXKgkFKe/
2016-11-27,2017,1,nyj,ne,0,314,-426,0.05143182527874224,0.22973043797278173,0.060601560929587704,https://www.oddsportal.com/american-football/usa/nfl-2016-2017/new-york-jets-new-england-patriots-COJclZZ1/
2016-11-27,2017,1,tb,sea,1,132,-170,0.06066411238825031,0.4063816977724262,0.2041270932119145,https://www.oddsportal.com/american-football/usa/nfl-2016-2017/tampa-bay-buccaneers-seattle-seahawks-Q7Hoiyjq/
2016-11-27,2017,1,atl,ari,1,-194,156,0.05048894557823136,0.6281493473641606,0.8478728021862042,https://www.oddsportal.com/american-football/usa/nfl-2016-2017/atlanta-falcons-arizona-cardinals-8OxmgOLT/
2016-11-27,2017,1,bal,cin,1,-183,146,0.05314717458128637,0.6140102021331734,0.6201932122008696,https://www.oddsportal.com/american-football/usa/nfl-2016-2017/baltimore-ravens-cincinnati-bengals-AXOElrUp/
2016-11-27,2017,1,buf,jax,1,-392,294,0.050555074078659556,0.75840666247643,0.7566709797907822,https://www.oddsportal.com/american-football/usa/nfl-2016-2017/buffalo-bills-jacksonville-jaguars-OzDdDR6o/
2016-11-27,2017,1,chi,ten,0,221,-282,0.0497463750387368,0.29676356799925424,0.28699281792886505,https://www.oddsportal.com/american-football/usa/nfl-2016-2017/chicago-bears-tennessee-titans-xvH0CoMi/
2016-11-27,2017,1,cle,nyg,0,211,-270,0.05127313808985834,0.30586095726213114,0.0,https://www.oddsportal.com/american-football/usa/nfl-2016-2017/cleveland-browns-new-york-giants-K265B5yb/
2016-11-27,2017,1,hou,lac,0,112,-138,0.05153004598065647,0.4485826296743064,0.7452628387811389,https://www.oddsportal.com/american-football/usa/nfl-2016-2017/houston-texans-los-angeles-chargers-bg59APj4/
2016-11-27,2017,1,mia,sf,1,-351,266,0.05149455369367417,0.7401564822603505,0.9314934184536826,https://www.oddsportal.com/american-football/usa/nfl-2016-2017/miami-dolphins-san-francisco-49ers-6J4D9q6A/
2016-11-27,2017,1,no,lar,1,-385,288,0.051546391752577136,0.7549019607843138,0.6444812690019137,https://www.oddsportal.com/american-football/usa/nfl-2016-2017/new-orleans-saints-los-angeles-rams-pA3H83LG/
2016-11-24,2017,1,ind,pit,0,172,-225,0.05995475113122173,0.3468516542155817,0.4789792483825222,https://www.oddsportal.com/american-football/usa/nfl-2016-2017/indianapolis-colts-pittsburgh-steelers-jmrrf46N/
2016-11-24,2017,1,dal,wsh,1,-174,136,0.05876530990968698,0.5997896704837579,0.752638428995479,https://www.oddsportal.com/american-football/usa/nfl-2016-2017/dallas-cowboys-washington-commanders-CdqvepiH/
2016-11-24,2017,1,det,min,1,-123,-103,0.05895866928803395,0.520860277858901,0.46291239328886563,https://www.oddsportal.com/american-football/usa/nfl-2016-2017/detroit-lions-minnesota-vikings-IZqzdQyB/
2016-11-20,2017,1,wsh,gb,1,-135,107,0.05755987254599648,0.5432014773058607,0.7228789867892587,https://www.oddsportal.com/american-football/usa/nfl-2016-2017/washington-commanders-green-bay-packers-OziRcn7b/
2016-11-20,2017,1,sf,ne,0,388,-541,0.04891179253727529,0.19536250259061042,0.02528823943250585,https://www.oddsportal.com/american-football/usa/nfl-2016-2017/san-francisco-49ers-new-england-patriots-pphNbSih/
2016-11-20,2017,1,sea,phi,1,-192,149,0.05914067227815378,0.6208186162476625,0.5740225506569913,https://www.oddsportal.com/american-football/usa/nfl-2016-2017/seattle-seahawks-philadelphia-eagles-GAmJa8xn/
2016-11-20,2017,1,lar,mia,0,-114,-111,0.05877663108473219,0.5031375502008032,0.3327865194472665,https://www.oddsportal.com/american-football/usa/nfl-2016-2017/los-angeles-rams-miami-dolphins-xKlF0lNu/
2016-11-20,2017,1,cin,buf,0,-133,107,0.05390723808339026,0.5416183037909937,0.5145768790658352,https://www.oddsportal.com/american-football/usa/nfl-2016-2017/cincinnati-bengals-buffalo-bills-C2nlnk8n/
2016-11-20,2017,1,cle,pit,0,285,-378,0.050535238819757744,0.2472456421662442,0.0,https://www.oddsportal.com/american-football/usa/nfl-2016-2017/cleveland-browns-pittsburgh-steelers-Q5jho9Nh/
2016-11-20,2017,1,dal,bal,1,-303,235,0.050368504870189845,0.7158069179507071,0.919493460134822,https://www.oddsportal.com/american-football/usa/nfl-2016-2017/dallas-cowboys-baltimore-ravens-KSkdpTxa/
2016-11-20,2017,1,det,jax,1,-247,194,0.05195161638142287,0.6766618833746436,0.8248087485279719,https://www.oddsportal.com/american-football/usa/nfl-2016-2017/detroit-lions-jacksonville-jaguars-bJl0qmh5/
2016-11-20,2017,1,ind,ten,1,-146,118,0.05221153128962497,0.5640462181895513,0.4827007902211423,https://www.oddsportal.com/american-football/usa/nfl-2016-2017/indianapolis-colts-tennessee-titans-QuLdr77B/
2016-11-20,2017,1,kc,tb,0,-303,231,0.0539758458090005,0.7133569950139765,0.8674226696244235,https://www.oddsportal.com/american-football/usa/nfl-2016-2017/kansas-city-chiefs-tampa-bay-buccaneers-4WJ0sRMH/
2016-11-20,2017,1,min,ari,1,-127,103,0.05208220307719014,0.5317753346671893,0.8189261352055178,https://www.oddsportal.com/american-football/usa/nfl-2016-2017/minnesota-vikings-arizona-cardinals-bgJ4toxO/
2016-11-20,2017,1,nyg,chi,1,-303,234,0.051262239788413266,0.7151983717544628,0.897433426760828,https://www.oddsportal.com/american-football/usa/nfl-2016-2017/new-york-giants-chicago-bears-CdN8u5iU/
2016-11-17,2017,1,car,no,1,-150,117,0.060829493087557474,0.5655951346655083,0.23095300696591464,https://www.oddsportal.com/american-football/usa/nfl-2016-2017/carolina-panthers-new-orleans-saints-UwcqmVht/
2016-11-14,2017,1,nyg,cin,1,-109,-115,0.05641482140870124,0.4936802190857384,0.7838769785434178,https://www.oddsportal.com/american-football/usa/nfl-2016-2017/new-york-giants-cincinnati-bengals-6PPMVTN5/
2016-11-13,2017,1,ne,sea,0,-208,160,0.05994005994005991,0.6371347785108389,0.7690523896828968,https://www.oddsportal.com/american-football/usa/nfl-2016-2017/new-england-patriots-seattle-seahawks-C2QIW98a/
2016-11-13,2017,1,ari,sf,1,-909,579,0.04816737725711606,0.8594924740047152,0.7784446101608333,https://www.oddsportal.com/american-football/usa/nfl-2016-2017/arizona-cardinals-san-francisco-49ers-GzX9YVwm/
2016-11-13,2017,1,pit,dal,0,-144,114,0.05745365405239777,0.5580991017096494,0.1509662479138488,https://www.oddsportal.com/american-football/usa/nfl-2016-2017/pittsburgh-steelers-dallas-cowboys-YBREXkgg/
2016-11-13,2017,1,lac,mia,0,-156,121,0.06186368778280538,0.573873094080831,0.6963933380177366,https://www.oddsportal.com/american-football/usa/nfl-2016-2017/los-angeles-chargers-miami-dolphins-xpY5ZBOt/
2016-11-13,2017,1,car,kc,0,-162,131,0.05122104358745583,0.5881927635094779,0.075096328831254,https://www.oddsportal.com/american-football/usa/nfl-2016-2017/carolina-panthers-kansas-city-chiefs-niFMrYol/
2016-11-13,2017,1,jax,hou,0,-154,124,0.05272778402699663,0.5759316147989849,0.11418267280836313,https://www.oddsportal.com/american-football/usa/nfl-2016-2017/jacksonville-jaguars-houston-texans-0fJQsh1f/
2016-11-13,2017,1,no,den,0,-154,124,0.05272778402699663,0.5759316147989849,0.34469564309708206,https://www.oddsportal.com/american-football/usa/nfl-2016-2017/new-orleans-saints-denver-broncos-rJ8VtCG0/
2016-11-13,2017,1,nyj,lar,0,-102,-120,0.05040504050405037,0.48071979434447304,0.45946814801666663,https://www.oddsportal.com/american-football/usa/nfl-2016-2017/new-york-jets-los-angeles-rams-M97ZuWV6/
2016-11-13,2017,1,phi,atl,1,-126,103,0.050132961332229,0.5309062227572751,0.313707364664813,https://www.oddsportal.com/american-football/usa/nfl-2016-2017/philadelphia-eagles-atlanta-falcons-UZ6wujoD/
2016-11-13,2017,1,tb,chi,1,123,-152,0.051605096448145815,0.4264248003248951,0.4580290461061629,https://www.oddsportal.com/american-football/usa/nfl-2016-2017/tampa-bay-buccaneers-chicago-bears-8Q5svA0J/
2016-11-13,2017,1,ten,gb,1,127,-157,0.051423575995474646,0.41898302874190974,0.35031874698921256,https://www.oddsportal.com/american-football/usa/nfl-2016-2017/tennessee-titans-green-bay-packers-61szuY0J/
2016-11-13,2017,1,wsh,min,1,-143,116,0.05144032921810693,0.5596868884540117,0.4485222298180344,https://www.oddsportal.com/american-football/usa/nfl-2016-2017/washington-commanders-minnesota-vikings-K4ovvhGP/
2016-11-10,2017,1,bal,cle,1,-218,167,0.06006642640096116,0.6466902206519565,1.0,https://www.oddsportal.com/american-football/usa/nfl-2016-2017/baltimore-ravens-cleveland-browns-hUFIqEWs/
2016-11-07,2017,1,sea,buf,1,-179,140,0.05824372759856633,0.6062658763759525,0.6809103835938481,https://www.oddsportal.com/american-football/usa/nfl-2016-2017/seattle-seahawks-buffalo-bills-G4hk1t2F/
2016-11-06,2017,1,oak,den,1,-115,-110,0.058693244739756345,0.5052301255230125,0.5077692566955339,https://www.oddsportal.com/american-football/usa/nfl-2016-2017/las-vegas-raiders-denver-broncos-bTcp2Mn9/
2016-11-06,2017,1,gb,ind,0,-208,160,0.05994005994005991,0.6371347785108389,0.7691124513244049,https://www.oddsportal.com/american-football/usa/nfl-2016-2017/green-bay-packers-indianapolis-colts-6ZAbvJf2/
2016-11-06,2017,1,lac,ten,1,-154,121,0.05878790038123061,0.5726351919776559,0.5087954367102975,https://www.oddsportal.com/american-football/usa/nfl-2016-2017/los-angeles-chargers-tennessee-titans-Kxat32X2/
2016-11-06,2017,1,lar,car,0,105,-133,0.05862032869255729,0.4607930386631069,0.6259405335526534,https://www.oddsportal.com/american-football/usa/nfl-2016-2017/los-angeles-rams-carolina-panthers-QP2jtuQk/
2016-11-06,2017,0,sf,no,0,128,-165,0.06123800066203233,0.41328758577666874,0.0656261022039997,https://www.oddsportal.com/american-football/usa/nfl-2016-2017/san-francisco-49ers-new-orleans-saints-8lheuaud/
2016-11-06,2017,0,bal,pit,1,144,-178,0.05012383535794318,0.39027403414195866,0.16974995201994184,https://www.oddsportal.com/american-football/usa/nfl-2016-2017/baltimore-ravens-pittsburgh-steelers-Q1K3kq33/
2016-11-06,2017,0,cle,dal,0,241,-312,0.050536685362867706,0.27914792129654725,0.0,https://www.oddsportal.com/american-football/usa/nfl-2016-2017/cleveland-browns-dallas-cowboys-KOJ7l3I9/
2016-11-06,2017,0,kc,jax,1,-333,259,0.04760464981633605,0.734106246968013,0.9087441875815383,https://www.oddsportal.com/american-football/usa/nfl-2016-2017/kansas-city-chiefs-jacksonville-jaguars-YRNBmNXF/
2016-11-06,2017,0,mia,nyj,1,-198,159,0.05052991630172832,0.6324708319972374,0.6634572926078192,https://www.oddsportal.com/american-football/usa/nfl-2016-2017/miami-dolphins-new-york-jets-GjDGnsmM/
2016-11-06,2017,0,min,det,0,-263,206,0.05131529195700324,0.689153778965216,0.7529285556479793,https://www.oddsportal.com/american-football/usa/nfl-2016-2017/minnesota-vikings-detroit-lions-fsCKo12S/
2016-11-06,2017,0,nyg,phi,1,-160,130,0.050167224080267525,0.5859872611464969,0.5282385367246802,https://www.oddsportal.com/american-football/usa/nfl-2016-2017/new-york-giants-philadelphia-eagles-nZ3nsLAq/
2016-11-03,2017,0,tb,atl,0,129,-166,0.06074137308336347,0.41167548828427275,0.170300674297276,https://www.oddsportal.com/american-football/usa/nfl-2016-2017/tampa-bay-buccaneers-atlanta-falcons-nBLajPmc/
2016-10-31,2017,0,chi,min,1,139,-178,0.05869781162517684,0.3952119644024907,0.01912805870888053,https://www.oddsportal.com/american-football/usa/nfl-2016-2017/chicago-bears-minnesota-vikings-nJFORuBd/
2016-10-30,2017,0,dal,phi,1,-173,134,0.061050061050061055,0.5972382048331415,0.716860564364321,https://www.oddsportal.com/american-football/usa/nfl-2016-2017/dallas-cowboys-philadelphia-eagles-E5HGT1tp/
2016-10-30,2017,0,atl,gb,1,-142,112,0.05847497271167956,0.5543606364172068,0.1664980672915964,https://www.oddsportal.com/american-football/usa/nfl-2016-2017/atlanta-falcons-green-bay-packers-MBhwGrCp/
2016-10-30,2017,0,den,lac,1,-153,119,0.06136408757016243,0.5697791079293282,0.7273468027127972,https://www.oddsportal.com/american-football/usa/nfl-2016-2017/denver-broncos-los-angeles-chargers-xpQlYsYS/
2016-10-30,2017,0,buf,ne,0,197,-250,0.05098605098605091,0.32036613272311215,0.11525185692285977,https://www.oddsportal.com/american-football/usa/nfl-2016-2017/buffalo-bills-new-england-patriots-02isF2Rj/
2016-10-30,2017,0,car,ari,1,-144,116,0.05312689738919252,0.5603920438166619,0.13964897184320066,https://www.oddsportal.com/american-football/usa/nfl-2016-2017/carolina-panthers-arizona-cardinals-fLzpZNIM/
2016-10-30,2017,0,cle,nyj,0,108,-134,0.05341880341880345,0.4563894523326572,0.0,https://www.oddsportal.com/american-football/usa/nfl-2016-2017/cleveland-browns-new-york-jets-E5uPwn4i/
2016-10-30,2017,0,hou,det,1,-123,100,0.05156950672645744,0.5245202558635395,0.5957615540218044,https://www.oddsportal.com/american-football/usa/nfl-2016-2017/houston-texans-detroit-lions-QuqTx6Jc/
2016-10-30,2017,0,ind,kc,0,126,-155,0.05032101336109651,0.4212787047744921,0.2098617520481145,https://www.oddsportal.com/american-football/usa/nfl-2016-2017/indianapolis-colts-kansas-city-chiefs-84YXyQY3/
2016-10-30,2017,0,no,sea,1,-110,-111,0.04987587452042419,0.49892519346517633,0.17571943645583865,https://www.oddsportal.com/american-football/usa/nfl-2016-2017/new-orleans-saints-seattle-seahawks-neXyyplA/
2016-10-30,2017,0,tb,oak,0,-114,-107,0.04961849293421805,0.507527529249828,0.1765591836084321,https://www.oddsportal.com/american-football/usa/nfl-2016-2017/tampa-bay-buccaneers-las-vegas-raiders-GUytz43G/
2016-10-27,2017,0,ten,jax,1,-133,106,0.05625234384766031,0.5404157954948913,0.6746834773008878,https://www.oddsportal.com/american-football/usa/nfl-2016-2017/tennessee-titans-jacksonville-jaguars-tIAAKO3T/
2016-10-24,2017,0,den,hou,1,-240,181,0.06175423906217303,0.6648264984227129,0.16881706565656457,https://www.oddsportal.com/american-football/usa/nfl-2016-2017/denver-broncos-houston-texans-2RB6L4lN/
2016-10-23,2017,0,pit,ne,0,155,-200,0.05882352941176472,0.37037037037037035,0.28463939973951324,https://www.oddsportal.com/american-football/usa/nfl-2016-2017/pittsburgh-steelers-new-england-patriots-f18bNQJA/
2016-10-23,2017,0,atl,lac,0,-161,126,0.05933611365408753,0.5823064366418077,0.8241379093657708,https://www.oddsportal.com/american-football/usa/nfl-2016-2017/atlanta-falcons-los-angeles-chargers-YoKkPnkb/
2016-10-23,2017,0,sf,tb,0,-116,-109,0.058568137515505825,0.5073240143969199,0.25084050321873747,https://www.oddsportal.com/american-football/usa/nfl-2016-2017/san-francisco-49ers-tampa-bay-buccaneers-CxJgO644/
2016-10-23,2017,0,cin,cle,1,-607,426,0.04867135274092327,0.8187095814678625,1.0,https://www.oddsportal.com/american-football/usa/nfl-2016-2017/cincinnati-bengals-cleveland-browns-hEqHAmz5/
2016-10-23,2017,0,det,wsh,1,-109,-113,0.05204753240335158,0.4957295981551863,0.13341916877543442,https://www.oddsportal.com/american-football/usa/nfl-2016-2017/detroit-lions-washington-commanders-W4rL97kB/
2016-10-23,2017,0,jax,oak,0,-127,104,0.04966744407013901,0.5329986833443056,0.13407769698756664,https://www.oddsportal.com/american-football/usa/nfl-2016-2017/jacksonville-jaguars-las-vegas-raiders-ltwQ8R4H/
2016-10-23,2017,0,kc,no,1,-290,223,0.053187266809557876,0.7060375367453079,0.7901011387322507,https://www.oddsportal.com/american-football/usa/nfl-2016-2017/kansas-city-chiefs-new-orleans-saints-SWyU7oKN/
2016-10-23,2017,0,mia,buf,1,111,-138,0.05376558206220894,0.4497524471824331,0.19447680368606662,https://www.oddsportal.com/american-football/usa/nfl-2016-2017/miami-dolphins-buffalo-bills-MgyY65ZT/
2016-10-23,2017,0,nyj,bal,1,-132,108,0.049734748010610064,0.542008843967151,0.1444122828893868,https://www.oddsportal.com/american-football/usa/nfl-2016-2017/new-york-jets-baltimore-ravens-bFSa2Pso/
2016-10-23,2017,0,phi,min,1,125,-156,0.05381944444444442,0.42174629324546953,0.0026127123563105203,https://www.oddsportal.com/american-football/usa/nfl-2016-2017/philadelphia-eagles-minnesota-vikings-0K6rR8Ko/
2016-10-23,2017,0,ten,ind,0,-204,163,0.05128076846107654,0.6383191357730928,0.8458912268752011,https://www.oddsportal.com/american-football/usa/nfl-2016-2017/tennessee-titans-indianapolis-colts-vB5nQSZi/
2016-10-23,2017,0,lar,nyg,0,108,-137,0.05882830249918869,0.45405778220553294,0.08578473956800026,https://www.oddsportal.com/american-football/usa/nfl-2016-2017/los-angeles-rams-new-york-giants-bipDBTKb/
2016-10-20,2017,0,gb,chi,1,-206,159,0.05930300047947101,0.6355146866140983,0.9873270422138156,https://www.oddsportal.com/american-football/usa/nfl-2016-2017/green-bay-packers-chicago-bears-nHt9C95h/
2016-10-17,2017,0,ari,nyj,1,-208,159,0.06142506142506132,0.6362433862433863,0.49836155259172665,https://www.oddsportal.com/american-football/usa/nfl-2016-2017/arizona-cardinals-new-york-jets-4hi4Dkjn/
2016-10-16,2017,0,hou,ind,1,-143,112,0.060175479462691195,0.5550754357697378,0.9271337393905928,https://www.oddsportal.com/american-football/usa/nfl-2016-2017/houston-texans-indianapolis-colts-Q1h0EVzt/
2016-10-16,2017,0,gb,dal,0,-174,136,0.05876530990968698,0.5997896704837579,0.9007247880173305,https://www.oddsportal.com/american-football/usa/nfl-2016-2017/green-bay-packers-dallas-cowboys-0Myk7ETC/
2016-10-16,2017,0,sea,atl,1,-198,153,0.05968644719738969,0.6270057826620272,0.11918195530806754,https://www.oddsportal.com/american-football/usa/nfl-2016-2017/seattle-seahawks-atlanta-falcons-vDzg6YrJ/
2016-10-16,2017,0,oak,kc,0,-101,-125,0.05804311774461035,0.4749216300940439,0.8381706824773473,https://www.oddsportal.com/american-football/usa/nfl-2016-2017/las-vegas-raiders-kansas-city-chiefs-Icnp8fE6/
2016-10-16,2017,0,buf,sf,1,-345,262,0.051523992799056506,0.7372926382903359,0.9152271766411288,https://www.oddsportal.com/american-football/usa/nfl-2016-2017/buffalo-bills-san-francisco-49ers-000Efyp7/
2016-10-16,2017,0,chi,jax,0,-137,111,0.051992721019057386,0.54948961164864,0.5298569885393329,https://www.oddsportal.com/american-football/usa/nfl-2016-2017/chicago-bears-jacksonville-jaguars-viaIgeaD/
2016-10-16,2017,0,det,lar,1,-151,122,0.05204407594845839,0.5718331002012896,0.46636319701961276,https://www.oddsportal.com/american-football/usa/nfl-2016-2017/detroit-lions-los-angeles-rams-tdw1IvxE/
2016-10-16,2017,0,mia,pit,1,250,-328,0.05206942590120156,0.2715736040609137,0.0003931797952906604,https://www.oddsportal.com/american-football/usa/nfl-2016-2017/miami-dolphins-pittsburgh-steelers-fas5HbiK/
2016-10-16,2017,0,ne,cin,1,-333,257,0.04916516260083714,0.7330143481665546,0.8867757624673273,https://www.oddsportal.com/american-football/usa/nfl-2016-2017/new-england-patriots-cincinnati-bengals-lMt9GI6Q/
2016-10-16,2017,0,no,car,1,119,-146,0.05011693952555962,0.4348287199066709,0.8020966251559398,https://www.oddsportal.com/american-football/usa/nfl-2016-2017/new-orleans-saints-carolina-panthers-jVSzCxFs/
2016-10-16,2017,0,nyg,bal,1,-191,152,0.05318278514154806,0.6232131758856433,0.7401749589827439,https://www.oddsportal.com/american-football/usa/nfl-2016-2017/new-york-giants-baltimore-ravens-WtpYAdUm/
2016-10-16,2017,0,ten,cle,1,-339,259,0.05076109923160388,0.7349049824578354,1.0,https://www.oddsportal.com/american-football/usa/nfl-2016-2017/tennessee-titans-cleveland-browns-AXrxAGqf/
2016-10-16,2017,0,wsh,phi,1,126,-156,0.05185287610619471,0.42066517681083215,0.6338248102217608,https://www.oddsportal.com/american-football/usa/nfl-2016-2017/washington-commanders-philadelphia-eagles-4frt9za0/
2016-10-13,2017,0,lac,den,1,110,-140,0.059523809523809534,0.449438202247191,0.013113367751054124,https://www.oddsportal.com/american-football/usa/nfl-2016-2017/los-angeles-chargers-denver-broncos-WQeAeHU0/
2016-10-10,2017,0,car,tb,0,-179,140,0.05824372759856633,0.6062658763759525,0.6024809099057665,https://www.oddsportal.com/american-football/usa/nfl-2016-2017/carolina-panthers-tampa-bay-buccaneers-hzc6dcFf/
2016-10-09,2017,0,gb,nyg,1,-198,153,0.05968644719738969,0.6270057826620272,0.23754687250316867,https://www.oddsportal.com/american-football/usa/nfl-2016-2017/green-bay-packers-new-york-giants-AB71cw0l/
2016-10-09,2017,0,dal,cin,1,109,-135,0.052936984627914185,0.45441361307164263,0.48930187454119917,https://www.oddsportal.com/american-football/usa/nfl-2016-2017/dallas-cowboys-cincinnati-bengals-Gf3S3uNK/
2016-10-09,2017,0,oak,lac,1,-204,163,0.05128076846107654,0.6383191357730928,0.9998828049768823,https://www.oddsportal.com/american-football/usa/nfl-2016-2017/las-vegas-raiders-los-angeles-chargers-CQlbbJpr/
2016-10-09,2017,0,lar,buf,0,109,-134,0.05111847217110377,0.4551997821266,0.7008057703525752,https://www.oddsportal.com/american-football/usa/nfl-2016-2017/los-angeles-rams-buffalo-bills-fo2W2axR/
2016-10-09,2017,0,den,atl,0,-159,123,0.06233010717315657,0.5778802744593119,0.979528200784403,https://www.oddsportal.com/american-football/usa/nfl-2016-2017/denver-broncos-atlanta-falcons-bJ8N4L7E/
2016-10-09,2017,0,bal,wsh,0,-191,153,0.05161430531219868,0.624142696614701,0.3051017477618463,https://www.oddsportal.com/american-football/usa/nfl-2016-2017/baltimore-ravens-washington-commanders-MXsgkt8R/
2016-10-09,2017,0,cle,ne,0,351,-477,0.04841926471888014,0.21148933206757395,0.0,https://www.oddsportal.com/american-football/usa/nfl-2016-2017/cleveland-browns-new-england-patriots-OtUKp0Gr/
2016-10-09,2017,0,det,phi,1,146,-184,0.054391388984312394,0.3855343179843614,2.7600219787226954e-06,https://www.oddsportal.com/american-football/usa/nfl-2016-2017/detroit-lions-philadelphia-eagles-W6TOqKVl/
2016-10-09,2017,0,ind,chi,1,-204,164,0.04984051036682624,0.6391948347892138,0.0034861010525225,https://www.oddsportal.com/american-football/usa/nfl-2016-2017/indianapolis-colts-chicago-bears-AcSSrvoe/
2016-10-09,2017,0,mia,ten,0,-135,109,0.052936984627914185,0.5455863869283574,0.12158551418335845,https://www.oddsportal.com/american-football/usa/nfl-2016-2017/miami-dolphins-tennessee-titans-hMHXsb01/
2016-10-09,2017,0,min,hou,1,-260,202,0.05334805003679177,0.6856444289207125,0.9875207931025499,https://www.oddsportal.com/american-football/usa/nfl-2016-2017/minnesota-vikings-houston-texans-6PLysIF7/
2016-10-09,2017,0,pit,nyj,1,-445,326,0.05125554550544864,0.7767034047609293,0.9935757541637384,https://www.oddsportal.com/american-football/usa/nfl-2016-2017/pittsburgh-steelers-new-york-jets-KS9J51h8/
2016-10-06,2017,0,sf,ari,0,123,-159,0.06233010717315657,0.4221197255406881,0.6993540214512671,https://www.oddsportal.com/american-football/usa/nfl-2016-2017/san-francisco-49ers-arizona-cardinals-v9hljMhL/
2016-10-03,2017,0,min,nyg,1,-153,120,0.059288537549406994,0.5708955223880597,0.9335330308321474,https://www.oddsportal.com/american-football/usa/nfl-2016-2017/minnesota-vikings-new-york-giants-Q5lpi2wF/
2016-10-02,2017,0,pit,kc,1,-152,120,0.057720057720057616,0.5702592087312415,0.9033271550816337,https://www.oddsportal.com/american-football/usa/nfl-2016-2017/pittsburgh-steelers-kansas-city-chiefs-WrkthrO8/
2016-10-02,2017,0,ari,lar,0,-465,345,0.04772795068111746,0.7855176995349721,0.11763952238728559,https://www.oddsportal.com/american-football/usa/nfl-2016-2017/arizona-cardinals-los-angeles-rams-xp8kVKGe/
2016-10-02,2017,0,lac,no,0,-194,157,0.048969003943990064,0.6290595271139822,1.0,https://www.oddsportal.com/american-football/usa/nfl-2016-2017/los-angeles-chargers-new-orleans-saints-Gz7gUvW1/
2016-10-02,2017,0,sf,dal,0,102,-126,0.05257162884430033,0.470323815866145,0.628036421351629,https://www.oddsportal.com/american-football/usa/nfl-2016-2017/san-francisco-49ers-dallas-cowboys-hhjxgO82/
2016-10-02,2017,0,tb,den,0,117,-149,0.059223067384746475,0.4350636870337043,0.00021068789733092138,https://www.oddsportal.com/american-football/usa/nfl-2016-2017/tampa-bay-buccaneers-denver-broncos-rN8oW01k/
2016-10-02,2017,0,atl,car,1,126,-156,0.05185287610619471,0.42066517681083215,0.0029639975358135774,https://www.oddsportal.com/american-football/usa/nfl-2016-2017/atlanta-falcons-carolina-panthers-rNWgtoPd/
2016-10-02,2017,0,bal,oak,0,-180,146,0.04936120789779341,0.612617598229109,0.9991750768667998,https://www.oddsportal.com/american-football/usa/nfl-2016-2017/baltimore-ravens-las-vegas-raiders-dQzbu5v3/
2016-10-02,2017,0,chi,det,1,145,-178,0.048451035090295136,0.38930121831676234,0.0,https://www.oddsportal.com/american-football/usa/nfl-2016-2017/chicago-bears-detroit-lions-vkQ2vPg9/
2016-10-02,2017,0,hou,ten,1,-204,164,0.04984051036682624,0.6391948347892138,0.9999146575411877,https://www.oddsportal.com/american-football/usa/nfl-2016-2017/houston-texans-tennessee-titans-IuP6wq9F/
2016-10-02,2017,0,ne,buf,0,-177,143,0.05051180341994632,0.6082646264371879,0.9993380230311082,https://www.oddsportal.com/american-football/usa/nfl-2016-2017/new-england-patriots-buffalo-bills-nFTAx3OL/
2016-10-02,2017,0,nyj,sea,0,-104,-117,0.04897442848106981,0.48600223964165734,0.4472650550113608,https://www.oddsportal.com/american-football/usa/nfl-2016-2017/new-york-jets-seattle-seahawks-Q5SEyNwS/
2016-10-02,2017,0,wsh,cle,1,-339,259,0.05076109923160388,0.7349049824578354,1.0,https://www.oddsportal.com/american-football/usa/nfl-2016-2017/washington-commanders-cleveland-browns-Wn5sXtnq/
2016-10-02,2017,0,jax,ind,1,-109,-116,0.058568137515505825,0.4926759856030803,0.0,https://www.oddsportal.com/american-football/usa/nfl-2016-2017/jacksonville-jaguars-indianapolis-colts-UJrCH1nd/
2016-09-29,2017,0,cin,mia,1,-215,164,0.06132756132756123,0.6430999320190347,0.9974336226376579,https://www.oddsportal.com/american-football/usa/nfl-2016-2017/cincinnati-bengals-miami-dolphins-jTq8IsXk/
2016-09-26,2017,0,no,atl,0,-138,110,0.05602240896358546,0.5490716180371353,0.0,https://www.oddsportal.com/american-football/usa/nfl-2016-2017/new-orleans-saints-atlanta-falcons-0CKL7jqp/
2016-09-25,2017,0,dal,chi,1,-188,146,0.0592818428184283,0.6162456028141988,1.0,https://www.oddsportal.com/american-football/usa/nfl-2016-2017/dallas-cowboys-chicago-bears-b3YgCWzT/
2016-09-25,2017,0,ind,lac,1,-123,101,0.049081944537402666,0.52576398783574,0.0,https://www.oddsportal.com/american-football/usa/nfl-2016-2017/indianapolis-colts-los-angeles-chargers-8EusFYjA/
2016-09-25,2017,0,kc,nyj,1,-179,144,0.05141312650567009,0.6102045378339108,0.9435937282133685,https://www.oddsportal.com/american-football/usa/nfl-2016-2017/kansas-city-chiefs-new-york-jets-jwVoEh6G/
2016-09-25,2017,0,phi,pit,1,153,-191,0.05161430531219868,0.37585730338529894,0.04903308715440201,https://www.oddsportal.com/american-football/usa/nfl-2016-2017/philadelphia-eagles-pittsburgh-steelers-4tZkDCLM/
2016-09-25,2017,0,sea,sf,1,-243,183,0.06181170095499078,0.6672132260912593,0.0009893793853497045,https://www.oddsportal.com/american-football/usa/nfl-2016-2017/seattle-seahawks-san-francisco-49ers-McsZGfMc/
2016-09-25,2017,0,tb,lar,0,-152,120,0.057720057720057616,0.5702592087312415,0.9669061330268491,https://www.oddsportal.com/american-football/usa/nfl-2016-2017/tampa-bay-buccaneers-los-angeles-rams-UNtwGEy4/
2016-09-25,2017,0,buf,ari,1,177,-225,0.05331852263260206,0.34273662008963884,0.0,https://www.oddsportal.com/american-football/usa/nfl-2016-2017/buffalo-bills-arizona-cardinals-6NpbFsog/
2016-09-25,2017,0,car,min,0,-270,211,0.05127313808985834,0.6941390427378689,0.16184915656413834,https://www.oddsportal.com/american-football/usa/nfl-2016-2017/carolina-panthers-minnesota-vikings-0pp2E10a/
2016-09-25,2017,0,cin,den,0,-182,147,0.050248370517127494,0.614511851710091,0.0016276441290243835,https://www.oddsportal.com/american-football/usa/nfl-2016-2017/cincinnati-bengals-denver-broncos-vyq6DLF5/
2016-09-25,2017,0,gb,det,1,-282,218,0.05268530409298955,0.7012731083236885,0.9423151738719999,https://www.oddsportal.com/american-football/usa/nfl-2016-2017/green-bay-packers-detroit-lions-dCwBCuVB/
2016-09-25,2017,0,jax,bal,0,107,-133,0.05390723808339026,0.4583816962090063,0.0,https://www.oddsportal.com/american-football/usa/nfl-2016-2017/jacksonville-jaguars-baltimore-ravens-z3xFBapI/
2016-09-25,2017,0,mia,cle,1,-500,362,0.04978354978354993,0.7938144329896907,,https://www.oddsportal.com/american-football/usa/nfl-2016-2017/miami-dolphins-cleveland-browns-Sb0rfXEp/
2016-09-25,2017,0,nyg,wsh,0,-180,145,0.05102040816326525,0.6116504854368933,1.0,https://www.oddsportal.com/american-football/usa/nfl-2016-2017/new-york-giants-washington-commanders-t24ngiUj/
2016-09-25,2017,0,ten,oak,0,104,-128,0.05159958720330238,0.4661432777232581,0.999315537757722,https://www.oddsportal.com/american-football/usa/nfl-2016-2017/tennessee-titans-las-vegas-raiders-r7rVHz7i/
2016-09-22,2017,0,ne,hou,1,-115,-110,0.058693244739756345,0.5052301255230125,0.9050254893793708,https://www.oddsportal.com/american-football/usa/nfl-2016-2017/new-england-patriots-houston-texans-8xSfGNVn/
2016-09-19,2017,0,chi,phi,0,-141,111,0.05899588995300009,0.5524688492321405,0.0,https://www.oddsportal.com/american-football/usa/nfl-2016-2017/chicago-bears-philadelphia-eagles-O4jOLq8P/
2016-09-18,2017,0,min,gb,1,-103,-124,0.06096059113300489,0.47823563551944287,0.5,https://www.oddsportal.com/american-football/usa/nfl-2016-2017/minnesota-vikings-green-bay-packers-QDxjH3Gt/
2016-09-18,2017,0,den,ind,1,-274,213,0.05210913874698875,0.6963349084945032,1.0,https://www.oddsportal.com/american-football/usa/nfl-2016-2017/denver-broncos-indianapolis-colts-0W4Ta2o6/
2016-09-18,2017,0,oak,atl,0,-206,165,0.05056110494512289,0.640802911139805,1.0,https://www.oddsportal.com/american-football/usa/nfl-2016-2017/las-vegas-raiders-atlanta-falcons-EZ8XbM0C/
2016-09-18,2017,0,lac,jax,1,-156,126,0.05185287610619471,0.5793348231891678,,https://www.oddsportal.com/american-football/usa/nfl-2016-2017/los-angeles-chargers-jacksonville-jaguars-dbbxbtGI/
2016-09-18,2017,0,ari,tb,1,-209,162,0.058054793843721475,0.6392631161129141,0.0,https://www.oddsportal.com/american-football/usa/nfl-2016-2017/arizona-cardinals-tampa-bay-buccaneers-SI6L1OGg/
2016-09-18,2017,0,lar,sea,1,137,-176,0.05962208769033195,0.39819944598337953,0.0,https://www.oddsportal.com/american-football/usa/nfl-2016-2017/los-angeles-rams-seattle-seahawks-695P0rWa/
2016-09-18,2017,0,car,sf,1,-645,448,0.04825356390535429,0.8259183101224414,0.0,https://www.oddsportal.com/american-football/usa/nfl-2016-2017/carolina-panthers-san-francisco-49ers-lCJgmP10/
2016-09-18,2017,0,cle,bal,0,179,-222,0.047863932856920144,0.3420510314644458,0.0,https://www.oddsportal.com/american-football/usa/nfl-2016-2017/cleveland-browns-baltimore-ravens-S2IcnqH6/
2016-09-18,2017,0,det,ten,0,-278,216,0.05190543165226713,0.699159556857252,1.0,https://www.oddsportal.com/american-football/usa/nfl-2016-2017/detroit-lions-tennessee-titans-dxN1o3WC/
2016-09-18,2017,0,hou,kc,1,-114,-107,0.04961849293421805,0.507527529249828,0.5,https://www.oddsportal.com/american-football/usa/nfl-2016-2017/houston-texans-kansas-city-chiefs-zTL5pNoJ/
2016-09-18,2017,0,ne,mia,1,-244,193,0.05059925390904052,0.6751407094020322,1.0,https://www.oddsportal.com/american-football/usa/nfl-2016-2017/new-england-patriots-miami-dolphins-xYal96OJ/
2016-09-18,2017,0,nyg,no,1,-194,155,0.05202080832332934,0.6272346899961962,1.0,https://www.oddsportal.com/american-football/usa/nfl-2016-2017/new-york-giants-new-orleans-saints-jy4h8QwQ/
2016-09-18,2017,0,pit,cin,1,-165,133,0.051826058790185314,0.5919624297482485,0.08150161309207977,https://www.oddsportal.com/american-football/usa/nfl-2016-2017/pittsburgh-steelers-cincinnati-bengals-8GjK3pns/
2016-09-18,2017,0,wsh,dal,0,-182,146,0.051894135962636145,0.6135504028942609,,https://www.oddsportal.com/american-football/usa/nfl-2016-2017/washington-commanders-dallas-cowboys-n7kO241m/
2016-09-15,2017,0,buf,nyj,0,-118,-108,0.06051517290049402,0.510397604391948,,https://www.oddsportal.com/american-football/usa/nfl-2016-2017/buffalo-bills-new-york-jets-6mUll5nf/
2016-09-12,2017,0,sf,lar,1,103,-131,0.05971040453799081,0.46485420481757994,,https://www.oddsportal.com/american-football/usa/nfl-2016-2017/san-francisco-49ers-los-angeles-rams-CMGVsull/
2016-09-12,2017,0,wsh,pit,0,101,-127,0.05698380344971188,0.4706906919360524,,https://www.oddsportal.com/american-football/usa/nfl-2016-2017/washington-commanders-pittsburgh-steelers-YVHRrLYs/
2016-09-11,2017,0,ari,ne,0,-240,184,0.05799502899751463,0.6671887235708692,,https://www.oddsportal.com/american-football/usa/nfl-2016-2017/arizona-cardinals-new-england-patriots-Sluam1QQ/
2016-09-11,2017,0,dal,nyg,0,-112,-113,0.05881831871733545,0.4989542374299339,,https://www.oddsportal.com/american-football/usa/nfl-2016-2017/dallas-cowboys-new-york-giants-U3MelsBK/
2016-09-11,2017,0,ind,det,0,-129,101,0.06083121510352174,0.5310164041860369,,https://www.oddsportal.com/american-football/usa/nfl-2016-2017/indianapolis-colts-detroit-lions-zsNikNeE/
2016-09-11,2017,0,sea,mia,1,-490,336,0.059866272741408766,0.7835974178403756,,https://www.oddsportal.com/american-football/usa/nfl-2016-2017/seattle-seahawks-miami-dolphins-djOmj3t8/
2016-09-11,2017,0,atl,tb,0,-134,109,0.05111847217110377,0.5448002178733999,,https://www.oddsportal.com/american-football/usa/nfl-2016-2017/atlanta-falcons-tampa-bay-buccaneers-nHEOkZUR/
2016-09-11,2017,0,bal,buf,1,-158,129,0.049084323482617265,0.5837501210028718,,https://www.oddsportal.com/american-football/usa/nfl-2016-2017/baltimore-ravens-buffalo-bills-00GGie0F/
2016-09-11,2017,0,hou,chi,1,-259,205,0.049317320425590117,0.6875407981200227,,https://www.oddsportal.com/american-football/usa/nfl-2016-2017/houston-texans-chicago-bears-lQ0jogwq/
2016-09-11,2017,0,jax,gb,0,147,-185,0.053981106612685625,0.3841229193341869,,https://www.oddsportal.com/american-football/usa/nfl-2016-2017/jacksonville-jaguars-green-bay-packers-viFKjFFL/
2016-09-11,2017,0,kc,lac,1,-294,229,0.0501442611821703,0.7105622731880757,,https://www.oddsportal.com/american-football/usa/nfl-2016-2017/kansas-city-chiefs-los-angeles-chargers-WljepDhk/
2016-09-11,2017,0,no,oak,0,-155,125,0.05228758169934622,0.5776397515527951,,https://www.oddsportal.com/american-football/usa/nfl-2016-2017/new-orleans-saints-las-vegas-raiders-phfaqX7e/
2016-09-11,2017,0,nyj,cin,0,-105,-118,0.05347952562094438,0.4861937128292268,,https://www.oddsportal.com/american-football/usa/nfl-2016-2017/new-york-jets-cincinnati-bengals-vFg3riN1/
2016-09-11,2017,0,phi,cle,1,-194,158,0.04746084480303736,0.6299652620450084,,https://www.oddsportal.com/american-football/usa/nfl-2016-2017/philadelphia-eagles-cleveland-browns-IyRBhyo9/
2016-09-11,2017,0,ten,min,0,118,-147,0.05385729673513362,0.43527297078208155,,https://www.oddsportal.com/american-football/usa/nfl-2016-2017/tennessee-titans-minnesota-vikings-I5h7sBx8/
2016-09-08,2017,0,den,car,1,109,-139,0.06005885768052699,0.4513606919604917,,https://www.oddsportal.com/american-football/usa/nfl-2016-2017/denver-broncos-carolina-panthers-4YM7gHV2/
2016-01-03,2016,1,gb,min,0,-150,122,0.05045045045045038,0.5711835334476844,0.543760157993554,https://www.oddsportal.com/american-football/usa/nfl-2015-2016/green-bay-packers-minnesota-vikings-6c1AcEX4/
2016-01-03,2016,1,ari,sea,0,-259,205,0.049317320425590117,0.6875407981200227,0.7950723613325706,https://www.oddsportal.com/american-football/usa/nfl-2015-2016/arizona-cardinals-seattle-seahawks-xvoUDZHo/
2016-01-03,2016,1,car,tb,1,-466,337,0.05215450671539812,0.7825101251911681,0.9651170333551631,https://www.oddsportal.com/american-football/usa/nfl-2015-2016/carolina-panthers-tampa-bay-buccaneers-jTingatJ/
2016-01-03,2016,1,den,lac,1,-513,368,0.05054307664421853,0.7966049956202055,0.92204829045115,https://www.oddsportal.com/american-football/usa/nfl-2015-2016/denver-broncos-los-angeles-chargers-GUqYCgXi/
2016-01-03,2016,1,kc,oak,1,-317,245,0.050046918986550004,0.7239598848177936,0.7291271242542829,https://www.oddsportal.com/american-football/usa/nfl-2015-2016/kansas-city-chiefs-las-vegas-raiders-4jGFfCHN/
2016-01-03,2016,1,sf,lar,1,137,-169,0.0501937163741315,0.4017743790420145,0.2706898079670131,https://www.oddsportal.com/american-football/usa/nfl-2015-2016/san-francisco-49ers-los-angeles-rams-p4lxCDnb/
2016-01-03,2016,1,atl,no,0,-260,203,0.05225522552255235,0.6863565081024569,0.630593993659341,https://www.oddsportal.com/american-football/usa/nfl-2015-2016/atlanta-falcons-new-orleans-saints-UD3weLB6/
2016-01-03,2016,1,buf,nyj,1,126,-156,0.05185287610619471,0.42066517681083215,0.33647205330049945,https://www.oddsportal.com/american-football/usa/nfl-2015-2016/buffalo-bills-new-york-jets-CxgrfuRC/
2016-01-03,2016,1,chi,det,0,121,-149,0.050882262079994245,0.43057981289664354,0.5070370851208853,https://www.oddsportal.com/american-football/usa/nfl-2015-2016/chicago-bears-detroit-lions-xI9g1dYu/
2016-01-03,2016,1,cin,bal,1,-455,332,0.05130130130130128,0.7798143299214473,0.8953025118083633,https://www.oddsportal.com/american-football/usa/nfl-2015-2016/cincinnati-bengals-baltimore-ravens-G88c0Gmn/
2016-01-03,2016,1,cle,pit,0,551,-836,0.046772224191579115,0.14674618553985663,0.09478208442076236,https://www.oddsportal.com/american-football/usa/nfl-2015-2016/cleveland-browns-pittsburgh-steelers-bXc2az3h/
2016-01-03,2016,1,dal,wsh,0,-171,138,0.05116437718999034,0.600283194194519,0.2451512805653536,https://www.oddsportal.com/american-football/usa/nfl-2015-2016/dallas-cowboys-washington-commanders-Cz26bfIb/
2016-01-03,2016,1,hou,jax,1,-244,193,0.05059925390904052,0.6751407094020322,0.7683409744643466,https://www.oddsportal.com/american-football/usa/nfl-2015-2016/houston-texans-jacksonville-jaguars-pl0EdYnB/
2016-01-03,2016,1,ind,ten,1,-233,190,0.04452728590659616,0.6698721126202043,0.8252307571012736,https://www.oddsportal.com/american-football/usa/nfl-2015-2016/indianapolis-colts-tennessee-titans-QaHBeh2H/
2016-01-03,2016,1,mia,ne,1,348,-477,0.04990406041099282,0.2126044599036095,0.07819408515932519,https://www.oddsportal.com/american-football/usa/nfl-2015-2016/miami-dolphins-new-england-patriots-bDFJgWWT/
2016-01-03,2016,1,nyg,phi,0,-192,153,0.0527911635713898,0.624562847150792,0.47999099897833175,https://www.oddsportal.com/american-football/usa/nfl-2015-2016/new-york-giants-philadelphia-eagles-zZ6okjuo/
2015-12-28,2016,1,den,cin,1,-202,163,0.049102309067559746,0.6375681059933274,0.42439757610780926,https://www.oddsportal.com/american-football/usa/nfl-2015-2016/denver-broncos-cincinnati-bengals-Iw0Ze1d0/
2015-12-27,2016,1,min,nyg,1,-322,247,0.051217613395796,0.7258565359179908,0.8482900669679286,https://www.oddsportal.com/american-football/usa/nfl-2015-2016/minnesota-vikings-new-york-giants-xKv0s2s7/
2015-12-27,2016,1,ari,gb,1,-263,206,0.05131529195700324,0.689153778965216,0.6504816575306691,https://www.oddsportal.com/american-football/usa/nfl-2015-2016/arizona-cardinals-green-bay-packers-Sl7Mb3Cs/
2015-12-27,2016,1,sea,lar,0,-714,481,0.049266916736796285,0.8359644844972332,0.7557926800026514,https://www.oddsportal.com/american-football/usa/nfl-2015-2016/seattle-seahawks-los-angeles-rams-pQ1RcNRm/
2015-12-27,2016,1,no,jax,1,-134,109,0.05111847217110377,0.5448002178733999,0.582183121199337,https://www.oddsportal.com/american-football/usa/nfl-2015-2016/new-orleans-saints-jacksonville-jaguars-GAw4tMdD/
2015-12-27,2016,1,atl,car,1,266,-351,0.05149455369367417,0.2598435177396495,0.00587069573717058,https://www.oddsportal.com/american-football/usa/nfl-2015-2016/atlanta-falcons-carolina-panthers-jooIkQZQ/
2015-12-27,2016,1,bal,pit,1,431,-628,0.05096127977483911,0.17919206041332322,0.08767674956952992,https://www.oddsportal.com/american-football/usa/nfl-2015-2016/baltimore-ravens-pittsburgh-steelers-OG0Vdssf/
2015-12-27,2016,1,buf,dal,1,-290,226,0.05033820984741233,0.7079526733562977,0.6472768601175596,https://www.oddsportal.com/american-football/usa/nfl-2015-2016/buffalo-bills-dallas-cowboys-8QXqoprr/
2015-12-27,2016,1,det,sf,1,-427,317,0.050054832794106385,0.7716232086289159,0.6126355451663034,https://www.oddsportal.com/american-football/usa/nfl-2015-2016/detroit-lions-san-francisco-49ers-MTylp4cl/
2015-12-27,2016,1,kc,cle,1,-742,503,0.04707263366461434,0.8416179795570571,0.9212923528936807,https://www.oddsportal.com/american-football/usa/nfl-2015-2016/kansas-city-chiefs-cleveland-browns-4hRhqOCf/
2015-12-27,2016,1,mia,ind,0,-132,108,0.049734748010610064,0.542008843967151,0.3231809659013527,https://www.oddsportal.com/american-football/usa/nfl-2015-2016/miami-dolphins-indianapolis-colts-rqQdrrS0/
2015-12-27,2016,1,nyj,ne,1,120,-149,0.05293902884264323,0.43169209431345357,0.16253330436096666,https://www.oddsportal.com/american-football/usa/nfl-2015-2016/new-york-jets-new-england-patriots-IFHn55ZD/
2015-12-27,2016,1,tb,chi,0,-170,137,0.05157055789967191,0.5987516718680339,0.30565902231558595,https://www.oddsportal.com/american-football/usa/nfl-2015-2016/tampa-bay-buccaneers-chicago-bears-WILj4PlK/
2015-12-27,2016,1,ten,hou,0,160,-200,0.05128205128205132,0.36585365853658536,0.15184239205376698,https://www.oddsportal.com/american-football/usa/nfl-2015-2016/tennessee-titans-houston-texans-QuLf3q4Q/
2015-12-26,2016,1,phi,wsh,0,-204,162,0.052732020891924414,0.6374391756511784,0.43542420589267444,https://www.oddsportal.com/american-football/usa/nfl-2015-2016/philadelphia-eagles-washington-commanders-CfnEj6KK/
2015-12-24,2016,1,oak,lac,1,-194,157,0.048969003943990064,0.6290595271139822,0.6940963560425415,https://www.oddsportal.com/american-football/usa/nfl-2015-2016/las-vegas-raiders-los-angeles-chargers-fJi9in5E/
2015-12-21,2016,1,no,det,0,-137,110,0.054249547920433905,0.5483133218982277,0.3881421330362953,https://www.oddsportal.com/american-football/usa/nfl-2015-2016/new-orleans-saints-detroit-lions-GSh5hSk8/
2015-12-20,2016,1,phi,ari,0,148,-185,0.052348613469156646,0.38316751815004035,0.08577361707543811,https://www.oddsportal.com/american-football/usa/nfl-2015-2016/philadelphia-eagles-arizona-cardinals-GSWZxmjL/
2015-12-20,2016,1,lac,mia,1,-121,-100,0.04751131221719462,0.5226781857451405,0.452273130022484,https://www.oddsportal.com/american-football/usa/nfl-2015-2016/los-angeles-chargers-miami-dolphins-jk1JUOc1/
2015-12-20,2016,1,pit,den,1,-333,252,0.05314402687381903,0.7302449600039872,0.3548318312611894,https://www.oddsportal.com/american-football/usa/nfl-2015-2016/pittsburgh-steelers-denver-broncos-8QBEV4re/
2015-12-20,2016,1,sf,cin,0,232,-299,0.05057825286106832,0.28670383996320997,0.11021516004740231,https://www.oddsportal.com/american-football/usa/nfl-2015-2016/san-francisco-49ers-cincinnati-bengals-2P4NTrD7/
2015-12-20,2016,1,oak,gb,0,163,-206,0.053430751261214215,0.3609426973979098,0.20557922498609138,https://www.oddsportal.com/american-football/usa/nfl-2015-2016/las-vegas-raiders-green-bay-packers-0086XQDr/
2015-12-20,2016,1,sea,cle,1,-1431,790,0.047042764147689375,0.8926886709796802,0.9214712964881745,https://www.oddsportal.com/american-football/usa/nfl-2015-2016/seattle-seahawks-cleveland-browns-UZCAWpTl/
2015-12-20,2016,1,bal,kc,0,229,-294,0.0501442611821703,0.2894377268119242,0.12315861072534465,https://www.oddsportal.com/american-football/usa/nfl-2015-2016/baltimore-ravens-kansas-city-chiefs-d6QvJRbk/
2015-12-20,2016,1,ind,hou,0,-125,102,0.050605060506050625,0.5287958115183247,0.5003445408063113,https://www.oddsportal.com/american-football/usa/nfl-2015-2016/indianapolis-colts-houston-texans-jTPrIoEe/
2015-12-20,2016,1,jax,atl,0,-146,118,0.05221153128962497,0.5640462181895513,0.4030710930835455,https://www.oddsportal.com/american-football/usa/nfl-2015-2016/jacksonville-jaguars-atlanta-falcons-UJOnH5T1/
2015-12-20,2016,1,min,chi,1,-229,181,0.05192051833984146,0.6616931793643122,0.7096388659392376,https://www.oddsportal.com/american-football/usa/nfl-2015-2016/minnesota-vikings-chicago-bears-UBUNuk62/
2015-12-20,2016,1,ne,ten,1,-1055,657,0.045520309721102326,0.8736510471648061,0.9674486789069218,https://www.oddsportal.com/american-football/usa/nfl-2015-2016/new-england-patriots-tennessee-titans-82TRv9L8/
2015-12-20,2016,1,nyg,car,0,177,-222,0.050451824113729504,0.3436719533801525,0.0053259794093932855,https://www.oddsportal.com/american-football/usa/nfl-2015-2016/new-york-giants-carolina-panthers-2PSVwTzF/
2015-12-20,2016,1,wsh,buf,1,110,-135,0.050658561296859084,0.4532304725168756,0.46637470356740535,https://www.oddsportal.com/american-football/usa/nfl-2015-2016/washington-commanders-buffalo-bills-biMvx75R/
2015-12-19,2016,1,dal,nyj,0,140,-174,0.051703163017031706,0.39618276460381724,0.27859517711608744,https://www.oddsportal.com/american-football/usa/nfl-2015-2016/dallas-cowboys-new-york-jets-r3MzK7qq/
2015-12-17,2016,1,lar,tb,1,-115,-106,0.049446827726348896,0.5096815834767643,0.6061366201151861,https://www.oddsportal.com/american-football/usa/nfl-2015-2016/los-angeles-rams-tampa-bay-buccaneers-xMq8OmyS/
2015-12-14,2016,1,mia,nyg,0,104,-128,0.05159958720330238,0.4661432777232581,0.4954048919386031,https://www.oddsportal.com/american-football/usa/nfl-2015-2016/miami-dolphins-new-york-giants-bVp4PTLL/
2015-12-13,2016,1,hou,ne,0,183,-230,0.05032658742906104,0.33642573147109794,0.15049654606086835,https://www.oddsportal.com/american-football/usa/nfl-2015-2016/houston-texans-new-england-patriots-GzRLPxG4/
2015-12-13,2016,1,gb,dal,1,-286,221,0.05245912223782545,0.7040013496311519,0.9235753302657841,https://www.oddsportal.com/american-football/usa/nfl-2015-2016/green-bay-packers-dallas-cowboys-j5sdRki9/
2015-12-13,2016,1,den,oak,0,-256,202,0.05022695141007505,0.6847102168060083,0.9248294328021327,https://www.oddsportal.com/american-football/usa/nfl-2015-2016/denver-broncos-las-vegas-raiders-8thiSVy3/
2015-12-13,2016,1,bal,sea,0,382,-527,0.04797924649420615,0.19797040863365686,0.09375219917878365,https://www.oddsportal.com/american-football/usa/nfl-2015-2016/baltimore-ravens-seattle-seahawks-Uet0Q96F/
2015-12-13,2016,1,car,atl,1,-455,338,0.04813032210292478,0.7821735546920994,0.9946563453218137,https://www.oddsportal.com/american-football/usa/nfl-2015-2016/carolina-panthers-atlanta-falcons-84v5TKGu/
2015-12-13,2016,1,chi,wsh,0,-202,161,0.05201593463753773,0.6358023202527676,0.7238924618358931,https://www.oddsportal.com/american-football/usa/nfl-2015-2016/chicago-bears-washington-commanders-new9SvWo/
2015-12-13,2016,1,cin,pit,0,-120,-102,0.05040504050405037,0.519280205655527,0.7661809745256005,https://www.oddsportal.com/american-football/usa/nfl-2015-2016/cincinnati-bengals-pittsburgh-steelers-fLxDRboh/
2015-12-13,2016,1,cle,sf,1,-137,111,0.051992721019057386,0.54948961164864,0.16010358202779187,https://www.oddsportal.com/american-football/usa/nfl-2015-2016/cleveland-browns-san-francisco-49ers-YByHQI0b/
2015-12-13,2016,1,jax,ind,1,-115,-106,0.049446827726348896,0.5096815834767643,0.21372894925722358,https://www.oddsportal.com/american-football/usa/nfl-2015-2016/jacksonville-jaguars-indianapolis-colts-UwVPOdVA/
2015-12-13,2016,1,kc,lac,1,-718,482,0.04957191708886821,0.8362939184591615,0.8994712018612732,https://www.oddsportal.com/american-football/usa/nfl-2015-2016/kansas-city-chiefs-los-angeles-chargers-O0UTNGpH/
2015-12-13,2016,1,lar,det,1,135,-167,0.05100007968762443,0.40488285692622644,0.42298448544156675,https://www.oddsportal.com/american-football/usa/nfl-2015-2016/los-angeles-rams-detroit-lions-dho64Sqd/
2015-12-13,2016,1,nyj,ten,1,-408,303,0.051288564115589796,0.7639668438464112,0.8338872018137868,https://www.oddsportal.com/american-football/usa/nfl-2015-2016/new-york-jets-tennessee-titans-0Qic6lFq/
2015-12-13,2016,1,phi,buf,1,-119,-103,0.05076815799536627,0.5171254870060368,0.32592004178532186,https://www.oddsportal.com/american-football/usa/nfl-2015-2016/philadelphia-eagles-buffalo-bills-I1n258Uk/
2015-12-13,2016,1,tb,no,0,-256,201,0.05132703721676801,0.683993750887658,0.5944392628508117,https://www.oddsportal.com/american-football/usa/nfl-2015-2016/tampa-bay-buccaneers-new-orleans-saints-AeZmTBMd/
2015-12-10,2016,1,ari,min,1,-527,381,0.04841057472636434,0.8016996271193945,0.6654961139235277,https://www.oddsportal.com/american-football/usa/nfl-2015-2016/arizona-cardinals-minnesota-vikings-tEQ0OSJU/
2015-12-07,2016,1,wsh,dal,0,-124,101,0.05108386638237383,0.5266672301580594,0.7055415715487117,https://www.oddsportal.com/american-football/usa/nfl-2015-2016/washington-commanders-dallas-cowboys-SAMdP84O/
2015-12-06,2016,1,pit,ind,1,-541,368,0.05766897342560373,0.797975341015103,0.5489752268129309,https://www.oddsportal.com/american-football/usa/nfl-2015-2016/pittsburgh-steelers-indianapolis-colts-YmNhQlkI/
2015-12-06,2016,1,ne,phi,0,-394,299,0.0481974166184691,0.7608975537980505,0.9789679523756705,https://www.oddsportal.com/american-football/usa/nfl-2015-2016/new-england-patriots-philadelphia-eagles-fcOlRUZB/
2015-12-06,2016,1,no,car,0,197,-250,0.05098605098605091,0.32036613272311215,0.002910137314921856,https://www.oddsportal.com/american-football/usa/nfl-2015-2016/new-orleans-saints-carolina-panthers-KpcJBkzP/
2015-12-06,2016,1,oak,kc,0,126,-156,0.05185287610619471,0.42066517681083215,0.20994181321149244,https://www.oddsportal.com/american-football/usa/nfl-2015-2016/las-vegas-raiders-kansas-city-chiefs-bVUuTj5a/
2015-12-06,2016,1,lac,den,0,195,-247,0.05079861280711184,0.3225956398456747,0.033491146533758696,https://www.oddsportal.com/american-football/usa/nfl-2015-2016/los-angeles-chargers-denver-broncos-xMTqSAK5/
2015-12-06,2016,1,buf,hou,1,-158,128,0.05099959200326398,0.5826863354037267,0.4267250856658105,https://www.oddsportal.com/american-football/usa/nfl-2015-2016/buffalo-bills-houston-texans-CE6bGDLg/
2015-12-06,2016,1,chi,sf,0,-286,224,0.049574617795688614,0.7059361287176986,0.7841964896965692,https://www.oddsportal.com/american-football/usa/nfl-2015-2016/chicago-bears-san-francisco-49ers-j552FXz0/
2015-12-06,2016,1,cle,cin,0,272,-358,0.0504765929473634,0.2559002324333989,0.02507761769373034,https://www.oddsportal.com/american-football/usa/nfl-2015-2016/cleveland-browns-cincinnati-bengals-pS46Eij6/
2015-12-06,2016,1,lar,ari,0,152,-190,0.05199781061850017,0.37721123829344433,0.126970054819558,https://www.oddsportal.com/american-football/usa/nfl-2015-2016/los-angeles-rams-arizona-cardinals-A9xTVhLt/
2015-12-06,2016,1,mia,bal,1,-182,146,0.051894135962636145,0.6135504028942609,0.42378615434406264,https://www.oddsportal.com/american-football/usa/nfl-2015-2016/miami-dolphins-baltimore-ravens-bV8ADB5C/
2015-12-06,2016,1,min,sea,0,119,-148,0.05339519811459725,0.43347549465147167,0.6576473893020592,https://www.oddsportal.com/american-football/usa/nfl-2015-2016/minnesota-vikings-seattle-seahawks-tfbFCVKI/
2015-12-06,2016,1,nyg,nyj,0,113,-139,0.05107352623411332,0.44667052908965177,0.3497418606269339,https://www.oddsportal.com/american-football/usa/nfl-2015-2016/new-york-giants-new-york-jets-80j1zZCP/
2015-12-06,2016,1,tb,atl,1,-108,-113,0.0497472011556519,0.494624580717296,0.4050242326803421,https://www.oddsportal.com/american-football/usa/nfl-2015-2016/tampa-bay-buccaneers-atlanta-falcons-hYRXUCzm/
2015-12-06,2016,1,ten,jax,1,-147,119,0.051762704971068274,0.5658516864992178,0.2276111857629444,https://www.oddsportal.com/american-football/usa/nfl-2015-2016/tennessee-titans-jacksonville-jaguars-48VyUWkg/
2015-12-03,2016,1,det,gb,0,106,-132,0.05440241044526273,0.4603905381806636,0.20015705999635341,https://www.oddsportal.com/american-football/usa/nfl-2015-2016/detroit-lions-green-bay-packers-phz2Hg6m/
2015-11-30,2016,1,cle,bal,0,-270,214,0.04820106730934759,0.696173427492199,0.33522017710791635,https://www.oddsportal.com/american-football/usa/nfl-2015-2016/cleveland-browns-baltimore-ravens-61ybIZjs/
2015-11-29,2016,1,den,ne,1,112,-138,0.05153004598065647,0.4485826296743064,0.04486278261326511,https://www.oddsportal.com/american-football/usa/nfl-2015-2016/denver-broncos-new-england-patriots-lMlWMFrQ/
2015-11-29,2016,1,sea,pit,1,-150,121,0.052488687782805465,0.5700773860705073,0.44379981462828366,https://www.oddsportal.com/american-football/usa/nfl-2015-2016/seattle-seahawks-pittsburgh-steelers-zJpSNeTJ/
2015-11-29,2016,1,sf,ari,0,296,-392,0.04927322000492729,0.2406668231979338,0.1126589060516041,https://www.oddsportal.com/american-football/usa/nfl-2015-2016/san-francisco-49ers-arizona-cardinals-YD6qaCjJ/
2015-11-29,2016,1,atl,min,0,-135,110,0.050658561296859084,0.5467695274831245,0.24269014950550466,https://www.oddsportal.com/american-football/usa/nfl-2015-2016/atlanta-falcons-minnesota-vikings-00WqBIqE/
2015-11-29,2016,1,cin,lar,1,-501,356,0.05290889453250425,0.7917215375871582,0.8726817587463674,https://www.oddsportal.com/american-football/usa/nfl-2015-2016/cincinnati-bengals-los-angeles-rams-viVmAxaK/
2015-11-29,2016,1,hou,no,1,-178,144,0.05012383535794318,0.6097259658580413,0.6926262539727582,https://www.oddsportal.com/american-football/usa/nfl-2015-2016/houston-texans-new-orleans-saints-dSPh9dEQ/
2015-11-29,2016,1,ind,tb,1,-141,114,0.05235196029006861,0.5559568117330582,0.6984647406871932,https://www.oddsportal.com/american-football/usa/nfl-2015-2016/indianapolis-colts-tampa-bay-buccaneers-byCK4GMs/
2015-11-29,2016,1,jax,lac,0,-230,184,0.04908237302603502,0.6643612693246542,0.7549600438693256,https://www.oddsportal.com/american-football/usa/nfl-2015-2016/jacksonville-jaguars-los-angeles-chargers-hbBO3zxl/
2015-11-29,2016,1,kc,buf,1,-220,175,0.05113636363636376,0.6540540540540539,0.5904524465647479,https://www.oddsportal.com/american-football/usa/nfl-2015-2016/kansas-city-chiefs-buffalo-bills-4YES2fif/
2015-11-29,2016,1,nyj,mia,1,-222,176,0.05175983436852993,0.6555118110236221,0.6262155512903207,https://www.oddsportal.com/american-football/usa/nfl-2015-2016/new-york-jets-miami-dolphins-nc4X1E60/
2015-11-29,2016,1,ten,oak,0,-109,-112,0.04983298727092178,0.49677530312150653,0.2296037075909257,https://www.oddsportal.com/american-football/usa/nfl-2015-2016/tennessee-titans-las-vegas-raiders-Qm3y1YL6/
2015-11-29,2016,1,wsh,nyg,1,-104,-117,0.04897442848106981,0.48600223964165734,0.47184174724016004,https://www.oddsportal.com/american-football/usa/nfl-2015-2016/washington-commanders-new-york-giants-fN7u0hyD/
2015-11-26,2016,1,gb,chi,0,-426,314,0.05143182527874224,0.7702695620272182,0.836193232722086,https://www.oddsportal.com/american-football/usa/nfl-2015-2016/green-bay-packers-chicago-bears-ncr2nZ6D/
2015-11-26,2016,1,dal,car,0,-106,-115,0.049446827726348896,0.4903184165232359,0.0026339519828042493,https://www.oddsportal.com/american-football/usa/nfl-2015-2016/dallas-cowboys-carolina-panthers-YgvbmFi7/
2015-11-26,2016,1,det,phi,1,-150,121,0.052488687782805465,0.5700773860705073,0.5481569508620316,https://www.oddsportal.com/american-football/usa/nfl-2015-2016/detroit-lions-philadelphia-eagles-jVlglex1/
2015-11-23,2016,1,ne,buf,1,-364,273,0.05257927336599799,0.7452956546560393,0.9872426754033,https://www.oddsportal.com/american-football/usa/nfl-2015-2016/new-england-patriots-buffalo-bills-CvjkkyNf/
2015-11-22,2016,1,ari,cin,1,-219,174,0.05148387982518354,0.6529062302787632,0.2365562604018044,https://www.oddsportal.com/american-football/usa/nfl-2015-2016/arizona-cardinals-cincinnati-bengals-pQwD8PNF/
2015-11-22,2016,1,min,gb,0,-114,-107,0.04961849293421805,0.507527529249828,0.5158293892616009,https://www.oddsportal.com/american-football/usa/nfl-2015-2016/minnesota-vikings-green-bay-packers-x0z5Aog3/
2015-11-22,2016,1,sea,sf,1,-1250,725,0.047138047138047146,0.8842443729903537,0.6475001856592317,https://www.oddsportal.com/american-football/usa/nfl-2015-2016/seattle-seahawks-san-francisco-49ers-QNisichr/
2015-11-22,2016,1,lac,kc,0,145,-178,0.048451035090295136,0.38930121831676234,0.10685155595737557,https://www.oddsportal.com/american-football/usa/nfl-2015-2016/los-angeles-chargers-kansas-city-chiefs-4EjojH7l/
2015-11-22,2016,1,atl,ind,0,-189,150,0.0539792387543252,0.6204858831254104,0.456924570763271,https://www.oddsportal.com/american-football/usa/nfl-2015-2016/atlanta-falcons-indianapolis-colts-6Laze6gG/
2015-11-22,2016,1,bal,lar,1,-159,128,0.05249610512768399,0.5832797013772687,0.18594131668052383,https://www.oddsportal.com/american-football/usa/nfl-2015-2016/baltimore-ravens-los-angeles-rams-pCbvfQ8M/
2015-11-22,2016,1,car,wsh,1,-304,235,0.050982710211319615,0.7159730033745781,0.9927847190155904,https://www.oddsportal.com/american-football/usa/nfl-2015-2016/carolina-panthers-washington-commanders-SzlqgpOS/
2015-11-22,2016,1,chi,den,0,110,-135,0.050658561296859084,0.4532304725168756,0.17056509663474886,https://www.oddsportal.com/american-football/usa/nfl-2015-2016/chicago-bears-denver-broncos-lvfAl4Wq/
2015-11-22,2016,1,det,oak,1,-103,-119,0.05076815799536627,0.48287451299396333,0.33308160243502954,https://www.oddsportal.com/american-football/usa/nfl-2015-2016/detroit-lions-las-vegas-raiders-r1gEmOoj/
2015-11-22,2016,1,hou,nyj,1,168,-210,0.050553683196918664,0.3551787351054079,0.4322590664015864,https://www.oddsportal.com/american-football/usa/nfl-2015-2016/houston-texans-new-york-jets-MihInr1d/
2015-11-22,2016,1,mia,dal,0,104,-128,0.05159958720330238,0.4661432777232581,0.7835045734070778,https://www.oddsportal.com/american-football/usa/nfl-2015-2016/miami-dolphins-dallas-cowboys-b9y1BRwc/
2015-11-22,2016,1,phi,tb,0,-304,232,0.05368006680186088,0.7141401562323106,0.5205092961615484,https://www.oddsportal.com/american-football/usa/nfl-2015-2016/philadelphia-eagles-tampa-bay-buccaneers-WMZ89589/
2015-11-19,2016,1,jax,ten,1,-145,117,0.05266622778143515,0.5622263914946841,0.7289607990601585,https://www.oddsportal.com/american-football/usa/nfl-2015-2016/jacksonville-jaguars-tennessee-titans-xneWenvA/
2015-11-16,2016,1,cin,hou,0,-527,379,0.04927863404953836,0.8010363878108608,0.9959265073065754,https://www.oddsportal.com/american-football/usa/nfl-2015-2016/cincinnati-bengals-houston-texans-bedSdSO3/
2015-11-15,2016,1,sea,ari,0,-149,121,0.050882262079994245,0.5694201871033564,0.4927183630390905,https://www.oddsportal.com/american-football/usa/nfl-2015-2016/seattle-seahawks-arizona-cardinals-GW6Nc89c/
2015-11-15,2016,1,den,kc,0,-201,159,0.0538744724791238,0.6336372156428388,0.9167148274813126,https://www.oddsportal.com/american-football/usa/nfl-2015-2016/denver-broncos-kansas-city-chiefs-lQEyz5Hj/
2015-11-15,2016,1,nyg,ne,0,257,-339,0.05232161201610497,0.26618482564590745,0.006968546691821256,https://www.oddsportal.com/american-football/usa/nfl-2015-2016/new-york-giants-new-england-patriots-2T2Jblfi/
2015-11-15,2016,1,oak,min,0,-168,135,0.05239758653540805,0.5956547978273989,0.278401097126568,https://www.oddsportal.com/american-football/usa/nfl-2015-2016/las-vegas-raiders-minnesota-vikings-AZFXzo2p/
2015-11-15,2016,1,bal,jax,0,-247,195,0.05079861280711184,0.6774043601543254,0.47660512302900515,https://www.oddsportal.com/american-football/usa/nfl-2015-2016/baltimore-ravens-jacksonville-jaguars-6JxoAiHA/
2015-11-15,2016,1,gb,det,0,-589,413,0.049793892892204816,0.8143142428252262,0.985977670833374,https://www.oddsportal.com/american-football/usa/nfl-2015-2016/green-bay-packers-detroit-lions-UaGmoVPi/
2015-11-15,2016,1,lar,chi,0,-378,282,0.052575083791539745,0.751295552456867,0.7110495751097452,https://www.oddsportal.com/american-football/usa/nfl-2015-2016/los-angeles-rams-chicago-bears-Kl90rT9A/
2015-11-15,2016,1,phi,mia,0,-259,203,0.05148147126690383,0.6861257070914607,0.6710427268181602,https://www.oddsportal.com/american-football/usa/nfl-2015-2016/philadelphia-eagles-miami-dolphins-bZKipkub/
2015-11-15,2016,1,pit,cle,1,-304,234,0.051876445129542814,0.715364671401195,0.911422348568723,https://www.oddsportal.com/american-football/usa/nfl-2015-2016/pittsburgh-steelers-cleveland-browns-xQJeq9f4/
2015-11-15,2016,1,tb,dal,1,-102,-120,0.05040504050405037,0.48071979434447304,0.4959971020048377,https://www.oddsportal.com/american-football/usa/nfl-2015-2016/tampa-bay-buccaneers-dallas-cowboys-YiD4smPG/
2015-11-15,2016,1,ten,car,0,161,-202,0.05201593463753773,0.36419767974723233,0.0008883526015776484,https://www.oddsportal.com/american-football/usa/nfl-2015-2016/tennessee-titans-carolina-panthers-SEC8t7vN/
2015-11-15,2016,1,wsh,no,1,-102,-121,0.05246180726669958,0.47978035075770475,0.46492278581149904,https://www.oddsportal.com/american-football/usa/nfl-2015-2016/washington-commanders-new-orleans-saints-65BCuRgT/
2015-11-12,2016,1,nyj,buf,0,-136,110,0.05246166263115404,0.5475460122699387,0.6232950426448222,https://www.oddsportal.com/american-football/usa/nfl-2015-2016/new-york-jets-buffalo-bills-j9HqnBAo/
2015-11-09,2016,1,lac,chi,0,-198,158,0.052026429426148546,0.6315711389149894,0.3460085010917995,https://www.oddsportal.com/american-football/usa/nfl-2015-2016/los-angeles-chargers-chicago-bears-l4w1NRXp/
2015-11-08,2016,1,dal,phi,0,141,-175,0.05130139569973591,0.39468963042698246,0.3742611088610977,https://www.oddsportal.com/american-football/usa/nfl-2015-2016/dallas-cowboys-philadelphia-eagles-EBnZR7PT/
2015-11-08,2016,1,ind,den,1,151,-188,0.0511841522797698,0.37900721166499973,0.0007892659469504471,https://www.oddsportal.com/american-football/usa/nfl-2015-2016/indianapolis-colts-denver-broncos-KlmVSmAN/
2015-11-08,2016,1,sf,atl,1,296,-394,0.05009610272768161,0.2404782303917751,0.2262223385977936,https://www.oddsportal.com/american-football/usa/nfl-2015-2016/san-francisco-49ers-atlanta-falcons-OMgMU9uB/
2015-11-08,2016,1,tb,nyg,0,102,-126,0.05257162884430033,0.470323815866145,0.3798324342144833,https://www.oddsportal.com/american-football/usa/nfl-2015-2016/tampa-bay-buccaneers-new-york-giants-tblRTTfH/
2015-11-08,2016,0,buf,mia,1,-208,166,0.051264524948735346,0.6423927178153447,0.5596978521027105,https://www.oddsportal.com/american-football/usa/nfl-2015-2016/buffalo-bills-miami-dolphins-0QDhFUuO/
2015-11-08,2016,0,car,gb,1,108,-132,0.049734748010610064,0.45799115603284907,0.7032074240090451,https://www.oddsportal.com/american-football/usa/nfl-2015-2016/carolina-panthers-green-bay-packers-vHCdEleU/
2015-11-08,2016,0,min,lar,1,-118,-104,0.05108832523835227,0.5149751839808318,0.5028607425005468,https://www.oddsportal.com/american-football/usa/nfl-2015-2016/minnesota-vikings-los-angeles-rams-Gj31ZXQu/
2015-11-08,2016,0,ne,wsh,1,-1334,736,0.049882217906882076,0.8860660530865453,0.9938592981587617,https://www.oddsportal.com/american-football/usa/nfl-2015-2016/new-england-patriots-washington-commanders-fs25Yitn/
2015-11-08,2016,0,no,ten,0,-307,236,0.05191880191880194,0.7170703222756721,0.9443808252509546,https://www.oddsportal.com/american-football/usa/nfl-2015-2016/new-orleans-saints-tennessee-titans-x6iAXBeh/
2015-11-08,2016,0,nyj,jax,1,-385,289,0.05088384173005056,0.7553779033112249,0.8250455664489037,https://www.oddsportal.com/american-football/usa/nfl-2015-2016/new-york-jets-jacksonville-jaguars-j9eEWVAb/
2015-11-08,2016,0,pit,oak,1,-270,210,0.052310374891020084,0.6934548467274233,0.47270174096663337,https://www.oddsportal.com/american-football/usa/nfl-2015-2016/pittsburgh-steelers-las-vegas-raiders-pWfIVkQ4/
2015-11-05,2016,0,cin,cle,1,-912,568,0.05088636955338344,0.8575482534177158,0.9985807513352433,https://www.oddsportal.com/american-football/usa/nfl-2015-2016/cincinnati-bengals-cleveland-browns-I1OmGAQH/
2015-11-02,2016,0,car,ind,1,-235,189,0.047513298559107575,0.6696741113247547,0.9968631828475681,https://www.oddsportal.com/american-football/usa/nfl-2015-2016/carolina-panthers-indianapolis-colts-4bKqHjBB/
2015-11-01,2016,0,den,gb,1,118,-147,0.05385729673513362,0.43527297078208155,0.4142634186396753,https://www.oddsportal.com/american-football/usa/nfl-2015-2016/denver-broncos-green-bay-packers-AyLuIWe5/
2015-11-01,2016,0,dal,sea,0,178,-225,0.05201992252351961,0.34192530247238295,0.44784590080921016,https://www.oddsportal.com/american-football/usa/nfl-2015-2016/dallas-cowboys-seattle-seahawks-WpMyJCta/
2015-11-01,2016,0,oak,nyj,1,143,-177,0.05051180341994632,0.39173537356281196,0.23075841272317432,https://www.oddsportal.com/american-football/usa/nfl-2015-2016/las-vegas-raiders-new-york-jets-E9RWJhRh/
2015-11-01,2016,0,atl,tb,0,-418,309,0.05144858445591938,0.7674648279329509,0.9670470417107212,https://www.oddsportal.com/american-football/usa/nfl-2015-2016/atlanta-falcons-tampa-bay-buccaneers-02VeIujl/
2015-11-01,2016,0,bal,lac,1,-219,175,0.050156739811912265,0.6537313432835821,0.30326991384858587,https://www.oddsportal.com/american-football/usa/nfl-2015-2016/baltimore-ravens-los-angeles-chargers-rRK0Ha5f/
2015-11-01,2016,0,chi,min,0,104,-128,0.05159958720330238,0.4661432777232581,0.2615716844537806,https://www.oddsportal.com/american-football/usa/nfl-2015-2016/chicago-bears-minnesota-vikings-MHJ4GJK0/
2015-11-01,2016,0,cle,ari,0,247,-322,0.051217613395796,0.2741434640820092,0.10491690581323938,https://www.oddsportal.com/american-football/usa/nfl-2015-2016/cleveland-browns-arizona-cardinals-jiO8Fwz7/
2015-11-01,2016,0,hou,ten,1,-192,153,0.0527911635713898,0.624562847150792,0.7443664475912911,https://www.oddsportal.com/american-football/usa/nfl-2015-2016/houston-texans-tennessee-titans-UsNCEckD/
2015-11-01,2016,0,lar,sf,1,-400,298,0.0512562814070352,0.7609942638623327,0.7525084458592006,https://www.oddsportal.com/american-football/usa/nfl-2015-2016/los-angeles-rams-san-francisco-49ers-zJSSKYBn/
2015-11-01,2016,0,no,nyg,1,-171,138,0.05116437718999034,0.600283194194519,0.39927165207698667,https://www.oddsportal.com/american-football/usa/nfl-2015-2016/new-orleans-saints-new-york-giants-Wn1ewsSD/
2015-11-01,2016,0,pit,cin,0,-115,-106,0.049446827726348896,0.5096815834767643,0.013787138543849917,https://www.oddsportal.com/american-football/usa/nfl-2015-2016/pittsburgh-steelers-cincinnati-bengals-tdTOLEdt/
2015-11-01,2016,0,kc,det,1,-172,140,0.0490196078431373,0.6028037383177569,0.7970290995382832,https://www.oddsportal.com/american-football/usa/nfl-2015-2016/kansas-city-chiefs-detroit-lions-naRiJLzr/
2015-10-29,2016,0,ne,mia,1,-262,203,0.053789909377678136,0.6868132818853494,0.9971970829913254,https://www.oddsportal.com/american-football/usa/nfl-2015-2016/new-england-patriots-miami-dolphins-UJvQN1SQ/
2015-10-26,2016,0,ari,bal,1,-541,381,0.05189396765059806,0.8023563074854849,0.897640038016952,https://www.oddsportal.com/american-football/usa/nfl-2015-2016/arizona-cardinals-baltimore-ravens-jTuMOsDK/
2015-10-25,2016,0,car,phi,1,-144,116,0.05312689738919252,0.5603920438166619,0.9795156267171091,https://www.oddsportal.com/american-football/usa/nfl-2015-2016/carolina-panthers-philadelphia-eagles-AHOOPNcE/
2015-10-25,2016,0,nyg,dal,1,-168,136,0.05059448520111309,0.5966771008909223,0.4410943964004945,https://www.oddsportal.com/american-football/usa/nfl-2015-2016/new-york-giants-dallas-cowboys-WQPKQ3r8/
2015-10-25,2016,0,lac,oak,0,-183,148,0.04986891599224896,0.6159274740784974,0.5595558457097782,https://www.oddsportal.com/american-football/usa/nfl-2015-2016/los-angeles-chargers-las-vegas-raiders-INyw2K57/
2015-10-25,2016,0,det,min,0,-116,-105,0.049232158988256725,0.5118381403357727,0.15824679492339933,https://www.oddsportal.com/american-football/usa/nfl-2015-2016/detroit-lions-minnesota-vikings-xjorDpE8/
2015-10-25,2016,0,ind,no,0,-235,186,0.05114288696378244,0.6673617317048953,0.404007233197773,https://www.oddsportal.com/american-football/usa/nfl-2015-2016/indianapolis-colts-new-orleans-saints-WCpnC4TE/
2015-10-25,2016,0,kc,pit,1,-182,146,0.051894135962636145,0.6135504028942609,0.0527126759033348,https://www.oddsportal.com/american-football/usa/nfl-2015-2016/kansas-city-chiefs-pittsburgh-steelers-Uc3kBOrL/
2015-10-25,2016,0,lar,cle,1,-251,197,0.05180005180005187,0.6798818025116966,0.8699413829291899,https://www.oddsportal.com/american-football/usa/nfl-2015-2016/los-angeles-rams-cleveland-browns-r5qQ4MLl/
2015-10-25,2016,0,mia,hou,1,-225,179,0.0507306313757927,0.6588821831540278,0.5668659345547503,https://www.oddsportal.com/american-football/usa/nfl-2015-2016/miami-dolphins-houston-texans-CMhfArbR/
2015-10-25,2016,0,ne,nyj,1,-339,259,0.05076109923160388,0.7349049824578354,0.9868328998957533,https://www.oddsportal.com/american-football/usa/nfl-2015-2016/new-england-patriots-new-york-jets-EVvM526r/
2015-10-25,2016,0,ten,atl,0,190,-241,0.05157245424208723,0.3279161457832484,0.014921791956962468,https://www.oddsportal.com/american-football/usa/nfl-2015-2016/tennessee-titans-atlanta-falcons-MerU3tye/
2015-10-25,2016,0,wsh,tb,1,-160,130,0.050167224080267525,0.5859872611464969,0.7988927476343848,https://www.oddsportal.com/american-football/usa/nfl-2015-2016/washington-commanders-tampa-bay-buccaneers-4KXY20j1/
2015-10-25,2016,0,jax,buf,1,149,-185,0.05072923272035501,0.38221685777509556,0.05664999543718683,https://www.oddsportal.com/american-football/usa/nfl-2015-2016/jacksonville-jaguars-buffalo-bills-banvEQb2/
2015-10-22,2016,0,sf,sea,0,222,-290,0.05414874980092366,0.2946064360175253,0.46445950707285916,https://www.oddsportal.com/american-football/usa/nfl-2015-2016/san-francisco-49ers-seattle-seahawks-QB5oD2b2/
2015-10-19,2016,0,phi,nyg,1,-202,160,0.05348955680081513,0.6349129593810444,0.29076764910922936,https://www.oddsportal.com/american-football/usa/nfl-2015-2016/philadelphia-eagles-new-york-giants-nL6sErqd/
2015-10-18,2016,0,ind,ne,0,321,-435,0.05061380336093402,0.22608658905064763,0.003930611964230215,https://www.oddsportal.com/american-football/usa/nfl-2015-2016/indianapolis-colts-new-england-patriots-hb7wFOTk/
2015-10-18,2016,0,gb,lac,1,-541,384,0.05060532999832401,0.8033404511204378,0.9981041763337382,https://www.oddsportal.com/american-football/usa/nfl-2015-2016/green-bay-packers-los-angeles-chargers-YDQ6Kp6S/
2015-10-18,2016,0,sf,bal,1,121,-151,0.05408231328081348,0.4292726308768449,0.5217235540029437,https://www.oddsportal.com/american-football/usa/nfl-2015-2016/san-francisco-49ers-baltimore-ravens-ve3ZF4Eq/
2015-10-18,2016,0,sea,car,0,-328,251,0.05125542508720082,0.7289904260169191,0.01899469561158368,https://www.oddsportal.com/american-football/usa/nfl-2015-2016/seattle-seahawks-carolina-panthers-fNR2LQjM/
2015-10-18,2016,0,buf,cin,0,134,-165,0.04999193678438951,0.4070035324834895,0.023989253310341112,https://www.oddsportal.com/american-football/usa/nfl-2015-2016/buffalo-bills-cincinnati-bengals-006T6RyT/
2015-10-18,2016,0,cle,den,0,140,-172,0.0490196078431373,0.397196261682243,0.004686919551689647,https://www.oddsportal.com/american-football/usa/nfl-2015-2016/cleveland-browns-denver-broncos-29he2opp/
2015-10-18,2016,0,det,chi,1,-204,165,0.048411122144985,0.6400663035756572,0.0,https://www.oddsportal.com/american-football/usa/nfl-2015-2016/detroit-lions-chicago-bears-Kpm015aj/
2015-10-18,2016,0,jax,hou,0,-155,125,0.05228758169934622,0.5776397515527951,0.44949988801488394,https://www.oddsportal.com/american-football/usa/nfl-2015-2016/jacksonville-jaguars-houston-texans-byn40PEd/
2015-10-18,2016,0,min,kc,1,-187,150,0.05156794425087119,0.6196156394963551,0.3784432379011559,https://www.oddsportal.com/american-football/usa/nfl-2015-2016/minnesota-vikings-kansas-city-chiefs-CvznP8ic/
2015-10-18,2016,0,nyj,wsh,1,-385,292,0.04891647380601727,0.756794704643466,0.6473425310518849,https://www.oddsportal.com/american-football/usa/nfl-2015-2016/new-york-jets-washington-commanders-QsvjOS63/
2015-10-18,2016,0,pit,ari,1,194,-244,0.04943838000316414,0.32411245948594253,0.3432855858168677,https://www.oddsportal.com/american-football/usa/nfl-2015-2016/pittsburgh-steelers-arizona-cardinals-86TfNnM9/
2015-10-18,2016,0,ten,mia,0,-139,113,0.05107352623411332,0.5533294709103481,0.4146452674571039,https://www.oddsportal.com/american-football/usa/nfl-2015-2016/tennessee-titans-miami-dolphins-ncSbM6yG/
2015-10-15,2016,0,no,atl,1,130,-160,0.050167224080267525,0.4140127388535032,0.001089747625075841,https://www.oddsportal.com/american-football/usa/nfl-2015-2016/new-orleans-saints-atlanta-falcons-6w7P77MM/
2015-10-12,2016,0,lac,pit,0,-212,173,0.04578754578754585,0.6497373029772329,0.22092548738962445,https://www.oddsportal.com/american-football/usa/nfl-2015-2016/los-angeles-chargers-pittsburgh-steelers-f33L8m7G/
2015-10-11,2016,0,nyg,sf,1,-378,287,0.04919291189603525,0.7537174242346177,0.8889162227887661,https://www.oddsportal.com/american-football/usa/nfl-2015-2016/new-york-giants-san-francisco-49ers-CvEG9TiA/
2015-10-11,2016,0,dal,ne,0,318,-435,0.052318561910298156,0.22734033059958358,0.00866395156504647,https://www.oddsportal.com/american-football/usa/nfl-2015-2016/dallas-cowboys-new-england-patriots-4EA8BkNc/
2015-10-11,2016,0,oak,den,0,190,-241,0.05157245424208723,0.3279161457832484,0.008556942932123359,https://www.oddsportal.com/american-football/usa/nfl-2015-2016/las-vegas-raiders-denver-broncos-YmFCA9x4/
2015-10-11,2016,0,det,ari,0,173,-220,0.05380036630036633,0.34759939170106446,0.0,https://www.oddsportal.com/american-football/usa/nfl-2015-2016/detroit-lions-arizona-cardinals-QNB4CV7i/
2015-10-11,2016,0,atl,wsh,1,-328,252,0.05044604927782492,0.7295521180871499,0.9950164058568088,https://www.oddsportal.com/american-football/usa/nfl-2015-2016/atlanta-falcons-washington-commanders-QkYyBIWn/
2015-10-11,2016,0,bal,cle,0,-270,211,0.05127313808985834,0.6941390427378689,0.9493882025309512,https://www.oddsportal.com/american-football/usa/nfl-2015-2016/baltimore-ravens-cleveland-browns-vgxtAxng/
2015-10-11,2016,0,cin,sea,1,-170,137,0.05157055789967191,0.5987516718680339,0.9942023182782532,https://www.oddsportal.com/american-football/usa/nfl-2015-2016/cincinnati-bengals-seattle-seahawks-YFyp9d1a/
2015-10-11,2016,0,gb,lar,1,-455,333,0.050766702036909805,0.7802110765697088,0.9901179801357998,https://www.oddsportal.com/american-football/usa/nfl-2015-2016/green-bay-packers-los-angeles-rams-C6zl8GG5/
2015-10-11,2016,0,kc,chi,0,-465,337,0.05184180150260209,0.7824454669721415,0.8306056769441207,https://www.oddsportal.com/american-football/usa/nfl-2015-2016/kansas-city-chiefs-chicago-bears-vT6p7zWB/
2015-10-11,2016,0,phi,no,1,-278,216,0.05190543165226713,0.699159556857252,0.7470147531048011,https://www.oddsportal.com/american-football/usa/nfl-2015-2016/philadelphia-eagles-new-orleans-saints-IJ5l6foI/
2015-10-11,2016,0,tb,jax,1,-120,-102,0.05040504050405037,0.519280205655527,0.11080086843631123,https://www.oddsportal.com/american-football/usa/nfl-2015-2016/tampa-bay-buccaneers-jacksonville-jaguars-AFTHlSFp/
2015-10-11,2016,0,ten,buf,0,-109,-113,0.05204753240335158,0.4957295981551863,0.026281687348545288,https://www.oddsportal.com/american-football/usa/nfl-2015-2016/tennessee-titans-buffalo-bills-OIXLmnVj/
2015-10-08,2016,0,hou,ind,0,-235,186,0.05114288696378244,0.6673617317048953,0.6086932827326724,https://www.oddsportal.com/american-football/usa/nfl-2015-2016/houston-texans-indianapolis-colts-rRrXBbHt/
2015-10-05,2016,0,sea,det,1,-541,383,0.051033097224510104,0.8030134940366254,1.0,https://www.oddsportal.com/american-football/usa/nfl-2015-2016/seattle-seahawks-detroit-lions-tId5Gv9P/
2015-10-04,2016,0,no,dal,1,-155,125,0.05228758169934622,0.5776397515527951,0.0,https://www.oddsportal.com/american-football/usa/nfl-2015-2016/new-orleans-saints-dallas-cowboys-h23NieWO/
2015-10-04,2016,0,ari,lar,0,-317,244,0.050889520941386435,0.7233794146522674,0.999944724347656,https://www.oddsportal.com/american-football/usa/nfl-2015-2016/arizona-cardinals-los-angeles-rams-KCBAfcn6/
2015-10-04,2016,0,den,min,1,-299,228,0.05425148236444777,0.7108108891659177,0.9999521909232477,https://www.oddsportal.com/american-football/usa/nfl-2015-2016/denver-broncos-minnesota-vikings-WnFEgH1C/
2015-10-04,2016,0,sf,gb,0,276,-364,0.05044020542920036,0.25318665968220705,0.0018997737349420892,https://www.oddsportal.com/american-football/usa/nfl-2015-2016/san-francisco-49ers-green-bay-packers-EB4JhyHI/
2015-10-04,2016,0,lac,cle,1,-235,185,0.05236973029588898,0.6665837272953471,0.006083499250515453,https://www.oddsportal.com/american-football/usa/nfl-2015-2016/los-angeles-chargers-cleveland-browns-QkC6ewXa/
2015-10-04,2016,0,atl,hou,1,-230,181,0.05284158309069342,0.6619891426815528,0.9999947616613292,https://www.oddsportal.com/american-football/usa/nfl-2015-2016/atlanta-falcons-houston-texans-vgjytbXC/
2015-10-04,2016,0,buf,nyg,0,-264,206,0.052072110895640344,0.6893773894046968,0.8620046075627459,https://www.oddsportal.com/american-football/usa/nfl-2015-2016/buffalo-bills-new-york-giants-IqkuuInJ/
2015-10-04,2016,0,chi,oak,1,141,-174,0.04997425568646463,0.39518850780280956,0.0,https://www.oddsportal.com/american-football/usa/nfl-2015-2016/chicago-bears-las-vegas-raiders-KlTN31PJ/
2015-10-04,2016,0,cin,kc,1,-182,146,0.051894135962636145,0.6135504028942609,0.9992996684543827,https://www.oddsportal.com/american-football/usa/nfl-2015-2016/cincinnati-bengals-kansas-city-chiefs-YiXR2LvQ/
2015-10-04,2016,0,ind,jax,1,-192,154,0.0512350339769172,0.625487379437718,0.010003593629546054,https://www.oddsportal.com/american-football/usa/nfl-2015-2016/indianapolis-colts-jacksonville-jaguars-jXJgbums/
2015-10-04,2016,0,tb,car,0,130,-160,0.050167224080267525,0.4140127388535032,3.244695795749729e-07,https://www.oddsportal.com/american-football/usa/nfl-2015-2016/tampa-bay-buccaneers-carolina-panthers-UNIcca2m/
2015-10-04,2016,0,wsh,phi,1,123,-152,0.051605096448145815,0.4264248003248951,0.0012618530654638766,https://www.oddsportal.com/american-football/usa/nfl-2015-2016/washington-commanders-philadelphia-eagles-naD2dJHg/
2015-10-04,2016,0,mia,nyj,0,114,-142,0.05406657913030055,0.4433208763830878,0.1625342407113796,https://www.oddsportal.com/american-football/usa/nfl-2015-2016/miami-dolphins-new-york-jets-WSjXtvI6/
2015-10-01,2016,0,pit,bal,0,124,-153,0.05117165443252403,0.4246961659840193,1.0,https://www.oddsportal.com/american-football/usa/nfl-2015-2016/pittsburgh-steelers-baltimore-ravens-hxhTsK20/
2015-09-28,2016,0,gb,kc,1,-253,199,0.05116204155494719,0.6818300630030555,0.8633194019921809,https://www.oddsportal.com/american-football/usa/nfl-2015-2016/green-bay-packers-kansas-city-chiefs-AD2Or0mf/
2015-09-27,2016,0,det,den,0,121,-149,0.050882262079994245,0.43057981289664354,0.0,https://www.oddsportal.com/american-football/usa/nfl-2015-2016/detroit-lions-denver-broncos-dAbKqtYm/
2015-09-27,2016,0,mia,buf,0,-125,101,0.05306799336650081,0.5275590551181103,0.3820387296019931,https://www.oddsportal.com/american-football/usa/nfl-2015-2016/miami-dolphins-buffalo-bills-0vDlk2AQ/
2015-09-27,2016,0,sea,chi,1,-1819,847,0.053486146702815596,0.8997645851930512,,https://www.oddsportal.com/american-football/usa/nfl-2015-2016/seattle-seahawks-chicago-bears-2maGpMIs/
2015-09-27,2016,0,ari,sf,1,-308,239,0.049887211521776775,0.7190314850012396,0.9413281890209656,https://www.oddsportal.com/american-football/usa/nfl-2015-2016/arizona-cardinals-san-francisco-49ers-r3IqjreK/
2015-09-27,2016,0,bal,cin,0,-127,103,0.05208220307719014,0.5317753346671893,0.0,https://www.oddsportal.com/american-football/usa/nfl-2015-2016/baltimore-ravens-cincinnati-bengals-Ayu3w5BE/
2015-09-27,2016,0,car,no,1,-478,347,0.05070326590960117,0.7870819918516498,1.0,https://www.oddsportal.com/american-football/usa/nfl-2015-2016/carolina-panthers-new-orleans-saints-4bv7xPQK/
2015-09-27,2016,0,cle,oak,0,-187,150,0.05156794425087119,0.6196156394963551,0.9676011656855927,https://www.oddsportal.com/american-football/usa/nfl-2015-2016/cleveland-browns-las-vegas-raiders-I1rByqtR/
2015-09-27,2016,0,dal,atl,0,-113,-108,0.0497472011556519,0.505375419282704,0.5,https://www.oddsportal.com/american-football/usa/nfl-2015-2016/dallas-cowboys-atlanta-falcons-OrLwX2lr/
2015-09-27,2016,0,hou,tb,1,-253,198,0.05228435081848781,0.6811028601369541,0.0,https://www.oddsportal.com/american-football/usa/nfl-2015-2016/houston-texans-tampa-bay-buccaneers-2ZJsWM3l/
2015-09-27,2016,0,lar,pit,0,-120,-102,0.05040504050405037,0.519280205655527,2.2696403801403035e-05,https://www.oddsportal.com/american-football/usa/nfl-2015-2016/los-angeles-rams-pittsburgh-steelers-j9VcSv3D/
2015-09-27,2016,0,min,lac,1,-132,108,0.049734748010610064,0.542008843967151,0.019827820966791327,https://www.oddsportal.com/american-football/usa/nfl-2015-2016/minnesota-vikings-los-angeles-chargers-W8OoVtJf/
2015-09-27,2016,0,ne,jax,1,-1250,697,0.0513964403550351,0.8806629834254144,0.9774314675393116,https://www.oddsportal.com/american-football/usa/nfl-2015-2016/new-england-patriots-jacksonville-jaguars-AaNkU0Y0/
2015-09-27,2016,0,nyj,phi,0,-168,135,0.05239758653540805,0.5956547978273989,1.0,https://www.oddsportal.com/american-football/usa/nfl-2015-2016/new-york-jets-philadelphia-eagles-hOCfTKm7/
2015-09-27,2016,0,ten,ind,0,146,-182,0.051894135962636145,0.38644959710573923,1.0,https://www.oddsportal.com/american-football/usa/nfl-2015-2016/tennessee-titans-indianapolis-colts-4CJuiOuE/
2015-09-24,2016,0,nyg,wsh,1,-169,136,0.05198160166341115,0.5972089123143268,0.0,https://www.oddsportal.com/american-football/usa/nfl-2015-2016/new-york-giants-washington-commanders-Wptavod8/
2015-09-21,2016,0,ind,nyj,0,-270,211,0.05127313808985834,0.6941390427378689,0.0,https://www.oddsportal.com/american-football/usa/nfl-2015-2016/indianapolis-colts-new-york-jets-WhzOF1J7/
2015-09-20,2016,0,gb,sea,1,-187,149,0.05317436995368219,0.6186705286794308,1.0,https://www.oddsportal.com/american-football/usa/nfl-2015-2016/green-bay-packers-seattle-seahawks-h2yKGs41/
2015-09-20,2016,0,phi,dal,0,-294,227,0.052003290954532044,0.7093066151190073,0.0,https://www.oddsportal.com/american-football/usa/nfl-2015-2016/philadelphia-eagles-dallas-cowboys-buxGHNle/
2015-09-20,2016,0,jax,mia,1,201,-256,0.05132703721676801,0.31600624911234204,0.0,https://www.oddsportal.com/american-football/usa/nfl-2015-2016/jacksonville-jaguars-miami-dolphins-2Dr7JqKr/
2015-09-20,2016,0,oak,bal,1,215,-274,0.05008063831593246,0.3023199417993695,,https://www.oddsportal.com/american-football/usa/nfl-2015-2016/las-vegas-raiders-baltimore-ravens-pxYBI3Zl/
2015-09-20,2016,0,buf,ne,0,-125,102,0.050605060506050625,0.5287958115183247,0.5,https://www.oddsportal.com/american-football/usa/nfl-2015-2016/buffalo-bills-new-england-patriots-INe0NhLG/
2015-09-20,2016,0,car,hou,1,-154,124,0.05272778402699663,0.5759316147989849,1.0,https://www.oddsportal.com/american-football/usa/nfl-2015-2016/carolina-panthers-houston-texans-Cpe4MCzN/
2015-09-20,2016,0,chi,ari,0,107,-132,0.0520573046809929,0.45918771277016857,0.0,https://www.oddsportal.com/american-football/usa/nfl-2015-2016/chicago-bears-arizona-cardinals-jyf8LWkT/
2015-09-20,2016,0,cin,lac,1,-184,147,0.05274562353880374,0.6154262810096414,0.5,https://www.oddsportal.com/american-football/usa/nfl-2015-2016/cincinnati-bengals-los-angeles-chargers-WUyyHjbp/
2015-09-20,2016,0,cle,ten,1,-106,-115,0.049446827726348896,0.4903184165232359,0.0,https://www.oddsportal.com/american-football/usa/nfl-2015-2016/cleveland-browns-tennessee-titans-ALzuGADj/
2015-09-20,2016,0,min,det,1,-146,118,0.05221153128962497,0.5640462181895513,,https://www.oddsportal.com/american-football/usa/nfl-2015-2016/minnesota-vikings-detroit-lions-OOOMvfji/
2015-09-20,2016,0,no,tb,0,-488,350,0.052154195011338,0.7887931034482758,,https://www.oddsportal.com/american-football/usa/nfl-2015-2016/new-orleans-saints-tampa-bay-buccaneers-zaSQwE5c/
2015-09-20,2016,0,nyg,atl,0,-129,105,0.051123655341356766,0.5359205593271862,0.0,https://www.oddsportal.com/american-football/usa/nfl-2015-2016/new-york-giants-atlanta-falcons-INHVxYK3/
2015-09-20,2016,0,pit,sf,1,-250,196,0.05212355212355213,0.6788990825688074,0.0,https://www.oddsportal.com/american-football/usa/nfl-2015-2016/pittsburgh-steelers-san-francisco-49ers-dEGZyhzA/
2015-09-20,2016,0,wsh,lar,1,139,-172,0.05076298301747473,0.3981964045207004,0.0,https://www.oddsportal.com/american-football/usa/nfl-2015-2016/washington-commanders-los-angeles-rams-QmLwyCkG/
2015-09-17,2016,0,kc,den,0,-169,137,0.0501937163741315,0.5982256209579854,0.5,https://www.oddsportal.com/american-football/usa/nfl-2015-2016/kansas-city-chiefs-denver-broncos-4KidOY5A/
2015-09-14,2016,0,sf,min,1,126,-155,0.05032101336109651,0.4212787047744921,,https://www.oddsportal.com/american-football/usa/nfl-2015-2016/san-francisco-49ers-minnesota-vikings-Me2iPEj4/
2015-09-14,2016,0,atl,phi,1,142,-187,0.06479108474673878,0.3880790761824919,,https://www.oddsportal.com/american-football/usa/nfl-2015-2016/atlanta-falcons-philadelphia-eagles-r53mQfyb/
2015-09-13,2016,0,dal,nyg,1,-322,247,0.051217613395796,0.7258565359179908,,https://www.oddsportal.com/american-football/usa/nfl-2015-2016/dallas-cowboys-new-york-giants-lUlpRzMi/
2015-09-13,2016,0,den,bal,1,-222,177,0.050451824113729504,0.6563280466198477,,https://www.oddsportal.com/american-football/usa/nfl-2015-2016/denver-broncos-baltimore-ravens-WCKV7DLT/
2015-09-13,2016,0,oak,cin,0,125,-155,0.05228758169934622,0.42236024844720504,,https://www.oddsportal.com/american-football/usa/nfl-2015-2016/las-vegas-raiders-cincinnati-bengals-8YBc3XTp/
2015-09-13,2016,0,tb,ten,0,-157,127,0.051423575995474646,0.5810169712580904,,https://www.oddsportal.com/american-football/usa/nfl-2015-2016/tampa-bay-buccaneers-tennessee-titans-AwjtSG6o/
2015-09-13,2016,0,ari,no,1,-135,108,0.05523731587561387,0.5443970531213649,,https://www.oddsportal.com/american-football/usa/nfl-2015-2016/arizona-cardinals-new-orleans-saints-baMN9ZjH/
2015-09-13,2016,0,lac,det,1,-180,145,0.05102040816326525,0.6116504854368933,,https://www.oddsportal.com/american-football/usa/nfl-2015-2016/los-angeles-chargers-detroit-lions-xjLR8g6N/
2015-09-13,2016,0,buf,ind,1,-108,-113,0.0497472011556519,0.494624580717296,,https://www.oddsportal.com/american-football/usa/nfl-2015-2016/buffalo-bills-indianapolis-colts-OnehffiU/
2015-09-13,2016,0,chi,gb,0,217,-278,0.05090714869894675,0.3001762940139447,,https://www.oddsportal.com/american-football/usa/nfl-2015-2016/chicago-bears-green-bay-packers-zLybFwNu/
2015-09-13,2016,0,hou,kc,0,-115,-106,0.049446827726348896,0.5096815834767643,,https://www.oddsportal.com/american-football/usa/nfl-2015-2016/houston-texans-kansas-city-chiefs-EBz2Ecxn/
2015-09-13,2016,0,jax,car,0,121,-149,0.050882262079994245,0.43057981289664354,,https://www.oddsportal.com/american-football/usa/nfl-2015-2016/jacksonville-jaguars-carolina-panthers-dzQ6DHih/
2015-09-13,2016,0,lar,sea,1,158,-196,0.049759061386968284,0.36922462828061076,,https://www.oddsportal.com/american-football/usa/nfl-2015-2016/los-angeles-rams-seattle-seahawks-2XSEBeM4/
2015-09-13,2016,0,nyj,cle,1,-192,154,0.0512350339769172,0.625487379437718,,https://www.oddsportal.com/american-football/usa/nfl-2015-2016/new-york-jets-cleveland-browns-8ATACy7b/
2015-09-13,2016,0,wsh,mia,0,167,-208,0.049856510530667864,0.3567457375833951,,https://www.oddsportal.com/american-football/usa/nfl-2015-2016/washington-commanders-miami-dolphins-tORIAFyB/
2015-09-10,2016,0,ne,pit,1,-385,289,0.05088384173005056,0.7553779033112249,,https://www.oddsportal.com/american-football/usa/nfl-2015-2016/new-england-patriots-pittsburgh-steelers-pddlezxO/
2014-12-28,2015,1,pit,cin,1,-173,140,0.05036630036630041,0.6033129904097646,0.35298389743822767,https://www.oddsportal.com/american-football/usa/nfl-2014-2015/pittsburgh-steelers-cincinnati-bengals-ppxwBgIk/
2014-12-28,2015,1,atl,car,0,-147,119,0.051762704971068274,0.5658516864992178,0.46751485987994224,https://www.oddsportal.com/american-football/usa/nfl-2014-2015/atlanta-falcons-carolina-panthers-nyymLwtc/
2014-12-28,2015,1,den,oak,1,-1539,788,0.05159979992194752,0.8929130524549634,0.9389752790901076,https://www.oddsportal.com/american-football/usa/nfl-2014-2015/denver-broncos-las-vegas-raiders-6aQo9Xn2/
2014-12-28,2015,1,gb,det,1,-435,316,0.05346872753414811,0.7718160880320737,0.5187991655633637,https://www.oddsportal.com/american-football/usa/nfl-2014-2015/green-bay-packers-detroit-lions-pWd4df3d/
2014-12-28,2015,1,sf,ari,1,-278,217,0.05090714869894675,0.6998237059860554,0.1992380789341228,https://www.oddsportal.com/american-football/usa/nfl-2014-2015/san-francisco-49ers-arizona-cardinals-Y5IXWzu9/
2014-12-28,2015,1,sea,lar,1,-744,481,0.05363362726464427,0.8366443181642228,0.856508307256006,https://www.oddsportal.com/american-football/usa/nfl-2014-2015/seattle-seahawks-los-angeles-rams-fFJTXGP2/
2014-12-28,2015,1,bal,cle,1,-1179,673,0.05118002320295911,0.8769324918428085,0.6828308052735663,https://www.oddsportal.com/american-football/usa/nfl-2014-2015/baltimore-ravens-cleveland-browns-jTX3HeuM/
2014-12-28,2015,1,hou,jax,1,-435,323,0.049490731534875376,0.7747415843876971,0.846171255086542,https://www.oddsportal.com/american-football/usa/nfl-2014-2015/houston-texans-jacksonville-jaguars-0vuiKce3/
2014-12-28,2015,1,kc,lac,1,-147,120,0.04968715495031284,0.5669705469845722,0.41769421131453954,https://www.oddsportal.com/american-football/usa/nfl-2014-2015/kansas-city-chiefs-los-angeles-chargers-MkyTFr4H/
2014-12-28,2015,1,mia,nyj,0,-309,237,0.05223712753839793,0.7179952148821303,0.8599698668510706,https://www.oddsportal.com/american-football/usa/nfl-2014-2015/miami-dolphins-new-york-jets-bFbdbGYq/
2014-12-28,2015,1,min,chi,1,-339,258,0.05153917613672521,0.734361196161247,0.5318470864725662,https://www.oddsportal.com/american-football/usa/nfl-2014-2015/minnesota-vikings-chicago-bears-f1veJHA9/
2014-12-28,2015,1,ne,buf,0,-225,179,0.0507306313757927,0.6588821831540278,0.8197194720270997,https://www.oddsportal.com/american-football/usa/nfl-2014-2015/new-england-patriots-buffalo-bills-YiwaIyQF/
2014-12-28,2015,1,nyg,phi,0,-107,-113,0.04742464448526906,0.4935039625828245,0.2660847255769898,https://www.oddsportal.com/american-football/usa/nfl-2014-2015/new-york-giants-philadelphia-eagles-S8RsADXe/
2014-12-28,2015,1,tb,no,0,189,-241,0.05276562928086537,0.32867786677461946,0.1591523375009177,https://www.oddsportal.com/american-football/usa/nfl-2014-2015/tampa-bay-buccaneers-new-orleans-saints-UJW7GFfS/
2014-12-28,2015,1,ten,ind,0,271,-358,0.05120116762202942,0.25641312745635936,0.038611836518801124,https://www.oddsportal.com/american-football/usa/nfl-2014-2015/tennessee-titans-indianapolis-colts-6ub0czlj/
2014-12-28,2015,1,wsh,dal,0,198,-251,0.05067018489837283,0.319387068008517,0.07733832143934412,https://www.oddsportal.com/american-football/usa/nfl-2014-2015/washington-commanders-dallas-cowboys-naJZBZ2q/
2014-12-22,2015,1,cin,den,1,161,-202,0.05201593463753773,0.36419767974723233,0.18887361840456213,https://www.oddsportal.com/american-football/usa/nfl-2014-2015/cincinnati-bengals-denver-broncos-vRoOGOlB/
2014-12-21,2015,1,ari,sea,0,342,-477,0.05293411858810981,0.2148703702324473,0.5949177998711901,https://www.oddsportal.com/american-football/usa/nfl-2014-2015/arizona-cardinals-seattle-seahawks-QNsKH4Z4/
2014-12-21,2015,1,dal,ind,1,-180,146,0.04936120789779341,0.612617598229109,0.4738886896858017,https://www.oddsportal.com/american-football/usa/nfl-2014-2015/dallas-cowboys-indianapolis-colts-W0rGIpKb/
2014-12-21,2015,1,oak,buf,1,225,-294,0.053885201093323065,0.2919599851796962,0.10894559010440157,https://www.oddsportal.com/american-football/usa/nfl-2014-2015/las-vegas-raiders-buffalo-bills-hAqCJQ4h/
2014-12-21,2015,1,lar,nyg,0,-290,224,0.052231718898385626,0.7066787003610108,0.7176471151649775,https://www.oddsportal.com/american-football/usa/nfl-2014-2015/los-angeles-rams-new-york-giants-zZl7K6kn/
2014-12-21,2015,1,car,cle,1,-260,203,0.05225522552255235,0.6863565081024569,0.4049671315719542,https://www.oddsportal.com/american-football/usa/nfl-2014-2015/carolina-panthers-cleveland-browns-8nBg1qkO/
2014-12-21,2015,1,chi,det,0,376,-527,0.05059440043960173,0.19996683165790682,0.16250634565830302,https://www.oddsportal.com/american-football/usa/nfl-2014-2015/chicago-bears-detroit-lions-v7Jx5Rka/
2014-12-21,2015,1,hou,bal,1,231,-298,0.05085852221834242,0.2874933183085569,0.3024542493906153,https://www.oddsportal.com/american-football/usa/nfl-2014-2015/houston-texans-baltimore-ravens-QNLl2PZH/
2014-12-21,2015,1,mia,min,1,-230,181,0.05284158309069342,0.6619891426815528,0.7306759397741106,https://www.oddsportal.com/american-football/usa/nfl-2014-2015/miami-dolphins-minnesota-vikings-IcIt4o55/
2014-12-21,2015,1,no,atl,0,-270,211,0.05127313808985834,0.6941390427378689,0.6198708363698349,https://www.oddsportal.com/american-football/usa/nfl-2014-2015/new-orleans-saints-atlanta-falcons-drUX57zg/
2014-12-21,2015,1,nyj,ne,0,348,-477,0.04990406041099282,0.2126044599036095,0.038791444935707284,https://www.oddsportal.com/american-football/usa/nfl-2014-2015/new-york-jets-new-england-patriots-nXMp35KB/
2014-12-21,2015,1,pit,kc,1,-146,119,0.05011693952555962,0.5651712800933291,0.3094227841512808,https://www.oddsportal.com/american-football/usa/nfl-2014-2015/pittsburgh-steelers-kansas-city-chiefs-drj3Lnzt/
2014-12-21,2015,1,tb,gb,0,488,-742,0.051303181605183656,0.16176877439980325,0.03245170381578485,https://www.oddsportal.com/american-football/usa/nfl-2014-2015/tampa-bay-buccaneers-green-bay-packers-KMEc034U/
2014-12-20,2015,1,sf,lac,0,-130,105,0.05302226935312815,0.5367573011077543,0.3603020774167516,https://www.oddsportal.com/american-football/usa/nfl-2014-2015/san-francisco-49ers-los-angeles-chargers-lIQP7T5t/
2014-12-20,2015,1,wsh,phi,1,244,-317,0.050889520941386435,0.27662058534773265,0.05733955049248699,https://www.oddsportal.com/american-football/usa/nfl-2014-2015/washington-commanders-philadelphia-eagles-ruQT6mLn/
2014-12-18,2015,1,jax,ten,1,-224,178,0.05107025490718531,0.6577657596755112,0.5448150053593951,https://www.oddsportal.com/american-football/usa/nfl-2014-2015/jacksonville-jaguars-tennessee-titans-n9vbC9cP/
2014-12-15,2015,1,chi,no,0,145,-178,0.048451035090295136,0.38930121831676234,0.5595353120933849,https://www.oddsportal.com/american-football/usa/nfl-2014-2015/chicago-bears-new-orleans-saints-06JNmQKO/
2014-12-14,2015,1,phi,dal,0,-182,146,0.051894135962636145,0.6135504028942609,0.5783868978666603,https://www.oddsportal.com/american-football/usa/nfl-2014-2015/philadelphia-eagles-dallas-cowboys-MFKJl65I/
2014-12-14,2015,1,det,min,1,-418,304,0.054474559425054636,0.7652624709976797,0.7834168274410636,https://www.oddsportal.com/american-football/usa/nfl-2014-2015/detroit-lions-minnesota-vikings-EketymyJ/
2014-12-14,2015,1,sea,sf,1,-500,357,0.05215171407731578,0.7920277296360486,0.726553992542198,https://www.oddsportal.com/american-football/usa/nfl-2014-2015/seattle-seahawks-san-francisco-49ers-ShLFknjC/
2014-12-14,2015,1,lac,den,0,168,-211,0.05159091999808041,0.3548284045271997,0.26033381904734454,https://www.oddsportal.com/american-football/usa/nfl-2014-2015/los-angeles-chargers-denver-broncos-EkHBjSz6/
2014-12-14,2015,1,ten,nyj,0,149,-187,0.05317436995368219,0.38132947132056927,0.32059382419923194,https://www.oddsportal.com/american-football/usa/nfl-2014-2015/tennessee-titans-new-york-jets-WQR6i8La/
2014-12-14,2015,1,atl,pit,0,127,-156,0.04990363436123335,0.41958958893332465,0.31628802698928077,https://www.oddsportal.com/american-football/usa/nfl-2014-2015/atlanta-falcons-pittsburgh-steelers-IN1Xx966/
2014-12-14,2015,1,bal,jax,1,-1053,619,0.05235178955063091,0.8678369155680778,0.9159214713779603,https://www.oddsportal.com/american-football/usa/nfl-2014-2015/baltimore-ravens-jacksonville-jaguars-pAPffAys/
2014-12-14,2015,1,buf,gb,1,151,-187,0.049974318752862956,0.3794439229477637,0.26426053540633065,https://www.oddsportal.com/american-football/usa/nfl-2014-2015/buffalo-bills-green-bay-packers-vX2Twki0/
2014-12-14,2015,1,car,tb,1,-187,151,0.049974318752862956,0.6205560770522364,0.7941293749954262,https://www.oddsportal.com/american-football/usa/nfl-2014-2015/carolina-panthers-tampa-bay-buccaneers-vTnSbjTP/
2014-12-14,2015,1,cle,cin,0,-129,105,0.051123655341356766,0.5359205593271862,0.3083151360122511,https://www.oddsportal.com/american-football/usa/nfl-2014-2015/cleveland-browns-cincinnati-bengals-pA3PvVyf/
2014-12-14,2015,1,ind,hou,1,-323,247,0.05177781865500308,0.7260025521275286,0.7592427675429249,https://www.oddsportal.com/american-football/usa/nfl-2014-2015/indianapolis-colts-houston-texans-zadxxTLC/
2014-12-14,2015,1,kc,oak,1,-625,431,0.05039288265471775,0.8207109737248841,0.89595337960871,https://www.oddsportal.com/american-football/usa/nfl-2014-2015/kansas-city-chiefs-las-vegas-raiders-ShqOaWDJ/
2014-12-14,2015,1,ne,mia,1,-465,336,0.05236664772265964,0.7820552383891375,0.7754138145541366,https://www.oddsportal.com/american-football/usa/nfl-2014-2015/new-england-patriots-miami-dolphins-O0ObgUjm/
2014-12-14,2015,1,nyg,wsh,1,-303,236,0.04948008980267038,0.7164128690854843,0.6802159895835149,https://www.oddsportal.com/american-football/usa/nfl-2014-2015/new-york-giants-washington-commanders-hzT2hl6g/
2014-12-11,2015,1,lar,ari,0,-263,209,0.04814250180534385,0.6912398887442904,0.17046048556733162,https://www.oddsportal.com/american-football/usa/nfl-2014-2015/los-angeles-rams-arizona-cardinals-W6aLuBMm/
2014-12-08,2015,1,gb,atl,1,-834,551,0.04654344987286896,0.8532217357551223,0.9015626348810464,https://www.oddsportal.com/american-football/usa/nfl-2014-2015/green-bay-packers-atlanta-falcons-lrAGti7s/
2014-12-07,2015,1,lac,ne,0,164,-206,0.05199049316696369,0.36006777746399327,0.3453294096742324,https://www.oddsportal.com/american-football/usa/nfl-2014-2015/los-angeles-chargers-new-england-patriots-nZNloXbQ/
2014-12-07,2015,1,oak,sf,1,331,-445,0.04853232295280874,0.22127936011693292,0.05079943569328689,https://www.oddsportal.com/american-football/usa/nfl-2014-2015/las-vegas-raiders-san-francisco-49ers-v9OpnDqK/
2014-12-07,2015,1,phi,sea,0,-109,-113,0.05204753240335158,0.4957295981551863,0.49986747565119133,https://www.oddsportal.com/american-football/usa/nfl-2014-2015/philadelphia-eagles-seattle-seahawks-0IPtmgUD/
2014-12-07,2015,1,ari,kc,1,101,-124,0.05108386638237383,0.47333276984194067,0.6621620625027104,https://www.oddsportal.com/american-football/usa/nfl-2014-2015/arizona-cardinals-kansas-city-chiefs-bDobO9iD/
2014-12-07,2015,1,den,buf,1,-513,369,0.050087479173695604,0.7969506156073098,0.7920293251867305,https://www.oddsportal.com/american-football/usa/nfl-2014-2015/denver-broncos-buffalo-bills-pAsfPkx7/
2014-12-07,2015,1,cin,pit,0,-163,132,0.050806345876491354,0.5898059766672905,0.7467550029891448,https://www.oddsportal.com/american-football/usa/nfl-2014-2015/cincinnati-bengals-pittsburgh-steelers-rPJ1nMw3/
2014-12-07,2015,1,cle,ind,0,137,-170,0.05157055789967191,0.4012483281319661,0.2694276264544244,https://www.oddsportal.com/american-football/usa/nfl-2014-2015/cleveland-browns-indianapolis-colts-4YKcm2Od/
2014-12-07,2015,1,det,tb,1,-572,404,0.04960317460317465,0.8109640831758034,0.9568017925453216,https://www.oddsportal.com/american-football/usa/nfl-2014-2015/detroit-lions-tampa-bay-buccaneers-OYR9p08F/
2014-12-07,2015,1,jax,hou,0,221,-286,0.05245912223782545,0.29599865036884804,0.18416214214966883,https://www.oddsportal.com/american-football/usa/nfl-2014-2015/jacksonville-jaguars-houston-texans-fLlsSihl/
2014-12-07,2015,1,mia,bal,0,-151,122,0.05204407594845839,0.5718331002012896,0.6906598149494563,https://www.oddsportal.com/american-football/usa/nfl-2014-2015/miami-dolphins-baltimore-ravens-Qm96otg9/
2014-12-07,2015,1,min,nyj,1,-232,184,0.0509078567792296,0.6649442919425158,0.7034037381683432,https://www.oddsportal.com/american-football/usa/nfl-2014-2015/minnesota-vikings-new-york-jets-GUkwTXxr/
2014-12-07,2015,1,no,car,0,-514,371,0.04944777554167801,0.7976895754117049,0.6749612814600939,https://www.oddsportal.com/american-football/usa/nfl-2014-2015/new-orleans-saints-carolina-panthers-jmrjQVM0/
2014-12-07,2015,1,ten,nyg,0,110,-135,0.050658561296859084,0.4532304725168756,0.2950763680244868,https://www.oddsportal.com/american-football/usa/nfl-2014-2015/tennessee-titans-new-york-giants-GIRFOIod/
2014-12-07,2015,1,wsh,lar,0,124,-153,0.05117165443252403,0.4246961659840193,0.1356778743416868,https://www.oddsportal.com/american-football/usa/nfl-2014-2015/washington-commanders-los-angeles-rams-CdqnRB7f/
2014-12-04,2015,1,chi,dal,0,155,-194,0.05202080832332934,0.3727653100038037,0.2970689800176266,https://www.oddsportal.com/american-football/usa/nfl-2014-2015/chicago-bears-dallas-cowboys-xSSBPbWk/
2014-12-01,2015,1,nyj,mia,0,234,-307,0.0537009519045446,0.2841424761585613,0.11477261289707064,https://www.oddsportal.com/american-football/usa/nfl-2014-2015/new-york-jets-miami-dolphins-f3w7QvHq/
2014-11-30,2015,1,kc,den,0,-103,-120,0.052843708016121926,0.4819225861335602,0.31833207904468375,https://www.oddsportal.com/american-football/usa/nfl-2014-2015/kansas-city-chiefs-denver-broncos-IsnuVK8S/
2014-11-30,2015,1,gb,ne,1,-167,135,0.05100007968762443,0.5951171430737736,0.2730564061644563,https://www.oddsportal.com/american-football/usa/nfl-2014-2015/green-bay-packers-new-england-patriots-OKnyW0gM/
2014-11-30,2015,1,atl,ari,1,111,-137,0.051992721019057386,0.4505103883513601,0.0293262220005047,https://www.oddsportal.com/american-football/usa/nfl-2014-2015/atlanta-falcons-arizona-cardinals-pUmXWtvG/
2014-11-30,2015,1,bal,lac,0,-282,219,0.05169951911240944,0.7019304296259304,0.3151663001240865,https://www.oddsportal.com/american-football/usa/nfl-2014-2015/baltimore-ravens-los-angeles-chargers-W4YRZrfc/
2014-11-30,2015,1,buf,cle,1,-169,137,0.0501937163741315,0.5982256209579854,0.6675363524094301,https://www.oddsportal.com/american-football/usa/nfl-2014-2015/buffalo-bills-cleveland-browns-roDBXhDT/
2014-11-30,2015,1,hou,ten,1,-323,247,0.05177781865500308,0.7260025521275286,0.8119901329417988,https://www.oddsportal.com/american-football/usa/nfl-2014-2015/houston-texans-tennessee-titans-QRXVY293/
2014-11-30,2015,1,ind,wsh,1,-466,340,0.05059428204304517,0.7836722213728788,0.9125158426222288,https://www.oddsportal.com/american-football/usa/nfl-2014-2015/indianapolis-colts-washington-commanders-zw5wTCLp/
2014-11-30,2015,1,jax,nyg,1,126,-156,0.05185287610619471,0.42066517681083215,0.13129030132159147,https://www.oddsportal.com/american-football/usa/nfl-2014-2015/jacksonville-jaguars-new-york-giants-4IWZXMO9/
2014-11-30,2015,1,lar,oak,1,-282,220,0.05071989528795795,0.7025848645281845,0.8876170585633679,https://www.oddsportal.com/american-football/usa/nfl-2014-2015/los-angeles-rams-las-vegas-raiders-4fE7YYcN/
2014-11-30,2015,1,min,car,1,-143,116,0.05144032921810693,0.5596868884540117,0.5634000144581583,https://www.oddsportal.com/american-football/usa/nfl-2014-2015/minnesota-vikings-carolina-panthers-MVO2ZErH/
2014-11-30,2015,1,pit,no,0,-206,166,0.04914246400314504,0.6416693990350837,0.6633951273651854,https://www.oddsportal.com/american-football/usa/nfl-2014-2015/pittsburgh-steelers-new-orleans-saints-ET3sSWzi/
2014-11-30,2015,1,tb,cin,0,178,-224,0.05107025490718531,0.34223424032448874,0.0496616193871055,https://www.oddsportal.com/american-football/usa/nfl-2014-2015/tampa-bay-buccaneers-cincinnati-bengals-I1UNzPvi/
2014-11-27,2015,1,sf,sea,0,-119,-104,0.053182917002417396,0.5159398112726346,0.5051853653161236,https://www.oddsportal.com/american-football/usa/nfl-2014-2015/san-francisco-49ers-seattle-seahawks-AeLbzeTA/
2014-11-27,2015,1,dal,phi,0,-174,141,0.04997425568646463,0.6048114921971903,0.46930784571854844,https://www.oddsportal.com/american-football/usa/nfl-2014-2015/dallas-cowboys-philadelphia-eagles-GYLfyyE4/
2014-11-27,2015,1,det,chi,1,-351,265,0.05224311271755311,0.7396299396703518,0.7327048488536475,https://www.oddsportal.com/american-football/usa/nfl-2014-2015/detroit-lions-chicago-bears-xrNjxHbb/
2014-11-24,2015,1,no,bal,0,-145,112,0.06353484790142483,0.5564808110065169,0.3534380699051072,https://www.oddsportal.com/american-football/usa/nfl-2014-2015/new-orleans-saints-baltimore-ravens-K6Sowcqh/
2014-11-24,2015,1,buf,nyj,1,-175,142,0.04958677685950419,0.6062992125984251,0.812941643195619,https://www.oddsportal.com/american-football/usa/nfl-2014-2015/buffalo-bills-new-york-jets-6Lg5QJan/
2014-11-23,2015,1,nyg,dal,0,168,-217,0.05767691510899753,0.35278668091168097,0.18906128068211578,https://www.oddsportal.com/american-football/usa/nfl-2014-2015/new-york-giants-dallas-cowboys-tGTsvwUo/
2014-11-23,2015,1,den,mia,1,-303,224,0.06050301749226472,0.7089664336472355,0.7195575760457895,https://www.oddsportal.com/american-football/usa/nfl-2014-2015/denver-broncos-miami-dolphins-SCu0Fgio/
2014-11-23,2015,1,sf,wsh,1,-500,345,0.05805243445692887,0.7876106194690266,0.9372540951052063,https://www.oddsportal.com/american-football/usa/nfl-2014-2015/san-francisco-49ers-washington-commanders-jilYJZrU/
2014-11-23,2015,1,lac,lar,1,-227,174,0.059153106096118346,0.655419503045375,0.5733761452384621,https://www.oddsportal.com/american-football/usa/nfl-2014-2015/los-angeles-chargers-los-angeles-rams-Uy0PLeEH/
2014-11-23,2015,1,sea,ari,1,-385,277,0.05906642237961113,0.749541687107852,0.09335097858981364,https://www.oddsportal.com/american-football/usa/nfl-2014-2015/seattle-seahawks-arizona-cardinals-8SbTKFTN/
2014-11-23,2015,1,chi,tb,1,-233,185,0.050576892682155705,0.6660147434933054,0.8574003547514598,https://www.oddsportal.com/american-football/usa/nfl-2014-2015/chicago-bears-tampa-bay-buccaneers-l4Pj7daO/
2014-11-23,2015,1,atl,cle,0,-161,130,0.051640846243544924,0.5865674006019325,0.34263929878578364,https://www.oddsportal.com/american-football/usa/nfl-2014-2015/atlanta-falcons-cleveland-browns-SfOf6GEU/
2014-11-23,2015,1,hou,cin,0,-139,113,0.05107352623411332,0.5533294709103481,0.32100680822186756,https://www.oddsportal.com/american-football/usa/nfl-2014-2015/houston-texans-cincinnati-bengals-EocDOcUb/
2014-11-23,2015,1,ind,jax,1,-1053,633,0.0496953791579946,0.8700331060509565,0.9577116029618542,https://www.oddsportal.com/american-football/usa/nfl-2014-2015/indianapolis-colts-jacksonville-jaguars-SUf1Rapt/
2014-11-23,2015,1,min,gb,0,319,-435,0.05174759663640627,0.2269208745997073,0.1742062689884319,https://www.oddsportal.com/american-football/usa/nfl-2014-2015/minnesota-vikings-green-bay-packers-0rg9PwFh/
2014-11-23,2015,1,ne,det,1,-345,263,0.050762992540316354,0.7378266120717589,0.6821293994031794,https://www.oddsportal.com/american-football/usa/nfl-2014-2015/new-england-patriots-detroit-lions-z1oMMyaB/
2014-11-23,2015,1,phi,ten,1,-714,477,0.05046010245317012,0.8350149378367093,0.9543345575576445,https://www.oddsportal.com/american-football/usa/nfl-2014-2015/philadelphia-eagles-tennessee-titans-dAnINHq5/
2014-11-20,2015,1,oak,kc,1,287,-378,0.04919291189603525,0.24628257576538237,0.0,https://www.oddsportal.com/american-football/usa/nfl-2014-2015/las-vegas-raiders-kansas-city-chiefs-fsQn8xpI/
2014-11-17,2015,1,ten,pit,0,217,-278,0.05090714869894675,0.3001762940139447,0.19119972622226533,https://www.oddsportal.com/american-football/usa/nfl-2014-2015/tennessee-titans-pittsburgh-steelers-r7Mr9IUB/
2014-11-16,2015,1,ind,ne,0,-165,132,0.0536759921925829,0.5909231244211176,0.303798955698728,https://www.oddsportal.com/american-football/usa/nfl-2014-2015/indianapolis-colts-new-england-patriots-0rXwAbF5/
2014-11-16,2015,1,ari,det,1,-103,-120,0.052843708016121926,0.4819225861335602,0.8831995473755715,https://www.oddsportal.com/american-football/usa/nfl-2014-2015/arizona-cardinals-detroit-lions-MiYZAv0a/
2014-11-16,2015,1,gb,phi,1,-230,182,0.05157962604771127,0.6627835683629675,0.2409554245054133,https://www.oddsportal.com/american-football/usa/nfl-2014-2015/green-bay-packers-philadelphia-eagles-046bBmfr/
2014-11-16,2015,1,lac,oak,1,-625,430,0.05074821080026015,0.8204334365325078,1.0,https://www.oddsportal.com/american-football/usa/nfl-2014-2015/los-angeles-chargers-las-vegas-raiders-hITVBKpg/
2014-11-16,2015,1,car,atl,0,108,-132,0.049734748010610064,0.45799115603284907,0.6717375213303806,https://www.oddsportal.com/american-football/usa/nfl-2014-2015/carolina-panthers-atlanta-falcons-W2uNDtGt/
2014-11-16,2015,1,chi,min,1,-129,105,0.051123655341356766,0.5359205593271862,0.43305457059590113,https://www.oddsportal.com/american-football/usa/nfl-2014-2015/chicago-bears-minnesota-vikings-8U969ROf/
2014-11-16,2015,1,cle,hou,0,-217,173,0.05084295305115494,0.651422350754885,0.5702254675039827,https://www.oddsportal.com/american-football/usa/nfl-2014-2015/cleveland-browns-houston-texans-E7A2A79l/
2014-11-16,2015,1,kc,sea,1,-117,-104,0.04897442848106981,0.5139977603583427,0.6125427761324981,https://www.oddsportal.com/american-football/usa/nfl-2014-2015/kansas-city-chiefs-seattle-seahawks-SWP775g7/
2014-11-16,2015,1,lar,den,1,339,-465,0.05079928235934439,0.2167782531125904,0.08399155563959909,https://www.oddsportal.com/american-football/usa/nfl-2014-2015/los-angeles-rams-denver-broncos-nL8A8ov1/
2014-11-16,2015,1,no,cin,0,-385,292,0.04891647380601727,0.756794704643466,0.32541807268225476,https://www.oddsportal.com/american-football/usa/nfl-2014-2015/new-orleans-saints-cincinnati-bengals-6NOB6P8D/
2014-11-16,2015,1,nyg,sf,0,168,-210,0.050553683196918664,0.3551787351054079,0.17989888366337659,https://www.oddsportal.com/american-football/usa/nfl-2014-2015/new-york-giants-san-francisco-49ers-ERURC0Vn/
2014-11-16,2015,1,wsh,tb,0,-328,249,0.052888091476314125,0.7278600132254947,0.8717029657029876,https://www.oddsportal.com/american-football/usa/nfl-2014-2015/washington-commanders-tampa-bay-buccaneers-KQCgV8oE/
2014-11-13,2015,1,mia,buf,1,-208,167,0.049856510530667864,0.6432542624166049,0.4864889699453215,https://www.oddsportal.com/american-football/usa/nfl-2014-2015/miami-dolphins-buffalo-bills-fNTVFToR/
2014-11-10,2015,1,phi,car,1,-345,262,0.051523992799056506,0.7372926382903359,0.916173029428048,https://www.oddsportal.com/american-football/usa/nfl-2014-2015/philadelphia-eagles-carolina-panthers-GWURG9WK/
2014-11-09,2015,1,gb,chi,1,-465,334,0.05342359610130076,0.781270566373737,0.7490302057834008,https://www.oddsportal.com/american-football/usa/nfl-2014-2015/green-bay-packers-chicago-bears-ncQNHkHE/
2014-11-09,2015,1,ari,lar,1,-339,258,0.05153917613672521,0.734361196161247,0.9504489289783838,https://www.oddsportal.com/american-football/usa/nfl-2014-2015/arizona-cardinals-los-angeles-rams-86RJIV18/
2014-11-09,2015,1,sea,nyg,1,-513,365,0.051921626409864974,0.7955610398705999,0.6843946290524966,https://www.oddsportal.com/american-football/usa/nfl-2014-2015/seattle-seahawks-new-york-giants-61myfnP7/
2014-11-09,2015,1,oak,den,0,505,-772,0.050610357115778326,0.15732688629884892,0.0,https://www.oddsportal.com/american-football/usa/nfl-2014-2015/las-vegas-raiders-denver-broncos-8GUXfS91/
2014-11-09,2015,1,bal,ten,1,-607,420,0.05086497660755085,0.8170005694466015,0.8033508498450446,https://www.oddsportal.com/american-football/usa/nfl-2014-2015/baltimore-ravens-tennessee-titans-IRyLcUPr/
2014-11-09,2015,1,buf,kc,0,-124,101,0.05108386638237383,0.5266672301580594,0.38892032326766696,https://www.oddsportal.com/american-football/usa/nfl-2014-2015/buffalo-bills-kansas-city-chiefs-8hno4WnF/
2014-11-09,2015,1,det,mia,1,-151,122,0.05204407594845839,0.5718331002012896,0.5174761392334615,https://www.oddsportal.com/american-football/usa/nfl-2014-2015/detroit-lions-miami-dolphins-GIkg2AHR/
2014-11-09,2015,1,jax,dal,0,265,-351,0.05224311271755311,0.2603700603296481,0.04898069387941985,https://www.oddsportal.com/american-football/usa/nfl-2014-2015/jacksonville-jaguars-dallas-cowboys-z3WPdluk/
2014-11-09,2015,1,no,sf,0,-263,205,0.05238675879510457,0.6884521306269579,0.2141574305100862,https://www.oddsportal.com/american-football/usa/nfl-2014-2015/new-orleans-saints-san-francisco-49ers-QTdt5CX8/
2014-11-09,2015,1,nyj,pit,1,163,-204,0.05128076846107654,0.36168086422690715,0.0011528045736618271,https://www.oddsportal.com/american-football/usa/nfl-2014-2015/new-york-jets-pittsburgh-steelers-Mejk3j2L/
2014-11-09,2015,1,tb,atl,0,144,-178,0.05012383535794318,0.39027403414195866,0.31374548190474993,https://www.oddsportal.com/american-football/usa/nfl-2014-2015/tampa-bay-buccaneers-atlanta-falcons-EgVTe8fe/
2014-11-06,2015,1,cin,cle,0,-286,221,0.05245912223782545,0.7040013496311519,0.7993109986290133,https://www.oddsportal.com/american-football/usa/nfl-2014-2015/cincinnati-bengals-cleveland-browns-nwbx6hI2/
2014-11-03,2015,1,nyg,ind,0,135,-168,0.05239758653540805,0.4043452021726011,0.2969518058122513,https://www.oddsportal.com/american-football/usa/nfl-2014-2015/new-york-giants-indianapolis-colts-KW9fs9u2/
2014-11-02,2015,1,pit,bal,1,-134,104,0.0628456510809452,0.5387890255439924,0.4173780312545487,https://www.oddsportal.com/american-football/usa/nfl-2014-2015/pittsburgh-steelers-baltimore-ravens-ttBjrkQe/
2014-11-02,2015,1,ne,den,1,126,-156,0.05185287610619471,0.42066517681083215,0.06751359794788575,https://www.oddsportal.com/american-football/usa/nfl-2014-2015/new-england-patriots-denver-broncos-bHLoqVAk/
2014-11-02,2015,1,sea,oak,1,-910,552,0.05436433213873526,0.8545339324807006,1.0,https://www.oddsportal.com/american-football/usa/nfl-2014-2015/seattle-seahawks-las-vegas-raiders-pEHspBeq/
2014-11-02,2015,1,sf,lar,0,-625,427,0.05182228620035323,0.8195956454121307,0.9306608800734242,https://www.oddsportal.com/american-football/usa/nfl-2014-2015/san-francisco-49ers-los-angeles-rams-SYUFlimS/
2014-11-02,2015,1,cin,jax,1,-527,370,0.0532763242729648,0.7979960694610007,0.9435173822620102,https://www.oddsportal.com/american-football/usa/nfl-2014-2015/cincinnati-bengals-jacksonville-jaguars-pEeCUVed/
2014-11-02,2015,0,cle,tb,1,-323,247,0.05177781865500308,0.7260025521275286,0.891157620579199,https://www.oddsportal.com/american-football/usa/nfl-2014-2015/cleveland-browns-tampa-bay-buccaneers-bgwahZm3/
2014-11-02,2015,0,dal,ari,0,-122,-100,0.04954954954954971,0.5236051502145922,0.10295222895791173,https://www.oddsportal.com/american-football/usa/nfl-2014-2015/dallas-cowboys-arizona-cardinals-6Nd8VBtj/
2014-11-02,2015,0,hou,phi,0,105,-130,0.05302226935312815,0.4632426988922458,0.12562301311764312,https://www.oddsportal.com/american-football/usa/nfl-2014-2015/houston-texans-philadelphia-eagles-hGx3ig39/
2014-11-02,2015,0,kc,nyj,1,-435,322,0.05005093679408246,0.7743282574766946,0.9994149875521543,https://www.oddsportal.com/american-football/usa/nfl-2014-2015/kansas-city-chiefs-new-york-jets-nJZfgFYd/
2014-11-02,2015,0,mia,lac,1,-148,120,0.0513196480938416,0.5676429567642958,0.2086867215251764,https://www.oddsportal.com/american-football/usa/nfl-2014-2015/miami-dolphins-los-angeles-chargers-lrWBkXXL/
2014-11-02,2015,0,min,wsh,1,-114,-108,0.05194104960460111,0.5064069707842132,0.28415270026901096,https://www.oddsportal.com/american-football/usa/nfl-2014-2015/minnesota-vikings-washington-commanders-W6y7jDIF/
2014-10-30,2015,0,car,no,0,145,-180,0.05102040816326525,0.38834951456310685,0.6260777001605556,https://www.oddsportal.com/american-football/usa/nfl-2014-2015/carolina-panthers-new-orleans-saints-xlh4WiRq/
2014-10-27,2015,0,dal,wsh,0,-477,346,0.05090502133347852,0.7866455654077399,0.9651747957542571,https://www.oddsportal.com/american-football/usa/nfl-2014-2015/dallas-cowboys-washington-commanders-zu6xyYIS/
2014-10-26,2015,0,no,gb,1,-129,105,0.051123655341356766,0.5359205593271862,0.0798547786454581,https://www.oddsportal.com/american-football/usa/nfl-2014-2015/new-orleans-saints-green-bay-packers-hGGXyE3M/
2014-10-26,2015,0,pit,ind,1,180,-230,0.05411255411255422,0.3388090349075975,0.07054391311330552,https://www.oddsportal.com/american-football/usa/nfl-2014-2015/pittsburgh-steelers-indianapolis-colts-pjDPwzZ9/
2014-10-26,2015,0,cle,oak,1,-298,231,0.05085852221834242,0.7125066816914432,1.0,https://www.oddsportal.com/american-football/usa/nfl-2014-2015/cleveland-browns-las-vegas-raiders-vDCTxflG/
2014-10-26,2015,0,ari,phi,1,-114,-108,0.05194104960460111,0.5064069707842132,0.6911689936027002,https://www.oddsportal.com/american-football/usa/nfl-2014-2015/arizona-cardinals-philadelphia-eagles-6aELvGJ3/
2014-10-26,2015,0,car,sea,0,207,-259,0.04718136698937503,0.31105681335724744,0.22714719644524897,https://www.oddsportal.com/american-football/usa/nfl-2014-2015/carolina-panthers-seattle-seahawks-nqewIhCj/
2014-10-26,2015,0,cin,bal,1,121,-152,0.05566329095740863,0.4286297455436114,0.4828799725107115,https://www.oddsportal.com/american-football/usa/nfl-2014-2015/cincinnati-bengals-baltimore-ravens-pIZdxNc5/
2014-10-26,2015,0,jax,mia,0,257,-333,0.04916516260083714,0.26698565183344536,0.11701996824277597,https://www.oddsportal.com/american-football/usa/nfl-2014-2015/jacksonville-jaguars-miami-dolphins-YuiZIYdp/
2014-10-26,2015,0,kc,lar,1,-370,279,0.051086285297254896,0.7489718528013672,0.8129347413979866,https://www.oddsportal.com/american-football/usa/nfl-2014-2015/kansas-city-chiefs-los-angeles-rams-hrw5z1SH/
2014-10-26,2015,0,ne,chi,1,-278,216,0.05190543165226713,0.699159556857252,0.7926861786846361,https://www.oddsportal.com/american-football/usa/nfl-2014-2015/new-england-patriots-chicago-bears-Eiv1ysDB/
2014-10-26,2015,0,nyj,buf,0,-150,121,0.052488687782805465,0.5700773860705073,0.0020107911843182304,https://www.oddsportal.com/american-football/usa/nfl-2014-2015/new-york-jets-buffalo-bills-vwrPud4c/
2014-10-26,2015,0,tb,min,0,-127,103,0.05208220307719014,0.5317753346671893,0.2402869344465656,https://www.oddsportal.com/american-football/usa/nfl-2014-2015/tampa-bay-buccaneers-minnesota-vikings-0nqLtxki/
2014-10-26,2015,0,ten,hou,0,150,-187,0.05156794425087119,0.38038436050364477,0.3400051420211484,https://www.oddsportal.com/american-football/usa/nfl-2014-2015/tennessee-titans-houston-texans-6Rzgw3ra/
2014-10-26,2015,0,atl,det,0,148,-185,0.052348613469156646,0.38316751815004035,0.08635872111578383,https://www.oddsportal.com/american-football/usa/nfl-2014-2015/atlanta-falcons-detroit-lions-O2olvqTh/
2014-10-23,2015,0,den,lac,1,-402,295,0.05396136971102927,0.7597971194794009,0.8926578446086912,https://www.oddsportal.com/american-football/usa/nfl-2014-2015/denver-broncos-los-angeles-chargers-CSspuPDn/
2014-10-20,2015,0,pit,hou,1,-152,123,0.051605096448145815,0.5735751996751048,0.16005062750559182,https://www.oddsportal.com/american-football/usa/nfl-2014-2015/pittsburgh-steelers-houston-texans-I5rtt5bt/
2014-10-19,2015,0,den,sf,1,-303,234,0.051262239788413266,0.7151983717544628,0.7629469521663031,https://www.oddsportal.com/american-football/usa/nfl-2014-2015/denver-broncos-san-francisco-49ers-GddEpojP/
2014-10-19,2015,0,dal,nyg,1,-235,184,0.053605213369770865,0.6658020750199521,0.9346734088087789,https://www.oddsportal.com/american-football/usa/nfl-2014-2015/dallas-cowboys-new-york-giants-vuDVL1DO/
2014-10-19,2015,0,oak,ari,0,148,-184,0.051113130395274986,0.3836178949643397,0.0,https://www.oddsportal.com/american-football/usa/nfl-2014-2015/las-vegas-raiders-arizona-cardinals-0lERMsbI/
2014-10-19,2015,0,lac,kc,0,-168,135,0.05239758653540805,0.5956547978273989,0.9600901570577524,https://www.oddsportal.com/american-football/usa/nfl-2014-2015/los-angeles-chargers-kansas-city-chiefs-6RENNNrC/
2014-10-19,2015,0,bal,atl,1,-294,230,0.04922319643131834,0.7111860431021844,0.9417154536522704,https://www.oddsportal.com/american-football/usa/nfl-2014-2015/baltimore-ravens-atlanta-falcons-OrN6R5qm/
2014-10-19,2015,0,buf,min,1,-290,228,0.048467792370231466,0.7092156277960036,0.8870763904199144,https://www.oddsportal.com/american-football/usa/nfl-2014-2015/buffalo-bills-minnesota-vikings-Q7sWX76J/
2014-10-19,2015,0,chi,mia,0,-173,139,0.052109675540637834,0.6023132839017,0.6275056356325663,https://www.oddsportal.com/american-football/usa/nfl-2014-2015/chicago-bears-miami-dolphins-C4gl9OTI/
2014-10-19,2015,0,det,no,1,-116,-106,0.05160014383315348,0.510685587279877,0.8926665900414916,https://www.oddsportal.com/american-football/usa/nfl-2014-2015/detroit-lions-new-orleans-saints-phO2SoUt/
2014-10-19,2015,0,gb,car,1,-298,232,0.04994853787007325,0.7131242071272057,0.6034834165104228,https://www.oddsportal.com/american-football/usa/nfl-2014-2015/green-bay-packers-carolina-panthers-YDfpA4EC/
2014-10-19,2015,0,ind,cin,1,-184,147,0.05274562353880374,0.6154262810096414,0.6772240297780047,https://www.oddsportal.com/american-football/usa/nfl-2014-2015/indianapolis-colts-cincinnati-bengals-vBozXRLP/
2014-10-19,2015,0,jax,cle,1,170,-215,0.05291005291005302,0.3517587939698492,0.0,https://www.oddsportal.com/american-football/usa/nfl-2014-2015/jacksonville-jaguars-cleveland-browns-W8MAQPbg/
2014-10-19,2015,0,lar,sea,1,234,-303,0.051262239788413266,0.2848016282455371,0.00588203384343402,https://www.oddsportal.com/american-football/usa/nfl-2014-2015/los-angeles-rams-seattle-seahawks-hOAJO3T5/
2014-10-19,2015,0,wsh,ten,1,-274,214,0.05109165843523278,0.697008976311611,0.00831975672999394,https://www.oddsportal.com/american-football/usa/nfl-2014-2015/washington-commanders-tennessee-titans-AaLEPqEa/
2014-10-16,2015,0,ne,nyj,1,-527,372,0.052374773605817326,0.7986796984369582,0.9968516166599893,https://www.oddsportal.com/american-football/usa/nfl-2014-2015/new-england-patriots-new-york-jets-Gx0uBpa6/
2014-10-13,2015,0,lar,sf,0,156,-194,0.05048894557823136,0.3718506526358393,0.00753092261409332,https://www.oddsportal.com/american-football/usa/nfl-2014-2015/los-angeles-rams-san-francisco-49ers-xn1yCQq0/
2014-10-12,2015,0,phi,nyg,1,-127,104,0.04966744407013901,0.5329986833443056,0.7998429423191952,https://www.oddsportal.com/american-football/usa/nfl-2014-2015/philadelphia-eagles-new-york-giants-rP1XC6Ug/
2014-10-12,2015,0,ari,wsh,1,-241,190,0.05157245424208723,0.6720838542167517,0.9999561496584278,https://www.oddsportal.com/american-football/usa/nfl-2014-2015/arizona-cardinals-washington-commanders-pvqUDnFm/
2014-10-12,2015,0,atl,chi,0,-183,146,0.05314717458128637,0.6140102021331734,0.22084970511433555,https://www.oddsportal.com/american-football/usa/nfl-2014-2015/atlanta-falcons-chicago-bears-MuKaGKJl/
2014-10-12,2015,0,sea,dal,0,-478,348,0.05020390509144845,0.7874562409907921,0.9703066245024994,https://www.oddsportal.com/american-football/usa/nfl-2014-2015/seattle-seahawks-dallas-cowboys-2FgPESas/
2014-10-12,2015,0,oak,lac,0,282,-377,0.052136498842020984,0.2488081204293896,0.0,https://www.oddsportal.com/american-football/usa/nfl-2014-2015/las-vegas-raiders-los-angeles-chargers-067cJ8iQ/
2014-10-12,2015,0,buf,ne,0,-120,-101,0.047942107643600185,0.5205006473888649,0.8035028676379952,https://www.oddsportal.com/american-football/usa/nfl-2014-2015/buffalo-bills-new-england-patriots-rkLeH04r/
2014-10-12,2015,0,cle,pit,1,-134,108,0.05341880341880345,0.5436105476673427,0.46623322935176054,https://www.oddsportal.com/american-football/usa/nfl-2014-2015/cleveland-browns-pittsburgh-steelers-Q9YTLtdR/
2014-10-12,2015,0,mia,gb,0,105,-129,0.051123655341356766,0.4640794406728139,0.28413623456294984,https://www.oddsportal.com/american-football/usa/nfl-2014-2015/miami-dolphins-green-bay-packers-WW2gKlxK/
2014-10-12,2015,0,min,det,0,-120,-101,0.047942107643600185,0.5205006473888649,0.10397531801643478,https://www.oddsportal.com/american-football/usa/nfl-2014-2015/minnesota-vikings-detroit-lions-ht4kLUMD/
2014-10-12,2015,0,nyj,den,0,343,-466,0.049055189081830486,0.21517803511279737,3.108868730145542e-05,https://www.oddsportal.com/american-football/usa/nfl-2014-2015/new-york-jets-denver-broncos-l8w9CxJD/
2014-10-12,2015,0,tb,bal,0,141,-173,0.048637393035733334,0.3956923166118302,0.027790371590917875,https://www.oddsportal.com/american-football/usa/nfl-2014-2015/tampa-bay-buccaneers-baltimore-ravens-z5Z4DI37/
2014-10-12,2015,0,ten,jax,1,-219,174,0.05148387982518354,0.6529062302787632,1.0,https://www.oddsportal.com/american-football/usa/nfl-2014-2015/tennessee-titans-jacksonville-jaguars-2iycFvZf/
2014-10-09,2015,0,hou,ind,0,115,-141,0.05017851973366794,0.44289258476523014,0.2995028533408543,https://www.oddsportal.com/american-football/usa/nfl-2014-2015/houston-texans-indianapolis-colts-C6UPMMtL/
2014-10-06,2015,0,wsh,sea,0,243,-317,0.05173703602715496,0.2772035019377655,6.033697017026179e-05,https://www.oddsportal.com/american-football/usa/nfl-2014-2015/washington-commanders-seattle-seahawks-UsuLN2RE/
2014-10-05,2015,0,ne,cin,1,116,-143,0.05144032921810693,0.4403131115459883,7.549067449051074e-05,https://www.oddsportal.com/american-football/usa/nfl-2014-2015/new-england-patriots-cincinnati-bengals-jitHOrC8/
2014-10-05,2015,0,lac,nyj,1,-317,237,0.05692775156729213,0.7192467464266238,0.9999797857556527,https://www.oddsportal.com/american-football/usa/nfl-2014-2015/los-angeles-chargers-new-york-jets-2ymZaaZ7/
2014-10-05,2015,0,sf,kc,1,-222,177,0.050451824113729504,0.6563280466198477,0.9048216060488096,https://www.oddsportal.com/american-football/usa/nfl-2014-2015/san-francisco-49ers-kansas-city-chiefs-OplV0uK1/
2014-10-05,2015,0,den,ari,1,-409,302,0.052292564681504006,0.7636054579737876,0.0012069935592899108,https://www.oddsportal.com/american-football/usa/nfl-2014-2015/denver-broncos-arizona-cardinals-tMbQ1L4e/
2014-10-05,2015,0,dal,hou,1,-238,187,0.052574067583448514,0.6689714610306936,0.2408605839164913,https://www.oddsportal.com/american-football/usa/nfl-2014-2015/dallas-cowboys-houston-texans-f7yYOi6i/
2014-10-05,2015,0,det,buf,0,-224,181,0.04722991081235439,0.6601778821949992,0.7400769819468105,https://www.oddsportal.com/american-football/usa/nfl-2014-2015/detroit-lions-buffalo-bills-h2ck08Tj/
2014-10-05,2015,0,ind,bal,1,-138,113,0.04931550084822667,0.5525811181712224,0.009380406780757923,https://www.oddsportal.com/american-football/usa/nfl-2014-2015/indianapolis-colts-baltimore-ravens-EBbo1lEp/
2014-10-05,2015,0,car,chi,1,-131,107,0.050191354539180555,0.5399964155564849,0.6562605724941686,https://www.oddsportal.com/american-football/usa/nfl-2014-2015/carolina-panthers-chicago-bears-baYlL95G/
2014-10-05,2015,0,jax,pit,0,202,-250,0.045411542100283864,0.3167420814479638,0.0,https://www.oddsportal.com/american-football/usa/nfl-2014-2015/jacksonville-jaguars-pittsburgh-steelers-tOwpMkjA/
2014-10-05,2015,0,no,tb,1,-646,440,0.0511369278125311,0.8238239183827697,0.43387965160827596,https://www.oddsportal.com/american-football/usa/nfl-2014-2015/new-orleans-saints-tampa-bay-buccaneers-8AuxOBLc/
2014-10-05,2015,0,nyg,atl,1,-215,167,0.05707151774567509,0.6456892188290873,0.9677336897364074,https://www.oddsportal.com/american-football/usa/nfl-2014-2015/new-york-giants-atlanta-falcons-UoeM21kk/
2014-10-05,2015,0,phi,lar,1,-222,175,0.05307735742518349,0.6546916890080429,0.9347070608778207,https://www.oddsportal.com/american-football/usa/nfl-2014-2015/philadelphia-eagles-los-angeles-rams-zPeI3szq/
2014-10-05,2015,0,ten,cle,0,-104,-120,0.05525846702317283,0.4831081081081081,0.48147235054430604,https://www.oddsportal.com/american-football/usa/nfl-2014-2015/tennessee-titans-cleveland-browns-2XvtNVz4/
2014-10-02,2015,0,gb,min,1,-477,337,0.05552272664178726,0.7832041450465717,0.9630647783504888,https://www.oddsportal.com/american-football/usa/nfl-2014-2015/green-bay-packers-minnesota-vikings-dIdK5U5T/
2014-09-29,2015,0,kc,ne,1,120,-153,0.059288537549406994,0.4291044776119403,0.5040734688781883,https://www.oddsportal.com/american-football/usa/nfl-2014-2015/kansas-city-chiefs-new-england-patriots-IRcG6AjN/
2014-09-28,2015,0,dal,no,1,119,-153,0.06136408757016243,0.43022089207067193,0.9791801599149077,https://www.oddsportal.com/american-football/usa/nfl-2014-2015/dallas-cowboys-new-orleans-saints-z38B7jyH/
2014-09-28,2015,0,min,atl,1,178,-223,0.05011470699601306,0.3425456550787961,3.60411062162567e-05,https://www.oddsportal.com/american-football/usa/nfl-2014-2015/minnesota-vikings-atlanta-falcons-Ma478WLA/
2014-09-28,2015,0,sf,phi,1,-206,162,0.05488200369206209,0.6381781204181053,0.3716345986933437,https://www.oddsportal.com/american-football/usa/nfl-2014-2015/san-francisco-49ers-philadelphia-eagles-Sx539C64/
2014-09-28,2015,0,lac,jax,1,-834,530,0.051663777573841774,0.8490675802333474,1.0,https://www.oddsportal.com/american-football/usa/nfl-2014-2015/los-angeles-chargers-jacksonville-jaguars-ln6aAhib/
2014-09-28,2015,0,bal,car,1,-167,134,0.05281859214443485,0.5940892091580772,0.9766796474184122,https://www.oddsportal.com/american-football/usa/nfl-2014-2015/baltimore-ravens-carolina-panthers-hKCjCEMo/
2014-09-28,2015,0,chi,gb,0,101,-122,0.04706198736049494,0.47515089251316295,0.9969739099090124,https://www.oddsportal.com/american-football/usa/nfl-2014-2015/chicago-bears-green-bay-packers-r9qYgX6H/
2014-09-28,2015,0,hou,buf,1,-138,111,0.05376558206220894,0.5502475528175668,0.00015773555654404476,https://www.oddsportal.com/american-football/usa/nfl-2014-2015/houston-texans-buffalo-bills-vHO8mVqo/
2014-09-28,2015,0,ind,ten,1,-358,276,0.04761683545479878,0.7461309919737484,0.06303562027442636,https://www.oddsportal.com/american-football/usa/nfl-2014-2015/indianapolis-colts-tennessee-titans-4OXthByU/
2014-09-28,2015,0,oak,mia,0,161,-196,0.045303924614269464,0.3665362326019119,0.0,https://www.oddsportal.com/american-football/usa/nfl-2014-2015/las-vegas-raiders-miami-dolphins-EZvUfDiB/
2014-09-28,2015,0,nyj,det,0,-121,-100,0.04751131221719462,0.5226781857451405,0.0006796951238034946,https://www.oddsportal.com/american-football/usa/nfl-2014-2015/new-york-jets-detroit-lions-MarxgiMN/
2014-09-28,2015,0,pit,tb,0,-351,274,0.04565018912221208,0.7442933765747787,1.0,https://www.oddsportal.com/american-football/usa/nfl-2014-2015/pittsburgh-steelers-tampa-bay-buccaneers-WABfBYyh/
2014-09-25,2015,0,wsh,nyg,0,-183,145,0.054806374846758654,0.6130443700006836,0.0029803587908963933,https://www.oddsportal.com/american-football/usa/nfl-2014-2015/washington-commanders-new-york-giants-zqtQegx5/
2014-09-22,2015,0,nyj,chi,0,-128,105,0.04920838682071027,0.5350734094616639,5.982464353276389e-05,https://www.oddsportal.com/american-football/usa/nfl-2014-2015/new-york-jets-chicago-bears-hKjLdZMb/
2014-09-21,2015,0,car,pit,0,-191,151,0.05476376281814321,0.6222790462221415,0.9847566914372615,https://www.oddsportal.com/american-football/usa/nfl-2014-2015/carolina-panthers-pittsburgh-steelers-vHnHcF7h/
2014-09-21,2015,0,mia,kc,0,-244,192,0.05176807900605285,0.6743904285930639,1.0,https://www.oddsportal.com/american-football/usa/nfl-2014-2015/miami-dolphins-kansas-city-chiefs-63l9aywt/
2014-09-21,2015,0,sea,den,1,-230,177,0.05798052729460679,0.6587736531899493,0.2223929962817998,https://www.oddsportal.com/american-football/usa/nfl-2014-2015/seattle-seahawks-denver-broncos-pfmDbehn/
2014-09-21,2015,0,ari,sf,1,117,-150,0.060829493087557474,0.4344048653344918,0.9960559126091291,https://www.oddsportal.com/american-football/usa/nfl-2014-2015/arizona-cardinals-san-francisco-49ers-rgeAvh7U/
2014-09-21,2015,0,buf,lac,0,-131,107,0.050191354539180555,0.5399964155564849,0.9940327717968019,https://www.oddsportal.com/american-football/usa/nfl-2014-2015/buffalo-bills-los-angeles-chargers-pYBxnI8t/
2014-09-21,2015,0,cin,ten,1,-286,227,0.04674304004056351,0.7078457789013184,0.9999957647592191,https://www.oddsportal.com/american-football/usa/nfl-2014-2015/cincinnati-bengals-tennessee-titans-OU5Bjb0P/
2014-09-21,2015,0,cle,bal,0,-100,-123,0.05156950672645744,0.47547974413646055,0.0004619619971450355,https://www.oddsportal.com/american-football/usa/nfl-2014-2015/cleveland-browns-baltimore-ravens-ARHTRENO/
2014-09-21,2015,0,det,gb,1,-122,101,0.04706198736049494,0.524849107486837,0.7286942106871463,https://www.oddsportal.com/american-football/usa/nfl-2014-2015/detroit-lions-green-bay-packers-6m0opdwg/
2014-09-21,2015,0,jax,ind,0,223,-278,0.04504725866954962,0.2962521748671568,,https://www.oddsportal.com/american-football/usa/nfl-2014-2015/jacksonville-jaguars-indianapolis-colts-dxgbsfNB/
2014-09-21,2015,0,lar,dal,0,102,-124,0.04862093352192365,0.47209576799865116,0.020771344998231894,https://www.oddsportal.com/american-football/usa/nfl-2014-2015/los-angeles-rams-dallas-cowboys-Sd1soxOn/
2014-09-21,2015,0,ne,oak,1,-1177,679,0.05006116911929537,0.8777502601516586,1.0,https://www.oddsportal.com/american-football/usa/nfl-2014-2015/new-england-patriots-las-vegas-raiders-zN4kqGha/
2014-09-21,2015,0,no,min,1,-541,387,0.04933256878529768,0.8043148424597105,0.0,https://www.oddsportal.com/american-football/usa/nfl-2014-2015/new-orleans-saints-minnesota-vikings-42d6uYiO/
2014-09-21,2015,0,nyg,hou,1,-121,-102,0.05246180726669958,0.5202196492422952,0.0,https://www.oddsportal.com/american-football/usa/nfl-2014-2015/new-york-giants-houston-texans-Auc2tExI/
2014-09-21,2015,0,phi,wsh,1,-219,172,0.05416743499907817,0.6512441509598985,0.9704024310091298,https://www.oddsportal.com/american-football/usa/nfl-2014-2015/philadelphia-eagles-washington-commanders-ED3grz85/
2014-09-18,2015,0,atl,tb,1,-286,228,0.045810691267534454,0.7084768291946105,1.0,https://www.oddsportal.com/american-football/usa/nfl-2014-2015/atlanta-falcons-tampa-bay-buccaneers-WzJPSf8I/
2014-09-15,2015,0,ind,phi,0,-153,123,0.053173576277495194,0.5742102694424341,0.0,https://www.oddsportal.com/american-football/usa/nfl-2014-2015/indianapolis-colts-philadelphia-eagles-EaOKTzgC/
2014-09-14,2015,0,sf,chi,0,-317,240,0.054309493581605306,0.721032914102221,1.0,https://www.oddsportal.com/american-football/usa/nfl-2014-2015/san-francisco-49ers-chicago-bears-z9PGUGw6/
2014-09-14,2015,0,den,kc,1,-1055,620,0.052308802308802305,0.8680150839904012,1.0,https://www.oddsportal.com/american-football/usa/nfl-2014-2015/denver-broncos-kansas-city-chiefs-pKW3XIgm/
2014-09-14,2015,0,gb,nyj,1,-333,255,0.05074325862798035,0.7319134445717116,0.0,https://www.oddsportal.com/american-football/usa/nfl-2014-2015/green-bay-packers-new-york-jets-SrM8Wx9g/
2014-09-14,2015,0,oak,hou,0,139,-169,0.04666282994509352,0.39975628241518174,0.0,https://www.oddsportal.com/american-football/usa/nfl-2014-2015/las-vegas-raiders-houston-texans-tnQCVdOa/
2014-09-14,2015,0,lac,sea,1,179,-219,0.04494331524364892,0.3430070644401673,0.0,https://www.oddsportal.com/american-football/usa/nfl-2014-2015/los-angeles-chargers-seattle-seahawks-0U9WkR9E/
2014-09-14,2015,0,tb,lar,0,-222,180,0.04658385093167694,0.658753709198813,,https://www.oddsportal.com/american-football/usa/nfl-2014-2015/tampa-bay-buccaneers-los-angeles-rams-6TXaYbvs/
2014-09-14,2015,0,buf,mia,1,-121,-100,0.04751131221719462,0.5226781857451405,0.5,https://www.oddsportal.com/american-football/usa/nfl-2014-2015/buffalo-bills-miami-dolphins-EXm1znAR/
2014-09-14,2015,0,car,det,1,-125,102,0.050605060506050625,0.5287958115183247,0.5,https://www.oddsportal.com/american-football/usa/nfl-2014-2015/carolina-panthers-detroit-lions-C8TyUqme/
2014-09-14,2015,0,cin,atl,1,-250,195,0.053268765133172025,0.6781609195402298,0.986894794305756,https://www.oddsportal.com/american-football/usa/nfl-2014-2015/cincinnati-bengals-atlanta-falcons-YHUXUPXl/
2014-09-14,2015,0,cle,no,1,197,-253,0.05341421772016686,0.3196276745049393,,https://www.oddsportal.com/american-football/usa/nfl-2014-2015/cleveland-browns-new-orleans-saints-KAlcySfL/
2014-09-14,2015,0,nyg,ari,0,-136,111,0.05020483572977752,0.5487226556524399,0.0,https://www.oddsportal.com/american-football/usa/nfl-2014-2015/new-york-giants-arizona-cardinals-KYWqSNH7/
2014-09-14,2015,0,ten,dal,0,-182,148,0.04861587737359874,0.6154685284171485,1.0,https://www.oddsportal.com/american-football/usa/nfl-2014-2015/tennessee-titans-dallas-cowboys-GtzTV5Ir/
2014-09-14,2015,0,wsh,jax,1,-244,187,0.05773438133052444,0.670586432757498,,https://www.oddsportal.com/american-football/usa/nfl-2014-2015/washington-commanders-jacksonville-jaguars-6VSuT321/
2014-09-14,2015,0,min,ne,0,145,-180,0.05102040816326525,0.38834951456310685,1.0,https://www.oddsportal.com/american-football/usa/nfl-2014-2015/minnesota-vikings-new-england-patriots-MwBSj7f8/
2014-09-11,2015,0,bal,pit,1,-146,119,0.05011693952555962,0.5651712800933291,0.0,https://www.oddsportal.com/american-football/usa/nfl-2014-2015/baltimore-ravens-pittsburgh-steelers-8zogx8uF/
2014-09-08,2015,0,ari,lac,1,-160,132,0.04641909814323597,0.58808618504436,,https://www.oddsportal.com/american-football/usa/nfl-2014-2015/arizona-cardinals-los-angeles-chargers-QBelwlQ8/
2014-09-08,2015,0,det,nyg,1,-254,196,0.05535196213162319,0.6798813571583593,,https://www.oddsportal.com/american-football/usa/nfl-2014-2015/detroit-lions-new-york-giants-nLdpvUA2/
2014-09-07,2015,0,den,ind,1,-360,274,0.04998837479655904,0.745349867139061,,https://www.oddsportal.com/american-football/usa/nfl-2014-2015/denver-broncos-indianapolis-colts-b532FpY1/
2014-09-07,2015,0,dal,sf,0,164,-201,0.04656196516661648,0.36193545284017115,,https://www.oddsportal.com/american-football/usa/nfl-2014-2015/dallas-cowboys-san-francisco-49ers-xjFgH63k/
2014-09-07,2015,0,tb,car,0,-250,179,0.0727086533538146,0.6658711217183771,,https://www.oddsportal.com/american-football/usa/nfl-2014-2015/tampa-bay-buccaneers-carolina-panthers-KE4bGQIe/
2014-09-07,2015,0,atl,no,1,120,-149,0.05293902884264323,0.43169209431345357,,https://www.oddsportal.com/american-football/usa/nfl-2014-2015/atlanta-falcons-new-orleans-saints-CYCS27ld/
2014-09-07,2015,0,bal,cin,0,-134,107,0.055741360089186065,0.5424146427314326,,https://www.oddsportal.com/american-football/usa/nfl-2014-2015/baltimore-ravens-cincinnati-bengals-0fgNOlBF/
2014-09-07,2015,0,chi,buf,0,-290,232,0.04479456286685202,0.7117090479006505,,https://www.oddsportal.com/american-football/usa/nfl-2014-2015/chicago-bears-buffalo-bills-YsEO3mZk/
2014-09-07,2015,0,hou,wsh,1,-156,128,0.04797149122807021,0.5814805126863719,,https://www.oddsportal.com/american-football/usa/nfl-2014-2015/houston-texans-washington-commanders-SGPJN8QL/
2014-09-07,2015,0,kc,ten,0,-167,129,0.062149387501431175,0.588870240056665,,https://www.oddsportal.com/american-football/usa/nfl-2014-2015/kansas-city-chiefs-tennessee-titans-489K4TJq/
2014-09-07,2015,0,lar,min,0,-199,159,0.05165222556526894,0.6328630542355816,,https://www.oddsportal.com/american-football/usa/nfl-2014-2015/los-angeles-rams-minnesota-vikings-SteFQAt3/
2014-09-07,2015,0,mia,ne,1,157,-193,0.04780813003811368,0.37135144041266904,,https://www.oddsportal.com/american-football/usa/nfl-2014-2015/miami-dolphins-new-england-patriots-EwiBRjRd/
2014-09-07,2015,0,nyj,oak,1,-254,202,0.04863995210835492,0.6842330609769152,,https://www.oddsportal.com/american-football/usa/nfl-2014-2015/new-york-jets-las-vegas-raiders-M3fJPUe9/
2014-09-07,2015,0,phi,jax,1,-572,405,0.04921027817067425,0.8112677638600235,,https://www.oddsportal.com/american-football/usa/nfl-2014-2015/philadelphia-eagles-jacksonville-jaguars-67ONMSuS/
2014-09-07,2015,0,pit,cle,1,-256,205,0.04696997605452191,0.6868402533427165,,https://www.oddsportal.com/american-football/usa/nfl-2014-2015/pittsburgh-steelers-cleveland-browns-OnBkInlq/
2014-09-04,2015,0,sea,gb,1,-230,185,0.04784688995215314,0.665144596651446,,https://www.oddsportal.com/american-football/usa/nfl-2014-2015/seattle-seahawks-green-bay-packers-2aNh99BS/
2013-12-29,2014,1,dal,phi,0,242,-322,0.055430836174163556,0.2770410440902287,0.44272890155978306,https://www.oddsportal.com/american-football/usa/nfl-2013-2014/dallas-cowboys-philadelphia-eagles-z7hXHvfl/
2013-12-29,2014,1,ari,sf,0,-153,122,0.05519353345440292,0.5731110586170823,0.42400967356221886,https://www.oddsportal.com/american-football/usa/nfl-2013-2014/arizona-cardinals-san-francisco-49ers-8KjuGIO0/
2013-12-29,2014,1,chi,gb,0,122,-154,0.05674966304887574,0.4262603208699738,0.5371304420941121,https://www.oddsportal.com/american-football/usa/nfl-2013-2014/chicago-bears-green-bay-packers-t6zazmAF/
2013-12-29,2014,1,oak,den,0,412,-588,0.04996366279069764,0.1860183422737498,0.06151906608858244,https://www.oddsportal.com/american-football/usa/nfl-2013-2014/las-vegas-raiders-denver-broncos-IkYVxtWD/
2013-12-29,2014,1,lac,kc,1,-910,566,0.05114024916005122,0.857154979775408,0.30305462436175584,https://www.oddsportal.com/american-football/usa/nfl-2013-2014/los-angeles-chargers-kansas-city-chiefs-QeopFxv7/
2013-12-29,2014,1,ne,buf,1,-351,259,0.05682204201125329,0.736425319533163,0.8262414445659466,https://www.oddsportal.com/american-football/usa/nfl-2013-2014/new-england-patriots-buffalo-bills-KItcGRIq/
2013-12-29,2014,1,no,tb,1,-588,405,0.05267096477089561,0.8118882266090666,0.8701658714606234,https://www.oddsportal.com/american-football/usa/nfl-2013-2014/new-orleans-saints-tampa-bay-buccaneers-I9fVK7AS/
2013-12-29,2014,1,sea,lar,1,-690,472,0.04824289634416212,0.8332207397399088,0.843661300765352,https://www.oddsportal.com/american-football/usa/nfl-2013-2014/seattle-seahawks-los-angeles-rams-4nplEdgD/
2013-12-29,2014,1,atl,car,0,197,-258,0.0573707277617892,0.31843167950474094,0.089737567362006,https://www.oddsportal.com/american-football/usa/nfl-2013-2014/atlanta-falcons-carolina-panthers-2FyeyTf9/
2013-12-29,2014,1,cin,bal,1,-322,242,0.055430836174163556,0.7229589559097713,0.6599470646833887,https://www.oddsportal.com/american-football/usa/nfl-2013-2014/cincinnati-bengals-baltimore-ravens-M3lTIKvr/
2013-12-29,2014,1,ind,jax,1,-588,415,0.04882592007225095,0.8148646466820947,0.9044702675327296,https://www.oddsportal.com/american-football/usa/nfl-2013-2014/indianapolis-colts-jacksonville-jaguars-8vNix9u3/
2013-12-29,2014,1,mia,nyj,0,-328,245,0.056210212650684044,0.72557065914337,0.6138312193538509,https://www.oddsportal.com/american-football/usa/nfl-2013-2014/miami-dolphins-new-york-jets-Srp5E5md/
2013-12-29,2014,1,min,det,1,-105,-123,0.06376462867767696,0.48149290561381863,0.33907253838214246,https://www.oddsportal.com/american-football/usa/nfl-2013-2014/minnesota-vikings-detroit-lions-Eut1FoYk/
2013-12-29,2014,1,nyg,wsh,1,-182,145,0.05355333622810843,0.612584146173925,0.7598879969119693,https://www.oddsportal.com/american-football/usa/nfl-2013-2014/new-york-giants-washington-commanders-0YaQLmeM/
2013-12-29,2014,1,pit,cle,1,-400,283,0.06109660574412534,0.7539370078740157,0.6942791691406143,https://www.oddsportal.com/american-football/usa/nfl-2013-2014/pittsburgh-steelers-cleveland-browns-UmOmwkQd/
2013-12-29,2014,1,ten,hou,1,-322,242,0.055430836174163556,0.7229589559097713,0.8250490625581035,https://www.oddsportal.com/american-football/usa/nfl-2013-2014/tennessee-titans-houston-texans-UTiyHb9f/
2013-12-23,2014,1,sf,atl,1,-1053,636,0.04913929635355774,0.8704942559204231,0.9014350457941828,https://www.oddsportal.com/american-football/usa/nfl-2013-2014/san-francisco-49ers-atlanta-falcons-Ms1MMTuG/
2013-12-22,2014,1,phi,chi,1,-133,105,0.05862032869255729,0.539206961336893,0.5041475045982958,https://www.oddsportal.com/american-football/usa/nfl-2013-2014/philadelphia-eagles-chicago-bears-fFLsBWt4/
2013-12-22,2014,1,bal,ne,0,-100,-127,0.05947136563876665,0.47193347193347185,0.2497978158166425,https://www.oddsportal.com/american-football/usa/nfl-2013-2014/baltimore-ravens-new-england-patriots-SK1IN9Q9/
2013-12-22,2014,1,gb,pit,0,-125,-111,0.08162190626645605,0.5136319376825706,0.5920252074396033,https://www.oddsportal.com/american-football/usa/nfl-2013-2014/green-bay-packers-pittsburgh-steelers-GpbEOkB3/
2013-12-22,2014,1,lac,oak,1,-500,357,0.05215171407731578,0.7920277296360486,0.7616526103326433,https://www.oddsportal.com/american-football/usa/nfl-2013-2014/los-angeles-chargers-las-vegas-raiders-YL89PVec/
2013-12-22,2014,1,det,nyg,0,-466,340,0.05059428204304517,0.7836722213728788,0.5888360472141141,https://www.oddsportal.com/american-football/usa/nfl-2013-2014/detroit-lions-new-york-giants-fV95QBti/
2013-12-22,2014,1,sea,ari,0,-488,350,0.052154195011338,0.7887931034482758,0.7949129524403075,https://www.oddsportal.com/american-football/usa/nfl-2013-2014/seattle-seahawks-arizona-cardinals-6FGN1S3j/
2013-12-22,2014,1,buf,mia,1,-113,-115,0.06540015285511513,0.49795039967206395,0.2508825161559797,https://www.oddsportal.com/american-football/usa/nfl-2013-2014/buffalo-bills-miami-dolphins-SOHJ28lp/
2013-12-22,2014,1,car,no,1,-182,145,0.05355333622810843,0.612584146173925,0.4848194836638091,https://www.oddsportal.com/american-football/usa/nfl-2013-2014/carolina-panthers-new-orleans-saints-M1NZChCi/
2013-12-22,2014,1,cin,min,1,-392,295,0.049912524441700246,0.7588708096451675,0.8158794715642371,https://www.oddsportal.com/american-football/usa/nfl-2013-2014/cincinnati-bengals-minnesota-vikings-Msui7ltT/
2013-12-22,2014,1,hou,den,0,394,-572,0.05361962598804704,0.1921273529882665,0.038360833548757044,https://www.oddsportal.com/american-football/usa/nfl-2013-2014/houston-texans-denver-broncos-4Qhk5tgo/
2013-12-22,2014,1,jax,ten,0,180,-233,0.05684255684255679,0.33793383397605037,0.33635260968086705,https://www.oddsportal.com/american-football/usa/nfl-2013-2014/jacksonville-jaguars-tennessee-titans-8bJVDYdo/
2013-12-22,2014,1,kc,ind,0,-339,255,0.05389970804324817,0.7327163688392341,0.5608766144337805,https://www.oddsportal.com/american-football/usa/nfl-2013-2014/kansas-city-chiefs-indianapolis-colts-8vym8UQM/
2013-12-22,2014,1,lar,tb,1,-191,150,0.056357388316151225,0.6213402732595966,0.6581513130845232,https://www.oddsportal.com/american-football/usa/nfl-2013-2014/los-angeles-rams-tampa-bay-buccaneers-EHyq9ABG/
2013-12-22,2014,1,nyj,cle,1,-134,107,0.055741360089186065,0.5424146427314326,0.6775840821414801,https://www.oddsportal.com/american-football/usa/nfl-2013-2014/new-york-jets-cleveland-browns-zRxuAjdA/
2013-12-22,2014,1,wsh,dal,0,137,-171,0.05293723823314189,0.40072752007334345,0.2040717615863475,https://www.oddsportal.com/american-football/usa/nfl-2013-2014/washington-commanders-dallas-cowboys-GOMwCCRc/
2013-12-16,2014,1,det,bal,0,-235,182,0.056102466391447114,0.6642277237646587,0.5250321616020031,https://www.oddsportal.com/american-football/usa/nfl-2013-2014/detroit-lions-baltimore-ravens-2H6N9MpU/
2013-12-15,2014,1,pit,cin,1,107,-136,0.059362973880291436,0.45602102334209305,0.18170086753953044,https://www.oddsportal.com/american-football/usa/nfl-2013-2014/pittsburgh-steelers-cincinnati-bengals-Ys2JA2VN/
2013-12-15,2014,1,dal,gb,0,-238,182,0.05875194091233382,0.6650679773276784,0.6008838151777741,https://www.oddsportal.com/american-football/usa/nfl-2013-2014/dallas-cowboys-green-bay-packers-fi3FBrGH/
2013-12-15,2014,1,lar,no,1,222,-294,0.0567518996121954,0.29388071724796366,0.12217931792927807,https://www.oddsportal.com/american-football/usa/nfl-2013-2014/los-angeles-rams-new-orleans-saints-8tSpd3GU/
2013-12-15,2014,1,ten,ari,0,122,-154,0.05674966304887574,0.4262603208699738,0.22672789745915042,https://www.oddsportal.com/american-football/usa/nfl-2013-2014/tennessee-titans-arizona-cardinals-Oh2fG61n/
2013-12-15,2014,1,car,nyj,1,-465,337,0.05184180150260209,0.7824454669721415,0.8150982347460111,https://www.oddsportal.com/american-football/usa/nfl-2013-2014/carolina-panthers-new-york-jets-Ese7D4o5/
2013-12-15,2014,1,oak,kc,0,217,-286,0.056390055736257994,0.29861831009886897,0.09842254853696983,https://www.oddsportal.com/american-football/usa/nfl-2013-2014/las-vegas-raiders-kansas-city-chiefs-CSDACO0B/
2013-12-15,2014,1,atl,wsh,1,-250,192,0.05675146771037176,0.6759259259259259,0.5835741756590722,https://www.oddsportal.com/american-football/usa/nfl-2013-2014/atlanta-falcons-washington-commanders-KKe3EpWb/
2013-12-15,2014,1,cle,chi,0,-110,-117,0.06298003072196634,0.49277456647398843,0.2995931829980448,https://www.oddsportal.com/american-football/usa/nfl-2013-2014/cleveland-browns-chicago-bears-tUdaFQGh/
2013-12-15,2014,1,ind,hou,1,-267,204,0.05646780438835508,0.6886347439508602,0.9230225821478902,https://www.oddsportal.com/american-football/usa/nfl-2013-2014/indianapolis-colts-houston-texans-p23jHnnt/
2013-12-15,2014,1,jax,buf,0,156,-198,0.05505453020134232,0.370241526687208,0.4563876824960846,https://www.oddsportal.com/american-football/usa/nfl-2013-2014/jacksonville-jaguars-buffalo-bills-QczUaoH5/
2013-12-15,2014,1,mia,ne,1,-138,109,0.05830083229464034,0.5478895178754607,0.24103918833510413,https://www.oddsportal.com/american-football/usa/nfl-2013-2014/miami-dolphins-new-england-patriots-fwOtcq1O/
2013-12-15,2014,1,min,phi,1,222,-294,0.0567518996121954,0.29388071724796366,0.1489613235122708,https://www.oddsportal.com/american-football/usa/nfl-2013-2014/minnesota-vikings-philadelphia-eagles-CEYybPoI/
2013-12-15,2014,1,nyg,sea,0,316,-435,0.05346872753414811,0.2281839119679263,0.06308173894291436,https://www.oddsportal.com/american-football/usa/nfl-2013-2014/new-york-giants-seattle-seahawks-YNZXb5WB/
2013-12-15,2014,1,tb,sf,0,187,-244,0.05773438133052444,0.329413567242502,0.1314692215897311,https://www.oddsportal.com/american-football/usa/nfl-2013-2014/tampa-bay-buccaneers-san-francisco-49ers-n7yQ0R1a/
2013-12-12,2014,1,den,lac,0,-556,392,0.05081300813008127,0.8065764023210832,0.9040401046550385,https://www.oddsportal.com/american-football/usa/nfl-2013-2014/denver-broncos-los-angeles-chargers-4rnL17ng/
2013-12-09,2014,1,chi,dal,1,-126,-102,0.06247261894331024,0.524740227610094,0.317329648671899,https://www.oddsportal.com/american-football/usa/nfl-2013-2014/chicago-bears-dallas-cowboys-jurH2mXn/
2013-12-08,2014,1,no,car,1,-174,139,0.05344653819136913,0.6028179630649697,0.5188838004866333,https://www.oddsportal.com/american-football/usa/nfl-2013-2014/new-orleans-saints-carolina-panthers-6keA6dYK/
2013-12-08,2014,1,ari,lar,1,-233,180,0.05684255684255679,0.6620661660239497,0.6927918385112039,https://www.oddsportal.com/american-football/usa/nfl-2013-2014/arizona-cardinals-los-angeles-rams-4pwcche7/
2013-12-08,2014,1,lac,nyg,1,-219,172,0.05416743499907817,0.6512441509598985,0.467045063020595,https://www.oddsportal.com/american-football/usa/nfl-2013-2014/los-angeles-chargers-new-york-giants-KhLqLemE/
2013-12-08,2014,1,sf,sea,1,-136,107,0.059362973880291436,0.543978976657907,0.15037965063526706,https://www.oddsportal.com/american-football/usa/nfl-2013-2014/san-francisco-49ers-seattle-seahawks-ryx1dCAD/
2013-12-08,2014,1,den,ten,1,-742,496,0.049020389293628286,0.8400553157862743,0.9078641776099621,https://www.oddsportal.com/american-football/usa/nfl-2013-2014/denver-broncos-tennessee-titans-ANwgbYu1/
2013-12-08,2014,1,bal,min,1,-299,227,0.0551838311374766,0.710182824518969,0.686482581602194,https://www.oddsportal.com/american-football/usa/nfl-2013-2014/baltimore-ravens-minnesota-vikings-xYot1zdr/
2013-12-08,2014,1,cin,ind,1,-308,233,0.0552022610846139,0.7154097262911192,0.3476816886664287,https://www.oddsportal.com/american-football/usa/nfl-2013-2014/cincinnati-bengals-indianapolis-colts-ITEFpFB1/
2013-12-08,2014,1,gb,atl,1,-191,151,0.05476376281814321,0.6222790462221415,0.5844998953883453,https://www.oddsportal.com/american-football/usa/nfl-2013-2014/green-bay-packers-atlanta-falcons-dIrD3THt/
2013-12-08,2014,1,ne,cle,1,-527,374,0.05148083096117739,0.7993587158957818,0.9137776132174548,https://www.oddsportal.com/american-football/usa/nfl-2013-2014/new-england-patriots-cleveland-browns-ptfE5GmR/
2013-12-08,2014,1,nyj,oak,1,-169,134,0.05560321545451652,0.5951599795322519,0.6310407024025119,https://www.oddsportal.com/american-football/usa/nfl-2013-2014/new-york-jets-las-vegas-raiders-OQ557xJE/
2013-12-08,2014,1,phi,det,1,-154,123,0.05472970587196779,0.5748384720966825,0.5777805252939868,https://www.oddsportal.com/american-football/usa/nfl-2013-2014/philadelphia-eagles-detroit-lions-AN118I38/
2013-12-08,2014,1,pit,mia,0,-177,140,0.05565583634175697,0.6053006554573952,0.3083300992887761,https://www.oddsportal.com/american-football/usa/nfl-2013-2014/pittsburgh-steelers-miami-dolphins-dKDJqZQ7/
2013-12-08,2014,1,tb,buf,1,-159,127,0.054428248260847356,0.5822108947784428,0.48338184315702626,https://www.oddsportal.com/american-football/usa/nfl-2013-2014/tampa-bay-buccaneers-buffalo-bills-bmzkaEQf/
2013-12-08,2014,1,wsh,kc,0,145,-183,0.054806374846758654,0.38695562999931626,0.08113892270006186,https://www.oddsportal.com/american-football/usa/nfl-2013-2014/washington-commanders-kansas-city-chiefs-GOpp0fBl/
2013-12-05,2014,1,jax,hou,1,140,-177,0.05565583634175697,0.39469934454260475,0.6140923053183401,https://www.oddsportal.com/american-football/usa/nfl-2013-2014/jacksonville-jaguars-houston-texans-j7rJoede/
2013-12-02,2014,1,sea,no,1,-286,217,0.056390055736257994,0.701381689901131,0.7045934037484547,https://www.oddsportal.com/american-football/usa/nfl-2013-2014/seattle-seahawks-new-orleans-saints-CGqFnysk/
2013-12-01,2014,1,wsh,nyg,0,-121,-107,0.06441952477758095,0.5143754877397627,0.3382880408288845,https://www.oddsportal.com/american-football/usa/nfl-2013-2014/washington-commanders-new-york-giants-IgpBmHRr/
2013-12-01,2014,1,kc,den,0,180,-230,0.05411255411255422,0.3388090349075975,0.41510214300177234,https://www.oddsportal.com/american-football/usa/nfl-2013-2014/kansas-city-chiefs-denver-broncos-4jKyZHCk/
2013-12-01,2014,1,lac,cin,0,109,-138,0.05830083229464034,0.45211048212453936,0.31929821465976077,https://www.oddsportal.com/american-football/usa/nfl-2013-2014/los-angeles-chargers-cincinnati-bengals-tYhqhcJR/
2013-12-01,2014,1,buf,atl,0,-208,162,0.057004064637652396,0.6389045207278184,0.6940333392088249,https://www.oddsportal.com/american-football/usa/nfl-2013-2014/buffalo-bills-atlanta-falcons-jq0WfaZ8/
2013-12-01,2014,1,sf,lar,1,-378,285,0.050535238819757744,0.7527543578337557,0.7277101430430676,https://www.oddsportal.com/american-football/usa/nfl-2013-2014/san-francisco-49ers-los-angeles-rams-KI4zfJlF/
2013-12-01,2014,1,car,tb,1,-345,257,0.055392943694331676,0.7345898070557362,0.8923469993962057,https://www.oddsportal.com/american-football/usa/nfl-2013-2014/carolina-panthers-tampa-bay-buccaneers-Ch1SeuK2/
2013-12-01,2014,1,cle,jax,0,-333,250,0.054767403497195666,0.7291210509852988,0.6592864315358873,https://www.oddsportal.com/american-football/usa/nfl-2013-2014/cleveland-browns-jacksonville-jaguars-AmNqXes2/
2013-12-01,2014,1,hou,ne,0,242,-322,0.055430836174163556,0.2770410440902287,0.05345960509715043,https://www.oddsportal.com/american-football/usa/nfl-2013-2014/houston-texans-new-england-patriots-b93vgw4L/
2013-12-01,2014,1,ind,ten,1,-198,155,0.0565863929464403,0.6288454352970483,0.7460337828857692,https://www.oddsportal.com/american-football/usa/nfl-2013-2014/indianapolis-colts-tennessee-titans-bDJuYySe/
2013-12-01,2014,1,min,chi,1,-120,-108,0.06468531468531458,0.5123152709359606,0.1745122600005032,https://www.oddsportal.com/american-football/usa/nfl-2013-2014/minnesota-vikings-chicago-bears-QaLXZccq/
2013-12-01,2014,1,nyj,mia,0,-115,-113,0.06540015285511513,0.502049600327936,0.47726258476512035,https://www.oddsportal.com/american-football/usa/nfl-2013-2014/new-york-jets-miami-dolphins-p6w5vvkS/
2013-12-01,2014,1,phi,ari,1,-183,145,0.054806374846758654,0.6130443700006836,0.25331059080375934,https://www.oddsportal.com/american-football/usa/nfl-2013-2014/philadelphia-eagles-arizona-cardinals-6Fv1uKZL/
2013-11-28,2014,1,bal,pit,1,-157,124,0.05732351306281269,0.5777748570677532,0.5045993922721139,https://www.oddsportal.com/american-football/usa/nfl-2013-2014/baltimore-ravens-pittsburgh-steelers-Chuct0KF/
2013-11-28,2014,1,dal,oak,1,-488,350,0.052154195011338,0.7887931034482758,0.7507359254659319,https://www.oddsportal.com/american-football/usa/nfl-2013-2014/dallas-cowboys-las-vegas-raiders-bkygst59/
2013-11-28,2014,1,det,gb,1,-282,215,0.055680212748275615,0.6992836337872943,0.5517059779512754,https://www.oddsportal.com/american-football/usa/nfl-2013-2014/detroit-lions-green-bay-packers-GQolrMk3/
2013-11-25,2014,1,wsh,sf,0,197,-256,0.05580146029584232,0.3189049734843056,0.11481364236496472,https://www.oddsportal.com/american-football/usa/nfl-2013-2014/washington-commanders-san-francisco-49ers-xzmpq2zc/
2013-11-24,2014,1,ne,den,1,-110,-117,0.06298003072196634,0.49277456647398843,0.1438312593523088,https://www.oddsportal.com/american-football/usa/nfl-2013-2014/new-england-patriots-denver-broncos-ATb2KIcd/
2013-11-24,2014,1,nyg,dal,0,-146,116,0.05645889792231262,0.5617785378366823,0.41544679304097604,https://www.oddsportal.com/american-football/usa/nfl-2013-2014/new-york-giants-dallas-cowboys-Wx0bLbrj/
2013-11-24,2014,1,ari,ind,1,-174,139,0.05344653819136913,0.6028179630649697,0.3478231090041911,https://www.oddsportal.com/american-football/usa/nfl-2013-2014/arizona-cardinals-indianapolis-colts-ChJRQKKS/
2013-11-24,2014,1,oak,ten,0,122,-154,0.05674966304887574,0.4262603208699738,0.4697613372209387,https://www.oddsportal.com/american-football/usa/nfl-2013-2014/las-vegas-raiders-tennessee-titans-lEAgMvTq/
2013-11-24,2014,1,bal,nyj,1,-230,180,0.05411255411255422,0.6611909650924025,0.3923806361038368,https://www.oddsportal.com/american-football/usa/nfl-2013-2014/baltimore-ravens-new-york-jets-l0VK7uEj/
2013-11-24,2014,1,hou,jax,0,-513,365,0.051921626409864974,0.7955610398705999,0.6639387949420956,https://www.oddsportal.com/american-football/usa/nfl-2013-2014/houston-texans-jacksonville-jaguars-A9WG8Lbp/
2013-11-24,2014,1,mia,car,0,177,-227,0.05520043277139308,0.3421253622657697,0.254351683510735,https://www.oddsportal.com/american-football/usa/nfl-2013-2014/miami-dolphins-carolina-panthers-j593WOji/
2013-11-24,2014,1,cle,pit,0,-136,107,0.059362973880291436,0.543978976657907,0.533053483720668,https://www.oddsportal.com/american-football/usa/nfl-2013-2014/cleveland-browns-pittsburgh-steelers-IVJNR05M/
2013-11-24,2014,1,det,tb,0,-385,287,0.05221236580622812,0.7544241626370288,0.8504088573823536,https://www.oddsportal.com/american-football/usa/nfl-2013-2014/detroit-lions-tampa-bay-buccaneers-vuLJStjG/
2013-11-24,2014,1,kc,lac,0,-196,152,0.05898755898755903,0.6252785092161232,0.9624749549025409,https://www.oddsportal.com/american-football/usa/nfl-2013-2014/kansas-city-chiefs-los-angeles-chargers-rDRAU2L3/
2013-11-24,2014,1,lar,chi,1,-126,-103,0.06491128645538158,0.5235385623055511,0.3038861230460563,https://www.oddsportal.com/american-football/usa/nfl-2013-2014/los-angeles-rams-chicago-bears-ljS6Vr6c/
2013-11-21,2014,1,atl,no,0,290,-385,0.050224689399946953,0.24414799899320414,0.049001523411680264,https://www.oddsportal.com/american-football/usa/nfl-2013-2014/atlanta-falcons-new-orleans-saints-r13mQmUH/
2013-11-18,2014,1,car,ne,1,-164,129,0.057893343919544815,0.5872162111451623,0.3397398708690511,https://www.oddsportal.com/american-football/usa/nfl-2013-2014/carolina-panthers-new-england-patriots-4A4qRTEB/
2013-11-17,2014,1,den,kc,1,-351,261,0.055278820227134595,0.737502255385278,0.08491234361750338,https://www.oddsportal.com/american-football/usa/nfl-2013-2014/denver-broncos-kansas-city-chiefs-zVCSUBFn/
2013-11-17,2014,1,no,sf,1,-180,142,0.05608028335301074,0.6087199552822806,0.5706549953743334,https://www.oddsportal.com/american-football/usa/nfl-2013-2014/new-orleans-saints-san-francisco-49ers-8rBzTkpa/
2013-11-17,2014,1,nyg,gb,1,-198,155,0.0565863929464403,0.6288454352970483,0.3156614923398697,https://www.oddsportal.com/american-football/usa/nfl-2013-2014/new-york-giants-green-bay-packers-MoFvS9a5/
2013-11-17,2014,1,sea,min,1,-715,483,0.048827200117858904,0.8364586782249245,0.9748456794275235,https://www.oddsportal.com/american-football/usa/nfl-2013-2014/seattle-seahawks-minnesota-vikings-ELBWTVUh/
2013-11-17,2014,1,mia,lac,1,110,-138,0.05602240896358546,0.45092838196286467,0.5553792964829133,https://www.oddsportal.com/american-football/usa/nfl-2013-2014/miami-dolphins-los-angeles-chargers-zFO4FWFa/
2013-11-17,2014,1,buf,nyj,1,105,-133,0.05862032869255729,0.4607930386631069,0.3183412716728626,https://www.oddsportal.com/american-football/usa/nfl-2013-2014/buffalo-bills-new-york-jets-fJeVVi0t/
2013-11-17,2014,1,chi,bal,1,-193,152,0.055528468497751726,0.6240505029768015,0.6422295138408303,https://www.oddsportal.com/american-football/usa/nfl-2013-2014/chicago-bears-baltimore-ravens-hA93zYiP/
2013-11-17,2014,1,cin,cle,1,-247,190,0.056643148166550805,0.67365748142575,0.6565844844699722,https://www.oddsportal.com/american-football/usa/nfl-2013-2014/cincinnati-bengals-cleveland-browns-v7LLBlFO/
2013-11-17,2014,1,hou,oak,0,-527,371,0.05282459187923494,0.7983384633197927,0.5022337696671694,https://www.oddsportal.com/american-football/usa/nfl-2013-2014/houston-texans-las-vegas-raiders-4lT8EjV5/
2013-11-17,2014,1,jax,ari,0,307,-417,0.05227664802132881,0.23349396393263452,0.08813869610039908,https://www.oddsportal.com/american-football/usa/nfl-2013-2014/jacksonville-jaguars-arizona-cardinals-ruSCDApC/
2013-11-17,2014,1,phi,wsh,1,-244,187,0.05773438133052444,0.670586432757498,0.6624337537101843,https://www.oddsportal.com/american-football/usa/nfl-2013-2014/philadelphia-eagles-washington-commanders-dOP0GC0g/
2013-11-17,2014,1,pit,det,1,132,-165,0.0536759921925829,0.4090768755788824,0.16116915579795396,https://www.oddsportal.com/american-football/usa/nfl-2013-2014/pittsburgh-steelers-detroit-lions-EazdHhom/
2013-11-17,2014,1,tb,atl,1,-135,104,0.06466416353775561,0.539576802507837,0.3226182750887873,https://www.oddsportal.com/american-football/usa/nfl-2013-2014/tampa-bay-buccaneers-atlanta-falcons-Q3HHCUaI/
2013-11-14,2014,1,ten,ind,0,122,-153,0.05519353345440292,0.4268889413829177,0.24421543047894376,https://www.oddsportal.com/american-football/usa/nfl-2013-2014/tennessee-titans-indianapolis-colts-2PWiIYVt/
2013-11-11,2014,1,tb,mia,1,109,-136,0.05474008596220914,0.45363678302322,0.0,https://www.oddsportal.com/american-football/usa/nfl-2013-2014/tampa-bay-buccaneers-miami-dolphins-pppQMENP/
2013-11-10,2014,1,no,dal,1,-278,212,0.05596255596255606,0.6964733089227211,0.7664732492233042,https://www.oddsportal.com/american-football/usa/nfl-2013-2014/new-orleans-saints-dallas-cowboys-6goMNf8J/
2013-11-10,2014,1,ari,hou,1,-202,157,0.057979230551189254,0.6322186228901283,0.6641139892851667,https://www.oddsportal.com/american-football/usa/nfl-2013-2014/arizona-cardinals-houston-texans-jo3ZaiGC/
2013-11-10,2014,1,lac,den,0,237,-317,0.05692775156729213,0.2807532535733762,0.08700470713705681,https://www.oddsportal.com/american-football/usa/nfl-2013-2014/los-angeles-chargers-denver-broncos-Uy2waBVI/
2013-11-10,2014,1,sf,car,0,-278,210,0.058030380611025834,0.695112114857235,0.8797366194327215,https://www.oddsportal.com/american-football/usa/nfl-2013-2014/san-francisco-49ers-carolina-panthers-dO3V0X06/
2013-11-10,2014,1,atl,sea,0,150,-192,0.05753424657534234,0.378238341968912,0.014760898063748463,https://www.oddsportal.com/american-football/usa/nfl-2013-2014/atlanta-falcons-seattle-seahawks-rLaR1Do0/
2013-11-10,2014,1,bal,cin,1,-113,-115,0.06540015285511513,0.49795039967206395,0.1750668683987073,https://www.oddsportal.com/american-football/usa/nfl-2013-2014/baltimore-ravens-cincinnati-bengals-GjTdnYoD/
2013-11-10,2014,1,chi,det,0,-111,-125,0.08162190626645605,0.4863680623174294,0.4751360243521333,https://www.oddsportal.com/american-football/usa/nfl-2013-2014/chicago-bears-detroit-lions-0dAM2gWg/
2013-11-10,2014,1,gb,phi,0,-107,-121,0.06441952477758095,0.4856245122602374,0.8428023694210955,https://www.oddsportal.com/american-football/usa/nfl-2013-2014/green-bay-packers-philadelphia-eagles-M5BI3ZGm/
2013-11-10,2014,1,ind,lar,0,-426,307,0.055586177259181024,0.7672380986096239,0.9546648967593372,https://www.oddsportal.com/american-football/usa/nfl-2013-2014/indianapolis-colts-los-angeles-rams-QLAm9egQ/
2013-11-10,2014,1,nyg,oak,1,-322,241,0.05628830732025958,0.7223720740516573,0.4214328120565536,https://www.oddsportal.com/american-football/usa/nfl-2013-2014/new-york-giants-las-vegas-raiders-rcLrAyvK/
2013-11-10,2014,1,pit,buf,1,-153,122,0.05519353345440292,0.5731110586170823,0.24305471962134692,https://www.oddsportal.com/american-football/usa/nfl-2013-2014/pittsburgh-steelers-buffalo-bills-UgHvBHOD/
2013-11-10,2014,1,ten,jax,0,-690,466,0.050096166748669235,0.8317502236231206,1.0,https://www.oddsportal.com/american-football/usa/nfl-2013-2014/tennessee-titans-jacksonville-jaguars-SUdF4F1s/
2013-11-07,2014,1,min,wsh,1,-108,-120,0.06468531468531458,0.4876847290640395,0.12446227621329502,https://www.oddsportal.com/american-football/usa/nfl-2013-2014/minnesota-vikings-washington-commanders-x0UhmEW6/
2013-11-04,2014,1,gb,chi,0,-527,349,0.06322751604664623,0.7905272899175807,0.7814327083322586,https://www.oddsportal.com/american-football/usa/nfl-2013-2014/green-bay-packers-chicago-bears-KOZmlfH0/
2013-11-03,2014,1,hou,ind,0,-111,-116,0.06310338774793767,0.4948402542722694,0.08852806407567067,https://www.oddsportal.com/american-football/usa/nfl-2013-2014/houston-texans-indianapolis-colts-tYzpkz2f/
2013-11-03,2014,1,cle,bal,1,102,-130,0.06026689625484272,0.4669102720259846,0.48836619431232403,https://www.oddsportal.com/american-football/usa/nfl-2013-2014/cleveland-browns-baltimore-ravens-nBytjGnl/
2013-11-03,2014,1,ne,pit,1,-286,217,0.056390055736257994,0.701381689901131,0.9302693547999957,https://www.oddsportal.com/american-football/usa/nfl-2013-2014/new-england-patriots-pittsburgh-steelers-zyYyidXs/
2013-11-03,2014,1,oak,phi,0,-116,-112,0.06533892382948991,0.5040997048212529,0.7543627495876196,https://www.oddsportal.com/american-football/usa/nfl-2013-2014/las-vegas-raiders-philadelphia-eagles-j3d5dI9K/
2013-11-03,2014,1,sea,tb,1,-1539,769,0.05406198592843747,0.8908272946417449,1.0,https://www.oddsportal.com/american-football/usa/nfl-2013-2014/seattle-seahawks-tampa-bay-buccaneers-Uge9exPQ/
2013-11-03,2014,0,buf,kc,0,182,-233,0.054309628777713836,0.33634325192412584,0.012393051754038709,https://www.oddsportal.com/american-football/usa/nfl-2013-2014/buffalo-bills-kansas-city-chiefs-hlQ4hlik/
2013-11-03,2014,0,car,atl,1,-400,281,0.062467191601049965,0.7529644268774703,0.7014539934376347,https://www.oddsportal.com/american-football/usa/nfl-2013-2014/carolina-panthers-atlanta-falcons-Q1OCjSL1/
2013-11-03,2014,0,dal,min,1,-500,360,0.050724637681159424,0.7931034482758621,0.9098355932515724,https://www.oddsportal.com/american-football/usa/nfl-2013-2014/dallas-cowboys-minnesota-vikings-v5SGkny8/
2013-11-03,2014,0,lar,ten,0,140,-177,0.05565583634175697,0.39469934454260475,0.21489753773177667,https://www.oddsportal.com/american-football/usa/nfl-2013-2014/los-angeles-rams-tennessee-titans-rwgcbvu8/
2013-11-03,2014,0,nyj,no,1,210,-274,0.05520096601690527,0.30570541114925615,0.11304470390346176,https://www.oddsportal.com/american-football/usa/nfl-2013-2014/new-york-jets-new-orleans-saints-MTi1cbfE/
2013-11-03,2014,0,wsh,lac,1,-116,-118,0.07832144070676184,0.4980305656215535,0.3027320959233481,https://www.oddsportal.com/american-football/usa/nfl-2013-2014/washington-commanders-los-angeles-chargers-WvP8i86e/
2013-10-31,2014,0,mia,cin,1,129,-160,0.05206583809203913,0.4150702426564495,0.19593422793805607,https://www.oddsportal.com/american-football/usa/nfl-2013-2014/miami-dolphins-cincinnati-bengals-Cx97gUyq/
2013-10-28,2014,0,lar,sea,0,525,-800,0.04888888888888876,0.15254237288135594,0.03123968793433111,https://www.oddsportal.com/american-football/usa/nfl-2013-2014/los-angeles-rams-seattle-seahawks-zDovBd7G/
2013-10-27,2014,0,min,gb,0,257,-345,0.055392943694331676,0.2654101929442639,0.023991974801087237,https://www.oddsportal.com/american-football/usa/nfl-2013-2014/minnesota-vikings-green-bay-packers-tjnzCxhA/
2013-10-27,2014,0,ari,atl,1,-148,117,0.05760368663594484,0.5642701525054465,0.720631101642243,https://www.oddsportal.com/american-football/usa/nfl-2013-2014/arizona-cardinals-atlanta-falcons-SnrWCIx4/
2013-10-27,2014,0,den,wsh,1,-625,437,0.04828870480960634,0.8223583460949464,0.9262651669594589,https://www.oddsportal.com/american-football/usa/nfl-2013-2014/denver-broncos-washington-commanders-pOhRDbNc/
2013-10-27,2014,0,cin,nyj,1,-267,205,0.05538928842631874,0.6893384687010624,0.7482446471269931,https://www.oddsportal.com/american-football/usa/nfl-2013-2014/cincinnati-bengals-new-york-jets-6XgNEv8i/
2013-10-27,2014,0,oak,pit,1,115,-145,0.05695301376364492,0.4400538841490795,0.58522487576273,https://www.oddsportal.com/american-football/usa/nfl-2013-2014/las-vegas-raiders-pittsburgh-steelers-IH0ujeVj/
2013-10-27,2014,0,det,dal,1,-163,130,0.05455447181352291,0.5877096723624392,0.44946545559414525,https://www.oddsportal.com/american-football/usa/nfl-2013-2014/detroit-lions-dallas-cowboys-vR1yiyGp/
2013-10-27,2014,0,jax,sf,0,824,-1667,0.05163201258277672,0.10291157641665034,0.0,https://www.oddsportal.com/american-football/usa/nfl-2013-2014/jacksonville-jaguars-san-francisco-49ers-pADhaa84/
2013-10-27,2014,0,kc,cle,1,-370,277,0.052486031943111966,0.7479757627754839,0.9897297800887468,https://www.oddsportal.com/american-football/usa/nfl-2013-2014/kansas-city-chiefs-cleveland-browns-YqP8eH7T/
2013-10-27,2014,0,ne,mia,1,-294,224,0.05483486870965715,0.7074025665399241,0.6943223032476176,https://www.oddsportal.com/american-football/usa/nfl-2013-2014/new-england-patriots-miami-dolphins-za65dchN/
2013-10-27,2014,0,no,buf,1,-588,412,0.04996366279069764,0.8139816577262502,0.8354998686966877,https://www.oddsportal.com/american-football/usa/nfl-2013-2014/new-orleans-saints-buffalo-bills-tx71cwwH/
2013-10-27,2014,0,phi,nyg,0,-253,194,0.056849935441598776,0.6781605003555734,0.8521983392467269,https://www.oddsportal.com/american-football/usa/nfl-2013-2014/philadelphia-eagles-new-york-giants-2o8cbJNA/
2013-10-24,2014,0,tb,car,0,222,-290,0.05414874980092366,0.2946064360175253,0.0,https://www.oddsportal.com/american-football/usa/nfl-2013-2014/tampa-bay-buccaneers-carolina-panthers-6JEl0ugb/
2013-10-21,2014,0,nyg,min,1,-217,171,0.053546276787689084,0.649750848000707,0.0,https://www.oddsportal.com/american-football/usa/nfl-2013-2014/new-york-giants-minnesota-vikings-CdFp1Lwh/
2013-10-20,2014,0,ind,den,1,215,-282,0.055680212748275615,0.30071636621270564,0.04689775398272652,https://www.oddsportal.com/american-football/usa/nfl-2013-2014/indianapolis-colts-denver-broncos-bgBt21Oo/
2013-10-20,2014,0,gb,cle,1,-477,342,0.05293411858810981,0.7851296297675527,0.6870027704417565,https://www.oddsportal.com/american-football/usa/nfl-2013-2014/green-bay-packers-cleveland-browns-fuoWsbwU/
2013-10-20,2014,0,kc,hou,1,-286,217,0.056390055736257994,0.701381689901131,0.9859805754681835,https://www.oddsportal.com/american-football/usa/nfl-2013-2014/kansas-city-chiefs-houston-texans-CdgFotv5/
2013-10-20,2014,0,pit,bal,1,-138,110,0.05602240896358546,0.5490716180371353,0.055686977661323356,https://www.oddsportal.com/american-football/usa/nfl-2013-2014/pittsburgh-steelers-baltimore-ravens-dlXcwIoo/
2013-10-20,2014,0,ten,sf,0,145,-183,0.054806374846758654,0.38695562999931626,0.23006426251741405,https://www.oddsportal.com/american-football/usa/nfl-2013-2014/tennessee-titans-san-francisco-49ers-nFoSrvON/
2013-10-20,2014,0,atl,tb,1,-286,217,0.056390055736257994,0.701381689901131,1.0,https://www.oddsportal.com/american-football/usa/nfl-2013-2014/atlanta-falcons-tampa-bay-buccaneers-8OnOqK8H/
2013-10-20,2014,0,car,lar,1,-339,252,0.056300476289086854,0.7310510451638199,0.20088280209338297,https://www.oddsportal.com/american-football/usa/nfl-2013-2014/carolina-panthers-los-angeles-rams-6eQhUv9U/
2013-10-20,2014,0,det,cin,0,-145,115,0.05695301376364492,0.5599461158509206,0.35102900321569563,https://www.oddsportal.com/american-football/usa/nfl-2013-2014/detroit-lions-cincinnati-bengals-QacJp0gB/
2013-10-20,2014,0,jax,lac,0,267,-357,0.05366118328871505,0.2586026403499341,0.0,https://www.oddsportal.com/american-football/usa/nfl-2013-2014/jacksonville-jaguars-los-angeles-chargers-fLMlVKgO/
2013-10-20,2014,0,mia,buf,0,-304,230,0.05550555055505546,0.7129050596930074,0.8714543339052923,https://www.oddsportal.com/american-football/usa/nfl-2013-2014/miami-dolphins-buffalo-bills-IZgBnMOb/
2013-10-20,2014,0,nyj,ne,1,156,-200,0.05729166666666652,0.3694581280788178,0.045530948390204516,https://www.oddsportal.com/american-football/usa/nfl-2013-2014/new-york-jets-new-england-patriots-vqe7m29h/
2013-10-20,2014,0,phi,dal,0,-169,134,0.05560321545451652,0.5951599795322519,0.2919578927087446,https://www.oddsportal.com/american-football/usa/nfl-2013-2014/philadelphia-eagles-dallas-cowboys-M702lrfn/
2013-10-20,2014,0,wsh,chi,1,-109,-120,0.06698564593301426,0.4887892376681614,0.07727927657771849,https://www.oddsportal.com/american-football/usa/nfl-2013-2014/washington-commanders-chicago-bears-rH1bkOvt/
2013-10-17,2014,0,ari,sea,0,192,-250,0.05675146771037176,0.32407407407407407,0.11627128993967098,https://www.oddsportal.com/american-football/usa/nfl-2013-2014/arizona-cardinals-seattle-seahawks-CdXqW0vI/
2013-10-14,2014,0,lac,ind,1,-108,-120,0.06468531468531458,0.4876847290640395,0.011550431139544664,https://www.oddsportal.com/american-football/usa/nfl-2013-2014/los-angeles-chargers-indianapolis-colts-Y5YuXtPB/
2013-10-13,2014,0,dal,wsh,1,-256,197,0.05580146029584232,0.6810950265156944,0.66501354054153,https://www.oddsportal.com/american-football/usa/nfl-2013-2014/dallas-cowboys-washington-commanders-4WTyYM95/
2013-10-13,2014,0,ne,no,1,-129,101,0.06083121510352174,0.5310164041860369,0.008013692642194377,https://www.oddsportal.com/american-football/usa/nfl-2013-2014/new-england-patriots-new-orleans-saints-QuVXY2fa/
2013-10-13,2014,0,sf,ari,1,-572,400,0.05119047619047623,0.8097395243488108,0.969952307390701,https://www.oddsportal.com/american-football/usa/nfl-2013-2014/san-francisco-49ers-arizona-cardinals-rHuTZrug/
2013-10-13,2014,0,den,jax,1,-10000,1515,0.05201851454495299,0.9411421911421911,1.0,https://www.oddsportal.com/american-football/usa/nfl-2013-2014/denver-broncos-jacksonville-jaguars-zixLy5At/
2013-10-13,2014,0,sea,ten,1,-715,474,0.05151664137149714,0.8343192860482608,0.8998696483961394,https://www.oddsportal.com/american-football/usa/nfl-2013-2014/seattle-seahawks-tennessee-titans-UDyPzPPn/
2013-10-13,2014,0,bal,gb,0,-100,-127,0.05947136563876665,0.47193347193347185,0.9581429426197182,https://www.oddsportal.com/american-football/usa/nfl-2013-2014/baltimore-ravens-green-bay-packers-Iaw2LqQa/
2013-10-13,2014,0,buf,cin,0,199,-260,0.056670382757339155,0.3165113416564094,0.3999509071162653,https://www.oddsportal.com/american-football/usa/nfl-2013-2014/buffalo-bills-cincinnati-bengals-Ysjgto2P/
2013-10-13,2014,0,cle,det,0,110,-138,0.05602240896358546,0.45092838196286467,0.9473758168349418,https://www.oddsportal.com/american-football/usa/nfl-2013-2014/cleveland-browns-detroit-lions-nuVIH1PO/
2013-10-13,2014,0,hou,lar,0,-408,304,0.05067435877446025,0.7644134451287378,0.9625224253250528,https://www.oddsportal.com/american-football/usa/nfl-2013-2014/houston-texans-los-angeles-rams-v9vbMPAg/
2013-10-13,2014,0,kc,oak,1,-400,297,0.05188916876574323,0.7605363984674329,0.9979544328341511,https://www.oddsportal.com/american-football/usa/nfl-2013-2014/kansas-city-chiefs-las-vegas-raiders-8lWEIsAI/
2013-10-13,2014,0,min,car,0,-150,120,0.05454545454545445,0.5689655172413793,0.5689461239659,https://www.oddsportal.com/american-football/usa/nfl-2013-2014/minnesota-vikings-carolina-panthers-ERWAJNfC/
2013-10-13,2014,0,nyj,pit,0,-117,-114,0.07188078728627412,0.5030135004821601,1.0,https://www.oddsportal.com/american-football/usa/nfl-2013-2014/new-york-jets-pittsburgh-steelers-AZZgN5em/
2013-10-13,2014,0,tb,phi,0,115,-145,0.05695301376364492,0.4400538841490795,0.0,https://www.oddsportal.com/american-football/usa/nfl-2013-2014/tampa-bay-buccaneers-philadelphia-eagles-0OS6K3u6/
2013-10-10,2014,0,chi,nyg,1,-400,297,0.05188916876574323,0.7605363984674329,1.0,https://www.oddsportal.com/american-football/usa/nfl-2013-2014/chicago-bears-new-york-giants-WryjOots/
2013-10-07,2014,0,atl,nyj,0,-527,374,0.05148083096117739,0.7993587158957818,0.4181561511703609,https://www.oddsportal.com/american-football/usa/nfl-2013-2014/atlanta-falcons-new-york-jets-joNLuEBE/
2013-10-06,2014,0,oak,lac,1,192,-250,0.05675146771037176,0.32407407407407407,5.417111485275107e-06,https://www.oddsportal.com/american-football/usa/nfl-2013-2014/las-vegas-raiders-los-angeles-chargers-Q7VZHAJ7/
2013-10-06,2014,0,sf,hou,1,-233,180,0.05684255684255679,0.6620661660239497,0.12624754831082186,https://www.oddsportal.com/american-football/usa/nfl-2013-2014/san-francisco-49ers-houston-texans-vBJHtfd8/
2013-10-06,2014,0,dal,den,0,274,-364,0.05186243776507471,0.254196432484551,0.0034942488027038896,https://www.oddsportal.com/american-football/usa/nfl-2013-2014/dallas-cowboys-denver-broncos-nHWVIj41/
2013-10-06,2014,0,ari,car,1,128,-163,0.05836835434594079,0.4144081684104374,0.8891191112834984,https://www.oddsportal.com/american-football/usa/nfl-2013-2014/arizona-cardinals-carolina-panthers-UuxRJWle/
2013-10-06,2014,0,gb,det,1,-392,291,0.05250244318299968,0.7570034375123473,0.015960844569896118,https://www.oddsportal.com/american-football/usa/nfl-2013-2014/green-bay-packers-detroit-lions-jRbvTzS8/
2013-10-06,2014,0,ind,sea,1,118,-148,0.05548978987866238,0.4345997476517594,0.056453717663962476,https://www.oddsportal.com/american-football/usa/nfl-2013-2014/indianapolis-colts-seattle-seahawks-AVLi5XZ1/
2013-10-06,2014,0,nyg,phi,0,-104,-123,0.06137342829508485,0.480324745257228,0.0,https://www.oddsportal.com/american-football/usa/nfl-2013-2014/new-york-giants-philadelphia-eagles-bibrSfsF/
2013-10-06,2014,0,ten,kc,0,115,-145,0.05695301376364492,0.4400538841490795,0.26478513398939085,https://www.oddsportal.com/american-football/usa/nfl-2013-2014/tennessee-titans-kansas-city-chiefs-Cz0zUGC2/
2013-10-06,2014,0,chi,no,0,-122,-106,0.06411265634566599,0.5164392569455861,3.0644249414801915e-05,https://www.oddsportal.com/american-football/usa/nfl-2013-2014/chicago-bears-new-orleans-saints-jkwNKCZl/
2013-10-06,2014,0,cin,ne,1,-110,-119,0.06718851924331393,0.49083129584352075,5.782084053027319e-05,https://www.oddsportal.com/american-football/usa/nfl-2013-2014/cincinnati-bengals-new-england-patriots-dSwJLhKr/
2013-10-06,2014,0,lar,jax,1,-588,407,0.05188982156781785,0.8124911423868134,1.0,https://www.oddsportal.com/american-football/usa/nfl-2013-2014/los-angeles-rams-jacksonville-jaguars-K6niQYBR/
2013-10-06,2014,0,mia,bal,0,-150,120,0.05454545454545445,0.5689655172413793,0.9388533159167163,https://www.oddsportal.com/american-football/usa/nfl-2013-2014/miami-dolphins-baltimore-ravens-xrcnREdL/
2013-10-03,2014,0,cle,buf,1,-200,157,0.055771725032425445,0.6314496314496314,0.037262280367220485,https://www.oddsportal.com/american-football/usa/nfl-2013-2014/cleveland-browns-buffalo-bills-dSHm6DKe/
2013-09-30,2014,0,no,mia,1,-351,261,0.055278820227134595,0.737502255385278,0.15374212808292886,https://www.oddsportal.com/american-football/usa/nfl-2013-2014/new-orleans-saints-miami-dolphins-25Iq7g5k/
2013-09-29,2014,0,atl,ne,0,-151,119,0.05821463006421812,0.5684986848665096,0.014499311651836358,https://www.oddsportal.com/american-football/usa/nfl-2013-2014/atlanta-falcons-new-england-patriots-OEJu8Zkq/
2013-09-29,2014,0,den,phi,1,-541,380,0.05232709308372341,0.802026067082587,0.9999995253330898,https://www.oddsportal.com/american-football/usa/nfl-2013-2014/denver-broncos-philadelphia-eagles-rLyDCFsS/
2013-09-29,2014,0,oak,wsh,0,147,-187,0.0564262438460128,0.3832338527687644,1.0,https://www.oddsportal.com/american-football/usa/nfl-2013-2014/las-vegas-raiders-washington-commanders-A7w5EyDF/
2013-09-29,2014,0,lac,dal,1,-109,-120,0.06698564593301426,0.4887892376681614,0.006340837225948352,https://www.oddsportal.com/american-football/usa/nfl-2013-2014/los-angeles-chargers-dallas-cowboys-4Ux9DeSL/
2013-09-29,2014,0,ten,nyj,1,-192,150,0.05753424657534234,0.6217616580310881,0.07770199680893289,https://www.oddsportal.com/american-football/usa/nfl-2013-2014/tennessee-titans-new-york-jets-CMK1FHc9/
2013-09-29,2014,0,buf,bal,1,147,-187,0.0564262438460128,0.3832338527687644,0.0018855441879591167,https://www.oddsportal.com/american-football/usa/nfl-2013-2014/buffalo-bills-baltimore-ravens-UcVdGcr3/
2013-09-29,2014,0,cle,cin,1,155,-198,0.0565863929464403,0.37115456470295183,0.16820271813414442,https://www.oddsportal.com/american-football/usa/nfl-2013-2014/cleveland-browns-cincinnati-bengals-j7WhHwTd/
2013-09-29,2014,0,det,chi,1,-154,123,0.05472970587196779,0.5748384720966825,9.860107594184884e-06,https://www.oddsportal.com/american-football/usa/nfl-2013-2014/detroit-lions-chicago-bears-2iwBhfjd/
2013-09-29,2014,0,hou,sea,0,-101,-125,0.05804311774461035,0.4749216300940439,0.08307029832044249,https://www.oddsportal.com/american-football/usa/nfl-2013-2014/houston-texans-seattle-seahawks-W2aS0IrG/
2013-09-29,2014,0,jax,ind,0,304,-408,0.05067435877446025,0.23558655487126212,0.0,https://www.oddsportal.com/american-football/usa/nfl-2013-2014/jacksonville-jaguars-indianapolis-colts-AgbWaxbM/
2013-09-29,2014,0,kc,nyg,1,-206,162,0.05488200369206209,0.6381781204181053,1.0,https://www.oddsportal.com/american-football/usa/nfl-2013-2014/kansas-city-chiefs-new-york-giants-O0v7gzyj/
2013-09-29,2014,0,min,pit,1,127,-160,0.05591324974584877,0.417201540436457,,https://www.oddsportal.com/american-football/usa/nfl-2013-2014/minnesota-vikings-pittsburgh-steelers-txk2fGLq/
2013-09-29,2014,0,tb,ari,0,-139,110,0.05778043434947211,0.5498210585797701,0.0,https://www.oddsportal.com/american-football/usa/nfl-2013-2014/tampa-bay-buccaneers-arizona-cardinals-4GczadDS/
2013-09-26,2014,0,lar,sf,0,145,-182,0.05355333622810843,0.38741585382607496,0.6479994649543908,https://www.oddsportal.com/american-football/usa/nfl-2013-2014/los-angeles-rams-san-francisco-49ers-jirV1bT9/
2013-09-23,2014,0,den,oak,1,-1819,874,0.05055893031213854,0.9022716369780903,0.9999681734917539,https://www.oddsportal.com/american-football/usa/nfl-2013-2014/denver-broncos-las-vegas-raiders-C0qR2vE3/
2013-09-22,2014,0,pit,chi,0,106,-136,0.06170807964456149,0.45722256664600125,0.0,https://www.oddsportal.com/american-football/usa/nfl-2013-2014/pittsburgh-steelers-chicago-bears-IwpN3Kbc/
2013-09-22,2014,0,nyj,buf,1,-141,112,0.05676035387144762,0.5536375759371759,0.5,https://www.oddsportal.com/american-football/usa/nfl-2013-2014/new-york-jets-buffalo-bills-4ztJ40qi/
2013-09-22,2014,0,sf,ind,0,-477,345,0.051408875820302624,0.7862685903728261,0.5,https://www.oddsportal.com/american-football/usa/nfl-2013-2014/san-francisco-49ers-indianapolis-colts-2V1ztH6j/
2013-09-22,2014,0,sea,jax,1,-10000,1536,0.0512237042775181,0.941853770869315,1.0,https://www.oddsportal.com/american-football/usa/nfl-2013-2014/seattle-seahawks-jacksonville-jaguars-Ov3Wtcip/
2013-09-22,2014,0,mia,atl,1,-154,123,0.05472970587196779,0.5748384720966825,0.7461126592706667,https://www.oddsportal.com/american-football/usa/nfl-2013-2014/miami-dolphins-atlanta-falcons-WnB4owqT/
2013-09-22,2014,0,bal,hou,1,-123,-105,0.06376462867767696,0.5185070943861814,0.001151173551969174,https://www.oddsportal.com/american-football/usa/nfl-2013-2014/baltimore-ravens-houston-texans-4xBPp6hI/
2013-09-22,2014,0,car,nyg,1,101,-128,0.05891594658287502,0.46983184965380814,,https://www.oddsportal.com/american-football/usa/nfl-2013-2014/carolina-panthers-new-york-giants-GEwgTwNp/
2013-09-22,2014,0,cin,gb,1,118,-148,0.05548978987866238,0.4345997476517594,0.8865895819516193,https://www.oddsportal.com/american-football/usa/nfl-2013-2014/cincinnati-bengals-green-bay-packers-hdC0nJTM/
2013-09-22,2014,0,dal,lar,1,-192,150,0.05753424657534234,0.6217616580310881,0.09241797135401392,https://www.oddsportal.com/american-football/usa/nfl-2013-2014/dallas-cowboys-los-angeles-rams-AXMemaEG/
2013-09-22,2014,0,min,cle,0,-328,247,0.05453957822726174,0.7267201307656944,,https://www.oddsportal.com/american-football/usa/nfl-2013-2014/minnesota-vikings-cleveland-browns-4zKmkLq4/
2013-09-22,2014,0,ne,tb,1,-363,272,0.052834482918785675,0.744672872457758,1.0,https://www.oddsportal.com/american-football/usa/nfl-2013-2014/new-england-patriots-tampa-bay-buccaneers-QqLqj1Uc/
2013-09-22,2014,0,no,ari,1,-351,261,0.055278820227134595,0.737502255385278,0.9999385585710588,https://www.oddsportal.com/american-football/usa/nfl-2013-2014/new-orleans-saints-arizona-cardinals-88QvisFi/
2013-09-22,2014,0,ten,lac,1,-159,127,0.054428248260847356,0.5822108947784428,0.19916039345471198,https://www.oddsportal.com/american-football/usa/nfl-2013-2014/tennessee-titans-los-angeles-chargers-bcJiluaA/
2013-09-22,2014,0,wsh,det,0,-121,-105,0.059706434168414146,0.5166631951676735,0.0,https://www.oddsportal.com/american-football/usa/nfl-2013-2014/washington-commanders-detroit-lions-UHRzhNao/
2013-09-19,2014,0,phi,kc,0,-185,147,0.053981106612685625,0.615877080665813,0.0012461447364916238,https://www.oddsportal.com/american-football/usa/nfl-2013-2014/philadelphia-eagles-kansas-city-chiefs-MDLKonwC/
2013-09-16,2014,0,cin,pit,1,-299,227,0.0551838311374766,0.710182824518969,,https://www.oddsportal.com/american-football/usa/nfl-2013-2014/cincinnati-bengals-pittsburgh-steelers-rNMGnSN5/
2013-09-15,2014,0,sea,sf,1,-160,128,0.053981106612685625,0.5838668373879642,0.5,https://www.oddsportal.com/american-football/usa/nfl-2013-2014/seattle-seahawks-san-francisco-49ers-ln8Dm88a/
2013-09-15,2014,0,oak,jax,1,-204,160,0.055668016194331926,0.6356663470757431,,https://www.oddsportal.com/american-football/usa/nfl-2013-2014/las-vegas-raiders-jacksonville-jaguars-Ae99llgg/
2013-09-15,2014,0,nyg,den,0,154,-196,0.05586294956373705,0.3728711075279653,0.0,https://www.oddsportal.com/american-football/usa/nfl-2013-2014/new-york-giants-denver-broncos-SWJ4kUwm/
2013-09-15,2014,0,ari,det,1,102,-129,0.058368282243071334,0.4677478655173823,0.0,https://www.oddsportal.com/american-football/usa/nfl-2013-2014/arizona-cardinals-detroit-lions-dlTYfjGP/
2013-09-15,2014,0,tb,no,0,137,-173,0.05564056196967582,0.3997013220889885,0.0,https://www.oddsportal.com/american-football/usa/nfl-2013-2014/tampa-bay-buccaneers-new-orleans-saints-ETF0jAOt/
2013-09-15,2014,0,bal,cle,1,-299,227,0.0551838311374766,0.710182824518969,,https://www.oddsportal.com/american-football/usa/nfl-2013-2014/baltimore-ravens-cleveland-browns-v7cHaWol/
2013-09-15,2014,0,buf,car,1,151,-191,0.05476376281814321,0.3777209537778585,,https://www.oddsportal.com/american-football/usa/nfl-2013-2014/buffalo-bills-carolina-panthers-pAmxe80J/
2013-09-15,2014,0,chi,min,1,-286,217,0.056390055736257994,0.701381689901131,1.0,https://www.oddsportal.com/american-football/usa/nfl-2013-2014/chicago-bears-minnesota-vikings-6JlYeloD/
2013-09-15,2014,0,gb,wsh,1,-400,297,0.05188916876574323,0.7605363984674329,,https://www.oddsportal.com/american-football/usa/nfl-2013-2014/green-bay-packers-washington-commanders-CdkUdUV6/
2013-09-15,2014,0,hou,ten,1,-378,282,0.052575083791539745,0.751295552456867,0.5,https://www.oddsportal.com/american-football/usa/nfl-2013-2014/houston-texans-tennessee-titans-AXhD0CWs/
2013-09-15,2014,0,ind,mia,0,-138,110,0.05602240896358546,0.5490716180371353,0.5,https://www.oddsportal.com/american-football/usa/nfl-2013-2014/indianapolis-colts-miami-dolphins-0MoQcAG0/
2013-09-15,2014,0,kc,dal,1,-174,138,0.05520456357725578,0.6018136371563099,0.5,https://www.oddsportal.com/american-football/usa/nfl-2013-2014/kansas-city-chiefs-dallas-cowboys-IcdLbj1f/
2013-09-15,2014,0,phi,lac,0,-345,257,0.055392943694331676,0.7345898070557362,1.0,https://www.oddsportal.com/american-football/usa/nfl-2013-2014/philadelphia-eagles-los-angeles-chargers-8O6o5hOQ/
2013-09-15,2014,0,atl,lar,1,-222,174,0.05440449743845477,0.6538676527497098,0.0,https://www.oddsportal.com/american-football/usa/nfl-2013-2014/atlanta-falcons-los-angeles-rams-IcUUeW0J/
2013-09-12,2014,0,ne,nyj,1,-625,415,0.05624372279879464,0.8161648177496038,0.5,https://www.oddsportal.com/american-football/usa/nfl-2013-2014/new-england-patriots-new-york-jets-QaHt6Y8K/
2013-09-09,2014,0,lac,hou,0,177,-224,0.05236885501626776,0.34304590885990177,,https://www.oddsportal.com/american-football/usa/nfl-2013-2014/los-angeles-chargers-houston-texans-CdDx7EgE/
2013-09-09,2014,0,wsh,phi,0,-200,157,0.055771725032425445,0.6314496314496314,,https://www.oddsportal.com/american-football/usa/nfl-2013-2014/washington-commanders-philadelphia-eagles-bgPfrVGD/
2013-09-08,2014,0,dal,nyg,1,-192,151,0.05594062107733455,0.6227000206739715,,https://www.oddsportal.com/american-football/usa/nfl-2013-2014/dallas-cowboys-new-york-giants-K2QjqB17/
2013-09-08,2014,0,lar,ari,1,-211,164,0.05724447042775016,0.6417215796507073,,https://www.oddsportal.com/american-football/usa/nfl-2013-2014/los-angeles-rams-arizona-cardinals-00AkoXWf/
2013-09-08,2014,0,sf,gb,1,-247,190,0.056643148166550805,0.67365748142575,,https://www.oddsportal.com/american-football/usa/nfl-2013-2014/san-francisco-49ers-green-bay-packers-vi9gpin1/
2013-09-08,2014,0,buf,ne,0,352,-488,0.051170910842213146,0.2104690453009564,,https://www.oddsportal.com/american-football/usa/nfl-2013-2014/buffalo-bills-new-england-patriots-6wBonDHl/
2013-09-08,2014,0,car,sea,0,137,-173,0.05564056196967582,0.3997013220889885,,https://www.oddsportal.com/american-football/usa/nfl-2013-2014/carolina-panthers-seattle-seahawks-6PVCXD2e/
2013-09-08,2014,0,chi,cin,1,-163,130,0.05455447181352291,0.5877096723624392,,https://www.oddsportal.com/american-football/usa/nfl-2013-2014/chicago-bears-cincinnati-bengals-hz7smg2r/
2013-09-08,2014,0,cle,mia,0,-132,104,0.05916159567275181,0.5371848068943506,,https://www.oddsportal.com/american-football/usa/nfl-2013-2014/cleveland-browns-miami-dolphins-ngUEiZgR/
2013-09-08,2014,0,det,min,1,-219,172,0.05416743499907817,0.6512441509598985,,https://www.oddsportal.com/american-football/usa/nfl-2013-2014/detroit-lions-minnesota-vikings-bXmKViX7/
2013-09-08,2014,0,ind,oak,1,-645,442,0.05027365709898701,0.8243297413284917,,https://www.oddsportal.com/american-football/usa/nfl-2013-2014/indianapolis-colts-las-vegas-raiders-0nVGWXH1/
2013-09-08,2014,0,jax,kc,0,153,-196,0.05741907915820965,0.37379400919331207,,https://www.oddsportal.com/american-football/usa/nfl-2013-2014/jacksonville-jaguars-kansas-city-chiefs-SYW8Ygmk/
2013-09-08,2014,0,no,atl,1,-198,147,0.06928782979648407,0.6213757528015653,,https://www.oddsportal.com/american-football/usa/nfl-2013-2014/new-orleans-saints-atlanta-falcons-82VAhFvL/
2013-09-08,2014,0,nyj,tb,1,160,-204,0.055668016194331926,0.364333652924257,,https://www.oddsportal.com/american-football/usa/nfl-2013-2014/new-york-jets-tampa-bay-buccaneers-vTQ6gePE/
2013-09-08,2014,0,pit,ten,0,-275,210,0.05591397849462365,0.6945010183299388,,https://www.oddsportal.com/american-football/usa/nfl-2013-2014/pittsburgh-steelers-tennessee-titans-0xS2fyA8/
2013-09-05,2014,0,den,bal,1,-351,260,0.056048287755604775,0.7369648897702089,,https://www.oddsportal.com/american-football/usa/nfl-2013-2014/denver-broncos-baltimore-ravens-Acx4ZZXr/
2012-12-30,2013,1,wsh,dal,1,-191,145,0.06452065362227355,0.6165755319849793,0.555938191401265,https://www.oddsportal.com/american-football/usa/nfl-2012-2013/washington-commanders-dallas-cowboys-feLTQuY6/
2012-12-30,2013,1,den,kc,1,-1819,789,0.060375465052277644,0.8939187646594151,0.9801496772005339,https://www.oddsportal.com/american-football/usa/nfl-2012-2013/denver-broncos-kansas-city-chiefs-t4TGnNfQ/
2012-12-30,2013,1,lac,oak,1,-445,296,0.0690390139931425,0.7637829403606102,0.6944357763828698,https://www.oddsportal.com/american-football/usa/nfl-2012-2013/los-angeles-chargers-las-vegas-raiders-8bPXPamD/
2012-12-30,2013,1,min,gb,1,133,-178,0.06947231914039587,0.4013049629009441,0.33899451700420513,https://www.oddsportal.com/american-football/usa/nfl-2012-2013/minnesota-vikings-green-bay-packers-pIFrnj4F/
2012-12-30,2013,1,ne,mia,1,-572,395,0.053210678210678264,0.8081863332762459,0.8234351840964961,https://www.oddsportal.com/american-football/usa/nfl-2012-2013/new-england-patriots-miami-dolphins-46SGTsll/
2012-12-30,2013,1,sf,ari,1,-1670,757,0.060188939211148984,0.8899383779279813,0.8455079929443982,https://www.oddsportal.com/american-football/usa/nfl-2012-2013/san-francisco-49ers-arizona-cardinals-0hCJm3uK/
2012-12-30,2013,1,sea,lar,1,-646,395,0.06797194464754797,0.8108375383523087,0.6923284973302611,https://www.oddsportal.com/american-football/usa/nfl-2012-2013/seattle-seahawks-los-angeles-rams-M1DFlqQD/
2012-12-30,2013,1,atl,tb,0,-164,124,0.06764069264069272,0.5818550430816016,0.9099937344132307,https://www.oddsportal.com/american-football/usa/nfl-2012-2013/atlanta-falcons-tampa-bay-buccaneers-nsnKjPc6/
2012-12-30,2013,1,buf,nyj,1,-194,144,0.06970001115200164,0.6168682235195997,0.3823149561963896,https://www.oddsportal.com/american-football/usa/nfl-2012-2013/buffalo-bills-new-york-jets-U5yPkqDC/
2012-12-30,2013,1,cin,bal,1,-235,172,0.0691395961369623,0.6561281051118867,0.3365794483668249,https://www.oddsportal.com/american-football/usa/nfl-2012-2013/cincinnati-bengals-baltimore-ravens-r9uTl3SI/
2012-12-30,2013,1,det,chi,0,133,-178,0.06947231914039587,0.4013049629009441,0.17364629012592428,https://www.oddsportal.com/american-football/usa/nfl-2012-2013/detroit-lions-chicago-bears-dCTADn5J/
2012-12-30,2013,1,ind,hou,1,205,-282,0.06608874774697449,0.3075436760325255,0.2532990244560249,https://www.oddsportal.com/american-football/usa/nfl-2012-2013/indianapolis-colts-houston-texans-nXdumWl9/
2012-12-30,2013,1,no,car,0,-224,166,0.06729787431541823,0.6477648286658548,0.5925188563566384,https://www.oddsportal.com/american-football/usa/nfl-2012-2013/new-orleans-saints-carolina-panthers-QFTCUNYs/
2012-12-30,2013,1,nyg,phi,1,-317,232,0.06139666579989034,0.7162184233449477,0.8027661653915764,https://www.oddsportal.com/american-football/usa/nfl-2012-2013/new-york-giants-philadelphia-eagles-YuXKS13f/
2012-12-30,2013,1,pit,cle,1,-541,350,0.06621598197261225,0.791578605104861,0.641527198541834,https://www.oddsportal.com/american-football/usa/nfl-2012-2013/pittsburgh-steelers-cleveland-browns-CWVORLI0/
2012-12-30,2013,1,ten,jax,1,-263,192,0.0669836597607456,0.6790337412463748,0.786972434966529,https://www.oddsportal.com/american-football/usa/nfl-2012-2013/tennessee-titans-jacksonville-jaguars-hAcylCZ2/
2012-12-23,2013,1,sea,sf,1,-140,112,0.055031446540880546,0.5529061102831595,0.33520447001308046,https://www.oddsportal.com/american-football/usa/nfl-2012-2013/seattle-seahawks-san-francisco-49ers-zPZ8gRDm/
2012-12-23,2013,1,ari,chi,0,232,-317,0.06139666579989034,0.28378157665505227,0.2581484253001251,https://www.oddsportal.com/american-football/usa/nfl-2012-2013/arizona-cardinals-chicago-bears-EFYChoTg/
2012-12-23,2013,1,bal,nyg,1,105,-141,0.07286711871268103,0.4546740873502499,0.5128254885457197,https://www.oddsportal.com/american-football/usa/nfl-2012-2013/baltimore-ravens-new-york-giants-n1IWCFE8/
2012-12-23,2013,1,den,cle,1,-646,395,0.06797194464754797,0.8108375383523087,0.9163705803891631,https://www.oddsportal.com/american-football/usa/nfl-2012-2013/denver-broncos-cleveland-browns-h0p4f7bs/
2012-12-23,2013,1,car,oak,1,-426,295,0.06305048852096062,0.7618508624983023,0.7305748231217555,https://www.oddsportal.com/american-football/usa/nfl-2012-2013/carolina-panthers-las-vegas-raiders-UPmn53e2/
2012-12-23,2013,1,dal,no,0,-151,115,0.06670990456777548,0.563971163033093,0.6702163427636358,https://www.oddsportal.com/american-football/usa/nfl-2012-2013/dallas-cowboys-new-orleans-saints-rDFG9Ooe/
2012-12-23,2013,1,gb,ten,1,-692,414,0.06828990292025305,0.8178841448832803,0.8705351646987363,https://www.oddsportal.com/american-football/usa/nfl-2012-2013/green-bay-packers-tennessee-titans-xzFK8r11/
2012-12-23,2013,1,hou,min,0,-371,269,0.05868848497402168,0.7440203479366736,0.8361111350190134,https://www.oddsportal.com/american-football/usa/nfl-2012-2013/houston-texans-minnesota-vikings-tOHzCZTE/
2012-12-23,2013,1,jax,ne,0,546,-1116,0.07256191950464386,0.14432617716038249,0.03821081937904309,https://www.oddsportal.com/american-football/usa/nfl-2012-2013/jacksonville-jaguars-new-england-patriots-8AJSDea2/
2012-12-23,2013,1,kc,ind,0,191,-267,0.07116304765115133,0.3208126087222567,0.04147323290750094,https://www.oddsportal.com/american-football/usa/nfl-2012-2013/kansas-city-chiefs-indianapolis-colts-GQDO72G7/
2012-12-23,2013,1,mia,buf,1,-235,172,0.0691395961369623,0.6561281051118867,0.5916022530888043,https://www.oddsportal.com/american-football/usa/nfl-2012-2013/miami-dolphins-buffalo-bills-hrc7Wog8/
2012-12-23,2013,1,nyj,lac,0,-171,127,0.0715249443243331,0.5888769209763794,0.7512386621686745,https://www.oddsportal.com/american-football/usa/nfl-2012-2013/new-york-jets-los-angeles-chargers-8jmGi5r0/
2012-12-23,2013,1,phi,wsh,0,174,-238,0.0691055154839546,0.3413727628974266,0.20687634730614976,https://www.oddsportal.com/american-football/usa/nfl-2012-2013/philadelphia-eagles-washington-commanders-WYeBV58E/
2012-12-23,2013,1,pit,cin,0,-191,145,0.06452065362227355,0.6165755319849793,0.47310253073303227,https://www.oddsportal.com/american-football/usa/nfl-2012-2013/pittsburgh-steelers-cincinnati-bengals-QeeFUPNK/
2012-12-23,2013,1,tb,lar,0,-157,120,0.06544039617969588,0.5733731739707836,0.3084302938958877,https://www.oddsportal.com/american-football/usa/nfl-2012-2013/tampa-bay-buccaneers-los-angeles-rams-jZlr6qtd/
2012-12-22,2013,1,det,atl,0,156,-213,0.07113618210862604,0.3646828540802536,0.09964399172479538,https://www.oddsportal.com/american-football/usa/nfl-2012-2013/detroit-lions-atlanta-falcons-U9BCA4Wl/
2012-12-17,2013,1,ten,nyj,1,-119,-119,0.08675799086757996,0.5,0.2721161036698123,https://www.oddsportal.com/american-football/usa/nfl-2012-2013/tennessee-titans-new-york-jets-noM7BpHr/
2012-12-16,2013,1,ne,sf,0,-213,164,0.05929906089650494,0.642416487684504,0.5761148757325789,https://www.oddsportal.com/american-football/usa/nfl-2012-2013/new-england-patriots-san-francisco-49ers-pxztGQ8R/
2012-12-16,2013,1,dal,pit,1,-117,-110,0.06298003072196634,0.5072254335260115,0.5769739993673542,https://www.oddsportal.com/american-football/usa/nfl-2012-2013/dallas-cowboys-pittsburgh-steelers-bLyYHnvF/
2012-12-16,2013,1,oak,kc,1,-235,172,0.0691395961369623,0.6561281051118867,0.6302611132454035,https://www.oddsportal.com/american-football/usa/nfl-2012-2013/las-vegas-raiders-kansas-city-chiefs-xCzxH6gL/
2012-12-16,2013,1,ari,det,1,219,-304,0.06595487134920397,0.2940833915676683,0.5255218728854937,https://www.oddsportal.com/american-football/usa/nfl-2012-2013/arizona-cardinals-detroit-lions-2grPJ892/
2012-12-16,2013,1,lac,car,0,-171,127,0.0715249443243331,0.5888769209763794,0.4716872023197052,https://www.oddsportal.com/american-football/usa/nfl-2012-2013/los-angeles-chargers-carolina-panthers-ljfsePW1/
2012-12-16,2013,1,buf,sea,0,180,-250,0.0714285714285714,0.33333333333333337,0.21806021337070233,https://www.oddsportal.com/american-football/usa/nfl-2012-2013/buffalo-bills-seattle-seahawks-GdnTISO8/
2012-12-16,2013,1,atl,nyg,1,-129,-105,0.07551389924379581,0.523767082590612,0.6977737266756205,https://www.oddsportal.com/american-football/usa/nfl-2012-2013/atlanta-falcons-new-york-giants-8I3n6ku3/
2012-12-16,2013,1,bal,den,0,124,-164,0.06764069264069272,0.41814495691839837,0.37653833037408546,https://www.oddsportal.com/american-football/usa/nfl-2012-2013/baltimore-ravens-denver-broncos-hO0Ydo2k/
2012-12-16,2013,1,chi,gb,0,117,-152,0.06400409626216064,0.43310875842155927,0.4126147656115143,https://www.oddsportal.com/american-football/usa/nfl-2012-2013/chicago-bears-green-bay-packers-xh8j59f9/
2012-12-16,2013,1,cle,wsh,0,-163,118,0.07848745944814595,0.5746676585697189,0.2617857304750933,https://www.oddsportal.com/american-football/usa/nfl-2012-2013/cleveland-browns-washington-commanders-Gr7f4T9F/
2012-12-16,2013,1,hou,ind,1,-541,350,0.06621598197261225,0.791578605104861,0.779674179085072,https://www.oddsportal.com/american-football/usa/nfl-2012-2013/houston-texans-indianapolis-colts-Aaewd5He/
2012-12-16,2013,1,lar,min,0,-151,115,0.06670990456777548,0.563971163033093,0.5039078433385425,https://www.oddsportal.com/american-football/usa/nfl-2012-2013/los-angeles-rams-minnesota-vikings-dhF227vS/
2012-12-16,2013,1,mia,jax,1,-351,255,0.05996065082289759,0.7342447187767007,0.8058750942831151,https://www.oddsportal.com/american-football/usa/nfl-2012-2013/miami-dolphins-jacksonville-jaguars-b7da3mPL/
2012-12-16,2013,1,no,tb,1,-224,166,0.06729787431541823,0.6477648286658548,0.4779592765354637,https://www.oddsportal.com/american-football/usa/nfl-2012-2013/new-orleans-saints-tampa-bay-buccaneers-EX1UcRnq/
2012-12-13,2013,1,phi,cin,0,182,-238,0.05875194091233382,0.3349320226723215,0.3344639281726007,https://www.oddsportal.com/american-football/usa/nfl-2012-2013/philadelphia-eagles-cincinnati-bengals-UR4r7VPd/
2012-12-10,2013,1,ne,hou,1,-250,192,0.05675146771037176,0.6759259259259259,0.21734774887997899,https://www.oddsportal.com/american-football/usa/nfl-2012-2013/new-england-patriots-houston-texans-SMQarnmd/
2012-12-09,2013,1,gb,det,1,-317,245,0.050046918986550004,0.7239598848177936,0.8359899141043773,https://www.oddsportal.com/american-football/usa/nfl-2012-2013/green-bay-packers-detroit-lions-EJMeqSXk/
2012-12-09,2013,1,nyg,no,1,-224,166,0.06729787431541823,0.6477648286658548,0.6889341560824567,https://www.oddsportal.com/american-football/usa/nfl-2012-2013/new-york-giants-new-orleans-saints-KdNip8Iq/
2012-12-09,2013,1,sea,ari,1,-541,350,0.06621598197261225,0.791578605104861,0.7293865824547409,https://www.oddsportal.com/american-football/usa/nfl-2012-2013/seattle-seahawks-arizona-cardinals-rXaO1zlH/
2012-12-09,2013,1,sf,mia,1,-588,374,0.06562162692571882,0.8020212251663251,0.8003540690747615,https://www.oddsportal.com/american-football/usa/nfl-2012-2013/san-francisco-49ers-miami-dolphins-2LrR2GYA/
2012-12-09,2013,1,buf,lar,0,-200,150,0.06666666666666665,0.625,0.384547407537812,https://www.oddsportal.com/american-football/usa/nfl-2012-2013/buffalo-bills-los-angeles-rams-G4Kqjwk5/
2012-12-09,2013,1,car,atl,1,139,-185,0.06753284885854804,0.39194114006738634,0.03339379357043749,https://www.oddsportal.com/american-football/usa/nfl-2012-2013/carolina-panthers-atlanta-falcons-fkh67vKu/
2012-12-09,2013,1,cin,dal,0,-200,150,0.06666666666666665,0.625,0.48911717494449547,https://www.oddsportal.com/american-football/usa/nfl-2012-2013/cincinnati-bengals-dallas-cowboys-ARJmkc4B/
2012-12-09,2013,1,cle,kc,1,-333,240,0.06317076484173345,0.7233580373115257,0.7734961055706487,https://www.oddsportal.com/american-football/usa/nfl-2012-2013/cleveland-browns-kansas-city-chiefs-M1NilHJH/
2012-12-09,2013,1,ind,ten,1,-224,166,0.06729787431541823,0.6477648286658548,0.7720987144188622,https://www.oddsportal.com/american-football/usa/nfl-2012-2013/indianapolis-colts-tennessee-titans-G4tF5Ilh/
2012-12-09,2013,1,jax,nyj,0,129,-170,0.06631085233705325,0.40952525405733353,0.15278178081613375,https://www.oddsportal.com/american-football/usa/nfl-2012-2013/jacksonville-jaguars-new-york-jets-YuiA6bZo/
2012-12-09,2013,1,min,chi,1,-105,-129,0.07551389924379581,0.47623291740938806,0.2695347325232412,https://www.oddsportal.com/american-football/usa/nfl-2012-2013/minnesota-vikings-chicago-bears-U7pJ4x4b/
2012-12-09,2013,1,pit,lac,0,-400,282,0.06178010471204187,0.7534516765285997,0.8028894965440387,https://www.oddsportal.com/american-football/usa/nfl-2012-2013/pittsburgh-steelers-los-angeles-chargers-OUqN3dJ4/
2012-12-09,2013,1,tb,phi,0,-339,245,0.06206463966194575,0.7270833980914488,0.7013896509716145,https://www.oddsportal.com/american-football/usa/nfl-2012-2013/tampa-bay-buccaneers-philadelphia-eagles-rHB0nelU/
2012-12-09,2013,1,wsh,bal,1,-140,105,0.07113821138211396,0.5445920303605313,0.23512187233552823,https://www.oddsportal.com/american-football/usa/nfl-2012-2013/washington-commanders-baltimore-ravens-4QCdmyZN/
2012-12-06,2013,1,oak,den,0,437,-627,0.048668157449173854,0.1775773756164524,0.05079908776980614,https://www.oddsportal.com/american-football/usa/nfl-2012-2013/las-vegas-raiders-denver-broncos-xELuiJZb/
2012-12-03,2013,1,wsh,nyg,1,115,-144,0.05528021349599688,0.4407514450867052,0.31260302845448396,https://www.oddsportal.com/american-football/usa/nfl-2012-2013/washington-commanders-new-york-giants-KxRzhaKh/
2012-12-02,2013,1,dal,phi,1,-588,412,0.04996366279069764,0.8139816577262502,0.7546978859099568,https://www.oddsportal.com/american-football/usa/nfl-2012-2013/dallas-cowboys-philadelphia-eagles-tnSWhu5n/
2012-12-02,2013,1,bal,pit,0,-333,240,0.06317076484173345,0.7233580373115257,0.8443539129472959,https://www.oddsportal.com/american-football/usa/nfl-2012-2013/baltimore-ravens-pittsburgh-steelers-nPSSgLkt/
2012-12-02,2013,1,oak,cle,0,110,-146,0.06968641114982566,0.4451682953311618,0.40721574035472974,https://www.oddsportal.com/american-football/usa/nfl-2012-2013/las-vegas-raiders-cleveland-browns-A3y1b1sP/
2012-12-02,2013,1,lac,cin,0,-115,-122,0.08443327047978211,0.4932380216383307,0.28886270280013693,https://www.oddsportal.com/american-football/usa/nfl-2012-2013/los-angeles-chargers-cincinnati-bengals-6VAKk9wP/
2012-12-02,2013,1,den,tb,1,-385,272,0.06263163729076604,0.7470269142499477,0.8037231055823656,https://www.oddsportal.com/american-football/usa/nfl-2012-2013/denver-broncos-tampa-bay-buccaneers-SvCGjkOI/
2012-12-02,2013,1,buf,jax,1,-294,217,0.06165030665022653,0.7028612799589737,0.6830184669129153,https://www.oddsportal.com/american-football/usa/nfl-2012-2013/buffalo-bills-jacksonville-jaguars-pvPP0ZoQ/
2012-12-02,2013,1,chi,sea,0,-171,127,0.0715249443243331,0.5888769209763794,0.7516276892916777,https://www.oddsportal.com/american-football/usa/nfl-2012-2013/chicago-bears-seattle-seahawks-dMYtdja5/
2012-12-02,2013,1,det,ind,0,-339,245,0.06206463966194575,0.7270833980914488,0.29518387678280866,https://www.oddsportal.com/american-football/usa/nfl-2012-2013/detroit-lions-indianapolis-colts-QX6hdgfs/
2012-12-02,2013,1,gb,min,1,-400,282,0.06178010471204187,0.7534516765285997,0.6979214801956368,https://www.oddsportal.com/american-football/usa/nfl-2012-2013/green-bay-packers-minnesota-vikings-WpSJnhOG/
2012-12-02,2013,1,kc,car,1,127,-171,0.0715249443243331,0.4111230790236206,0.13168681548522246,https://www.oddsportal.com/american-football/usa/nfl-2012-2013/kansas-city-chiefs-carolina-panthers-Cl94giv0/
2012-12-02,2013,1,lar,sf,1,269,-371,0.05868848497402168,0.2559796520633264,0.12789381188247895,https://www.oddsportal.com/american-football/usa/nfl-2012-2013/los-angeles-rams-san-francisco-49ers-bo50fXOg/
2012-12-02,2013,1,mia,ne,0,269,-371,0.05868848497402168,0.2559796520633264,0.18892014504990262,https://www.oddsportal.com/american-football/usa/nfl-2012-2013/miami-dolphins-new-england-patriots-fDb9hBg6/
2012-12-02,2013,1,nyj,ari,1,-282,205,0.06608874774697449,0.6924563239674744,0.5389036374417515,https://www.oddsportal.com/american-football/usa/nfl-2012-2013/new-york-jets-arizona-cardinals-Y3cDiV8C/
2012-12-02,2013,1,ten,hou,0,232,-317,0.06139666579989034,0.28378157665505227,0.03519314881453265,https://www.oddsportal.com/american-football/usa/nfl-2012-2013/tennessee-titans-houston-texans-4O5deD9m/
2012-11-29,2013,1,atl,no,1,-200,156,0.05729166666666652,0.6305418719211823,0.9168089200385066,https://www.oddsportal.com/american-football/usa/nfl-2012-2013/atlanta-falcons-new-orleans-saints-pnVxcWqa/
2012-11-26,2013,1,phi,car,0,142,-178,0.0535109102800404,0.39223432473615893,0.5768797577182875,https://www.oddsportal.com/american-football/usa/nfl-2012-2013/philadelphia-eagles-carolina-panthers-jPVYcCUh/
2012-11-25,2013,1,nyg,gb,1,-133,105,0.05862032869255729,0.539206961336893,0.19473299903421187,https://www.oddsportal.com/american-football/usa/nfl-2012-2013/new-york-giants-green-bay-packers-CYWUbhFn/
2012-11-25,2013,1,ari,lar,0,-121,-104,0.05731523378582204,0.5178316690442226,0.6045479302689786,https://www.oddsportal.com/american-football/usa/nfl-2012-2013/arizona-cardinals-los-angeles-rams-IXEdH0VD/
2012-11-25,2013,1,no,sf,0,110,-135,0.050658561296859084,0.4532304725168756,0.10344023548346835,https://www.oddsportal.com/american-football/usa/nfl-2012-2013/new-orleans-saints-san-francisco-49ers-fcxQaYat/
2012-11-25,2013,1,lac,bal,0,-108,-118,0.06051517290049402,0.4896023956080519,0.07119372189229732,https://www.oddsportal.com/american-football/usa/nfl-2012-2013/los-angeles-chargers-baltimore-ravens-4UQEhHhD/
2012-11-25,2013,1,chi,min,1,-282,205,0.06608874774697449,0.6924563239674744,0.7158064486178347,https://www.oddsportal.com/american-football/usa/nfl-2012-2013/chicago-bears-minnesota-vikings-UmfJ3s1E/
2012-11-25,2013,1,cin,oak,1,-400,282,0.06178010471204187,0.7534516765285997,0.6926184416665373,https://www.oddsportal.com/american-football/usa/nfl-2012-2013/cincinnati-bengals-las-vegas-raiders-OAgN21GK/
2012-11-25,2013,1,cle,pit,1,-105,-129,0.07551389924379581,0.47623291740938806,0.14266649814247698,https://www.oddsportal.com/american-football/usa/nfl-2012-2013/cleveland-browns-pittsburgh-steelers-xEcR1LVQ/
2012-11-25,2013,1,ind,buf,1,-146,110,0.06968641114982566,0.5548317046688382,0.6808858013405309,https://www.oddsportal.com/american-football/usa/nfl-2012-2013/indianapolis-colts-buffalo-bills-rezfcuvr/
2012-11-25,2013,1,jax,ten,1,144,-194,0.06970001115200164,0.3831317764804004,0.12976058523907505,https://www.oddsportal.com/american-football/usa/nfl-2012-2013/jacksonville-jaguars-tennessee-titans-jRMAgcw7/
2012-11-25,2013,1,kc,den,0,374,-588,0.06562162692571882,0.1979787748336748,0.020935648987402532,https://www.oddsportal.com/american-football/usa/nfl-2012-2013/kansas-city-chiefs-denver-broncos-MoZcdagl/
2012-11-25,2013,1,mia,sea,1,139,-185,0.06753284885854804,0.39194114006738634,0.21286946285072522,https://www.oddsportal.com/american-football/usa/nfl-2012-2013/miami-dolphins-seattle-seahawks-UBY1eJ8f/
2012-11-25,2013,1,tb,atl,0,-110,-125,0.07936507936507953,0.48529411764705876,0.1058162772782679,https://www.oddsportal.com/american-football/usa/nfl-2012-2013/tampa-bay-buccaneers-atlanta-falcons-82X5fwO0/
2012-11-22,2013,1,nyj,ne,0,257,-333,0.04916516260083714,0.26698565183344536,0.2318160440647581,https://www.oddsportal.com/american-football/usa/nfl-2012-2013/new-york-jets-new-england-patriots-jceF4No8/
2012-11-22,2013,1,dal,wsh,0,-185,149,0.05072923272035501,0.6177831422249045,0.6916467891625826,https://www.oddsportal.com/american-football/usa/nfl-2012-2013/dallas-cowboys-washington-commanders-EuCWuv97/
2012-11-22,2013,1,det,hou,0,145,-191,0.06452065362227355,0.3834244680150208,0.049547851197227044,https://www.oddsportal.com/american-football/usa/nfl-2012-2013/detroit-lions-houston-texans-zkDStKg1/
2012-11-19,2013,1,sf,chi,1,-204,160,0.055668016194331926,0.6356663470757431,0.4198536860695385,https://www.oddsportal.com/american-football/usa/nfl-2012-2013/san-francisco-49ers-chicago-bears-tSDOs0ve/
2012-11-18,2013,1,pit,bal,0,127,-171,0.0715249443243331,0.4111230790236206,0.2754959910640019,https://www.oddsportal.com/american-football/usa/nfl-2012-2013/pittsburgh-steelers-baltimore-ravens-rseLrtPl/
2012-11-18,2013,1,den,lac,1,-371,269,0.05868848497402168,0.7440203479366736,0.8812586941725097,https://www.oddsportal.com/american-football/usa/nfl-2012-2013/denver-broncos-los-angeles-chargers-0I5GqM9r/
2012-11-18,2013,1,ne,ind,1,-445,318,0.055748211228655364,0.7733981955012266,0.5681436343417609,https://www.oddsportal.com/american-football/usa/nfl-2012-2013/new-england-patriots-indianapolis-colts-8KQyi4H8/
2012-11-18,2013,1,oak,no,0,192,-263,0.0669836597607456,0.3209662587536252,0.357488048604771,https://www.oddsportal.com/american-football/usa/nfl-2012-2013/las-vegas-raiders-new-orleans-saints-b9Jll21R/
2012-11-18,2013,1,atl,ari,1,-477,324,0.06253883130048066,0.7780325295828396,0.815050469650937,https://www.oddsportal.com/american-football/usa/nfl-2012-2013/atlanta-falcons-arizona-cardinals-QuXIzqXR/
2012-11-18,2013,1,car,tb,0,-119,-119,0.08675799086757996,0.5,0.34799888941048396,https://www.oddsportal.com/american-football/usa/nfl-2012-2013/carolina-panthers-tampa-bay-buccaneers-jqGtjOWE/
2012-11-18,2013,1,dal,cle,1,-371,269,0.05868848497402168,0.7440203479366736,0.8268434017461701,https://www.oddsportal.com/american-football/usa/nfl-2012-2013/dallas-cowboys-cleveland-browns-rLJpW2uq/
2012-11-18,2013,1,det,gb,0,127,-171,0.0715249443243331,0.4111230790236206,0.18506913012244408,https://www.oddsportal.com/american-football/usa/nfl-2012-2013/detroit-lions-green-bay-packers-MBIlVMfk/
2012-11-18,2013,1,hou,jax,1,-1429,674,0.06379674273266378,0.8785491990919387,0.9905767637533708,https://www.oddsportal.com/american-football/usa/nfl-2012-2013/houston-texans-jacksonville-jaguars-UZEpkrnL/
2012-11-18,2013,1,kc,cin,0,144,-194,0.06970001115200164,0.3831317764804004,0.13481127715606786,https://www.oddsportal.com/american-football/usa/nfl-2012-2013/kansas-city-chiefs-cincinnati-bengals-2NZoUtAe/
2012-11-18,2013,1,lar,nyj,0,-200,150,0.06666666666666665,0.625,0.5327865231981426,https://www.oddsportal.com/american-football/usa/nfl-2012-2013/los-angeles-rams-new-york-jets-tEYkT0P1/
2012-11-18,2013,1,wsh,phi,1,-200,150,0.06666666666666665,0.625,0.44821348741289185,https://www.oddsportal.com/american-football/usa/nfl-2012-2013/washington-commanders-philadelphia-eagles-fHMXip22/
2012-11-15,2013,1,buf,mia,1,-140,115,0.04844961240310086,0.5563770794824399,0.3717271562579261,https://www.oddsportal.com/american-football/usa/nfl-2012-2013/buffalo-bills-miami-dolphins-CxTEyPHL/
2012-11-12,2013,1,pit,kc,1,-769,496,0.052710436280226425,0.8406159670153919,0.9393759499649655,https://www.oddsportal.com/american-football/usa/nfl-2012-2013/pittsburgh-steelers-kansas-city-chiefs-UDwAx52F/
2012-11-11,2013,1,chi,hou,0,-123,-100,0.05156950672645744,0.5245202558635395,0.44652587350330286,https://www.oddsportal.com/american-football/usa/nfl-2012-2013/chicago-bears-houston-texans-jNv6wom9/
2012-11-11,2013,1,phi,dal,0,106,-133,0.05625234384766031,0.4595842045051087,0.3906944671454331,https://www.oddsportal.com/american-football/usa/nfl-2012-2013/philadelphia-eagles-dallas-cowboys-rcybu7Id/
2012-11-11,2013,1,sea,nyj,1,-274,217,0.04807773410482641,0.6990133432052664,0.6404134861454295,https://www.oddsportal.com/american-football/usa/nfl-2012-2013/seattle-seahawks-new-york-jets-pMa5vqId/
2012-11-11,2013,1,bal,oak,1,-378,295,0.04395953604152325,0.7574958145198113,0.8831281547869052,https://www.oddsportal.com/american-football/usa/nfl-2012-2013/baltimore-ravens-las-vegas-raiders-Yod1uP2j/
2012-11-11,2013,1,car,den,0,167,-206,0.047734449585077554,0.35746828345132126,0.10815939903787626,https://www.oddsportal.com/american-football/usa/nfl-2012-2013/carolina-panthers-denver-broncos-vPdct5mp/
2012-11-11,2013,1,cin,nyg,1,180,-224,0.04850088183421519,0.3406223717409588,0.1702772267363396,https://www.oddsportal.com/american-football/usa/nfl-2012-2013/cincinnati-bengals-new-york-giants-YNDElTu4/
2012-11-11,2013,1,mia,ten,0,-294,229,0.0501442611821703,0.7105622731880757,0.5922903674344913,https://www.oddsportal.com/american-football/usa/nfl-2012-2013/miami-dolphins-tennessee-titans-jaO9k9Qc/
2012-11-11,2013,1,min,det,1,139,-169,0.04666282994509352,0.39975628241518174,0.4947199620619413,https://www.oddsportal.com/american-football/usa/nfl-2012-2013/minnesota-vikings-detroit-lions-nRHImmeA/
2012-11-11,2013,1,ne,buf,1,-769,516,0.04726286371855992,0.8449886194176282,0.8039809338070077,https://www.oddsportal.com/american-football/usa/nfl-2012-2013/new-england-patriots-buffalo-bills-tlHMn7AG/
2012-11-11,2013,1,no,atl,1,106,-130,0.050654284508231395,0.4620329449578144,0.003792144206544471,https://www.oddsportal.com/american-football/usa/nfl-2012-2013/new-orleans-saints-atlanta-falcons-KvGQoRPM/
2012-11-11,2013,1,tb,lac,1,-171,140,0.04766297662976626,0.6022894041678897,0.5227953109909171,https://www.oddsportal.com/american-football/usa/nfl-2012-2013/tampa-bay-buccaneers-los-angeles-chargers-xGAVpouT/
2012-11-08,2013,1,jax,ind,0,156,-194,0.05048894557823136,0.3718506526358393,0.07347323958684443,https://www.oddsportal.com/american-football/usa/nfl-2012-2013/jacksonville-jaguars-indianapolis-colts-C8P5jkBi/
2012-11-05,2013,1,no,phi,1,-150,123,0.04843049327354265,0.5722840034217279,0.10488503630652696,https://www.oddsportal.com/american-football/usa/nfl-2012-2013/new-orleans-saints-philadelphia-eagles-biMOR5Yj/
2012-11-04,2013,1,atl,dal,1,-228,182,0.0497318802975264,0.6621899975282194,0.9885404457209966,https://www.oddsportal.com/american-football/usa/nfl-2012-2013/atlanta-falcons-dallas-cowboys-K0NKSoJp/
2012-11-04,2013,1,nyg,pit,0,-205,165,0.04948963810702134,0.6404361921603301,0.6707486300328205,https://www.oddsportal.com/american-football/usa/nfl-2012-2013/new-york-giants-pittsburgh-steelers-v39jpElI/
2012-11-04,2013,1,oak,tb,0,-125,-110,0.07936507936507953,0.5147058823529411,0.6918163457257429,https://www.oddsportal.com/american-football/usa/nfl-2012-2013/las-vegas-raiders-tampa-bay-buccaneers-Wx6rnzK5/
2012-11-04,2013,1,sea,min,1,-250,180,0.0714285714285714,0.6666666666666667,0.4608907193438196,https://www.oddsportal.com/american-football/usa/nfl-2012-2013/seattle-seahawks-minnesota-vikings-Qa5nofZB/
2012-11-04,2013,0,cin,den,0,172,-235,0.0691395961369623,0.3438718948881133,0.16188466548058592,https://www.oddsportal.com/american-football/usa/nfl-2012-2013/cincinnati-bengals-denver-broncos-IZu9Xz5C/
2012-11-04,2013,0,cle,bal,0,150,-200,0.06666666666666665,0.375,0.08688204413500876,https://www.oddsportal.com/american-football/usa/nfl-2012-2013/cleveland-browns-baltimore-ravens-n9pDWfKI/
2012-11-04,2013,0,gb,ari,1,-527,362,0.056960583276372656,0.7952144858805777,0.6769991831432298,https://www.oddsportal.com/american-football/usa/nfl-2012-2013/green-bay-packers-arizona-cardinals-QaqHVEZO/
2012-11-04,2013,0,hou,buf,1,-588,374,0.06562162692571882,0.8020212251663251,0.9423950869266604,https://www.oddsportal.com/american-football/usa/nfl-2012-2013/houston-texans-buffalo-bills-hn7vmG4a/
2012-11-04,2013,0,ind,mia,1,110,-146,0.06968641114982566,0.4451682953311618,0.48976282819066913,https://www.oddsportal.com/american-football/usa/nfl-2012-2013/indianapolis-colts-miami-dolphins-2cERkIKt/
2012-11-04,2013,0,jax,det,0,187,-263,0.0729499620852172,0.32474212970003846,0.15007419520580673,https://www.oddsportal.com/american-football/usa/nfl-2012-2013/jacksonville-jaguars-detroit-lions-zBCZmdkg/
2012-11-04,2013,0,ten,chi,0,162,-223,0.0720818660931628,0.3560170182748055,0.1072237067630638,https://www.oddsportal.com/american-football/usa/nfl-2012-2013/tennessee-titans-chicago-bears-S4NafbCP/
2012-11-04,2013,0,wsh,car,0,-171,139,0.04940635180410391,0.6012888228457091,0.8208590882467394,https://www.oddsportal.com/american-football/usa/nfl-2012-2013/washington-commanders-carolina-panthers-dKDVlxzm/
2012-11-01,2013,0,lac,kc,1,-313,245,0.04772432185844133,0.7233479586026726,0.832859457658027,https://www.oddsportal.com/american-football/usa/nfl-2012-2013/los-angeles-chargers-kansas-city-chiefs-vqs5YGk6/
2012-10-29,2013,0,ari,sf,0,269,-346,0.04678746339032891,0.2588899079373556,0.3198509415028816,https://www.oddsportal.com/american-football/usa/nfl-2012-2013/arizona-cardinals-san-francisco-49ers-6kk6X4Ve/
2012-10-28,2013,0,den,no,1,-282,217,0.053677308537169344,0.7006128814834554,0.9194230008305504,https://www.oddsportal.com/american-football/usa/nfl-2012-2013/denver-broncos-new-orleans-saints-rHmdzwLg/
2012-10-28,2013,0,dal,nyg,0,122,-149,0.04884402474763916,0.42947324847355894,0.4166724680849266,https://www.oddsportal.com/american-football/usa/nfl-2012-2013/dallas-cowboys-new-york-giants-z59CnHeJ/
2012-10-28,2013,0,kc,oak,0,-125,-110,0.07936507936507953,0.5147058823529411,0.19018733637143673,https://www.oddsportal.com/american-football/usa/nfl-2012-2013/kansas-city-chiefs-las-vegas-raiders-lflhyJ5m/
2012-10-28,2013,0,chi,car,1,-339,245,0.06206463966194575,0.7270833980914488,0.9745206367606202,https://www.oddsportal.com/american-football/usa/nfl-2012-2013/chicago-bears-carolina-panthers-GpKQvbBn/
2012-10-28,2013,0,cle,lac,1,120,-157,0.06544039617969588,0.4266268260292164,0.1286157736419514,https://www.oddsportal.com/american-football/usa/nfl-2012-2013/cleveland-browns-los-angeles-chargers-fyJUwIQh/
2012-10-28,2013,0,det,sea,1,-152,115,0.06829088224437063,0.5646164478230822,0.288608089820435,https://www.oddsportal.com/american-football/usa/nfl-2012-2013/detroit-lions-seattle-seahawks-lbIYxxta/
2012-10-28,2013,0,gb,jax,1,-1000,546,0.0638896707008163,0.8544973544973544,0.9364820563047557,https://www.oddsportal.com/american-football/usa/nfl-2012-2013/green-bay-packers-jacksonville-jaguars-21Mxxde5/
2012-10-28,2013,0,lar,ne,0,257,-339,0.05232161201610497,0.26618482564590745,0.3811957822591532,https://www.oddsportal.com/american-football/usa/nfl-2012-2013/los-angeles-rams-new-england-patriots-OGAozzQH/
2012-10-28,2013,0,nyj,mia,0,-129,-105,0.07551389924379581,0.523767082590612,0.4968728584119554,https://www.oddsportal.com/american-football/usa/nfl-2012-2013/new-york-jets-miami-dolphins-WtAkZguO/
2012-10-28,2013,0,phi,atl,0,-151,115,0.06670990456777548,0.563971163033093,0.01330752894527167,https://www.oddsportal.com/american-football/usa/nfl-2012-2013/philadelphia-eagles-atlanta-falcons-6ZpTturQ/
2012-10-28,2013,0,pit,wsh,1,-238,174,0.0691055154839546,0.6586272371025734,0.5729777628357942,https://www.oddsportal.com/american-football/usa/nfl-2012-2013/pittsburgh-steelers-washington-commanders-A3klxajs/
2012-10-28,2013,0,ten,ind,0,-194,144,0.06970001115200164,0.6168682235195997,0.4799778793489594,https://www.oddsportal.com/american-football/usa/nfl-2012-2013/tennessee-titans-indianapolis-colts-pQBsyGAB/
2012-10-25,2013,0,min,tb,0,-267,205,0.05538928842631874,0.6893384687010624,0.9673215518998134,https://www.oddsportal.com/american-football/usa/nfl-2012-2013/minnesota-vikings-tampa-bay-buccaneers-b9PLuvdt/
2012-10-22,2013,0,chi,det,1,-282,205,0.06608874774697449,0.6924563239674744,0.806020388397309,https://www.oddsportal.com/american-football/usa/nfl-2012-2013/chicago-bears-detroit-lions-d0wfpKmP/
2012-10-21,2013,0,cin,pit,0,-110,-125,0.07936507936507953,0.48529411764705876,0.5633594504070571,https://www.oddsportal.com/american-football/usa/nfl-2012-2013/cincinnati-bengals-pittsburgh-steelers-rckCLzBO/
2012-10-21,2013,0,oak,jax,1,-282,205,0.06608874774697449,0.6924563239674744,0.35367896653826925,https://www.oddsportal.com/american-football/usa/nfl-2012-2013/las-vegas-raiders-jacksonville-jaguars-pCW8MGeI/
2012-10-21,2013,0,ne,nyj,1,-588,374,0.06562162692571882,0.8020212251663251,0.4974284868467064,https://www.oddsportal.com/american-football/usa/nfl-2012-2013/new-england-patriots-new-york-jets-2ms4NdtC/
2012-10-21,2013,0,buf,ten,0,-213,156,0.07113618210862604,0.6353171459197465,0.6498885888488958,https://www.oddsportal.com/american-football/usa/nfl-2012-2013/buffalo-bills-tennessee-titans-ncWxxyv8/
2012-10-21,2013,0,car,dal,0,110,-146,0.06968641114982566,0.4451682953311618,0.07300720414858768,https://www.oddsportal.com/american-football/usa/nfl-2012-2013/carolina-panthers-dallas-cowboys-Y7kmRvsm/
2012-10-21,2013,0,hou,bal,1,-304,219,0.06595487134920397,0.7059166084323316,0.626595352749549,https://www.oddsportal.com/american-football/usa/nfl-2012-2013/houston-texans-baltimore-ravens-GWvhQbdg/
2012-10-21,2013,0,ind,cle,1,-129,-105,0.07551389924379581,0.523767082590612,0.8425899912576613,https://www.oddsportal.com/american-football/usa/nfl-2012-2013/indianapolis-colts-cleveland-browns-lIOBpTs8/
2012-10-21,2013,0,lar,gb,0,180,-250,0.0714285714285714,0.33333333333333337,0.4781501475438991,https://www.oddsportal.com/american-football/usa/nfl-2012-2013/los-angeles-rams-green-bay-packers-fNwdPIBa/
2012-10-21,2013,0,min,ari,1,-333,240,0.06317076484173345,0.7233580373115257,0.4134411224085937,https://www.oddsportal.com/american-football/usa/nfl-2012-2013/minnesota-vikings-arizona-cardinals-Odr0OxR5/
2012-10-21,2013,0,nyg,wsh,1,-282,205,0.06608874774697449,0.6924563239674744,0.5811894756652822,https://www.oddsportal.com/american-football/usa/nfl-2012-2013/new-york-giants-washington-commanders-S8NFqmcE/
2012-10-21,2013,0,tb,no,0,-105,-129,0.07551389924379581,0.47623291740938806,0.8147480186726582,https://www.oddsportal.com/american-football/usa/nfl-2012-2013/tampa-bay-buccaneers-new-orleans-saints-K4oqSKRt/
2012-10-18,2013,0,sf,sea,1,-371,282,0.04946587965896332,0.7505587272669498,0.4829441328507567,https://www.oddsportal.com/american-football/usa/nfl-2012-2013/san-francisco-49ers-seattle-seahawks-86XYxHO1/
2012-10-15,2013,0,lac,den,0,-125,-110,0.07936507936507953,0.5147058823529411,0.3707814676040063,https://www.oddsportal.com/american-football/usa/nfl-2012-2013/los-angeles-chargers-denver-broncos-EqYUwc9e/
2012-10-14,2013,0,hou,gb,0,-205,165,0.04948963810702134,0.6404361921603301,0.9874486359344664,https://www.oddsportal.com/american-football/usa/nfl-2012-2013/houston-texans-green-bay-packers-CdemF2W2/
2012-10-14,2013,0,sf,nyg,0,-339,245,0.06206463966194575,0.7270833980914488,0.9782225851589881,https://www.oddsportal.com/american-football/usa/nfl-2012-2013/san-francisco-49ers-new-york-giants-IHvMuJvq/
2012-10-14,2013,0,wsh,min,1,105,-141,0.07286711871268103,0.4546740873502499,0.023772584316190393,https://www.oddsportal.com/american-football/usa/nfl-2012-2013/washington-commanders-minnesota-vikings-0tUQvwfk/
2012-10-14,2013,0,ari,buf,0,-250,182,0.06889564336372844,0.6682464454976303,0.9817944533427408,https://www.oddsportal.com/american-football/usa/nfl-2012-2013/arizona-cardinals-buffalo-bills-G8hfpaWR/
2012-10-14,2013,0,sea,ne,1,150,-194,0.05986394557823127,0.3774069319640565,0.4763235213320455,https://www.oddsportal.com/american-football/usa/nfl-2012-2013/seattle-seahawks-new-england-patriots-nZmjouHL/
2012-10-14,2013,0,atl,oak,1,-500,326,0.068075117370892,0.7802197802197802,0.9951746808284309,https://www.oddsportal.com/american-football/usa/nfl-2012-2013/atlanta-falcons-las-vegas-raiders-QNFrSaAq/
2012-10-14,2013,0,bal,dal,1,-200,150,0.06666666666666665,0.625,0.8412529213758774,https://www.oddsportal.com/american-football/usa/nfl-2012-2013/baltimore-ravens-dallas-cowboys-QJasm1n9/
2012-10-14,2013,0,cle,cin,1,105,-140,0.07113821138211396,0.4554079696394686,0.0,https://www.oddsportal.com/american-football/usa/nfl-2012-2013/cleveland-browns-cincinnati-bengals-4EEnRJPk/
2012-10-14,2013,0,mia,lar,1,-250,180,0.0714285714285714,0.6666666666666667,0.21604216271704388,https://www.oddsportal.com/american-football/usa/nfl-2012-2013/miami-dolphins-los-angeles-rams-Mk9iQwud/
2012-10-14,2013,0,nyj,ind,1,-187,144,0.06140400982464156,0.6138736411581099,0.20816502718029,https://www.oddsportal.com/american-football/usa/nfl-2012-2013/new-york-jets-indianapolis-colts-0t8ePcf2/
2012-10-14,2013,0,phi,det,0,-200,150,0.06666666666666665,0.625,0.5420686251513033,https://www.oddsportal.com/american-football/usa/nfl-2012-2013/philadelphia-eagles-detroit-lions-EqdwlsX2/
2012-10-14,2013,0,tb,kc,1,-235,172,0.0691395961369623,0.6561281051118867,0.41975529283260987,https://www.oddsportal.com/american-football/usa/nfl-2012-2013/tampa-bay-buccaneers-kansas-city-chiefs-8rknnL1F/
2012-10-11,2013,0,ten,pit,1,205,-267,0.05538928842631874,0.31066153129893764,0.2686262396639136,https://www.oddsportal.com/american-football/usa/nfl-2012-2013/tennessee-titans-pittsburgh-steelers-8rTGWu2S/
2012-10-08,2013,0,nyj,hou,0,400,-541,0.043993759750390105,0.19157202630005976,0.009520724532488072,https://www.oddsportal.com/american-football/usa/nfl-2012-2013/new-york-jets-houston-texans-fuPCXLnM/
2012-10-07,2013,0,no,lac,1,-183,145,0.054806374846758654,0.6130443700006836,0.0,https://www.oddsportal.com/american-football/usa/nfl-2012-2013/new-orleans-saints-los-angeles-chargers-CGZ7Y1XF/
2012-10-07,2013,0,min,ten,1,-282,205,0.06608874774697449,0.6924563239674744,0.8357569378577215,https://www.oddsportal.com/american-football/usa/nfl-2012-2013/minnesota-vikings-tennessee-titans-l2WjrIal/
2012-10-07,2013,0,ne,den,1,-282,205,0.06608874774697449,0.6924563239674744,0.407015182061032,https://www.oddsportal.com/american-football/usa/nfl-2012-2013/new-england-patriots-denver-broncos-vkM0zO23/
2012-10-07,2013,0,sf,buf,1,-500,341,0.06009070294784591,0.7860962566844919,0.9987649860476606,https://www.oddsportal.com/american-football/usa/nfl-2012-2013/san-francisco-49ers-buffalo-bills-YPz4ZsI9/
2012-10-07,2013,0,car,sea,0,-135,-100,0.07446808510638303,0.5346534653465347,1.0208298599775175e-05,https://www.oddsportal.com/american-football/usa/nfl-2012-2013/carolina-panthers-seattle-seahawks-bgqECKAd/
2012-10-07,2013,0,jax,chi,0,192,-263,0.0669836597607456,0.3209662587536252,0.26380706244107444,https://www.oddsportal.com/american-football/usa/nfl-2012-2013/jacksonville-jaguars-chicago-bears-0bNdy4mc/
2012-10-07,2013,0,cin,mia,0,-178,132,0.07132225254279323,0.5976612249623713,0.9776217168766546,https://www.oddsportal.com/american-football/usa/nfl-2012-2013/cincinnati-bengals-miami-dolphins-vTtHlKMK/
2012-10-07,2013,0,ind,gb,1,219,-304,0.06595487134920397,0.2940833915676683,0.4936039671573816,https://www.oddsportal.com/american-football/usa/nfl-2012-2013/indianapolis-colts-green-bay-packers-IJuLmvxR/
2012-10-07,2013,0,kc,bal,0,205,-282,0.06608874774697449,0.3075436760325255,1.802136130610212e-05,https://www.oddsportal.com/american-football/usa/nfl-2012-2013/kansas-city-chiefs-baltimore-ravens-ABXnqbpr/
2012-10-07,2013,0,nyg,cle,1,-400,282,0.06178010471204187,0.7534516765285997,1.0,https://www.oddsportal.com/american-football/usa/nfl-2012-2013/new-york-giants-cleveland-browns-jTu6Ettp/
2012-10-07,2013,0,pit,phi,1,-203,151,0.06837337120166209,0.6270906920359863,0.008388921533690825,https://www.oddsportal.com/american-football/usa/nfl-2012-2013/pittsburgh-steelers-philadelphia-eagles-pjuAD0ej/
2012-10-07,2013,0,wsh,atl,0,133,-178,0.06947231914039587,0.4013049629009441,0.0002555506137988111,https://www.oddsportal.com/american-football/usa/nfl-2012-2013/washington-commanders-atlanta-falcons-WQLesxFf/
2012-10-04,2013,0,lar,ari,1,-100,-134,0.07264957264957261,0.4661354581673307,0.00017335040744415249,https://www.oddsportal.com/american-football/usa/nfl-2012-2013/los-angeles-rams-arizona-cardinals-d4iCk07E/
2012-10-01,2013,0,dal,chi,0,-171,132,0.062030792721720296,0.5941412568142336,0.08709029274348087,https://www.oddsportal.com/american-football/usa/nfl-2012-2013/dallas-cowboys-chicago-bears-r1m8jth8/
2012-09-30,2013,0,phi,nyg,1,-140,105,0.07113821138211396,0.5445920303605313,0.9973838214926336,https://www.oddsportal.com/american-football/usa/nfl-2012-2013/philadelphia-eagles-new-york-giants-UcaQRdF7/
2012-09-30,2013,0,gb,no,1,-371,269,0.05868848497402168,0.7440203479366736,1.0,https://www.oddsportal.com/american-football/usa/nfl-2012-2013/green-bay-packers-new-orleans-saints-OpUPTIpe/
2012-09-30,2013,0,tb,wsh,0,-146,110,0.06968641114982566,0.5548317046688382,0.998669518709137,https://www.oddsportal.com/american-football/usa/nfl-2012-2013/tampa-bay-buccaneers-washington-commanders-j70MSx01/
2012-09-30,2013,0,ari,mia,1,-238,174,0.0691055154839546,0.6586272371025734,0.9999016743604767,https://www.oddsportal.com/american-football/usa/nfl-2012-2013/arizona-cardinals-miami-dolphins-EBvjzL7R/
2012-09-30,2013,0,den,oak,1,-317,232,0.06139666579989034,0.7162184233449477,0.9464109099804671,https://www.oddsportal.com/american-football/usa/nfl-2012-2013/denver-broncos-las-vegas-raiders-pfVLUbVl/
2012-09-30,2013,0,jax,cin,0,-121,-114,0.08022159259102635,0.5068509238960226,0.8953311359569919,https://www.oddsportal.com/american-football/usa/nfl-2012-2013/jacksonville-jaguars-cincinnati-bengals-jXVHVvGr/
2012-09-30,2013,0,atl,car,1,-333,240,0.06317076484173345,0.7233580373115257,0.9999988824523257,https://www.oddsportal.com/american-football/usa/nfl-2012-2013/atlanta-falcons-carolina-panthers-bw7vILoq/
2012-09-30,2013,0,buf,ne,0,160,-211,0.06307197625525607,0.3617961842717543,0.02631934780936432,https://www.oddsportal.com/american-football/usa/nfl-2012-2013/buffalo-bills-new-england-patriots-xU5rHu1k/
2012-09-30,2013,0,det,min,0,-211,160,0.06307197625525607,0.6382038157282457,0.0034232329795358014,https://www.oddsportal.com/american-football/usa/nfl-2012-2013/detroit-lions-minnesota-vikings-Wj5nGaGe/
2012-09-30,2013,0,hou,ten,1,-646,395,0.06797194464754797,0.8108375383523087,0.9995270005481699,https://www.oddsportal.com/american-football/usa/nfl-2012-2013/houston-texans-tennessee-titans-Wnkoy1hL/
2012-09-30,2013,0,kc,lac,0,-100,-135,0.07446808510638303,0.4653465346534653,7.205249627569345e-05,https://www.oddsportal.com/american-football/usa/nfl-2012-2013/kansas-city-chiefs-los-angeles-chargers-rR8jFJV1/
2012-09-30,2013,0,lar,sea,1,115,-151,0.06670990456777548,0.4360288369669069,3.9560186053408405e-06,https://www.oddsportal.com/american-football/usa/nfl-2012-2013/los-angeles-rams-seattle-seahawks-pWnZw382/
2012-09-30,2013,0,nyj,sf,0,166,-224,0.06729787431541823,0.35223517133414506,0.20405665813687834,https://www.oddsportal.com/american-football/usa/nfl-2012-2013/new-york-jets-san-francisco-49ers-OMowwNN8/
2012-09-27,2013,0,bal,cle,1,-646,424,0.05679143728383451,0.8194159340020915,1.0,https://www.oddsportal.com/american-football/usa/nfl-2012-2013/baltimore-ravens-cleveland-browns-rTmAZmHG/
2012-09-24,2013,0,sea,gb,1,139,-185,0.06753284885854804,0.39194114006738634,0.9867751713775563,https://www.oddsportal.com/american-football/usa/nfl-2012-2013/seattle-seahawks-green-bay-packers-4xk6zU1A/
2012-09-23,2013,0,bal,ne,1,-152,115,0.06829088224437063,0.5646164478230822,0.6693139888092412,https://www.oddsportal.com/american-football/usa/nfl-2012-2013/baltimore-ravens-new-england-patriots-AFk2yAn4/
2012-09-23,2013,0,den,hou,0,-105,-131,0.07929468905078663,0.4745646644492272,0.593549343783251,https://www.oddsportal.com/american-football/usa/nfl-2012-2013/denver-broncos-houston-texans-EmdgwWHi/
2012-09-23,2013,0,oak,pit,1,150,-200,0.06666666666666665,0.375,0.0,https://www.oddsportal.com/american-football/usa/nfl-2012-2013/las-vegas-raiders-pittsburgh-steelers-dCobxjXc/
2012-09-23,2013,0,ari,phi,1,145,-191,0.06452065362227355,0.3834244680150208,0.972898280317179,https://www.oddsportal.com/american-football/usa/nfl-2012-2013/arizona-cardinals-philadelphia-eagles-jgelevuh/
2012-09-23,2013,0,lac,atl,0,-178,132,0.07132225254279323,0.5976612249623713,0.005381786834721488,https://www.oddsportal.com/american-football/usa/nfl-2012-2013/los-angeles-chargers-atlanta-falcons-zcckvC2o/
2012-09-23,2013,0,chi,lar,1,-357,257,0.061293664073944765,0.7360654696244274,0.8240400995820831,https://www.oddsportal.com/american-football/usa/nfl-2012-2013/chicago-bears-los-angeles-rams-rkaaHKKi/
2012-09-23,2013,0,cle,buf,0,105,-141,0.07286711871268103,0.4546740873502499,0.0,https://www.oddsportal.com/american-football/usa/nfl-2012-2013/cleveland-browns-buffalo-bills-xCb3Gvzb/
2012-09-23,2013,0,dal,tb,1,-371,269,0.05868848497402168,0.7440203479366736,0.9971359699338872,https://www.oddsportal.com/american-football/usa/nfl-2012-2013/dallas-cowboys-tampa-bay-buccaneers-G2c7Fbk4/
2012-09-23,2013,0,ind,jax,0,-191,145,0.06452065362227355,0.6165755319849793,1.0,https://www.oddsportal.com/american-football/usa/nfl-2012-2013/indianapolis-colts-jacksonville-jaguars-8j97FSPp/
2012-09-23,2013,0,mia,nyj,0,115,-152,0.06829088224437063,0.43538355217691777,0.7286942106871461,https://www.oddsportal.com/american-football/usa/nfl-2012-2013/miami-dolphins-new-york-jets-YwhCEI4A/
2012-09-23,2013,0,min,sf,1,240,-333,0.06317076484173345,0.27664196268847435,7.146535620167587e-07,https://www.oddsportal.com/american-football/usa/nfl-2012-2013/minnesota-vikings-san-francisco-49ers-CUjGDxKG/
2012-09-23,2013,0,no,kc,0,-400,282,0.06178010471204187,0.7534516765285997,,https://www.oddsportal.com/american-football/usa/nfl-2012-2013/new-orleans-saints-kansas-city-chiefs-6ijKCdZM/
2012-09-23,2013,0,ten,det,1,156,-213,0.07113618210862604,0.3646828540802536,0.0,https://www.oddsportal.com/american-football/usa/nfl-2012-2013/tennessee-titans-detroit-lions-6sNuK8HT/
2012-09-23,2013,0,wsh,cin,0,-200,150,0.06666666666666665,0.625,0.3240405827822823,https://www.oddsportal.com/american-football/usa/nfl-2012-2013/washington-commanders-cincinnati-bengals-KffOBGlT/
2012-09-20,2013,0,car,nyg,0,-164,122,0.07166257166257162,0.5796713794421093,0.0015292931153023704,https://www.oddsportal.com/american-football/usa/nfl-2012-2013/carolina-panthers-new-york-giants-WEeeI05o/
2012-09-17,2013,0,atl,den,1,-171,127,0.0715249443243331,0.5888769209763794,0.0029878254104966774,https://www.oddsportal.com/american-football/usa/nfl-2012-2013/atlanta-falcons-denver-broncos-U9HCgHSp/
2012-09-16,2013,0,sf,det,1,-317,232,0.06139666579989034,0.7162184233449477,0.986894794305756,https://www.oddsportal.com/american-football/usa/nfl-2012-2013/san-francisco-49ers-detroit-lions-S0VpbcKT/
2012-09-16,2013,0,lac,ten,1,-282,205,0.06608874774697449,0.6924563239674744,1.0,https://www.oddsportal.com/american-football/usa/nfl-2012-2013/los-angeles-chargers-tennessee-titans-bRQtaw5N/
2012-09-16,2013,0,pit,nyj,1,-250,180,0.0714285714285714,0.6666666666666667,0.0,https://www.oddsportal.com/american-football/usa/nfl-2012-2013/pittsburgh-steelers-new-york-jets-KzSx0JkH/
2012-09-16,2013,0,lar,wsh,1,150,-200,0.06666666666666665,0.375,0.0,https://www.oddsportal.com/american-football/usa/nfl-2012-2013/los-angeles-rams-washington-commanders-O8YT1uL4/
2012-09-16,2013,0,sea,dal,1,144,-194,0.06970001115200164,0.3831317764804004,0.0,https://www.oddsportal.com/american-football/usa/nfl-2012-2013/seattle-seahawks-dallas-cowboys-xCxY0azB/
2012-09-16,2013,0,buf,kc,1,-178,132,0.07132225254279323,0.5976612249623713,,https://www.oddsportal.com/american-football/usa/nfl-2012-2013/buffalo-bills-kansas-city-chiefs-MNlj1M9J/
2012-09-16,2013,0,car,no,1,120,-157,0.06544039617969588,0.4266268260292164,,https://www.oddsportal.com/american-football/usa/nfl-2012-2013/carolina-panthers-new-orleans-saints-UTwQfKnm/
2012-09-16,2013,0,cin,cle,1,-339,245,0.06206463966194575,0.7270833980914488,,https://www.oddsportal.com/american-football/usa/nfl-2012-2013/cincinnati-bengals-cleveland-browns-Ychf0tPP/
2012-09-16,2013,0,ind,min,1,124,-164,0.06764069264069272,0.41814495691839837,0.0,https://www.oddsportal.com/american-football/usa/nfl-2012-2013/indianapolis-colts-minnesota-vikings-jwuMe0Xt/
2012-09-16,2013,0,jax,hou,0,232,-317,0.06139666579989034,0.28378157665505227,0.0,https://www.oddsportal.com/american-football/usa/nfl-2012-2013/jacksonville-jaguars-houston-texans-n5YUgv2g/
2012-09-16,2013,0,mia,oak,1,105,-140,0.07113821138211396,0.4554079696394686,,https://www.oddsportal.com/american-football/usa/nfl-2012-2013/miami-dolphins-las-vegas-raiders-QeXYhbHa/
2012-09-16,2013,0,ne,ari,0,-910,516,0.06332776134756335,0.8473305520285386,0.5,https://www.oddsportal.com/american-football/usa/nfl-2012-2013/new-england-patriots-arizona-cardinals-KIWxhIW5/
2012-09-16,2013,0,phi,bal,1,-178,132,0.07132225254279323,0.5976612249623713,0.5,https://www.oddsportal.com/american-football/usa/nfl-2012-2013/philadelphia-eagles-baltimore-ravens-UoZP2L5b/
2012-09-16,2013,0,nyg,tb,1,-371,255,0.06937591579199198,0.7365845474119851,0.0,https://www.oddsportal.com/american-football/usa/nfl-2012-2013/new-york-giants-tampa-bay-buccaneers-YLzsixnC/
2012-09-13,2013,0,gb,chi,1,-250,180,0.0714285714285714,0.6666666666666667,0.0,https://www.oddsportal.com/american-football/usa/nfl-2012-2013/green-bay-packers-chicago-bears-KIA7xwXI/
2012-09-10,2013,0,oak,lac,0,-125,-110,0.07936507936507953,0.5147058823529411,,https://www.oddsportal.com/american-football/usa/nfl-2012-2013/las-vegas-raiders-los-angeles-chargers-tSB3wJHC/
2012-09-10,2013,0,bal,cin,1,-339,245,0.06206463966194575,0.7270833980914488,,https://www.oddsportal.com/american-football/usa/nfl-2012-2013/baltimore-ravens-cincinnati-bengals-KQzhjEoC/
2012-09-09,2013,0,den,pit,1,-146,110,0.06968641114982566,0.5548317046688382,,https://www.oddsportal.com/american-football/usa/nfl-2012-2013/denver-broncos-pittsburgh-steelers-joqyfdnm/
2012-09-09,2013,0,ari,sea,1,115,-151,0.06670990456777548,0.4360288369669069,,https://www.oddsportal.com/american-football/usa/nfl-2012-2013/arizona-cardinals-seattle-seahawks-Ch7ava26/
2012-09-09,2013,0,gb,sf,0,-263,192,0.0669836597607456,0.6790337412463748,,https://www.oddsportal.com/american-football/usa/nfl-2012-2013/green-bay-packers-san-francisco-49ers-Y18euum0/
2012-09-09,2013,0,tb,car,1,122,-164,0.07166257166257162,0.4203286205578907,,https://www.oddsportal.com/american-football/usa/nfl-2012-2013/tampa-bay-buccaneers-carolina-panthers-zLw6aIOP/
2012-09-09,2013,0,chi,ind,1,-500,341,0.06009070294784591,0.7860962566844919,,https://www.oddsportal.com/american-football/usa/nfl-2012-2013/chicago-bears-indianapolis-colts-O0f7LsPN/
2012-09-09,2013,0,cle,phi,0,309,-445,0.061012538974002384,0.23043910276738333,,https://www.oddsportal.com/american-football/usa/nfl-2012-2013/cleveland-browns-philadelphia-eagles-zuKLv5Po/
2012-09-09,2013,0,det,lar,1,-400,282,0.06178010471204187,0.7534516765285997,,https://www.oddsportal.com/american-football/usa/nfl-2012-2013/detroit-lions-los-angeles-rams-CMtHTaYs/
2012-09-09,2013,0,hou,mia,1,-870,500,0.06357388316151202,0.8432956381260097,,https://www.oddsportal.com/american-football/usa/nfl-2012-2013/houston-texans-miami-dolphins-dArTQcI0/
2012-09-09,2013,0,kc,atl,0,110,-145,0.06802721088435382,0.4458598726114649,,https://www.oddsportal.com/american-football/usa/nfl-2012-2013/kansas-city-chiefs-atlanta-falcons-MgsEHYNk/
2012-09-09,2013,0,min,jax,1,-200,150,0.06666666666666665,0.625,,https://www.oddsportal.com/american-football/usa/nfl-2012-2013/minnesota-vikings-jacksonville-jaguars-xzFns1Im/
2012-09-09,2013,0,no,wsh,0,-400,282,0.06178010471204187,0.7534516765285997,,https://www.oddsportal.com/american-football/usa/nfl-2012-2013/new-orleans-saints-washington-commanders-WOO4vdV2/
2012-09-09,2013,0,nyj,buf,1,-164,124,0.06764069264069272,0.5818550430816016,,https://www.oddsportal.com/american-football/usa/nfl-2012-2013/new-york-jets-buffalo-bills-jwJjtLXg/
2012-09-09,2013,0,ten,ne,0,180,-250,0.0714285714285714,0.33333333333333337,,https://www.oddsportal.com/american-football/usa/nfl-2012-2013/tennessee-titans-new-england-patriots-vXGxyNOA/
2012-09-05,2013,0,nyg,dal,0,-200,150,0.06666666666666665,0.625,,https://www.oddsportal.com/american-football/usa/nfl-2012-2013/new-york-giants-dallas-cowboys-rDFrrs3s/
2012-01-01,2012,1,nyg,dal,1,-185,139,0.06753284885854804,0.6080588599326137,0.522872255911472,https://www.oddsportal.com/american-football/usa/nfl-2011-2012/new-york-giants-dallas-cowboys-OKDOMmBe/
2012-01-01,2012,1,ari,sea,1,-151,115,0.06670990456777548,0.563971163033093,0.45196176635034924,https://www.oddsportal.com/american-football/usa/nfl-2011-2012/arizona-cardinals-seattle-seahawks-GbIRrVXE/
2012-01-01,2012,1,atl,tb,1,-426,295,0.06305048852096062,0.7618508624983023,0.8297335805160755,https://www.oddsportal.com/american-football/usa/nfl-2011-2012/atlanta-falcons-tampa-bay-buccaneers-ADXmTkYR/
2012-01-01,2012,1,cin,bal,0,117,-158,0.07323259386275138,0.4293845488133675,0.33247583138486453,https://www.oddsportal.com/american-football/usa/nfl-2011-2012/cincinnati-bengals-baltimore-ravens-ShKFO9tq/
2012-01-01,2012,1,cle,pit,0,269,-371,0.05868848497402168,0.2559796520633264,0.08250977005228784,https://www.oddsportal.com/american-football/usa/nfl-2011-2012/cleveland-browns-pittsburgh-steelers-tdOJNTek/
2012-01-01,2012,1,den,kc,0,-135,-100,0.07446808510638303,0.5346534653465347,0.6542675995629007,https://www.oddsportal.com/american-football/usa/nfl-2011-2012/denver-broncos-kansas-city-chiefs-SYLVskmL/
2012-01-01,2012,1,oak,lac,0,-151,115,0.06670990456777548,0.563971163033093,0.5634762356080746,https://www.oddsportal.com/american-football/usa/nfl-2011-2012/las-vegas-raiders-los-angeles-chargers-MeLZt92R/
2012-01-01,2012,1,gb,det,1,205,-282,0.06608874774697449,0.3075436760325255,0.8588643040577981,https://www.oddsportal.com/american-football/usa/nfl-2011-2012/green-bay-packers-detroit-lions-S4AyUVIL/
2012-01-01,2012,1,hou,ten,0,-100,-135,0.07446808510638303,0.4653465346534653,0.6523259562367392,https://www.oddsportal.com/american-football/usa/nfl-2011-2012/houston-texans-tennessee-titans-YZSMqBI8/
2012-01-01,2012,1,jax,ind,1,-178,133,0.06947231914039587,0.5986950370990559,0.7008857857837516,https://www.oddsportal.com/american-football/usa/nfl-2011-2012/jacksonville-jaguars-indianapolis-colts-fqUIpi32/
2012-01-01,2012,1,lar,sf,0,516,-910,0.06332776134756335,0.1526694479714614,0.036973741137230634,https://www.oddsportal.com/american-football/usa/nfl-2011-2012/los-angeles-rams-san-francisco-49ers-nggvVB3F/
2012-01-01,2012,1,mia,nyj,1,-140,105,0.07113821138211396,0.5445920303605313,0.2920363715159293,https://www.oddsportal.com/american-football/usa/nfl-2011-2012/miami-dolphins-new-york-jets-82fzWil9/
2012-01-01,2012,1,min,chi,0,-146,110,0.06968641114982566,0.5548317046688382,0.18848665632628825,https://www.oddsportal.com/american-football/usa/nfl-2011-2012/minnesota-vikings-chicago-bears-EueWWXY2/
2012-01-01,2012,1,ne,buf,1,-646,395,0.06797194464754797,0.8108375383523087,0.853747274691466,https://www.oddsportal.com/american-football/usa/nfl-2011-2012/new-england-patriots-buffalo-bills-0xiSXDJd/
2012-01-01,2012,1,no,car,1,-333,240,0.06317076484173345,0.7233580373115257,0.8930356593810224,https://www.oddsportal.com/american-football/usa/nfl-2011-2012/new-orleans-saints-carolina-panthers-hn2wPLFd/
2012-01-01,2012,1,phi,wsh,1,-371,269,0.05868848497402168,0.7440203479366736,0.7098657994784423,https://www.oddsportal.com/american-football/usa/nfl-2011-2012/philadelphia-eagles-washington-commanders-2BCSL7Q1/
2011-12-26,2012,1,no,atl,1,-371,255,0.06937591579199198,0.7365845474119851,0.6764218901367561,https://www.oddsportal.com/american-football/usa/nfl-2011-2012/new-orleans-saints-atlanta-falcons-Ee3ZP10j/
2011-12-25,2012,1,gb,chi,1,-953,546,0.05983199997647892,0.853940283353076,0.9210503488212902,https://www.oddsportal.com/american-football/usa/nfl-2011-2012/green-bay-packers-chicago-bears-pMbVQsop/
2011-12-24,2012,1,dal,phi,0,-107,-128,0.07831172133231634,0.4793680735675548,0.587821889914842,https://www.oddsportal.com/american-football/usa/nfl-2011-2012/dallas-cowboys-philadelphia-eagles-QXocqj1B/
2011-12-24,2012,1,sea,sf,0,-100,-135,0.07446808510638303,0.4653465346534653,0.1978987092622723,https://www.oddsportal.com/american-football/usa/nfl-2011-2012/seattle-seahawks-san-francisco-49ers-8dy2rAGH/
2011-12-24,2012,1,det,lac,1,-126,-110,0.08133164770332924,0.5155884645362431,0.6692349725559946,https://www.oddsportal.com/american-football/usa/nfl-2011-2012/detroit-lions-los-angeles-chargers-b7yaoWo5/
2011-12-24,2012,1,bal,cle,1,-747,421,0.07387482522711974,0.8212654071540262,0.8993347033073452,https://www.oddsportal.com/american-football/usa/nfl-2011-2012/baltimore-ravens-cleveland-browns-4pxenCWb/
2011-12-24,2012,1,buf,den,1,120,-157,0.06544039617969588,0.4266268260292164,0.23097922988293937,https://www.oddsportal.com/american-football/usa/nfl-2011-2012/buffalo-bills-denver-broncos-zotQUA1O/
2011-12-24,2012,1,car,tb,1,-371,269,0.05868848497402168,0.7440203479366736,0.542525544355053,https://www.oddsportal.com/american-football/usa/nfl-2011-2012/carolina-panthers-tampa-bay-buccaneers-QgwimhHh/
2011-12-24,2012,1,cin,ari,1,-238,176,0.06646085241402977,0.6602605339337407,0.612062938361204,https://www.oddsportal.com/american-football/usa/nfl-2011-2012/cincinnati-bengals-arizona-cardinals-hMjLVjnI/
2011-12-24,2012,1,kc,oak,0,-157,120,0.06544039617969588,0.5733731739707836,0.4141130867465446,https://www.oddsportal.com/american-football/usa/nfl-2011-2012/kansas-city-chiefs-las-vegas-raiders-OdV0Yh2a/
2011-12-24,2012,1,ne,mia,1,-371,269,0.05868848497402168,0.7440203479366736,0.8799646672069804,https://www.oddsportal.com/american-football/usa/nfl-2011-2012/new-england-patriots-miami-dolphins-EViHWWWB/
2011-12-24,2012,1,nyj,nyg,0,-146,110,0.06968641114982566,0.5548317046688382,0.6203699917061157,https://www.oddsportal.com/american-football/usa/nfl-2011-2012/new-york-jets-new-york-giants-URqrkEnt/
2011-12-24,2012,1,pit,lar,1,-500,341,0.06009070294784591,0.7860962566844919,0.9497187576602848,https://www.oddsportal.com/american-football/usa/nfl-2011-2012/pittsburgh-steelers-los-angeles-rams-llpUTUGU/
2011-12-24,2012,1,ten,jax,1,-364,257,0.06459480343861679,0.736883888674666,0.690346579008341,https://www.oddsportal.com/american-football/usa/nfl-2011-2012/tennessee-titans-jacksonville-jaguars-65hDXCH5/
2011-12-24,2012,1,wsh,min,0,-304,219,0.06595487134920397,0.7059166084323316,0.6866298686722118,https://www.oddsportal.com/american-football/usa/nfl-2011-2012/washington-commanders-minnesota-vikings-8IrnlY1n/
2011-12-22,2012,1,ind,hou,1,240,-333,0.06317076484173345,0.27664196268847435,0.026314177606850418,https://www.oddsportal.com/american-football/usa/nfl-2011-2012/indianapolis-colts-houston-texans-tYudZYng/
2011-12-19,2012,1,sf,pit,1,-171,127,0.0715249443243331,0.5888769209763794,0.4182549104695025,https://www.oddsportal.com/american-football/usa/nfl-2011-2012/san-francisco-49ers-pittsburgh-steelers-SUyhzFXn/
2011-12-18,2012,1,lac,bal,1,-110,-125,0.07936507936507953,0.48529411764705876,0.1613605644489812,https://www.oddsportal.com/american-football/usa/nfl-2011-2012/los-angeles-chargers-baltimore-ravens-Y7xlyeIt/
2011-12-18,2012,1,ari,cle,1,-282,205,0.06608874774697449,0.6924563239674744,0.6437798302493485,https://www.oddsportal.com/american-football/usa/nfl-2011-2012/arizona-cardinals-cleveland-browns-WbjMuyAP/
2011-12-18,2012,1,den,ne,0,245,-339,0.06206463966194575,0.2729166019085512,0.4005356485571491,https://www.oddsportal.com/american-football/usa/nfl-2011-2012/denver-broncos-new-england-patriots-CYqRHXHI/
2011-12-18,2012,1,phi,nyj,1,-178,133,0.06947231914039587,0.5986950370990559,0.2446000797574715,https://www.oddsportal.com/american-football/usa/nfl-2011-2012/philadelphia-eagles-new-york-jets-jPrVGiXO/
2011-12-18,2012,1,oak,det,0,115,-164,0.0863284002818887,0.42815439506973724,0.4241091968168776,https://www.oddsportal.com/american-football/usa/nfl-2011-2012/las-vegas-raiders-detroit-lions-IBpNID2C/
2011-12-18,2012,1,buf,mia,0,-125,-110,0.07936507936507953,0.5147058823529411,0.5967837893094071,https://www.oddsportal.com/american-football/usa/nfl-2011-2012/buffalo-bills-miami-dolphins-SdlRRHuQ/
2011-12-18,2012,1,chi,sea,0,-200,150,0.06666666666666665,0.625,0.6738281579646404,https://www.oddsportal.com/american-football/usa/nfl-2011-2012/chicago-bears-seattle-seahawks-YwRgNyls/
2011-12-18,2012,1,hou,car,0,-267,191,0.07116304765115133,0.6791873912777432,0.9406826771754546,https://www.oddsportal.com/american-football/usa/nfl-2011-2012/houston-texans-carolina-panthers-dYXW3EmJ/
2011-12-18,2012,1,ind,ten,1,232,-317,0.06139666579989034,0.28378157665505227,0.0,https://www.oddsportal.com/american-football/usa/nfl-2011-2012/indianapolis-colts-tennessee-titans-OCiEKZXa/
2011-12-18,2012,1,kc,gb,1,395,-646,0.06797194464754797,0.18916246164769124,0.00419508602103111,https://www.oddsportal.com/american-football/usa/nfl-2011-2012/kansas-city-chiefs-green-bay-packers-6ysJJgm6/
2011-12-18,2012,1,lar,cin,0,269,-371,0.05868848497402168,0.2559796520633264,0.09618066415990208,https://www.oddsportal.com/american-football/usa/nfl-2011-2012/los-angeles-rams-cincinnati-bengals-t4U1LFIg/
2011-12-18,2012,1,min,no,0,269,-371,0.05868848497402168,0.2559796520633264,0.039899052919284604,https://www.oddsportal.com/american-football/usa/nfl-2011-2012/minnesota-vikings-new-orleans-saints-CUPcMe3m/
2011-12-18,2012,1,nyg,wsh,0,-263,192,0.0669836597607456,0.6790337412463748,0.764779278534999,https://www.oddsportal.com/american-football/usa/nfl-2011-2012/new-york-giants-washington-commanders-EgpNScQJ/
2011-12-17,2012,1,tb,dal,0,269,-371,0.05868848497402168,0.2559796520633264,0.3202789122965319,https://www.oddsportal.com/american-football/usa/nfl-2011-2012/tampa-bay-buccaneers-dallas-cowboys-IsZS4fYC/
2011-12-15,2012,1,atl,jax,1,-1000,546,0.0638896707008163,0.8544973544973544,0.8065800472467509,https://www.oddsportal.com/american-football/usa/nfl-2011-2012/atlanta-falcons-jacksonville-jaguars-jL2W5zJ6/
2011-12-12,2012,1,sea,lar,1,-426,295,0.06305048852096062,0.7618508624983023,0.7927614306483642,https://www.oddsportal.com/american-football/usa/nfl-2011-2012/seattle-seahawks-los-angeles-rams-CU3S6G30/
2011-12-11,2012,1,dal,nyg,0,-250,180,0.0714285714285714,0.6666666666666667,0.5907848522083725,https://www.oddsportal.com/american-football/usa/nfl-2011-2012/dallas-cowboys-new-york-giants-I74O7dlf/
2011-12-11,2012,1,gb,oak,1,-833,469,0.06856578830877957,0.8355300849496807,0.9880114746444658,https://www.oddsportal.com/american-football/usa/nfl-2011-2012/green-bay-packers-las-vegas-raiders-2Rftiy4D/
2011-12-11,2012,1,lac,buf,1,-371,269,0.05868848497402168,0.7440203479366736,0.5266309818925731,https://www.oddsportal.com/american-football/usa/nfl-2011-2012/los-angeles-chargers-buffalo-bills-0nxC8xZm/
2011-12-11,2012,1,ari,sf,1,144,-194,0.06970001115200164,0.3831317764804004,0.08034939481993646,https://www.oddsportal.com/american-football/usa/nfl-2011-2012/arizona-cardinals-san-francisco-49ers-INn79IJs/
2011-12-11,2012,1,den,chi,1,-194,144,0.06970001115200164,0.6168682235195997,0.5028211124216381,https://www.oddsportal.com/american-football/usa/nfl-2011-2012/denver-broncos-chicago-bears-GE0uEbBQ/
2011-12-11,2012,1,bal,ind,1,-1670,757,0.060188939211148984,0.8899383779279813,1.0,https://www.oddsportal.com/american-football/usa/nfl-2011-2012/baltimore-ravens-indianapolis-colts-IwgUgwKf/
2011-12-11,2012,1,car,atl,0,120,-157,0.06544039617969588,0.4266268260292164,0.15433311924891288,https://www.oddsportal.com/american-football/usa/nfl-2011-2012/carolina-panthers-atlanta-falcons-02bPfJ4l/
2011-12-11,2012,1,cin,hou,0,-151,115,0.06670990456777548,0.563971163033093,0.30815745639904923,https://www.oddsportal.com/american-football/usa/nfl-2011-2012/cincinnati-bengals-houston-texans-nudyFvdK/
2011-12-11,2012,1,det,min,1,-541,350,0.06621598197261225,0.791578605104861,0.9154699316354156,https://www.oddsportal.com/american-football/usa/nfl-2011-2012/detroit-lions-minnesota-vikings-jiixhHl7/
2011-12-11,2012,1,jax,tb,1,124,-164,0.06764069264069272,0.41814495691839837,0.3144946735851383,https://www.oddsportal.com/american-football/usa/nfl-2011-2012/jacksonville-jaguars-tampa-bay-buccaneers-QcDqDRKF/
2011-12-11,2012,1,mia,phi,0,-151,115,0.06670990456777548,0.563971163033093,0.5081576961150075,https://www.oddsportal.com/american-football/usa/nfl-2011-2012/miami-dolphins-philadelphia-eagles-dUiYhcZ0/
2011-12-11,2012,1,nyj,kc,1,-646,395,0.06797194464754797,0.8108375383523087,0.7140676458221038,https://www.oddsportal.com/american-football/usa/nfl-2011-2012/new-york-jets-kansas-city-chiefs-Cf9uE759/
2011-12-11,2012,1,ten,no,0,150,-200,0.06666666666666665,0.375,0.2667884194895521,https://www.oddsportal.com/american-football/usa/nfl-2011-2012/tennessee-titans-new-orleans-saints-8lcXFKtE/
2011-12-11,2012,1,wsh,ne,0,282,-400,0.06178010471204187,0.2465483234714004,0.09561123371744926,https://www.oddsportal.com/american-football/usa/nfl-2011-2012/washington-commanders-new-england-patriots-IgyDeakr/
2011-12-08,2012,1,pit,cle,1,-1334,668,0.06047332635983271,0.8772167766064566,0.9292537411958456,https://www.oddsportal.com/american-football/usa/nfl-2011-2012/pittsburgh-steelers-cleveland-browns-UVJzFmj3/
2011-12-05,2012,1,jax,lac,0,139,-185,0.06753284885854804,0.39194114006738634,0.36160233496047184,https://www.oddsportal.com/american-football/usa/nfl-2011-2012/jacksonville-jaguars-los-angeles-chargers-OlPIz7ue/
2011-12-04,2012,1,no,det,1,-400,282,0.06178010471204187,0.7534516765285997,0.5217404221971544,https://www.oddsportal.com/american-football/usa/nfl-2011-2012/new-orleans-saints-detroit-lions-Ucpj3A6c/
2011-12-04,2012,1,ari,dal,1,166,-224,0.06729787431541823,0.35223517133414506,0.14120877920502542,https://www.oddsportal.com/american-football/usa/nfl-2011-2012/arizona-cardinals-dallas-cowboys-Ywiof6Tq/
2011-12-04,2012,1,nyg,gb,0,240,-333,0.06317076484173345,0.27664196268847435,0.004356854400363039,https://www.oddsportal.com/american-football/usa/nfl-2011-2012/new-york-giants-green-bay-packers-G2tjgQrj/
2011-12-04,2012,1,sf,lar,1,-870,500,0.06357388316151202,0.8432956381260097,0.9744964890684907,https://www.oddsportal.com/american-football/usa/nfl-2011-2012/san-francisco-49ers-los-angeles-rams-fgufhpbd/
2011-12-04,2012,1,cle,bal,0,240,-333,0.06317076484173345,0.27664196268847435,0.0780586479572135,https://www.oddsportal.com/american-football/usa/nfl-2011-2012/cleveland-browns-baltimore-ravens-2e0FaS5M/
2011-12-04,2012,1,buf,ten,0,-125,-110,0.07936507936507953,0.5147058823529411,0.367492845597267,https://www.oddsportal.com/american-football/usa/nfl-2011-2012/buffalo-bills-tennessee-titans-2Brb1lyA/
2011-12-04,2012,1,chi,kc,0,-400,282,0.06178010471204187,0.7534516765285997,0.8949404177651965,https://www.oddsportal.com/american-football/usa/nfl-2011-2012/chicago-bears-kansas-city-chiefs-Knw308jG/
2011-12-04,2012,1,hou,atl,1,-100,-135,0.07446808510638303,0.4653465346534653,0.5683048678052528,https://www.oddsportal.com/american-football/usa/nfl-2011-2012/houston-texans-atlanta-falcons-QkPeu7Ej/
2011-12-04,2012,1,mia,oak,1,-194,144,0.06970001115200164,0.6168682235195997,0.12714344552983933,https://www.oddsportal.com/american-football/usa/nfl-2011-2012/miami-dolphins-las-vegas-raiders-OKqf2UL3/
2011-12-04,2012,1,min,den,0,-131,-105,0.07929468905078663,0.5254353355507728,0.10478953560347917,https://www.oddsportal.com/american-football/usa/nfl-2011-2012/minnesota-vikings-denver-broncos-dIaJbnLS/
2011-12-04,2012,1,ne,ind,1,-2223,900,0.05695221696082653,0.9053883435832689,1.0,https://www.oddsportal.com/american-football/usa/nfl-2011-2012/new-england-patriots-indianapolis-colts-juLWFTzc/
2011-12-04,2012,1,pit,cin,1,-371,269,0.05868848497402168,0.7440203479366736,0.6578186819529457,https://www.oddsportal.com/american-football/usa/nfl-2011-2012/pittsburgh-steelers-cincinnati-bengals-naQitmap/
2011-12-04,2012,1,tb,car,0,-104,-132,0.07876943881000686,0.4725791287997492,0.8568971569983835,https://www.oddsportal.com/american-football/usa/nfl-2011-2012/tampa-bay-buccaneers-carolina-panthers-f7YPpTjT/
2011-12-04,2012,1,wsh,nyj,0,133,-178,0.06947231914039587,0.4013049629009441,0.1671790181409715,https://www.oddsportal.com/american-football/usa/nfl-2011-2012/washington-commanders-new-york-jets-WCRn4jii/
2011-12-01,2012,1,sea,phi,1,127,-171,0.0715249443243331,0.4111230790236206,0.4467026434182422,https://www.oddsportal.com/american-football/usa/nfl-2011-2012/seattle-seahawks-philadelphia-eagles-GGZLo9yN/
2011-11-28,2012,1,no,nyg,1,-339,245,0.06206463966194575,0.7270833980914488,0.8145306818407204,https://www.oddsportal.com/american-football/usa/nfl-2011-2012/new-orleans-saints-new-york-giants-YipHnkMG/
2011-11-27,2012,1,kc,pit,0,424,-741,0.07193363044721401,0.1780331255927381,0.12069932017808115,https://www.oddsportal.com/american-football/usa/nfl-2011-2012/kansas-city-chiefs-pittsburgh-steelers-GWH4mV6A/
2011-11-27,2012,1,lac,den,0,-224,166,0.06729787431541823,0.6477648286658548,0.3354072899087773,https://www.oddsportal.com/american-football/usa/nfl-2011-2012/los-angeles-chargers-denver-broncos-M9I0lBi4/
2011-11-27,2012,1,phi,ne,0,122,-164,0.07166257166257162,0.4203286205578907,0.24114005335130073,https://www.oddsportal.com/american-football/usa/nfl-2011-2012/philadelphia-eagles-new-england-patriots-rJJdkixb/
2011-11-27,2012,1,oak,chi,1,-164,124,0.06764069264069272,0.5818550430816016,0.17266137286553337,https://www.oddsportal.com/american-football/usa/nfl-2011-2012/las-vegas-raiders-chicago-bears-272ajXMi/
2011-11-27,2012,1,sea,wsh,0,-171,130,0.06577891865875185,0.5920517838326057,0.7628710348316241,https://www.oddsportal.com/american-football/usa/nfl-2011-2012/seattle-seahawks-washington-commanders-OG3eiD7o/
2011-11-27,2012,1,ind,car,0,166,-224,0.06729787431541823,0.35223517133414506,0.0,https://www.oddsportal.com/american-football/usa/nfl-2011-2012/indianapolis-colts-carolina-panthers-dxpEzhN4/
2011-11-27,2012,1,ten,tb,1,-178,133,0.06947231914039587,0.5986950370990559,0.32811056199590727,https://www.oddsportal.com/american-football/usa/nfl-2011-2012/tennessee-titans-tampa-bay-buccaneers-EDf9yY7b/
2011-11-27,2012,1,atl,min,1,-500,341,0.06009070294784591,0.7860962566844919,0.9285506784559032,https://www.oddsportal.com/american-football/usa/nfl-2011-2012/atlanta-falcons-minnesota-vikings-8KBUYViH/
2011-11-27,2012,1,cin,cle,1,-317,232,0.06139666579989034,0.7162184233449477,0.8061357974634296,https://www.oddsportal.com/american-football/usa/nfl-2011-2012/cincinnati-bengals-cleveland-browns-nBAYXk7N/
2011-11-27,2012,1,jax,hou,0,217,-294,0.06165030665022653,0.29713872004102626,0.09565371154577698,https://www.oddsportal.com/american-football/usa/nfl-2011-2012/jacksonville-jaguars-houston-texans-vo7QZBxB/
2011-11-27,2012,1,lar,ari,0,-146,110,0.06968641114982566,0.5548317046688382,0.4446703784884482,https://www.oddsportal.com/american-football/usa/nfl-2011-2012/los-angeles-rams-arizona-cardinals-UZawX9MT/
2011-11-27,2012,1,nyj,buf,1,-500,341,0.06009070294784591,0.7860962566844919,0.5737987708318907,https://www.oddsportal.com/american-football/usa/nfl-2011-2012/new-york-jets-buffalo-bills-6ei5STUp/
2011-11-24,2012,1,bal,sf,1,-185,139,0.06753284885854804,0.6080588599326137,0.17577129422763635,https://www.oddsportal.com/american-football/usa/nfl-2011-2012/baltimore-ravens-san-francisco-49ers-2wi5xEhh/
2011-11-24,2012,1,dal,mia,1,-333,240,0.06317076484173345,0.7233580373115257,0.8329221702897722,https://www.oddsportal.com/american-football/usa/nfl-2011-2012/dallas-cowboys-miami-dolphins-8Gi1wfwn/
2011-11-24,2012,1,det,gb,0,174,-238,0.0691055154839546,0.3413727628974266,0.0288157999622881,https://www.oddsportal.com/american-football/usa/nfl-2011-2012/detroit-lions-green-bay-packers-UPhcvzOu/
2011-11-21,2012,1,ne,kc,1,-1819,789,0.060375465052277644,0.8939187646594151,0.8187277506435914,https://www.oddsportal.com/american-football/usa/nfl-2011-2012/new-england-patriots-kansas-city-chiefs-QXcrJjhU/
2011-11-20,2012,1,nyg,phi,0,-267,191,0.07116304765115133,0.6791873912777432,0.6957887323947637,https://www.oddsportal.com/american-football/usa/nfl-2011-2012/new-york-giants-philadelphia-eagles-nsavKWxO/
2011-11-20,2012,1,atl,ten,1,-282,205,0.06608874774697449,0.6924563239674744,0.6859282325513448,https://www.oddsportal.com/american-football/usa/nfl-2011-2012/atlanta-falcons-tennessee-titans-K8UBOfOh/
2011-11-20,2012,1,chi,lac,1,-235,172,0.0691395961369623,0.6561281051118867,0.8905411043238844,https://www.oddsportal.com/american-football/usa/nfl-2011-2012/chicago-bears-los-angeles-chargers-hKazLCNH/
2011-11-20,2012,1,lar,sea,0,-164,122,0.07166257166257162,0.5796713794421093,0.2438850360200646,https://www.oddsportal.com/american-football/usa/nfl-2011-2012/los-angeles-rams-seattle-seahawks-dh6RMYh5/
2011-11-20,2012,1,sf,ari,1,-646,395,0.06797194464754797,0.8108375383523087,0.9773989590587437,https://www.oddsportal.com/american-football/usa/nfl-2011-2012/san-francisco-49ers-arizona-cardinals-vHeWLh8B/
2011-11-20,2012,1,bal,cin,1,-333,240,0.06317076484173345,0.7233580373115257,0.4877174385563001,https://www.oddsportal.com/american-football/usa/nfl-2011-2012/baltimore-ravens-cincinnati-bengals-Ue1qJanD/
2011-11-20,2012,1,cle,jax,1,-135,-100,0.07446808510638303,0.5346534653465347,0.369863456549245,https://www.oddsportal.com/american-football/usa/nfl-2011-2012/cleveland-browns-jacksonville-jaguars-nHDZsqPD/
2011-11-20,2012,1,det,car,1,-371,255,0.06937591579199198,0.7365845474119851,0.957262990448149,https://www.oddsportal.com/american-football/usa/nfl-2011-2012/detroit-lions-carolina-panthers-j52uKuX6/
2011-11-20,2012,1,gb,tb,1,-910,516,0.06332776134756335,0.8473305520285386,0.9887342936668568,https://www.oddsportal.com/american-football/usa/nfl-2011-2012/green-bay-packers-tampa-bay-buccaneers-YT7zLLH0/
2011-11-20,2012,1,mia,buf,1,-171,127,0.0715249443243331,0.5888769209763794,0.13769913088193314,https://www.oddsportal.com/american-football/usa/nfl-2011-2012/miami-dolphins-buffalo-bills-tIV7Pz9n/
2011-11-20,2012,1,min,oak,0,-140,105,0.07113821138211396,0.5445920303605313,0.1737419298058794,https://www.oddsportal.com/american-football/usa/nfl-2011-2012/minnesota-vikings-las-vegas-raiders-EqqFNEwa/
2011-11-20,2012,1,wsh,dal,0,269,-371,0.05868848497402168,0.2559796520633264,0.14934543783933335,https://www.oddsportal.com/american-football/usa/nfl-2011-2012/washington-commanders-dallas-cowboys-bgt3QGgt/
2011-11-17,2012,1,den,nyj,1,217,-294,0.06165030665022653,0.29713872004102626,0.4075026445588651,https://www.oddsportal.com/american-football/usa/nfl-2011-2012/denver-broncos-new-york-jets-fw9WL12f/
2011-11-14,2012,1,gb,min,1,-833,474,0.0670348917545216,0.8367288368723335,0.9983839665495254,https://www.oddsportal.com/american-football/usa/nfl-2011-2012/green-bay-packers-minnesota-vikings-0G9SMsml/
2011-11-13,2012,1,nyj,ne,0,-151,115,0.06670990456777548,0.563971163033093,0.4903512409048854,https://www.oddsportal.com/american-football/usa/nfl-2011-2012/new-york-jets-new-england-patriots-K0ETONXs/
2011-11-13,2012,1,chi,det,1,-151,115,0.06670990456777548,0.563971163033093,0.41240031276676,https://www.oddsportal.com/american-football/usa/nfl-2011-2012/chicago-bears-detroit-lions-vgD8XcaF/
2011-11-13,2012,1,sf,nyg,1,-238,174,0.0691055154839546,0.6586272371025734,0.9141339514686525,https://www.oddsportal.com/american-football/usa/nfl-2011-2012/san-francisco-49ers-new-york-giants-EJy1T3PQ/
2011-11-13,2012,1,sea,bal,1,240,-333,0.06317076484173345,0.27664196268847435,0.10357018870881265,https://www.oddsportal.com/american-football/usa/nfl-2011-2012/seattle-seahawks-baltimore-ravens-zTxcUqAK/
2011-11-13,2012,1,atl,no,0,-121,-114,0.08022159259102635,0.5068509238960226,0.5226566611784181,https://www.oddsportal.com/american-football/usa/nfl-2011-2012/atlanta-falcons-new-orleans-saints-6gYhVPfE/
2011-11-13,2012,1,car,ten,0,-200,150,0.06666666666666665,0.625,0.21466117155088388,https://www.oddsportal.com/american-football/usa/nfl-2011-2012/carolina-panthers-tennessee-titans-KCp0NDy8/
2011-11-13,2012,1,cin,pit,0,166,-224,0.06729787431541823,0.35223517133414506,0.6254961242237337,https://www.oddsportal.com/american-football/usa/nfl-2011-2012/cincinnati-bengals-pittsburgh-steelers-69tdOgM1/
2011-11-13,2012,1,cle,lar,0,-157,120,0.06544039617969588,0.5733731739707836,0.7536361645489364,https://www.oddsportal.com/american-football/usa/nfl-2011-2012/cleveland-browns-los-angeles-rams-hdHCWHEL/
2011-11-13,2012,1,dal,buf,1,-238,174,0.0691055154839546,0.6586272371025734,0.3672653557343259,https://www.oddsportal.com/american-football/usa/nfl-2011-2012/dallas-cowboys-buffalo-bills-dUN3Ywp9/
2011-11-13,2012,1,ind,jax,0,120,-157,0.06544039617969588,0.4266268260292164,0.0,https://www.oddsportal.com/american-football/usa/nfl-2011-2012/indianapolis-colts-jacksonville-jaguars-S2ZlW5u8/
2011-11-13,2012,1,kc,den,0,-200,150,0.06666666666666665,0.625,0.41047065413699496,https://www.oddsportal.com/american-football/usa/nfl-2011-2012/kansas-city-chiefs-denver-broncos-YerlQFik/
2011-11-13,2012,1,mia,wsh,1,-235,172,0.0691395961369623,0.6561281051118867,0.2493933851573376,https://www.oddsportal.com/american-football/usa/nfl-2011-2012/miami-dolphins-washington-commanders-nJGGVyUR/
2011-11-13,2012,1,phi,ari,0,-910,516,0.06332776134756335,0.8473305520285386,0.8960246444986213,https://www.oddsportal.com/american-football/usa/nfl-2011-2012/philadelphia-eagles-arizona-cardinals-hpRjRexq/
2011-11-13,2012,1,tb,hou,0,156,-213,0.07113618210862604,0.3646828540802536,0.6127868336770635,https://www.oddsportal.com/american-football/usa/nfl-2011-2012/tampa-bay-buccaneers-houston-texans-CnshPZ6e/
2011-11-10,2012,1,lac,oak,0,-339,245,0.06206463966194575,0.7270833980914488,0.45902439889593794,https://www.oddsportal.com/american-football/usa/nfl-2011-2012/los-angeles-chargers-las-vegas-raiders-IwPaZJU2/
2011-11-07,2012,1,phi,chi,0,-371,269,0.05868848497402168,0.7440203479366736,0.25133742740186693,https://www.oddsportal.com/american-football/usa/nfl-2011-2012/philadelphia-eagles-chicago-bears-Q579Azh2/
2011-11-06,2012,1,pit,bal,0,-200,150,0.06666666666666665,0.625,0.5491390001951881,https://www.oddsportal.com/american-football/usa/nfl-2011-2012/pittsburgh-steelers-baltimore-ravens-nF85BGxd/
2011-11-06,2012,0,ari,lar,1,-125,-110,0.07936507936507953,0.5147058823529411,0.2813401286820343,https://www.oddsportal.com/american-football/usa/nfl-2011-2012/arizona-cardinals-los-angeles-rams-4jJ0CdNk/
2011-11-06,2012,0,lac,gb,0,192,-263,0.0669836597607456,0.3209662587536252,0.007269963176595781,https://www.oddsportal.com/american-football/usa/nfl-2011-2012/los-angeles-chargers-green-bay-packers-lQDVHIaS/
2011-11-06,2012,0,ne,nyg,0,-541,350,0.06621598197261225,0.791578605104861,0.8700044984022569,https://www.oddsportal.com/american-football/usa/nfl-2011-2012/new-england-patriots-new-york-giants-650cDx8q/
2011-11-06,2012,0,oak,den,0,-371,269,0.05868848497402168,0.7440203479366736,0.8148653892613158,https://www.oddsportal.com/american-football/usa/nfl-2011-2012/las-vegas-raiders-denver-broncos-6HjJIbpM/
2011-11-06,2012,0,ten,cin,0,-146,110,0.06968641114982566,0.5548317046688382,0.2553960067361087,https://www.oddsportal.com/american-football/usa/nfl-2011-2012/tennessee-titans-cincinnati-bengals-ltdEJvVF/
2011-11-06,2012,0,dal,sea,1,-646,395,0.06797194464754797,0.8108375383523087,0.80326377244096,https://www.oddsportal.com/american-football/usa/nfl-2011-2012/dallas-cowboys-seattle-seahawks-Aog3aJwp/
2011-11-06,2012,0,hou,cle,1,-646,395,0.06797194464754797,0.8108375383523087,0.8266871617411685,https://www.oddsportal.com/american-football/usa/nfl-2011-2012/houston-texans-cleveland-browns-IBh7bwgj/
2011-11-06,2012,0,kc,mia,0,-250,180,0.0714285714285714,0.6666666666666667,1.0,https://www.oddsportal.com/american-football/usa/nfl-2011-2012/kansas-city-chiefs-miami-dolphins-8x7y4aVS/
2011-11-06,2012,0,no,tb,1,-477,324,0.06253883130048066,0.7780325295828396,0.3650722971650703,https://www.oddsportal.com/american-football/usa/nfl-2011-2012/new-orleans-saints-tampa-bay-buccaneers-2Pg2Mtoc/
2011-11-06,2012,0,wsh,sf,0,180,-250,0.0714285714285714,0.33333333333333337,0.026302407188086876,https://www.oddsportal.com/american-football/usa/nfl-2011-2012/washington-commanders-san-francisco-49ers-d2iBcc8d/
2011-11-06,2012,0,buf,nyj,0,-151,115,0.06670990456777548,0.563971163033093,0.7361021180045055,https://www.oddsportal.com/american-football/usa/nfl-2011-2012/buffalo-bills-new-york-jets-GSc6L003/
2011-11-06,2012,0,ind,atl,0,232,-317,0.06139666579989034,0.28378157665505227,0.0,https://www.oddsportal.com/american-football/usa/nfl-2011-2012/indianapolis-colts-atlanta-falcons-AkcAKKF9/
2011-10-31,2012,0,kc,lac,1,127,-171,0.0715249443243331,0.4111230790236206,0.42708216743494515,https://www.oddsportal.com/american-football/usa/nfl-2011-2012/kansas-city-chiefs-los-angeles-chargers-QDHW4uGM/
2011-10-30,2012,0,phi,dal,1,-178,133,0.06947231914039587,0.5986950370990559,0.18743259018575267,https://www.oddsportal.com/american-football/usa/nfl-2011-2012/philadelphia-eagles-dallas-cowboys-8hkK5L0G/
2011-10-30,2012,0,pit,ne,1,139,-185,0.06753284885854804,0.39194114006738634,0.1065546677057302,https://www.oddsportal.com/american-football/usa/nfl-2011-2012/pittsburgh-steelers-new-england-patriots-I3d78NGc/
2011-10-30,2012,0,sf,cle,1,-477,324,0.06253883130048066,0.7780325295828396,0.9836277961703578,https://www.oddsportal.com/american-football/usa/nfl-2011-2012/san-francisco-49ers-cleveland-browns-zuiC7sW3/
2011-10-30,2012,0,sea,cin,0,-100,-135,0.07446808510638303,0.4653465346534653,0.1053994279920191,https://www.oddsportal.com/american-football/usa/nfl-2011-2012/seattle-seahawks-cincinnati-bengals-EVkG61oA/
2011-10-30,2012,0,buf,wsh,1,-238,174,0.0691055154839546,0.6586272371025734,0.9369057652810362,https://www.oddsportal.com/american-football/usa/nfl-2011-2012/buffalo-bills-washington-commanders-MioDpKOj/
2011-10-30,2012,0,den,det,0,145,-191,0.06452065362227355,0.3834244680150208,0.0439426028680178,https://www.oddsportal.com/american-football/usa/nfl-2011-2012/denver-broncos-detroit-lions-vDc3931i/
2011-10-30,2012,0,bal,ari,1,-910,516,0.06332776134756335,0.8473305520285386,0.9641390693347548,https://www.oddsportal.com/american-football/usa/nfl-2011-2012/baltimore-ravens-arizona-cardinals-UJTv3SvI/
2011-10-30,2012,0,car,min,0,-194,144,0.06970001115200164,0.6168682235195997,0.6744269753572516,https://www.oddsportal.com/american-football/usa/nfl-2011-2012/carolina-panthers-minnesota-vikings-MgQW4lA5/
2011-10-30,2012,0,hou,jax,1,-500,341,0.06009070294784591,0.7860962566844919,0.6936324392570856,https://www.oddsportal.com/american-football/usa/nfl-2011-2012/houston-texans-jacksonville-jaguars-AHs9o09p/
2011-10-30,2012,0,lar,no,1,574,-1000,0.05745886161316416,0.1403061224489796,0.0,https://www.oddsportal.com/american-football/usa/nfl-2011-2012/los-angeles-rams-new-orleans-saints-jTUz48PB/
2011-10-30,2012,0,nyg,mia,1,-541,364,0.059511001129700425,0.7965880097993171,1.0,https://www.oddsportal.com/american-football/usa/nfl-2011-2012/new-york-giants-miami-dolphins-dMDF6Aug/
2011-10-30,2012,0,ten,ind,1,-400,282,0.06178010471204187,0.7534516765285997,1.0,https://www.oddsportal.com/american-football/usa/nfl-2011-2012/tennessee-titans-indianapolis-colts-vo3K5Ufa/
2011-10-24,2012,0,jax,bal,1,374,-646,0.07692220676236694,0.19590130355773575,0.04336643786834657,https://www.oddsportal.com/american-football/usa/nfl-2011-2012/jacksonville-jaguars-baltimore-ravens-rJ9B7jQn/
2011-10-23,2012,0,no,ind,1,-1000,546,0.0638896707008163,0.8544973544973544,1.0,https://www.oddsportal.com/american-football/usa/nfl-2011-2012/new-orleans-saints-indianapolis-colts-ldA78WAt/
2011-10-23,2012,0,dal,lar,1,-1543,668,0.06934406066139176,0.8782353237621209,1.0,https://www.oddsportal.com/american-football/usa/nfl-2011-2012/dallas-cowboys-los-angeles-rams-W4BAkTPO/
2011-10-23,2012,0,min,gb,0,395,-646,0.06797194464754797,0.18916246164769124,0.000680317043495802,https://www.oddsportal.com/american-football/usa/nfl-2011-2012/minnesota-vikings-green-bay-packers-nmOuDC2P/
2011-10-23,2012,0,ari,pit,0,172,-250,0.08193277310924385,0.3398058252427184,0.042327842897335,https://www.oddsportal.com/american-football/usa/nfl-2011-2012/arizona-cardinals-pittsburgh-steelers-hEC6j9AI/
2011-10-23,2012,0,oak,kc,0,-200,142,0.07988980716253447,0.6173469387755102,0.8856399508391969,https://www.oddsportal.com/american-football/usa/nfl-2011-2012/las-vegas-raiders-kansas-city-chiefs-biD2ikeC/
2011-10-23,2012,0,car,wsh,1,-141,105,0.07286711871268103,0.5453259126497499,0.11239655531010774,https://www.oddsportal.com/american-football/usa/nfl-2011-2012/carolina-panthers-washington-commanders-fZC21ZIJ/
2011-10-23,2012,0,cle,sea,1,-191,145,0.06452065362227355,0.6165755319849793,0.020746767295754632,https://www.oddsportal.com/american-football/usa/nfl-2011-2012/cleveland-browns-seattle-seahawks-CjgZeDts/
2011-10-23,2012,0,det,atl,0,-250,180,0.0714285714285714,0.6666666666666667,0.9378332754799205,https://www.oddsportal.com/american-football/usa/nfl-2011-2012/detroit-lions-atlanta-falcons-pl9bhVu6/
2011-10-23,2012,0,mia,den,0,-110,-126,0.08133164770332924,0.4844115354637568,0.0,https://www.oddsportal.com/american-football/usa/nfl-2011-2012/miami-dolphins-denver-broncos-2PJggBQa/
2011-10-23,2012,0,nyj,lac,1,-117,-118,0.08045491058216703,0.49902175614337146,0.2718042640799412,https://www.oddsportal.com/american-football/usa/nfl-2011-2012/new-york-jets-los-angeles-chargers-69G60gYP/
2011-10-23,2012,0,tb,chi,0,-100,-135,0.07446808510638303,0.4653465346534653,0.7712835743033385,https://www.oddsportal.com/american-football/usa/nfl-2011-2012/tampa-bay-buccaneers-chicago-bears-jshweXem/
2011-10-23,2012,0,ten,hou,0,-157,120,0.06544039617969588,0.5733731739707836,0.45144146642836885,https://www.oddsportal.com/american-football/usa/nfl-2011-2012/tennessee-titans-houston-texans-KGdsfiBg/
2011-10-17,2012,0,nyj,mia,1,-400,282,0.06178010471204187,0.7534516765285997,1.0,https://www.oddsportal.com/american-football/usa/nfl-2011-2012/new-york-jets-miami-dolphins-xE0CxjtJ/
2011-10-16,2012,0,chi,min,1,-140,105,0.07113821138211396,0.5445920303605313,0.9753664725708685,https://www.oddsportal.com/american-football/usa/nfl-2011-2012/chicago-bears-minnesota-vikings-bN18wWQC/
2011-10-16,2012,0,ne,dal,1,-308,224,0.06354393609295572,0.7097985660635029,0.850920149033263,https://www.oddsportal.com/american-football/usa/nfl-2011-2012/new-england-patriots-dallas-cowboys-2e8auhd0/
2011-10-16,2012,0,tb,no,1,217,-294,0.06165030665022653,0.29713872004102626,0.0318058084387396,https://www.oddsportal.com/american-football/usa/nfl-2011-2012/tampa-bay-buccaneers-new-orleans-saints-tn73vCB6/
2011-10-16,2012,0,bal,hou,1,-333,240,0.06317076484173345,0.7233580373115257,0.4935159425390552,https://www.oddsportal.com/american-football/usa/nfl-2011-2012/baltimore-ravens-houston-texans-jDtqsERm/
2011-10-16,2012,0,oak,cle,1,-317,232,0.06139666579989034,0.7162184233449477,0.9980166192106505,https://www.oddsportal.com/american-football/usa/nfl-2011-2012/las-vegas-raiders-cleveland-browns-8Y8etYtf/
2011-10-16,2012,0,atl,car,1,-200,150,0.06666666666666665,0.625,0.8732982633942399,https://www.oddsportal.com/american-football/usa/nfl-2011-2012/atlanta-falcons-carolina-panthers-E14DPCdD/
2011-10-16,2012,0,cin,ind,1,-267,191,0.07116304765115133,0.6791873912777432,1.0,https://www.oddsportal.com/american-football/usa/nfl-2011-2012/cincinnati-bengals-indianapolis-colts-KO64ldZD/
2011-10-16,2012,0,det,sf,0,-235,172,0.0691395961369623,0.6561281051118867,0.9766744280758011,https://www.oddsportal.com/american-football/usa/nfl-2011-2012/detroit-lions-san-francisco-49ers-6y15RYR0/
2011-10-16,2012,0,gb,lar,1,-1344,650,0.06408125577100643,0.8746962860118015,1.0,https://www.oddsportal.com/american-football/usa/nfl-2011-2012/green-bay-packers-los-angeles-rams-0b09Qhs7/
2011-10-16,2012,0,nyg,buf,1,-191,145,0.06452065362227355,0.6165755319849793,0.002607265004124874,https://www.oddsportal.com/american-football/usa/nfl-2011-2012/new-york-giants-buffalo-bills-bF58mGlK/
2011-10-16,2012,0,pit,jax,1,-646,395,0.06797194464754797,0.8108375383523087,0.8744395858718225,https://www.oddsportal.com/american-football/usa/nfl-2011-2012/pittsburgh-steelers-jacksonville-jaguars-6u5Cnz4Q/
2011-10-16,2012,0,wsh,phi,0,120,-157,0.06544039617969588,0.4266268260292164,0.992113218506431,https://www.oddsportal.com/american-football/usa/nfl-2011-2012/washington-commanders-philadelphia-eagles-8livrfCs/
2011-10-10,2012,0,det,chi,1,-333,240,0.06317076484173345,0.7233580373115257,0.9769634004907473,https://www.oddsportal.com/american-football/usa/nfl-2011-2012/detroit-lions-chicago-bears-Sp21SECf/
2011-10-09,2012,0,atl,gb,0,205,-282,0.06608874774697449,0.3075436760325255,0.0005718502842846002,https://www.oddsportal.com/american-football/usa/nfl-2011-2012/atlanta-falcons-green-bay-packers-A97dTfcl/
2011-10-09,2012,0,den,lac,0,150,-200,0.06666666666666665,0.375,0.7650685397719786,https://www.oddsportal.com/american-football/usa/nfl-2011-2012/denver-broncos-los-angeles-chargers-S0ppUzrr/
2011-10-09,2012,0,ne,nyj,1,-400,282,0.06178010471204187,0.7534516765285997,0.6847716763311111,https://www.oddsportal.com/american-football/usa/nfl-2011-2012/new-england-patriots-new-york-jets-ALcIYGZQ/
2011-10-09,2012,0,sf,tb,1,-157,120,0.06544039617969588,0.5733731739707836,0.17455552834740046,https://www.oddsportal.com/american-football/usa/nfl-2011-2012/san-francisco-49ers-tampa-bay-buccaneers-CzuFZdKK/
2011-10-09,2012,0,car,no,0,232,-317,0.06139666579989034,0.28378157665505227,0.0015505615581096635,https://www.oddsportal.com/american-football/usa/nfl-2011-2012/carolina-panthers-new-orleans-saints-xYp7Eere/
2011-10-09,2012,0,jax,cin,0,110,-146,0.06968641114982566,0.4451682953311618,0.2711147631408039,https://www.oddsportal.com/american-football/usa/nfl-2011-2012/jacksonville-jaguars-cincinnati-bengals-OUt3FyTl/
2011-10-09,2012,0,nyg,sea,0,-541,364,0.059511001129700425,0.7965880097993171,0.7366547851881443,https://www.oddsportal.com/american-football/usa/nfl-2011-2012/new-york-giants-seattle-seahawks-U7saGHDr/
2011-10-09,2012,0,pit,ten,1,-191,145,0.06452065362227355,0.6165755319849793,0.16864796109063876,https://www.oddsportal.com/american-football/usa/nfl-2011-2012/pittsburgh-steelers-tennessee-titans-lQeNXqqG/
2011-10-09,2012,0,buf,phi,1,127,-171,0.0715249443243331,0.4111230790236206,0.9987831140182,https://www.oddsportal.com/american-football/usa/nfl-2011-2012/buffalo-bills-philadelphia-eagles-bmZFCZC7/
2011-10-09,2012,0,hou,oak,0,-235,172,0.0691395961369623,0.6561281051118867,0.7081432671958575,https://www.oddsportal.com/american-football/usa/nfl-2011-2012/houston-texans-las-vegas-raiders-KdzCDFc1/
2011-10-09,2012,0,ind,kc,0,-135,-100,0.07446808510638303,0.5346534653465347,0.0,https://www.oddsportal.com/american-football/usa/nfl-2011-2012/indianapolis-colts-kansas-city-chiefs-jLj6yJk8/
2011-10-09,2012,0,min,ari,1,-191,145,0.06452065362227355,0.6165755319849793,0.0,https://www.oddsportal.com/american-football/usa/nfl-2011-2012/minnesota-vikings-arizona-cardinals-UBkAzw5E/
2011-10-03,2012,0,tb,ind,1,-646,374,0.07692220676236694,0.8040986964422643,1.0,https://www.oddsportal.com/american-football/usa/nfl-2011-2012/tampa-bay-buccaneers-indianapolis-colts-8EvQYPT9/
2011-10-02,2012,0,bal,nyj,1,-267,191,0.07116304765115133,0.6791873912777432,0.004761287972513894,https://www.oddsportal.com/american-football/usa/nfl-2011-2012/baltimore-ravens-new-york-jets-UNuMZ5E3/
2011-10-02,2012,0,gb,den,1,-769,450,0.06674338319907935,0.8295577130528587,0.9997427126112765,https://www.oddsportal.com/american-football/usa/nfl-2011-2012/green-bay-packers-denver-broncos-z1tIznac/
2011-10-02,2012,0,oak,ne,0,205,-282,0.06608874774697449,0.3075436760325255,0.9874083394112426,https://www.oddsportal.com/american-football/usa/nfl-2011-2012/las-vegas-raiders-new-england-patriots-McxEySqi/
2011-10-02,2012,0,lac,mia,1,-333,240,0.06317076484173345,0.7233580373115257,1.0,https://www.oddsportal.com/american-football/usa/nfl-2011-2012/los-angeles-chargers-miami-dolphins-GzzNCr7j/
2011-10-02,2012,0,ari,nyg,0,-110,-125,0.07936507936507953,0.48529411764705876,0.9119541121980823,https://www.oddsportal.com/american-football/usa/nfl-2011-2012/arizona-cardinals-new-york-giants-phqiI4qT/
2011-10-02,2012,0,sea,atl,0,205,-282,0.06608874774697449,0.3075436760325255,0.9587993558915714,https://www.oddsportal.com/american-football/usa/nfl-2011-2012/seattle-seahawks-atlanta-falcons-xpyJDOip/
2011-10-02,2012,0,chi,car,1,-308,224,0.06354393609295572,0.7097985660635029,0.5266521152685819,https://www.oddsportal.com/american-football/usa/nfl-2011-2012/chicago-bears-carolina-panthers-dMex15Np/
2011-10-02,2012,0,cin,buf,1,124,-164,0.06764069264069272,0.41814495691839837,1.4553421962604622e-06,https://www.oddsportal.com/american-football/usa/nfl-2011-2012/cincinnati-bengals-buffalo-bills-Es8SPl0o/
2011-10-02,2012,0,cle,ten,0,-127,-109,0.08100246611723527,0.517548648754046,0.00096759056162924,https://www.oddsportal.com/american-football/usa/nfl-2011-2012/cleveland-browns-tennessee-titans-hY6WO8Fi/
2011-10-02,2012,0,dal,det,0,-140,105,0.07113821138211396,0.5445920303605313,0.3751540600557387,https://www.oddsportal.com/american-football/usa/nfl-2011-2012/dallas-cowboys-detroit-lions-K04A5oFT/
2011-10-02,2012,0,hou,pit,1,-213,156,0.07113618210862604,0.6353171459197465,0.29814537067687275,https://www.oddsportal.com/american-football/usa/nfl-2011-2012/houston-texans-pittsburgh-steelers-OxerKQEG/
2011-10-02,2012,0,jax,no,0,282,-400,0.06178010471204187,0.2465483234714004,0.038333388018313715,https://www.oddsportal.com/american-football/usa/nfl-2011-2012/jacksonville-jaguars-new-orleans-saints-rNaqM6aA/
2011-10-02,2012,0,kc,min,1,132,-178,0.07132225254279323,0.4023387750376288,,https://www.oddsportal.com/american-football/usa/nfl-2011-2012/kansas-city-chiefs-minnesota-vikings-A91yOSUc/
2011-10-02,2012,0,lar,wsh,0,120,-157,0.06544039617969588,0.4266268260292164,0.0,https://www.oddsportal.com/american-football/usa/nfl-2011-2012/los-angeles-rams-washington-commanders-l00uNnp4/
2011-10-02,2012,0,phi,sf,0,-500,341,0.06009070294784591,0.7860962566844919,0.00011825560424029548,https://www.oddsportal.com/american-football/usa/nfl-2011-2012/philadelphia-eagles-san-francisco-49ers-61pmJpUM/
2011-09-26,2012,0,dal,wsh,1,-178,132,0.07132225254279323,0.5976612249623713,0.16843661634009421,https://www.oddsportal.com/american-football/usa/nfl-2011-2012/dallas-cowboys-washington-commanders-xxF56RaN/
2011-09-25,2012,0,ind,pit,0,350,-541,0.06621598197261225,0.208421394895139,0.0,https://www.oddsportal.com/american-football/usa/nfl-2011-2012/indianapolis-colts-pittsburgh-steelers-boG177pH/
2011-09-25,2012,0,chi,gb,0,174,-238,0.0691055154839546,0.3413727628974266,0.0015451102553533228,https://www.oddsportal.com/american-football/usa/nfl-2011-2012/chicago-bears-green-bay-packers-4A1b8mVA/
2011-09-25,2012,0,sea,ari,1,133,-178,0.06947231914039587,0.4013049629009441,0.0,https://www.oddsportal.com/american-football/usa/nfl-2011-2012/seattle-seahawks-arizona-cardinals-vwksA90b/
2011-09-25,2012,0,tb,atl,1,-135,-100,0.07446808510638303,0.5346534653465347,0.728694210687146,https://www.oddsportal.com/american-football/usa/nfl-2011-2012/tampa-bay-buccaneers-atlanta-falcons-M1vn9TF4/
2011-09-25,2012,0,oak,nyj,1,117,-158,0.07323259386275138,0.4293845488133675,0.01684534385610051,https://www.oddsportal.com/american-football/usa/nfl-2011-2012/las-vegas-raiders-new-york-jets-WCoZBVVo/
2011-09-25,2012,0,lac,kc,1,-1000,546,0.0638896707008163,0.8544973544973544,1.0,https://www.oddsportal.com/american-football/usa/nfl-2011-2012/los-angeles-chargers-kansas-city-chiefs-QZpwBkoh/
2011-09-25,2012,0,lar,bal,0,205,-282,0.06608874774697449,0.3075436760325255,0.0,https://www.oddsportal.com/american-football/usa/nfl-2011-2012/los-angeles-rams-baltimore-ravens-hMnVCBGu/
2011-09-25,2012,0,buf,ne,1,269,-371,0.05868848497402168,0.2559796520633264,0.9761305830282048,https://www.oddsportal.com/american-football/usa/nfl-2011-2012/buffalo-bills-new-england-patriots-KlE1B1K5/
2011-09-25,2012,0,car,jax,1,-191,145,0.06452065362227355,0.6165755319849793,0.0,https://www.oddsportal.com/american-football/usa/nfl-2011-2012/carolina-panthers-jacksonville-jaguars-xtikCs5a/
2011-09-25,2012,0,cin,sf,0,-131,-105,0.07929468905078663,0.5254353355507728,0.5077001934879531,https://www.oddsportal.com/american-football/usa/nfl-2011-2012/cincinnati-bengals-san-francisco-49ers-Em7A9ukI/
2011-09-25,2012,0,cle,mia,1,-123,-112,0.07987139351891015,0.5107733291545875,1.0,https://www.oddsportal.com/american-football/usa/nfl-2011-2012/cleveland-browns-miami-dolphins-2D36ALZB/
2011-09-25,2012,0,min,det,0,139,-185,0.06753284885854804,0.39194114006738634,0.0,https://www.oddsportal.com/american-football/usa/nfl-2011-2012/minnesota-vikings-detroit-lions-n15I7JJU/
2011-09-25,2012,0,no,hou,1,-200,150,0.06666666666666665,0.625,0.8684128623208032,https://www.oddsportal.com/american-football/usa/nfl-2011-2012/new-orleans-saints-houston-texans-UFmsE3zm/
2011-09-25,2012,0,ten,den,1,-333,240,0.06317076484173345,0.7233580373115257,0.6239092306350444,https://www.oddsportal.com/american-football/usa/nfl-2011-2012/tennessee-titans-denver-broncos-8A6E8a4O/
2011-09-19,2012,0,nyg,lar,1,-339,245,0.06206463966194575,0.7270833980914488,,https://www.oddsportal.com/american-football/usa/nfl-2011-2012/new-york-giants-los-angeles-rams-nibxFqLt/
2011-09-18,2012,0,atl,phi,1,115,-151,0.06670990456777548,0.4360288369669069,0.0,https://www.oddsportal.com/american-football/usa/nfl-2011-2012/atlanta-falcons-philadelphia-eagles-AV6AJPCP/
2011-09-18,2012,0,den,cin,1,-194,144,0.06970001115200164,0.6168682235195997,0.0,https://www.oddsportal.com/american-football/usa/nfl-2011-2012/denver-broncos-cincinnati-bengals-hAfKftzP/
2011-09-18,2012,0,mia,hou,0,127,-171,0.0715249443243331,0.4111230790236206,0.0,https://www.oddsportal.com/american-football/usa/nfl-2011-2012/miami-dolphins-houston-texans-EJeGeMKI/
2011-09-18,2012,0,ne,lac,1,-317,232,0.06139666579989034,0.7162184233449477,0.5,https://www.oddsportal.com/american-football/usa/nfl-2011-2012/new-england-patriots-los-angeles-chargers-pbQEymQl/
2011-09-18,2012,0,sf,dal,0,133,-178,0.06947231914039587,0.4013049629009441,1.0,https://www.oddsportal.com/american-football/usa/nfl-2011-2012/san-francisco-49ers-dallas-cowboys-Y7vJd25C/
2011-09-18,2012,0,buf,oak,1,-227,163,0.07441773932861251,0.6461077261068603,0.5,https://www.oddsportal.com/american-football/usa/nfl-2011-2012/buffalo-bills-las-vegas-raiders-IkwKdBae/
2011-09-18,2012,0,det,kc,1,-371,269,0.05868848497402168,0.7440203479366736,1.0,https://www.oddsportal.com/american-football/usa/nfl-2011-2012/detroit-lions-kansas-city-chiefs-CCxOeVE1/
2011-09-18,2012,0,ind,cle,0,105,-140,0.07113821138211396,0.4554079696394686,,https://www.oddsportal.com/american-football/usa/nfl-2011-2012/indianapolis-colts-cleveland-browns-MJPk1Qjs/
2011-09-18,2012,0,min,tb,0,-129,-105,0.07551389924379581,0.523767082590612,,https://www.oddsportal.com/american-football/usa/nfl-2011-2012/minnesota-vikings-tampa-bay-buccaneers-AceRfkU7/
2011-09-18,2012,0,nyj,jax,1,-400,282,0.06178010471204187,0.7534516765285997,0.5,https://www.oddsportal.com/american-football/usa/nfl-2011-2012/new-york-jets-jacksonville-jaguars-0AOg0p6m/
2011-09-18,2012,0,pit,sea,1,-1000,546,0.0638896707008163,0.8544973544973544,,https://www.oddsportal.com/american-football/usa/nfl-2011-2012/pittsburgh-steelers-seattle-seahawks-rZDba4Lg/
2011-09-18,2012,0,ten,bal,1,191,-267,0.07116304765115133,0.3208126087222567,0.0,https://www.oddsportal.com/american-football/usa/nfl-2011-2012/tennessee-titans-baltimore-ravens-fBdMIhME/
2011-09-18,2012,0,wsh,ari,1,-235,172,0.0691395961369623,0.6561281051118867,0.5,https://www.oddsportal.com/american-football/usa/nfl-2011-2012/washington-commanders-arizona-cardinals-0ftBbOz0/
2011-09-18,2012,0,car,gb,0,350,-541,0.06621598197261225,0.208421394895139,0.0,https://www.oddsportal.com/american-football/usa/nfl-2011-2012/carolina-panthers-green-bay-packers-fHuFcrj6/
2011-09-18,2012,0,no,chi,1,-267,191,0.07116304765115133,0.6791873912777432,0.0,https://www.oddsportal.com/american-football/usa/nfl-2011-2012/new-orleans-saints-chicago-bears-C8dxz5Pb/
2011-09-12,2012,0,den,oak,0,-185,139,0.06753284885854804,0.6080588599326137,,https://www.oddsportal.com/american-football/usa/nfl-2011-2012/denver-broncos-las-vegas-raiders-vavGcipk/
2011-09-12,2012,0,mia,ne,0,269,-371,0.05868848497402168,0.2559796520633264,,https://www.oddsportal.com/american-football/usa/nfl-2011-2012/miami-dolphins-new-england-patriots-MNqBbXUr/
2011-09-11,2012,0,nyj,dal,1,-317,232,0.06139666579989034,0.7162184233449477,,https://www.oddsportal.com/american-football/usa/nfl-2011-2012/new-york-jets-dallas-cowboys-GdZz3DMR/
2011-09-11,2012,0,ari,car,1,-333,240,0.06317076484173345,0.7233580373115257,,https://www.oddsportal.com/american-football/usa/nfl-2011-2012/arizona-cardinals-carolina-panthers-MZZW3g7L/
2011-09-11,2012,0,lac,min,1,-455,300,0.06981981981981988,0.7663157894736842,,https://www.oddsportal.com/american-football/usa/nfl-2011-2012/los-angeles-chargers-minnesota-vikings-8WVS4ZiF/
2011-09-11,2012,0,sf,sea,1,-263,192,0.0669836597607456,0.6790337412463748,,https://www.oddsportal.com/american-football/usa/nfl-2011-2012/san-francisco-49ers-seattle-seahawks-Q7tO5Fx9/
2011-09-11,2012,0,wsh,nyg,1,-105,-129,0.07551389924379581,0.47623291740938806,,https://www.oddsportal.com/american-football/usa/nfl-2011-2012/washington-commanders-new-york-giants-nHsK6eN2/
2011-09-11,2012,0,bal,pit,1,-131,-105,0.07929468905078663,0.5254353355507728,,https://www.oddsportal.com/american-football/usa/nfl-2011-2012/baltimore-ravens-pittsburgh-steelers-UFDYpYFk/
2011-09-11,2012,0,chi,atl,1,105,-140,0.07113821138211396,0.4554079696394686,,https://www.oddsportal.com/american-football/usa/nfl-2011-2012/chicago-bears-atlanta-falcons-jV1sqCp2/
2011-09-11,2012,0,cle,cin,0,-333,240,0.06317076484173345,0.7233580373115257,,https://www.oddsportal.com/american-football/usa/nfl-2011-2012/cleveland-browns-cincinnati-bengals-bm5ohGNF/
2011-09-11,2012,0,hou,ind,1,-426,295,0.06305048852096062,0.7618508624983023,,https://www.oddsportal.com/american-football/usa/nfl-2011-2012/houston-texans-indianapolis-colts-Cv3wphVe/
2011-09-11,2012,0,jax,ten,1,-115,-117,0.07405422784267479,0.49800439034124927,,https://www.oddsportal.com/american-football/usa/nfl-2011-2012/jacksonville-jaguars-tennessee-titans-GC9UoE0q/
2011-09-11,2012,0,kc,buf,0,-238,174,0.0691055154839546,0.6586272371025734,,https://www.oddsportal.com/american-football/usa/nfl-2011-2012/kansas-city-chiefs-buffalo-bills-GOajizwM/
2011-09-11,2012,0,lar,phi,0,174,-238,0.0691055154839546,0.3413727628974266,,https://www.oddsportal.com/american-football/usa/nfl-2011-2012/los-angeles-rams-philadelphia-eagles-bXM2jfhS/
2011-09-11,2012,0,tb,det,0,-135,-100,0.07446808510638303,0.5346534653465347,,https://www.oddsportal.com/american-football/usa/nfl-2011-2012/tampa-bay-buccaneers-detroit-lions-Ghg7aiFS/
2011-09-08,2012,0,gb,no,1,-282,205,0.06608874774697449,0.6924563239674744,,https://www.oddsportal.com/american-football/usa/nfl-2011-2012/green-bay-packers-new-orleans-saints-Kd6sgd89/
2011-01-02,2011,1,sea,lar,1,137,-187,0.0735088725209132,0.39304838466700454,0.45668663804583287,https://www.oddsportal.com/american-football/usa/nfl-2010-2011/seattle-seahawks-los-angeles-rams-KATfxxbF/
2011-01-02,2011,1,den,lac,0,172,-235,0.0691395961369623,0.3438718948881133,0.25249913108633154,https://www.oddsportal.com/american-football/usa/nfl-2010-2011/denver-broncos-los-angeles-chargers-QmUjwIr9/
2011-01-02,2011,1,gb,chi,1,-769,450,0.06674338319907935,0.8295577130528587,0.3784788643391575,https://www.oddsportal.com/american-football/usa/nfl-2010-2011/green-bay-packers-chicago-bears-p0NdPbE9/
2011-01-02,2011,1,hou,jax,1,-224,166,0.06729787431541823,0.6477648286658548,0.3521144771570399,https://www.oddsportal.com/american-football/usa/nfl-2010-2011/houston-texans-jacksonville-jaguars-OjM0OITF/
2011-01-02,2011,1,ind,ten,1,-541,364,0.059511001129700425,0.7965880097993171,0.6908051589084039,https://www.oddsportal.com/american-football/usa/nfl-2010-2011/indianapolis-colts-tennessee-titans-IDL4NxqM/
2011-01-02,2011,1,phi,dal,0,-110,-126,0.08133164770332924,0.4844115354637568,0.8184987013576649,https://www.oddsportal.com/american-football/usa/nfl-2010-2011/philadelphia-eagles-dallas-cowboys-6NNeFEj2/
2011-01-02,2011,1,sf,ari,1,-267,191,0.07116304765115133,0.6791873912777432,0.530032764553613,https://www.oddsportal.com/american-football/usa/nfl-2010-2011/san-francisco-49ers-arizona-cardinals-b1SbydDL/
2011-01-02,2011,1,wsh,nyg,0,172,-235,0.0691395961369623,0.3438718948881133,0.3307837532464305,https://www.oddsportal.com/american-football/usa/nfl-2010-2011/washington-commanders-new-york-giants-CpQnvbT2/
2011-01-02,2011,1,atl,car,1,-1053,567,0.0631947686174259,0.8589862912171574,0.977822276752679,https://www.oddsportal.com/american-football/usa/nfl-2010-2011/atlanta-falcons-carolina-panthers-YRbf3Hij/
2011-01-02,2011,1,bal,cin,1,-541,350,0.06621598197261225,0.791578605104861,0.9264081283763751,https://www.oddsportal.com/american-football/usa/nfl-2010-2011/baltimore-ravens-cincinnati-bengals-WCHc2y7d/
2011-01-02,2011,1,cle,pit,0,205,-282,0.06608874774697449,0.3075436760325255,0.05318894337215239,https://www.oddsportal.com/american-football/usa/nfl-2010-2011/cleveland-browns-pittsburgh-steelers-lYTmRKqc/
2011-01-02,2011,1,det,min,1,-213,156,0.07113618210862604,0.6353171459197465,0.4227361028136739,https://www.oddsportal.com/american-football/usa/nfl-2010-2011/detroit-lions-minnesota-vikings-SOSiQva3/
2011-01-02,2011,1,kc,oak,0,-238,174,0.0691055154839546,0.6586272371025734,0.6548139770835932,https://www.oddsportal.com/american-football/usa/nfl-2010-2011/kansas-city-chiefs-las-vegas-raiders-zZmHMdbS/
2011-01-02,2011,1,ne,mia,1,-238,174,0.0691055154839546,0.6586272371025734,0.9588055103856904,https://www.oddsportal.com/american-football/usa/nfl-2010-2011/new-england-patriots-miami-dolphins-tGQqIG6q/
2011-01-02,2011,1,no,tb,0,-317,232,0.06139666579989034,0.7162184233449477,0.6168876745923215,https://www.oddsportal.com/american-football/usa/nfl-2010-2011/new-orleans-saints-tampa-bay-buccaneers-K6PmHzMk/
2011-01-02,2011,1,nyj,buf,1,-125,-110,0.07936507936507953,0.5147058823529411,0.8831638966675025,https://www.oddsportal.com/american-football/usa/nfl-2010-2011/new-york-jets-buffalo-bills-SWOiGfyd/
2010-12-28,2011,1,phi,min,0,-1053,596,0.05694789205570672,0.8640631558097969,0.7845196326911223,https://www.oddsportal.com/american-football/usa/nfl-2010-2011/philadelphia-eagles-minnesota-vikings-8W3jEs0i/
2010-12-27,2011,1,atl,no,0,-146,110,0.06968641114982566,0.5548317046688382,0.854047810811487,https://www.oddsportal.com/american-football/usa/nfl-2010-2011/atlanta-falcons-new-orleans-saints-j39k4cxp/
2010-12-26,2011,1,gb,nyg,1,-178,133,0.06947231914039587,0.5986950370990559,0.5523228385204525,https://www.oddsportal.com/american-football/usa/nfl-2010-2011/green-bay-packers-new-york-giants-KKIJ9JEM/
2010-12-26,2011,1,tb,sea,1,-267,191,0.07116304765115133,0.6791873912777432,0.7332651471680304,https://www.oddsportal.com/american-football/usa/nfl-2010-2011/tampa-bay-buccaneers-seattle-seahawks-tp2bCLU3/
2010-12-26,2011,1,cin,lac,1,282,-400,0.06178010471204187,0.2465483234714004,0.2708778569017319,https://www.oddsportal.com/american-football/usa/nfl-2010-2011/cincinnati-bengals-los-angeles-chargers-lfNN8wUS/
2010-12-26,2011,1,den,hou,1,110,-146,0.06968641114982566,0.4451682953311618,0.2462693863546496,https://www.oddsportal.com/american-football/usa/nfl-2010-2011/denver-broncos-houston-texans-fm62BupA/
2010-12-26,2011,1,oak,ind,0,-105,-131,0.07929468905078663,0.4745646644492272,0.3469901672157149,https://www.oddsportal.com/american-football/usa/nfl-2010-2011/las-vegas-raiders-indianapolis-colts-xCe7AaaG/
2010-12-26,2011,1,buf,ne,0,269,-371,0.05868848497402168,0.2559796520633264,0.016731018384080996,https://www.oddsportal.com/american-football/usa/nfl-2010-2011/buffalo-bills-new-england-patriots-UyTRB8ga/
2010-12-26,2011,1,chi,nyj,1,-152,115,0.06829088224437063,0.5646164478230822,0.30371519438738337,https://www.oddsportal.com/american-football/usa/nfl-2010-2011/chicago-bears-new-york-jets-CpjvBS85/
2010-12-26,2011,1,cle,bal,0,156,-213,0.07113618210862604,0.3646828540802536,0.06800911018573261,https://www.oddsportal.com/american-football/usa/nfl-2010-2011/cleveland-browns-baltimore-ravens-f9uqAnOB/
2010-12-26,2011,1,jax,wsh,0,-294,217,0.06165030665022653,0.7028612799589737,0.6700459101237934,https://www.oddsportal.com/american-football/usa/nfl-2010-2011/jacksonville-jaguars-washington-commanders-8Cqm96wI/
2010-12-26,2011,1,kc,ten,1,-223,166,0.06634232640424598,0.647449191206968,0.5801133118621303,https://www.oddsportal.com/american-football/usa/nfl-2010-2011/kansas-city-chiefs-tennessee-titans-087Giv8p/
2010-12-26,2011,1,lar,sf,1,-140,105,0.07113821138211396,0.5445920303605313,0.5257000866417947,https://www.oddsportal.com/american-football/usa/nfl-2010-2011/los-angeles-rams-san-francisco-49ers-nN2fD1Fc/
2010-12-26,2011,1,mia,det,0,-200,150,0.06666666666666665,0.625,0.7738270021495102,https://www.oddsportal.com/american-football/usa/nfl-2010-2011/miami-dolphins-detroit-lions-va6KjbNj/
2010-12-25,2011,1,ari,dal,1,245,-339,0.06206463966194575,0.2729166019085512,0.2551865093920979,https://www.oddsportal.com/american-football/usa/nfl-2010-2011/arizona-cardinals-dallas-cowboys-02ONClvg/
2010-12-23,2011,1,pit,car,1,-1334,700,0.055264993026499454,0.8815463406575251,0.9880946157544738,https://www.oddsportal.com/american-football/usa/nfl-2010-2011/pittsburgh-steelers-carolina-panthers-MBPJDUOn/
2010-12-20,2011,1,min,chi,0,191,-267,0.07116304765115133,0.3208126087222567,0.23193326141603987,https://www.oddsportal.com/american-football/usa/nfl-2010-2011/minnesota-vikings-chicago-bears-vmzFEA9t/
2010-12-19,2011,1,ne,gb,1,-1334,674,0.05946395943476812,0.8780525139550784,0.9472980553271074,https://www.oddsportal.com/american-football/usa/nfl-2010-2011/new-england-patriots-green-bay-packers-4fqmJj1P/
2010-12-19,2011,1,oak,den,1,-371,269,0.05868848497402168,0.7440203479366736,0.7380159118521864,https://www.oddsportal.com/american-football/usa/nfl-2010-2011/las-vegas-raiders-denver-broncos-8rYhem9I/
2010-12-19,2011,1,pit,nyj,0,-211,160,0.06307197625525607,0.6382038157282457,0.7935721925699425,https://www.oddsportal.com/american-football/usa/nfl-2010-2011/pittsburgh-steelers-new-york-jets-nZWdf7OO/
2010-12-19,2011,1,sea,atl,0,180,-250,0.0714285714285714,0.33333333333333337,0.04231852607252405,https://www.oddsportal.com/american-football/usa/nfl-2010-2011/seattle-seahawks-atlanta-falcons-j7wldTgC/
2010-12-19,2011,1,bal,no,1,-146,110,0.06968641114982566,0.5548317046688382,0.7883262834837437,https://www.oddsportal.com/american-football/usa/nfl-2010-2011/baltimore-ravens-new-orleans-saints-UoIjqjA6/
2010-12-19,2011,1,car,ari,1,-151,115,0.06670990456777548,0.563971163033093,0.18970732869058016,https://www.oddsportal.com/american-football/usa/nfl-2010-2011/carolina-panthers-arizona-cardinals-O8HfrAPC/
2010-12-19,2011,1,cin,cle,1,-126,-110,0.08133164770332924,0.5155884645362431,0.26437282211416907,https://www.oddsportal.com/american-football/usa/nfl-2010-2011/cincinnati-bengals-cleveland-browns-xCLbsUvJ/
2010-12-19,2011,1,dal,wsh,1,-500,341,0.06009070294784591,0.7860962566844919,0.4284254506946236,https://www.oddsportal.com/american-football/usa/nfl-2010-2011/dallas-cowboys-washington-commanders-rZNk6DHJ/
2010-12-19,2011,1,ind,jax,1,-250,180,0.0714285714285714,0.6666666666666667,0.4630155423516828,https://www.oddsportal.com/american-football/usa/nfl-2010-2011/indianapolis-colts-jacksonville-jaguars-MPMg5XWP/
2010-12-19,2011,1,lar,kc,0,-157,120,0.06544039617969588,0.5733731739707836,0.34286604515447494,https://www.oddsportal.com/american-football/usa/nfl-2010-2011/los-angeles-rams-kansas-city-chiefs-0YCTbV9g/
2010-12-19,2011,1,mia,buf,0,-263,192,0.0669836597607456,0.6790337412463748,0.8565862298105927,https://www.oddsportal.com/american-football/usa/nfl-2010-2011/miami-dolphins-buffalo-bills-vJOK0ius/
2010-12-19,2011,1,nyg,phi,0,-171,127,0.0715249443243331,0.5888769209763794,0.40460395287845313,https://www.oddsportal.com/american-football/usa/nfl-2010-2011/new-york-giants-philadelphia-eagles-I9NOaBfm/
2010-12-19,2011,1,tb,det,0,-238,174,0.0691055154839546,0.6586272371025734,0.8464343117090062,https://www.oddsportal.com/american-football/usa/nfl-2010-2011/tampa-bay-buccaneers-detroit-lions-IgutbkPa/
2010-12-19,2011,1,ten,hou,1,-135,-100,0.07446808510638303,0.5346534653465347,0.4722533840410249,https://www.oddsportal.com/american-football/usa/nfl-2010-2011/tennessee-titans-houston-texans-CGvpc9v6/
2010-12-16,2011,1,lac,sf,1,-541,350,0.06621598197261225,0.791578605104861,0.6680979007982585,https://www.oddsportal.com/american-football/usa/nfl-2010-2011/los-angeles-chargers-san-francisco-49ers-jeJnpWf0/
2010-12-13,2011,1,hou,bal,0,127,-171,0.0715249443243331,0.4111230790236206,0.100122238103546,https://www.oddsportal.com/american-football/usa/nfl-2010-2011/houston-texans-baltimore-ravens-YJOsoCuf/
2010-12-13,2011,1,min,nyg,0,186,-250,0.06393606393606399,0.32863849765258213,0.36613121296585827,https://www.oddsportal.com/american-football/usa/nfl-2010-2011/minnesota-vikings-new-york-giants-YkDmXhBf/
2010-12-12,2011,1,dal,phi,0,166,-224,0.06729787431541823,0.35223517133414506,0.17373490925796292,https://www.oddsportal.com/american-football/usa/nfl-2010-2011/dallas-cowboys-philadelphia-eagles-jB1VohQm/
2010-12-12,2011,1,ari,den,1,174,-238,0.0691055154839546,0.3413727628974266,0.47040832632995505,https://www.oddsportal.com/american-football/usa/nfl-2010-2011/arizona-cardinals-denver-broncos-vXLfhfmK/
2010-12-12,2011,1,chi,ne,0,120,-157,0.06544039617969588,0.4266268260292164,0.06454094896743007,https://www.oddsportal.com/american-football/usa/nfl-2010-2011/chicago-bears-new-england-patriots-hjnCweYQ/
2010-12-12,2011,1,lac,kc,1,-541,350,0.06621598197261225,0.791578605104861,0.40795525904826374,https://www.oddsportal.com/american-football/usa/nfl-2010-2011/los-angeles-chargers-kansas-city-chiefs-dl2RnYAs/
2010-12-12,2011,1,nyj,mia,0,-250,180,0.0714285714285714,0.6666666666666667,0.8034466071200488,https://www.oddsportal.com/american-football/usa/nfl-2010-2011/new-york-jets-miami-dolphins-MeBaiE2Q/
2010-12-12,2011,1,no,lar,1,-477,324,0.06253883130048066,0.7780325295828396,0.7776491137674882,https://www.oddsportal.com/american-football/usa/nfl-2010-2011/new-orleans-saints-los-angeles-rams-8850UjeD/
2010-12-12,2011,1,sf,sea,1,-238,174,0.0691055154839546,0.6586272371025734,0.3889808890562509,https://www.oddsportal.com/american-football/usa/nfl-2010-2011/san-francisco-49ers-seattle-seahawks-0tNjgzYD/
2010-12-12,2011,1,buf,cle,1,-119,-119,0.08675799086757996,0.5,0.20803028712785696,https://www.oddsportal.com/american-football/usa/nfl-2010-2011/buffalo-bills-cleveland-browns-Kxl4uH3E/
2010-12-12,2011,1,car,atl,0,245,-339,0.06206463966194575,0.2729166019085512,0.006914458773935262,https://www.oddsportal.com/american-football/usa/nfl-2010-2011/carolina-panthers-atlanta-falcons-Eam8vyJK/
2010-12-12,2011,1,det,gb,1,224,-308,0.06354393609295572,0.29020143393649706,0.07412287864002383,https://www.oddsportal.com/american-football/usa/nfl-2010-2011/detroit-lions-green-bay-packers-dKjXYEtr/
2010-12-12,2011,1,jax,oak,1,-211,160,0.06307197625525607,0.6382038157282457,0.5943559660031364,https://www.oddsportal.com/american-football/usa/nfl-2010-2011/jacksonville-jaguars-las-vegas-raiders-vTDqYYel/
2010-12-12,2011,1,pit,cin,1,-400,282,0.06178010471204187,0.7534516765285997,0.9872819977775837,https://www.oddsportal.com/american-football/usa/nfl-2010-2011/pittsburgh-steelers-cincinnati-bengals-ngHiWCQ0/
2010-12-12,2011,1,wsh,tb,0,-105,-129,0.07551389924379581,0.47623291740938806,0.28693380728841544,https://www.oddsportal.com/american-football/usa/nfl-2010-2011/washington-commanders-tampa-bay-buccaneers-UH6dVWu7/
2010-12-09,2011,1,ten,ind,0,150,-200,0.06666666666666665,0.375,0.4476984769391644,https://www.oddsportal.com/american-football/usa/nfl-2010-2011/tennessee-titans-indianapolis-colts-6Zq0tcl8/
2010-12-06,2011,1,ne,nyj,1,-224,166,0.06729787431541823,0.6477648286658548,0.7574674086012758,https://www.oddsportal.com/american-football/usa/nfl-2010-2011/new-england-patriots-new-york-jets-0Cs9HDB7/
2010-12-05,2011,1,bal,pit,0,-191,145,0.06452065362227355,0.6165755319849793,0.3993618738786297,https://www.oddsportal.com/american-football/usa/nfl-2010-2011/baltimore-ravens-pittsburgh-steelers-MLr5Igd1/
2010-12-05,2011,1,ari,lar,0,144,-194,0.06970001115200164,0.3831317764804004,0.4061108962723801,https://www.oddsportal.com/american-football/usa/nfl-2010-2011/arizona-cardinals-los-angeles-rams-WWkhLeCr/
2010-12-05,2011,1,ind,dal,0,-263,192,0.0669836597607456,0.6790337412463748,0.7785095259396346,https://www.oddsportal.com/american-football/usa/nfl-2010-2011/indianapolis-colts-dallas-cowboys-EeucKFRl/
2010-12-05,2011,1,sea,car,1,-238,174,0.0691055154839546,0.6586272371025734,0.8733565704890716,https://www.oddsportal.com/american-football/usa/nfl-2010-2011/seattle-seahawks-carolina-panthers-hnv1JZte/
2010-12-05,2011,1,tb,atl,0,127,-171,0.0715249443243331,0.4111230790236206,0.15988079464445742,https://www.oddsportal.com/american-football/usa/nfl-2010-2011/tampa-bay-buccaneers-atlanta-falcons-YJIMupD3/
2010-12-05,2011,1,lac,oak,0,-741,424,0.07193363044721401,0.8219668744072618,0.6017613052140487,https://www.oddsportal.com/american-football/usa/nfl-2010-2011/los-angeles-chargers-las-vegas-raiders-6XGUwOsG/
2010-12-05,2011,1,cin,no,0,205,-282,0.06608874774697449,0.3075436760325255,0.1468147551838102,https://www.oddsportal.com/american-football/usa/nfl-2010-2011/cincinnati-bengals-new-orleans-saints-EVXrQ4DG/
2010-12-05,2011,1,det,chi,0,162,-223,0.0720818660931628,0.3560170182748055,0.08631666674614674,https://www.oddsportal.com/american-football/usa/nfl-2010-2011/detroit-lions-chicago-bears-MeXnPOSM/
2010-12-05,2011,1,gb,sf,1,-500,341,0.06009070294784591,0.7860962566844919,0.8714373030962013,https://www.oddsportal.com/american-football/usa/nfl-2010-2011/green-bay-packers-san-francisco-49ers-0nWjOrrT/
2010-12-05,2011,1,kc,den,1,-400,282,0.06178010471204187,0.7534516765285997,0.748322540141411,https://www.oddsportal.com/american-football/usa/nfl-2010-2011/kansas-city-chiefs-denver-broncos-6T8JJ2jp/
2010-12-05,2011,1,mia,cle,0,-248,184,0.06475635421725756,0.669302113425574,0.8376171121646214,https://www.oddsportal.com/american-football/usa/nfl-2010-2011/miami-dolphins-cleveland-browns-KWCNIM5j/
2010-12-05,2011,1,min,buf,1,-250,180,0.0714285714285714,0.6666666666666667,0.7165513972672569,https://www.oddsportal.com/american-football/usa/nfl-2010-2011/minnesota-vikings-buffalo-bills-xhPDs6ri/
2010-12-05,2011,1,nyg,wsh,1,-339,245,0.06206463966194575,0.7270833980914488,0.6082757010724265,https://www.oddsportal.com/american-football/usa/nfl-2010-2011/new-york-giants-washington-commanders-GrOHtQcc/
2010-12-05,2011,1,ten,jax,0,-185,139,0.06753284885854804,0.6080588599326137,0.4854636043499099,https://www.oddsportal.com/american-football/usa/nfl-2010-2011/tennessee-titans-jacksonville-jaguars-CAHQv4S9/
2010-12-02,2011,1,phi,hou,1,-400,282,0.06178010471204187,0.7534516765285997,0.7101420875943917,https://www.oddsportal.com/american-football/usa/nfl-2010-2011/philadelphia-eagles-houston-texans-WMAWQpbA/
2010-11-29,2011,1,ari,sf,0,105,-140,0.07113821138211396,0.4554079696394686,0.572545542781464,https://www.oddsportal.com/american-football/usa/nfl-2010-2011/arizona-cardinals-san-francisco-49ers-tYHJTnEi/
2010-11-28,2011,1,ind,lac,0,-141,105,0.07286711871268103,0.5453259126497499,0.6781515687228528,https://www.oddsportal.com/american-football/usa/nfl-2010-2011/indianapolis-colts-los-angeles-chargers-2sJFUSbo/
2010-11-28,2011,1,bal,tb,1,-339,245,0.06206463966194575,0.7270833980914488,0.7799765455768368,https://www.oddsportal.com/american-football/usa/nfl-2010-2011/baltimore-ravens-tampa-bay-buccaneers-r9QIXtlt/
2010-11-28,2011,1,chi,phi,1,132,-178,0.07132225254279323,0.4023387750376288,0.34200103680206345,https://www.oddsportal.com/american-football/usa/nfl-2010-2011/chicago-bears-philadelphia-eagles-vyKRVKIh/
2010-11-28,2011,1,den,lar,0,-191,145,0.06452065362227355,0.6165755319849793,0.5590484693833062,https://www.oddsportal.com/american-football/usa/nfl-2010-2011/denver-broncos-los-angeles-rams-KvPQLzeo/
2010-11-28,2011,1,oak,mia,0,-157,120,0.06544039617969588,0.5733731739707836,0.24857127113617164,https://www.oddsportal.com/american-football/usa/nfl-2010-2011/las-vegas-raiders-miami-dolphins-O8weRdXN/
2010-11-28,2011,1,sea,kc,0,-105,-131,0.07929468905078663,0.4745646644492272,0.4004252802627812,https://www.oddsportal.com/american-football/usa/nfl-2010-2011/seattle-seahawks-kansas-city-chiefs-IVxaQGnU/
2010-11-28,2011,1,atl,gb,1,-146,110,0.06968641114982566,0.5548317046688382,0.720818736605383,https://www.oddsportal.com/american-football/usa/nfl-2010-2011/atlanta-falcons-green-bay-packers-2VQ4CcIU/
2010-11-28,2011,1,buf,pit,0,217,-294,0.06165030665022653,0.29713872004102626,0.025995449291631754,https://www.oddsportal.com/american-football/usa/nfl-2010-2011/buffalo-bills-pittsburgh-steelers-dCUMW03n/
2010-11-28,2011,1,cle,car,1,-445,309,0.061012538974002384,0.7695608972326167,0.8512171816060934,https://www.oddsportal.com/american-football/usa/nfl-2010-2011/cleveland-browns-carolina-panthers-IRIVUvYb/
2010-11-28,2011,1,hou,ten,1,-250,180,0.0714285714285714,0.6666666666666667,0.3846163259215895,https://www.oddsportal.com/american-football/usa/nfl-2010-2011/houston-texans-tennessee-titans-n1NZTbm5/
2010-11-28,2011,1,nyg,jax,1,-339,245,0.06206463966194575,0.7270833980914488,0.46670366224143994,https://www.oddsportal.com/american-football/usa/nfl-2010-2011/new-york-giants-jacksonville-jaguars-U9pnTI2B/
2010-11-28,2011,1,wsh,min,0,110,-146,0.06968641114982566,0.4451682953311618,0.6810971975977406,https://www.oddsportal.com/american-football/usa/nfl-2010-2011/washington-commanders-minnesota-vikings-CYZjSxIH/
2010-11-25,2011,1,nyj,cin,1,-541,350,0.06621598197261225,0.791578605104861,0.9696704295545617,https://www.oddsportal.com/american-football/usa/nfl-2010-2011/new-york-jets-cincinnati-bengals-OvS0Dw3O/
2010-11-25,2011,1,dal,no,0,172,-235,0.0691395961369623,0.3438718948881133,0.2575946949936242,https://www.oddsportal.com/american-football/usa/nfl-2010-2011/dallas-cowboys-new-orleans-saints-dIe4EJmI/
2010-11-25,2011,1,det,ne,0,257,-364,0.06459480343861679,0.263116111325334,0.008771038713720225,https://www.oddsportal.com/american-football/usa/nfl-2010-2011/detroit-lions-new-england-patriots-IRd0FaYB/
2010-11-22,2011,1,lac,den,1,-445,296,0.0690390139931425,0.7637829403606102,0.5443118792078601,https://www.oddsportal.com/american-football/usa/nfl-2010-2011/los-angeles-chargers-denver-broncos-O4cdGuJ5/
2010-11-21,2011,1,phi,nyg,1,-191,145,0.06452065362227355,0.6165755319849793,0.6461643321101106,https://www.oddsportal.com/american-football/usa/nfl-2010-2011/philadelphia-eagles-new-york-giants-6qVqHL3a/
2010-11-21,2011,1,ne,ind,1,-224,166,0.06729787431541823,0.6477648286658548,0.9163743045410642,https://www.oddsportal.com/american-football/usa/nfl-2010-2011/new-england-patriots-indianapolis-colts-OKuuI1lg/
2010-11-21,2011,1,lar,atl,0,150,-200,0.06666666666666665,0.375,0.06150145912488494,https://www.oddsportal.com/american-football/usa/nfl-2010-2011/los-angeles-rams-atlanta-falcons-pUtyJsZn/
2010-11-21,2011,1,no,sea,1,-741,424,0.07193363044721401,0.8219668744072618,0.5408166480734881,https://www.oddsportal.com/american-football/usa/nfl-2010-2011/new-orleans-saints-seattle-seahawks-Eoj5O3BP/
2010-11-21,2011,1,sf,tb,0,-203,151,0.06837337120166209,0.6270906920359863,0.17803503644642837,https://www.oddsportal.com/american-football/usa/nfl-2010-2011/san-francisco-49ers-tampa-bay-buccaneers-GfxXJNJt/
2010-11-21,2011,1,car,bal,0,546,-953,0.05983199997647892,0.14605971664692385,0.016330462202512618,https://www.oddsportal.com/american-football/usa/nfl-2010-2011/carolina-panthers-baltimore-ravens-zTC8NWKE/
2010-11-21,2011,1,cin,buf,0,-224,166,0.06729787431541823,0.6477648286658548,0.7304997310801277,https://www.oddsportal.com/american-football/usa/nfl-2010-2011/cincinnati-bengals-buffalo-bills-GQQx64ks/
2010-11-21,2011,1,dal,det,1,-275,204,0.06228070175438605,0.690338563170933,0.5659853658876869,https://www.oddsportal.com/american-football/usa/nfl-2010-2011/dallas-cowboys-detroit-lions-UTUt5O4m/
2010-11-21,2011,1,jax,cle,1,-141,105,0.07286711871268103,0.5453259126497499,0.621025826419859,https://www.oddsportal.com/american-football/usa/nfl-2010-2011/jacksonville-jaguars-cleveland-browns-OjUp4rKg/
2010-11-21,2011,1,kc,ari,1,-371,269,0.05868848497402168,0.7440203479366736,0.6485727600351137,https://www.oddsportal.com/american-football/usa/nfl-2010-2011/kansas-city-chiefs-arizona-cardinals-6aic32Za/
2010-11-21,2011,1,min,gb,0,137,-187,0.0735088725209132,0.39304838466700454,0.20517476038707044,https://www.oddsportal.com/american-football/usa/nfl-2010-2011/minnesota-vikings-green-bay-packers-Ozn22Ml6/
2010-11-21,2011,1,nyj,hou,1,-317,232,0.06139666579989034,0.7162184233449477,0.8996791686826887,https://www.oddsportal.com/american-football/usa/nfl-2010-2011/new-york-jets-houston-texans-2Rp61t4C/
2010-11-21,2011,1,pit,oak,1,-333,240,0.06317076484173345,0.7233580373115257,0.9209406074202804,https://www.oddsportal.com/american-football/usa/nfl-2010-2011/pittsburgh-steelers-las-vegas-raiders-dlpA00JI/
2010-11-21,2011,1,ten,wsh,0,-333,240,0.06317076484173345,0.7233580373115257,0.6759835740241169,https://www.oddsportal.com/american-football/usa/nfl-2010-2011/tennessee-titans-washington-commanders-8OmEaKYO/
2010-11-18,2011,1,mia,chi,0,-146,110,0.06968641114982566,0.5548317046688382,0.7729428528350932,https://www.oddsportal.com/american-football/usa/nfl-2010-2011/miami-dolphins-chicago-bears-dxE4OC58/
2010-11-15,2011,1,wsh,phi,0,150,-200,0.06666666666666665,0.375,0.2769570523100793,https://www.oddsportal.com/american-football/usa/nfl-2010-2011/washington-commanders-philadelphia-eagles-0jYR0TS7/
2010-11-14,2011,1,pit,ne,0,-238,174,0.0691055154839546,0.6586272371025734,0.5917759985203724,https://www.oddsportal.com/american-football/usa/nfl-2010-2011/pittsburgh-steelers-new-england-patriots-MaZN19D1/
2010-11-14,2011,1,ari,sea,0,-224,166,0.06729787431541823,0.6477648286658548,0.4912385809681343,https://www.oddsportal.com/american-football/usa/nfl-2010-2011/arizona-cardinals-seattle-seahawks-WAtB4BTr/
2010-11-14,2011,1,nyg,dal,0,-646,395,0.06797194464754797,0.8108375383523087,0.937259712874312,https://www.oddsportal.com/american-football/usa/nfl-2010-2011/new-york-giants-dallas-cowboys-QXuF3Vrk/
2010-11-14,2011,1,sf,lar,1,-250,180,0.0714285714285714,0.6666666666666667,0.2572848391462093,https://www.oddsportal.com/american-football/usa/nfl-2010-2011/san-francisco-49ers-los-angeles-rams-vypJ2kbe/
2010-11-14,2011,1,den,kc,1,-114,-121,0.08022159259102635,0.4931490761039774,0.2454618930273778,https://www.oddsportal.com/american-football/usa/nfl-2010-2011/denver-broncos-kansas-city-chiefs-QqWz9iLR/
2010-11-14,2011,1,buf,det,1,-140,105,0.07113821138211396,0.5445920303605313,0.0,https://www.oddsportal.com/american-football/usa/nfl-2010-2011/buffalo-bills-detroit-lions-OMELkCEk/
2010-11-14,2011,1,chi,min,1,-100,-135,0.07446808510638303,0.4653465346534653,0.5399059041711334,https://www.oddsportal.com/american-football/usa/nfl-2010-2011/chicago-bears-minnesota-vikings-hdJPlWTe/
2010-11-14,2011,1,cle,nyj,0,145,-191,0.06452065362227355,0.3834244680150208,0.13763583395169493,https://www.oddsportal.com/american-football/usa/nfl-2010-2011/cleveland-browns-new-york-jets-WnITmjq2/
2010-11-14,2011,1,ind,cin,1,-333,240,0.06317076484173345,0.7233580373115257,0.7203856537535743,https://www.oddsportal.com/american-football/usa/nfl-2010-2011/indianapolis-colts-cincinnati-bengals-xAKKCZL2/
2010-11-14,2011,1,jax,hou,1,-129,-105,0.07551389924379581,0.523767082590612,0.388708350717106,https://www.oddsportal.com/american-football/usa/nfl-2010-2011/jacksonville-jaguars-houston-texans-zewOBgy9/
2010-11-14,2011,1,mia,ten,1,-118,-117,0.08045491058216703,0.5009782438566286,0.5455096184915191,https://www.oddsportal.com/american-football/usa/nfl-2010-2011/miami-dolphins-tennessee-titans-UHxSADjF/
2010-11-14,2011,1,tb,car,1,-333,240,0.06317076484173345,0.7233580373115257,0.9531904100181461,https://www.oddsportal.com/american-football/usa/nfl-2010-2011/tampa-bay-buccaneers-carolina-panthers-88yW9X5L/
2010-11-11,2011,1,atl,bal,1,-127,-109,0.08100246611723527,0.517548648754046,0.3124405214778881,https://www.oddsportal.com/american-football/usa/nfl-2010-2011/atlanta-falcons-baltimore-ravens-pWFHjhaq/
2010-11-08,2011,1,cin,pit,0,196,-287,0.07943990502130038,0.3129751237343512,0.039479584680628524,https://www.oddsportal.com/american-football/usa/nfl-2010-2011/cincinnati-bengals-pittsburgh-steelers-vkwkeYjS/
2010-11-07,2011,1,gb,dal,1,-364,257,0.06459480343861679,0.736883888674666,0.9053838552970884,https://www.oddsportal.com/american-football/usa/nfl-2010-2011/green-bay-packers-dallas-cowboys-MTAxdEyM/
2010-11-07,2011,0,oak,kc,1,-115,-122,0.08443327047978211,0.4932380216383307,0.2606419308966622,https://www.oddsportal.com/american-football/usa/nfl-2010-2011/las-vegas-raiders-kansas-city-chiefs-lGCUcz79/
2010-11-07,2011,0,phi,ind,1,-185,139,0.06753284885854804,0.6080588599326137,0.2724524675978036,https://www.oddsportal.com/american-football/usa/nfl-2010-2011/philadelphia-eagles-indianapolis-colts-S6BYdfMF/
2010-11-07,2011,0,sea,nyg,0,245,-339,0.06206463966194575,0.2729166019085512,0.2510239359923054,https://www.oddsportal.com/american-football/usa/nfl-2010-2011/seattle-seahawks-new-york-giants-84eXbGi3/
2010-11-07,2011,0,atl,tb,1,-500,341,0.06009070294784591,0.7860962566844919,0.5334133986825843,https://www.oddsportal.com/american-football/usa/nfl-2010-2011/atlanta-falcons-tampa-bay-buccaneers-KAmspHxA/
2010-11-07,2011,0,bal,mia,1,-250,180,0.0714285714285714,0.6666666666666667,0.7144266695021758,https://www.oddsportal.com/american-football/usa/nfl-2010-2011/baltimore-ravens-miami-dolphins-2ZxnqyhG/
2010-11-07,2011,0,buf,chi,0,122,-164,0.07166257166257162,0.4203286205578907,0.0,https://www.oddsportal.com/american-football/usa/nfl-2010-2011/buffalo-bills-chicago-bears-pr0bre7M/
2010-11-07,2011,0,car,no,0,205,-282,0.06608874774697449,0.3075436760325255,0.10980158562909556,https://www.oddsportal.com/american-football/usa/nfl-2010-2011/carolina-panthers-new-orleans-saints-EH42sFMS/
2010-11-07,2011,0,det,nyj,0,192,-263,0.0669836597607456,0.3209662587536252,0.06969654236015747,https://www.oddsportal.com/american-football/usa/nfl-2010-2011/detroit-lions-new-york-jets-bktZygpj/
2010-11-07,2011,0,hou,lac,0,115,-151,0.06670990456777548,0.4360288369669069,0.7394565699536634,https://www.oddsportal.com/american-football/usa/nfl-2010-2011/houston-texans-los-angeles-chargers-ChpwyDad/
2010-11-07,2011,0,min,ari,1,-371,269,0.05868848497402168,0.7440203479366736,0.33819664912062103,https://www.oddsportal.com/american-football/usa/nfl-2010-2011/minnesota-vikings-arizona-cardinals-UDdTadxc/
2010-11-01,2011,0,ind,hou,1,-263,192,0.0669836597607456,0.6790337412463748,0.5067586823049097,https://www.oddsportal.com/american-football/usa/nfl-2010-2011/indianapolis-colts-houston-texans-8zpwocN3/
2010-10-31,2011,0,ari,tb,0,-178,133,0.06947231914039587,0.5986950370990559,0.25625107944061526,https://www.oddsportal.com/american-football/usa/nfl-2010-2011/arizona-cardinals-tampa-bay-buccaneers-GduzPF0p/
2010-10-31,2011,0,oak,sea,1,-135,-100,0.07446808510638303,0.5346534653465347,0.3390979203623404,https://www.oddsportal.com/american-football/usa/nfl-2010-2011/las-vegas-raiders-seattle-seahawks-zNoVnJhi/
2010-10-31,2011,0,ne,min,1,-250,180,0.0714285714285714,0.6666666666666667,0.9872416663123366,https://www.oddsportal.com/american-football/usa/nfl-2010-2011/new-england-patriots-minnesota-vikings-fmvvOZFj/
2010-10-31,2011,0,lac,ten,1,-250,180,0.0714285714285714,0.6666666666666667,0.09255313988890108,https://www.oddsportal.com/american-football/usa/nfl-2010-2011/los-angeles-chargers-tennessee-titans-bHh8TehT/
2010-10-31,2011,0,cin,mia,0,-122,-115,0.08443327047978211,0.5067619783616693,0.25652655258748996,https://www.oddsportal.com/american-football/usa/nfl-2010-2011/cincinnati-bengals-miami-dolphins-jmVWZu9o/
2010-10-31,2011,0,dal,jax,0,-294,217,0.06165030665022653,0.7028612799589737,0.26808253487044525,https://www.oddsportal.com/american-football/usa/nfl-2010-2011/dallas-cowboys-jacksonville-jaguars-4jZzZaOi/
2010-10-31,2011,0,det,wsh,1,-158,119,0.0690241053414038,0.5728618257673587,0.09837247264537793,https://www.oddsportal.com/american-football/usa/nfl-2010-2011/detroit-lions-washington-commanders-nFOuYJwb/
2010-10-31,2011,0,kc,buf,1,-339,245,0.06206463966194575,0.7270833980914488,1.0,https://www.oddsportal.com/american-football/usa/nfl-2010-2011/kansas-city-chiefs-buffalo-bills-Q5NqXwg4/
2010-10-31,2011,0,lar,car,1,-151,115,0.06670990456777548,0.563971163033093,0.8021827955393257,https://www.oddsportal.com/american-football/usa/nfl-2010-2011/los-angeles-rams-carolina-panthers-pEl4UywN/
2010-10-31,2011,0,nyj,gb,0,-294,217,0.06165030665022653,0.7028612799589737,0.9716915215540405,https://www.oddsportal.com/american-football/usa/nfl-2010-2011/new-york-jets-green-bay-packers-KtxmWc8A/
2010-10-31,2011,0,sf,den,1,-146,110,0.06968641114982566,0.5548317046688382,0.12366481875943423,https://www.oddsportal.com/american-football/usa/nfl-2010-2011/san-francisco-49ers-denver-broncos-2kaaVHNG/
2010-10-25,2011,0,dal,nyg,0,-191,145,0.06452065362227355,0.6165755319849793,0.0951878334382999,https://www.oddsportal.com/american-football/usa/nfl-2010-2011/dallas-cowboys-new-york-giants-YRItBdWp/
2010-10-24,2011,0,gb,min,1,-151,115,0.06670990456777548,0.563971163033093,0.46500085302712346,https://www.oddsportal.com/american-football/usa/nfl-2010-2011/green-bay-packers-minnesota-vikings-d2eDSO1I/
2010-10-24,2011,0,den,oak,0,-333,240,0.06317076484173345,0.7233580373115257,0.7935263564104447,https://www.oddsportal.com/american-football/usa/nfl-2010-2011/denver-broncos-las-vegas-raiders-0z24UpX5/
2010-10-24,2011,0,lac,ne,0,-135,-100,0.07446808510638303,0.5346534653465347,0.014327150089632324,https://www.oddsportal.com/american-football/usa/nfl-2010-2011/los-angeles-chargers-new-england-patriots-vR08T4nC/
2010-10-24,2011,0,sea,ari,1,-317,232,0.06139666579989034,0.7162184233449477,0.41370616707043667,https://www.oddsportal.com/american-football/usa/nfl-2010-2011/seattle-seahawks-arizona-cardinals-6D20VQHa/
2010-10-24,2011,0,atl,cin,1,-213,156,0.07113618210862604,0.6353171459197465,0.8301851211940882,https://www.oddsportal.com/american-football/usa/nfl-2010-2011/atlanta-falcons-cincinnati-bengals-tMNJI7m0/
2010-10-24,2011,0,bal,buf,1,-646,395,0.06797194464754797,0.8108375383523087,1.0,https://www.oddsportal.com/american-football/usa/nfl-2010-2011/baltimore-ravens-buffalo-bills-KCMNHR26/
2010-10-24,2011,0,car,sf,1,105,-140,0.07113821138211396,0.4554079696394686,0.0,https://www.oddsportal.com/american-football/usa/nfl-2010-2011/carolina-panthers-san-francisco-49ers-EZLRGoIC/
2010-10-24,2011,0,chi,wsh,0,-164,122,0.07166257166257162,0.5796713794421093,0.48440231025932345,https://www.oddsportal.com/american-football/usa/nfl-2010-2011/chicago-bears-washington-commanders-SxQVF5XI/
2010-10-24,2011,0,kc,jax,1,-455,300,0.06981981981981988,0.7663157894736842,0.5489986619690828,https://www.oddsportal.com/american-football/usa/nfl-2010-2011/kansas-city-chiefs-jacksonville-jaguars-YaSMvkAJ/
2010-10-24,2011,0,mia,pit,0,120,-157,0.06544039617969588,0.4266268260292164,0.2542258309331389,https://www.oddsportal.com/american-football/usa/nfl-2010-2011/miami-dolphins-pittsburgh-steelers-CjRQw9PP/
2010-10-24,2011,0,no,cle,0,-646,395,0.06797194464754797,0.8108375383523087,0.8109425001611149,https://www.oddsportal.com/american-football/usa/nfl-2010-2011/new-orleans-saints-cleveland-browns-4rJhZSXt/
2010-10-24,2011,0,tb,lar,1,-170,129,0.06631085233705325,0.5904747459426665,0.6886214989805847,https://www.oddsportal.com/american-football/usa/nfl-2010-2011/tampa-bay-buccaneers-los-angeles-rams-rZHdYnmm/
2010-10-24,2011,0,ten,phi,1,-164,124,0.06764069264069272,0.5818550430816016,0.6734448837997589,https://www.oddsportal.com/american-football/usa/nfl-2010-2011/tennessee-titans-philadelphia-eagles-Qc71X62g/
2010-10-18,2011,0,jax,ten,0,120,-157,0.06544039617969588,0.4266268260292164,0.3793747870854734,https://www.oddsportal.com/american-football/usa/nfl-2010-2011/jacksonville-jaguars-tennessee-titans-0A6MJmYg/
2010-10-17,2011,0,wsh,ind,0,139,-183,0.06505315138164036,0.3928536724183405,0.27590367476026056,https://www.oddsportal.com/american-football/usa/nfl-2010-2011/washington-commanders-indianapolis-colts-I1qAKTIm/
2010-10-17,2011,0,min,dal,1,-135,-100,0.07446808510638303,0.5346534653465347,0.1810154469518036,https://www.oddsportal.com/american-football/usa/nfl-2010-2011/minnesota-vikings-dallas-cowboys-Ovp6L93s/
2010-10-17,2011,0,den,nyj,0,160,-211,0.06307197625525607,0.3617961842717543,0.07006318819583394,https://www.oddsportal.com/american-football/usa/nfl-2010-2011/denver-broncos-new-york-jets-4f3ZQVuK/
2010-10-17,2011,0,sf,oak,1,-339,245,0.06206463966194575,0.7270833980914488,0.0,https://www.oddsportal.com/american-football/usa/nfl-2010-2011/san-francisco-49ers-las-vegas-raiders-nJhvQkeQ/
2010-10-17,2011,0,chi,sea,0,-282,205,0.06608874774697449,0.6924563239674744,0.8885865791807155,https://www.oddsportal.com/american-football/usa/nfl-2010-2011/chicago-bears-seattle-seahawks-IFxtDCBK/
2010-10-17,2011,0,gb,mia,0,-175,125,0.08080808080808088,0.5887850467289719,0.4490527030604216,https://www.oddsportal.com/american-football/usa/nfl-2010-2011/green-bay-packers-miami-dolphins-d6ypCWQQ/
2010-10-17,2011,0,hou,kc,1,-235,172,0.0691395961369623,0.6561281051118867,0.410716780072505,https://www.oddsportal.com/american-football/usa/nfl-2010-2011/houston-texans-kansas-city-chiefs-x0JC7jZs/
2010-10-17,2011,0,lar,lac,1,295,-426,0.06305048852096062,0.23814913750169786,0.34063170724198133,https://www.oddsportal.com/american-football/usa/nfl-2010-2011/los-angeles-rams-los-angeles-chargers-YVnu3SmD/
2010-10-17,2011,0,ne,bal,1,-146,110,0.06968641114982566,0.5548317046688382,0.18114057621528737,https://www.oddsportal.com/american-football/usa/nfl-2010-2011/new-england-patriots-baltimore-ravens-K8tP6All/
2010-10-17,2011,0,nyg,det,1,-646,395,0.06797194464754797,0.8108375383523087,0.9611440565785082,https://www.oddsportal.com/american-football/usa/nfl-2010-2011/new-york-giants-detroit-lions-EVuT5U3f/
2010-10-17,2011,0,phi,atl,1,-131,-105,0.07929468905078663,0.5254353355507728,0.04590949123027453,https://www.oddsportal.com/american-football/usa/nfl-2010-2011/philadelphia-eagles-atlanta-falcons-CGbW4lJ0/
2010-10-17,2011,0,pit,cle,1,-1000,546,0.0638896707008163,0.8544973544973544,0.9649824244206044,https://www.oddsportal.com/american-football/usa/nfl-2010-2011/pittsburgh-steelers-cleveland-browns-fuly48Y6/
2010-10-17,2011,0,tb,no,0,172,-235,0.0691395961369623,0.3438718948881133,0.9683178353946472,https://www.oddsportal.com/american-football/usa/nfl-2010-2011/tampa-bay-buccaneers-new-orleans-saints-Q34VRBQD/
2010-10-11,2011,0,nyj,min,1,-250,180,0.0714285714285714,0.6666666666666667,0.9914078007892632,https://www.oddsportal.com/american-football/usa/nfl-2010-2011/new-york-jets-minnesota-vikings-OhwxEhdE/
2010-10-10,2011,0,sf,phi,0,-191,145,0.06452065362227355,0.6165755319849793,0.0,https://www.oddsportal.com/american-football/usa/nfl-2010-2011/san-francisco-49ers-philadelphia-eagles-AkZXEYt8/
2010-10-10,2011,0,dal,ten,0,-317,232,0.06139666579989034,0.7162184233449477,0.3580994600605829,https://www.oddsportal.com/american-football/usa/nfl-2010-2011/dallas-cowboys-tennessee-titans-O8ou7MN1/
2010-10-10,2011,0,oak,lac,1,240,-333,0.06317076484173345,0.27664196268847435,0.18507008452590396,https://www.oddsportal.com/american-football/usa/nfl-2010-2011/las-vegas-raiders-los-angeles-chargers-2apq6tw8/
2010-10-10,2011,0,ari,no,1,240,-333,0.06317076484173345,0.27664196268847435,0.8192830922192272,https://www.oddsportal.com/american-football/usa/nfl-2010-2011/arizona-cardinals-new-orleans-saints-Grny828e/
2010-10-10,2011,0,bal,den,1,-400,282,0.06178010471204187,0.7534516765285997,0.9849427184856102,https://www.oddsportal.com/american-football/usa/nfl-2010-2011/baltimore-ravens-denver-broncos-GEzsfqvd/
2010-10-10,2011,0,buf,jax,0,-141,105,0.07286711871268103,0.5453259126497499,0.0,https://www.oddsportal.com/american-football/usa/nfl-2010-2011/buffalo-bills-jacksonville-jaguars-Slvog3g2/
2010-10-10,2011,0,car,chi,0,-126,-105,0.06971724584502481,0.521186440677966,0.0,https://www.oddsportal.com/american-football/usa/nfl-2010-2011/carolina-panthers-chicago-bears-pAjyInW2/
2010-10-10,2011,0,cin,tb,0,-333,240,0.06317076484173345,0.7233580373115257,0.2978683247687531,https://www.oddsportal.com/american-football/usa/nfl-2010-2011/cincinnati-bengals-tampa-bay-buccaneers-O0kuH6o9/
2010-10-10,2011,0,cle,atl,0,127,-171,0.0715249443243331,0.4111230790236206,0.487281226125167,https://www.oddsportal.com/american-football/usa/nfl-2010-2011/cleveland-browns-atlanta-falcons-txppGQ0F/
2010-10-10,2011,0,det,lar,1,-164,124,0.06764069264069272,0.5818550430816016,0.0,https://www.oddsportal.com/american-football/usa/nfl-2010-2011/detroit-lions-los-angeles-rams-KSrlFpGL/
2010-10-10,2011,0,hou,nyg,0,-183,139,0.06505315138164036,0.6071463275816594,0.7810188929057973,https://www.oddsportal.com/american-football/usa/nfl-2010-2011/houston-texans-new-york-giants-EkrhE4VR/
2010-10-10,2011,0,ind,kc,1,-426,295,0.06305048852096062,0.7618508624983023,0.004671335384952814,https://www.oddsportal.com/american-football/usa/nfl-2010-2011/indianapolis-colts-kansas-city-chiefs-fTcS9Owq/
2010-10-10,2011,0,wsh,gb,1,115,-152,0.06829088224437063,0.43538355217691777,0.49908983087510084,https://www.oddsportal.com/american-football/usa/nfl-2010-2011/washington-commanders-green-bay-packers-xhmX8rgk/
2010-10-04,2011,0,mia,ne,0,-114,-114,0.06542056074766345,0.5,0.028373065724925317,https://www.oddsportal.com/american-football/usa/nfl-2010-2011/miami-dolphins-new-england-patriots-YkoxePOk/
2010-10-03,2011,0,nyg,chi,1,-187,137,0.0735088725209132,0.6069516153329956,8.60196005697789e-06,https://www.oddsportal.com/american-football/usa/nfl-2010-2011/new-york-giants-chicago-bears-fanYe59q/
2010-10-03,2011,0,lac,ari,1,-500,341,0.06009070294784591,0.7860962566844919,0.000334703289324482,https://www.oddsportal.com/american-football/usa/nfl-2010-2011/los-angeles-chargers-arizona-cardinals-SjJ4DXvH/
2010-10-03,2011,0,phi,wsh,0,-263,192,0.0669836597607456,0.6790337412463748,0.6543619289501721,https://www.oddsportal.com/american-football/usa/nfl-2010-2011/philadelphia-eagles-washington-commanders-prdhEDPA/
2010-10-03,2011,0,jax,ind,1,282,-400,0.06178010471204187,0.2465483234714004,0.11573717606763831,https://www.oddsportal.com/american-football/usa/nfl-2010-2011/jacksonville-jaguars-indianapolis-colts-lG2qGZfb/
2010-10-03,2011,0,oak,hou,0,145,-191,0.06452065362227355,0.3834244680150208,0.9162551977688811,https://www.oddsportal.com/american-football/usa/nfl-2010-2011/las-vegas-raiders-houston-texans-2J6mFgA4/
2010-10-03,2011,0,atl,sf,1,-294,217,0.06165030665022653,0.7028612799589737,1.0,https://www.oddsportal.com/american-football/usa/nfl-2010-2011/atlanta-falcons-san-francisco-49ers-QDkF2zt5/
2010-10-03,2011,0,buf,nyj,0,204,-275,0.06228070175438605,0.3096614368290669,0.0,https://www.oddsportal.com/american-football/usa/nfl-2010-2011/buffalo-bills-new-york-jets-8MCR1feB/
2010-10-03,2011,0,cle,cin,1,115,-146,0.05861221402911698,0.43936417217360246,0.0,https://www.oddsportal.com/american-football/usa/nfl-2010-2011/cleveland-browns-cincinnati-bengals-jo2W0EAH/
2010-10-03,2011,0,gb,det,1,-1000,574,0.05745886161316416,0.8596938775510204,1.0,https://www.oddsportal.com/american-football/usa/nfl-2010-2011/green-bay-packers-detroit-lions-4l6z0YPN/
2010-10-03,2011,0,lar,sea,1,105,-134,0.06045445069835309,0.4599960684096717,0.9874519867931172,https://www.oddsportal.com/american-football/usa/nfl-2010-2011/los-angeles-rams-seattle-seahawks-G24yIeQo/
2010-10-03,2011,0,no,car,1,-801,474,0.06322823653161214,0.8361442803260384,1.0,https://www.oddsportal.com/american-football/usa/nfl-2010-2011/new-orleans-saints-carolina-panthers-bB5vahuU/
2010-10-03,2011,0,pit,bal,0,-157,122,0.06134539208469181,0.5755854278825511,0.9979723644035089,https://www.oddsportal.com/american-football/usa/nfl-2010-2011/pittsburgh-steelers-baltimore-ravens-0Ki6fCmo/
2010-10-03,2011,0,ten,den,0,-294,217,0.06165030665022653,0.7028612799589737,0.9998734736095771,https://www.oddsportal.com/american-football/usa/nfl-2010-2011/tennessee-titans-denver-broncos-fg3uHFuh/
2010-09-27,2011,0,chi,gb,1,124,-164,0.06764069264069272,0.41814495691839837,0.21680828045459297,https://www.oddsportal.com/american-football/usa/nfl-2010-2011/chicago-bears-green-bay-packers-dvoB3GQb/
2010-09-26,2011,0,mia,nyj,0,-135,-100,0.07446808510638303,0.5346534653465347,0.6666666666666666,https://www.oddsportal.com/american-football/usa/nfl-2010-2011/miami-dolphins-new-york-jets-Imn74dBh/
2010-09-26,2011,0,ari,oak,1,-250,180,0.0714285714285714,0.6666666666666667,0.5,https://www.oddsportal.com/american-football/usa/nfl-2010-2011/arizona-cardinals-las-vegas-raiders-rBgpoZAU/
2010-09-26,2011,0,den,ind,0,192,-263,0.0669836597607456,0.3209662587536252,0.02354336973830889,https://www.oddsportal.com/american-football/usa/nfl-2010-2011/denver-broncos-indianapolis-colts-Olgb6Itt/
2010-09-26,2011,0,sea,lac,1,166,-224,0.06729787431541823,0.35223517133414506,4.2916297637298285e-05,https://www.oddsportal.com/american-football/usa/nfl-2010-2011/seattle-seahawks-los-angeles-chargers-zPd25xdn/
2010-09-26,2011,0,jax,phi,0,115,-151,0.06670990456777548,0.4360288369669069,0.9036316031135788,https://www.oddsportal.com/american-football/usa/nfl-2010-2011/jacksonville-jaguars-philadelphia-eagles-nq0ymetI/
2010-09-26,2011,0,lar,wsh,1,180,-250,0.0714285714285714,0.33333333333333337,0.0,https://www.oddsportal.com/american-football/usa/nfl-2010-2011/los-angeles-rams-washington-commanders-4KftnFeO/
2010-09-26,2011,0,bal,cle,1,-741,424,0.07193363044721401,0.8219668744072618,1.0,https://www.oddsportal.com/american-football/usa/nfl-2010-2011/baltimore-ravens-cleveland-browns-6egsZyCI/
2010-09-26,2011,0,car,cin,0,139,-185,0.06753284885854804,0.39194114006738634,0.0,https://www.oddsportal.com/american-football/usa/nfl-2010-2011/carolina-panthers-cincinnati-bengals-KbcoYeRO/
2010-09-26,2011,0,hou,dal,0,-146,110,0.06968641114982566,0.5548317046688382,1.0,https://www.oddsportal.com/american-football/usa/nfl-2010-2011/houston-texans-dallas-cowboys-QLaxcu4P/
2010-09-26,2011,0,kc,sf,1,110,-146,0.06968641114982566,0.4451682953311618,1.0,https://www.oddsportal.com/american-football/usa/nfl-2010-2011/kansas-city-chiefs-san-francisco-49ers-SUo4haCt/
2010-09-26,2011,0,min,det,1,-588,374,0.06562162692571882,0.8020212251663251,,https://www.oddsportal.com/american-football/usa/nfl-2010-2011/minnesota-vikings-detroit-lions-zeo8iJRn/
2010-09-26,2011,0,ne,buf,1,-1000,574,0.05745886161316416,0.8596938775510204,1.0,https://www.oddsportal.com/american-football/usa/nfl-2010-2011/new-england-patriots-buffalo-bills-EopCjwsg/
2010-09-26,2011,0,no,atl,0,-187,137,0.0735088725209132,0.6069516153329956,0.5663260054543028,https://www.oddsportal.com/american-football/usa/nfl-2010-2011/new-orleans-saints-atlanta-falcons-dAZGkcda/
2010-09-26,2011,0,nyg,ten,0,-171,127,0.0715249443243331,0.5888769209763794,0.0073095525539240555,https://www.oddsportal.com/american-football/usa/nfl-2010-2011/new-york-giants-tennessee-titans-EV1TlHB5/
2010-09-26,2011,0,tb,pit,0,115,-152,0.06829088224437063,0.43538355217691777,0.01310520569424397,https://www.oddsportal.com/american-football/usa/nfl-2010-2011/tampa-bay-buccaneers-pittsburgh-steelers-8h1XmyRB/
2010-09-20,2011,0,sf,no,0,180,-250,0.0714285714285714,0.33333333333333337,0.0,https://www.oddsportal.com/american-football/usa/nfl-2010-2011/san-francisco-49ers-new-orleans-saints-CYgwzIdC/
2010-09-19,2011,0,ind,nyg,1,-250,180,0.0714285714285714,0.6666666666666667,0.0,https://www.oddsportal.com/american-football/usa/nfl-2010-2011/indianapolis-colts-new-york-giants-YseZzbs6/
2010-09-19,2011,0,lac,jax,1,-333,240,0.06317076484173345,0.7233580373115257,0.0,https://www.oddsportal.com/american-football/usa/nfl-2010-2011/los-angeles-chargers-jacksonville-jaguars-YcwIxKCg/
2010-09-19,2011,0,nyj,ne,1,132,-178,0.07132225254279323,0.4023387750376288,0.0,https://www.oddsportal.com/american-football/usa/nfl-2010-2011/new-york-jets-new-england-patriots-vyvEw0cm/
2010-09-19,2011,0,wsh,hou,0,110,-146,0.06968641114982566,0.4451682953311618,0.5,https://www.oddsportal.com/american-football/usa/nfl-2010-2011/washington-commanders-houston-texans-G60UyvSa/
2010-09-19,2011,0,den,sea,1,-191,145,0.06452065362227355,0.6165755319849793,0.0,https://www.oddsportal.com/american-football/usa/nfl-2010-2011/denver-broncos-seattle-seahawks-z9rrqMZP/
2010-09-19,2011,0,oak,lar,1,-185,139,0.06753284885854804,0.6080588599326137,,https://www.oddsportal.com/american-football/usa/nfl-2010-2011/las-vegas-raiders-los-angeles-rams-tjLAvtrs/
2010-09-19,2011,0,atl,ari,1,-317,232,0.06139666579989034,0.7162184233449477,0.0,https://www.oddsportal.com/american-football/usa/nfl-2010-2011/atlanta-falcons-arizona-cardinals-zLYgrkqF/
2010-09-19,2011,0,car,tb,0,-213,156,0.07113618210862604,0.6353171459197465,0.0,https://www.oddsportal.com/american-football/usa/nfl-2010-2011/carolina-panthers-tampa-bay-buccaneers-CpdNQMDs/
2010-09-19,2011,0,cin,bal,1,115,-152,0.06829088224437063,0.43538355217691777,0.0,https://www.oddsportal.com/american-football/usa/nfl-2010-2011/cincinnati-bengals-baltimore-ravens-hdDKPtTm/
2010-09-19,2011,0,cle,kc,0,-185,139,0.06753284885854804,0.6080588599326137,0.0,https://www.oddsportal.com/american-football/usa/nfl-2010-2011/cleveland-browns-kansas-city-chiefs-z5zXO0rf/
2010-09-19,2011,0,dal,chi,0,-339,245,0.06206463966194575,0.7270833980914488,0.0,https://www.oddsportal.com/american-football/usa/nfl-2010-2011/dallas-cowboys-chicago-bears-URZzOKc0/
2010-09-19,2011,0,det,phi,0,217,-294,0.06165030665022653,0.29713872004102626,,https://www.oddsportal.com/american-football/usa/nfl-2010-2011/detroit-lions-philadelphia-eagles-rVwuNvD6/
2010-09-19,2011,0,gb,buf,1,-646,395,0.06797194464754797,0.8108375383523087,1.0,https://www.oddsportal.com/american-football/usa/nfl-2010-2011/green-bay-packers-buffalo-bills-QgTqMbSC/
2010-09-19,2011,0,min,mia,0,-250,180,0.0714285714285714,0.6666666666666667,0.0,https://www.oddsportal.com/american-football/usa/nfl-2010-2011/minnesota-vikings-miami-dolphins-4pSmLIsJ/
2010-09-19,2011,0,ten,pit,0,-263,192,0.0669836597607456,0.6790337412463748,0.5,https://www.oddsportal.com/american-football/usa/nfl-2010-2011/tennessee-titans-pittsburgh-steelers-dIqvp2KJ/
2010-09-13,2011,0,kc,lac,1,166,-224,0.06729787431541823,0.35223517133414506,,https://www.oddsportal.com/american-football/usa/nfl-2010-2011/kansas-city-chiefs-los-angeles-chargers-tbZkqVT8/
2010-09-13,2011,0,nyj,bal,0,-131,-105,0.07929468905078663,0.5254353355507728,,https://www.oddsportal.com/american-football/usa/nfl-2010-2011/new-york-jets-baltimore-ravens-SfVopBE2/
2010-09-12,2011,0,wsh,dal,1,160,-211,0.06307197625525607,0.3617961842717543,,https://www.oddsportal.com/american-football/usa/nfl-2010-2011/washington-commanders-dallas-cowboys-MXSfLRy2/
2010-09-12,2011,0,lar,ari,0,137,-187,0.0735088725209132,0.39304838466700454,,https://www.oddsportal.com/american-football/usa/nfl-2010-2011/los-angeles-rams-arizona-cardinals-rsUjM7Me/
2010-09-12,2011,0,phi,gb,0,120,-157,0.06544039617969588,0.4266268260292164,,https://www.oddsportal.com/american-football/usa/nfl-2010-2011/philadelphia-eagles-green-bay-packers-zHQrOTiq/
2010-09-12,2011,0,sea,sf,1,133,-178,0.06947231914039587,0.4013049629009441,,https://www.oddsportal.com/american-football/usa/nfl-2010-2011/seattle-seahawks-san-francisco-49ers-E7PnNm7k/
2010-09-12,2011,0,buf,mia,0,139,-185,0.06753284885854804,0.39194114006738634,,https://www.oddsportal.com/american-football/usa/nfl-2010-2011/buffalo-bills-miami-dolphins-6ie1BANq/
2010-09-12,2011,0,chi,det,1,-294,217,0.06165030665022653,0.7028612799589737,,https://www.oddsportal.com/american-football/usa/nfl-2010-2011/chicago-bears-detroit-lions-lGp6AUxj/
2010-09-12,2011,0,hou,ind,1,-100,-135,0.07446808510638303,0.4653465346534653,,https://www.oddsportal.com/american-football/usa/nfl-2010-2011/houston-texans-indianapolis-colts-2JlA9lhd/
2010-09-12,2011,0,jax,den,1,-191,145,0.06452065362227355,0.6165755319849793,,https://www.oddsportal.com/american-football/usa/nfl-2010-2011/jacksonville-jaguars-denver-broncos-Kv10YXUd/
2010-09-12,2011,0,ne,cin,1,-250,180,0.0714285714285714,0.6666666666666667,,https://www.oddsportal.com/american-football/usa/nfl-2010-2011/new-england-patriots-cincinnati-bengals-bVa4Xip3/
2010-09-12,2011,0,nyg,car,1,-282,205,0.06608874774697449,0.6924563239674744,,https://www.oddsportal.com/american-football/usa/nfl-2010-2011/new-york-giants-carolina-panthers-G6f9WBa9/
2010-09-12,2011,0,pit,atl,1,-100,-135,0.07446808510638303,0.4653465346534653,,https://www.oddsportal.com/american-football/usa/nfl-2010-2011/pittsburgh-steelers-atlanta-falcons-fcgDVVEF/
2010-09-12,2011,0,tb,cle,1,-151,115,0.06670990456777548,0.563971163033093,,https://www.oddsportal.com/american-football/usa/nfl-2010-2011/tampa-bay-buccaneers-cleveland-browns-lKhHUkUL/
2010-09-12,2011,0,ten,oak,1,-282,205,0.06608874774697449,0.6924563239674744,,https://www.oddsportal.com/american-football/usa/nfl-2010-2011/tennessee-titans-las-vegas-raiders-UZmGS9qS/
2010-09-09,2011,0,no,min,1,-267,191,0.07116304765115133,0.6791873912777432,,https://www.oddsportal.com/american-football/usa/nfl-2010-2011/new-orleans-saints-minnesota-vikings-4r9ZFjFS/
2010-01-03,2010,1,nyj,cin,1,-500,341,0.06009070294784591,0.7860962566844919,0.4679100266420496,https://www.oddsportal.com/american-football/usa/nfl-2009-2010/new-york-jets-cincinnati-bengals-xEYpsgTs/
2010-01-03,2010,1,ari,gb,0,-187,137,0.0735088725209132,0.6069516153329956,0.534487599743369,https://www.oddsportal.com/american-football/usa/nfl-2009-2010/arizona-cardinals-green-bay-packers-nmz5ahkQ/
2010-01-03,2010,1,dal,phi,1,-178,132,0.07132225254279323,0.5976612249623713,0.4137596000407142,https://www.oddsportal.com/american-football/usa/nfl-2009-2010/dallas-cowboys-philadelphia-eagles-xbj2uXcf/
2010-01-03,2010,1,den,kc,0,-500,341,0.06009070294784591,0.7860962566844919,0.9204773804008424,https://www.oddsportal.com/american-football/usa/nfl-2009-2010/denver-broncos-kansas-city-chiefs-YqW00YZJ/
2010-01-03,2010,1,oak,bal,0,395,-646,0.06797194464754797,0.18916246164769124,0.26194819195593694,https://www.oddsportal.com/american-football/usa/nfl-2009-2010/las-vegas-raiders-baltimore-ravens-GOJAykcJ/
2010-01-03,2010,1,lac,wsh,1,-178,133,0.06947231914039587,0.5986950370990559,0.9534536285559564,https://www.oddsportal.com/american-football/usa/nfl-2009-2010/los-angeles-chargers-washington-commanders-xYK6xVsD/
2010-01-03,2010,1,sea,ten,0,205,-282,0.06608874774697449,0.3075436760325255,0.17258797083469377,https://www.oddsportal.com/american-football/usa/nfl-2009-2010/seattle-seahawks-tennessee-titans-hUCXfCcs/
2010-01-03,2010,1,buf,ind,1,-400,282,0.06178010471204187,0.7534516765285997,0.029816089638601703,https://www.oddsportal.com/american-football/usa/nfl-2009-2010/buffalo-bills-indianapolis-colts-AswGPib7/
2010-01-03,2010,1,car,no,1,-426,295,0.06305048852096062,0.7618508624983023,0.1314288779466026,https://www.oddsportal.com/american-football/usa/nfl-2009-2010/carolina-panthers-new-orleans-saints-z5nJoZKQ/
2010-01-03,2010,1,cle,jax,1,-131,-105,0.07929468905078663,0.5254353355507728,0.22813479940942577,https://www.oddsportal.com/american-football/usa/nfl-2009-2010/cleveland-browns-jacksonville-jaguars-WKk6viD0/
2010-01-03,2010,1,det,chi,0,175,-235,0.06512890094979662,0.3414012738853503,0.12815838971684654,https://www.oddsportal.com/american-football/usa/nfl-2009-2010/detroit-lions-chicago-bears-MHtKOBDD/
2010-01-03,2010,1,hou,ne,1,-339,240,0.06632721425700128,0.7241769288766021,0.29749911731505,https://www.oddsportal.com/american-football/usa/nfl-2009-2010/houston-texans-new-england-patriots-SvqBmejE/
2010-01-03,2010,1,lar,sf,0,240,-339,0.06632721425700128,0.2758230711233978,0.047006580669810547,https://www.oddsportal.com/american-football/usa/nfl-2009-2010/los-angeles-rams-san-francisco-49ers-GKwCQXr1/
2010-01-03,2010,1,mia,pit,0,127,-171,0.0715249443243331,0.4111230790236206,0.5141508196207955,https://www.oddsportal.com/american-football/usa/nfl-2009-2010/miami-dolphins-pittsburgh-steelers-KxOktDrl/
2010-01-03,2010,1,min,nyg,1,-400,282,0.06178010471204187,0.7534516765285997,0.5777463201950755,https://www.oddsportal.com/american-football/usa/nfl-2009-2010/minnesota-vikings-new-york-giants-ABlAwBS6/
2010-01-03,2010,1,tb,atl,0,122,-157,0.06134539208469181,0.4244145721174489,0.1551036706094224,https://www.oddsportal.com/american-football/usa/nfl-2009-2010/tampa-bay-buccaneers-atlanta-falcons-6VsFnF5K/
2009-12-28,2010,1,chi,min,1,282,-400,0.06178010471204187,0.2465483234714004,0.12718144003714948,https://www.oddsportal.com/american-football/usa/nfl-2009-2010/chicago-bears-minnesota-vikings-xUv8RDTf/
2009-12-27,2010,1,wsh,dal,0,245,-333,0.05890819024667815,0.2737301261181528,0.09126302087088992,https://www.oddsportal.com/american-football/usa/nfl-2009-2010/washington-commanders-dallas-cowboys-Khp3SgEl/
2009-12-27,2010,1,ind,nyj,0,-191,145,0.06452065362227355,0.6165755319849793,0.9911770428515968,https://www.oddsportal.com/american-football/usa/nfl-2009-2010/indianapolis-colts-new-york-jets-xpNjTZbr/
2009-12-27,2010,1,phi,den,1,-333,240,0.06317076484173345,0.7233580373115257,0.5839033401242102,https://www.oddsportal.com/american-football/usa/nfl-2009-2010/philadelphia-eagles-denver-broncos-M1UyZOpA/
2009-12-27,2010,1,ari,lar,1,-1543,757,0.05582184168045057,0.8894831402931823,0.9758457109173262,https://www.oddsportal.com/american-football/usa/nfl-2009-2010/arizona-cardinals-los-angeles-rams-WpeJorF9/
2009-12-27,2010,1,sf,det,1,-1000,546,0.0638896707008163,0.8544973544973544,0.9014032798093784,https://www.oddsportal.com/american-football/usa/nfl-2009-2010/san-francisco-49ers-detroit-lions-plaNp2UF/
2009-12-27,2010,1,atl,buf,1,-400,282,0.06178010471204187,0.7534516765285997,0.7221977494810979,https://www.oddsportal.com/american-football/usa/nfl-2009-2010/atlanta-falcons-buffalo-bills-lM5EnOa3/
2009-12-27,2010,1,cin,kc,1,-646,395,0.06797194464754797,0.8108375383523087,0.920991951042616,https://www.oddsportal.com/american-football/usa/nfl-2009-2010/cincinnati-bengals-kansas-city-chiefs-EqRXPK7d/
2009-12-27,2010,1,cle,oak,1,-185,139,0.06753284885854804,0.6080588599326137,0.24218661640891226,https://www.oddsportal.com/american-football/usa/nfl-2009-2010/cleveland-browns-las-vegas-raiders-hUxPRtwp/
2009-12-27,2010,1,gb,sea,1,-953,546,0.05983199997647892,0.853940283353076,0.814526991877485,https://www.oddsportal.com/american-football/usa/nfl-2009-2010/green-bay-packers-seattle-seahawks-MongX2FM/
2009-12-27,2010,1,mia,hou,0,-131,-105,0.07929468905078663,0.5254353355507728,0.5916075391428931,https://www.oddsportal.com/american-football/usa/nfl-2009-2010/miami-dolphins-houston-texans-vwPtYr0G/
2009-12-27,2010,1,ne,jax,1,-477,324,0.06253883130048066,0.7780325295828396,0.746539893171426,https://www.oddsportal.com/american-football/usa/nfl-2009-2010/new-england-patriots-jacksonville-jaguars-zgSTQ0hj/
2009-12-27,2010,1,no,tb,0,-1000,546,0.0638896707008163,0.8544973544973544,0.990081463322612,https://www.oddsportal.com/american-football/usa/nfl-2009-2010/new-orleans-saints-tampa-bay-buccaneers-rBVXZ4V3/
2009-12-27,2010,1,nyg,car,0,-400,282,0.06178010471204187,0.7534516765285997,0.6837329913499197,https://www.oddsportal.com/american-football/usa/nfl-2009-2010/new-york-giants-carolina-panthers-G8ocWMUS/
2009-12-27,2010,1,pit,bal,1,-157,120,0.06544039617969588,0.5733731739707836,0.4106985037764763,https://www.oddsportal.com/american-football/usa/nfl-2009-2010/pittsburgh-steelers-baltimore-ravens-AV6Am4pc/
2009-12-25,2010,1,ten,lac,0,-136,-100,0.07627118644067798,0.5354330708661418,0.24270783887230993,https://www.oddsportal.com/american-football/usa/nfl-2009-2010/tennessee-titans-los-angeles-chargers-llWTzoGc/
2009-12-21,2010,1,wsh,nyg,0,110,-146,0.06968641114982566,0.4451682953311618,0.12426199205881609,https://www.oddsportal.com/american-football/usa/nfl-2009-2010/washington-commanders-new-york-giants-j3DQyR0i/
2009-12-20,2010,1,car,min,1,282,-400,0.06178010471204187,0.2465483234714004,0.09965718560842604,https://www.oddsportal.com/american-football/usa/nfl-2009-2010/carolina-panthers-minnesota-vikings-ptBZCsOj/
2009-12-20,2010,1,bal,chi,1,-646,395,0.06797194464754797,0.8108375383523087,0.7857706904701752,https://www.oddsportal.com/american-football/usa/nfl-2009-2010/baltimore-ravens-chicago-bears-61dC5QGN/
2009-12-20,2010,1,phi,sf,1,-339,245,0.06206463966194575,0.7270833980914488,0.6918783853561131,https://www.oddsportal.com/american-football/usa/nfl-2009-2010/philadelphia-eagles-san-francisco-49ers-295zNRob/
2009-12-20,2010,1,pit,gb,1,-152,115,0.06829088224437063,0.5646164478230822,0.34229918028752915,https://www.oddsportal.com/american-football/usa/nfl-2009-2010/pittsburgh-steelers-green-bay-packers-t04vMo14/
2009-12-20,2010,1,sea,tb,0,-317,232,0.06139666579989034,0.7162184233449477,0.8555270517993324,https://www.oddsportal.com/american-football/usa/nfl-2009-2010/seattle-seahawks-tampa-bay-buccaneers-6kCVDN8p/
2009-12-20,2010,1,den,oak,0,-1000,546,0.0638896707008163,0.8544973544973544,0.8541572844434088,https://www.oddsportal.com/american-football/usa/nfl-2009-2010/denver-broncos-las-vegas-raiders-z7LaJqoN/
2009-12-20,2010,1,lac,cin,1,-317,232,0.06139666579989034,0.7162184233449477,0.6280248135679313,https://www.oddsportal.com/american-football/usa/nfl-2009-2010/los-angeles-chargers-cincinnati-bengals-EcK3I30T/
2009-12-20,2010,1,buf,ne,0,229,-308,0.058853328565468654,0.2870571018489855,0.15798948356427195,https://www.oddsportal.com/american-football/usa/nfl-2009-2010/buffalo-bills-new-england-patriots-lQoH4pWT/
2009-12-20,2010,1,det,ari,0,500,-910,0.06765676567656764,0.1561051004636785,0.05231954131712773,https://www.oddsportal.com/american-football/usa/nfl-2009-2010/detroit-lions-arizona-cardinals-Qowq04vo/
2009-12-20,2010,1,kc,cle,0,-151,115,0.06670990456777548,0.563971163033093,0.5229300079255449,https://www.oddsportal.com/american-football/usa/nfl-2009-2010/kansas-city-chiefs-cleveland-browns-r7kZOmHo/
2009-12-20,2010,1,lar,hou,0,500,-909,0.06755863891641889,0.15611944917221104,0.03909739023902275,https://www.oddsportal.com/american-football/usa/nfl-2009-2010/los-angeles-rams-houston-texans-zN3rL5GA/
2009-12-20,2010,1,nyj,atl,0,-287,210,0.06418271234475292,0.696874755228323,0.5789128368493779,https://www.oddsportal.com/american-football/usa/nfl-2009-2010/new-york-jets-atlanta-falcons-MclwO7Wi/
2009-12-20,2010,1,ten,mia,1,-250,180,0.0714285714285714,0.6666666666666667,0.39242608663654815,https://www.oddsportal.com/american-football/usa/nfl-2009-2010/tennessee-titans-miami-dolphins-hrWfKPVG/
2009-12-19,2010,1,no,dal,0,-371,269,0.05868848497402168,0.7440203479366736,0.9883507958861311,https://www.oddsportal.com/american-football/usa/nfl-2009-2010/new-orleans-saints-dallas-cowboys-SAc8661H/
2009-12-17,2010,1,jax,ind,0,150,-200,0.06666666666666665,0.375,0.007477700659608075,https://www.oddsportal.com/american-football/usa/nfl-2009-2010/jacksonville-jaguars-indianapolis-colts-byg47nnB/
2009-12-14,2010,1,sf,ari,1,172,-235,0.0691395961369623,0.3438718948881133,0.23673231806631947,https://www.oddsportal.com/american-football/usa/nfl-2009-2010/san-francisco-49ers-arizona-cardinals-AaUkyO5F/
2009-12-13,2010,1,nyg,phi,0,-115,-122,0.08443327047978211,0.4932380216383307,0.5147589793539367,https://www.oddsportal.com/american-football/usa/nfl-2009-2010/new-york-giants-philadelphia-eagles-W8Vox4j9/
2009-12-13,2010,1,dal,lac,0,-200,150,0.06666666666666665,0.625,0.3395319099720607,https://www.oddsportal.com/american-football/usa/nfl-2009-2010/dallas-cowboys-los-angeles-chargers-xnWswpy3/
2009-12-13,2010,1,oak,wsh,0,105,-135,0.06227296315516351,0.4592085979482169,0.8247182248118119,https://www.oddsportal.com/american-football/usa/nfl-2009-2010/las-vegas-raiders-washington-commanders-OrSwvQLd/
2009-12-13,2010,1,ten,lar,1,-833,450,0.07463704569813889,0.8308096835615196,0.9624273228097446,https://www.oddsportal.com/american-football/usa/nfl-2009-2010/tennessee-titans-los-angeles-rams-GhwkVXHd/
2009-12-13,2010,1,atl,no,0,374,-588,0.06562162692571882,0.1979787748336748,0.00890413694374299,https://www.oddsportal.com/american-football/usa/nfl-2009-2010/atlanta-falcons-new-orleans-saints-GCagvokg/
2009-12-13,2010,1,bal,det,1,-910,546,0.055788860619808034,0.8533809482333131,0.946722465751361,https://www.oddsportal.com/american-football/usa/nfl-2009-2010/baltimore-ravens-detroit-lions-bykbw54a/
2009-12-13,2010,1,chi,gb,0,166,-224,0.06729787431541823,0.35223517133414506,0.251098003845935,https://www.oddsportal.com/american-football/usa/nfl-2009-2010/chicago-bears-green-bay-packers-tpCAxPJ5/
2009-12-13,2010,1,hou,sea,1,-333,245,0.05890819024667815,0.7262698738818472,0.6929445846088031,https://www.oddsportal.com/american-football/usa/nfl-2009-2010/houston-texans-seattle-seahawks-AJGEyqZB/
2009-12-13,2010,1,ind,den,1,-317,232,0.06139666579989034,0.7162184233449477,0.9825088077034132,https://www.oddsportal.com/american-football/usa/nfl-2009-2010/indianapolis-colts-denver-broncos-lAFIz3lI/
2009-12-13,2010,1,jax,mia,0,-146,110,0.06968641114982566,0.5548317046688382,0.47952878726501563,https://www.oddsportal.com/american-football/usa/nfl-2009-2010/jacksonville-jaguars-miami-dolphins-trXjIfYj/
2009-12-13,2010,1,kc,buf,0,115,-152,0.06829088224437063,0.43538355217691777,0.33448885401510564,https://www.oddsportal.com/american-football/usa/nfl-2009-2010/kansas-city-chiefs-buffalo-bills-xfrotbQc/
2009-12-13,2010,1,min,cin,1,-282,205,0.06608874774697449,0.6924563239674744,0.5879703004859727,https://www.oddsportal.com/american-football/usa/nfl-2009-2010/minnesota-vikings-cincinnati-bengals-fVxjuIu4/
2009-12-13,2010,1,ne,car,1,-646,395,0.06797194464754797,0.8108375383523087,0.8334584611928895,https://www.oddsportal.com/american-football/usa/nfl-2009-2010/new-england-patriots-carolina-panthers-p43AxGPM/
2009-12-13,2010,1,tb,nyj,0,150,-200,0.06666666666666665,0.375,0.04999817744471948,https://www.oddsportal.com/american-football/usa/nfl-2009-2010/tampa-bay-buccaneers-new-york-jets-UyusXgmp/
2009-12-10,2010,1,cle,pit,1,350,-588,0.07687338501291974,0.20635872825434914,0.04284583881296547,https://www.oddsportal.com/american-football/usa/nfl-2009-2010/cleveland-browns-pittsburgh-steelers-29ekuRZn/
2009-12-07,2010,1,gb,bal,1,-224,166,0.06729787431541823,0.6477648286658548,0.2951027508422047,https://www.oddsportal.com/american-football/usa/nfl-2009-2010/green-bay-packers-baltimore-ravens-8ndot7Kt/
2009-12-06,2010,1,ari,min,1,139,-185,0.06753284885854804,0.39194114006738634,0.14778846966208994,https://www.oddsportal.com/american-football/usa/nfl-2009-2010/arizona-cardinals-minnesota-vikings-IsatPP4C/
2009-12-06,2010,1,nyg,dal,1,-100,-135,0.07446808510638303,0.4653465346534653,0.4193707481902905,https://www.oddsportal.com/american-football/usa/nfl-2009-2010/new-york-giants-dallas-cowboys-C4bpOqKI/
2009-12-06,2010,1,sea,sf,1,-115,-122,0.08443327047978211,0.4932380216383307,0.25722252455938494,https://www.oddsportal.com/american-football/usa/nfl-2009-2010/seattle-seahawks-san-francisco-49ers-jeclN3ZO/
2009-12-06,2010,1,cle,lac,0,450,-833,0.07463704569813889,0.16919031643848037,0.021362400601307174,https://www.oddsportal.com/american-football/usa/nfl-2009-2010/cleveland-browns-los-angeles-chargers-4vexQ5k6/
2009-12-06,2010,1,atl,phi,0,174,-238,0.0691055154839546,0.3413727628974266,0.46023058716297366,https://www.oddsportal.com/american-football/usa/nfl-2009-2010/atlanta-falcons-philadelphia-eagles-0xgsCnL6/
2009-12-06,2010,1,car,tb,1,-211,160,0.06307197625525607,0.6382038157282457,0.8612922518898102,https://www.oddsportal.com/american-football/usa/nfl-2009-2010/carolina-panthers-tampa-bay-buccaneers-IDmnB6zD/
2009-12-06,2010,1,chi,lar,1,-500,333,0.0642802155504234,0.783001808318264,0.913166561480537,https://www.oddsportal.com/american-football/usa/nfl-2009-2010/chicago-bears-los-angeles-rams-d4njAQkJ/
2009-12-06,2010,1,cin,det,1,-833,474,0.0670348917545216,0.8367288368723335,0.9805454831300235,https://www.oddsportal.com/american-football/usa/nfl-2009-2010/cincinnati-bengals-detroit-lions-EPbtZ9SJ/
2009-12-06,2010,1,ind,ten,1,-282,205,0.06608874774697449,0.6924563239674744,0.9919064636879904,https://www.oddsportal.com/american-football/usa/nfl-2009-2010/indianapolis-colts-tennessee-titans-Qa2pYTsQ/
2009-12-06,2010,1,jax,hou,1,-105,-129,0.07551389924379581,0.47623291740938806,0.43238032298215984,https://www.oddsportal.com/american-football/usa/nfl-2009-2010/jacksonville-jaguars-houston-texans-WtuDTmjs/
2009-12-06,2010,1,kc,den,0,205,-282,0.06608874774697449,0.3075436760325255,0.06196554751044933,https://www.oddsportal.com/american-football/usa/nfl-2009-2010/kansas-city-chiefs-denver-broncos-AXwHS75m/
2009-12-06,2010,1,mia,ne,1,192,-263,0.0669836597607456,0.3209662587536252,0.20406653299767408,https://www.oddsportal.com/american-football/usa/nfl-2009-2010/miami-dolphins-new-england-patriots-6wAJpmCP/
2009-12-06,2010,1,pit,oak,0,-1250,624,0.06404747288725199,0.8701923076923076,0.8683524312428176,https://www.oddsportal.com/american-football/usa/nfl-2009-2010/pittsburgh-steelers-las-vegas-raiders-v7rLRRKg/
2009-12-06,2010,1,wsh,no,0,324,-477,0.06253883130048066,0.22196747041716036,0.0010601643074227725,https://www.oddsportal.com/american-football/usa/nfl-2009-2010/washington-commanders-new-orleans-saints-MF5XQoz0/
2009-12-03,2010,1,buf,nyj,0,151,-203,0.06837337120166209,0.37290930796401356,0.28989230925217796,https://www.oddsportal.com/american-football/usa/nfl-2009-2010/buffalo-bills-new-york-jets-MofwDS50/
2009-11-30,2010,1,no,ne,1,-137,-100,0.07805907172995785,0.5362035225048923,0.9504160131058635,https://www.oddsportal.com/american-football/usa/nfl-2009-2010/new-orleans-saints-new-england-patriots-rTtMi1OG/
2009-11-29,2010,1,bal,pit,1,-345,250,0.0609951845906902,0.7307110438729199,0.3779235832468506,https://www.oddsportal.com/american-football/usa/nfl-2009-2010/baltimore-ravens-pittsburgh-steelers-2DoNgs9A/
2009-11-29,2010,1,min,chi,1,-588,374,0.06562162692571882,0.8020212251663251,0.9407623278589453,https://www.oddsportal.com/american-football/usa/nfl-2009-2010/minnesota-vikings-chicago-bears-UamFe3vb/
2009-11-29,2010,1,ten,ari,1,-191,145,0.06452065362227355,0.6165755319849793,0.30764510903776304,https://www.oddsportal.com/american-football/usa/nfl-2009-2010/tennessee-titans-arizona-cardinals-dS0qv29N/
2009-11-29,2010,1,lac,kc,1,-833,474,0.0670348917545216,0.8367288368723335,0.9388894206878967,https://www.oddsportal.com/american-football/usa/nfl-2009-2010/los-angeles-chargers-kansas-city-chiefs-COhAdqPi/
2009-11-29,2010,1,sf,jax,1,-185,139,0.06753284885854804,0.6080588599326137,0.3464753967023252,https://www.oddsportal.com/american-football/usa/nfl-2009-2010/san-francisco-49ers-jacksonville-jaguars-8jnJfNg4/
2009-11-29,2010,1,atl,tb,1,-646,395,0.06797194464754797,0.8108375383523087,0.931603967027703,https://www.oddsportal.com/american-football/usa/nfl-2009-2010/atlanta-falcons-tampa-bay-buccaneers-bTzLspAb/
2009-11-29,2010,1,buf,mia,1,150,-200,0.06666666666666665,0.375,0.15548399129204005,https://www.oddsportal.com/american-football/usa/nfl-2009-2010/buffalo-bills-miami-dolphins-thQPt4P4/
2009-11-29,2010,1,cin,cle,1,-588,350,0.07687338501291974,0.7936412717456509,0.9798440306436731,https://www.oddsportal.com/american-football/usa/nfl-2009-2010/cincinnati-bengals-cleveland-browns-xpieDAx6/
2009-11-29,2010,1,hou,ind,0,124,-164,0.06764069264069272,0.41814495691839837,0.0078055766248509035,https://www.oddsportal.com/american-football/usa/nfl-2009-2010/houston-texans-indianapolis-colts-YXg6cP9o/
2009-11-29,2010,1,lar,sea,0,150,-200,0.06666666666666665,0.375,0.14885383106134323,https://www.oddsportal.com/american-football/usa/nfl-2009-2010/los-angeles-rams-seattle-seahawks-Iy2uurfH/
2009-11-29,2010,1,nyj,car,1,-185,139,0.06753284885854804,0.6080588599326137,0.633339415921289,https://www.oddsportal.com/american-football/usa/nfl-2009-2010/new-york-jets-carolina-panthers-O0mxtOvB/
2009-11-29,2010,1,phi,wsh,1,-541,350,0.06621598197261225,0.791578605104861,0.8986835712784018,https://www.oddsportal.com/american-football/usa/nfl-2009-2010/philadelphia-eagles-washington-commanders-vijlwMOT/
2009-11-26,2010,1,den,nyg,1,180,-250,0.0714285714285714,0.33333333333333337,0.5911233520983812,https://www.oddsportal.com/american-football/usa/nfl-2009-2010/denver-broncos-new-york-giants-pQWGrQfh/
2009-11-26,2010,1,dal,oak,1,-910,524,0.061246509266311255,0.8489922851504097,0.7751319978046173,https://www.oddsportal.com/american-football/usa/nfl-2009-2010/dallas-cowboys-las-vegas-raiders-j3XCq6un/
2009-11-26,2010,1,det,gb,0,395,-646,0.06797194464754797,0.18916246164769124,0.07083821590334448,https://www.oddsportal.com/american-football/usa/nfl-2009-2010/detroit-lions-green-bay-packers-CCY8pnQu/
2009-11-23,2010,1,hou,ten,0,-200,150,0.06666666666666665,0.625,0.705654615804126,https://www.oddsportal.com/american-football/usa/nfl-2009-2010/houston-texans-tennessee-titans-8KwfP2fU/
2009-11-22,2010,1,chi,phi,0,145,-191,0.06452065362227355,0.3834244680150208,0.49561105855512916,https://www.oddsportal.com/american-football/usa/nfl-2009-2010/chicago-bears-philadelphia-eagles-CEBZ2XJP/
2009-11-22,2010,1,den,lac,0,200,-278,0.06878306878306883,0.3118811881188118,0.6138451547733086,https://www.oddsportal.com/american-football/usa/nfl-2009-2010/denver-broncos-los-angeles-chargers-fgF9CjE1/
2009-11-22,2010,1,oak,cin,1,300,-455,0.06981981981981988,0.23368421052631577,0.02386869559917779,https://www.oddsportal.com/american-football/usa/nfl-2009-2010/las-vegas-raiders-cincinnati-bengals-QHV3zf68/
2009-11-22,2010,1,ne,nyj,1,-588,374,0.06562162692571882,0.8020212251663251,0.7804832340990357,https://www.oddsportal.com/american-football/usa/nfl-2009-2010/new-england-patriots-new-york-jets-8dJDBAT7/
2009-11-22,2010,1,bal,ind,0,110,-149,0.07458405048766492,0.44313934863854776,0.01734840676293437,https://www.oddsportal.com/american-football/usa/nfl-2009-2010/baltimore-ravens-indianapolis-colts-C0EAaDUe/
2009-11-22,2010,1,dal,wsh,1,-588,374,0.06562162692571882,0.8020212251663251,0.9276259844917116,https://www.oddsportal.com/american-football/usa/nfl-2009-2010/dallas-cowboys-washington-commanders-jiDEbXq2/
2009-11-22,2010,1,det,cle,1,-189,138,0.0741473059812161,0.6088357109986194,0.170615043131867,https://www.oddsportal.com/american-football/usa/nfl-2009-2010/detroit-lions-cleveland-browns-WQK5NGM2/
2009-11-22,2010,1,gb,sf,1,-282,205,0.06608874774697449,0.6924563239674744,0.49768666882680446,https://www.oddsportal.com/american-football/usa/nfl-2009-2010/green-bay-packers-san-francisco-49ers-AHJ9Mzx9/
2009-11-22,2010,1,jax,buf,1,-400,282,0.06178010471204187,0.7534516765285997,0.737005125835188,https://www.oddsportal.com/american-football/usa/nfl-2009-2010/jacksonville-jaguars-buffalo-bills-4vJDLfiF/
2009-11-22,2010,1,min,sea,1,-588,374,0.06562162692571882,0.8020212251663251,0.9610427468824126,https://www.oddsportal.com/american-football/usa/nfl-2009-2010/minnesota-vikings-seattle-seahawks-bwCMJYLR/
2009-11-22,2010,1,nyg,atl,1,-333,245,0.05890819024667815,0.7262698738818472,0.365865991528396,https://www.oddsportal.com/american-football/usa/nfl-2009-2010/new-york-giants-atlanta-falcons-44MdFhUr/
2009-11-22,2010,1,tb,no,0,350,-588,0.07687338501291974,0.20635872825434914,0.0007896304553125232,https://www.oddsportal.com/american-football/usa/nfl-2009-2010/tampa-bay-buccaneers-new-orleans-saints-YwR0ECqk/
2009-11-19,2010,1,car,mia,0,-211,160,0.06307197625525607,0.6382038157282457,0.3354032179735734,https://www.oddsportal.com/american-football/usa/nfl-2009-2010/carolina-panthers-miami-dolphins-8Q8dDBIc/
2009-11-16,2010,1,cle,bal,0,350,-588,0.07687338501291974,0.20635872825434914,0.07824674065571226,https://www.oddsportal.com/american-football/usa/nfl-2009-2010/cleveland-browns-baltimore-ravens-Q5TMyg2m/
2009-11-15,2010,1,ind,ne,1,-135,-100,0.07446808510638303,0.5346534653465347,0.9492302648266563,https://www.oddsportal.com/american-football/usa/nfl-2009-2010/indianapolis-colts-new-england-patriots-2yUQyGXN/
2009-11-15,2010,1,ari,sea,1,-400,282,0.06178010471204187,0.7534516765285997,0.865417633023763,https://www.oddsportal.com/american-football/usa/nfl-2009-2010/arizona-cardinals-seattle-seahawks-SKAJxZns/
2009-11-15,2010,1,gb,dal,1,120,-157,0.06544039617969588,0.4266268260292164,0.11242269689167056,https://www.oddsportal.com/american-football/usa/nfl-2009-2010/green-bay-packers-dallas-cowboys-AuOisFvQ/
2009-11-15,2010,1,lac,phi,1,-129,-105,0.07551389924379581,0.523767082590612,0.7627815306096424,https://www.oddsportal.com/american-football/usa/nfl-2009-2010/los-angeles-chargers-philadelphia-eagles-WlPmrePJ/
2009-11-15,2010,1,oak,kc,0,-149,110,0.07458405048766492,0.5568606513614522,0.8857948148346783,https://www.oddsportal.com/american-football/usa/nfl-2009-2010/las-vegas-raiders-kansas-city-chiefs-jFHdJBnJ/
2009-11-15,2010,1,car,atl,1,-105,-129,0.07551389924379581,0.47623291740938806,0.10824967315115377,https://www.oddsportal.com/american-football/usa/nfl-2009-2010/carolina-panthers-atlanta-falcons-COIhKiXC/
2009-11-15,2010,1,lar,no,0,500,-833,0.059485530546623755,0.1573090541224077,9.636694663536484e-05,https://www.oddsportal.com/american-football/usa/nfl-2009-2010/los-angeles-rams-new-orleans-saints-W03POFIs/
2009-11-15,2010,1,mia,tb,1,-541,350,0.06621598197261225,0.791578605104861,0.9818301523348103,https://www.oddsportal.com/american-football/usa/nfl-2009-2010/miami-dolphins-tampa-bay-buccaneers-I1JlLXH6/
2009-11-15,2010,1,min,det,1,-1670,757,0.060188939211148984,0.8899383779279813,0.9984072629956382,https://www.oddsportal.com/american-football/usa/nfl-2009-2010/minnesota-vikings-detroit-lions-4bFpMD20/
2009-11-15,2010,1,nyj,jax,0,-294,217,0.06165030665022653,0.7028612799589737,0.7694900429377036,https://www.oddsportal.com/american-football/usa/nfl-2009-2010/new-york-jets-jacksonville-jaguars-MZPuNgmf/
2009-11-15,2010,1,pit,cin,0,-333,240,0.06317076484173345,0.7233580373115257,0.500904661067745,https://www.oddsportal.com/american-football/usa/nfl-2009-2010/pittsburgh-steelers-cincinnati-bengals-vR2TNZXm/
2009-11-15,2010,1,ten,buf,1,-345,250,0.0609951845906902,0.7307110438729199,0.4991400741530993,https://www.oddsportal.com/american-football/usa/nfl-2009-2010/tennessee-titans-buffalo-bills-CCjisOY8/
2009-11-15,2010,1,wsh,den,1,150,-200,0.06666666666666665,0.375,0.002047570586828168,https://www.oddsportal.com/american-football/usa/nfl-2009-2010/washington-commanders-denver-broncos-tlzcJKt2/
2009-11-12,2010,1,sf,chi,1,-200,150,0.06666666666666665,0.625,0.3961666302587293,https://www.oddsportal.com/american-football/usa/nfl-2009-2010/san-francisco-49ers-chicago-bears-0p18pGGE/
2009-11-09,2010,1,den,pit,0,117,-158,0.07323259386275138,0.4293845488133675,0.8297762858546293,https://www.oddsportal.com/american-football/usa/nfl-2009-2010/denver-broncos-pittsburgh-steelers-Ay8D1fCt/
2009-11-08,2010,1,phi,dal,0,-157,120,0.06544039617969588,0.5733731739707836,0.28154168172664595,https://www.oddsportal.com/american-football/usa/nfl-2009-2010/philadelphia-eagles-dallas-cowboys-Ie496gFA/
2009-11-08,2010,1,nyg,lac,0,-278,200,0.06878306878306883,0.6881188118811881,0.2717908081989359,https://www.oddsportal.com/american-football/usa/nfl-2009-2010/new-york-giants-los-angeles-chargers-AV018Fpb/
2009-11-08,2010,0,sf,ten,0,-227,163,0.07441773932861251,0.6461077261068603,0.8815755050755075,https://www.oddsportal.com/american-football/usa/nfl-2009-2010/san-francisco-49ers-tennessee-titans-OY457Za4/
2009-11-08,2010,0,no,car,1,-588,350,0.07687338501291974,0.7936412717456509,0.9980760768586847,https://www.oddsportal.com/american-football/usa/nfl-2009-2010/new-orleans-saints-carolina-panthers-lGChAyGo/
2009-11-08,2010,0,sea,det,1,-588,374,0.06562162692571882,0.8020212251663251,0.9962817081904164,https://www.oddsportal.com/american-football/usa/nfl-2009-2010/seattle-seahawks-detroit-lions-S6Bd9eVi/
2009-11-08,2010,0,atl,wsh,1,-500,341,0.06009070294784591,0.7860962566844919,0.9998100417447092,https://www.oddsportal.com/american-football/usa/nfl-2009-2010/atlanta-falcons-washington-commanders-0nzKedGb/
2009-11-08,2010,0,chi,ari,0,-149,110,0.07458405048766492,0.5568606513614522,0.6703307354263064,https://www.oddsportal.com/american-football/usa/nfl-2009-2010/chicago-bears-arizona-cardinals-INUOfGV4/
2009-11-08,2010,0,cin,bal,1,120,-161,0.07140369209334718,0.42425227568270485,0.6289979269305404,https://www.oddsportal.com/american-football/usa/nfl-2009-2010/cincinnati-bengals-baltimore-ravens-0WiyfzoB/
2009-11-08,2010,0,ind,hou,1,-400,282,0.06178010471204187,0.7534516765285997,0.9841751833481582,https://www.oddsportal.com/american-football/usa/nfl-2009-2010/indianapolis-colts-houston-texans-fgiugf0H/
2009-11-08,2010,0,jax,kc,1,-333,240,0.06317076484173345,0.7233580373115257,0.9482956483979836,https://www.oddsportal.com/american-football/usa/nfl-2009-2010/jacksonville-jaguars-kansas-city-chiefs-8deqhEFN/
2009-11-08,2010,0,ne,mia,1,-646,395,0.06797194464754797,0.8108375383523087,0.6997561718489581,https://www.oddsportal.com/american-football/usa/nfl-2009-2010/new-england-patriots-miami-dolphins-jLpliYUT/
2009-11-08,2010,0,tb,gb,1,350,-541,0.06621598197261225,0.208421394895139,0.0,https://www.oddsportal.com/american-football/usa/nfl-2009-2010/tampa-bay-buccaneers-green-bay-packers-hUWFnhwo/
2009-11-02,2010,0,no,atl,1,-588,350,0.07687338501291974,0.7936412717456509,0.9680671167578598,https://www.oddsportal.com/american-football/usa/nfl-2009-2010/new-orleans-saints-atlanta-falcons-61vnES2a/
2009-11-01,2010,0,ari,car,0,-541,364,0.059511001129700425,0.7965880097993171,0.9997256356060168,https://www.oddsportal.com/american-football/usa/nfl-2009-2010/arizona-cardinals-carolina-panthers-CAN24fQ4/
2009-11-01,2010,0,gb,min,0,-191,145,0.06452065362227355,0.6165755319849793,0.27147298865827185,https://www.oddsportal.com/american-football/usa/nfl-2009-2010/green-bay-packers-minnesota-vikings-fJpF3EuB/
2009-11-01,2010,0,lac,oak,1,-1429,650,0.06793110965772842,0.8751480014698076,0.9184225293077607,https://www.oddsportal.com/american-football/usa/nfl-2009-2010/los-angeles-chargers-las-vegas-raiders-4pKf6Geh/
2009-11-01,2010,0,ten,jax,1,-175,125,0.08080808080808088,0.5887850467289719,0.0,https://www.oddsportal.com/american-football/usa/nfl-2009-2010/tennessee-titans-jacksonville-jaguars-ImOb5zBb/
2009-11-01,2010,0,bal,den,1,-250,175,0.07792207792207795,0.6626506024096386,0.005651981594075057,https://www.oddsportal.com/american-football/usa/nfl-2009-2010/baltimore-ravens-denver-broncos-QRYIhHta/
2009-11-01,2010,0,buf,hou,0,145,-191,0.06452065362227355,0.3834244680150208,0.1850125632750968,https://www.oddsportal.com/american-football/usa/nfl-2009-2010/buffalo-bills-houston-texans-8zdViyd5/
2009-11-01,2010,0,chi,cle,1,-588,350,0.07687338501291974,0.7936412717456509,0.8306265837498027,https://www.oddsportal.com/american-football/usa/nfl-2009-2010/chicago-bears-cleveland-browns-bPlrkZuO/
2009-11-01,2010,0,dal,sea,1,-588,350,0.07687338501291974,0.7936412717456509,0.8730946438758627,https://www.oddsportal.com/american-football/usa/nfl-2009-2010/dallas-cowboys-seattle-seahawks-2ceZjeBB/
2009-11-01,2010,0,det,lar,0,-189,138,0.0741473059812161,0.6088357109986194,1.0,https://www.oddsportal.com/american-football/usa/nfl-2009-2010/detroit-lions-los-angeles-rams-G0awjFQH/
2009-11-01,2010,0,ind,sf,1,-910,516,0.06332776134756335,0.8473305520285386,0.9860134801237261,https://www.oddsportal.com/american-football/usa/nfl-2009-2010/indianapolis-colts-san-francisco-49ers-xGmnlgeU/
2009-11-01,2010,0,nyj,mia,0,-200,150,0.06666666666666665,0.625,0.5494808708291656,https://www.oddsportal.com/american-football/usa/nfl-2009-2010/new-york-jets-miami-dolphins-rVVo8xRu/
2009-11-01,2010,0,phi,nyg,1,110,-149,0.07458405048766492,0.44313934863854776,0.004822960805446926,https://www.oddsportal.com/american-football/usa/nfl-2009-2010/philadelphia-eagles-new-york-giants-MLUk7dtn/
2009-10-26,2010,0,wsh,phi,0,300,-455,0.06981981981981988,0.23368421052631577,0.0020718319557339058,https://www.oddsportal.com/american-football/usa/nfl-2009-2010/washington-commanders-philadelphia-eagles-AZj1NrGD/
2009-10-25,2010,0,nyg,ari,0,-333,250,0.054767403497195666,0.7291210509852988,0.6879814748917129,https://www.oddsportal.com/american-football/usa/nfl-2009-2010/new-york-giants-arizona-cardinals-0b8icNRm/
2009-10-25,2010,0,cin,chi,1,-100,-137,0.07805907172995785,0.4637964774951076,0.6899984917276468,https://www.oddsportal.com/american-football/usa/nfl-2009-2010/cincinnati-bengals-chicago-bears-j5EPqMIs/
2009-10-25,2010,0,dal,atl,1,-250,180,0.0714285714285714,0.6666666666666667,0.026848776991590582,https://www.oddsportal.com/american-football/usa/nfl-2009-2010/dallas-cowboys-atlanta-falcons-pSDTrtYm/
2009-10-25,2010,0,mia,no,0,200,-278,0.06878306878306883,0.3118811881188118,0.0067327711855059815,https://www.oddsportal.com/american-football/usa/nfl-2009-2010/miami-dolphins-new-orleans-saints-2mttr0mf/
2009-10-25,2010,0,car,buf,0,-333,245,0.05890819024667815,0.7262698738818472,0.004697789992273921,https://www.oddsportal.com/american-football/usa/nfl-2009-2010/carolina-panthers-buffalo-bills-8pB0kreK/
2009-10-25,2010,0,oak,nyj,0,200,-278,0.06878306878306883,0.3118811881188118,0.07281093036226916,https://www.oddsportal.com/american-football/usa/nfl-2009-2010/las-vegas-raiders-new-york-jets-ldScl2AQ/
2009-10-25,2010,0,cle,gb,0,275,-400,0.06666666666666665,0.25,0.10402875903094658,https://www.oddsportal.com/american-football/usa/nfl-2009-2010/cleveland-browns-green-bay-packers-8t3kVM3l/
2009-10-25,2010,0,hou,sf,1,-191,145,0.06452065362227355,0.6165755319849793,0.07376538861553361,https://www.oddsportal.com/american-football/usa/nfl-2009-2010/houston-texans-san-francisco-49ers-xG7gUtJf/
2009-10-25,2010,0,kc,lac,0,192,-263,0.0669836597607456,0.3209662587536252,0.0012544263463294338,https://www.oddsportal.com/american-football/usa/nfl-2009-2010/kansas-city-chiefs-los-angeles-chargers-G66cT0Y0/
2009-10-25,2010,0,lar,ind,0,550,-1000,0.06293706293706292,0.14473684210526316,0.0,https://www.oddsportal.com/american-football/usa/nfl-2009-2010/los-angeles-rams-indianapolis-colts-CYa6Rv3D/
2009-10-25,2010,0,pit,min,1,-294,217,0.06165030665022653,0.7028612799589737,0.0080585923176486,https://www.oddsportal.com/american-football/usa/nfl-2009-2010/pittsburgh-steelers-minnesota-vikings-bVe2SKm7/
2009-10-25,2010,0,tb,ne,0,674,-1250,0.05512489233419471,0.12244897959183672,0.0,https://www.oddsportal.com/american-football/usa/nfl-2009-2010/tampa-bay-buccaneers-new-england-patriots-UgCdjOuE/
2009-10-19,2010,0,lac,den,0,-189,138,0.0741473059812161,0.6088357109986194,0.00355035450485012,https://www.oddsportal.com/american-football/usa/nfl-2009-2010/los-angeles-chargers-denver-broncos-zTIS7Ny4/
2009-10-18,2010,0,atl,chi,1,-227,163,0.07441773932861251,0.6461077261068603,0.3365632545157892,https://www.oddsportal.com/american-football/usa/nfl-2009-2010/atlanta-falcons-chicago-bears-t6JO83Mc/
2009-10-18,2010,0,ne,ten,1,-500,333,0.0642802155504234,0.783001808318264,1.0,https://www.oddsportal.com/american-football/usa/nfl-2009-2010/new-england-patriots-tennessee-titans-MuDTp0Uj/
2009-10-18,2010,0,nyj,buf,0,-500,341,0.06009070294784591,0.7860962566844919,0.9995435324751419,https://www.oddsportal.com/american-football/usa/nfl-2009-2010/new-york-jets-buffalo-bills-2FKK9q7i/
2009-10-18,2010,0,oak,phi,1,550,-909,0.054738126095906114,0.14586194434405494,2.0655976858388025e-05,https://www.oddsportal.com/american-football/usa/nfl-2009-2010/las-vegas-raiders-philadelphia-eagles-Q9RcjM6T/
2009-10-18,2010,0,sea,ari,0,-161,120,0.07140369209334718,0.5757477243172953,0.45794386356293865,https://www.oddsportal.com/american-football/usa/nfl-2009-2010/seattle-seahawks-arizona-cardinals-rkEPotFp/
2009-10-18,2010,0,cin,hou,0,-223,162,0.0720818660931628,0.6439829817251945,0.9999931393416961,https://www.oddsportal.com/american-football/usa/nfl-2009-2010/cincinnati-bengals-houston-texans-pMK3x3xU/
2009-10-18,2010,0,gb,det,1,-870,500,0.06357388316151202,0.8432956381260097,0.9981783807266633,https://www.oddsportal.com/american-football/usa/nfl-2009-2010/green-bay-packers-detroit-lions-nV6VXMpo/
2009-10-18,2010,0,jax,lar,1,-500,333,0.0642802155504234,0.783001808318264,1.0,https://www.oddsportal.com/american-football/usa/nfl-2009-2010/jacksonville-jaguars-los-angeles-rams-4jJLd6No/
2009-10-18,2010,0,min,bal,1,-161,120,0.07140369209334718,0.5757477243172953,0.9926185203361995,https://www.oddsportal.com/american-football/usa/nfl-2009-2010/minnesota-vikings-baltimore-ravens-IgNPeQxh/
2009-10-18,2010,0,no,nyg,1,-200,150,0.06666666666666665,0.625,0.7969602266974497,https://www.oddsportal.com/american-football/usa/nfl-2009-2010/new-orleans-saints-new-york-giants-0ICUfphb/
2009-10-18,2010,0,pit,cle,1,-1000,500,0.07575757575757569,0.8450704225352113,0.9777554378077299,https://www.oddsportal.com/american-football/usa/nfl-2009-2010/pittsburgh-steelers-cleveland-browns-v9BYg474/
2009-10-18,2010,0,tb,car,0,139,-185,0.06753284885854804,0.39194114006738634,0.0,https://www.oddsportal.com/american-football/usa/nfl-2009-2010/tampa-bay-buccaneers-carolina-panthers-UsYlhrxH/
2009-10-18,2010,0,wsh,kc,0,-294,217,0.06165030665022653,0.7028612799589737,1.0,https://www.oddsportal.com/american-football/usa/nfl-2009-2010/washington-commanders-kansas-city-chiefs-C6Ngi2iN/
2009-10-12,2010,0,mia,nyj,1,122,-164,0.07166257166257162,0.4203286205578907,1.1278860158592664e-05,https://www.oddsportal.com/american-football/usa/nfl-2009-2010/miami-dolphins-new-york-jets-pndpHDUi/
2009-10-11,2010,0,ten,ind,0,163,-227,0.07441773932861251,0.35389227389313965,0.0,https://www.oddsportal.com/american-football/usa/nfl-2009-2010/tennessee-titans-indianapolis-colts-zmZWWjef/
2009-10-11,2010,0,ari,hou,1,-263,192,0.0669836597607456,0.6790337412463748,0.9937705585076493,https://www.oddsportal.com/american-football/usa/nfl-2009-2010/arizona-cardinals-houston-texans-AJ8ewgIQ/
2009-10-11,2010,0,den,ne,1,138,-189,0.0741473059812161,0.39116428900138056,0.9899869719961018,https://www.oddsportal.com/american-football/usa/nfl-2009-2010/denver-broncos-new-england-patriots-CSfNYCQs/
2009-10-11,2010,0,sea,jax,1,-149,110,0.07458405048766492,0.5568606513614522,0.14051099395177122,https://www.oddsportal.com/american-football/usa/nfl-2009-2010/seattle-seahawks-jacksonville-jaguars-hvCKXWul/
2009-10-11,2010,0,sf,atl,0,-125,-110,0.07936507936507953,0.5147058823529411,0.9888792395241625,https://www.oddsportal.com/american-football/usa/nfl-2009-2010/san-francisco-49ers-atlanta-falcons-Gd9ivZ2K/
2009-10-11,2010,0,bal,cin,0,-500,333,0.0642802155504234,0.783001808318264,0.007194494685068245,https://www.oddsportal.com/american-football/usa/nfl-2009-2010/baltimore-ravens-cincinnati-bengals-0Q0sMgdr/
2009-10-11,2010,0,buf,cle,0,-278,200,0.06878306878306883,0.6881188118811881,1.0,https://www.oddsportal.com/american-football/usa/nfl-2009-2010/buffalo-bills-cleveland-browns-SjBuKDBl/
2009-10-11,2010,0,det,pit,0,424,-741,0.07193363044721401,0.1780331255927381,0.34990192992410674,https://www.oddsportal.com/american-football/usa/nfl-2009-2010/detroit-lions-pittsburgh-steelers-AF0pJXQf/
2009-10-11,2010,0,lar,min,0,350,-588,0.07687338501291974,0.20635872825434914,0.0,https://www.oddsportal.com/american-football/usa/nfl-2009-2010/los-angeles-rams-minnesota-vikings-roEFQZmR/
2009-10-11,2010,0,car,wsh,1,-235,172,0.0691395961369623,0.6561281051118867,0.0,https://www.oddsportal.com/american-football/usa/nfl-2009-2010/carolina-panthers-washington-commanders-l6alIit1/
2009-10-11,2010,0,kc,dal,0,245,-339,0.06206463966194575,0.2729166019085512,0.0,https://www.oddsportal.com/american-football/usa/nfl-2009-2010/kansas-city-chiefs-dallas-cowboys-Iu4hHBe7/
2009-10-11,2010,0,nyg,oak,1,-1250,600,0.06878306878306883,0.8663366336633663,0.9999891273860321,https://www.oddsportal.com/american-football/usa/nfl-2009-2010/new-york-giants-las-vegas-raiders-dW2dGVAD/
2009-10-11,2010,0,phi,tb,1,-1250,600,0.06878306878306883,0.8663366336633663,1.0,https://www.oddsportal.com/american-football/usa/nfl-2009-2010/philadelphia-eagles-tampa-bay-buccaneers-2g5muFmE/
2009-10-05,2010,0,min,gb,1,-250,180,0.0714285714285714,0.6666666666666667,0.951471381392143,https://www.oddsportal.com/american-football/usa/nfl-2009-2010/minnesota-vikings-green-bay-packers-KnRo57dA/
2009-10-04,2010,0,pit,lac,1,-227,163,0.07441773932861251,0.6461077261068603,0.003890899885077054,https://www.oddsportal.com/american-football/usa/nfl-2009-2010/pittsburgh-steelers-los-angeles-chargers-40tpiVaQ/
2009-10-04,2010,0,den,dal,1,120,-161,0.07140369209334718,0.42425227568270485,0.9994135381461551,https://www.oddsportal.com/american-football/usa/nfl-2009-2010/denver-broncos-dallas-cowboys-QgH2TeVb/
2009-10-04,2010,0,sf,lar,1,-500,333,0.0642802155504234,0.783001808318264,1.0,https://www.oddsportal.com/american-football/usa/nfl-2009-2010/san-francisco-49ers-los-angeles-rams-8I67SFp5/
2009-10-04,2010,0,mia,buf,1,-125,-110,0.07936507936507953,0.5147058823529411,0.0,https://www.oddsportal.com/american-football/usa/nfl-2009-2010/miami-dolphins-buffalo-bills-ITDfVH0n/
2009-10-04,2010,0,no,nyj,1,-333,250,0.054767403497195666,0.7291210509852988,0.31693076932793746,https://www.oddsportal.com/american-football/usa/nfl-2009-2010/new-orleans-saints-new-york-jets-CjDbUyGh/
2009-10-04,2010,0,chi,det,1,-588,350,0.07687338501291974,0.7936412717456509,0.18560262893952578,https://www.oddsportal.com/american-football/usa/nfl-2009-2010/chicago-bears-detroit-lions-I7xtGdG5/
2009-10-04,2010,0,cle,cin,0,225,-303,0.05955334987593064,0.2903981264637002,0.0,https://www.oddsportal.com/american-football/usa/nfl-2009-2010/cleveland-browns-cincinnati-bengals-6PAPHIog/
2009-10-04,2010,0,hou,oak,1,-455,300,0.06981981981981988,0.7663157894736842,0.030997413703777826,https://www.oddsportal.com/american-football/usa/nfl-2009-2010/houston-texans-las-vegas-raiders-zaFTGx1a/
2009-10-04,2010,0,ind,sea,1,-769,400,0.08492520138089765,0.81565549427238,0.9998770809573718,https://www.oddsportal.com/american-football/usa/nfl-2009-2010/indianapolis-colts-seattle-seahawks-0WRpFGVB/
2009-10-04,2010,0,jax,ten,1,150,-200,0.06666666666666665,0.375,1.0,https://www.oddsportal.com/american-football/usa/nfl-2009-2010/jacksonville-jaguars-tennessee-titans-EZVlEzoI/
2009-10-04,2010,0,kc,nyg,0,350,-588,0.07687338501291974,0.20635872825434914,0.0,https://www.oddsportal.com/american-football/usa/nfl-2009-2010/kansas-city-chiefs-new-york-giants-8dVhDf0O/
2009-10-04,2010,0,ne,bal,1,-149,110,0.07458405048766492,0.5568606513614522,0.0890337808604143,https://www.oddsportal.com/american-football/usa/nfl-2009-2010/new-england-patriots-baltimore-ravens-nmUdCEFU/
2009-10-04,2010,0,wsh,tb,1,-400,282,0.06178010471204187,0.7534516765285997,1.0,https://www.oddsportal.com/american-football/usa/nfl-2009-2010/washington-commanders-tampa-bay-buccaneers-vwFjWcot/
2009-09-28,2010,0,dal,car,1,-426,295,0.06305048852096062,0.7618508624983023,1.0,https://www.oddsportal.com/american-football/usa/nfl-2009-2010/dallas-cowboys-carolina-panthers-IksOoWid/
2009-09-27,2010,0,ari,ind,0,-157,120,0.06544039617969588,0.5733731739707836,0.0533426990514583,https://www.oddsportal.com/american-football/usa/nfl-2009-2010/arizona-cardinals-indianapolis-colts-UgSMOnoL/
2009-09-27,2010,0,cin,pit,1,138,-189,0.0741473059812161,0.39116428900138056,0.9999570837023627,https://www.oddsportal.com/american-football/usa/nfl-2009-2010/cincinnati-bengals-pittsburgh-steelers-Q9y84ZZ7/
2009-09-27,2010,0,oak,den,0,-100,-137,0.07805907172995785,0.4637964774951076,2.1110348816190416e-05,https://www.oddsportal.com/american-football/usa/nfl-2009-2010/las-vegas-raiders-denver-broncos-rVmbTIC8/
2009-09-27,2010,0,lac,mia,1,-278,200,0.06878306878306883,0.6881188118811881,1.0,https://www.oddsportal.com/american-football/usa/nfl-2009-2010/los-angeles-chargers-miami-dolphins-MLn2SxSE/
2009-09-27,2010,0,buf,no,0,175,-250,0.07792207792207795,0.3373493975903614,0.0012461447364916234,https://www.oddsportal.com/american-football/usa/nfl-2009-2010/buffalo-bills-new-orleans-saints-C6X35FK1/
2009-09-27,2010,0,sea,chi,0,120,-161,0.07140369209334718,0.42425227568270485,0.8322734704061955,https://www.oddsportal.com/american-football/usa/nfl-2009-2010/seattle-seahawks-chicago-bears-Usra6e5e/
2009-09-27,2010,0,bal,cle,1,-833,500,0.059485530546623755,0.8426909458775923,1.0,https://www.oddsportal.com/american-football/usa/nfl-2009-2010/baltimore-ravens-cleveland-browns-r3H5hxyd/
2009-09-27,2010,0,det,wsh,1,205,-282,0.06608874774697449,0.3075436760325255,0.0,https://www.oddsportal.com/american-football/usa/nfl-2009-2010/detroit-lions-washington-commanders-jiqe7yjk/
2009-09-27,2010,0,hou,jax,0,-227,163,0.07441773932861251,0.6461077261068603,1.0,https://www.oddsportal.com/american-football/usa/nfl-2009-2010/houston-texans-jacksonville-jaguars-MHvi8Hzq/
2009-09-27,2010,0,lar,gb,0,225,-303,0.05955334987593064,0.2903981264637002,0.0,https://www.oddsportal.com/american-football/usa/nfl-2009-2010/los-angeles-rams-green-bay-packers-tKM4Far9/
2009-09-27,2010,0,min,sf,1,-303,225,0.05955334987593064,0.7096018735362997,0.08150161309207982,https://www.oddsportal.com/american-football/usa/nfl-2009-2010/minnesota-vikings-san-francisco-49ers-GjUGCcSR/
2009-09-27,2010,0,ne,atl,1,-250,175,0.07792207792207795,0.6626506024096386,0.3201809924581924,https://www.oddsportal.com/american-football/usa/nfl-2009-2010/new-england-patriots-atlanta-falcons-YRvCDwDL/
2009-09-27,2010,0,nyj,ten,1,-125,-110,0.07936507936507953,0.5147058823529411,1.0,https://www.oddsportal.com/american-football/usa/nfl-2009-2010/new-york-jets-tennessee-titans-MgG9idj2/
2009-09-27,2010,0,phi,kc,1,-345,250,0.0609951845906902,0.7307110438729199,1.0,https://www.oddsportal.com/american-football/usa/nfl-2009-2010/philadelphia-eagles-kansas-city-chiefs-zsM8EJcF/
2009-09-27,2010,0,tb,nyg,0,200,-278,0.06878306878306883,0.3118811881188118,0.0,https://www.oddsportal.com/american-football/usa/nfl-2009-2010/tampa-bay-buccaneers-new-york-giants-2TN0GuT2/
2009-09-21,2010,0,mia,ind,0,125,-175,0.08080808080808088,0.41121495327102797,0.0,https://www.oddsportal.com/american-football/usa/nfl-2009-2010/miami-dolphins-indianapolis-colts-xORD0jRD/
2009-09-20,2010,0,dal,nyg,0,-175,125,0.08080808080808088,0.5887850467289719,0.5,https://www.oddsportal.com/american-football/usa/nfl-2009-2010/dallas-cowboys-new-york-giants-2FjoX3zm/
2009-09-20,2010,0,chi,pit,1,120,-161,0.07140369209334718,0.42425227568270485,0.0,https://www.oddsportal.com/american-football/usa/nfl-2009-2010/chicago-bears-pittsburgh-steelers-lWhfzqlD/
2009-09-20,2010,0,den,cle,1,-200,150,0.06666666666666665,0.625,1.0,https://www.oddsportal.com/american-football/usa/nfl-2009-2010/denver-broncos-cleveland-browns-AufjyPY6/
2009-09-20,2010,0,lac,bal,0,-137,-100,0.07805907172995785,0.5362035225048923,0.5,https://www.oddsportal.com/american-football/usa/nfl-2009-2010/los-angeles-chargers-baltimore-ravens-6i5paSQD/
2009-09-20,2010,0,buf,tb,1,-227,163,0.07441773932861251,0.6461077261068603,,https://www.oddsportal.com/american-football/usa/nfl-2009-2010/buffalo-bills-tampa-bay-buccaneers-ED0swo4f/
2009-09-20,2010,0,sf,sea,1,-125,-110,0.07936507936507953,0.5147058823529411,0.5,https://www.oddsportal.com/american-football/usa/nfl-2009-2010/san-francisco-49ers-seattle-seahawks-h4aox5J0/
2009-09-20,2010,0,atl,car,1,-278,200,0.06878306878306883,0.6881188118811881,1.0,https://www.oddsportal.com/american-football/usa/nfl-2009-2010/atlanta-falcons-carolina-panthers-WMY2tJ8e/
2009-09-20,2010,0,det,min,0,333,-500,0.0642802155504234,0.21699819168173598,0.0,https://www.oddsportal.com/american-football/usa/nfl-2009-2010/detroit-lions-minnesota-vikings-QqY6uwO1/
2009-09-20,2010,0,gb,cin,0,-400,275,0.06666666666666665,0.75,1.0,https://www.oddsportal.com/american-football/usa/nfl-2009-2010/green-bay-packers-cincinnati-bengals-vmxBvcw8/
2009-09-20,2010,0,jax,ari,0,-189,138,0.0741473059812161,0.6088357109986194,,https://www.oddsportal.com/american-football/usa/nfl-2009-2010/jacksonville-jaguars-arizona-cardinals-nwRamks8/
2009-09-20,2010,0,kc,oak,0,-137,-100,0.07805907172995785,0.5362035225048923,,https://www.oddsportal.com/american-football/usa/nfl-2009-2010/kansas-city-chiefs-las-vegas-raiders-QTP3n9dE/
2009-09-20,2010,0,nyj,ne,1,138,-189,0.0741473059812161,0.39116428900138056,0.5,https://www.oddsportal.com/american-football/usa/nfl-2009-2010/new-york-jets-new-england-patriots-f3U7oTBK/
2009-09-20,2010,0,phi,no,0,125,-175,0.08080808080808088,0.41121495327102797,0.5,https://www.oddsportal.com/american-football/usa/nfl-2009-2010/philadelphia-eagles-new-orleans-saints-YgTBpmRQ/
2009-09-20,2010,0,ten,hou,0,-333,240,0.06317076484173345,0.7233580373115257,,https://www.oddsportal.com/american-football/usa/nfl-2009-2010/tennessee-titans-houston-texans-vy6vt7Zs/
2009-09-20,2010,0,wsh,lar,1,-588,350,0.07687338501291974,0.7936412717456509,,https://www.oddsportal.com/american-football/usa/nfl-2009-2010/washington-commanders-los-angeles-rams-Kj1wvRll/
2009-09-14,2010,0,oak,lac,0,374,-588,0.06562162692571882,0.1979787748336748,,https://www.oddsportal.com/american-football/usa/nfl-2009-2010/las-vegas-raiders-los-angeles-chargers-2yAxAI7S/
2009-09-14,2010,0,ne,buf,1,-833,500,0.059485530546623755,0.8426909458775923,,https://www.oddsportal.com/american-football/usa/nfl-2009-2010/new-england-patriots-buffalo-bills-8EAYAbhM/
2009-09-13,2010,0,gb,chi,1,-235,172,0.0691395961369623,0.6561281051118867,,https://www.oddsportal.com/american-football/usa/nfl-2009-2010/green-bay-packers-chicago-bears-ILavmWle/
2009-09-13,2010,0,ari,sf,0,-304,219,0.06595487134920397,0.7059166084323316,,https://www.oddsportal.com/american-football/usa/nfl-2009-2010/arizona-cardinals-san-francisco-49ers-lxbYAZlT/
2009-09-13,2010,0,nyg,wsh,1,-386,268,0.06597781356235455,0.7450799378960179,,https://www.oddsportal.com/american-football/usa/nfl-2009-2010/new-york-giants-washington-commanders-fJz16gcp/
2009-09-13,2010,0,sea,lar,1,-345,250,0.0609951845906902,0.7307110438729199,,https://www.oddsportal.com/american-football/usa/nfl-2009-2010/seattle-seahawks-los-angeles-rams-8Mv55DCj/
2009-09-13,2010,0,atl,mia,1,-224,166,0.06729787431541823,0.6477648286658548,,https://www.oddsportal.com/american-football/usa/nfl-2009-2010/atlanta-falcons-miami-dolphins-8livcGKT/
2009-09-13,2010,0,bal,kc,1,-910,516,0.06332776134756335,0.8473305520285386,,https://www.oddsportal.com/american-football/usa/nfl-2009-2010/baltimore-ravens-kansas-city-chiefs-jXpcHJ5o/
2009-09-13,2010,0,car,phi,0,110,-149,0.07458405048766492,0.44313934863854776,,https://www.oddsportal.com/american-football/usa/nfl-2009-2010/carolina-panthers-philadelphia-eagles-Acw6hzTp/
2009-09-13,2010,0,cin,den,0,-250,180,0.0714285714285714,0.6666666666666667,,https://www.oddsportal.com/american-football/usa/nfl-2009-2010/cincinnati-bengals-denver-broncos-UNq1GwLi/
2009-09-13,2010,0,cle,min,0,150,-200,0.06666666666666665,0.375,,https://www.oddsportal.com/american-football/usa/nfl-2009-2010/cleveland-browns-minnesota-vikings-Opq5Fczb/
2009-09-13,2010,0,hou,nyj,0,-238,174,0.0691055154839546,0.6586272371025734,,https://www.oddsportal.com/american-football/usa/nfl-2009-2010/houston-texans-new-york-jets-xlm9EHk4/
2009-09-13,2010,0,ind,jax,1,-386,268,0.06597781356235455,0.7450799378960179,,https://www.oddsportal.com/american-football/usa/nfl-2009-2010/indianapolis-colts-jacksonville-jaguars-KCxEDy5A/
2009-09-13,2010,0,no,det,1,-953,546,0.05983199997647892,0.853940283353076,,https://www.oddsportal.com/american-football/usa/nfl-2009-2010/new-orleans-saints-detroit-lions-2LaQCeKG/
2009-09-13,2010,0,tb,dal,0,175,-250,0.07792207792207795,0.3373493975903614,,https://www.oddsportal.com/american-football/usa/nfl-2009-2010/tampa-bay-buccaneers-dallas-cowboys-AoaUBFZM/
2009-09-10,2010,0,pit,ten,1,-317,232,0.06139666579989034,0.7162184233449477,,https://www.oddsportal.com/american-football/usa/nfl-2009-2010/pittsburgh-steelers-tennessee-titans-jo0rWAGm/
2008-12-28,2009,1,lac,den,1,-345,250,0.0609951845906902,0.7307110438729199,0.5110881218243455,https://www.oddsportal.com/american-football/usa/nfl-2008-2009/los-angeles-chargers-denver-broncos-fc0rMWzE/
2008-12-28,2009,1,ari,sea,1,-303,240,0.0459786892424463,0.7188110521909015,0.7445700489148073,https://www.oddsportal.com/american-football/usa/nfl-2008-2009/arizona-cardinals-seattle-seahawks-lzbicmbD/
2008-12-28,2009,1,bal,jax,1,-588,350,0.07687338501291974,0.7936412717456509,0.888182042641065,https://www.oddsportal.com/american-football/usa/nfl-2008-2009/baltimore-ravens-jacksonville-jaguars-4vAEeWqe/
2008-12-28,2009,1,nyj,mia,0,-149,110,0.07458405048766492,0.5568606513614522,0.44590974910215236,https://www.oddsportal.com/american-football/usa/nfl-2008-2009/new-york-jets-miami-dolphins-4CHQBVbl/
2008-12-28,2009,1,phi,dal,1,-137,-100,0.07805907172995785,0.5362035225048923,0.610120050916703,https://www.oddsportal.com/american-football/usa/nfl-2008-2009/philadelphia-eagles-dallas-cowboys-ny7VAkEf/
2008-12-28,2009,1,sf,wsh,1,-161,120,0.07140369209334718,0.5757477243172953,0.17887538427532496,https://www.oddsportal.com/american-football/usa/nfl-2008-2009/san-francisco-49ers-washington-commanders-6ZSB445t/
2008-12-28,2009,1,atl,lar,1,-1250,500,0.09259259259259256,0.8474576271186441,0.9497930359593361,https://www.oddsportal.com/american-football/usa/nfl-2008-2009/atlanta-falcons-los-angeles-rams-QmBAdCUl/
2008-12-28,2009,1,buf,ne,0,175,-250,0.07792207792207795,0.3373493975903614,0.24064275239720873,https://www.oddsportal.com/american-football/usa/nfl-2008-2009/buffalo-bills-new-england-patriots-n3aJfja1/
2008-12-28,2009,1,cin,kc,1,-137,-100,0.07805907172995785,0.5362035225048923,0.7780907985944356,https://www.oddsportal.com/american-football/usa/nfl-2008-2009/cincinnati-bengals-kansas-city-chiefs-bw3NgAE7/
2008-12-28,2009,1,gb,det,1,-588,350,0.07687338501291974,0.7936412717456509,1.0,https://www.oddsportal.com/american-football/usa/nfl-2008-2009/green-bay-packers-detroit-lions-GbFDIgi8/
2008-12-28,2009,1,hou,chi,1,-175,125,0.08080808080808088,0.5887850467289719,0.397912105497004,https://www.oddsportal.com/american-football/usa/nfl-2008-2009/houston-texans-chicago-bears-fkEHHD6E/
2008-12-28,2009,1,ind,ten,1,110,-149,0.07458405048766492,0.44313934863854776,0.3057182522708681,https://www.oddsportal.com/american-football/usa/nfl-2008-2009/indianapolis-colts-tennessee-titans-jL3rIXLK/
2008-12-28,2009,1,min,nyg,1,-345,250,0.0609951845906902,0.7307110438729199,0.23200859011698374,https://www.oddsportal.com/american-football/usa/nfl-2008-2009/minnesota-vikings-new-york-giants-UB2nHiyR/
2008-12-28,2009,1,no,car,0,-100,-137,0.07805907172995785,0.4637964774951076,0.24459122528505986,https://www.oddsportal.com/american-football/usa/nfl-2008-2009/new-orleans-saints-carolina-panthers-nikECBqr/
2008-12-28,2009,1,pit,cle,1,-588,350,0.07687338501291974,0.7936412717456509,0.8720805127363852,https://www.oddsportal.com/american-football/usa/nfl-2008-2009/pittsburgh-steelers-cleveland-browns-QR5Z99T0/
2008-12-28,2009,1,tb,oak,0,-588,350,0.07687338501291974,0.7936412717456509,0.844343370079533,https://www.oddsportal.com/american-football/usa/nfl-2008-2009/tampa-bay-buccaneers-las-vegas-raiders-AqambTr7/
2008-12-22,2009,1,chi,gb,1,-227,163,0.07441773932861251,0.6461077261068603,0.7057362420469901,https://www.oddsportal.com/american-football/usa/nfl-2008-2009/chicago-bears-green-bay-packers-A31bfycT/
2008-12-21,2009,1,nyg,car,1,-227,163,0.07441773932861251,0.6461077261068603,0.5601076443711187,https://www.oddsportal.com/american-football/usa/nfl-2008-2009/new-york-giants-carolina-panthers-hABM7c1C/
2008-12-21,2009,1,min,atl,0,-149,110,0.07458405048766492,0.5568606513614522,0.5522305331123638,https://www.oddsportal.com/american-football/usa/nfl-2008-2009/minnesota-vikings-atlanta-falcons-h0ttDpa3/
2008-12-21,2009,1,wsh,phi,1,-100,-137,0.07805907172995785,0.4637964774951076,0.2557620322718173,https://www.oddsportal.com/american-football/usa/nfl-2008-2009/washington-commanders-philadelphia-eagles-zPVpC4E9/
2008-12-21,2009,1,den,buf,0,-303,225,0.05955334987593064,0.7096018735362997,0.757559005110567,https://www.oddsportal.com/american-football/usa/nfl-2008-2009/denver-broncos-buffalo-bills-4jWLlNij/
2008-12-21,2009,1,oak,hou,1,250,-345,0.0609951845906902,0.26928895612708015,0.08703708235689951,https://www.oddsportal.com/american-football/usa/nfl-2008-2009/las-vegas-raiders-houston-texans-rsVPms7d/
2008-12-21,2009,1,sea,nyj,1,150,-200,0.06666666666666665,0.375,0.08230892757124984,https://www.oddsportal.com/american-football/usa/nfl-2008-2009/seattle-seahawks-new-york-jets-E9sxEQqc/
2008-12-21,2009,1,cle,cin,0,-149,110,0.07458405048766492,0.5568606513614522,0.6382899257165019,https://www.oddsportal.com/american-football/usa/nfl-2008-2009/cleveland-browns-cincinnati-bengals-t0s6Aggn/
2008-12-21,2009,1,det,no,0,225,-333,0.07674542547521757,0.28576142550734207,0.0,https://www.oddsportal.com/american-football/usa/nfl-2008-2009/detroit-lions-new-orleans-saints-zNtA9D8h/
2008-12-21,2009,1,kc,mia,0,150,-200,0.06666666666666665,0.375,0.06855418806476948,https://www.oddsportal.com/american-football/usa/nfl-2008-2009/kansas-city-chiefs-miami-dolphins-EDuE8XNb/
2008-12-21,2009,1,lar,sf,0,150,-200,0.06666666666666665,0.375,0.309228798654025,https://www.oddsportal.com/american-football/usa/nfl-2008-2009/los-angeles-rams-san-francisco-49ers-GSEq8BhB/
2008-12-21,2009,1,ne,ari,1,-400,275,0.06666666666666665,0.75,0.52646556086205,https://www.oddsportal.com/american-football/usa/nfl-2008-2009/new-england-patriots-arizona-cardinals-YJiX8iw5/
2008-12-21,2009,1,tb,lac,0,-227,163,0.07441773932861251,0.6461077261068603,0.8261498386753409,https://www.oddsportal.com/american-football/usa/nfl-2008-2009/tampa-bay-buccaneers-los-angeles-chargers-AkEm7V7H/
2008-12-21,2009,1,ten,pit,1,-137,-100,0.07805907172995785,0.5362035225048923,0.6682805079297693,https://www.oddsportal.com/american-football/usa/nfl-2008-2009/tennessee-titans-pittsburgh-steelers-MRtHk3xp/
2008-12-20,2009,1,dal,bal,0,-278,200,0.06878306878306883,0.6881188118811881,0.254863610805456,https://www.oddsportal.com/american-football/usa/nfl-2008-2009/dallas-cowboys-baltimore-ravens-Sdw2BZwt/
2008-12-18,2009,1,jax,ind,0,200,-278,0.06878306878306883,0.3118811881188118,0.1802980543464644,https://www.oddsportal.com/american-football/usa/nfl-2008-2009/jacksonville-jaguars-indianapolis-colts-84xC9JTg/
2008-12-15,2009,1,phi,cle,1,-1250,600,0.06878306878306883,0.8663366336633663,0.7863000967575022,https://www.oddsportal.com/american-football/usa/nfl-2008-2009/philadelphia-eagles-cleveland-browns-thX2Itff/
2008-12-14,2009,1,dal,nyg,1,-175,125,0.08080808080808088,0.5887850467289719,0.13580889660462414,https://www.oddsportal.com/american-football/usa/nfl-2008-2009/dallas-cowboys-new-york-giants-G8Cno3mH/
2008-12-14,2009,1,bal,pit,0,-175,125,0.08080808080808088,0.5887850467289719,0.690466654640314,https://www.oddsportal.com/american-football/usa/nfl-2008-2009/baltimore-ravens-pittsburgh-steelers-drzwxZ5o/
2008-12-14,2009,1,car,den,1,-345,250,0.0609951845906902,0.7307110438729199,0.794029025556033,https://www.oddsportal.com/american-football/usa/nfl-2008-2009/carolina-panthers-denver-broncos-zZYtygLi/
2008-12-14,2009,1,oak,ne,0,225,-333,0.07674542547521757,0.28576142550734207,0.1664195511923638,https://www.oddsportal.com/american-football/usa/nfl-2008-2009/las-vegas-raiders-new-england-patriots-UeYpzDzb/
2008-12-14,2009,1,ari,min,0,-200,150,0.06666666666666665,0.625,0.3578817001191645,https://www.oddsportal.com/american-football/usa/nfl-2008-2009/arizona-cardinals-minnesota-vikings-lGsoDkTp/
2008-12-14,2009,1,atl,tb,1,-250,175,0.07792207792207795,0.6626506024096386,0.39604800907609844,https://www.oddsportal.com/american-football/usa/nfl-2008-2009/atlanta-falcons-tampa-bay-buccaneers-YklHNeMu/
2008-12-14,2009,1,cin,wsh,1,225,-333,0.07674542547521757,0.28576142550734207,0.09479700692845712,https://www.oddsportal.com/american-football/usa/nfl-2008-2009/cincinnati-bengals-washington-commanders-pQiLMFyn/
2008-12-14,2009,1,hou,ten,1,120,-161,0.07140369209334718,0.42425227568270485,0.059362073599051546,https://www.oddsportal.com/american-football/usa/nfl-2008-2009/houston-texans-tennessee-titans-SlsQLZjh/
2008-12-14,2009,1,ind,det,1,-1667,700,0.06840690435766827,0.8830033768125539,1.0,https://www.oddsportal.com/american-football/usa/nfl-2008-2009/indianapolis-colts-detroit-lions-6utUKg6b/
2008-12-14,2009,1,jax,gb,1,110,-149,0.07458405048766492,0.44313934863854776,0.3897723269079554,https://www.oddsportal.com/american-football/usa/nfl-2008-2009/jacksonville-jaguars-green-bay-packers-E9ufLDL4/
2008-12-14,2009,1,kc,lac,0,200,-278,0.06878306878306883,0.3118811881188118,0.2519566686524016,https://www.oddsportal.com/american-football/usa/nfl-2008-2009/kansas-city-chiefs-los-angeles-chargers-dI26KXzB/
2008-12-14,2009,1,lar,sea,0,-100,-137,0.07805907172995785,0.4637964774951076,0.49432901254240486,https://www.oddsportal.com/american-football/usa/nfl-2008-2009/los-angeles-rams-seattle-seahawks-n7eJHVKT/
2008-12-14,2009,1,mia,sf,1,-250,175,0.07792207792207795,0.6626506024096386,0.8283060405238665,https://www.oddsportal.com/american-football/usa/nfl-2008-2009/miami-dolphins-san-francisco-49ers-vshBJijH/
2008-12-14,2009,1,nyj,buf,1,-400,275,0.06666666666666665,0.75,0.8503576264092055,https://www.oddsportal.com/american-football/usa/nfl-2008-2009/new-york-jets-buffalo-bills-hpdFIB5N/
2008-12-11,2009,1,chi,no,1,-161,120,0.07140369209334718,0.5757477243172953,0.5548886314402223,https://www.oddsportal.com/american-football/usa/nfl-2008-2009/chicago-bears-new-orleans-saints-rPotHSRe/
2008-12-08,2009,1,car,tb,1,-189,138,0.0741473059812161,0.6088357109986194,0.4909503284922496,https://www.oddsportal.com/american-football/usa/nfl-2008-2009/carolina-panthers-tampa-bay-buccaneers-8I3UePMN/
2008-12-07,2009,1,bal,wsh,1,-333,225,0.07674542547521757,0.714238574492658,0.7533775361787521,https://www.oddsportal.com/american-football/usa/nfl-2008-2009/baltimore-ravens-washington-commanders-jZ6mfDe1/
2008-12-07,2009,1,ari,lar,1,-833,500,0.059485530546623755,0.8426909458775923,0.8852488092521488,https://www.oddsportal.com/american-football/usa/nfl-2008-2009/arizona-cardinals-los-angeles-rams-juIncJbG/
2008-12-07,2009,1,pit,dal,1,-125,-110,0.07936507936507953,0.5147058823529411,0.5850074902281156,https://www.oddsportal.com/american-football/usa/nfl-2008-2009/pittsburgh-steelers-dallas-cowboys-80padwEM/
2008-12-07,2009,1,buf,mia,0,125,-175,0.08080808080808088,0.41121495327102797,0.21564020854898694,https://www.oddsportal.com/american-football/usa/nfl-2008-2009/buffalo-bills-miami-dolphins-r5V9a1ai/
2008-12-07,2009,1,den,kc,1,-400,300,0.050000000000000044,0.7619047619047619,0.8600397385307004,https://www.oddsportal.com/american-football/usa/nfl-2008-2009/denver-broncos-kansas-city-chiefs-MeUDbLEc/
2008-12-07,2009,1,sf,nyj,1,175,-250,0.07792207792207795,0.3373493975903614,0.041672069638504415,https://www.oddsportal.com/american-football/usa/nfl-2008-2009/san-francisco-49ers-new-york-jets-UPTwauU3/
2008-12-07,2009,1,sea,ne,0,250,-333,0.054767403497195666,0.2708789490147013,0.15967307889790527,https://www.oddsportal.com/american-football/usa/nfl-2008-2009/seattle-seahawks-new-england-patriots-8GSsbaqA/
2008-12-07,2009,1,chi,jax,1,-303,225,0.05955334987593064,0.7096018735362997,0.7030660314223298,https://www.oddsportal.com/american-football/usa/nfl-2008-2009/chicago-bears-jacksonville-jaguars-Y5lIt0UG/
2008-12-07,2009,1,det,min,0,350,-500,0.05555555555555558,0.21052631578947367,0.0,https://www.oddsportal.com/american-football/usa/nfl-2008-2009/detroit-lions-minnesota-vikings-dzS1rMa4/
2008-12-07,2009,1,gb,hou,0,-333,240,0.06317076484173345,0.7233580373115257,0.5647752197966319,https://www.oddsportal.com/american-football/usa/nfl-2008-2009/green-bay-packers-houston-texans-jcR5stFA/
2008-12-07,2009,1,ind,cin,1,-833,450,0.07463704569813889,0.8308096835615196,0.9423805673180683,https://www.oddsportal.com/american-football/usa/nfl-2008-2009/indianapolis-colts-cincinnati-bengals-UyvqsKqN/
2008-12-07,2009,1,no,atl,1,-125,-110,0.07936507936507953,0.5147058823529411,0.3250815454895663,https://www.oddsportal.com/american-football/usa/nfl-2008-2009/new-orleans-saints-atlanta-falcons-8SxmtvaT/
2008-12-07,2009,1,nyg,phi,0,-303,200,0.08519437551695619,0.6928353658536585,0.8756240501690733,https://www.oddsportal.com/american-football/usa/nfl-2008-2009/new-york-giants-philadelphia-eagles-Q7PEyb7p/
2008-12-07,2009,1,ten,cle,1,-10000,450,0.17191719171917197,0.8448540706605222,0.9550052466053683,https://www.oddsportal.com/american-football/usa/nfl-2008-2009/tennessee-titans-cleveland-browns-xrTIzIMj/
2008-12-04,2009,1,lac,oak,1,-500,300,0.08333333333333348,0.7692307692307692,0.5907925139084933,https://www.oddsportal.com/american-football/usa/nfl-2008-2009/los-angeles-chargers-las-vegas-raiders-OCxHsr5P/
2008-12-01,2009,1,hou,jax,1,-189,138,0.0741473059812161,0.6088357109986194,0.4708415788263116,https://www.oddsportal.com/american-football/usa/nfl-2008-2009/houston-texans-jacksonville-jaguars-fqovK1gj/
2008-11-30,2009,1,min,chi,1,-250,175,0.07792207792207795,0.6626506024096386,0.5211026149811316,https://www.oddsportal.com/american-football/usa/nfl-2008-2009/minnesota-vikings-chicago-bears-dSTwv5Q4/
2008-11-30,2009,1,oak,kc,0,-189,150,0.0539792387543252,0.6204858831254104,0.7546091127254402,https://www.oddsportal.com/american-football/usa/nfl-2008-2009/las-vegas-raiders-kansas-city-chiefs-nNmCbnD0/
2008-11-30,2009,1,ne,pit,0,-149,110,0.07458405048766492,0.5568606513614522,0.3498592434355874,https://www.oddsportal.com/american-football/usa/nfl-2008-2009/new-england-patriots-pittsburgh-steelers-AiRe08rl/
2008-11-30,2009,1,nyj,den,0,-189,138,0.0741473059812161,0.6088357109986194,0.9418313931067931,https://www.oddsportal.com/american-football/usa/nfl-2008-2009/new-york-jets-denver-broncos-h0l8aScf/
2008-11-30,2009,1,lac,atl,0,-175,125,0.08080808080808088,0.5887850467289719,0.18848199448871508,https://www.oddsportal.com/american-football/usa/nfl-2008-2009/los-angeles-chargers-atlanta-falcons-joFx0lTs/
2008-11-30,2009,1,buf,sf,0,-333,225,0.07674542547521757,0.714238574492658,0.8803313724393651,https://www.oddsportal.com/american-football/usa/nfl-2008-2009/buffalo-bills-san-francisco-49ers-zNlxde7q/
2008-11-30,2009,1,cin,bal,0,250,-333,0.054767403497195666,0.2708789490147013,0.03384667383503114,https://www.oddsportal.com/american-football/usa/nfl-2008-2009/cincinnati-bengals-baltimore-ravens-EDmteFMk/
2008-11-30,2009,1,cle,ind,0,175,-250,0.07792207792207795,0.3373493975903614,0.23630782746788578,https://www.oddsportal.com/american-football/usa/nfl-2008-2009/cleveland-browns-indianapolis-colts-Msm6eZyd/
2008-11-30,2009,1,gb,car,0,-137,-189,0.23203831048428314,0.4691892020003318,0.297727425379673,https://www.oddsportal.com/american-football/usa/nfl-2008-2009/green-bay-packers-carolina-panthers-0YoAfgi2/
2008-11-30,2009,1,lar,mia,0,250,-345,0.0609951845906902,0.26928895612708015,0.10080808124068606,https://www.oddsportal.com/american-football/usa/nfl-2008-2009/los-angeles-rams-miami-dolphins-6el1JxU2/
2008-11-30,2009,1,tb,no,1,-345,163,0.1555090357585338,0.6709431729951566,0.7135978315225835,https://www.oddsportal.com/american-football/usa/nfl-2008-2009/tampa-bay-buccaneers-new-orleans-saints-Kbh5Idq9/
2008-11-30,2009,1,wsh,nyg,0,163,-227,0.07441773932861251,0.35389227389313965,0.13078041717713298,https://www.oddsportal.com/american-football/usa/nfl-2008-2009/washington-commanders-new-york-giants-ELi9HGbF/
2008-11-27,2009,1,phi,ari,1,-278,110,0.21164021164021163,0.6069868995633187,0.4934233935863357,https://www.oddsportal.com/american-football/usa/nfl-2008-2009/philadelphia-eagles-arizona-cardinals-086MmF2a/
2008-11-27,2009,1,dal,sea,1,-10000,450,0.17191719171917197,0.8448540706605222,0.9072392883803817,https://www.oddsportal.com/american-football/usa/nfl-2008-2009/dallas-cowboys-seattle-seahawks-8rHSIKcn/
2008-11-27,2009,1,det,ten,0,400,-10000,0.19009900990099005,0.1680532445923461,0.0,https://www.oddsportal.com/american-football/usa/nfl-2008-2009/detroit-lions-tennessee-titans-fuDOJ0rt/
2008-11-24,2009,1,no,gb,1,-125,-110,0.07936507936507953,0.5147058823529411,0.339473607698547,https://www.oddsportal.com/american-football/usa/nfl-2008-2009/new-orleans-saints-green-bay-packers-WlxmwoM5/
2008-11-23,2009,1,lac,ind,0,-161,120,0.07140369209334718,0.5757477243172953,0.13253826580600864,https://www.oddsportal.com/american-football/usa/nfl-2008-2009/los-angeles-chargers-indianapolis-colts-8tvTdp6n/
2008-11-23,2009,1,ari,nyg,0,-125,-110,0.07936507936507953,0.5147058823529411,0.12080890639752564,https://www.oddsportal.com/american-football/usa/nfl-2008-2009/arizona-cardinals-new-york-giants-KffXgEH2/
2008-11-23,2009,1,atl,car,1,-125,-120,0.101010101010101,0.5045871559633028,0.2794287537334918,https://www.oddsportal.com/american-football/usa/nfl-2008-2009/atlanta-falcons-carolina-panthers-bogygYW8/
2008-11-23,2009,1,sea,wsh,0,125,-175,0.08080808080808088,0.41121495327102797,0.08840698453418115,https://www.oddsportal.com/american-football/usa/nfl-2008-2009/seattle-seahawks-washington-commanders-fHr2ghnF/
2008-11-23,2009,1,den,oak,0,-455,275,0.08648648648648649,0.7545605306799337,0.8404638684353355,https://www.oddsportal.com/american-football/usa/nfl-2008-2009/denver-broncos-las-vegas-raiders-2ZssVUv2/
2008-11-23,2009,1,bal,phi,1,-189,138,0.0741473059812161,0.6088357109986194,0.747628177885969,https://www.oddsportal.com/american-football/usa/nfl-2008-2009/baltimore-ravens-philadelphia-eagles-WYHBhNBo/
2008-11-23,2009,1,cle,hou,0,-161,120,0.07140369209334718,0.5757477243172953,0.7461334944948456,https://www.oddsportal.com/american-football/usa/nfl-2008-2009/cleveland-browns-houston-texans-APGFisRi/
2008-11-23,2009,1,dal,sf,1,-455,300,0.06981981981981988,0.7663157894736842,0.955176878560868,https://www.oddsportal.com/american-football/usa/nfl-2008-2009/dallas-cowboys-san-francisco-49ers-4nGJj1tb/
2008-11-23,2009,1,det,tb,0,275,-455,0.08648648648648649,0.24543946932006633,0.0,https://www.oddsportal.com/american-football/usa/nfl-2008-2009/detroit-lions-tampa-bay-buccaneers-IkKNkLe4/
2008-11-23,2009,1,jax,min,0,-137,-100,0.07805907172995785,0.5362035225048923,0.3867810601893191,https://www.oddsportal.com/american-football/usa/nfl-2008-2009/jacksonville-jaguars-minnesota-vikings-0E9SluBA/
2008-11-23,2009,1,kc,buf,0,120,-161,0.07140369209334718,0.42425227568270485,0.185442059674881,https://www.oddsportal.com/american-football/usa/nfl-2008-2009/kansas-city-chiefs-buffalo-bills-rNWvlaQG/
2008-11-23,2009,1,lar,chi,0,240,-345,0.06939854593522798,0.2750309023485785,0.1075240879526553,https://www.oddsportal.com/american-football/usa/nfl-2008-2009/los-angeles-rams-chicago-bears-67lYWjAk/
2008-11-23,2009,1,mia,ne,0,120,-303,0.2064064967290773,0.37677636499626027,0.7011046640218551,https://www.oddsportal.com/american-football/usa/nfl-2008-2009/miami-dolphins-new-england-patriots-SGkUXWfq/
2008-11-23,2009,1,ten,nyj,0,-250,175,0.07792207792207795,0.6626506024096386,0.975388247273487,https://www.oddsportal.com/american-football/usa/nfl-2008-2009/tennessee-titans-new-york-jets-lWwwWAPe/
2008-11-20,2009,1,pit,cin,1,-833,450,0.07463704569813889,0.8308096835615196,0.8924040035721172,https://www.oddsportal.com/american-football/usa/nfl-2008-2009/pittsburgh-steelers-cincinnati-bengals-QqNvhp8Q/
2008-11-17,2009,1,buf,cle,0,-250,175,0.07792207792207795,0.6626506024096386,0.38398033185027985,https://www.oddsportal.com/american-football/usa/nfl-2008-2009/buffalo-bills-cleveland-browns-fi1ucSBI/
2008-11-16,2009,1,wsh,dal,0,-100,-137,0.07805907172995785,0.4637964774951076,0.6658807417321627,https://www.oddsportal.com/american-football/usa/nfl-2008-2009/washington-commanders-dallas-cowboys-jZjL1gvM/
2008-11-16,2009,1,jax,ten,0,120,-161,0.07140369209334718,0.42425227568270485,0.004212009025905011,https://www.oddsportal.com/american-football/usa/nfl-2008-2009/jacksonville-jaguars-tennessee-titans-fmeC1Fr5/
2008-11-16,2009,1,pit,lac,1,-149,110,0.07458405048766492,0.5568606513614522,0.7697011219914467,https://www.oddsportal.com/american-football/usa/nfl-2008-2009/pittsburgh-steelers-los-angeles-chargers-xdIO0ZcB/
2008-11-16,2009,1,sf,lar,1,-303,240,0.0459786892424463,0.7188110521909015,0.003390767855126624,https://www.oddsportal.com/american-football/usa/nfl-2008-2009/san-francisco-49ers-los-angeles-rams-bgo1EyEh/
2008-11-16,2009,1,sea,ari,0,120,-161,0.07140369209334718,0.42425227568270485,0.10713557173093617,https://www.oddsportal.com/american-football/usa/nfl-2008-2009/seattle-seahawks-arizona-cardinals-xpp5DeTb/
2008-11-16,2009,1,atl,den,0,-189,138,0.0741473059812161,0.6088357109986194,0.7400199742245396,https://www.oddsportal.com/american-football/usa/nfl-2008-2009/atlanta-falcons-denver-broncos-4EMT0vFt/
2008-11-16,2009,1,car,det,1,-1000,500,0.07575757575757569,0.8450704225352113,1.0,https://www.oddsportal.com/american-football/usa/nfl-2008-2009/carolina-panthers-detroit-lions-0pCf1bUn/
2008-11-16,2009,1,gb,chi,1,-400,170,0.1703703703703705,0.6835443037974683,0.30923976885578697,https://www.oddsportal.com/american-football/usa/nfl-2008-2009/green-bay-packers-chicago-bears-dxe6dGTB/
2008-11-16,2009,1,ind,hou,1,-400,275,0.06666666666666665,0.75,0.8315671712591954,https://www.oddsportal.com/american-football/usa/nfl-2008-2009/indianapolis-colts-houston-texans-zTgAezqI/
2008-11-16,2009,1,kc,no,0,200,-278,0.06878306878306883,0.3118811881188118,0.17686417654759765,https://www.oddsportal.com/american-football/usa/nfl-2008-2009/kansas-city-chiefs-new-orleans-saints-rcgzdfbO/
2008-11-16,2009,1,mia,oak,1,-588,350,0.07687338501291974,0.7936412717456509,0.8685481563695789,https://www.oddsportal.com/american-football/usa/nfl-2008-2009/miami-dolphins-las-vegas-raiders-MmhveEDU/
2008-11-16,2009,1,nyg,bal,1,-333,240,0.06317076484173345,0.7233580373115257,0.5059136597759538,https://www.oddsportal.com/american-football/usa/nfl-2008-2009/new-york-giants-baltimore-ravens-jTsgGcqt/
2008-11-16,2009,1,tb,min,1,-250,175,0.07792207792207795,0.6626506024096386,0.5333842026232246,https://www.oddsportal.com/american-football/usa/nfl-2008-2009/tampa-bay-buccaneers-minnesota-vikings-4WocFHbn/
2008-11-13,2009,1,ne,nyj,0,-161,120,0.07140369209334718,0.5757477243172953,0.18513985192477744,https://www.oddsportal.com/american-football/usa/nfl-2008-2009/new-england-patriots-new-york-jets-rk9vxmjB/
2008-11-10,2009,1,ari,sf,1,-455,333,0.050766702036909805,0.7802110765697088,0.9991718433605429,https://www.oddsportal.com/american-football/usa/nfl-2008-2009/arizona-cardinals-san-francisco-49ers-QyVZvmRL/
2008-11-09,2009,1,phi,nyg,0,-100,-137,0.07805907172995785,0.4637964774951076,0.32335937866277625,https://www.oddsportal.com/american-football/usa/nfl-2008-2009/philadelphia-eagles-new-york-giants-bwVROnDs/
2008-11-09,2009,1,lac,kc,1,-227,163,0.07441773932861251,0.6461077261068603,0.6475703599723546,https://www.oddsportal.com/american-football/usa/nfl-2008-2009/los-angeles-chargers-kansas-city-chiefs-rkDonuUJ/
2008-11-09,2009,1,pit,ind,0,-345,138,0.1954489661032952,0.6485269725930022,0.5870365555403076,https://www.oddsportal.com/american-football/usa/nfl-2008-2009/pittsburgh-steelers-indianapolis-colts-xSAfNeiJ/
2008-11-09,2009,1,oak,car,0,333,-500,0.0642802155504234,0.21699819168173598,0.0728256760825257,https://www.oddsportal.com/american-football/usa/nfl-2008-2009/las-vegas-raiders-carolina-panthers-byCjOyxD/
2008-11-09,2009,1,atl,no,1,-137,-100,0.07805907172995785,0.5362035225048923,0.6918632533174388,https://www.oddsportal.com/american-football/usa/nfl-2008-2009/atlanta-falcons-new-orleans-saints-4jSGr2pE/
2008-11-09,2009,1,chi,ten,0,-100,-137,0.07805907172995785,0.4637964774951076,0.013023247076170261,https://www.oddsportal.com/american-football/usa/nfl-2008-2009/chicago-bears-tennessee-titans-tM2Dw0Ns/
2008-11-09,2009,1,det,jax,0,200,-278,0.06878306878306883,0.3118811881188118,0.0,https://www.oddsportal.com/american-football/usa/nfl-2008-2009/detroit-lions-jacksonville-jaguars-rsRKsMaK/
2008-11-09,2009,1,hou,bal,0,-137,-100,0.07805907172995785,0.5362035225048923,0.07481102119982186,https://www.oddsportal.com/american-football/usa/nfl-2008-2009/houston-texans-baltimore-ravens-vDGortFQ/
2008-11-09,2009,1,mia,sea,1,-345,250,0.0609951845906902,0.7307110438729199,0.8479882147356128,https://www.oddsportal.com/american-football/usa/nfl-2008-2009/miami-dolphins-seattle-seahawks-zq2HxKxl/
2008-11-09,2009,1,min,gb,1,-149,110,0.07458405048766492,0.5568606513614522,0.5224636504404861,https://www.oddsportal.com/american-football/usa/nfl-2008-2009/minnesota-vikings-green-bay-packers-h4UTyvhf/
2008-11-09,2009,0,ne,buf,1,-500,150,0.2333333333333334,0.6756756756756757,0.3317255219537325,https://www.oddsportal.com/american-football/usa/nfl-2008-2009/new-england-patriots-buffalo-bills-zTJYzb70/
2008-11-09,2009,0,nyj,lar,1,-400,300,0.050000000000000044,0.7619047619047619,0.9030806698166238,https://www.oddsportal.com/american-football/usa/nfl-2008-2009/new-york-jets-los-angeles-rams-EJIxzIM6/
2008-11-06,2009,0,cle,den,0,-189,138,0.0741473059812161,0.6088357109986194,0.7926450937783268,https://www.oddsportal.com/american-football/usa/nfl-2008-2009/cleveland-browns-denver-broncos-lIrTaIT6/
2008-11-03,2009,0,wsh,pit,0,-149,110,0.07458405048766492,0.5568606513614522,0.7650432326465106,https://www.oddsportal.com/american-football/usa/nfl-2008-2009/washington-commanders-pittsburgh-steelers-faNw6LS1/
2008-11-02,2009,0,ind,ne,1,-333,240,0.06317076484173345,0.7233580373115257,0.666464230398882,https://www.oddsportal.com/american-football/usa/nfl-2008-2009/indianapolis-colts-new-england-patriots-xxSWoyJc/
2008-11-02,2009,0,oak,atl,0,120,-161,0.07140369209334718,0.42425227568270485,0.1784519867765369,https://www.oddsportal.com/american-football/usa/nfl-2008-2009/las-vegas-raiders-atlanta-falcons-QHAIC5P4/
2008-11-02,2009,0,nyg,dal,1,-3333,275,0.23753762501213704,0.7845183360271157,0.7629433401407723,https://www.oddsportal.com/american-football/usa/nfl-2008-2009/new-york-giants-dallas-cowboys-dxJ1GmQu/
2008-11-02,2009,0,sea,phi,0,240,-333,0.06317076484173345,0.27664196268847435,0.12205048569956126,https://www.oddsportal.com/american-football/usa/nfl-2008-2009/seattle-seahawks-philadelphia-eagles-8QXUBPvB/
2008-11-02,2009,0,den,mia,0,-137,-100,0.07805907172995785,0.5362035225048923,0.40922428616419665,https://www.oddsportal.com/american-football/usa/nfl-2008-2009/denver-broncos-miami-dolphins-l4uf8puO/
2008-11-02,2009,0,buf,nyj,0,-250,175,0.07792207792207795,0.6626506024096386,0.37782592666837783,https://www.oddsportal.com/american-football/usa/nfl-2008-2009/buffalo-bills-new-york-jets-pEDnFJs8/
2008-11-02,2009,0,chi,det,1,-833,450,0.07463704569813889,0.8308096835615196,1.0,https://www.oddsportal.com/american-football/usa/nfl-2008-2009/chicago-bears-detroit-lions-Knp9gmtC/
2008-11-02,2009,0,cin,jax,1,250,-345,0.0609951845906902,0.26928895612708015,0.0,https://www.oddsportal.com/american-football/usa/nfl-2008-2009/cincinnati-bengals-jacksonville-jaguars-O4CjEwcE/
2008-11-02,2009,0,cle,bal,0,-175,125,0.08080808080808088,0.5887850467289719,0.30898979393799403,https://www.oddsportal.com/american-football/usa/nfl-2008-2009/cleveland-browns-baltimore-ravens-nZo1e9Ba/
2008-11-02,2009,0,kc,tb,0,333,-500,0.0642802155504234,0.21699819168173598,0.10699218538642935,https://www.oddsportal.com/american-football/usa/nfl-2008-2009/kansas-city-chiefs-tampa-bay-buccaneers-CUpUHAmP/
2008-11-02,2009,0,min,hou,1,-278,200,0.06878306878306883,0.6881188118811881,0.6907296064477005,https://www.oddsportal.com/american-football/usa/nfl-2008-2009/minnesota-vikings-houston-texans-UoR0ClBn/
2008-11-02,2009,0,lar,ari,0,138,-189,0.0741473059812161,0.39116428900138056,0.28418112612733826,https://www.oddsportal.com/american-football/usa/nfl-2008-2009/los-angeles-rams-arizona-cardinals-G6PUBSua/
2008-11-02,2009,0,ten,gb,1,-189,138,0.0741473059812161,0.6088357109986194,0.9920217462937787,https://www.oddsportal.com/american-football/usa/nfl-2008-2009/tennessee-titans-green-bay-packers-tvxnA6AB/
2008-10-27,2009,0,ten,ind,1,-200,150,0.06666666666666665,0.625,0.9908339772793068,https://www.oddsportal.com/american-football/usa/nfl-2008-2009/tennessee-titans-indianapolis-colts-dhqqlDW0/
2008-10-26,2009,0,pit,nyg,0,-161,120,0.07140369209334718,0.5757477243172953,0.43960535616709867,https://www.oddsportal.com/american-football/usa/nfl-2008-2009/pittsburgh-steelers-new-york-giants-xSMtwgyA/
2008-10-26,2009,0,sf,sea,0,-250,175,0.07792207792207795,0.6626506024096386,0.003788404393829055,https://www.oddsportal.com/american-football/usa/nfl-2008-2009/san-francisco-49ers-seattle-seahawks-ImsT5bDJ/
2008-10-26,2009,0,hou,cin,1,-455,300,0.06981981981981988,0.7663157894736842,1.0,https://www.oddsportal.com/american-football/usa/nfl-2008-2009/houston-texans-cincinnati-bengals-0SUxsFzJ/
2008-10-26,2009,0,jax,cle,0,-345,250,0.0609951845906902,0.7307110438729199,0.8257292313082025,https://www.oddsportal.com/american-football/usa/nfl-2008-2009/jacksonville-jaguars-cleveland-browns-byOxvZL3/
2008-10-26,2009,0,bal,oak,1,-345,250,0.0609951845906902,0.7307110438729199,0.878747908764852,https://www.oddsportal.com/american-football/usa/nfl-2008-2009/baltimore-ravens-las-vegas-raiders-0ra8NFi4/
2008-10-26,2009,0,car,ari,1,-227,163,0.07441773932861251,0.6461077261068603,0.639109932292112,https://www.oddsportal.com/american-football/usa/nfl-2008-2009/carolina-panthers-arizona-cardinals-f5bCMZ6A/
2008-10-26,2009,0,dal,tb,1,-137,-100,0.07805907172995785,0.5362035225048923,0.1940072599358493,https://www.oddsportal.com/american-football/usa/nfl-2008-2009/dallas-cowboys-tampa-bay-buccaneers-xELOLgMG/
2008-10-26,2009,0,det,wsh,0,250,-345,0.0609951845906902,0.26928895612708015,0.0,https://www.oddsportal.com/american-football/usa/nfl-2008-2009/detroit-lions-washington-commanders-dKXsMDyN/
2008-10-26,2009,0,mia,buf,1,-110,-125,0.07936507936507953,0.48529411764705876,0.13093538000221275,https://www.oddsportal.com/american-football/usa/nfl-2008-2009/miami-dolphins-buffalo-bills-zBWoLXjT/
2008-10-26,2009,0,ne,lar,1,-345,250,0.0609951845906902,0.7307110438729199,0.23486157502658764,https://www.oddsportal.com/american-football/usa/nfl-2008-2009/new-england-patriots-los-angeles-rams-hjJDGiap/
2008-10-26,2009,0,no,lac,1,125,-175,0.08080808080808088,0.41121495327102797,0.5703738711592182,https://www.oddsportal.com/american-football/usa/nfl-2008-2009/new-orleans-saints-los-angeles-chargers-6gNHFBEj/
2008-10-26,2009,0,nyj,kc,1,-833,450,0.07463704569813889,0.8308096835615196,0.8086907307817116,https://www.oddsportal.com/american-football/usa/nfl-2008-2009/new-york-jets-kansas-city-chiefs-CGP8veii/
2008-10-26,2009,0,phi,atl,1,-455,300,0.06981981981981988,0.7663157894736842,0.3920627347228042,https://www.oddsportal.com/american-football/usa/nfl-2008-2009/philadelphia-eagles-atlanta-falcons-j7OCwF6c/
2008-10-20,2009,0,ne,den,1,-161,120,0.07140369209334718,0.5757477243172953,0.001644386882087508,https://www.oddsportal.com/american-football/usa/nfl-2008-2009/new-england-patriots-denver-broncos-hMcLKdBj/
2008-10-19,2009,0,tb,sea,1,-588,350,0.07687338501291974,0.7936412717456509,0.8820161690120695,https://www.oddsportal.com/american-football/usa/nfl-2008-2009/tampa-bay-buccaneers-seattle-seahawks-QV5S4fyg/
2008-10-19,2009,0,gb,ind,1,110,-149,0.07458405048766492,0.44313934863854776,0.25413680208926986,https://www.oddsportal.com/american-football/usa/nfl-2008-2009/green-bay-packers-indianapolis-colts-lYM1u3ws/
2008-10-19,2009,0,oak,nyj,1,138,-189,0.0741473059812161,0.39116428900138056,0.0007196721827645977,https://www.oddsportal.com/american-football/usa/nfl-2008-2009/las-vegas-raiders-new-york-jets-SOL5vNhm/
2008-10-19,2009,0,wsh,cle,1,-345,250,0.0609951845906902,0.7307110438729199,0.7107478568646869,https://www.oddsportal.com/american-football/usa/nfl-2008-2009/washington-commanders-cleveland-browns-OfBWvs8g/
2008-10-19,2009,0,hou,det,1,-588,350,0.07687338501291974,0.7936412717456509,1.0,https://www.oddsportal.com/american-football/usa/nfl-2008-2009/houston-texans-detroit-lions-WhzzpqVP/
2008-10-19,2009,0,buf,lac,1,-125,-110,0.07936507936507953,0.5147058823529411,0.9381944556737528,https://www.oddsportal.com/american-football/usa/nfl-2008-2009/buffalo-bills-los-angeles-chargers-EJKoQq9s/
2008-10-19,2009,0,car,no,1,-175,125,0.08080808080808088,0.5887850467289719,0.7283033098078577,https://www.oddsportal.com/american-football/usa/nfl-2008-2009/carolina-panthers-new-orleans-saints-8tKkP3Om/
2008-10-19,2009,0,chi,min,1,-200,150,0.06666666666666665,0.625,0.49418315515460975,https://www.oddsportal.com/american-football/usa/nfl-2008-2009/chicago-bears-minnesota-vikings-8Qy7Nsg0/
2008-10-19,2009,0,cin,pit,0,333,-500,0.0642802155504234,0.21699819168173598,0.0,https://www.oddsportal.com/american-football/usa/nfl-2008-2009/cincinnati-bengals-pittsburgh-steelers-Q1n2ONwf/
2008-10-19,2009,0,kc,ten,0,275,-400,0.06666666666666665,0.25,0.0009375847562946069,https://www.oddsportal.com/american-football/usa/nfl-2008-2009/kansas-city-chiefs-tennessee-titans-nHzBM186/
2008-10-19,2009,0,lar,dal,1,240,-333,0.06317076484173345,0.27664196268847435,0.1556692366654302,https://www.oddsportal.com/american-football/usa/nfl-2008-2009/los-angeles-rams-dallas-cowboys-IkWVpPFJ/
2008-10-19,2009,0,mia,bal,0,-161,120,0.07140369209334718,0.5757477243172953,0.06445857183993173,https://www.oddsportal.com/american-football/usa/nfl-2008-2009/miami-dolphins-baltimore-ravens-YyVzNLNC/
2008-10-19,2009,0,nyg,sf,1,-500,333,0.0642802155504234,0.783001808318264,0.9999648648042891,https://www.oddsportal.com/american-football/usa/nfl-2008-2009/new-york-giants-san-francisco-49ers-CSTvMuwJ/
2008-10-13,2009,0,cle,nyg,1,275,-400,0.06666666666666665,0.25,4.1702315903912677e-05,https://www.oddsportal.com/american-football/usa/nfl-2008-2009/cleveland-browns-new-york-giants-xbqA4Mgl/
2008-10-12,2009,0,lac,ne,1,-250,175,0.07792207792207795,0.6626506024096386,0.6335720564673503,https://www.oddsportal.com/american-football/usa/nfl-2008-2009/los-angeles-chargers-new-england-patriots-OzsASws2/
2008-10-12,2009,0,ari,dal,1,163,-227,0.07441773932861251,0.35389227389313965,0.7017941649347921,https://www.oddsportal.com/american-football/usa/nfl-2008-2009/arizona-cardinals-dallas-cowboys-2iLPL4zA/
2008-10-12,2009,0,sf,phi,0,175,-250,0.07792207792207795,0.3373493975903614,0.005476925044487213,https://www.oddsportal.com/american-football/usa/nfl-2008-2009/san-francisco-49ers-philadelphia-eagles-bNAjMOkG/
2008-10-12,2009,0,sea,gb,0,-137,-100,0.07805907172995785,0.5362035225048923,0.06196750341506755,https://www.oddsportal.com/american-football/usa/nfl-2008-2009/seattle-seahawks-green-bay-packers-tWX2Lr5M/
2008-10-12,2009,0,den,jax,0,-200,150,0.06666666666666665,0.625,0.79828561678171,https://www.oddsportal.com/american-football/usa/nfl-2008-2009/denver-broncos-jacksonville-jaguars-O0MLMpL3/
2008-10-12,2009,0,atl,chi,1,120,-161,0.07140369209334718,0.42425227568270485,0.45449905117974293,https://www.oddsportal.com/american-football/usa/nfl-2008-2009/atlanta-falcons-chicago-bears-xIaA6o6A/
2008-10-12,2009,0,hou,mia,1,-161,120,0.07140369209334718,0.5757477243172953,0.0,https://www.oddsportal.com/american-football/usa/nfl-2008-2009/houston-texans-miami-dolphins-fwSM55LG/
2008-10-12,2009,0,ind,bal,1,-200,150,0.06666666666666665,0.625,0.02860482082448305,https://www.oddsportal.com/american-football/usa/nfl-2008-2009/indianapolis-colts-baltimore-ravens-x2HR4PzN/
2008-10-12,2009,0,min,det,1,-833,400,0.09281886387995719,0.8169870537465672,1.0,https://www.oddsportal.com/american-football/usa/nfl-2008-2009/minnesota-vikings-detroit-lions-GhGV3qjT/
2008-10-12,2009,0,no,oak,1,-345,240,0.06939854593522798,0.7249690976514216,0.6509463917391373,https://www.oddsportal.com/american-football/usa/nfl-2008-2009/new-orleans-saints-las-vegas-raiders-nu3J03bp/
2008-10-12,2009,0,nyj,cin,1,-278,200,0.06878306878306883,0.6881188118811881,1.0,https://www.oddsportal.com/american-football/usa/nfl-2008-2009/new-york-jets-cincinnati-bengals-QV1NaNDj/
2008-10-12,2009,0,tb,car,1,-137,-100,0.07805907172995785,0.5362035225048923,0.2934408476122454,https://www.oddsportal.com/american-football/usa/nfl-2008-2009/tampa-bay-buccaneers-carolina-panthers-Wh4EO6ji/
2008-10-12,2009,0,wsh,lar,0,-833,450,0.07463704569813889,0.8308096835615196,1.0,https://www.oddsportal.com/american-football/usa/nfl-2008-2009/washington-commanders-los-angeles-rams-UwNHNQ5c/
2008-10-06,2009,0,no,min,0,-189,138,0.0741473059812161,0.6088357109986194,0.9322572986673866,https://www.oddsportal.com/american-football/usa/nfl-2008-2009/new-orleans-saints-minnesota-vikings-C4THrLwg/
2008-10-05,2009,0,jax,pit,0,-278,200,0.06878306878306883,0.6881188118811881,0.9998709043301727,https://www.oddsportal.com/american-football/usa/nfl-2008-2009/jacksonville-jaguars-pittsburgh-steelers-lYlESLOa/
2008-10-05,2009,0,ari,buf,1,-149,110,0.07458405048766492,0.5568606513614522,0.01725681658242467,https://www.oddsportal.com/american-football/usa/nfl-2008-2009/arizona-cardinals-buffalo-bills-hvJOrieL/
2008-10-05,2009,0,dal,cin,1,-1000,500,0.07575757575757569,0.8450704225352113,1.0,https://www.oddsportal.com/american-football/usa/nfl-2008-2009/dallas-cowboys-cincinnati-bengals-n1ISsBAR/
2008-10-05,2009,0,sf,ne,0,138,-189,0.0741473059812161,0.39116428900138056,1.0,https://www.oddsportal.com/american-football/usa/nfl-2008-2009/san-francisco-49ers-new-england-patriots-hSS2wVIr/
2008-10-05,2009,0,den,tb,1,-227,163,0.07441773932861251,0.6461077261068603,0.2854442548918583,https://www.oddsportal.com/american-football/usa/nfl-2008-2009/denver-broncos-tampa-bay-buccaneers-vyFKqXuF/
2008-10-05,2009,0,bal,ten,0,110,-149,0.07458405048766492,0.44313934863854776,0.05001023634297839,https://www.oddsportal.com/american-football/usa/nfl-2008-2009/baltimore-ravens-tennessee-titans-EFC8TXQL/
2008-10-05,2009,0,car,kc,1,-500,333,0.0642802155504234,0.783001808318264,0.8771478257493066,https://www.oddsportal.com/american-football/usa/nfl-2008-2009/carolina-panthers-kansas-city-chiefs-dOZKSitS/
2008-10-05,2009,0,det,chi,0,138,-189,0.0741473059812161,0.39116428900138056,0.0,https://www.oddsportal.com/american-football/usa/nfl-2008-2009/detroit-lions-chicago-bears-E3MnOBlq/
2008-10-05,2009,0,gb,atl,0,-200,150,0.06666666666666665,0.625,0.6659353909164303,https://www.oddsportal.com/american-football/usa/nfl-2008-2009/green-bay-packers-atlanta-falcons-QwQjNV3k/
2008-10-05,2009,0,hou,ind,0,138,-189,0.0741473059812161,0.39116428900138056,0.0,https://www.oddsportal.com/american-football/usa/nfl-2008-2009/houston-texans-indianapolis-colts-82FeMkJe/
2008-10-05,2009,0,mia,lac,1,200,-278,0.06878306878306883,0.3118811881188118,0.2834262258196812,https://www.oddsportal.com/american-football/usa/nfl-2008-2009/miami-dolphins-los-angeles-chargers-ngEaL9Y1/
2008-10-05,2009,0,nyg,sea,1,-303,225,0.05955334987593064,0.7096018735362997,0.9999455247677476,https://www.oddsportal.com/american-football/usa/nfl-2008-2009/new-york-giants-seattle-seahawks-ILQBogB2/
2008-10-05,2009,0,phi,wsh,0,-303,225,0.05955334987593064,0.7096018735362997,0.0002942993831612789,https://www.oddsportal.com/american-football/usa/nfl-2008-2009/philadelphia-eagles-washington-commanders-dCPFpDQ8/
2008-09-29,2009,0,pit,bal,0,-278,200,0.06878306878306883,0.6881188118811881,0.00012321672198074493,https://www.oddsportal.com/american-football/usa/nfl-2008-2009/pittsburgh-steelers-baltimore-ravens-nBRWM4h6/
2008-09-28,2009,0,chi,phi,1,138,-189,0.0741473059812161,0.39116428900138056,0.0015529978311841191,https://www.oddsportal.com/american-football/usa/nfl-2008-2009/chicago-bears-philadelphia-eagles-hlSSNpw0/
2008-09-28,2009,0,dal,wsh,0,-500,333,0.0642802155504234,0.783001808318264,0.509151803948729,https://www.oddsportal.com/american-football/usa/nfl-2008-2009/dallas-cowboys-washington-commanders-04KSNyoL/
2008-09-28,2009,0,oak,lac,0,275,-400,0.06666666666666665,0.25,1.0,https://www.oddsportal.com/american-football/usa/nfl-2008-2009/las-vegas-raiders-los-angeles-chargers-hvHKPcG8/
2008-09-28,2009,0,lar,buf,0,275,-400,0.06666666666666665,0.25,0.0,https://www.oddsportal.com/american-football/usa/nfl-2008-2009/los-angeles-rams-buffalo-bills-n1GOOHVE/
2008-09-28,2009,0,car,atl,1,-303,225,0.05955334987593064,0.7096018735362997,0.5812627309659747,https://www.oddsportal.com/american-football/usa/nfl-2008-2009/carolina-panthers-atlanta-falcons-n108xxE4/
2008-09-28,2009,0,cin,cle,0,-189,138,0.0741473059812161,0.6088357109986194,,https://www.oddsportal.com/american-football/usa/nfl-2008-2009/cincinnati-bengals-cleveland-browns-fVaYxdTA/
2008-09-28,2009,0,jax,hou,1,-333,250,0.054767403497195666,0.7291210509852988,1.0,https://www.oddsportal.com/american-football/usa/nfl-2008-2009/jacksonville-jaguars-houston-texans-xvNpxGrH/
2008-09-28,2009,0,kc,den,1,333,-500,0.0642802155504234,0.21699819168173598,0.0,https://www.oddsportal.com/american-football/usa/nfl-2008-2009/kansas-city-chiefs-denver-broncos-IyyFKmDq/
2008-09-28,2009,0,no,sf,1,-227,163,0.07441773932861251,0.6461077261068603,0.9980028406161154,https://www.oddsportal.com/american-football/usa/nfl-2008-2009/new-orleans-saints-san-francisco-49ers-WvuJJ7Sk/
2008-09-28,2009,0,nyj,ari,1,-125,-110,0.07936507936507953,0.5147058823529411,0.9749598850644638,https://www.oddsportal.com/american-football/usa/nfl-2008-2009/new-york-jets-arizona-cardinals-Q1vNIRsd/
2008-09-28,2009,0,tb,gb,1,-137,-100,0.07805907172995785,0.5362035225048923,0.24792751476613578,https://www.oddsportal.com/american-football/usa/nfl-2008-2009/tampa-bay-buccaneers-green-bay-packers-4hwRHoc2/
2008-09-28,2009,0,ten,min,1,-200,150,0.06666666666666665,0.625,0.9997079129790146,https://www.oddsportal.com/american-football/usa/nfl-2008-2009/tennessee-titans-minnesota-vikings-EmIGQw12/
2008-09-21,2009,0,gb,dal,0,125,-175,0.08080808080808088,0.41121495327102797,0.5,https://www.oddsportal.com/american-football/usa/nfl-2008-2009/green-bay-packers-dallas-cowboys-8SxszNrD/
2008-09-21,2009,0,bal,cle,1,-149,110,0.07458405048766492,0.5568606513614522,1.0,https://www.oddsportal.com/american-football/usa/nfl-2008-2009/baltimore-ravens-cleveland-browns-jkIaCxJC/
2008-09-21,2009,0,ind,jax,0,-227,163,0.07441773932861251,0.6461077261068603,1.0,https://www.oddsportal.com/american-football/usa/nfl-2008-2009/indianapolis-colts-jacksonville-jaguars-2PL3BdYI/
2008-09-21,2009,0,phi,pit,1,-200,150,0.06666666666666665,0.625,0.5,https://www.oddsportal.com/american-football/usa/nfl-2008-2009/philadelphia-eagles-pittsburgh-steelers-8nOfztBJ/
2008-09-21,2009,0,den,no,1,-250,175,0.07792207792207795,0.6626506024096386,0.9390242248518867,https://www.oddsportal.com/american-football/usa/nfl-2008-2009/denver-broncos-new-orleans-saints-M5UQDvZg/
2008-09-21,2009,0,sf,det,1,-250,175,0.07792207792207795,0.6626506024096386,,https://www.oddsportal.com/american-football/usa/nfl-2008-2009/san-francisco-49ers-detroit-lions-IyKiEbl0/
2008-09-21,2009,0,sea,lar,1,-455,300,0.06981981981981988,0.7663157894736842,,https://www.oddsportal.com/american-football/usa/nfl-2008-2009/seattle-seahawks-los-angeles-rams-dSIeDI36/
2008-09-21,2009,0,atl,kc,1,-303,225,0.05955334987593064,0.7096018735362997,1.0,https://www.oddsportal.com/american-football/usa/nfl-2008-2009/atlanta-falcons-kansas-city-chiefs-OfheouK0/
2008-09-21,2009,0,buf,oak,1,-588,350,0.07687338501291974,0.7936412717456509,0.9466573009485418,https://www.oddsportal.com/american-football/usa/nfl-2008-2009/buffalo-bills-las-vegas-raiders-6Js0paZ6/
2008-09-21,2009,0,chi,tb,0,-189,138,0.0741473059812161,0.6088357109986194,0.9277641024735391,https://www.oddsportal.com/american-football/usa/nfl-2008-2009/chicago-bears-tampa-bay-buccaneers-pAt4qJlD/
2008-09-21,2009,0,min,car,1,-189,138,0.0741473059812161,0.6088357109986194,0.0,https://www.oddsportal.com/american-football/usa/nfl-2008-2009/minnesota-vikings-carolina-panthers-KjH282RD/
2008-09-21,2009,0,ne,mia,0,-833,450,0.07463704569813889,0.8308096835615196,,https://www.oddsportal.com/american-football/usa/nfl-2008-2009/new-england-patriots-miami-dolphins-bsG67MtK/
2008-09-21,2009,0,nyg,cin,1,-833,450,0.07463704569813889,0.8308096835615196,1.0,https://www.oddsportal.com/american-football/usa/nfl-2008-2009/new-york-giants-cincinnati-bengals-t65B6tdQ/
2008-09-21,2009,0,ten,hou,1,-250,175,0.07792207792207795,0.6626506024096386,1.0,https://www.oddsportal.com/american-football/usa/nfl-2008-2009/tennessee-titans-houston-texans-IRdw204s/
2008-09-21,2009,0,wsh,ari,1,-189,138,0.0741473059812161,0.6088357109986194,0.9582489720929959,https://www.oddsportal.com/american-football/usa/nfl-2008-2009/washington-commanders-arizona-cardinals-vc7EEKJm/
2008-09-14,2009,0,min,ind,0,-100,-137,0.07805907172995785,0.4637964774951076,,https://www.oddsportal.com/american-football/usa/nfl-2008-2009/minnesota-vikings-indianapolis-colts-h6noDOQo/
2008-09-14,2009,0,wsh,no,1,-120,-120,0.09090909090909083,0.5,0.0,https://www.oddsportal.com/american-football/usa/nfl-2008-2009/washington-commanders-new-orleans-saints-A1qmssBH/
2008-09-14,2009,0,car,chi,1,-189,138,0.0741473059812161,0.6088357109986194,0.5,https://www.oddsportal.com/american-football/usa/nfl-2008-2009/carolina-panthers-chicago-bears-WdokCrth/
2008-09-14,2009,0,kc,oak,0,-200,150,0.06666666666666665,0.625,,https://www.oddsportal.com/american-football/usa/nfl-2008-2009/kansas-city-chiefs-las-vegas-raiders-KzZMzulo/
2008-09-14,2009,0,tb,atl,1,-333,240,0.06317076484173345,0.7233580373115257,0.0,https://www.oddsportal.com/american-football/usa/nfl-2008-2009/tampa-bay-buccaneers-atlanta-falcons-vRpFC2eb/
2008-09-08,2009,0,oak,den,0,120,-161,0.07140369209334718,0.42425227568270485,,https://www.oddsportal.com/american-football/usa/nfl-2008-2009/las-vegas-raiders-denver-broncos-nNOCdMYQ/
2008-09-08,2009,0,gb,min,1,-137,-100,0.07805907172995785,0.5362035225048923,,https://www.oddsportal.com/american-football/usa/nfl-2008-2009/green-bay-packers-minnesota-vikings-YqKVO7bo/
2008-09-07,2009,0,ind,chi,0,-588,350,0.07687338501291974,0.7936412717456509,,https://www.oddsportal.com/american-football/usa/nfl-2008-2009/indianapolis-colts-chicago-bears-boK92Ffo/
2008-09-07,2009,0,cle,dal,0,225,-303,0.05955334987593064,0.2903981264637002,,https://www.oddsportal.com/american-football/usa/nfl-2008-2009/cleveland-browns-dallas-cowboys-WQvE7HHH/
2008-09-07,2009,0,lac,car,0,-500,333,0.0642802155504234,0.783001808318264,,https://www.oddsportal.com/american-football/usa/nfl-2008-2009/los-angeles-chargers-carolina-panthers-AHwI6yXN/
2008-09-07,2009,0,sf,ari,0,110,-149,0.07458405048766492,0.44313934863854776,,https://www.oddsportal.com/american-football/usa/nfl-2008-2009/san-francisco-49ers-arizona-cardinals-dxYs7enU/
2008-09-07,2009,0,atl,det,1,138,-189,0.0741473059812161,0.39116428900138056,,https://www.oddsportal.com/american-football/usa/nfl-2008-2009/atlanta-falcons-detroit-lions-0ftPipR6/
2008-09-07,2009,0,bal,cin,1,-100,-137,0.07805907172995785,0.4637964774951076,,https://www.oddsportal.com/american-football/usa/nfl-2008-2009/baltimore-ravens-cincinnati-bengals-rJVTj4tD/
2008-09-07,2009,0,buf,sea,1,-137,-100,0.07805907172995785,0.5362035225048923,,https://www.oddsportal.com/american-football/usa/nfl-2008-2009/buffalo-bills-seattle-seahawks-t4lXkOeJ/
2008-09-07,2009,0,mia,nyj,0,120,-161,0.07140369209334718,0.42425227568270485,,https://www.oddsportal.com/american-football/usa/nfl-2008-2009/miami-dolphins-new-york-jets-dbPnbLmt/
2008-09-07,2009,0,no,tb,1,-189,138,0.0741473059812161,0.6088357109986194,,https://www.oddsportal.com/american-football/usa/nfl-2008-2009/new-orleans-saints-tampa-bay-buccaneers-xKNhAJXb/
2008-09-07,2009,0,phi,lar,1,-400,275,0.06666666666666665,0.75,,https://www.oddsportal.com/american-football/usa/nfl-2008-2009/philadelphia-eagles-los-angeles-rams-WKDHcaIh/
2008-09-07,2009,0,pit,hou,1,-303,225,0.05955334987593064,0.7096018735362997,,https://www.oddsportal.com/american-football/usa/nfl-2008-2009/pittsburgh-steelers-houston-texans-WtNd9wm5/
2008-09-07,2009,0,ten,jax,1,120,-161,0.07140369209334718,0.42425227568270485,,https://www.oddsportal.com/american-football/usa/nfl-2008-2009/tennessee-titans-jacksonville-jaguars-l2k98c2B/
2008-09-04,2009,0,wsh,nyg,0,163,-227,0.07441773932861251,0.35389227389313965,,https://www.oddsportal.com/american-football/usa/nfl-2008-2009/washington-commanders-new-york-giants-M3sLhQB0/
