season,n,favorite_roi,underdog_roi
2019,5,-4.798314960199142,4.0000000000000036
