season,favorite_roi,underdog_roi
2016,0.19011406844106463,-1.0
2019,-0.04798314960199142,0.040000000000000036
