season,n,favorite_roi,underdog_roi
2021,1,5.9988002399520095,-100.0
2025,1,5.9988002399520095,-100.0
