season,favorite_roi,underdog_roi
2014,0.059988002399520096,-1.0
2021,0.059988002399520096,-1.0
2025,0.059988002399520096,-1.0
