date,season_type,neutral,team_1,team_2,points_1,points_2,moneyline_1,moneyline_2,game_url
09 Feb 2025,Play Offs,1,Philadelphia Eagles,Kansas City Chiefs,40,22,,,https://www.oddsportal.com/american-football/usa/nfl-2024-2025/philadelphia-eagles-kansas-city-chiefs-OW4xTpKq/
26 Jan 2025,Play Offs,0,Kansas City Chiefs,Buffalo Bills,32,29,,,https://www.oddsportal.com/american-football/usa/nfl-2024-2025/kansas-city-chiefs-buffalo-bills-0t2O3Vh5/
26 Jan 2025,Play Offs,0,Philadelphia Eagles,Washington Commanders,55,23,,,https://www.oddsportal.com/american-football/usa/nfl-2024-2025/philadelphia-eagles-washington-commanders-Cf4KoxGM/
19 Jan 2025,Play Offs,0,Buffalo Bills,Baltimore Ravens,27,25,,,https://www.oddsportal.com/american-football/usa/nfl-2024-2025/buffalo-bills-baltimore-ravens-EaSuZcTO/
19 Jan 2025,Play Offs,0,Philadelphia Eagles,Los Angeles Rams,28,22,,,https://www.oddsportal.com/american-football/usa/nfl-2024-2025/philadelphia-eagles-los-angeles-rams-zuIRG263/
18 Jan 2025,Play Offs,0,Detroit Lions,Washington Commanders,31,45,,,https://www.oddsportal.com/american-football/usa/nfl-2024-2025/detroit-lions-washington-commanders-ptU3f5e2/
18 Jan 2025,Play Offs,0,Kansas City Chiefs,Houston Texans,23,14,,,https://www.oddsportal.com/american-football/usa/nfl-2024-2025/kansas-city-chiefs-houston-texans-rF2kg1Et/
13 Jan 2025,Play Offs,1,Los Angeles Rams,Minnesota Vikings,27,9,,,https://www.oddsportal.com/american-football/usa/nfl-2024-2025/los-angeles-rams-minnesota-vikings-jVGFGRYr/
12 Jan 2025,Play Offs,0,Tampa Bay Buccaneers,Washington Commanders,20,23,,,https://www.oddsportal.com/american-football/usa/nfl-2024-2025/tampa-bay-buccaneers-washington-commanders-bHXC0Fro/
12 Jan 2025,Play Offs,0,Philadelphia Eagles,Green Bay Packers,22,10,,,https://www.oddsportal.com/american-football/usa/nfl-2024-2025/philadelphia-eagles-green-bay-packers-UuxtsUoe/
12 Jan 2025,Play Offs,0,Buffalo Bills,Denver Broncos,31,7,,,https://www.oddsportal.com/american-football/usa/nfl-2024-2025/buffalo-bills-denver-broncos-AiaP9JLb/
11 Jan 2025,Play Offs,0,Baltimore Ravens,Pittsburgh Steelers,28,14,,,https://www.oddsportal.com/american-football/usa/nfl-2024-2025/baltimore-ravens-pittsburgh-steelers-6JhY7cjB/
11 Jan 2025,Play Offs,0,Houston Texans,Los Angeles Chargers,32,12,,,https://www.oddsportal.com/american-football/usa/nfl-2024-2025/houston-texans-los-angeles-chargers-vXjt6yLN/
05 Jan 2025,Regular,0,Detroit Lions,Minnesota Vikings,31,9,-157,130,https://www.oddsportal.com/american-football/usa/nfl-2024-2025/detroit-lions-minnesota-vikings-zFfW3JlI/
05 Jan 2025,Regular,0,Arizona Cardinals,San Francisco 49ers,47,24,-225,179,https://www.oddsportal.com/american-football/usa/nfl-2024-2025/arizona-cardinals-san-francisco-49ers-lr4dit5C/
05 Jan 2025,Regular,0,Denver Broncos,Kansas City Chiefs,38,0,-641,445,https://www.oddsportal.com/american-football/usa/nfl-2024-2025/denver-broncos-kansas-city-chiefs-SliO5uK5/
05 Jan 2025,Regular,0,Las Vegas Raiders,Los Angeles Chargers,20,34,252,-333,https://www.oddsportal.com/american-football/usa/nfl-2024-2025/las-vegas-raiders-los-angeles-chargers-0GU4II3B/
05 Jan 2025,Regular,0,Los Angeles Rams,Seattle Seahawks,25,30,261,-347,https://www.oddsportal.com/american-football/usa/nfl-2024-2025/los-angeles-rams-seattle-seahawks-S2WdKvZb/
05 Jan 2025,Regular,0,New York Jets,Miami Dolphins,32,20,-129,106,https://www.oddsportal.com/american-football/usa/nfl-2024-2025/new-york-jets-miami-dolphins-SQEqBzdo/
05 Jan 2025,Regular,0,Atlanta Falcons,Carolina Panthers,38,44,-410,307,https://www.oddsportal.com/american-football/usa/nfl-2024-2025/atlanta-falcons-carolina-panthers-d874kKZO/
05 Jan 2025,Regular,0,Dallas Cowboys,Washington Commanders,19,23,257,-333,https://www.oddsportal.com/american-football/usa/nfl-2024-2025/dallas-cowboys-washington-commanders-8nyN71kg/
05 Jan 2025,Regular,0,Green Bay Packers,Chicago Bears,22,24,-496,354,https://www.oddsportal.com/american-football/usa/nfl-2024-2025/green-bay-packers-chicago-bears-dUru2cJU/
05 Jan 2025,Regular,0,Indianapolis Colts,Jacksonville Jaguars,26,23,-194,153,https://www.oddsportal.com/american-football/usa/nfl-2024-2025/indianapolis-colts-jacksonville-jaguars-ngOlM04n/
05 Jan 2025,Regular,0,New England Patriots,Buffalo Bills,23,16,145,-179,https://www.oddsportal.com/american-football/usa/nfl-2024-2025/new-england-patriots-buffalo-bills-drODGdYN/
05 Jan 2025,Regular,0,Philadelphia Eagles,New York Giants,20,13,-159,130,https://www.oddsportal.com/american-football/usa/nfl-2024-2025/philadelphia-eagles-new-york-giants-4hktBIBi/
05 Jan 2025,Regular,0,Tampa Bay Buccaneers,New Orleans Saints,27,19,-1353,742,https://www.oddsportal.com/american-football/usa/nfl-2024-2025/tampa-bay-buccaneers-new-orleans-saints-nysc7zBG/
05 Jan 2025,Regular,0,Tennessee Titans,Houston Texans,14,23,-149,122,https://www.oddsportal.com/american-football/usa/nfl-2024-2025/tennessee-titans-houston-texans-Klu55EuT/
04 Jan 2025,Regular,0,Pittsburgh Steelers,Cincinnati Bengals,17,19,114,-138,https://www.oddsportal.com/american-football/usa/nfl-2024-2025/pittsburgh-steelers-cincinnati-bengals-j9ml9dt4/
04 Jan 2025,Regular,0,Baltimore Ravens,Cleveland Browns,35,10,-3130,1139,https://www.oddsportal.com/american-football/usa/nfl-2024-2025/baltimore-ravens-cleveland-browns-zZxF9NKt/
30 Dec 2024,Regular,0,San Francisco 49ers,Detroit Lions,34,40,177,-223,https://www.oddsportal.com/american-football/usa/nfl-2024-2025/san-francisco-49ers-detroit-lions-6s15gBUr/
29 Dec 2024,Regular,0,Washington Commanders,Atlanta Falcons,30,24,-198,157,https://www.oddsportal.com/american-football/usa/nfl-2024-2025/washington-commanders-atlanta-falcons-SSFmg2z0/
29 Dec 2024,Regular,0,Minnesota Vikings,Green Bay Packers,27,25,-112,-108,https://www.oddsportal.com/american-football/usa/nfl-2024-2025/minnesota-vikings-green-bay-packers-86aapYiS/
29 Dec 2024,Regular,0,Cleveland Browns,Miami Dolphins,3,20,157,-194,https://www.oddsportal.com/american-football/usa/nfl-2024-2025/cleveland-browns-miami-dolphins-M9PYbX6L/
29 Dec 2024,Regular,0,Buffalo Bills,New York Jets,40,14,-536,372,https://www.oddsportal.com/american-football/usa/nfl-2024-2025/buffalo-bills-new-york-jets-vR7rlGh3/
29 Dec 2024,Regular,0,Jacksonville Jaguars,Tennessee Titans,20,13,-108,-111,https://www.oddsportal.com/american-football/usa/nfl-2024-2025/jacksonville-jaguars-tennessee-titans-0tdinfNF/
29 Dec 2024,Regular,0,New Orleans Saints,Las Vegas Raiders,10,25,102,-123,https://www.oddsportal.com/american-football/usa/nfl-2024-2025/new-orleans-saints-las-vegas-raiders-QNuWvCFk/
29 Dec 2024,Regular,0,New York Giants,Indianapolis Colts,45,33,298,-392,https://www.oddsportal.com/american-football/usa/nfl-2024-2025/new-york-giants-indianapolis-colts-MVCueO5m/
29 Dec 2024,Regular,0,Philadelphia Eagles,Dallas Cowboys,41,7,-380,287,https://www.oddsportal.com/american-football/usa/nfl-2024-2025/philadelphia-eagles-dallas-cowboys-EqMQ0gx9/
29 Dec 2024,Regular,0,Tampa Bay Buccaneers,Carolina Panthers,48,14,-529,377,https://www.oddsportal.com/american-football/usa/nfl-2024-2025/tampa-bay-buccaneers-carolina-panthers-byvvwjp2/
28 Dec 2024,Regular,0,Los Angeles Rams,Arizona Cardinals,13,9,-321,247,https://www.oddsportal.com/american-football/usa/nfl-2024-2025/los-angeles-rams-arizona-cardinals-zy8LkTT7/
28 Dec 2024,Regular,0,Cincinnati Bengals,Denver Broncos,30,24,-180,145,https://www.oddsportal.com/american-football/usa/nfl-2024-2025/cincinnati-bengals-denver-broncos-v9ECikae/
28 Dec 2024,Regular,0,New England Patriots,Los Angeles Chargers,7,40,224,-284,https://www.oddsportal.com/american-football/usa/nfl-2024-2025/new-england-patriots-los-angeles-chargers-SUf7DWLE/
26 Dec 2024,Regular,0,Chicago Bears,Seattle Seahawks,3,6,187,-229,https://www.oddsportal.com/american-football/usa/nfl-2024-2025/chicago-bears-seattle-seahawks-CKFdQC0d/
25 Dec 2024,Regular,0,Houston Texans,Baltimore Ravens,2,31,248,-319,https://www.oddsportal.com/american-football/usa/nfl-2024-2025/houston-texans-baltimore-ravens-hIaeSYVq/
25 Dec 2024,Regular,0,Pittsburgh Steelers,Kansas City Chiefs,10,29,108,-131,https://www.oddsportal.com/american-football/usa/nfl-2024-2025/pittsburgh-steelers-kansas-city-chiefs-dnEPXf8M/
23 Dec 2024,Regular,0,Green Bay Packers,New Orleans Saints,34,0,-1112,686,https://www.oddsportal.com/american-football/usa/nfl-2024-2025/green-bay-packers-new-orleans-saints-0KKGZGwA/
22 Dec 2024,Regular,0,Dallas Cowboys,Tampa Bay Buccaneers,26,24,185,-226,https://www.oddsportal.com/american-football/usa/nfl-2024-2025/dallas-cowboys-tampa-bay-buccaneers-hfH8yw9c/
22 Dec 2024,Regular,0,Buffalo Bills,New England Patriots,24,21,-1133,696,https://www.oddsportal.com/american-football/usa/nfl-2024-2025/buffalo-bills-new-england-patriots-6H5KS8QP/
22 Dec 2024,Regular,0,Las Vegas Raiders,Jacksonville Jaguars,19,14,-134,113,https://www.oddsportal.com/american-football/usa/nfl-2024-2025/las-vegas-raiders-jacksonville-jaguars-dYYjJegT/
22 Dec 2024,Regular,0,Miami Dolphins,San Francisco 49ers,29,17,106,-126,https://www.oddsportal.com/american-football/usa/nfl-2024-2025/miami-dolphins-san-francisco-49ers-CbvMDZGj/
22 Dec 2024,Regular,0,Seattle Seahawks,Minnesota Vikings,24,27,115,-138,https://www.oddsportal.com/american-football/usa/nfl-2024-2025/seattle-seahawks-minnesota-vikings-06urLHOG/
22 Dec 2024,Regular,0,Atlanta Falcons,New York Giants,34,7,-492,357,https://www.oddsportal.com/american-football/usa/nfl-2024-2025/atlanta-falcons-new-york-giants-hxOX45YI/
22 Dec 2024,Regular,0,Carolina Panthers,Arizona Cardinals,36,30,206,-253,https://www.oddsportal.com/american-football/usa/nfl-2024-2025/carolina-panthers-arizona-cardinals-2mijNnlm/
22 Dec 2024,Regular,0,Chicago Bears,Detroit Lions,17,34,254,-321,https://www.oddsportal.com/american-football/usa/nfl-2024-2025/chicago-bears-detroit-lions-bFpaLQIa/
22 Dec 2024,Regular,0,Cincinnati Bengals,Cleveland Browns,24,6,-531,393,https://www.oddsportal.com/american-football/usa/nfl-2024-2025/cincinnati-bengals-cleveland-browns-GWS8A94s/
22 Dec 2024,Regular,0,Indianapolis Colts,Tennessee Titans,38,30,-203,168,https://www.oddsportal.com/american-football/usa/nfl-2024-2025/indianapolis-colts-tennessee-titans-6ul7J4mC/
22 Dec 2024,Regular,0,New York Jets,Los Angeles Rams,9,19,135,-161,https://www.oddsportal.com/american-football/usa/nfl-2024-2025/new-york-jets-los-angeles-rams-QT0u1dXp/
22 Dec 2024,Regular,0,Washington Commanders,Philadelphia Eagles,36,33,179,-220,https://www.oddsportal.com/american-football/usa/nfl-2024-2025/washington-commanders-philadelphia-eagles-WQmROaPi/
21 Dec 2024,Regular,0,Baltimore Ravens,Pittsburgh Steelers,34,17,-357,280,https://www.oddsportal.com/american-football/usa/nfl-2024-2025/baltimore-ravens-pittsburgh-steelers-pCKP6R36/
21 Dec 2024,Regular,0,Kansas City Chiefs,Houston Texans,27,19,-182,151,https://www.oddsportal.com/american-football/usa/nfl-2024-2025/kansas-city-chiefs-houston-texans-OdWG8mZg/
19 Dec 2024,Regular,0,Los Angeles Chargers,Denver Broncos,34,27,-154,130,https://www.oddsportal.com/american-football/usa/nfl-2024-2025/los-angeles-chargers-denver-broncos-ShszNwf4/
16 Dec 2024,Regular,0,Las Vegas Raiders,Atlanta Falcons,9,15,239,-297,https://www.oddsportal.com/american-football/usa/nfl-2024-2025/las-vegas-raiders-atlanta-falcons-n1ApGVtK/
16 Dec 2024,Regular,0,Minnesota Vikings,Chicago Bears,30,12,-345,268,https://www.oddsportal.com/american-football/usa/nfl-2024-2025/minnesota-vikings-chicago-bears-f7NbhSlD/
15 Dec 2024,Regular,0,Seattle Seahawks,Green Bay Packers,13,30,134,-160,https://www.oddsportal.com/american-football/usa/nfl-2024-2025/seattle-seahawks-green-bay-packers-buUkflK0/
15 Dec 2024,Regular,0,Arizona Cardinals,New England Patriots,30,17,-282,223,https://www.oddsportal.com/american-football/usa/nfl-2024-2025/arizona-cardinals-new-england-patriots-AeJAc29e/
15 Dec 2024,Regular,0,Denver Broncos,Indianapolis Colts,31,13,-220,182,https://www.oddsportal.com/american-football/usa/nfl-2024-2025/denver-broncos-indianapolis-colts-r9HIetv8/
15 Dec 2024,Regular,0,Detroit Lions,Buffalo Bills,42,48,-139,117,https://www.oddsportal.com/american-football/usa/nfl-2024-2025/detroit-lions-buffalo-bills-0pn33hcE/
15 Dec 2024,Regular,0,Los Angeles Chargers,Tampa Bay Buccaneers,17,40,-162,136,https://www.oddsportal.com/american-football/usa/nfl-2024-2025/los-angeles-chargers-tampa-bay-buccaneers-6skB1WRQ/
15 Dec 2024,Regular,0,Philadelphia Eagles,Pittsburgh Steelers,27,13,-259,207,https://www.oddsportal.com/american-football/usa/nfl-2024-2025/philadelphia-eagles-pittsburgh-steelers-jFQsdAkl/
15 Dec 2024,Regular,0,Carolina Panthers,Dallas Cowboys,14,30,-143,120,https://www.oddsportal.com/american-football/usa/nfl-2024-2025/carolina-panthers-dallas-cowboys-8AZn5gB4/
15 Dec 2024,Regular,0,Cleveland Browns,Kansas City Chiefs,7,21,190,-236,https://www.oddsportal.com/american-football/usa/nfl-2024-2025/cleveland-browns-kansas-city-chiefs-lKse3XuH/
15 Dec 2024,Regular,0,Houston Texans,Miami Dolphins,20,12,-152,127,https://www.oddsportal.com/american-football/usa/nfl-2024-2025/houston-texans-miami-dolphins-K64SpPPk/
15 Dec 2024,Regular,0,Jacksonville Jaguars,New York Jets,25,32,144,-172,https://www.oddsportal.com/american-football/usa/nfl-2024-2025/jacksonville-jaguars-new-york-jets-GYcyq3f2/
15 Dec 2024,Regular,0,New Orleans Saints,Washington Commanders,19,20,296,-382,https://www.oddsportal.com/american-football/usa/nfl-2024-2025/new-orleans-saints-washington-commanders-rujN66n9/
15 Dec 2024,Regular,0,New York Giants,Baltimore Ravens,14,35,879,-1668,https://www.oddsportal.com/american-football/usa/nfl-2024-2025/new-york-giants-baltimore-ravens-4fvW4pHL/
15 Dec 2024,Regular,0,Tennessee Titans,Cincinnati Bengals,27,37,213,-270,https://www.oddsportal.com/american-football/usa/nfl-2024-2025/tennessee-titans-cincinnati-bengals-ETP1aOvq/
12 Dec 2024,Regular,0,San Francisco 49ers,Los Angeles Rams,6,12,-156,131,https://www.oddsportal.com/american-football/usa/nfl-2024-2025/san-francisco-49ers-los-angeles-rams-0pWv7Fth/
09 Dec 2024,Regular,0,Dallas Cowboys,Cincinnati Bengals,20,27,190,-235,https://www.oddsportal.com/american-football/usa/nfl-2024-2025/dallas-cowboys-cincinnati-bengals-KlghqClo/
08 Dec 2024,Regular,0,Kansas City Chiefs,Los Angeles Chargers,19,17,-238,192,https://www.oddsportal.com/american-football/usa/nfl-2024-2025/kansas-city-chiefs-los-angeles-chargers-l62MlYQN/
08 Dec 2024,Regular,0,Los Angeles Rams,Buffalo Bills,44,42,154,-188,https://www.oddsportal.com/american-football/usa/nfl-2024-2025/los-angeles-rams-buffalo-bills-djlDhGRb/
08 Dec 2024,Regular,0,San Francisco 49ers,Chicago Bears,38,13,-168,140,https://www.oddsportal.com/american-football/usa/nfl-2024-2025/san-francisco-49ers-chicago-bears-U3nLjfdB/
08 Dec 2024,Regular,0,Arizona Cardinals,Seattle Seahawks,18,30,-174,145,https://www.oddsportal.com/american-football/usa/nfl-2024-2025/arizona-cardinals-seattle-seahawks-0Of4fxcn/
08 Dec 2024,Regular,0,Miami Dolphins,New York Jets,32,26,-297,234,https://www.oddsportal.com/american-football/usa/nfl-2024-2025/miami-dolphins-new-york-jets-2Fm5PHcC/
08 Dec 2024,Regular,0,Minnesota Vikings,Atlanta Falcons,42,21,-275,218,https://www.oddsportal.com/american-football/usa/nfl-2024-2025/minnesota-vikings-atlanta-falcons-zs1CNeSO/
08 Dec 2024,Regular,0,New York Giants,New Orleans Saints,11,14,199,-248,https://www.oddsportal.com/american-football/usa/nfl-2024-2025/new-york-giants-new-orleans-saints-E7WMsaDt/
08 Dec 2024,Regular,0,Philadelphia Eagles,Carolina Panthers,22,16,-953,640,https://www.oddsportal.com/american-football/usa/nfl-2024-2025/philadelphia-eagles-carolina-panthers-nLUUuwrg/
08 Dec 2024,Regular,0,Pittsburgh Steelers,Cleveland Browns,27,14,-285,230,https://www.oddsportal.com/american-football/usa/nfl-2024-2025/pittsburgh-steelers-cleveland-browns-rmOwvHC5/
08 Dec 2024,Regular,0,Tampa Bay Buccaneers,Las Vegas Raiders,28,13,-317,249,https://www.oddsportal.com/american-football/usa/nfl-2024-2025/tampa-bay-buccaneers-las-vegas-raiders-lpRoxesI/
08 Dec 2024,Regular,0,Tennessee Titans,Jacksonville Jaguars,6,10,-167,140,https://www.oddsportal.com/american-football/usa/nfl-2024-2025/tennessee-titans-jacksonville-jaguars-AaFfzZBU/
05 Dec 2024,Regular,0,Detroit Lions,Green Bay Packers,34,31,-176,145,https://www.oddsportal.com/american-football/usa/nfl-2024-2025/detroit-lions-green-bay-packers-t0adRwTa/
02 Dec 2024,Regular,0,Denver Broncos,Cleveland Browns,41,32,-290,234,https://www.oddsportal.com/american-football/usa/nfl-2024-2025/denver-broncos-cleveland-browns-KWVEE0qf/
01 Dec 2024,Regular,0,Buffalo Bills,San Francisco 49ers,35,10,-319,253,https://www.oddsportal.com/american-football/usa/nfl-2024-2025/buffalo-bills-san-francisco-49ers-bHs6GMEs/
01 Dec 2024,Regular,0,Baltimore Ravens,Philadelphia Eagles,19,24,-164,135,https://www.oddsportal.com/american-football/usa/nfl-2024-2025/baltimore-ravens-philadelphia-eagles-hIFYYUU8/
01 Dec 2024,Regular,0,Carolina Panthers,Tampa Bay Buccaneers,23,26,241,-311,https://www.oddsportal.com/american-football/usa/nfl-2024-2025/carolina-panthers-tampa-bay-buccaneers-tMCoDm8k/
01 Dec 2024,Regular,0,New Orleans Saints,Los Angeles Rams,14,21,126,-151,https://www.oddsportal.com/american-football/usa/nfl-2024-2025/new-orleans-saints-los-angeles-rams-EZAgBRx2/
01 Dec 2024,Regular,0,Atlanta Falcons,Los Angeles Chargers,13,17,-108,-110,https://www.oddsportal.com/american-football/usa/nfl-2024-2025/atlanta-falcons-los-angeles-chargers-hraP7hW9/
01 Dec 2024,Regular,0,Cincinnati Bengals,Pittsburgh Steelers,38,44,-164,137,https://www.oddsportal.com/american-football/usa/nfl-2024-2025/cincinnati-bengals-pittsburgh-steelers-lAhY5W0M/
01 Dec 2024,Regular,0,Jacksonville Jaguars,Houston Texans,20,23,151,-182,https://www.oddsportal.com/american-football/usa/nfl-2024-2025/jacksonville-jaguars-houston-texans-ptv40AOq/
01 Dec 2024,Regular,0,Minnesota Vikings,Arizona Cardinals,23,22,-184,152,https://www.oddsportal.com/american-football/usa/nfl-2024-2025/minnesota-vikings-arizona-cardinals-t8XCblgd/
01 Dec 2024,Regular,0,New England Patriots,Indianapolis Colts,24,25,114,-135,https://www.oddsportal.com/american-football/usa/nfl-2024-2025/new-england-patriots-indianapolis-colts-hdvbMio3/
01 Dec 2024,Regular,0,New York Jets,Seattle Seahawks,21,26,-123,102,https://www.oddsportal.com/american-football/usa/nfl-2024-2025/new-york-jets-seattle-seahawks-EBS6KVFF/
01 Dec 2024,Regular,0,Washington Commanders,Tennessee Titans,42,19,-273,213,https://www.oddsportal.com/american-football/usa/nfl-2024-2025/washington-commanders-tennessee-titans-MyWEI9pS/
29 Nov 2024,Regular,0,Kansas City Chiefs,Las Vegas Raiders,19,17,-857,577,https://www.oddsportal.com/american-football/usa/nfl-2024-2025/kansas-city-chiefs-las-vegas-raiders-6R0H9E1c/
28 Nov 2024,Regular,0,Green Bay Packers,Miami Dolphins,30,17,-185,152,https://www.oddsportal.com/american-football/usa/nfl-2024-2025/green-bay-packers-miami-dolphins-QVNUoB9j/
28 Nov 2024,Regular,0,Dallas Cowboys,New York Giants,27,20,-221,183,https://www.oddsportal.com/american-football/usa/nfl-2024-2025/dallas-cowboys-new-york-giants-fmXbiXoT/
28 Nov 2024,Regular,0,Detroit Lions,Chicago Bears,23,20,-518,377,https://www.oddsportal.com/american-football/usa/nfl-2024-2025/detroit-lions-chicago-bears-bLwjggHG/
25 Nov 2024,Regular,0,Los Angeles Chargers,Baltimore Ravens,23,30,134,-159,https://www.oddsportal.com/american-football/usa/nfl-2024-2025/los-angeles-chargers-baltimore-ravens-Q7ureFn4/
24 Nov 2024,Regular,0,Los Angeles Rams,Philadelphia Eagles,20,37,134,-161,https://www.oddsportal.com/american-football/usa/nfl-2024-2025/los-angeles-rams-philadelphia-eagles-W8nZdyIi/
24 Nov 2024,Regular,0,Green Bay Packers,San Francisco 49ers,38,10,-252,202,https://www.oddsportal.com/american-football/usa/nfl-2024-2025/green-bay-packers-san-francisco-49ers-KUIGvf2N/
24 Nov 2024,Regular,0,Seattle Seahawks,Arizona Cardinals,16,6,-103,-116,https://www.oddsportal.com/american-football/usa/nfl-2024-2025/seattle-seahawks-arizona-cardinals-42fmZXPp/
24 Nov 2024,Regular,0,Las Vegas Raiders,Denver Broncos,19,29,204,-251,https://www.oddsportal.com/american-football/usa/nfl-2024-2025/las-vegas-raiders-denver-broncos-C4F8tGXA/
24 Nov 2024,Regular,0,Carolina Panthers,Kansas City Chiefs,27,30,470,-667,https://www.oddsportal.com/american-football/usa/nfl-2024-2025/carolina-panthers-kansas-city-chiefs-O6Hf4b8K/
24 Nov 2024,Regular,0,Chicago Bears,Minnesota Vikings,27,30,137,-163,https://www.oddsportal.com/american-football/usa/nfl-2024-2025/chicago-bears-minnesota-vikings-ribRbxWs/
24 Nov 2024,Regular,0,Houston Texans,Tennessee Titans,27,32,-411,319,https://www.oddsportal.com/american-football/usa/nfl-2024-2025/houston-texans-tennessee-titans-ll1ZdG0f/
24 Nov 2024,Regular,0,Indianapolis Colts,Detroit Lions,6,24,277,-351,https://www.oddsportal.com/american-football/usa/nfl-2024-2025/indianapolis-colts-detroit-lions-A3krefV6/
24 Nov 2024,Regular,0,Miami Dolphins,New England Patriots,34,15,-378,294,https://www.oddsportal.com/american-football/usa/nfl-2024-2025/miami-dolphins-new-england-patriots-IThjgYaJ/
24 Nov 2024,Regular,0,New York Giants,Tampa Bay Buccaneers,7,30,215,-268,https://www.oddsportal.com/american-football/usa/nfl-2024-2025/new-york-giants-tampa-bay-buccaneers-Ywn0pbYo/
24 Nov 2024,Regular,0,Washington Commanders,Dallas Cowboys,26,34,-600,433,https://www.oddsportal.com/american-football/usa/nfl-2024-2025/washington-commanders-dallas-cowboys-6ip8rx3b/
21 Nov 2024,Regular,0,Cleveland Browns,Pittsburgh Steelers,24,19,167,-204,https://www.oddsportal.com/american-football/usa/nfl-2024-2025/cleveland-browns-pittsburgh-steelers-WCU8teGD/
18 Nov 2024,Regular,0,Dallas Cowboys,Houston Texans,10,34,276,-355,https://www.oddsportal.com/american-football/usa/nfl-2024-2025/dallas-cowboys-houston-texans-zoy0rHo1/
17 Nov 2024,Regular,0,Los Angeles Chargers,Cincinnati Bengals,34,27,-118,-101,https://www.oddsportal.com/american-football/usa/nfl-2024-2025/los-angeles-chargers-cincinnati-bengals-4d1LkagR/
17 Nov 2024,Regular,0,Buffalo Bills,Kansas City Chiefs,30,21,-150,127,https://www.oddsportal.com/american-football/usa/nfl-2024-2025/buffalo-bills-kansas-city-chiefs-dWcDiLOE/
17 Nov 2024,Regular,0,Denver Broncos,Atlanta Falcons,38,6,-130,108,https://www.oddsportal.com/american-football/usa/nfl-2024-2025/denver-broncos-atlanta-falcons-8AHIVw2e/
17 Nov 2024,Regular,0,San Francisco 49ers,Seattle Seahawks,17,20,-270,215,https://www.oddsportal.com/american-football/usa/nfl-2024-2025/san-francisco-49ers-seattle-seahawks-tOFQTHW7/
17 Nov 2024,Regular,0,Chicago Bears,Green Bay Packers,19,20,213,-268,https://www.oddsportal.com/american-football/usa/nfl-2024-2025/chicago-bears-green-bay-packers-dds4QrQF/
17 Nov 2024,Regular,0,Detroit Lions,Jacksonville Jaguars,52,6,-985,632,https://www.oddsportal.com/american-football/usa/nfl-2024-2025/detroit-lions-jacksonville-jaguars-hOzDOMfS/
17 Nov 2024,Regular,0,Miami Dolphins,Las Vegas Raiders,34,19,-417,320,https://www.oddsportal.com/american-football/usa/nfl-2024-2025/miami-dolphins-las-vegas-raiders-lfMrJ0Ik/
17 Nov 2024,Regular,0,New England Patriots,Los Angeles Rams,22,28,170,-207,https://www.oddsportal.com/american-football/usa/nfl-2024-2025/new-england-patriots-los-angeles-rams-8dxpHvm2/
17 Nov 2024,Regular,0,New Orleans Saints,Cleveland Browns,35,14,-102,-117,https://www.oddsportal.com/american-football/usa/nfl-2024-2025/new-orleans-saints-cleveland-browns-z3UVvru9/
17 Nov 2024,Regular,0,New York Jets,Indianapolis Colts,27,28,-213,176,https://www.oddsportal.com/american-football/usa/nfl-2024-2025/new-york-jets-indianapolis-colts-lUxhpwHl/
17 Nov 2024,Regular,0,Pittsburgh Steelers,Baltimore Ravens,18,16,149,-182,https://www.oddsportal.com/american-football/usa/nfl-2024-2025/pittsburgh-steelers-baltimore-ravens-dIIvwM9L/
17 Nov 2024,Regular,0,Tennessee Titans,Minnesota Vikings,13,23,221,-278,https://www.oddsportal.com/american-football/usa/nfl-2024-2025/tennessee-titans-minnesota-vikings-S09AXaXr/
14 Nov 2024,Regular,0,Philadelphia Eagles,Washington Commanders,26,18,-223,183,https://www.oddsportal.com/american-football/usa/nfl-2024-2025/philadelphia-eagles-washington-commanders-lWwdS4e3/
11 Nov 2024,Regular,0,Los Angeles Rams,Miami Dolphins,15,23,-133,112,https://www.oddsportal.com/american-football/usa/nfl-2024-2025/los-angeles-rams-miami-dolphins-8xtTOVlB/
10 Nov 2024,Regular,0,Houston Texans,Detroit Lions,23,26,176,-217,https://www.oddsportal.com/american-football/usa/nfl-2024-2025/houston-texans-detroit-lions-zPsLQiKb/
10 Nov 2024,Regular,0,Arizona Cardinals,New York Jets,31,6,110,-132,https://www.oddsportal.com/american-football/usa/nfl-2024-2025/arizona-cardinals-new-york-jets-OWb38A4U/
10 Nov 2024,Regular,0,Dallas Cowboys,Philadelphia Eagles,6,34,267,-339,https://www.oddsportal.com/american-football/usa/nfl-2024-2025/dallas-cowboys-philadelphia-eagles-vclCSDkn/
10 Nov 2024,Regular,0,Los Angeles Chargers,Tennessee Titans,27,17,-429,328,https://www.oddsportal.com/american-football/usa/nfl-2024-2025/los-angeles-chargers-tennessee-titans-2HAfAWZH/
10 Nov 2024,Regular,0,Chicago Bears,New England Patriots,3,19,-305,239,https://www.oddsportal.com/american-football/usa/nfl-2024-2025/chicago-bears-new-england-patriots-C8kd1yim/
10 Nov 2024,Regular,0,Indianapolis Colts,Buffalo Bills,20,30,186,-229,https://www.oddsportal.com/american-football/usa/nfl-2024-2025/indianapolis-colts-buffalo-bills-KYh4aFLa/
10 Nov 2024,Regular,0,Jacksonville Jaguars,Minnesota Vikings,7,12,261,-334,https://www.oddsportal.com/american-football/usa/nfl-2024-2025/jacksonville-jaguars-minnesota-vikings-tlsDcgjC/
10 Nov 2024,Regular,0,Kansas City Chiefs,Denver Broncos,16,14,-347,274,https://www.oddsportal.com/american-football/usa/nfl-2024-2025/kansas-city-chiefs-denver-broncos-lEpLeXKO/
10 Nov 2024,Regular,0,New Orleans Saints,Atlanta Falcons,20,17,166,-201,https://www.oddsportal.com/american-football/usa/nfl-2024-2025/new-orleans-saints-atlanta-falcons-QBFVFz6t/
10 Nov 2024,Regular,0,Tampa Bay Buccaneers,San Francisco 49ers,20,23,229,-293,https://www.oddsportal.com/american-football/usa/nfl-2024-2025/tampa-bay-buccaneers-san-francisco-49ers-bPDwEEzg/
10 Nov 2024,Regular,0,Washington Commanders,Pittsburgh Steelers,27,28,-125,105,https://www.oddsportal.com/american-football/usa/nfl-2024-2025/washington-commanders-pittsburgh-steelers-fi7nCh55/
10 Nov 2024,Regular,1,Carolina Panthers,New York Giants,20,17,242,-308,https://www.oddsportal.com/american-football/usa/nfl-2024-2025/carolina-panthers-new-york-giants-MuCi6l9l/
07 Nov 2024,Regular,0,Baltimore Ravens,Cincinnati Bengals,35,34,-286,228,https://www.oddsportal.com/american-football/usa/nfl-2024-2025/baltimore-ravens-cincinnati-bengals-UmnX6cTP/
04 Nov 2024,Regular,0,Kansas City Chiefs,Tampa Bay Buccaneers,30,24,-414,323,https://www.oddsportal.com/american-football/usa/nfl-2024-2025/kansas-city-chiefs-tampa-bay-buccaneers-xfaoqfyJ/
03 Nov 2024,Regular,0,Minnesota Vikings,Indianapolis Colts,21,13,-276,221,https://www.oddsportal.com/american-football/usa/nfl-2024-2025/minnesota-vikings-indianapolis-colts-CYYnzahl/
03 Nov 2024,Regular,0,Green Bay Packers,Detroit Lions,14,24,119,-142,https://www.oddsportal.com/american-football/usa/nfl-2024-2025/green-bay-packers-detroit-lions-CnELlb7s/
03 Nov 2024,Regular,0,Seattle Seahawks,Los Angeles Rams,20,26,106,-128,https://www.oddsportal.com/american-football/usa/nfl-2024-2025/seattle-seahawks-los-angeles-rams-Y12Unxxf/
03 Nov 2024,Regular,0,Arizona Cardinals,Chicago Bears,29,9,-125,104,https://www.oddsportal.com/american-football/usa/nfl-2024-2025/arizona-cardinals-chicago-bears-dM8jfKqK/
03 Nov 2024,Regular,0,Philadelphia Eagles,Jacksonville Jaguars,28,23,-357,276,https://www.oddsportal.com/american-football/usa/nfl-2024-2025/philadelphia-eagles-jacksonville-jaguars-tS5xoG66/
03 Nov 2024,Regular,0,Atlanta Falcons,Dallas Cowboys,27,21,-178,147,https://www.oddsportal.com/american-football/usa/nfl-2024-2025/atlanta-falcons-dallas-cowboys-hQcXuUO9/
03 Nov 2024,Regular,0,Baltimore Ravens,Denver Broncos,41,10,-445,343,https://www.oddsportal.com/american-football/usa/nfl-2024-2025/baltimore-ravens-denver-broncos-nPjtv8gM/
03 Nov 2024,Regular,0,Buffalo Bills,Miami Dolphins,30,27,-278,219,https://www.oddsportal.com/american-football/usa/nfl-2024-2025/buffalo-bills-miami-dolphins-rexCYoHq/
03 Nov 2024,Regular,0,Carolina Panthers,New Orleans Saints,23,22,268,-353,https://www.oddsportal.com/american-football/usa/nfl-2024-2025/carolina-panthers-new-orleans-saints-vNVKWPod/
03 Nov 2024,Regular,0,Cincinnati Bengals,Las Vegas Raiders,41,24,-392,302,https://www.oddsportal.com/american-football/usa/nfl-2024-2025/cincinnati-bengals-las-vegas-raiders-6TN6fTw3/
03 Nov 2024,Regular,0,Cleveland Browns,Los Angeles Chargers,10,27,108,-130,https://www.oddsportal.com/american-football/usa/nfl-2024-2025/cleveland-browns-los-angeles-chargers-SrCFh78F/
03 Nov 2024,Regular,0,New York Giants,Washington Commanders,22,27,175,-215,https://www.oddsportal.com/american-football/usa/nfl-2024-2025/new-york-giants-washington-commanders-80SeYxN0/
03 Nov 2024,Regular,0,Tennessee Titans,New England Patriots,20,17,-181,146,https://www.oddsportal.com/american-football/usa/nfl-2024-2025/tennessee-titans-new-england-patriots-tEQ3WGiD/
31 Oct 2024,Regular,0,New York Jets,Houston Texans,21,13,-148,125,https://www.oddsportal.com/american-football/usa/nfl-2024-2025/new-york-jets-houston-texans-p0fPsjfc/
28 Oct 2024,Regular,0,Pittsburgh Steelers,New York Giants,26,18,-274,225,https://www.oddsportal.com/american-football/usa/nfl-2024-2025/pittsburgh-steelers-new-york-giants-2yVvzvyi/
27 Oct 2024,Regular,0,San Francisco 49ers,Dallas Cowboys,30,24,-250,202,https://www.oddsportal.com/american-football/usa/nfl-2024-2025/san-francisco-49ers-dallas-cowboys-Whv9u0DT/
27 Oct 2024,Regular,0,Denver Broncos,Carolina Panthers,28,14,-790,536,https://www.oddsportal.com/american-football/usa/nfl-2024-2025/denver-broncos-carolina-panthers-hSA0qrE4/
27 Oct 2024,Regular,0,Las Vegas Raiders,Kansas City Chiefs,20,27,324,-426,https://www.oddsportal.com/american-football/usa/nfl-2024-2025/las-vegas-raiders-kansas-city-chiefs-Qu98sMrH/
27 Oct 2024,Regular,0,Washington Commanders,Chicago Bears,18,15,-121,103,https://www.oddsportal.com/american-football/usa/nfl-2024-2025/washington-commanders-chicago-bears-vPpRUraB/
27 Oct 2024,Regular,0,Los Angeles Chargers,New Orleans Saints,26,8,-368,287,https://www.oddsportal.com/american-football/usa/nfl-2024-2025/los-angeles-chargers-new-orleans-saints-pMmZSMTN/
27 Oct 2024,Regular,0,Seattle Seahawks,Buffalo Bills,10,31,134,-161,https://www.oddsportal.com/american-football/usa/nfl-2024-2025/seattle-seahawks-buffalo-bills-UgP5N0io/
27 Oct 2024,Regular,0,Cincinnati Bengals,Philadelphia Eagles,17,37,-147,122,https://www.oddsportal.com/american-football/usa/nfl-2024-2025/cincinnati-bengals-philadelphia-eagles-d0Hio4qh/
27 Oct 2024,Regular,0,Cleveland Browns,Baltimore Ravens,29,24,278,-349,https://www.oddsportal.com/american-football/usa/nfl-2024-2025/cleveland-browns-baltimore-ravens-KfvSLmGt/
27 Oct 2024,Regular,0,Detroit Lions,Tennessee Titans,52,14,-732,499,https://www.oddsportal.com/american-football/usa/nfl-2024-2025/detroit-lions-tennessee-titans-GMXzKRpg/
27 Oct 2024,Regular,0,Houston Texans,Indianapolis Colts,23,20,-237,190,https://www.oddsportal.com/american-football/usa/nfl-2024-2025/houston-texans-indianapolis-colts-OnyqI5F5/
27 Oct 2024,Regular,0,Jacksonville Jaguars,Green Bay Packers,27,30,152,-185,https://www.oddsportal.com/american-football/usa/nfl-2024-2025/jacksonville-jaguars-green-bay-packers-p2PiGqpI/
27 Oct 2024,Regular,0,Miami Dolphins,Arizona Cardinals,27,28,-222,180,https://www.oddsportal.com/american-football/usa/nfl-2024-2025/miami-dolphins-arizona-cardinals-WINaENEU/
27 Oct 2024,Regular,0,New England Patriots,New York Jets,25,22,268,-337,https://www.oddsportal.com/american-football/usa/nfl-2024-2025/new-england-patriots-new-york-jets-AqgAYQan/
27 Oct 2024,Regular,0,Tampa Bay Buccaneers,Atlanta Falcons,26,31,102,-121,https://www.oddsportal.com/american-football/usa/nfl-2024-2025/tampa-bay-buccaneers-atlanta-falcons-rciIW4Ub/
24 Oct 2024,Regular,0,Los Angeles Rams,Minnesota Vikings,30,20,122,-148,https://www.oddsportal.com/american-football/usa/nfl-2024-2025/los-angeles-rams-minnesota-vikings-URSGEW8D/
21 Oct 2024,Regular,0,Arizona Cardinals,Los Angeles Chargers,17,15,-102,-118,https://www.oddsportal.com/american-football/usa/nfl-2024-2025/arizona-cardinals-los-angeles-chargers-vRmLSswf/
21 Oct 2024,Regular,0,Tampa Bay Buccaneers,Baltimore Ravens,31,41,180,-220,https://www.oddsportal.com/american-football/usa/nfl-2024-2025/tampa-bay-buccaneers-baltimore-ravens-W0pDU38s/
20 Oct 2024,Regular,0,Pittsburgh Steelers,New York Jets,37,15,128,-154,https://www.oddsportal.com/american-football/usa/nfl-2024-2025/pittsburgh-steelers-new-york-jets-CG3tzQpK/
20 Oct 2024,Regular,0,San Francisco 49ers,Kansas City Chiefs,18,28,-144,119,https://www.oddsportal.com/american-football/usa/nfl-2024-2025/san-francisco-49ers-kansas-city-chiefs-KMGfCMhD/
20 Oct 2024,Regular,0,Los Angeles Rams,Las Vegas Raiders,20,15,-374,281,https://www.oddsportal.com/american-football/usa/nfl-2024-2025/los-angeles-rams-las-vegas-raiders-IcKwG4gl/
20 Oct 2024,Regular,0,Washington Commanders,Carolina Panthers,40,7,-533,374,https://www.oddsportal.com/american-football/usa/nfl-2024-2025/washington-commanders-carolina-panthers-QNNoErO0/
20 Oct 2024,Regular,0,Atlanta Falcons,Seattle Seahawks,14,34,-163,136,https://www.oddsportal.com/american-football/usa/nfl-2024-2025/atlanta-falcons-seattle-seahawks-4CDNNeec/
20 Oct 2024,Regular,0,Buffalo Bills,Tennessee Titans,34,10,-501,376,https://www.oddsportal.com/american-football/usa/nfl-2024-2025/buffalo-bills-tennessee-titans-QR1WLZP9/
20 Oct 2024,Regular,0,Cleveland Browns,Cincinnati Bengals,14,21,193,-239,https://www.oddsportal.com/american-football/usa/nfl-2024-2025/cleveland-browns-cincinnati-bengals-WQT33R9r/
20 Oct 2024,Regular,0,Green Bay Packers,Houston Texans,24,22,-176,145,https://www.oddsportal.com/american-football/usa/nfl-2024-2025/green-bay-packers-houston-texans-ShNC15ve/
20 Oct 2024,Regular,0,Indianapolis Colts,Miami Dolphins,16,10,-148,124,https://www.oddsportal.com/american-football/usa/nfl-2024-2025/indianapolis-colts-miami-dolphins-06LKaq97/
20 Oct 2024,Regular,0,Minnesota Vikings,Detroit Lions,29,31,-123,102,https://www.oddsportal.com/american-football/usa/nfl-2024-2025/minnesota-vikings-detroit-lions-QauaNn1E/
20 Oct 2024,Regular,0,New York Giants,Philadelphia Eagles,3,28,143,-168,https://www.oddsportal.com/american-football/usa/nfl-2024-2025/new-york-giants-philadelphia-eagles-YPr7LQVQ/
20 Oct 2024,Regular,1,Jacksonville Jaguars,New England Patriots,32,16,-336,258,https://www.oddsportal.com/american-football/usa/nfl-2024-2025/jacksonville-jaguars-new-england-patriots-U5Fa4Sw1/
17 Oct 2024,Regular,0,New Orleans Saints,Denver Broncos,10,33,123,-147,https://www.oddsportal.com/american-football/usa/nfl-2024-2025/new-orleans-saints-denver-broncos-vZLy0h3j/
14 Oct 2024,Regular,0,New York Jets,Buffalo Bills,20,23,-102,-118,https://www.oddsportal.com/american-football/usa/nfl-2024-2025/new-york-jets-buffalo-bills-lIK8Ghv1/
13 Oct 2024,Regular,0,New York Giants,Cincinnati Bengals,7,17,176,-214,https://www.oddsportal.com/american-football/usa/nfl-2024-2025/new-york-giants-cincinnati-bengals-thH0IE9l/
13 Oct 2024,Regular,0,Carolina Panthers,Atlanta Falcons,20,38,213,-271,https://www.oddsportal.com/american-football/usa/nfl-2024-2025/carolina-panthers-atlanta-falcons-lfxMPdHE/
13 Oct 2024,Regular,0,Dallas Cowboys,Detroit Lions,9,47,159,-195,https://www.oddsportal.com/american-football/usa/nfl-2024-2025/dallas-cowboys-detroit-lions-dKuUNznR/
13 Oct 2024,Regular,0,Denver Broncos,Los Angeles Chargers,16,23,128,-153,https://www.oddsportal.com/american-football/usa/nfl-2024-2025/denver-broncos-los-angeles-chargers-xbZY3Ffe/
13 Oct 2024,Regular,0,Las Vegas Raiders,Pittsburgh Steelers,13,32,156,-190,https://www.oddsportal.com/american-football/usa/nfl-2024-2025/las-vegas-raiders-pittsburgh-steelers-ABXt2gP7/
13 Oct 2024,Regular,0,Baltimore Ravens,Washington Commanders,30,23,-309,245,https://www.oddsportal.com/american-football/usa/nfl-2024-2025/baltimore-ravens-washington-commanders-WdUKdbmS/
13 Oct 2024,Regular,0,Green Bay Packers,Arizona Cardinals,34,13,-250,203,https://www.oddsportal.com/american-football/usa/nfl-2024-2025/green-bay-packers-arizona-cardinals-SSFjixBk/
13 Oct 2024,Regular,0,New England Patriots,Houston Texans,21,41,237,-307,https://www.oddsportal.com/american-football/usa/nfl-2024-2025/new-england-patriots-houston-texans-Of9akGu2/
13 Oct 2024,Regular,0,New Orleans Saints,Tampa Bay Buccaneers,27,51,150,-181,https://www.oddsportal.com/american-football/usa/nfl-2024-2025/new-orleans-saints-tampa-bay-buccaneers-lY0oDJX8/
13 Oct 2024,Regular,0,Philadelphia Eagles,Cleveland Browns,20,16,-410,314,https://www.oddsportal.com/american-football/usa/nfl-2024-2025/philadelphia-eagles-cleveland-browns-AmkfBc2L/
13 Oct 2024,Regular,0,Tennessee Titans,Indianapolis Colts,17,20,-135,111,https://www.oddsportal.com/american-football/usa/nfl-2024-2025/tennessee-titans-indianapolis-colts-tWuQ5yQr/
13 Oct 2024,Regular,1,Chicago Bears,Jacksonville Jaguars,35,16,102,-123,https://www.oddsportal.com/american-football/usa/nfl-2024-2025/chicago-bears-jacksonville-jaguars-2iaJOdPF/
10 Oct 2024,Regular,0,Seattle Seahawks,San Francisco 49ers,24,36,163,-198,https://www.oddsportal.com/american-football/usa/nfl-2024-2025/seattle-seahawks-san-francisco-49ers-zVzCbKIF/
07 Oct 2024,Regular,0,Kansas City Chiefs,New Orleans Saints,26,13,-235,189,https://www.oddsportal.com/american-football/usa/nfl-2024-2025/kansas-city-chiefs-new-orleans-saints-23N40tl3/
06 Oct 2024,Regular,0,Pittsburgh Steelers,Dallas Cowboys,17,20,-141,118,https://www.oddsportal.com/american-football/usa/nfl-2024-2025/pittsburgh-steelers-dallas-cowboys-M7pIxwdd/
06 Oct 2024,Regular,0,Los Angeles Rams,Green Bay Packers,19,24,129,-156,https://www.oddsportal.com/american-football/usa/nfl-2024-2025/los-angeles-rams-green-bay-packers-fc0wpL3M/
06 Oct 2024,Regular,0,Seattle Seahawks,New York Giants,20,29,-322,251,https://www.oddsportal.com/american-football/usa/nfl-2024-2025/seattle-seahawks-new-york-giants-EssAvaRq/
06 Oct 2024,Regular,0,Denver Broncos,Las Vegas Raiders,34,18,-161,136,https://www.oddsportal.com/american-football/usa/nfl-2024-2025/denver-broncos-las-vegas-raiders-Sp9Mm34c/
06 Oct 2024,Regular,0,San Francisco 49ers,Arizona Cardinals,23,24,-360,283,https://www.oddsportal.com/american-football/usa/nfl-2024-2025/san-francisco-49ers-arizona-cardinals-Mq2VosZ9/
06 Oct 2024,Regular,0,Chicago Bears,Carolina Panthers,36,10,-205,169,https://www.oddsportal.com/american-football/usa/nfl-2024-2025/chicago-bears-carolina-panthers-2qHzU8DO/
06 Oct 2024,Regular,0,Cincinnati Bengals,Baltimore Ravens,38,41,121,-145,https://www.oddsportal.com/american-football/usa/nfl-2024-2025/cincinnati-bengals-baltimore-ravens-tAnolCbt/
06 Oct 2024,Regular,0,Houston Texans,Buffalo Bills,23,20,-121,101,https://www.oddsportal.com/american-football/usa/nfl-2024-2025/houston-texans-buffalo-bills-ENpgnjTh/
06 Oct 2024,Regular,0,Jacksonville Jaguars,Indianapolis Colts,37,34,-200,165,https://www.oddsportal.com/american-football/usa/nfl-2024-2025/jacksonville-jaguars-indianapolis-colts-YP0fpUc5/
06 Oct 2024,Regular,0,New England Patriots,Miami Dolphins,10,15,105,-126,https://www.oddsportal.com/american-football/usa/nfl-2024-2025/new-england-patriots-miami-dolphins-tj42r8SH/
06 Oct 2024,Regular,0,Washington Commanders,Cleveland Browns,34,13,-154,129,https://www.oddsportal.com/american-football/usa/nfl-2024-2025/washington-commanders-cleveland-browns-0vHzQaCj/
06 Oct 2024,Regular,1,Minnesota Vikings,New York Jets,23,17,-142,118,https://www.oddsportal.com/american-football/usa/nfl-2024-2025/minnesota-vikings-new-york-jets-AqsCQIf3/
03 Oct 2024,Regular,0,Atlanta Falcons,Tampa Bay Buccaneers,36,30,-143,120,https://www.oddsportal.com/american-football/usa/nfl-2024-2025/atlanta-falcons-tampa-bay-buccaneers-fJDSVUrC/
30 Sep 2024,Regular,0,Detroit Lions,Seattle Seahawks,42,29,-224,184,https://www.oddsportal.com/american-football/usa/nfl-2024-2025/detroit-lions-seattle-seahawks-Y3PJXjEa/
30 Sep 2024,Regular,0,Miami Dolphins,Tennessee Titans,12,31,-153,128,https://www.oddsportal.com/american-football/usa/nfl-2024-2025/miami-dolphins-tennessee-titans-td7CZCqm/
29 Sep 2024,Regular,0,Baltimore Ravens,Buffalo Bills,35,10,-151,124,https://www.oddsportal.com/american-football/usa/nfl-2024-2025/baltimore-ravens-buffalo-bills-MBQuuZLP/
29 Sep 2024,Regular,0,Las Vegas Raiders,Cleveland Browns,20,16,122,-147,https://www.oddsportal.com/american-football/usa/nfl-2024-2025/las-vegas-raiders-cleveland-browns-UHwfHVTI/
29 Sep 2024,Regular,0,Los Angeles Chargers,Kansas City Chiefs,10,17,250,-318,https://www.oddsportal.com/american-football/usa/nfl-2024-2025/los-angeles-chargers-kansas-city-chiefs-YkpoJia6/
29 Sep 2024,Regular,0,Arizona Cardinals,Washington Commanders,14,42,-185,154,https://www.oddsportal.com/american-football/usa/nfl-2024-2025/arizona-cardinals-washington-commanders-QJcUMZas/
29 Sep 2024,Regular,0,San Francisco 49ers,New England Patriots,30,13,-589,425,https://www.oddsportal.com/american-football/usa/nfl-2024-2025/san-francisco-49ers-new-england-patriots-nZowLDUg/
29 Sep 2024,Regular,0,Atlanta Falcons,New Orleans Saints,26,24,-145,122,https://www.oddsportal.com/american-football/usa/nfl-2024-2025/atlanta-falcons-new-orleans-saints-pWrW9S4e/
29 Sep 2024,Regular,0,Carolina Panthers,Cincinnati Bengals,24,34,192,-238,https://www.oddsportal.com/american-football/usa/nfl-2024-2025/carolina-panthers-cincinnati-bengals-jqEW76Z7/
29 Sep 2024,Regular,0,Chicago Bears,Los Angeles Rams,24,18,-172,144,https://www.oddsportal.com/american-football/usa/nfl-2024-2025/chicago-bears-los-angeles-rams-Ik6IV9RE/
29 Sep 2024,Regular,0,Green Bay Packers,Minnesota Vikings,29,31,-139,117,https://www.oddsportal.com/american-football/usa/nfl-2024-2025/green-bay-packers-minnesota-vikings-v5fRTmdR/
29 Sep 2024,Regular,0,Houston Texans,Jacksonville Jaguars,24,20,-256,205,https://www.oddsportal.com/american-football/usa/nfl-2024-2025/houston-texans-jacksonville-jaguars-AmocORJl/
29 Sep 2024,Regular,0,Indianapolis Colts,Pittsburgh Steelers,27,24,117,-141,https://www.oddsportal.com/american-football/usa/nfl-2024-2025/indianapolis-colts-pittsburgh-steelers-4nv6M5l1/
29 Sep 2024,Regular,0,New York Jets,Denver Broncos,9,10,-417,319,https://www.oddsportal.com/american-football/usa/nfl-2024-2025/new-york-jets-denver-broncos-x0xEKqJD/
29 Sep 2024,Regular,0,Tampa Bay Buccaneers,Philadelphia Eagles,33,16,-101,-119,https://www.oddsportal.com/american-football/usa/nfl-2024-2025/tampa-bay-buccaneers-philadelphia-eagles-fy7bSexK/
26 Sep 2024,Regular,0,New York Giants,Dallas Cowboys,15,20,200,-244,https://www.oddsportal.com/american-football/usa/nfl-2024-2025/new-york-giants-dallas-cowboys-CIpOBlzq/
23 Sep 2024,Regular,0,Cincinnati Bengals,Washington Commanders,33,38,-358,274,https://www.oddsportal.com/american-football/usa/nfl-2024-2025/cincinnati-bengals-washington-commanders-xvqZ2KiB/
23 Sep 2024,Regular,0,Buffalo Bills,Jacksonville Jaguars,47,10,-222,183,https://www.oddsportal.com/american-football/usa/nfl-2024-2025/buffalo-bills-jacksonville-jaguars-tCkQ4tNb/
22 Sep 2024,Regular,0,Atlanta Falcons,Kansas City Chiefs,17,22,141,-167,https://www.oddsportal.com/american-football/usa/nfl-2024-2025/atlanta-falcons-kansas-city-chiefs-8biI62hn/
22 Sep 2024,Regular,0,Arizona Cardinals,Detroit Lions,13,20,129,-155,https://www.oddsportal.com/american-football/usa/nfl-2024-2025/arizona-cardinals-detroit-lions-GAFijs85/
22 Sep 2024,Regular,0,Dallas Cowboys,Baltimore Ravens,25,28,-101,-119,https://www.oddsportal.com/american-football/usa/nfl-2024-2025/dallas-cowboys-baltimore-ravens-xQ30lLxI/
22 Sep 2024,Regular,0,Los Angeles Rams,San Francisco 49ers,27,24,223,-278,https://www.oddsportal.com/american-football/usa/nfl-2024-2025/los-angeles-rams-san-francisco-49ers-pj78na7U/
22 Sep 2024,Regular,0,Las Vegas Raiders,Carolina Panthers,22,36,-255,208,https://www.oddsportal.com/american-football/usa/nfl-2024-2025/las-vegas-raiders-carolina-panthers-lrdrfP8t/
22 Sep 2024,Regular,0,Seattle Seahawks,Miami Dolphins,24,3,-214,176,https://www.oddsportal.com/american-football/usa/nfl-2024-2025/seattle-seahawks-miami-dolphins-8pCqh3wg/
22 Sep 2024,Regular,0,Cleveland Browns,New York Giants,15,21,-300,238,https://www.oddsportal.com/american-football/usa/nfl-2024-2025/cleveland-browns-new-york-giants-GWStxime/
22 Sep 2024,Regular,0,Indianapolis Colts,Chicago Bears,21,16,-130,108,https://www.oddsportal.com/american-football/usa/nfl-2024-2025/indianapolis-colts-chicago-bears-lpRlzVH7/
22 Sep 2024,Regular,0,Minnesota Vikings,Houston Texans,34,7,104,-125,https://www.oddsportal.com/american-football/usa/nfl-2024-2025/minnesota-vikings-houston-texans-4h9ybY9E/
22 Sep 2024,Regular,0,New Orleans Saints,Philadelphia Eagles,12,15,-141,117,https://www.oddsportal.com/american-football/usa/nfl-2024-2025/new-orleans-saints-philadelphia-eagles-8Oz9uQgm/
22 Sep 2024,Regular,0,Pittsburgh Steelers,Los Angeles Chargers,20,10,-145,122,https://www.oddsportal.com/american-football/usa/nfl-2024-2025/pittsburgh-steelers-los-angeles-chargers-UwPHw4Oa/
22 Sep 2024,Regular,0,Tampa Bay Buccaneers,Denver Broncos,7,26,-263,212,https://www.oddsportal.com/american-football/usa/nfl-2024-2025/tampa-bay-buccaneers-denver-broncos-x4SPyrgC/
22 Sep 2024,Regular,0,Tennessee Titans,Green Bay Packers,14,30,-157,132,https://www.oddsportal.com/american-football/usa/nfl-2024-2025/tennessee-titans-green-bay-packers-YVLYZLNO/
19 Sep 2024,Regular,0,New York Jets,New England Patriots,24,3,-299,237,https://www.oddsportal.com/american-football/usa/nfl-2024-2025/new-york-jets-new-england-patriots-K4ZXwDIr/
16 Sep 2024,Regular,0,Philadelphia Eagles,Atlanta Falcons,21,22,-249,204,https://www.oddsportal.com/american-football/usa/nfl-2024-2025/philadelphia-eagles-atlanta-falcons-OKY2qZfL/
15 Sep 2024,Regular,0,Houston Texans,Chicago Bears,19,13,-275,221,https://www.oddsportal.com/american-football/usa/nfl-2024-2025/houston-texans-chicago-bears-25pfoeQ8/
15 Sep 2024,Regular,0,Denver Broncos,Pittsburgh Steelers,6,13,127,-152,https://www.oddsportal.com/american-football/usa/nfl-2024-2025/denver-broncos-pittsburgh-steelers-zah8NiY1/
15 Sep 2024,Regular,0,Kansas City Chiefs,Cincinnati Bengals,26,25,-298,236,https://www.oddsportal.com/american-football/usa/nfl-2024-2025/kansas-city-chiefs-cincinnati-bengals-p6aTQSeJ/
15 Sep 2024,Regular,0,Arizona Cardinals,Los Angeles Rams,41,10,-112,-107,https://www.oddsportal.com/american-football/usa/nfl-2024-2025/arizona-cardinals-los-angeles-rams-vXbaPD3k/
15 Sep 2024,Regular,0,Baltimore Ravens,Las Vegas Raiders,23,26,-447,336,https://www.oddsportal.com/american-football/usa/nfl-2024-2025/baltimore-ravens-las-vegas-raiders-UyCJ3csT/
15 Sep 2024,Regular,0,Carolina Panthers,Los Angeles Chargers,3,26,178,-215,https://www.oddsportal.com/american-football/usa/nfl-2024-2025/carolina-panthers-los-angeles-chargers-E9mjby5j/
15 Sep 2024,Regular,0,Dallas Cowboys,New Orleans Saints,19,44,-294,227,https://www.oddsportal.com/american-football/usa/nfl-2024-2025/dallas-cowboys-new-orleans-saints-tGuxMvcc/
15 Sep 2024,Regular,0,Detroit Lions,Tampa Bay Buccaneers,16,20,-385,297,https://www.oddsportal.com/american-football/usa/nfl-2024-2025/detroit-lions-tampa-bay-buccaneers-xrZpKIR9/
15 Sep 2024,Regular,0,Green Bay Packers,Indianapolis Colts,16,10,115,-137,https://www.oddsportal.com/american-football/usa/nfl-2024-2025/green-bay-packers-indianapolis-colts-AeXhIddM/
15 Sep 2024,Regular,0,Jacksonville Jaguars,Cleveland Browns,13,18,-171,141,https://www.oddsportal.com/american-football/usa/nfl-2024-2025/jacksonville-jaguars-cleveland-browns-hGzICzKq/
15 Sep 2024,Regular,0,Minnesota Vikings,San Francisco 49ers,23,17,169,-207,https://www.oddsportal.com/american-football/usa/nfl-2024-2025/minnesota-vikings-san-francisco-49ers-0tvQAEld/
15 Sep 2024,Regular,0,New England Patriots,Seattle Seahawks,20,23,138,-166,https://www.oddsportal.com/american-football/usa/nfl-2024-2025/new-england-patriots-seattle-seahawks-txHCYHt3/
15 Sep 2024,Regular,0,Tennessee Titans,New York Jets,17,24,161,-196,https://www.oddsportal.com/american-football/usa/nfl-2024-2025/tennessee-titans-new-york-jets-l2KKWeBF/
15 Sep 2024,Regular,0,Washington Commanders,New York Giants,21,18,-123,103,https://www.oddsportal.com/american-football/usa/nfl-2024-2025/washington-commanders-new-york-giants-r1DTUZuS/
12 Sep 2024,Regular,0,Miami Dolphins,Buffalo Bills,10,31,-145,120,https://www.oddsportal.com/american-football/usa/nfl-2024-2025/miami-dolphins-buffalo-bills-trGRba44/
09 Sep 2024,Regular,0,San Francisco 49ers,New York Jets,32,19,-192,160,https://www.oddsportal.com/american-football/usa/nfl-2024-2025/san-francisco-49ers-new-york-jets-GQ7CUAdf/
08 Sep 2024,Regular,0,Detroit Lions,Los Angeles Rams,26,20,-251,201,https://www.oddsportal.com/american-football/usa/nfl-2024-2025/detroit-lions-los-angeles-rams-8l2e91Di/
08 Sep 2024,Regular,0,Cleveland Browns,Dallas Cowboys,17,33,-130,108,https://www.oddsportal.com/american-football/usa/nfl-2024-2025/cleveland-browns-dallas-cowboys-zXF1lOW7/
08 Sep 2024,Regular,0,Tampa Bay Buccaneers,Washington Commanders,37,20,-205,169,https://www.oddsportal.com/american-football/usa/nfl-2024-2025/tampa-bay-buccaneers-washington-commanders-jDXA1kfo/
08 Sep 2024,Regular,0,Los Angeles Chargers,Las Vegas Raiders,22,10,-155,129,https://www.oddsportal.com/american-football/usa/nfl-2024-2025/los-angeles-chargers-las-vegas-raiders-p8MULJu0/
08 Sep 2024,Regular,0,Seattle Seahawks,Denver Broncos,26,20,-300,236,https://www.oddsportal.com/american-football/usa/nfl-2024-2025/seattle-seahawks-denver-broncos-6NAwKcAC/
08 Sep 2024,Regular,0,Atlanta Falcons,Pittsburgh Steelers,10,18,-200,165,https://www.oddsportal.com/american-football/usa/nfl-2024-2025/atlanta-falcons-pittsburgh-steelers-6mfUhLBD/
08 Sep 2024,Regular,0,Buffalo Bills,Arizona Cardinals,34,28,-296,236,https://www.oddsportal.com/american-football/usa/nfl-2024-2025/buffalo-bills-arizona-cardinals-WtE8GO3K/
08 Sep 2024,Regular,0,Chicago Bears,Tennessee Titans,24,17,-208,172,https://www.oddsportal.com/american-football/usa/nfl-2024-2025/chicago-bears-tennessee-titans-2P4vB2Rs/
08 Sep 2024,Regular,0,Cincinnati Bengals,New England Patriots,10,16,-388,300,https://www.oddsportal.com/american-football/usa/nfl-2024-2025/cincinnati-bengals-new-england-patriots-Ovgm9tdf/
08 Sep 2024,Regular,0,Indianapolis Colts,Houston Texans,27,29,133,-160,https://www.oddsportal.com/american-football/usa/nfl-2024-2025/indianapolis-colts-houston-texans-W4de7KQ6/
08 Sep 2024,Regular,0,Miami Dolphins,Jacksonville Jaguars,20,17,-193,158,https://www.oddsportal.com/american-football/usa/nfl-2024-2025/miami-dolphins-jacksonville-jaguars-Q3k45beJ/
08 Sep 2024,Regular,0,New Orleans Saints,Carolina Panthers,47,10,-195,161,https://www.oddsportal.com/american-football/usa/nfl-2024-2025/new-orleans-saints-carolina-panthers-IcxjT1mQ/
08 Sep 2024,Regular,0,New York Giants,Minnesota Vikings,6,28,-106,-113,https://www.oddsportal.com/american-football/usa/nfl-2024-2025/new-york-giants-minnesota-vikings-xrJMNuBm/
06 Sep 2024,Regular,1,Philadelphia Eagles,Green Bay Packers,34,29,-123,101,https://www.oddsportal.com/american-football/usa/nfl-2024-2025/philadelphia-eagles-green-bay-packers-neoSdwZG/
05 Sep 2024,Regular,0,Kansas City Chiefs,Baltimore Ravens,27,20,-149,122,https://www.oddsportal.com/american-football/usa/nfl-2024-2025/kansas-city-chiefs-baltimore-ravens-S6Cgjp2e/
25 Aug 2024,Pre-season,0,Washington Commanders,New England Patriots,20,10,,,https://www.oddsportal.com/american-football/usa/nfl-2024-2025/washington-commanders-new-england-patriots-hpQo0kl3/
25 Aug 2024,Pre-season,0,Denver Broncos,Arizona Cardinals,38,12,,,https://www.oddsportal.com/american-football/usa/nfl-2024-2025/denver-broncos-arizona-cardinals-xxraxndd/
25 Aug 2024,Pre-season,0,New Orleans Saints,Tennessee Titans,27,30,,,https://www.oddsportal.com/american-football/usa/nfl-2024-2025/new-orleans-saints-tennessee-titans-UBviv8Rq/
24 Aug 2024,Pre-season,0,Seattle Seahawks,Cleveland Browns,37,33,,,https://www.oddsportal.com/american-football/usa/nfl-2024-2025/seattle-seahawks-cleveland-browns-pv3KqU3M/
24 Aug 2024,Pre-season,0,New York Jets,New York Giants,10,6,,,https://www.oddsportal.com/american-football/usa/nfl-2024-2025/new-york-jets-new-york-giants-hWpDojZ9/
24 Aug 2024,Pre-season,0,Dallas Cowboys,Los Angeles Chargers,19,26,,,https://www.oddsportal.com/american-football/usa/nfl-2024-2025/dallas-cowboys-los-angeles-chargers-d4i4mC4c/
24 Aug 2024,Pre-season,0,Buffalo Bills,Carolina Panthers,26,31,,,https://www.oddsportal.com/american-football/usa/nfl-2024-2025/buffalo-bills-carolina-panthers-UTXMzZKi/
24 Aug 2024,Pre-season,0,Detroit Lions,Pittsburgh Steelers,24,17,,,https://www.oddsportal.com/american-football/usa/nfl-2024-2025/detroit-lions-pittsburgh-steelers-xfyVYCk4/
24 Aug 2024,Pre-season,0,Green Bay Packers,Baltimore Ravens,30,7,,,https://www.oddsportal.com/american-football/usa/nfl-2024-2025/green-bay-packers-baltimore-ravens-b9PwXjKG/
24 Aug 2024,Pre-season,0,Houston Texans,Los Angeles Rams,17,15,,,https://www.oddsportal.com/american-football/usa/nfl-2024-2025/houston-texans-los-angeles-rams-pQNoVUlT/
24 Aug 2024,Pre-season,0,Philadelphia Eagles,Minnesota Vikings,3,26,,,https://www.oddsportal.com/american-football/usa/nfl-2024-2025/philadelphia-eagles-minnesota-vikings-4A4IP8Cj/
23 Aug 2024,Pre-season,0,Las Vegas Raiders,San Francisco 49ers,24,24,,,https://www.oddsportal.com/american-football/usa/nfl-2024-2025/las-vegas-raiders-san-francisco-49ers-ELkzDVSp/
23 Aug 2024,Pre-season,0,Tampa Bay Buccaneers,Miami Dolphins,24,14,,,https://www.oddsportal.com/american-football/usa/nfl-2024-2025/tampa-bay-buccaneers-miami-dolphins-Ik44Ii5N/
23 Aug 2024,Pre-season,0,Atlanta Falcons,Jacksonville Jaguars,0,31,,,https://www.oddsportal.com/american-football/usa/nfl-2024-2025/atlanta-falcons-jacksonville-jaguars-OjBeKDzB/
22 Aug 2024,Pre-season,0,Kansas City Chiefs,Chicago Bears,21,34,,,https://www.oddsportal.com/american-football/usa/nfl-2024-2025/kansas-city-chiefs-chicago-bears-GQ7mMZ5b/
22 Aug 2024,Pre-season,0,Cincinnati Bengals,Indianapolis Colts,14,27,,,https://www.oddsportal.com/american-football/usa/nfl-2024-2025/cincinnati-bengals-indianapolis-colts-fBJvOeyn/
18 Aug 2024,Pre-season,0,Denver Broncos,Green Bay Packers,27,2,,,https://www.oddsportal.com/american-football/usa/nfl-2024-2025/denver-broncos-green-bay-packers-OIXSI0a6/
18 Aug 2024,Pre-season,0,San Francisco 49ers,New Orleans Saints,16,10,,,https://www.oddsportal.com/american-football/usa/nfl-2024-2025/san-francisco-49ers-new-orleans-saints-UV2TGvUI/
17 Aug 2024,Pre-season,0,Las Vegas Raiders,Dallas Cowboys,12,27,,,https://www.oddsportal.com/american-football/usa/nfl-2024-2025/las-vegas-raiders-dallas-cowboys-j5ZKKMUg/
17 Aug 2024,Pre-season,0,Jacksonville Jaguars,Tampa Bay Buccaneers,20,7,,,https://www.oddsportal.com/american-football/usa/nfl-2024-2025/jacksonville-jaguars-tampa-bay-buccaneers-fwtCMr0s/
17 Aug 2024,Pre-season,0,Los Angeles Chargers,Los Angeles Rams,9,13,,,https://www.oddsportal.com/american-football/usa/nfl-2024-2025/los-angeles-chargers-los-angeles-rams-OfktS4xK/
17 Aug 2024,Pre-season,0,Carolina Panthers,New York Jets,12,15,,,https://www.oddsportal.com/american-football/usa/nfl-2024-2025/carolina-panthers-new-york-jets-n9l0VIRE/
17 Aug 2024,Pre-season,0,Indianapolis Colts,Arizona Cardinals,21,13,,,https://www.oddsportal.com/american-football/usa/nfl-2024-2025/indianapolis-colts-arizona-cardinals-ryr9TddR/
17 Aug 2024,Pre-season,0,Miami Dolphins,Washington Commanders,13,6,,,https://www.oddsportal.com/american-football/usa/nfl-2024-2025/miami-dolphins-washington-commanders-v7TvOzKl/
17 Aug 2024,Pre-season,0,Pittsburgh Steelers,Buffalo Bills,3,9,,,https://www.oddsportal.com/american-football/usa/nfl-2024-2025/pittsburgh-steelers-buffalo-bills-zZMmMEl1/
17 Aug 2024,Pre-season,0,Tennessee Titans,Seattle Seahawks,16,15,,,https://www.oddsportal.com/american-football/usa/nfl-2024-2025/tennessee-titans-seattle-seahawks-tWPeKhJD/
17 Aug 2024,Pre-season,0,Cleveland Browns,Minnesota Vikings,12,27,,,https://www.oddsportal.com/american-football/usa/nfl-2024-2025/cleveland-browns-minnesota-vikings-tC1E7FZ7/
17 Aug 2024,Pre-season,0,Kansas City Chiefs,Detroit Lions,23,24,,,https://www.oddsportal.com/american-football/usa/nfl-2024-2025/kansas-city-chiefs-detroit-lions-KdD59y5e/
17 Aug 2024,Pre-season,0,Chicago Bears,Cincinnati Bengals,27,3,,,https://www.oddsportal.com/american-football/usa/nfl-2024-2025/chicago-bears-cincinnati-bengals-hnTQGJCL/
17 Aug 2024,Pre-season,0,Houston Texans,New York Giants,28,10,,,https://www.oddsportal.com/american-football/usa/nfl-2024-2025/houston-texans-new-york-giants-CW9cBczq/
17 Aug 2024,Pre-season,0,Baltimore Ravens,Atlanta Falcons,13,12,,,https://www.oddsportal.com/american-football/usa/nfl-2024-2025/baltimore-ravens-atlanta-falcons-KYUIIur9/
15 Aug 2024,Pre-season,0,New England Patriots,Philadelphia Eagles,13,14,,,https://www.oddsportal.com/american-football/usa/nfl-2024-2025/new-england-patriots-philadelphia-eagles-KrYWfxj2/
11 Aug 2024,Pre-season,0,Los Angeles Rams,Dallas Cowboys,13,12,,,https://www.oddsportal.com/american-football/usa/nfl-2024-2025/los-angeles-rams-dallas-cowboys-CIUOdbLk/
11 Aug 2024,Pre-season,0,Indianapolis Colts,Denver Broncos,30,34,,,https://www.oddsportal.com/american-football/usa/nfl-2024-2025/indianapolis-colts-denver-broncos-Spgh2KcS/
10 Aug 2024,Pre-season,0,Arizona Cardinals,New Orleans Saints,14,16,,,https://www.oddsportal.com/american-football/usa/nfl-2024-2025/arizona-cardinals-new-orleans-saints-KKkp4tTF/
10 Aug 2024,Pre-season,0,Los Angeles Chargers,Seattle Seahawks,3,16,,,https://www.oddsportal.com/american-football/usa/nfl-2024-2025/los-angeles-chargers-seattle-seahawks-0IZr62b3/
10 Aug 2024,Pre-season,0,Cincinnati Bengals,Tampa Bay Buccaneers,14,17,,,https://www.oddsportal.com/american-football/usa/nfl-2024-2025/cincinnati-bengals-tampa-bay-buccaneers-6cRG2TiB/
10 Aug 2024,Pre-season,0,Jacksonville Jaguars,Kansas City Chiefs,26,13,,,https://www.oddsportal.com/american-football/usa/nfl-2024-2025/jacksonville-jaguars-kansas-city-chiefs-CdglpLyp/
10 Aug 2024,Pre-season,0,Tennessee Titans,San Francisco 49ers,17,13,,,https://www.oddsportal.com/american-football/usa/nfl-2024-2025/tennessee-titans-san-francisco-49ers-8Oncra6d/
10 Aug 2024,Pre-season,0,Cleveland Browns,Green Bay Packers,10,23,,,https://www.oddsportal.com/american-football/usa/nfl-2024-2025/cleveland-browns-green-bay-packers-prw84kNb/
10 Aug 2024,Pre-season,0,Minnesota Vikings,Las Vegas Raiders,24,23,,,https://www.oddsportal.com/american-football/usa/nfl-2024-2025/minnesota-vikings-las-vegas-raiders-voz06Bhn/
10 Aug 2024,Pre-season,0,Buffalo Bills,Chicago Bears,6,33,,,https://www.oddsportal.com/american-football/usa/nfl-2024-2025/buffalo-bills-chicago-bears-0K4kn87U/
10 Aug 2024,Pre-season,0,New York Jets,Washington Commanders,20,17,,,https://www.oddsportal.com/american-football/usa/nfl-2024-2025/new-york-jets-washington-commanders-S66slUxI/
09 Aug 2024,Pre-season,0,Baltimore Ravens,Philadelphia Eagles,13,16,,,https://www.oddsportal.com/american-football/usa/nfl-2024-2025/baltimore-ravens-philadelphia-eagles-WvDYkj85/
09 Aug 2024,Pre-season,0,Miami Dolphins,Atlanta Falcons,20,13,,,https://www.oddsportal.com/american-football/usa/nfl-2024-2025/miami-dolphins-atlanta-falcons-xbBIgY8t/
09 Aug 2024,Pre-season,0,Pittsburgh Steelers,Houston Texans,12,20,,,https://www.oddsportal.com/american-football/usa/nfl-2024-2025/pittsburgh-steelers-houston-texans-bDaRiCwg/
08 Aug 2024,Pre-season,0,New England Patriots,Carolina Panthers,17,3,,,https://www.oddsportal.com/american-football/usa/nfl-2024-2025/new-england-patriots-carolina-panthers-j7x0yigC/
08 Aug 2024,Pre-season,0,New York Giants,Detroit Lions,14,3,,,https://www.oddsportal.com/american-football/usa/nfl-2024-2025/new-york-giants-detroit-lions-nZV8ZUNO/
01 Aug 2024,Pre-season,1,Chicago Bears,Houston Texans,21,17,,,https://www.oddsportal.com/american-football/usa/nfl-2024-2025/chicago-bears-houston-texans-YFBHqmHq/
11 Feb 2024,Play Offs,1,Kansas City Chiefs,San Francisco 49ers,25,22,,,https://www.oddsportal.com/american-football/usa/nfl-2023-2024/kansas-city-chiefs-san-francisco-49ers-WjJaNya3/
28 Jan 2024,Play Offs,0,San Francisco 49ers,Detroit Lions,34,31,,,https://www.oddsportal.com/american-football/usa/nfl-2023-2024/san-francisco-49ers-detroit-lions-WU5Zib9G/
28 Jan 2024,Play Offs,0,Baltimore Ravens,Kansas City Chiefs,10,17,,,https://www.oddsportal.com/american-football/usa/nfl-2023-2024/baltimore-ravens-kansas-city-chiefs-llsl3qZE/
21 Jan 2024,Play Offs,0,Buffalo Bills,Kansas City Chiefs,24,27,,,https://www.oddsportal.com/american-football/usa/nfl-2023-2024/buffalo-bills-kansas-city-chiefs-ANRGmGKa/
21 Jan 2024,Play Offs,0,Detroit Lions,Tampa Bay Buccaneers,31,23,,,https://www.oddsportal.com/american-football/usa/nfl-2023-2024/detroit-lions-tampa-bay-buccaneers-jqIgpo8U/
20 Jan 2024,Play Offs,0,San Francisco 49ers,Green Bay Packers,24,21,,,https://www.oddsportal.com/american-football/usa/nfl-2023-2024/san-francisco-49ers-green-bay-packers-YZXclyLN/
20 Jan 2024,Play Offs,0,Baltimore Ravens,Houston Texans,34,10,,,https://www.oddsportal.com/american-football/usa/nfl-2023-2024/baltimore-ravens-houston-texans-WWSCld5g/
15 Jan 2024,Play Offs,0,Tampa Bay Buccaneers,Philadelphia Eagles,32,9,,,https://www.oddsportal.com/american-football/usa/nfl-2023-2024/tampa-bay-buccaneers-philadelphia-eagles-QJcTgAND/
15 Jan 2024,Play Offs,0,Buffalo Bills,Pittsburgh Steelers,31,17,,,https://www.oddsportal.com/american-football/usa/nfl-2023-2024/buffalo-bills-pittsburgh-steelers-IBeTA2b5/
14 Jan 2024,Play Offs,0,Detroit Lions,Los Angeles Rams,24,23,,,https://www.oddsportal.com/american-football/usa/nfl-2023-2024/detroit-lions-los-angeles-rams-vN1XhUxK/
14 Jan 2024,Play Offs,0,Dallas Cowboys,Green Bay Packers,32,48,,,https://www.oddsportal.com/american-football/usa/nfl-2023-2024/dallas-cowboys-green-bay-packers-zgm3m80s/
13 Jan 2024,Play Offs,0,Kansas City Chiefs,Miami Dolphins,26,7,,,https://www.oddsportal.com/american-football/usa/nfl-2023-2024/kansas-city-chiefs-miami-dolphins-48iPBrqa/
13 Jan 2024,Play Offs,0,Houston Texans,Cleveland Browns,45,14,,,https://www.oddsportal.com/american-football/usa/nfl-2023-2024/houston-texans-cleveland-browns-0xKQFK5L/
07 Jan 2024,Regular,0,Miami Dolphins,Buffalo Bills,14,21,125,-148,https://www.oddsportal.com/american-football/usa/nfl-2023-2024/miami-dolphins-buffalo-bills-phANLCYF/
07 Jan 2024,Regular,0,Arizona Cardinals,Seattle Seahawks,20,21,129,-150,https://www.oddsportal.com/american-football/usa/nfl-2023-2024/arizona-cardinals-seattle-seahawks-SfOi8g4G/
07 Jan 2024,Regular,0,Green Bay Packers,Chicago Bears,17,9,-152,131,https://www.oddsportal.com/american-football/usa/nfl-2023-2024/green-bay-packers-chicago-bears-Ye7z0VBd/
07 Jan 2024,Regular,0,Las Vegas Raiders,Denver Broncos,27,14,-177,149,https://www.oddsportal.com/american-football/usa/nfl-2023-2024/las-vegas-raiders-denver-broncos-61BJMhJ9/
07 Jan 2024,Regular,0,Los Angeles Chargers,Kansas City Chiefs,12,13,-180,152,https://www.oddsportal.com/american-football/usa/nfl-2023-2024/los-angeles-chargers-kansas-city-chiefs-QkfMNY33/
07 Jan 2024,Regular,0,New York Giants,Philadelphia Eagles,27,10,186,-227,https://www.oddsportal.com/american-football/usa/nfl-2023-2024/new-york-giants-philadelphia-eagles-bajbFABq/
07 Jan 2024,Regular,0,San Francisco 49ers,Los Angeles Rams,20,21,-250,201,https://www.oddsportal.com/american-football/usa/nfl-2023-2024/san-francisco-49ers-los-angeles-rams-xjk2EUQk/
07 Jan 2024,Regular,0,Washington Commanders,Dallas Cowboys,10,38,570,-835,https://www.oddsportal.com/american-football/usa/nfl-2023-2024/washington-commanders-dallas-cowboys-pGhAC8e2/
07 Jan 2024,Regular,0,Carolina Panthers,Tampa Bay Buccaneers,0,9,195,-238,https://www.oddsportal.com/american-football/usa/nfl-2023-2024/carolina-panthers-tampa-bay-buccaneers-zLRa6XYS/
07 Jan 2024,Regular,0,Cincinnati Bengals,Cleveland Browns,31,14,-339,269,https://www.oddsportal.com/american-football/usa/nfl-2023-2024/cincinnati-bengals-cleveland-browns-xUDR1isp/
07 Jan 2024,Regular,0,Detroit Lions,Minnesota Vikings,30,20,-196,163,https://www.oddsportal.com/american-football/usa/nfl-2023-2024/detroit-lions-minnesota-vikings-Kh3W0Bdj/
07 Jan 2024,Regular,0,New England Patriots,New York Jets,3,17,-141,120,https://www.oddsportal.com/american-football/usa/nfl-2023-2024/new-england-patriots-new-york-jets-vF9RKWmM/
07 Jan 2024,Regular,0,New Orleans Saints,Atlanta Falcons,48,17,-174,147,https://www.oddsportal.com/american-football/usa/nfl-2023-2024/new-orleans-saints-atlanta-falcons-hIDVJj3S/
07 Jan 2024,Regular,0,Tennessee Titans,Jacksonville Jaguars,28,20,153,-186,https://www.oddsportal.com/american-football/usa/nfl-2023-2024/tennessee-titans-jacksonville-jaguars-6Pg6Dltd/
06 Jan 2024,Regular,0,Indianapolis Colts,Houston Texans,19,23,103,-125,https://www.oddsportal.com/american-football/usa/nfl-2023-2024/indianapolis-colts-houston-texans-naeIOElc/
06 Jan 2024,Regular,0,Baltimore Ravens,Pittsburgh Steelers,10,17,140,-168,https://www.oddsportal.com/american-football/usa/nfl-2023-2024/baltimore-ravens-pittsburgh-steelers-6oNe7DJM/
31 Dec 2023,Regular,0,Minnesota Vikings,Green Bay Packers,10,33,-110,-107,https://www.oddsportal.com/american-football/usa/nfl-2023-2024/minnesota-vikings-green-bay-packers-YeVrAFZ3/
31 Dec 2023,Regular,0,Denver Broncos,Los Angeles Chargers,16,9,-186,154,https://www.oddsportal.com/american-football/usa/nfl-2023-2024/denver-broncos-los-angeles-chargers-vZVvBeKc/
31 Dec 2023,Regular,0,Kansas City Chiefs,Cincinnati Bengals,25,17,-336,270,https://www.oddsportal.com/american-football/usa/nfl-2023-2024/kansas-city-chiefs-cincinnati-bengals-KC9kKy4A/
31 Dec 2023,Regular,0,Seattle Seahawks,Pittsburgh Steelers,23,30,-206,173,https://www.oddsportal.com/american-football/usa/nfl-2023-2024/seattle-seahawks-pittsburgh-steelers-0rXzCy5i/
31 Dec 2023,Regular,0,Baltimore Ravens,Miami Dolphins,56,19,-172,144,https://www.oddsportal.com/american-football/usa/nfl-2023-2024/baltimore-ravens-miami-dolphins-Q9vUFp6P/
31 Dec 2023,Regular,0,Buffalo Bills,New England Patriots,27,21,-1053,672,https://www.oddsportal.com/american-football/usa/nfl-2023-2024/buffalo-bills-new-england-patriots-2VVeB4Et/
31 Dec 2023,Regular,0,Chicago Bears,Atlanta Falcons,37,17,-148,125,https://www.oddsportal.com/american-football/usa/nfl-2023-2024/chicago-bears-atlanta-falcons-pfL0AOTn/
31 Dec 2023,Regular,0,Houston Texans,Tennessee Titans,26,3,-234,193,https://www.oddsportal.com/american-football/usa/nfl-2023-2024/houston-texans-tennessee-titans-OpK49rqg/
31 Dec 2023,Regular,0,Indianapolis Colts,Las Vegas Raiders,23,20,-188,155,https://www.oddsportal.com/american-football/usa/nfl-2023-2024/indianapolis-colts-las-vegas-raiders-ILY782ba/
31 Dec 2023,Regular,0,Jacksonville Jaguars,Carolina Panthers,26,0,-194,162,https://www.oddsportal.com/american-football/usa/nfl-2023-2024/jacksonville-jaguars-carolina-panthers-dCXB7MD5/
31 Dec 2023,Regular,0,New York Giants,Los Angeles Rams,25,26,227,-278,https://www.oddsportal.com/american-football/usa/nfl-2023-2024/new-york-giants-los-angeles-rams-vyNG6tTB/
31 Dec 2023,Regular,0,Philadelphia Eagles,Arizona Cardinals,31,35,-715,503,https://www.oddsportal.com/american-football/usa/nfl-2023-2024/philadelphia-eagles-arizona-cardinals-hvRK50rI/
31 Dec 2023,Regular,0,Tampa Bay Buccaneers,New Orleans Saints,13,23,-147,129,https://www.oddsportal.com/american-football/usa/nfl-2023-2024/tampa-bay-buccaneers-new-orleans-saints-pzkllYCp/
31 Dec 2023,Regular,0,Washington Commanders,San Francisco 49ers,10,27,617,-953,https://www.oddsportal.com/american-football/usa/nfl-2023-2024/washington-commanders-san-francisco-49ers-OQmhmhSj/
30 Dec 2023,Regular,0,Dallas Cowboys,Detroit Lions,20,19,-234,189,https://www.oddsportal.com/american-football/usa/nfl-2023-2024/dallas-cowboys-detroit-lions-C6jni1TO/
28 Dec 2023,Regular,0,Cleveland Browns,New York Jets,37,20,-339,271,https://www.oddsportal.com/american-football/usa/nfl-2023-2024/cleveland-browns-new-york-jets-YFirhsEI/
25 Dec 2023,Regular,0,San Francisco 49ers,Baltimore Ravens,19,33,-294,231,https://www.oddsportal.com/american-football/usa/nfl-2023-2024/san-francisco-49ers-baltimore-ravens-GvcwgNbC/
25 Dec 2023,Regular,0,Philadelphia Eagles,New York Giants,33,25,-910,578,https://www.oddsportal.com/american-football/usa/nfl-2023-2024/philadelphia-eagles-new-york-giants-dzbko58Q/
25 Dec 2023,Regular,0,Kansas City Chiefs,Las Vegas Raiders,14,20,-589,440,https://www.oddsportal.com/american-football/usa/nfl-2023-2024/kansas-city-chiefs-las-vegas-raiders-E51iKxWT/
24 Dec 2023,Regular,0,Denver Broncos,New England Patriots,23,26,-342,285,https://www.oddsportal.com/american-football/usa/nfl-2023-2024/denver-broncos-new-england-patriots-xlbZg3q6/
24 Dec 2023,Regular,0,Chicago Bears,Arizona Cardinals,27,16,-212,177,https://www.oddsportal.com/american-football/usa/nfl-2023-2024/chicago-bears-arizona-cardinals-WjeRePEg/
24 Dec 2023,Regular,0,Miami Dolphins,Dallas Cowboys,22,20,-124,104,https://www.oddsportal.com/american-football/usa/nfl-2023-2024/miami-dolphins-dallas-cowboys-rRbVfqUa/
24 Dec 2023,Regular,0,Tampa Bay Buccaneers,Jacksonville Jaguars,30,12,109,-130,https://www.oddsportal.com/american-football/usa/nfl-2023-2024/tampa-bay-buccaneers-jacksonville-jaguars-lS5Md5am/
24 Dec 2023,Regular,0,Atlanta Falcons,Indianapolis Colts,29,10,-152,129,https://www.oddsportal.com/american-football/usa/nfl-2023-2024/atlanta-falcons-indianapolis-colts-UNYetpF6/
24 Dec 2023,Regular,0,Carolina Panthers,Green Bay Packers,30,33,163,-195,https://www.oddsportal.com/american-football/usa/nfl-2023-2024/carolina-panthers-green-bay-packers-OpYau4UC/
24 Dec 2023,Regular,0,Houston Texans,Cleveland Browns,22,36,133,-155,https://www.oddsportal.com/american-football/usa/nfl-2023-2024/houston-texans-cleveland-browns-xlx4vOqJ/
24 Dec 2023,Regular,0,Minnesota Vikings,Detroit Lions,24,30,124,-140,https://www.oddsportal.com/american-football/usa/nfl-2023-2024/minnesota-vikings-detroit-lions-vgGn37MJ/
24 Dec 2023,Regular,0,New York Jets,Washington Commanders,30,28,-162,137,https://www.oddsportal.com/american-football/usa/nfl-2023-2024/new-york-jets-washington-commanders-IqFj2RyQ/
24 Dec 2023,Regular,0,Tennessee Titans,Seattle Seahawks,17,20,135,-157,https://www.oddsportal.com/american-football/usa/nfl-2023-2024/tennessee-titans-seattle-seahawks-Ay7Icops/
23 Dec 2023,Regular,0,Los Angeles Chargers,Buffalo Bills,22,24,544,-755,https://www.oddsportal.com/american-football/usa/nfl-2023-2024/los-angeles-chargers-buffalo-bills-jXZisQa0/
23 Dec 2023,Regular,0,Pittsburgh Steelers,Cincinnati Bengals,34,11,130,-150,https://www.oddsportal.com/american-football/usa/nfl-2023-2024/pittsburgh-steelers-cincinnati-bengals-ALIfr6pf/
21 Dec 2023,Regular,0,Los Angeles Rams,New Orleans Saints,30,22,-208,175,https://www.oddsportal.com/american-football/usa/nfl-2023-2024/los-angeles-rams-new-orleans-saints-WUJjqnVm/
18 Dec 2023,Regular,0,Seattle Seahawks,Philadelphia Eagles,20,17,174,-212,https://www.oddsportal.com/american-football/usa/nfl-2023-2024/seattle-seahawks-philadelphia-eagles-WGvIUnGf/
17 Dec 2023,Regular,0,Jacksonville Jaguars,Baltimore Ravens,7,23,167,-202,https://www.oddsportal.com/american-football/usa/nfl-2023-2024/jacksonville-jaguars-baltimore-ravens-U1cLT6V0/
17 Dec 2023,Regular,0,Buffalo Bills,Dallas Cowboys,31,10,-135,116,https://www.oddsportal.com/american-football/usa/nfl-2023-2024/buffalo-bills-dallas-cowboys-xfuEVS0l/
17 Dec 2023,Regular,0,Arizona Cardinals,San Francisco 49ers,29,45,529,-741,https://www.oddsportal.com/american-football/usa/nfl-2023-2024/arizona-cardinals-san-francisco-49ers-I9bsykwR/
17 Dec 2023,Regular,0,Los Angeles Rams,Washington Commanders,28,20,-310,248,https://www.oddsportal.com/american-football/usa/nfl-2023-2024/los-angeles-rams-washington-commanders-b3tAW8or/
17 Dec 2023,Regular,0,Carolina Panthers,Atlanta Falcons,9,7,127,-151,https://www.oddsportal.com/american-football/usa/nfl-2023-2024/carolina-panthers-atlanta-falcons-jHoURp0D/
17 Dec 2023,Regular,0,Cleveland Browns,Chicago Bears,20,17,-153,130,https://www.oddsportal.com/american-football/usa/nfl-2023-2024/cleveland-browns-chicago-bears-INwGklhK/
17 Dec 2023,Regular,0,Green Bay Packers,Tampa Bay Buccaneers,20,34,-194,162,https://www.oddsportal.com/american-football/usa/nfl-2023-2024/green-bay-packers-tampa-bay-buccaneers-UmInF7G7/
17 Dec 2023,Regular,0,Miami Dolphins,New York Jets,30,0,-392,301,https://www.oddsportal.com/american-football/usa/nfl-2023-2024/miami-dolphins-new-york-jets-WhdVwig8/
17 Dec 2023,Regular,0,New England Patriots,Kansas City Chiefs,17,27,370,-501,https://www.oddsportal.com/american-football/usa/nfl-2023-2024/new-england-patriots-kansas-city-chiefs-CQnQSQp7/
17 Dec 2023,Regular,0,New Orleans Saints,New York Giants,24,6,-274,220,https://www.oddsportal.com/american-football/usa/nfl-2023-2024/new-orleans-saints-new-york-giants-pd0ZxB8E/
17 Dec 2023,Regular,0,Tennessee Titans,Houston Texans,16,19,-159,133,https://www.oddsportal.com/american-football/usa/nfl-2023-2024/tennessee-titans-houston-texans-vJawxVNK/
16 Dec 2023,Regular,0,Detroit Lions,Denver Broncos,42,17,-229,191,https://www.oddsportal.com/american-football/usa/nfl-2023-2024/detroit-lions-denver-broncos-0nTKl87Q/
16 Dec 2023,Regular,0,Indianapolis Colts,Pittsburgh Steelers,30,13,-123,107,https://www.oddsportal.com/american-football/usa/nfl-2023-2024/indianapolis-colts-pittsburgh-steelers-x8KnpSFs/
16 Dec 2023,Regular,0,Cincinnati Bengals,Minnesota Vikings,27,24,-173,147,https://www.oddsportal.com/american-football/usa/nfl-2023-2024/cincinnati-bengals-minnesota-vikings-vXvCjUxE/
14 Dec 2023,Regular,0,Las Vegas Raiders,Los Angeles Chargers,63,21,-155,133,https://www.oddsportal.com/american-football/usa/nfl-2023-2024/las-vegas-raiders-los-angeles-chargers-jcJrGm11/
11 Dec 2023,Regular,0,Miami Dolphins,Tennessee Titans,27,28,-852,558,https://www.oddsportal.com/american-football/usa/nfl-2023-2024/miami-dolphins-tennessee-titans-4tLzI9Wl/
11 Dec 2023,Regular,0,New York Giants,Green Bay Packers,24,22,194,-243,https://www.oddsportal.com/american-football/usa/nfl-2023-2024/new-york-giants-green-bay-packers-rXJvHToe/
10 Dec 2023,Regular,0,Dallas Cowboys,Philadelphia Eagles,33,13,-170,146,https://www.oddsportal.com/american-football/usa/nfl-2023-2024/dallas-cowboys-philadelphia-eagles-MHVVIkHr/
10 Dec 2023,Regular,0,Kansas City Chiefs,Buffalo Bills,17,20,-136,115,https://www.oddsportal.com/american-football/usa/nfl-2023-2024/kansas-city-chiefs-buffalo-bills-GI3bybX9/
10 Dec 2023,Regular,0,Los Angeles Chargers,Denver Broncos,7,24,-160,136,https://www.oddsportal.com/american-football/usa/nfl-2023-2024/los-angeles-chargers-denver-broncos-Au32zInG/
10 Dec 2023,Regular,0,Las Vegas Raiders,Minnesota Vikings,0,3,123,-143,https://www.oddsportal.com/american-football/usa/nfl-2023-2024/las-vegas-raiders-minnesota-vikings-KjAkwK2c/
10 Dec 2023,Regular,0,San Francisco 49ers,Seattle Seahawks,28,16,-879,580,https://www.oddsportal.com/american-football/usa/nfl-2023-2024/san-francisco-49ers-seattle-seahawks-xS4fxvI3/
10 Dec 2023,Regular,0,Atlanta Falcons,Tampa Bay Buccaneers,25,29,-129,107,https://www.oddsportal.com/american-football/usa/nfl-2023-2024/atlanta-falcons-tampa-bay-buccaneers-OOvLNv3A/
10 Dec 2023,Regular,0,Baltimore Ravens,Los Angeles Rams,37,31,-361,279,https://www.oddsportal.com/american-football/usa/nfl-2023-2024/baltimore-ravens-los-angeles-rams-2FwPMbIG/
10 Dec 2023,Regular,0,Chicago Bears,Detroit Lions,28,13,150,-179,https://www.oddsportal.com/american-football/usa/nfl-2023-2024/chicago-bears-detroit-lions-WlrTLIXM/
10 Dec 2023,Regular,0,Cincinnati Bengals,Indianapolis Colts,34,14,-138,116,https://www.oddsportal.com/american-football/usa/nfl-2023-2024/cincinnati-bengals-indianapolis-colts-AusXKxmT/
10 Dec 2023,Regular,0,Cleveland Browns,Jacksonville Jaguars,31,27,-117,-101,https://www.oddsportal.com/american-football/usa/nfl-2023-2024/cleveland-browns-jacksonville-jaguars-GMJaGdep/
10 Dec 2023,Regular,0,New Orleans Saints,Carolina Panthers,28,6,-253,209,https://www.oddsportal.com/american-football/usa/nfl-2023-2024/new-orleans-saints-carolina-panthers-SdN3FGAj/
10 Dec 2023,Regular,0,New York Jets,Houston Texans,30,6,157,-186,https://www.oddsportal.com/american-football/usa/nfl-2023-2024/new-york-jets-houston-texans-t0Bov0mi/
07 Dec 2023,Regular,0,Pittsburgh Steelers,New England Patriots,18,21,-263,212,https://www.oddsportal.com/american-football/usa/nfl-2023-2024/pittsburgh-steelers-new-england-patriots-t0kGOKm4/
04 Dec 2023,Regular,0,Jacksonville Jaguars,Cincinnati Bengals,31,34,-494,375,https://www.oddsportal.com/american-football/usa/nfl-2023-2024/jacksonville-jaguars-cincinnati-bengals-SdoCP0Yc/
03 Dec 2023,Regular,0,Green Bay Packers,Kansas City Chiefs,27,19,211,-255,https://www.oddsportal.com/american-football/usa/nfl-2023-2024/green-bay-packers-kansas-city-chiefs-YZo8QtJi/
03 Dec 2023,Regular,0,Los Angeles Rams,Cleveland Browns,36,19,-189,164,https://www.oddsportal.com/american-football/usa/nfl-2023-2024/los-angeles-rams-cleveland-browns-fqm4RM3o/
03 Dec 2023,Regular,0,Philadelphia Eagles,San Francisco 49ers,19,42,134,-156,https://www.oddsportal.com/american-football/usa/nfl-2023-2024/philadelphia-eagles-san-francisco-49ers-8SMQYyoN/
03 Dec 2023,Regular,0,Tampa Bay Buccaneers,Carolina Panthers,21,18,-211,173,https://www.oddsportal.com/american-football/usa/nfl-2023-2024/tampa-bay-buccaneers-carolina-panthers-b7xf9ulH/
03 Dec 2023,Regular,0,New England Patriots,Los Angeles Chargers,0,6,186,-230,https://www.oddsportal.com/american-football/usa/nfl-2023-2024/new-england-patriots-los-angeles-chargers-URpwDNlh/
03 Dec 2023,Regular,0,New Orleans Saints,Detroit Lions,28,33,169,-199,https://www.oddsportal.com/american-football/usa/nfl-2023-2024/new-orleans-saints-detroit-lions-8IqsCs4b/
03 Dec 2023,Regular,0,New York Jets,Atlanta Falcons,8,13,113,-130,https://www.oddsportal.com/american-football/usa/nfl-2023-2024/new-york-jets-atlanta-falcons-xhloB1J4/
03 Dec 2023,Regular,0,Houston Texans,Denver Broncos,22,17,-170,147,https://www.oddsportal.com/american-football/usa/nfl-2023-2024/houston-texans-denver-broncos-8tST2wRp/
03 Dec 2023,Regular,0,Pittsburgh Steelers,Arizona Cardinals,10,24,-288,232,https://www.oddsportal.com/american-football/usa/nfl-2023-2024/pittsburgh-steelers-arizona-cardinals-GrmkALYA/
03 Dec 2023,Regular,0,Tennessee Titans,Indianapolis Colts,28,31,103,-121,https://www.oddsportal.com/american-football/usa/nfl-2023-2024/tennessee-titans-indianapolis-colts-CAtb8a3N/
03 Dec 2023,Regular,0,Washington Commanders,Miami Dolphins,15,45,333,-422,https://www.oddsportal.com/american-football/usa/nfl-2023-2024/washington-commanders-miami-dolphins-6Xu27JIT/
30 Nov 2023,Regular,0,Dallas Cowboys,Seattle Seahawks,41,35,-488,357,https://www.oddsportal.com/american-football/usa/nfl-2023-2024/dallas-cowboys-seattle-seahawks-n3eYD3Zo/
27 Nov 2023,Regular,0,Minnesota Vikings,Chicago Bears,10,12,-160,141,https://www.oddsportal.com/american-football/usa/nfl-2023-2024/minnesota-vikings-chicago-bears-zTiUEqKu/
26 Nov 2023,Regular,0,Los Angeles Chargers,Baltimore Ravens,10,20,143,-166,https://www.oddsportal.com/american-football/usa/nfl-2023-2024/los-angeles-chargers-baltimore-ravens-b7GOg0lU/
26 Nov 2023,Regular,0,Las Vegas Raiders,Kansas City Chiefs,17,31,373,-488,https://www.oddsportal.com/american-football/usa/nfl-2023-2024/las-vegas-raiders-kansas-city-chiefs-2uNFeMJH/
26 Nov 2023,Regular,0,Philadelphia Eagles,Buffalo Bills,37,34,-148,125,https://www.oddsportal.com/american-football/usa/nfl-2023-2024/philadelphia-eagles-buffalo-bills-KGHKftZN/
26 Nov 2023,Regular,0,Arizona Cardinals,Los Angeles Rams,14,37,131,-152,https://www.oddsportal.com/american-football/usa/nfl-2023-2024/arizona-cardinals-los-angeles-rams-URO7crk5/
26 Nov 2023,Regular,0,Denver Broncos,Cleveland Browns,29,12,-127,107,https://www.oddsportal.com/american-football/usa/nfl-2023-2024/denver-broncos-cleveland-browns-OlOBd24B/
26 Nov 2023,Regular,0,Atlanta Falcons,New Orleans Saints,24,15,108,-129,https://www.oddsportal.com/american-football/usa/nfl-2023-2024/atlanta-falcons-new-orleans-saints-t2KrcEwP/
26 Nov 2023,Regular,0,Cincinnati Bengals,Pittsburgh Steelers,10,16,114,-135,https://www.oddsportal.com/american-football/usa/nfl-2023-2024/cincinnati-bengals-pittsburgh-steelers-pzoP56sP/
26 Nov 2023,Regular,0,Houston Texans,Jacksonville Jaguars,21,24,101,-121,https://www.oddsportal.com/american-football/usa/nfl-2023-2024/houston-texans-jacksonville-jaguars-nqXj1Qkt/
26 Nov 2023,Regular,0,Indianapolis Colts,Tampa Bay Buccaneers,27,20,-148,126,https://www.oddsportal.com/american-football/usa/nfl-2023-2024/indianapolis-colts-tampa-bay-buccaneers-f9Wf0p5n/
26 Nov 2023,Regular,0,New York Giants,New England Patriots,10,7,179,-215,https://www.oddsportal.com/american-football/usa/nfl-2023-2024/new-york-giants-new-england-patriots-YaVba4Kh/
26 Nov 2023,Regular,0,Tennessee Titans,Carolina Panthers,17,10,-184,155,https://www.oddsportal.com/american-football/usa/nfl-2023-2024/tennessee-titans-carolina-panthers-GOK3bOZb/
24 Nov 2023,Regular,0,New York Jets,Miami Dolphins,13,34,356,-477,https://www.oddsportal.com/american-football/usa/nfl-2023-2024/new-york-jets-miami-dolphins-fkQzgg64/
23 Nov 2023,Regular,0,Seattle Seahawks,San Francisco 49ers,13,31,264,-325,https://www.oddsportal.com/american-football/usa/nfl-2023-2024/seattle-seahawks-san-francisco-49ers-SbGvbfOI/
23 Nov 2023,Regular,0,Dallas Cowboys,Washington Commanders,45,10,-755,527,https://www.oddsportal.com/american-football/usa/nfl-2023-2024/dallas-cowboys-washington-commanders-YyHzaz9C/
23 Nov 2023,Regular,0,Detroit Lions,Green Bay Packers,22,29,-417,316,https://www.oddsportal.com/american-football/usa/nfl-2023-2024/detroit-lions-green-bay-packers-foIWaGg6/
20 Nov 2023,Regular,0,Kansas City Chiefs,Philadelphia Eagles,17,21,-145,125,https://www.oddsportal.com/american-football/usa/nfl-2023-2024/kansas-city-chiefs-philadelphia-eagles-xANR0dv0/
19 Nov 2023,Regular,0,Denver Broncos,Minnesota Vikings,21,20,-145,124,https://www.oddsportal.com/american-football/usa/nfl-2023-2024/denver-broncos-minnesota-vikings-bJON1xPg/
19 Nov 2023,Regular,0,Buffalo Bills,New York Jets,32,6,-413,314,https://www.oddsportal.com/american-football/usa/nfl-2023-2024/buffalo-bills-new-york-jets-6B6G3bfs/
19 Nov 2023,Regular,0,Los Angeles Rams,Seattle Seahawks,17,16,-132,114,https://www.oddsportal.com/american-football/usa/nfl-2023-2024/los-angeles-rams-seattle-seahawks-4dPJ2I9m/
19 Nov 2023,Regular,0,San Francisco 49ers,Tampa Bay Buccaneers,27,14,-817,563,https://www.oddsportal.com/american-football/usa/nfl-2023-2024/san-francisco-49ers-tampa-bay-buccaneers-QDhnLQPE/
19 Nov 2023,Regular,0,Carolina Panthers,Dallas Cowboys,10,33,429,-598,https://www.oddsportal.com/american-football/usa/nfl-2023-2024/carolina-panthers-dallas-cowboys-n75K6RAL/
19 Nov 2023,Regular,0,Cleveland Browns,Pittsburgh Steelers,13,10,-134,116,https://www.oddsportal.com/american-football/usa/nfl-2023-2024/cleveland-browns-pittsburgh-steelers-SIMH5oQR/
19 Nov 2023,Regular,0,Detroit Lions,Chicago Bears,31,26,-381,299,https://www.oddsportal.com/american-football/usa/nfl-2023-2024/detroit-lions-chicago-bears-UR8q15Yr/
19 Nov 2023,Regular,0,Green Bay Packers,Los Angeles Chargers,23,20,133,-156,https://www.oddsportal.com/american-football/usa/nfl-2023-2024/green-bay-packers-los-angeles-chargers-Ol8m0Pmk/
19 Nov 2023,Regular,0,Houston Texans,Arizona Cardinals,21,16,-244,201,https://www.oddsportal.com/american-football/usa/nfl-2023-2024/houston-texans-arizona-cardinals-xhCiaq3e/
19 Nov 2023,Regular,0,Jacksonville Jaguars,Tennessee Titans,34,14,-317,248,https://www.oddsportal.com/american-football/usa/nfl-2023-2024/jacksonville-jaguars-tennessee-titans-KG1db3I1/
19 Nov 2023,Regular,0,Miami Dolphins,Las Vegas Raiders,20,13,-890,584,https://www.oddsportal.com/american-football/usa/nfl-2023-2024/miami-dolphins-las-vegas-raiders-b700cNX7/
19 Nov 2023,Regular,0,Washington Commanders,New York Giants,19,31,-381,302,https://www.oddsportal.com/american-football/usa/nfl-2023-2024/washington-commanders-new-york-giants-nNgrM6A8/
16 Nov 2023,Regular,0,Baltimore Ravens,Cincinnati Bengals,34,20,-199,165,https://www.oddsportal.com/american-football/usa/nfl-2023-2024/baltimore-ravens-cincinnati-bengals-8G6G77eF/
13 Nov 2023,Regular,0,Buffalo Bills,Denver Broncos,22,24,-377,294,https://www.oddsportal.com/american-football/usa/nfl-2023-2024/buffalo-bills-denver-broncos-jLLHn6Jk/
12 Nov 2023,Regular,0,Las Vegas Raiders,New York Jets,16,12,-104,-111,https://www.oddsportal.com/american-football/usa/nfl-2023-2024/las-vegas-raiders-new-york-jets-CUMDmn4q/
12 Nov 2023,Regular,0,Dallas Cowboys,New York Giants,49,17,-1907,969,https://www.oddsportal.com/american-football/usa/nfl-2023-2024/dallas-cowboys-new-york-giants-fDtsg8tM/
12 Nov 2023,Regular,0,Seattle Seahawks,Washington Commanders,29,26,-270,217,https://www.oddsportal.com/american-football/usa/nfl-2023-2024/seattle-seahawks-washington-commanders-6mpohSeS/
12 Nov 2023,Regular,0,Arizona Cardinals,Atlanta Falcons,25,23,113,-131,https://www.oddsportal.com/american-football/usa/nfl-2023-2024/arizona-cardinals-atlanta-falcons-MarZfUB9/
12 Nov 2023,Regular,0,Los Angeles Chargers,Detroit Lions,38,41,115,-134,https://www.oddsportal.com/american-football/usa/nfl-2023-2024/los-angeles-chargers-detroit-lions-0jswflRF/
12 Nov 2023,Regular,0,Baltimore Ravens,Cleveland Browns,31,33,-259,209,https://www.oddsportal.com/american-football/usa/nfl-2023-2024/baltimore-ravens-cleveland-browns-EgL7v9RS/
12 Nov 2023,Regular,0,Cincinnati Bengals,Houston Texans,27,30,-252,201,https://www.oddsportal.com/american-football/usa/nfl-2023-2024/cincinnati-bengals-houston-texans-G27ZZSZq/
12 Nov 2023,Regular,0,Jacksonville Jaguars,San Francisco 49ers,3,34,145,-171,https://www.oddsportal.com/american-football/usa/nfl-2023-2024/jacksonville-jaguars-san-francisco-49ers-bRdvZnkj/
12 Nov 2023,Regular,0,Minnesota Vikings,New Orleans Saints,27,19,128,-150,https://www.oddsportal.com/american-football/usa/nfl-2023-2024/minnesota-vikings-new-orleans-saints-CU0rY64d/
12 Nov 2023,Regular,0,Pittsburgh Steelers,Green Bay Packers,23,19,-172,146,https://www.oddsportal.com/american-football/usa/nfl-2023-2024/pittsburgh-steelers-green-bay-packers-QXlQdjsc/
12 Nov 2023,Regular,0,Tampa Bay Buccaneers,Tennessee Titans,20,6,-144,123,https://www.oddsportal.com/american-football/usa/nfl-2023-2024/tampa-bay-buccaneers-tennessee-titans-4OmUeAd3/
12 Nov 2023,Regular,1,New England Patriots,Indianapolis Colts,6,10,105,-125,https://www.oddsportal.com/american-football/usa/nfl-2023-2024/new-england-patriots-indianapolis-colts-rgiM9TTT/
09 Nov 2023,Regular,0,Chicago Bears,Carolina Panthers,16,13,-175,151,https://www.oddsportal.com/american-football/usa/nfl-2023-2024/chicago-bears-carolina-panthers-KI64ukCM/
06 Nov 2023,Regular,0,New York Jets,Los Angeles Chargers,6,27,149,-178,https://www.oddsportal.com/american-football/usa/nfl-2023-2024/new-york-jets-los-angeles-chargers-tS70tVdG/
05 Nov 2023,Regular,0,Cincinnati Bengals,Buffalo Bills,24,18,-125,104,https://www.oddsportal.com/american-football/usa/nfl-2023-2024/cincinnati-bengals-buffalo-bills-b3IesBsA/
05 Nov 2023,Regular,0,Las Vegas Raiders,New York Giants,30,6,-117,-100,https://www.oddsportal.com/american-football/usa/nfl-2023-2024/las-vegas-raiders-new-york-giants-jwFmqXCc/
05 Nov 2023,Regular,0,Philadelphia Eagles,Dallas Cowboys,28,23,-172,147,https://www.oddsportal.com/american-football/usa/nfl-2023-2024/philadelphia-eagles-dallas-cowboys-p0EiriS3/
05 Nov 2023,Regular,0,Carolina Panthers,Indianapolis Colts,13,27,104,-123,https://www.oddsportal.com/american-football/usa/nfl-2023-2024/carolina-panthers-indianapolis-colts-CnGqpDci/
05 Nov 2023,Regular,0,Atlanta Falcons,Minnesota Vikings,28,31,-193,162,https://www.oddsportal.com/american-football/usa/nfl-2023-2024/atlanta-falcons-minnesota-vikings-xzkEUXc4/
05 Nov 2023,Regular,0,Baltimore Ravens,Seattle Seahawks,37,3,-274,222,https://www.oddsportal.com/american-football/usa/nfl-2023-2024/baltimore-ravens-seattle-seahawks-69gITiDA/
05 Nov 2023,Regular,0,Cleveland Browns,Arizona Cardinals,27,0,-741,518,https://www.oddsportal.com/american-football/usa/nfl-2023-2024/cleveland-browns-arizona-cardinals-p0hMSBSG/
05 Nov 2023,Regular,0,Green Bay Packers,Los Angeles Rams,20,3,-201,167,https://www.oddsportal.com/american-football/usa/nfl-2023-2024/green-bay-packers-los-angeles-rams-SOsRRVsN/
05 Nov 2023,Regular,0,Houston Texans,Tampa Bay Buccaneers,39,37,-148,129,https://www.oddsportal.com/american-football/usa/nfl-2023-2024/houston-texans-tampa-bay-buccaneers-vaoVQkcT/
05 Nov 2023,Regular,0,New England Patriots,Washington Commanders,17,20,-152,129,https://www.oddsportal.com/american-football/usa/nfl-2023-2024/new-england-patriots-washington-commanders-dvYdM95p/
05 Nov 2023,Regular,0,New Orleans Saints,Chicago Bears,24,17,-431,328,https://www.oddsportal.com/american-football/usa/nfl-2023-2024/new-orleans-saints-chicago-bears-zVW0LTKj/
05 Nov 2023,Regular,1,Kansas City Chiefs,Miami Dolphins,21,14,-112,-104,https://www.oddsportal.com/american-football/usa/nfl-2023-2024/kansas-city-chiefs-miami-dolphins-C8VZSjUi/
02 Nov 2023,Regular,0,Pittsburgh Steelers,Tennessee Titans,20,16,-172,144,https://www.oddsportal.com/american-football/usa/nfl-2023-2024/pittsburgh-steelers-tennessee-titans-bqjAVDrb/
30 Oct 2023,Regular,0,Detroit Lions,Las Vegas Raiders,26,14,-351,277,https://www.oddsportal.com/american-football/usa/nfl-2023-2024/detroit-lions-las-vegas-raiders-GK05WgTi/
29 Oct 2023,Regular,0,Los Angeles Chargers,Chicago Bears,30,13,-488,362,https://www.oddsportal.com/american-football/usa/nfl-2023-2024/los-angeles-chargers-chicago-bears-2Hd1XZDo/
29 Oct 2023,Regular,0,Arizona Cardinals,Baltimore Ravens,24,31,370,-494,https://www.oddsportal.com/american-football/usa/nfl-2023-2024/arizona-cardinals-baltimore-ravens-WxUhRbiC/
29 Oct 2023,Regular,0,Denver Broncos,Kansas City Chiefs,24,9,266,-330,https://www.oddsportal.com/american-football/usa/nfl-2023-2024/denver-broncos-kansas-city-chiefs-ClojQI6I/
29 Oct 2023,Regular,0,San Francisco 49ers,Cincinnati Bengals,17,31,-207,173,https://www.oddsportal.com/american-football/usa/nfl-2023-2024/san-francisco-49ers-cincinnati-bengals-lE8J8jyo/
29 Oct 2023,Regular,0,Seattle Seahawks,Cleveland Browns,24,20,-202,170,https://www.oddsportal.com/american-football/usa/nfl-2023-2024/seattle-seahawks-cleveland-browns-hnVlSvx6/
29 Oct 2023,Regular,0,Carolina Panthers,Houston Texans,15,13,149,-177,https://www.oddsportal.com/american-football/usa/nfl-2023-2024/carolina-panthers-houston-texans-bBjCEL76/
29 Oct 2023,Regular,0,Dallas Cowboys,Los Angeles Rams,43,20,-306,242,https://www.oddsportal.com/american-football/usa/nfl-2023-2024/dallas-cowboys-los-angeles-rams-hYkGDuNC/
29 Oct 2023,Regular,0,Green Bay Packers,Minnesota Vikings,10,24,-103,-115,https://www.oddsportal.com/american-football/usa/nfl-2023-2024/green-bay-packers-minnesota-vikings-jJ8JCaxJ/
29 Oct 2023,Regular,0,Indianapolis Colts,New Orleans Saints,27,38,107,-126,https://www.oddsportal.com/american-football/usa/nfl-2023-2024/indianapolis-colts-new-orleans-saints-hOn2yqFJ/
29 Oct 2023,Regular,0,Miami Dolphins,New England Patriots,31,17,-405,305,https://www.oddsportal.com/american-football/usa/nfl-2023-2024/miami-dolphins-new-england-patriots-WEo6z3UP/
29 Oct 2023,Regular,0,New York Giants,New York Jets,10,13,137,-162,https://www.oddsportal.com/american-football/usa/nfl-2023-2024/new-york-giants-new-york-jets-O6wYVMxs/
29 Oct 2023,Regular,0,Pittsburgh Steelers,Jacksonville Jaguars,10,20,116,-136,https://www.oddsportal.com/american-football/usa/nfl-2023-2024/pittsburgh-steelers-jacksonville-jaguars-2cxxVthm/
29 Oct 2023,Regular,0,Tennessee Titans,Atlanta Falcons,28,23,117,-138,https://www.oddsportal.com/american-football/usa/nfl-2023-2024/tennessee-titans-atlanta-falcons-pMRtU07g/
29 Oct 2023,Regular,0,Washington Commanders,Philadelphia Eagles,31,38,252,-320,https://www.oddsportal.com/american-football/usa/nfl-2023-2024/washington-commanders-philadelphia-eagles-bPVpTKMa/
26 Oct 2023,Regular,0,Buffalo Bills,Tampa Bay Buccaneers,24,18,-507,376,https://www.oddsportal.com/american-football/usa/nfl-2023-2024/buffalo-bills-tampa-bay-buccaneers-KKi8F1h0/
23 Oct 2023,Regular,0,Minnesota Vikings,San Francisco 49ers,22,17,251,-312,https://www.oddsportal.com/american-football/usa/nfl-2023-2024/minnesota-vikings-san-francisco-49ers-2qc3Gswf/
22 Oct 2023,Regular,0,Philadelphia Eagles,Miami Dolphins,31,17,-158,137,https://www.oddsportal.com/american-football/usa/nfl-2023-2024/philadelphia-eagles-miami-dolphins-OhbaHNNm/
22 Oct 2023,Regular,0,Denver Broncos,Green Bay Packers,19,17,-116,-102,https://www.oddsportal.com/american-football/usa/nfl-2023-2024/denver-broncos-green-bay-packers-hA7TMq0Q/
22 Oct 2023,Regular,0,Kansas City Chiefs,Los Angeles Chargers,31,17,-260,215,https://www.oddsportal.com/american-football/usa/nfl-2023-2024/kansas-city-chiefs-los-angeles-chargers-UVbeI38s/
22 Oct 2023,Regular,0,Los Angeles Rams,Pittsburgh Steelers,17,24,-176,149,https://www.oddsportal.com/american-football/usa/nfl-2023-2024/los-angeles-rams-pittsburgh-steelers-WfJKO5VD/
22 Oct 2023,Regular,0,Seattle Seahawks,Arizona Cardinals,20,10,-435,335,https://www.oddsportal.com/american-football/usa/nfl-2023-2024/seattle-seahawks-arizona-cardinals-AoIONPpK/
22 Oct 2023,Regular,0,Baltimore Ravens,Detroit Lions,38,6,-162,141,https://www.oddsportal.com/american-football/usa/nfl-2023-2024/baltimore-ravens-detroit-lions-dIvI4pvr/
22 Oct 2023,Regular,0,Chicago Bears,Las Vegas Raiders,30,12,116,-136,https://www.oddsportal.com/american-football/usa/nfl-2023-2024/chicago-bears-las-vegas-raiders-z9wM34gl/
22 Oct 2023,Regular,0,Indianapolis Colts,Cleveland Browns,38,39,156,-187,https://www.oddsportal.com/american-football/usa/nfl-2023-2024/indianapolis-colts-cleveland-browns-UVxQ2O8f/
22 Oct 2023,Regular,0,New England Patriots,Buffalo Bills,29,25,313,-409,https://www.oddsportal.com/american-football/usa/nfl-2023-2024/new-england-patriots-buffalo-bills-rZtU1rO0/
22 Oct 2023,Regular,0,New York Giants,Washington Commanders,14,7,133,-157,https://www.oddsportal.com/american-football/usa/nfl-2023-2024/new-york-giants-washington-commanders-QcWY02w7/
22 Oct 2023,Regular,0,Tampa Bay Buccaneers,Atlanta Falcons,13,16,-148,128,https://www.oddsportal.com/american-football/usa/nfl-2023-2024/tampa-bay-buccaneers-atlanta-falcons-4lVx0MhD/
19 Oct 2023,Regular,0,New Orleans Saints,Jacksonville Jaguars,24,31,-141,118,https://www.oddsportal.com/american-football/usa/nfl-2023-2024/new-orleans-saints-jacksonville-jaguars-GOdk9QVQ/
16 Oct 2023,Regular,0,Los Angeles Chargers,Dallas Cowboys,17,20,104,-121,https://www.oddsportal.com/american-football/usa/nfl-2023-2024/los-angeles-chargers-dallas-cowboys-xYcoA6GK/
15 Oct 2023,Regular,0,Buffalo Bills,New York Giants,14,9,-1112,704,https://www.oddsportal.com/american-football/usa/nfl-2023-2024/buffalo-bills-new-york-giants-rBbsBn1E/
15 Oct 2023,Regular,0,Los Angeles Rams,Arizona Cardinals,26,9,-333,260,https://www.oddsportal.com/american-football/usa/nfl-2023-2024/los-angeles-rams-arizona-cardinals-UVGfmq97/
15 Oct 2023,Regular,0,New York Jets,Philadelphia Eagles,20,14,235,-296,https://www.oddsportal.com/american-football/usa/nfl-2023-2024/new-york-jets-philadelphia-eagles-WzewCSo8/
15 Oct 2023,Regular,0,Tampa Bay Buccaneers,Detroit Lions,6,20,139,-162,https://www.oddsportal.com/american-football/usa/nfl-2023-2024/tampa-bay-buccaneers-detroit-lions-M5Dnk5ve/
15 Oct 2023,Regular,0,Las Vegas Raiders,New England Patriots,21,17,-151,128,https://www.oddsportal.com/american-football/usa/nfl-2023-2024/las-vegas-raiders-new-england-patriots-juIjlPg1/
15 Oct 2023,Regular,0,Atlanta Falcons,Washington Commanders,16,24,-128,108,https://www.oddsportal.com/american-football/usa/nfl-2023-2024/atlanta-falcons-washington-commanders-p443ak22/
15 Oct 2023,Regular,0,Chicago Bears,Minnesota Vikings,13,19,137,-161,https://www.oddsportal.com/american-football/usa/nfl-2023-2024/chicago-bears-minnesota-vikings-Of37b9H8/
15 Oct 2023,Regular,0,Cincinnati Bengals,Seattle Seahawks,17,13,-156,133,https://www.oddsportal.com/american-football/usa/nfl-2023-2024/cincinnati-bengals-seattle-seahawks-jHZ3cTWE/
15 Oct 2023,Regular,0,Cleveland Browns,San Francisco 49ers,19,17,372,-506,https://www.oddsportal.com/american-football/usa/nfl-2023-2024/cleveland-browns-san-francisco-49ers-U7Y7dmnL/
15 Oct 2023,Regular,0,Houston Texans,New Orleans Saints,20,13,110,-131,https://www.oddsportal.com/american-football/usa/nfl-2023-2024/houston-texans-new-orleans-saints-OUXBe71R/
15 Oct 2023,Regular,0,Jacksonville Jaguars,Indianapolis Colts,37,20,-202,169,https://www.oddsportal.com/american-football/usa/nfl-2023-2024/jacksonville-jaguars-indianapolis-colts-0jPwiR9r/
15 Oct 2023,Regular,0,Miami Dolphins,Carolina Panthers,42,21,-1112,677,https://www.oddsportal.com/american-football/usa/nfl-2023-2024/miami-dolphins-carolina-panthers-rFErjoPl/
15 Oct 2023,Regular,1,Tennessee Titans,Baltimore Ravens,16,24,193,-240,https://www.oddsportal.com/american-football/usa/nfl-2023-2024/tennessee-titans-baltimore-ravens-2szPA9EN/
12 Oct 2023,Regular,0,Kansas City Chiefs,Denver Broncos,19,8,-653,435,https://www.oddsportal.com/american-football/usa/nfl-2023-2024/kansas-city-chiefs-denver-broncos-W0GLz6P1/
09 Oct 2023,Regular,0,Las Vegas Raiders,Green Bay Packers,17,13,-115,-105,https://www.oddsportal.com/american-football/usa/nfl-2023-2024/las-vegas-raiders-green-bay-packers-IcCHynAe/
08 Oct 2023,Regular,0,San Francisco 49ers,Dallas Cowboys,42,10,-187,156,https://www.oddsportal.com/american-football/usa/nfl-2023-2024/san-francisco-49ers-dallas-cowboys-IBBDBJvb/
08 Oct 2023,Regular,0,Denver Broncos,New York Jets,21,31,-134,114,https://www.oddsportal.com/american-football/usa/nfl-2023-2024/denver-broncos-new-york-jets-drO8w8uq/
08 Oct 2023,Regular,0,Minnesota Vikings,Kansas City Chiefs,20,27,163,-196,https://www.oddsportal.com/american-football/usa/nfl-2023-2024/minnesota-vikings-kansas-city-chiefs-zZMCxSfk/
08 Oct 2023,Regular,0,Arizona Cardinals,Cincinnati Bengals,20,34,148,-177,https://www.oddsportal.com/american-football/usa/nfl-2023-2024/arizona-cardinals-cincinnati-bengals-jqdydGeA/
08 Oct 2023,Regular,0,Los Angeles Rams,Philadelphia Eagles,14,23,167,-197,https://www.oddsportal.com/american-football/usa/nfl-2023-2024/los-angeles-rams-philadelphia-eagles-UZfuezBG/
08 Oct 2023,Regular,0,Atlanta Falcons,Houston Texans,21,19,-132,112,https://www.oddsportal.com/american-football/usa/nfl-2023-2024/atlanta-falcons-houston-texans-lzx03GmU/
08 Oct 2023,Regular,0,Detroit Lions,Carolina Panthers,42,24,-471,347,https://www.oddsportal.com/american-football/usa/nfl-2023-2024/detroit-lions-carolina-panthers-jqORbzdo/
08 Oct 2023,Regular,0,Indianapolis Colts,Tennessee Titans,23,16,110,-130,https://www.oddsportal.com/american-football/usa/nfl-2023-2024/indianapolis-colts-tennessee-titans-OW4Kabdo/
08 Oct 2023,Regular,0,Miami Dolphins,New York Giants,31,16,-769,521,https://www.oddsportal.com/american-football/usa/nfl-2023-2024/miami-dolphins-new-york-giants-2N3ObIBi/
08 Oct 2023,Regular,0,New England Patriots,New Orleans Saints,0,34,-123,104,https://www.oddsportal.com/american-football/usa/nfl-2023-2024/new-england-patriots-new-orleans-saints-dp3ScxRc/
08 Oct 2023,Regular,0,Pittsburgh Steelers,Baltimore Ravens,17,10,177,-217,https://www.oddsportal.com/american-football/usa/nfl-2023-2024/pittsburgh-steelers-baltimore-ravens-8K6Wddt4/
08 Oct 2023,Regular,1,Buffalo Bills,Jacksonville Jaguars,20,25,-245,198,https://www.oddsportal.com/american-football/usa/nfl-2023-2024/buffalo-bills-jacksonville-jaguars-OjyLBkaH/
05 Oct 2023,Regular,0,Washington Commanders,Chicago Bears,20,40,-276,221,https://www.oddsportal.com/american-football/usa/nfl-2023-2024/washington-commanders-chicago-bears-fDxd4dYN/
02 Oct 2023,Regular,0,New York Giants,Seattle Seahawks,3,24,119,-139,https://www.oddsportal.com/american-football/usa/nfl-2023-2024/new-york-giants-seattle-seahawks-tAYi5xJH/
01 Oct 2023,Regular,0,New York Jets,Kansas City Chiefs,20,23,339,-422,https://www.oddsportal.com/american-football/usa/nfl-2023-2024/new-york-jets-kansas-city-chiefs-boqm6I3B/
01 Oct 2023,Regular,0,Dallas Cowboys,New England Patriots,38,3,-268,217,https://www.oddsportal.com/american-football/usa/nfl-2023-2024/dallas-cowboys-new-england-patriots-CUpu8vZb/
01 Oct 2023,Regular,0,San Francisco 49ers,Arizona Cardinals,35,16,-1082,676,https://www.oddsportal.com/american-football/usa/nfl-2023-2024/san-francisco-49ers-arizona-cardinals-Kfpq7bl5/
01 Oct 2023,Regular,0,Los Angeles Chargers,Las Vegas Raiders,24,17,-292,233,https://www.oddsportal.com/american-football/usa/nfl-2023-2024/los-angeles-chargers-las-vegas-raiders-Ywny9KJh/
01 Oct 2023,Regular,0,Buffalo Bills,Miami Dolphins,48,20,-151,130,https://www.oddsportal.com/american-football/usa/nfl-2023-2024/buffalo-bills-miami-dolphins-j1Hce1kg/
01 Oct 2023,Regular,0,Carolina Panthers,Minnesota Vikings,13,21,177,-210,https://www.oddsportal.com/american-football/usa/nfl-2023-2024/carolina-panthers-minnesota-vikings-YP62fL4a/
01 Oct 2023,Regular,0,Chicago Bears,Denver Broncos,28,31,129,-152,https://www.oddsportal.com/american-football/usa/nfl-2023-2024/chicago-bears-denver-broncos-WAP5guK5/
01 Oct 2023,Regular,0,Cleveland Browns,Baltimore Ravens,3,28,107,-125,https://www.oddsportal.com/american-football/usa/nfl-2023-2024/cleveland-browns-baltimore-ravens-QXO9haZB/
01 Oct 2023,Regular,0,Houston Texans,Pittsburgh Steelers,30,6,128,-152,https://www.oddsportal.com/american-football/usa/nfl-2023-2024/houston-texans-pittsburgh-steelers-4ONDiJlI/
01 Oct 2023,Regular,0,Indianapolis Colts,Los Angeles Rams,23,29,101,-117,https://www.oddsportal.com/american-football/usa/nfl-2023-2024/indianapolis-colts-los-angeles-rams-MaIIjw4O/
01 Oct 2023,Regular,0,New Orleans Saints,Tampa Bay Buccaneers,9,26,-217,177,https://www.oddsportal.com/american-football/usa/nfl-2023-2024/new-orleans-saints-tampa-bay-buccaneers-0jHMkcJU/
01 Oct 2023,Regular,0,Philadelphia Eagles,Washington Commanders,34,31,-450,338,https://www.oddsportal.com/american-football/usa/nfl-2023-2024/philadelphia-eagles-washington-commanders-xChSAtkt/
01 Oct 2023,Regular,0,Tennessee Titans,Cincinnati Bengals,27,3,124,-143,https://www.oddsportal.com/american-football/usa/nfl-2023-2024/tennessee-titans-cincinnati-bengals-jFdW904n/
01 Oct 2023,Regular,1,Jacksonville Jaguars,Atlanta Falcons,23,7,-175,151,https://www.oddsportal.com/american-football/usa/nfl-2023-2024/jacksonville-jaguars-atlanta-falcons-p2wl5mxo/
28 Sep 2023,Regular,0,Green Bay Packers,Detroit Lions,20,34,116,-136,https://www.oddsportal.com/american-football/usa/nfl-2023-2024/green-bay-packers-detroit-lions-CAIgdszm/
25 Sep 2023,Regular,0,Cincinnati Bengals,Los Angeles Rams,19,16,-167,143,https://www.oddsportal.com/american-football/usa/nfl-2023-2024/cincinnati-bengals-los-angeles-rams-ryEkcNKt/
25 Sep 2023,Regular,0,Tampa Bay Buccaneers,Philadelphia Eagles,11,25,210,-253,https://www.oddsportal.com/american-football/usa/nfl-2023-2024/tampa-bay-buccaneers-philadelphia-eagles-tSRN13CP/
24 Sep 2023,Regular,0,Las Vegas Raiders,Pittsburgh Steelers,18,23,-159,135,https://www.oddsportal.com/american-football/usa/nfl-2023-2024/las-vegas-raiders-pittsburgh-steelers-vNmuwKZO/
24 Sep 2023,Regular,0,Arizona Cardinals,Dallas Cowboys,28,16,471,-657,https://www.oddsportal.com/american-football/usa/nfl-2023-2024/arizona-cardinals-dallas-cowboys-WdpXvt5C/
24 Sep 2023,Regular,0,Kansas City Chiefs,Chicago Bears,41,10,-714,487,https://www.oddsportal.com/american-football/usa/nfl-2023-2024/kansas-city-chiefs-chicago-bears-QJqyv0KI/
24 Sep 2023,Regular,0,Seattle Seahawks,Carolina Panthers,37,27,-215,179,https://www.oddsportal.com/american-football/usa/nfl-2023-2024/seattle-seahawks-carolina-panthers-h6oTuMk6/
24 Sep 2023,Regular,0,Baltimore Ravens,Indianapolis Colts,19,22,-378,291,https://www.oddsportal.com/american-football/usa/nfl-2023-2024/baltimore-ravens-indianapolis-colts-Wz9dS2L6/
24 Sep 2023,Regular,0,Cleveland Browns,Tennessee Titans,27,3,-184,156,https://www.oddsportal.com/american-football/usa/nfl-2023-2024/cleveland-browns-tennessee-titans-Eab1RMzD/
24 Sep 2023,Regular,0,Detroit Lions,Atlanta Falcons,20,6,-171,146,https://www.oddsportal.com/american-football/usa/nfl-2023-2024/detroit-lions-atlanta-falcons-hjc5QtjJ/
24 Sep 2023,Regular,0,Green Bay Packers,New Orleans Saints,18,17,104,-125,https://www.oddsportal.com/american-football/usa/nfl-2023-2024/green-bay-packers-new-orleans-saints-t6jmkQSJ/
24 Sep 2023,Regular,0,Jacksonville Jaguars,Houston Texans,17,37,-367,287,https://www.oddsportal.com/american-football/usa/nfl-2023-2024/jacksonville-jaguars-houston-texans-KdkilprQ/
24 Sep 2023,Regular,0,Miami Dolphins,Denver Broncos,70,20,-270,217,https://www.oddsportal.com/american-football/usa/nfl-2023-2024/miami-dolphins-denver-broncos-QwSJq4js/
24 Sep 2023,Regular,0,Minnesota Vikings,Los Angeles Chargers,24,28,-111,-107,https://www.oddsportal.com/american-football/usa/nfl-2023-2024/minnesota-vikings-los-angeles-chargers-vsWNrO5m/
24 Sep 2023,Regular,0,New York Jets,New England Patriots,10,15,119,-140,https://www.oddsportal.com/american-football/usa/nfl-2023-2024/new-york-jets-new-england-patriots-Y3VRsrLg/
24 Sep 2023,Regular,0,Washington Commanders,Buffalo Bills,3,37,191,-237,https://www.oddsportal.com/american-football/usa/nfl-2023-2024/washington-commanders-buffalo-bills-CfUVt2z0/
21 Sep 2023,Regular,0,San Francisco 49ers,New York Giants,30,12,-572,439,https://www.oddsportal.com/american-football/usa/nfl-2023-2024/san-francisco-49ers-new-york-giants-K05hTr60/
18 Sep 2023,Regular,0,Pittsburgh Steelers,Cleveland Browns,26,22,116,-134,https://www.oddsportal.com/american-football/usa/nfl-2023-2024/pittsburgh-steelers-cleveland-browns-Qw6lUOjf/
18 Sep 2023,Regular,0,Carolina Panthers,New Orleans Saints,17,20,151,-171,https://www.oddsportal.com/american-football/usa/nfl-2023-2024/carolina-panthers-new-orleans-saints-nm7pV4yl/
17 Sep 2023,Regular,0,New England Patriots,Miami Dolphins,17,24,105,-124,https://www.oddsportal.com/american-football/usa/nfl-2023-2024/new-england-patriots-miami-dolphins-UBCuWpMs/
17 Sep 2023,Regular,0,Dallas Cowboys,New York Jets,30,10,-401,310,https://www.oddsportal.com/american-football/usa/nfl-2023-2024/dallas-cowboys-new-york-jets-bPk8lgx9/
17 Sep 2023,Regular,0,Denver Broncos,Washington Commanders,33,35,-201,167,https://www.oddsportal.com/american-football/usa/nfl-2023-2024/denver-broncos-washington-commanders-hnkCmDiF/
17 Sep 2023,Regular,0,Arizona Cardinals,New York Giants,28,31,182,-220,https://www.oddsportal.com/american-football/usa/nfl-2023-2024/arizona-cardinals-new-york-giants-rH7LQkp2/
17 Sep 2023,Regular,0,Los Angeles Rams,San Francisco 49ers,23,30,263,-336,https://www.oddsportal.com/american-football/usa/nfl-2023-2024/los-angeles-rams-san-francisco-49ers-pMo4kZM2/
17 Sep 2023,Regular,0,Atlanta Falcons,Green Bay Packers,25,24,-150,128,https://www.oddsportal.com/american-football/usa/nfl-2023-2024/atlanta-falcons-green-bay-packers-MPLQyGh3/
17 Sep 2023,Regular,0,Buffalo Bills,Las Vegas Raiders,38,10,-351,278,https://www.oddsportal.com/american-football/usa/nfl-2023-2024/buffalo-bills-las-vegas-raiders-v1GVzz89/
17 Sep 2023,Regular,0,Cincinnati Bengals,Baltimore Ravens,24,27,-166,142,https://www.oddsportal.com/american-football/usa/nfl-2023-2024/cincinnati-bengals-baltimore-ravens-IiFZZgNF/
17 Sep 2023,Regular,0,Detroit Lions,Seattle Seahawks,31,37,-218,180,https://www.oddsportal.com/american-football/usa/nfl-2023-2024/detroit-lions-seattle-seahawks-CEEwZDxM/
17 Sep 2023,Regular,0,Houston Texans,Indianapolis Colts,20,31,-114,-103,https://www.oddsportal.com/american-football/usa/nfl-2023-2024/houston-texans-indianapolis-colts-QHIsYXiS/
17 Sep 2023,Regular,0,Jacksonville Jaguars,Kansas City Chiefs,9,17,138,-164,https://www.oddsportal.com/american-football/usa/nfl-2023-2024/jacksonville-jaguars-kansas-city-chiefs-WbeATi0q/
17 Sep 2023,Regular,0,Tampa Bay Buccaneers,Chicago Bears,27,17,-134,116,https://www.oddsportal.com/american-football/usa/nfl-2023-2024/tampa-bay-buccaneers-chicago-bears-AkfESBFk/
17 Sep 2023,Regular,0,Tennessee Titans,Los Angeles Chargers,27,24,125,-147,https://www.oddsportal.com/american-football/usa/nfl-2023-2024/tennessee-titans-los-angeles-chargers-4Q8HRVUe/
14 Sep 2023,Regular,0,Philadelphia Eagles,Minnesota Vikings,34,28,-260,215,https://www.oddsportal.com/american-football/usa/nfl-2023-2024/philadelphia-eagles-minnesota-vikings-rZMMxdwc/
11 Sep 2023,Regular,0,New York Jets,Buffalo Bills,22,16,119,-138,https://www.oddsportal.com/american-football/usa/nfl-2023-2024/new-york-jets-buffalo-bills-vayFEucp/
10 Sep 2023,Regular,0,New York Giants,Dallas Cowboys,0,40,150,-176,https://www.oddsportal.com/american-football/usa/nfl-2023-2024/new-york-giants-dallas-cowboys-UVYvEC0d/
10 Sep 2023,Regular,0,Chicago Bears,Green Bay Packers,20,38,-121,104,https://www.oddsportal.com/american-football/usa/nfl-2023-2024/chicago-bears-green-bay-packers-QcjdMzgG/
10 Sep 2023,Regular,0,Denver Broncos,Las Vegas Raiders,16,17,-170,144,https://www.oddsportal.com/american-football/usa/nfl-2023-2024/denver-broncos-las-vegas-raiders-4lk0Lf8M/
10 Sep 2023,Regular,0,Los Angeles Chargers,Miami Dolphins,34,36,-161,137,https://www.oddsportal.com/american-football/usa/nfl-2023-2024/los-angeles-chargers-miami-dolphins-YNg4KENS/
10 Sep 2023,Regular,0,New England Patriots,Philadelphia Eagles,20,25,160,-189,https://www.oddsportal.com/american-football/usa/nfl-2023-2024/new-england-patriots-philadelphia-eagles-zXuWFYVq/
10 Sep 2023,Regular,0,Seattle Seahawks,Los Angeles Rams,13,30,-213,175,https://www.oddsportal.com/american-football/usa/nfl-2023-2024/seattle-seahawks-los-angeles-rams-IeVzFhoj/
10 Sep 2023,Regular,0,Atlanta Falcons,Carolina Panthers,24,10,-190,158,https://www.oddsportal.com/american-football/usa/nfl-2023-2024/atlanta-falcons-carolina-panthers-ni3U7yvN/
10 Sep 2023,Regular,0,Baltimore Ravens,Houston Texans,25,9,-466,349,https://www.oddsportal.com/american-football/usa/nfl-2023-2024/baltimore-ravens-houston-texans-0f7Y6egT/
10 Sep 2023,Regular,0,Cleveland Browns,Cincinnati Bengals,24,3,-108,-109,https://www.oddsportal.com/american-football/usa/nfl-2023-2024/cleveland-browns-cincinnati-bengals-IZg02F1p/
10 Sep 2023,Regular,0,Indianapolis Colts,Jacksonville Jaguars,21,31,161,-191,https://www.oddsportal.com/american-football/usa/nfl-2023-2024/indianapolis-colts-jacksonville-jaguars-dQh41ZGj/
10 Sep 2023,Regular,0,Minnesota Vikings,Tampa Bay Buccaneers,17,20,-202,170,https://www.oddsportal.com/american-football/usa/nfl-2023-2024/minnesota-vikings-tampa-bay-buccaneers-dIbuQIgi/
10 Sep 2023,Regular,0,New Orleans Saints,Tennessee Titans,16,15,-147,126,https://www.oddsportal.com/american-football/usa/nfl-2023-2024/new-orleans-saints-tennessee-titans-z9cqPx9c/
10 Sep 2023,Regular,0,Pittsburgh Steelers,San Francisco 49ers,7,30,102,-119,https://www.oddsportal.com/american-football/usa/nfl-2023-2024/pittsburgh-steelers-san-francisco-49ers-UVdmOdO3/
10 Sep 2023,Regular,0,Washington Commanders,Arizona Cardinals,20,16,-318,252,https://www.oddsportal.com/american-football/usa/nfl-2023-2024/washington-commanders-arizona-cardinals-rZ0iNGwA/
07 Sep 2023,Regular,0,Kansas City Chiefs,Detroit Lions,20,21,-206,173,https://www.oddsportal.com/american-football/usa/nfl-2023-2024/kansas-city-chiefs-detroit-lions-pnTVqy6h/
27 Aug 2023,Pre-season,0,New Orleans Saints,Houston Texans,13,17,,,https://www.oddsportal.com/american-football/usa/nfl-2023-2024/new-orleans-saints-houston-texans-v1YxNuZG/
26 Aug 2023,Pre-season,0,Denver Broncos,Los Angeles Rams,41,0,,,https://www.oddsportal.com/american-football/usa/nfl-2023-2024/denver-broncos-los-angeles-rams-QcUYNLJA/
26 Aug 2023,Pre-season,0,Dallas Cowboys,Las Vegas Raiders,31,16,,,https://www.oddsportal.com/american-football/usa/nfl-2023-2024/dallas-cowboys-las-vegas-raiders-QHdKZIIM/
26 Aug 2023,Pre-season,0,Jacksonville Jaguars,Miami Dolphins,31,18,,,https://www.oddsportal.com/american-football/usa/nfl-2023-2024/jacksonville-jaguars-miami-dolphins-rZvUO144/
26 Aug 2023,Pre-season,0,Tampa Bay Buccaneers,Baltimore Ravens,26,20,,,https://www.oddsportal.com/american-football/usa/nfl-2023-2024/tampa-bay-buccaneers-baltimore-ravens-4rtQPskb/
26 Aug 2023,Pre-season,0,Washington Commanders,Cincinnati Bengals,21,19,,,https://www.oddsportal.com/american-football/usa/nfl-2023-2024/washington-commanders-cincinnati-bengals-A7RMQNZi/
26 Aug 2023,Pre-season,0,New York Giants,New York Jets,24,32,,,https://www.oddsportal.com/american-football/usa/nfl-2023-2024/new-york-giants-new-york-jets-nRcGza3G/
26 Aug 2023,Pre-season,0,Chicago Bears,Buffalo Bills,21,24,,,https://www.oddsportal.com/american-football/usa/nfl-2023-2024/chicago-bears-buffalo-bills-bTc48tKN/
26 Aug 2023,Pre-season,0,Green Bay Packers,Seattle Seahawks,19,15,,,https://www.oddsportal.com/american-football/usa/nfl-2023-2024/green-bay-packers-seattle-seahawks-hjc870ZT/
26 Aug 2023,Pre-season,0,Kansas City Chiefs,Cleveland Browns,33,32,,,https://www.oddsportal.com/american-football/usa/nfl-2023-2024/kansas-city-chiefs-cleveland-browns-UBlz3Kso/
26 Aug 2023,Pre-season,0,Minnesota Vikings,Arizona Cardinals,17,18,,,https://www.oddsportal.com/american-football/usa/nfl-2023-2024/minnesota-vikings-arizona-cardinals-WGSIR3Ko/
25 Aug 2023,Pre-season,0,San Francisco 49ers,Los Angeles Chargers,12,23,,,https://www.oddsportal.com/american-football/usa/nfl-2023-2024/san-francisco-49ers-los-angeles-chargers-Kxa09M4H/
25 Aug 2023,Pre-season,0,Tennessee Titans,New England Patriots,23,7,,,https://www.oddsportal.com/american-football/usa/nfl-2023-2024/tennessee-titans-new-england-patriots-214eA2kB/
25 Aug 2023,Pre-season,0,Carolina Panthers,Detroit Lions,17,26,,,https://www.oddsportal.com/american-football/usa/nfl-2023-2024/carolina-panthers-detroit-lions-OA5iBrz5/
24 Aug 2023,Pre-season,0,Philadelphia Eagles,Indianapolis Colts,13,27,,,https://www.oddsportal.com/american-football/usa/nfl-2023-2024/philadelphia-eagles-indianapolis-colts-Um6mCOKb/
24 Aug 2023,Pre-season,0,Atlanta Falcons,Pittsburgh Steelers,0,24,,,https://www.oddsportal.com/american-football/usa/nfl-2023-2024/atlanta-falcons-pittsburgh-steelers-ID2qD45h/
21 Aug 2023,Pre-season,0,Washington Commanders,Baltimore Ravens,29,28,,,https://www.oddsportal.com/american-football/usa/nfl-2023-2024/washington-commanders-baltimore-ravens-zkDvEpjn/
20 Aug 2023,Pre-season,0,Los Angeles Chargers,New Orleans Saints,17,22,,,https://www.oddsportal.com/american-football/usa/nfl-2023-2024/los-angeles-chargers-new-orleans-saints-dbEzFQzt/
19 Aug 2023,Pre-season,0,Seattle Seahawks,Dallas Cowboys,22,14,,,https://www.oddsportal.com/american-football/usa/nfl-2023-2024/seattle-seahawks-dallas-cowboys-v1f8xLY3/
19 Aug 2023,Pre-season,0,Los Angeles Rams,Las Vegas Raiders,17,34,,,https://www.oddsportal.com/american-football/usa/nfl-2023-2024/los-angeles-rams-las-vegas-raiders-pQXUgs5U/
19 Aug 2023,Pre-season,0,San Francisco 49ers,Denver Broncos,21,20,,,https://www.oddsportal.com/american-football/usa/nfl-2023-2024/san-francisco-49ers-denver-broncos-6ZYQfNkO/
19 Aug 2023,Pre-season,0,Arizona Cardinals,Kansas City Chiefs,10,38,,,https://www.oddsportal.com/american-football/usa/nfl-2023-2024/arizona-cardinals-kansas-city-chiefs-A7uIdqLB/
19 Aug 2023,Pre-season,0,Green Bay Packers,New England Patriots,17,21,,,https://www.oddsportal.com/american-football/usa/nfl-2023-2024/green-bay-packers-new-england-patriots-xfsAb5ja/
19 Aug 2023,Pre-season,0,Minnesota Vikings,Tennessee Titans,16,24,,,https://www.oddsportal.com/american-football/usa/nfl-2023-2024/minnesota-vikings-tennessee-titans-GptEcP55/
19 Aug 2023,Pre-season,0,New York Jets,Tampa Bay Buccaneers,6,13,,,https://www.oddsportal.com/american-football/usa/nfl-2023-2024/new-york-jets-tampa-bay-buccaneers-dx53w1Jc/
19 Aug 2023,Pre-season,0,Indianapolis Colts,Chicago Bears,24,17,,,https://www.oddsportal.com/american-football/usa/nfl-2023-2024/indianapolis-colts-chicago-bears-drQCaoyg/
19 Aug 2023,Pre-season,0,Pittsburgh Steelers,Buffalo Bills,27,15,,,https://www.oddsportal.com/american-football/usa/nfl-2023-2024/pittsburgh-steelers-buffalo-bills-IiR80RLn/
19 Aug 2023,Pre-season,0,Houston Texans,Miami Dolphins,3,28,,,https://www.oddsportal.com/american-football/usa/nfl-2023-2024/houston-texans-miami-dolphins-OAqMe3zI/
19 Aug 2023,Pre-season,0,Detroit Lions,Jacksonville Jaguars,7,25,,,https://www.oddsportal.com/american-football/usa/nfl-2023-2024/detroit-lions-jacksonville-jaguars-OUR4176t/
18 Aug 2023,Pre-season,0,Atlanta Falcons,Cincinnati Bengals,13,13,,,https://www.oddsportal.com/american-football/usa/nfl-2023-2024/atlanta-falcons-cincinnati-bengals-ChayJZyE/
18 Aug 2023,Pre-season,0,New York Giants,Carolina Panthers,21,19,,,https://www.oddsportal.com/american-football/usa/nfl-2023-2024/new-york-giants-carolina-panthers-IigCyulA/
17 Aug 2023,Pre-season,0,Philadelphia Eagles,Cleveland Browns,18,18,,,https://www.oddsportal.com/american-football/usa/nfl-2023-2024/philadelphia-eagles-cleveland-browns-AmLhfjaD/
13 Aug 2023,Pre-season,0,Las Vegas Raiders,San Francisco 49ers,34,7,,,https://www.oddsportal.com/american-football/usa/nfl-2023-2024/las-vegas-raiders-san-francisco-49ers-p21avs4i/
13 Aug 2023,Pre-season,0,New Orleans Saints,Kansas City Chiefs,26,24,,,https://www.oddsportal.com/american-football/usa/nfl-2023-2024/new-orleans-saints-kansas-city-chiefs-WdMleWq7/
12 Aug 2023,Pre-season,0,Los Angeles Rams,Los Angeles Chargers,17,34,,,https://www.oddsportal.com/american-football/usa/nfl-2023-2024/los-angeles-rams-los-angeles-chargers-2NHpdCU0/
12 Aug 2023,Pre-season,0,Baltimore Ravens,Philadelphia Eagles,20,19,,,https://www.oddsportal.com/american-football/usa/nfl-2023-2024/baltimore-ravens-philadelphia-eagles-UFUc5G7E/
12 Aug 2023,Pre-season,0,Dallas Cowboys,Jacksonville Jaguars,23,28,,,https://www.oddsportal.com/american-football/usa/nfl-2023-2024/dallas-cowboys-jacksonville-jaguars-OWItchFf/
12 Aug 2023,Pre-season,0,Carolina Panthers,New York Jets,0,27,,,https://www.oddsportal.com/american-football/usa/nfl-2023-2024/carolina-panthers-new-york-jets-CEWpLJ3T/
12 Aug 2023,Pre-season,0,Buffalo Bills,Indianapolis Colts,23,19,,,https://www.oddsportal.com/american-football/usa/nfl-2023-2024/buffalo-bills-indianapolis-colts-rNAYbEpr/
12 Aug 2023,Pre-season,0,Chicago Bears,Tennessee Titans,23,17,,,https://www.oddsportal.com/american-football/usa/nfl-2023-2024/chicago-bears-tennessee-titans-t8TybYal/
11 Aug 2023,Pre-season,0,Arizona Cardinals,Denver Broncos,18,17,,,https://www.oddsportal.com/american-football/usa/nfl-2023-2024/arizona-cardinals-denver-broncos-QsO63fxR/
11 Aug 2023,Pre-season,0,Cleveland Browns,Washington Commanders,15,17,,,https://www.oddsportal.com/american-football/usa/nfl-2023-2024/cleveland-browns-washington-commanders-niP24zNK/
11 Aug 2023,Pre-season,0,Cincinnati Bengals,Green Bay Packers,19,36,,,https://www.oddsportal.com/american-football/usa/nfl-2023-2024/cincinnati-bengals-green-bay-packers-xMsCsDF7/
11 Aug 2023,Pre-season,0,Detroit Lions,New York Giants,21,16,,,https://www.oddsportal.com/american-football/usa/nfl-2023-2024/detroit-lions-new-york-giants-h8EDGwCp/
11 Aug 2023,Pre-season,0,Miami Dolphins,Atlanta Falcons,3,19,,,https://www.oddsportal.com/american-football/usa/nfl-2023-2024/miami-dolphins-atlanta-falcons-jPVg6dh8/
11 Aug 2023,Pre-season,0,Tampa Bay Buccaneers,Pittsburgh Steelers,17,27,,,https://www.oddsportal.com/american-football/usa/nfl-2023-2024/tampa-bay-buccaneers-pittsburgh-steelers-YNXtMalN/
10 Aug 2023,Pre-season,0,Seattle Seahawks,Minnesota Vikings,24,13,,,https://www.oddsportal.com/american-football/usa/nfl-2023-2024/seattle-seahawks-minnesota-vikings-WbDHFcRj/
10 Aug 2023,Pre-season,0,New England Patriots,Houston Texans,9,20,,,https://www.oddsportal.com/american-football/usa/nfl-2023-2024/new-england-patriots-houston-texans-OIw8rg01/
03 Aug 2023,Pre-season,1,Cleveland Browns,New York Jets,21,16,,,https://www.oddsportal.com/american-football/usa/nfl-2023-2024/cleveland-browns-new-york-jets-tfl3qZpe/
12 Feb 2023,Play Offs,1,Philadelphia Eagles,Kansas City Chiefs,35,38,,,https://www.oddsportal.com/american-football/usa/nfl-2022-2023/philadelphia-eagles-kansas-city-chiefs-UeWPsoj8/
29 Jan 2023,Play Offs,0,Kansas City Chiefs,Cincinnati Bengals,23,20,,,https://www.oddsportal.com/american-football/usa/nfl-2022-2023/kansas-city-chiefs-cincinnati-bengals-AqkeHQxG/
29 Jan 2023,Play Offs,0,Philadelphia Eagles,San Francisco 49ers,31,7,,,https://www.oddsportal.com/american-football/usa/nfl-2022-2023/philadelphia-eagles-san-francisco-49ers-Uos2DHyr/
22 Jan 2023,Play Offs,0,San Francisco 49ers,Dallas Cowboys,19,12,,,https://www.oddsportal.com/american-football/usa/nfl-2022-2023/san-francisco-49ers-dallas-cowboys-SEjKxU7B/
22 Jan 2023,Play Offs,0,Buffalo Bills,Cincinnati Bengals,10,27,,,https://www.oddsportal.com/american-football/usa/nfl-2022-2023/buffalo-bills-cincinnati-bengals-bPT6C3Jp/
21 Jan 2023,Play Offs,0,Philadelphia Eagles,New York Giants,38,7,,,https://www.oddsportal.com/american-football/usa/nfl-2022-2023/philadelphia-eagles-new-york-giants-fk4jcXDt/
21 Jan 2023,Play Offs,0,Kansas City Chiefs,Jacksonville Jaguars,27,20,,,https://www.oddsportal.com/american-football/usa/nfl-2022-2023/kansas-city-chiefs-jacksonville-jaguars-hrivHqBT/
16 Jan 2023,Play Offs,0,Tampa Bay Buccaneers,Dallas Cowboys,14,31,,,https://www.oddsportal.com/american-football/usa/nfl-2022-2023/tampa-bay-buccaneers-dallas-cowboys-rBIbKRFI/
15 Jan 2023,Play Offs,0,Cincinnati Bengals,Baltimore Ravens,24,17,,,https://www.oddsportal.com/american-football/usa/nfl-2022-2023/cincinnati-bengals-baltimore-ravens-23Xu72NB/
15 Jan 2023,Play Offs,0,Minnesota Vikings,New York Giants,24,31,,,https://www.oddsportal.com/american-football/usa/nfl-2022-2023/minnesota-vikings-new-york-giants-nqPkMmo6/
15 Jan 2023,Play Offs,0,Buffalo Bills,Miami Dolphins,34,31,,,https://www.oddsportal.com/american-football/usa/nfl-2022-2023/buffalo-bills-miami-dolphins-Kvry8r85/
14 Jan 2023,Play Offs,0,Jacksonville Jaguars,Los Angeles Chargers,31,30,,,https://www.oddsportal.com/american-football/usa/nfl-2022-2023/jacksonville-jaguars-los-angeles-chargers-Ewyp6MxI/
14 Jan 2023,Play Offs,0,San Francisco 49ers,Seattle Seahawks,41,23,,,https://www.oddsportal.com/american-football/usa/nfl-2022-2023/san-francisco-49ers-seattle-seahawks-QZNgL70C/
08 Jan 2023,Regular,0,Green Bay Packers,Detroit Lions,16,20,-235,192,https://www.oddsportal.com/american-football/usa/nfl-2022-2023/green-bay-packers-detroit-lions-CrOc5kgo/
08 Jan 2023,Regular,0,Denver Broncos,Los Angeles Chargers,31,28,-276,224,https://www.oddsportal.com/american-football/usa/nfl-2022-2023/denver-broncos-los-angeles-chargers-A3w77ctT/
08 Jan 2023,Regular,0,Philadelphia Eagles,New York Giants,22,16,-1601,870,https://www.oddsportal.com/american-football/usa/nfl-2022-2023/philadelphia-eagles-new-york-giants-OnyeAadA/
08 Jan 2023,Regular,0,San Francisco 49ers,Arizona Cardinals,38,13,-1145,711,https://www.oddsportal.com/american-football/usa/nfl-2022-2023/san-francisco-49ers-arizona-cardinals-UmKw2y4j/
08 Jan 2023,Regular,0,Seattle Seahawks,Los Angeles Rams,19,16,-227,186,https://www.oddsportal.com/american-football/usa/nfl-2022-2023/seattle-seahawks-los-angeles-rams-ri8LQKti/
08 Jan 2023,Regular,0,Washington Commanders,Dallas Cowboys,26,6,271,-339,https://www.oddsportal.com/american-football/usa/nfl-2022-2023/washington-commanders-dallas-cowboys-WCv38wRM/
08 Jan 2023,Regular,0,Atlanta Falcons,Tampa Bay Buccaneers,30,17,-253,208,https://www.oddsportal.com/american-football/usa/nfl-2022-2023/atlanta-falcons-tampa-bay-buccaneers-pYwJCX0B/
08 Jan 2023,Regular,0,Buffalo Bills,New England Patriots,35,23,-396,309,https://www.oddsportal.com/american-football/usa/nfl-2022-2023/buffalo-bills-new-england-patriots-29YNBiGH/
08 Jan 2023,Regular,0,Chicago Bears,Minnesota Vikings,13,29,226,-280,https://www.oddsportal.com/american-football/usa/nfl-2022-2023/chicago-bears-minnesota-vikings-t0XRABVN/
08 Jan 2023,Regular,0,Cincinnati Bengals,Baltimore Ravens,27,16,-702,494,https://www.oddsportal.com/american-football/usa/nfl-2022-2023/cincinnati-bengals-baltimore-ravens-zNWV9VpU/
08 Jan 2023,Regular,0,Indianapolis Colts,Houston Texans,31,32,-152,130,https://www.oddsportal.com/american-football/usa/nfl-2022-2023/indianapolis-colts-houston-texans-GGlvEsco/
08 Jan 2023,Regular,0,Miami Dolphins,New York Jets,11,6,-204,170,https://www.oddsportal.com/american-football/usa/nfl-2022-2023/miami-dolphins-new-york-jets-2XnnCLRc/
08 Jan 2023,Regular,0,New Orleans Saints,Carolina Panthers,7,10,-184,155,https://www.oddsportal.com/american-football/usa/nfl-2022-2023/new-orleans-saints-carolina-panthers-tOojBus4/
08 Jan 2023,Regular,0,Pittsburgh Steelers,Cleveland Browns,28,14,-146,125,https://www.oddsportal.com/american-football/usa/nfl-2022-2023/pittsburgh-steelers-cleveland-browns-xjua9JBG/
07 Jan 2023,Regular,0,Jacksonville Jaguars,Tennessee Titans,20,16,-270,219,https://www.oddsportal.com/american-football/usa/nfl-2022-2023/jacksonville-jaguars-tennessee-titans-f7mrD1Ci/
07 Jan 2023,Regular,0,Las Vegas Raiders,Kansas City Chiefs,13,31,330,-408,https://www.oddsportal.com/american-football/usa/nfl-2022-2023/las-vegas-raiders-kansas-city-chiefs-jcLZ2Hlp/
01 Jan 2023,Regular,0,Baltimore Ravens,Pittsburgh Steelers,13,16,-120,101,https://www.oddsportal.com/american-football/usa/nfl-2022-2023/baltimore-ravens-pittsburgh-steelers-S4gNmB9h/
01 Jan 2023,Regular,0,Green Bay Packers,Minnesota Vikings,41,17,-187,157,https://www.oddsportal.com/american-football/usa/nfl-2022-2023/green-bay-packers-minnesota-vikings-hSr1a884/
01 Jan 2023,Regular,0,Los Angeles Chargers,Los Angeles Rams,31,10,-282,228,https://www.oddsportal.com/american-football/usa/nfl-2022-2023/los-angeles-chargers-los-angeles-rams-ziY5bSNA/
01 Jan 2023,Regular,0,Las Vegas Raiders,San Francisco 49ers,34,37,360,-466,https://www.oddsportal.com/american-football/usa/nfl-2022-2023/las-vegas-raiders-san-francisco-49ers-p2ug1Uwh/
01 Jan 2023,Regular,0,Seattle Seahawks,New York Jets,23,6,102,-121,https://www.oddsportal.com/american-football/usa/nfl-2022-2023/seattle-seahawks-new-york-jets-Eypc0lgb/
01 Jan 2023,Regular,0,Atlanta Falcons,Arizona Cardinals,20,19,-301,241,https://www.oddsportal.com/american-football/usa/nfl-2022-2023/atlanta-falcons-arizona-cardinals-pt4Ilifn/
01 Jan 2023,Regular,0,Detroit Lions,Chicago Bears,41,10,-214,177,https://www.oddsportal.com/american-football/usa/nfl-2022-2023/detroit-lions-chicago-bears-t8cRnVOb/
01 Jan 2023,Regular,0,Houston Texans,Jacksonville Jaguars,3,31,161,-191,https://www.oddsportal.com/american-football/usa/nfl-2022-2023/houston-texans-jacksonville-jaguars-zVdVokv5/
01 Jan 2023,Regular,0,Kansas City Chiefs,Denver Broncos,27,24,-769,535,https://www.oddsportal.com/american-football/usa/nfl-2022-2023/kansas-city-chiefs-denver-broncos-ELeZp9gB/
01 Jan 2023,Regular,0,New England Patriots,Miami Dolphins,23,21,-161,138,https://www.oddsportal.com/american-football/usa/nfl-2022-2023/new-england-patriots-miami-dolphins-fXCWqT8H/
01 Jan 2023,Regular,0,New York Giants,Indianapolis Colts,38,10,-244,201,https://www.oddsportal.com/american-football/usa/nfl-2022-2023/new-york-giants-indianapolis-colts-YNBzqmON/
01 Jan 2023,Regular,0,Philadelphia Eagles,New Orleans Saints,10,20,-233,190,https://www.oddsportal.com/american-football/usa/nfl-2022-2023/philadelphia-eagles-new-orleans-saints-SpBvr7wU/
01 Jan 2023,Regular,0,Tampa Bay Buccaneers,Carolina Panthers,30,24,-185,160,https://www.oddsportal.com/american-football/usa/nfl-2022-2023/tampa-bay-buccaneers-carolina-panthers-4626wRoo/
01 Jan 2023,Regular,0,Washington Commanders,Cleveland Browns,10,24,-123,104,https://www.oddsportal.com/american-football/usa/nfl-2022-2023/washington-commanders-cleveland-browns-6Btk2AOo/
29 Dec 2022,Regular,0,Tennessee Titans,Dallas Cowboys,13,27,574,-851,https://www.oddsportal.com/american-football/usa/nfl-2022-2023/tennessee-titans-dallas-cowboys-6k5EkXvt/
26 Dec 2022,Regular,0,Indianapolis Colts,Los Angeles Chargers,3,20,166,-196,https://www.oddsportal.com/american-football/usa/nfl-2022-2023/indianapolis-colts-los-angeles-chargers-fHO8Um9U/
25 Dec 2022,Regular,0,Arizona Cardinals,Tampa Bay Buccaneers,16,19,285,-348,https://www.oddsportal.com/american-football/usa/nfl-2022-2023/arizona-cardinals-tampa-bay-buccaneers-GQP4VTgO/
25 Dec 2022,Regular,0,Los Angeles Rams,Denver Broncos,51,14,145,-171,https://www.oddsportal.com/american-football/usa/nfl-2022-2023/los-angeles-rams-denver-broncos-Y1z0W9vI/
25 Dec 2022,Regular,0,Miami Dolphins,Green Bay Packers,20,26,-186,159,https://www.oddsportal.com/american-football/usa/nfl-2022-2023/miami-dolphins-green-bay-packers-MRWeXkPB/
24 Dec 2022,Regular,0,Pittsburgh Steelers,Las Vegas Raiders,13,10,-140,119,https://www.oddsportal.com/american-football/usa/nfl-2022-2023/pittsburgh-steelers-las-vegas-raiders-S4XiYV95/
24 Dec 2022,Regular,0,Dallas Cowboys,Philadelphia Eagles,40,34,-197,165,https://www.oddsportal.com/american-football/usa/nfl-2022-2023/dallas-cowboys-philadelphia-eagles-lEYmZBfa/
24 Dec 2022,Regular,0,San Francisco 49ers,Washington Commanders,37,20,-296,239,https://www.oddsportal.com/american-football/usa/nfl-2022-2023/san-francisco-49ers-washington-commanders-Wxvqzhug/
24 Dec 2022,Regular,0,Tennessee Titans,Houston Texans,14,19,-173,148,https://www.oddsportal.com/american-football/usa/nfl-2022-2023/tennessee-titans-houston-texans-hnuuyYPn/
24 Dec 2022,Regular,0,Baltimore Ravens,Atlanta Falcons,17,9,-288,235,https://www.oddsportal.com/american-football/usa/nfl-2022-2023/baltimore-ravens-atlanta-falcons-QH8ALhQa/
24 Dec 2022,Regular,0,Carolina Panthers,Detroit Lions,37,23,113,-134,https://www.oddsportal.com/american-football/usa/nfl-2022-2023/carolina-panthers-detroit-lions-8tbFKCu6/
24 Dec 2022,Regular,0,Chicago Bears,Buffalo Bills,13,35,318,-393,https://www.oddsportal.com/american-football/usa/nfl-2022-2023/chicago-bears-buffalo-bills-nXdJJWfC/
24 Dec 2022,Regular,0,Cleveland Browns,New Orleans Saints,10,17,-178,151,https://www.oddsportal.com/american-football/usa/nfl-2022-2023/cleveland-browns-new-orleans-saints-t8BMIjAI/
24 Dec 2022,Regular,0,Kansas City Chiefs,Seattle Seahawks,24,10,-507,385,https://www.oddsportal.com/american-football/usa/nfl-2022-2023/kansas-city-chiefs-seattle-seahawks-KbAQHAPO/
24 Dec 2022,Regular,0,Minnesota Vikings,New York Giants,27,24,-216,178,https://www.oddsportal.com/american-football/usa/nfl-2022-2023/minnesota-vikings-new-york-giants-M3l9tf2P/
24 Dec 2022,Regular,0,New England Patriots,Cincinnati Bengals,18,22,137,-160,https://www.oddsportal.com/american-football/usa/nfl-2022-2023/new-england-patriots-cincinnati-bengals-bPuyxEAt/
22 Dec 2022,Regular,0,New York Jets,Jacksonville Jaguars,3,19,-141,121,https://www.oddsportal.com/american-football/usa/nfl-2022-2023/new-york-jets-jacksonville-jaguars-CE46MYAg/
19 Dec 2022,Regular,0,Green Bay Packers,Los Angeles Rams,24,12,-360,286,https://www.oddsportal.com/american-football/usa/nfl-2022-2023/green-bay-packers-los-angeles-rams-Ii52NEem/
18 Dec 2022,Regular,0,Washington Commanders,New York Giants,12,20,-207,176,https://www.oddsportal.com/american-football/usa/nfl-2022-2023/washington-commanders-new-york-giants-6suFDDo5/
18 Dec 2022,Regular,0,Los Angeles Chargers,Tennessee Titans,17,14,-156,134,https://www.oddsportal.com/american-football/usa/nfl-2022-2023/los-angeles-chargers-tennessee-titans-p0lQt3d8/
18 Dec 2022,Regular,0,Tampa Bay Buccaneers,Cincinnati Bengals,23,34,150,-176,https://www.oddsportal.com/american-football/usa/nfl-2022-2023/tampa-bay-buccaneers-cincinnati-bengals-OjmUuNBE/
18 Dec 2022,Regular,0,Denver Broncos,Arizona Cardinals,24,15,-125,107,https://www.oddsportal.com/american-football/usa/nfl-2022-2023/denver-broncos-arizona-cardinals-Wd0rIJJ7/
18 Dec 2022,Regular,0,Las Vegas Raiders,New England Patriots,30,24,-135,114,https://www.oddsportal.com/american-football/usa/nfl-2022-2023/las-vegas-raiders-new-england-patriots-v16bOfts/
18 Dec 2022,Regular,0,Carolina Panthers,Pittsburgh Steelers,16,24,-147,127,https://www.oddsportal.com/american-football/usa/nfl-2022-2023/carolina-panthers-pittsburgh-steelers-SOHaQsCR/
18 Dec 2022,Regular,0,Chicago Bears,Philadelphia Eagles,20,25,312,-400,https://www.oddsportal.com/american-football/usa/nfl-2022-2023/chicago-bears-philadelphia-eagles-UX3RL1Kr/
18 Dec 2022,Regular,0,Houston Texans,Kansas City Chiefs,24,30,605,-910,https://www.oddsportal.com/american-football/usa/nfl-2022-2023/houston-texans-kansas-city-chiefs-b78VKLZl/
18 Dec 2022,Regular,0,Jacksonville Jaguars,Dallas Cowboys,40,34,165,-196,https://www.oddsportal.com/american-football/usa/nfl-2022-2023/jacksonville-jaguars-dallas-cowboys-xb7ZJuke/
18 Dec 2022,Regular,0,New Orleans Saints,Atlanta Falcons,21,18,-235,195,https://www.oddsportal.com/american-football/usa/nfl-2022-2023/new-orleans-saints-atlanta-falcons-CKuBEgWb/
18 Dec 2022,Regular,0,New York Jets,Detroit Lions,17,20,-130,112,https://www.oddsportal.com/american-football/usa/nfl-2022-2023/new-york-jets-detroit-lions-KMdvJa41/
17 Dec 2022,Regular,0,Buffalo Bills,Miami Dolphins,32,29,-331,267,https://www.oddsportal.com/american-football/usa/nfl-2022-2023/buffalo-bills-miami-dolphins-hKYbHent/
17 Dec 2022,Regular,0,Cleveland Browns,Baltimore Ravens,13,3,-155,133,https://www.oddsportal.com/american-football/usa/nfl-2022-2023/cleveland-browns-baltimore-ravens-WAX2GF1n/
17 Dec 2022,Regular,0,Minnesota Vikings,Indianapolis Colts,39,36,-194,164,https://www.oddsportal.com/american-football/usa/nfl-2022-2023/minnesota-vikings-indianapolis-colts-EZM7FZGh/
15 Dec 2022,Regular,0,Seattle Seahawks,San Francisco 49ers,13,21,150,-176,https://www.oddsportal.com/american-football/usa/nfl-2022-2023/seattle-seahawks-san-francisco-49ers-p0SfRNdL/
12 Dec 2022,Regular,0,Arizona Cardinals,New England Patriots,13,27,113,-130,https://www.oddsportal.com/american-football/usa/nfl-2022-2023/arizona-cardinals-new-england-patriots-bkohjAUc/
11 Dec 2022,Regular,0,Los Angeles Chargers,Miami Dolphins,23,17,147,-168,https://www.oddsportal.com/american-football/usa/nfl-2022-2023/los-angeles-chargers-miami-dolphins-CftYpFhI/
11 Dec 2022,Regular,0,San Francisco 49ers,Tampa Bay Buccaneers,35,7,-189,162,https://www.oddsportal.com/american-football/usa/nfl-2022-2023/san-francisco-49ers-tampa-bay-buccaneers-xzcqhWao/
11 Dec 2022,Regular,0,Seattle Seahawks,Carolina Panthers,24,30,-194,164,https://www.oddsportal.com/american-football/usa/nfl-2022-2023/seattle-seahawks-carolina-panthers-lK31TnNp/
11 Dec 2022,Regular,0,Denver Broncos,Kansas City Chiefs,28,34,335,-422,https://www.oddsportal.com/american-football/usa/nfl-2022-2023/denver-broncos-kansas-city-chiefs-GQemijFi/
11 Dec 2022,Regular,0,Buffalo Bills,New York Jets,20,12,-455,352,https://www.oddsportal.com/american-football/usa/nfl-2022-2023/buffalo-bills-new-york-jets-KMWleaGP/
11 Dec 2022,Regular,0,Cincinnati Bengals,Cleveland Browns,23,10,-205,171,https://www.oddsportal.com/american-football/usa/nfl-2022-2023/cincinnati-bengals-cleveland-browns-x2JGjJOt/
11 Dec 2022,Regular,0,Dallas Cowboys,Houston Texans,27,23,-1741,933,https://www.oddsportal.com/american-football/usa/nfl-2022-2023/dallas-cowboys-houston-texans-GhIKkwvm/
11 Dec 2022,Regular,0,Detroit Lions,Minnesota Vikings,34,23,-131,111,https://www.oddsportal.com/american-football/usa/nfl-2022-2023/detroit-lions-minnesota-vikings-rFlHlcgg/
11 Dec 2022,Regular,0,New York Giants,Philadelphia Eagles,22,48,265,-334,https://www.oddsportal.com/american-football/usa/nfl-2022-2023/new-york-giants-philadelphia-eagles-M5mLmH8a/
11 Dec 2022,Regular,0,Pittsburgh Steelers,Baltimore Ravens,14,16,-127,108,https://www.oddsportal.com/american-football/usa/nfl-2022-2023/pittsburgh-steelers-baltimore-ravens-GSnPnyO5/
11 Dec 2022,Regular,0,Tennessee Titans,Jacksonville Jaguars,22,36,-180,149,https://www.oddsportal.com/american-football/usa/nfl-2022-2023/tennessee-titans-jacksonville-jaguars-UVjToewC/
08 Dec 2022,Regular,0,Los Angeles Rams,Las Vegas Raiders,17,16,220,-270,https://www.oddsportal.com/american-football/usa/nfl-2022-2023/los-angeles-rams-las-vegas-raiders-6JSpdu1J/
05 Dec 2022,Regular,0,Tampa Bay Buccaneers,New Orleans Saints,17,16,-188,158,https://www.oddsportal.com/american-football/usa/nfl-2022-2023/tampa-bay-buccaneers-new-orleans-saints-8riheH0J/
04 Dec 2022,Regular,0,Dallas Cowboys,Indianapolis Colts,54,19,-600,409,https://www.oddsportal.com/american-football/usa/nfl-2022-2023/dallas-cowboys-indianapolis-colts-UihldcoD/
04 Dec 2022,Regular,0,Cincinnati Bengals,Kansas City Chiefs,27,24,119,-139,https://www.oddsportal.com/american-football/usa/nfl-2022-2023/cincinnati-bengals-kansas-city-chiefs-MRltbJG0/
04 Dec 2022,Regular,0,Las Vegas Raiders,Los Angeles Chargers,27,20,-138,118,https://www.oddsportal.com/american-football/usa/nfl-2022-2023/las-vegas-raiders-los-angeles-chargers-0ImpcwW6/
04 Dec 2022,Regular,0,Los Angeles Rams,Seattle Seahawks,23,27,248,-310,https://www.oddsportal.com/american-football/usa/nfl-2022-2023/los-angeles-rams-seattle-seahawks-SSeXaunl/
04 Dec 2022,Regular,0,San Francisco 49ers,Miami Dolphins,33,17,-229,189,https://www.oddsportal.com/american-football/usa/nfl-2022-2023/san-francisco-49ers-miami-dolphins-v3ayaa1f/
04 Dec 2022,Regular,0,Atlanta Falcons,Pittsburgh Steelers,16,19,101,-119,https://www.oddsportal.com/american-football/usa/nfl-2022-2023/atlanta-falcons-pittsburgh-steelers-n9zbotXf/
04 Dec 2022,Regular,0,Baltimore Ravens,Denver Broncos,10,9,-410,327,https://www.oddsportal.com/american-football/usa/nfl-2022-2023/baltimore-ravens-denver-broncos-QaZ1p0n1/
04 Dec 2022,Regular,0,Chicago Bears,Green Bay Packers,19,28,157,-185,https://www.oddsportal.com/american-football/usa/nfl-2022-2023/chicago-bears-green-bay-packers-8OO6qK17/
04 Dec 2022,Regular,0,Detroit Lions,Jacksonville Jaguars,40,14,-118,-100,https://www.oddsportal.com/american-football/usa/nfl-2022-2023/detroit-lions-jacksonville-jaguars-MRSArvHD/
04 Dec 2022,Regular,0,Houston Texans,Cleveland Browns,14,27,279,-354,https://www.oddsportal.com/american-football/usa/nfl-2022-2023/houston-texans-cleveland-browns-zVGh7NgE/
04 Dec 2022,Regular,0,Minnesota Vikings,New York Jets,27,22,-151,128,https://www.oddsportal.com/american-football/usa/nfl-2022-2023/minnesota-vikings-new-york-jets-ELFd6s9K/
04 Dec 2022,Regular,0,New York Giants,Washington Commanders,20,20,113,-134,https://www.oddsportal.com/american-football/usa/nfl-2022-2023/new-york-giants-washington-commanders-WdA151OQ/
04 Dec 2022,Regular,0,Philadelphia Eagles,Tennessee Titans,35,10,-221,181,https://www.oddsportal.com/american-football/usa/nfl-2022-2023/philadelphia-eagles-tennessee-titans-Y5dT0LWs/
01 Dec 2022,Regular,0,New England Patriots,Buffalo Bills,10,24,167,-201,https://www.oddsportal.com/american-football/usa/nfl-2022-2023/new-england-patriots-buffalo-bills-vqyfnMHl/
28 Nov 2022,Regular,0,Indianapolis Colts,Pittsburgh Steelers,17,24,-136,117,https://www.oddsportal.com/american-football/usa/nfl-2022-2023/indianapolis-colts-pittsburgh-steelers-0hxjm22r/
27 Nov 2022,Regular,0,Philadelphia Eagles,Green Bay Packers,40,33,-282,229,https://www.oddsportal.com/american-football/usa/nfl-2022-2023/philadelphia-eagles-green-bay-packers-fBaNirfR/
27 Nov 2022,Regular,0,Kansas City Chiefs,Los Angeles Rams,26,10,-1483,784,https://www.oddsportal.com/american-football/usa/nfl-2022-2023/kansas-city-chiefs-los-angeles-rams-nodFg4PE/
27 Nov 2022,Regular,0,San Francisco 49ers,New Orleans Saints,13,0,-417,319,https://www.oddsportal.com/american-football/usa/nfl-2022-2023/san-francisco-49ers-new-orleans-saints-t8eJhOvL/
27 Nov 2022,Regular,0,Arizona Cardinals,Los Angeles Chargers,24,25,122,-144,https://www.oddsportal.com/american-football/usa/nfl-2022-2023/arizona-cardinals-los-angeles-chargers-WxESV0X7/
27 Nov 2022,Regular,0,Seattle Seahawks,Las Vegas Raiders,34,40,-196,165,https://www.oddsportal.com/american-football/usa/nfl-2022-2023/seattle-seahawks-las-vegas-raiders-8fcBfpA8/
27 Nov 2022,Regular,0,Carolina Panthers,Denver Broncos,23,10,101,-119,https://www.oddsportal.com/american-football/usa/nfl-2022-2023/carolina-panthers-denver-broncos-8tIxtoeF/
27 Nov 2022,Regular,0,Cleveland Browns,Tampa Bay Buccaneers,23,17,150,-174,https://www.oddsportal.com/american-football/usa/nfl-2022-2023/cleveland-browns-tampa-bay-buccaneers-nXGtu5AL/
27 Nov 2022,Regular,0,Jacksonville Jaguars,Baltimore Ravens,28,27,145,-171,https://www.oddsportal.com/american-football/usa/nfl-2022-2023/jacksonville-jaguars-baltimore-ravens-G6LpvPPR/
27 Nov 2022,Regular,0,Miami Dolphins,Houston Texans,30,15,-953,621,https://www.oddsportal.com/american-football/usa/nfl-2022-2023/miami-dolphins-houston-texans-IF7CZrYr/
27 Nov 2022,Regular,0,New York Jets,Chicago Bears,31,10,-378,296,https://www.oddsportal.com/american-football/usa/nfl-2022-2023/new-york-jets-chicago-bears-0vcHY2mk/
27 Nov 2022,Regular,0,Tennessee Titans,Cincinnati Bengals,16,20,-106,-112,https://www.oddsportal.com/american-football/usa/nfl-2022-2023/tennessee-titans-cincinnati-bengals-bPFKXM2e/
27 Nov 2022,Regular,0,Washington Commanders,Atlanta Falcons,19,13,-186,158,https://www.oddsportal.com/american-football/usa/nfl-2022-2023/washington-commanders-atlanta-falcons-hnFOWtI1/
24 Nov 2022,Regular,0,Minnesota Vikings,New England Patriots,33,26,-142,123,https://www.oddsportal.com/american-football/usa/nfl-2022-2023/minnesota-vikings-new-england-patriots-QHSXtRu9/
24 Nov 2022,Regular,0,Dallas Cowboys,New York Giants,28,20,-466,357,https://www.oddsportal.com/american-football/usa/nfl-2022-2023/dallas-cowboys-new-york-giants-CEOTs7Q2/
24 Nov 2022,Regular,0,Detroit Lions,Buffalo Bills,25,28,333,-426,https://www.oddsportal.com/american-football/usa/nfl-2022-2023/detroit-lions-buffalo-bills-bBznJNm2/
21 Nov 2022,Regular,1,Arizona Cardinals,San Francisco 49ers,10,38,345,-445,https://www.oddsportal.com/american-football/usa/nfl-2022-2023/arizona-cardinals-san-francisco-49ers-rPkqAHDj/
20 Nov 2022,Regular,0,Los Angeles Chargers,Kansas City Chiefs,27,30,200,-244,https://www.oddsportal.com/american-football/usa/nfl-2022-2023/los-angeles-chargers-kansas-city-chiefs-0ILtMP3q/
20 Nov 2022,Regular,0,Minnesota Vikings,Dallas Cowboys,3,40,110,-129,https://www.oddsportal.com/american-football/usa/nfl-2022-2023/minnesota-vikings-dallas-cowboys-v9KpLqJk/
20 Nov 2022,Regular,0,Pittsburgh Steelers,Cincinnati Bengals,30,37,158,-186,https://www.oddsportal.com/american-football/usa/nfl-2022-2023/pittsburgh-steelers-cincinnati-bengals-KKyrK3Ye/
20 Nov 2022,Regular,0,Denver Broncos,Las Vegas Raiders,16,22,-151,128,https://www.oddsportal.com/american-football/usa/nfl-2022-2023/denver-broncos-las-vegas-raiders-8McDwhZG/
20 Nov 2022,Regular,0,Atlanta Falcons,Chicago Bears,27,24,-133,115,https://www.oddsportal.com/american-football/usa/nfl-2022-2023/atlanta-falcons-chicago-bears-fJXwPhKN/
20 Nov 2022,Regular,0,Baltimore Ravens,Carolina Panthers,13,3,-690,489,https://www.oddsportal.com/american-football/usa/nfl-2022-2023/baltimore-ravens-carolina-panthers-ltXsOCZT/
20 Nov 2022,Regular,1,Buffalo Bills,Cleveland Browns,31,23,-360,286,https://www.oddsportal.com/american-football/usa/nfl-2022-2023/buffalo-bills-cleveland-browns-OYN9JWso/
20 Nov 2022,Regular,0,Houston Texans,Washington Commanders,10,23,134,-157,https://www.oddsportal.com/american-football/usa/nfl-2022-2023/houston-texans-washington-commanders-Qw2hrGKo/
20 Nov 2022,Regular,0,Indianapolis Colts,Philadelphia Eagles,16,17,239,-286,https://www.oddsportal.com/american-football/usa/nfl-2022-2023/indianapolis-colts-philadelphia-eagles-4U0dszzh/
20 Nov 2022,Regular,0,New England Patriots,New York Jets,10,3,-181,154,https://www.oddsportal.com/american-football/usa/nfl-2022-2023/new-england-patriots-new-york-jets-Y350tfkb/
20 Nov 2022,Regular,0,New Orleans Saints,Los Angeles Rams,27,20,-134,114,https://www.oddsportal.com/american-football/usa/nfl-2022-2023/new-orleans-saints-los-angeles-rams-Cf44uE44/
20 Nov 2022,Regular,0,New York Giants,Detroit Lions,18,31,-166,140,https://www.oddsportal.com/american-football/usa/nfl-2022-2023/new-york-giants-detroit-lions-fJg9vYJA/
17 Nov 2022,Regular,0,Green Bay Packers,Tennessee Titans,17,27,-177,150,https://www.oddsportal.com/american-football/usa/nfl-2022-2023/green-bay-packers-tennessee-titans-GSYZPY4H/
14 Nov 2022,Regular,0,Philadelphia Eagles,Washington Commanders,21,32,-536,393,https://www.oddsportal.com/american-football/usa/nfl-2022-2023/philadelphia-eagles-washington-commanders-bivVQEkB/
13 Nov 2022,Regular,0,San Francisco 49ers,Los Angeles Chargers,22,16,-353,276,https://www.oddsportal.com/american-football/usa/nfl-2022-2023/san-francisco-49ers-los-angeles-chargers-K0uRRfz5/
13 Nov 2022,Regular,0,Green Bay Packers,Dallas Cowboys,31,28,166,-203,https://www.oddsportal.com/american-football/usa/nfl-2022-2023/green-bay-packers-dallas-cowboys-tnI81Qnd/
13 Nov 2022,Regular,0,Los Angeles Rams,Arizona Cardinals,17,27,-187,156,https://www.oddsportal.com/american-football/usa/nfl-2022-2023/los-angeles-rams-arizona-cardinals-QwtNSzLb/
13 Nov 2022,Regular,0,Las Vegas Raiders,Indianapolis Colts,20,25,-201,166,https://www.oddsportal.com/american-football/usa/nfl-2022-2023/las-vegas-raiders-indianapolis-colts-CzxJTG5h/
13 Nov 2022,Regular,0,Buffalo Bills,Minnesota Vikings,30,33,-262,210,https://www.oddsportal.com/american-football/usa/nfl-2022-2023/buffalo-bills-minnesota-vikings-p65lEy65/
13 Nov 2022,Regular,0,Chicago Bears,Detroit Lions,30,31,-161,135,https://www.oddsportal.com/american-football/usa/nfl-2022-2023/chicago-bears-detroit-lions-vT4hDeLB/
13 Nov 2022,Regular,0,Kansas City Chiefs,Jacksonville Jaguars,27,17,-448,340,https://www.oddsportal.com/american-football/usa/nfl-2022-2023/kansas-city-chiefs-jacksonville-jaguars-hW8dCFzI/
13 Nov 2022,Regular,0,Miami Dolphins,Cleveland Browns,39,17,-176,148,https://www.oddsportal.com/american-football/usa/nfl-2022-2023/miami-dolphins-cleveland-browns-zeb1BZkO/
13 Nov 2022,Regular,0,New York Giants,Houston Texans,24,16,-227,185,https://www.oddsportal.com/american-football/usa/nfl-2022-2023/new-york-giants-houston-texans-Eoc5Ag5U/
13 Nov 2022,Regular,0,Pittsburgh Steelers,New Orleans Saints,20,10,-117,-105,https://www.oddsportal.com/american-football/usa/nfl-2022-2023/pittsburgh-steelers-new-orleans-saints-jLmAVxyt/
13 Nov 2022,Regular,0,Tennessee Titans,Denver Broncos,17,10,-138,115,https://www.oddsportal.com/american-football/usa/nfl-2022-2023/tennessee-titans-denver-broncos-UBnEUdjn/
13 Nov 2022,Regular,1,Tampa Bay Buccaneers,Seattle Seahawks,21,16,-145,120,https://www.oddsportal.com/american-football/usa/nfl-2022-2023/tampa-bay-buccaneers-seattle-seahawks-4YjuBcbp/
10 Nov 2022,Regular,0,Carolina Panthers,Atlanta Falcons,25,15,125,-150,https://www.oddsportal.com/american-football/usa/nfl-2022-2023/carolina-panthers-atlanta-falcons-6F6pFHja/
07 Nov 2022,Regular,0,New Orleans Saints,Baltimore Ravens,13,27,109,-132,https://www.oddsportal.com/american-football/usa/nfl-2022-2023/new-orleans-saints-baltimore-ravens-lvCuGcyg/
06 Nov 2022,Regular,0,Kansas City Chiefs,Tennessee Titans,20,17,-834,555,https://www.oddsportal.com/american-football/usa/nfl-2022-2023/kansas-city-chiefs-tennessee-titans-AmDyHwMn/
06 Nov 2022,Regular,0,Tampa Bay Buccaneers,Los Angeles Rams,16,13,-160,134,https://www.oddsportal.com/american-football/usa/nfl-2022-2023/tampa-bay-buccaneers-los-angeles-rams-GQDXHJ6t/
06 Nov 2022,Regular,0,Arizona Cardinals,Seattle Seahawks,21,31,-134,111,https://www.oddsportal.com/american-football/usa/nfl-2022-2023/arizona-cardinals-seattle-seahawks-tYM5MabP/
06 Nov 2022,Regular,0,Atlanta Falcons,Los Angeles Chargers,17,20,127,-152,https://www.oddsportal.com/american-football/usa/nfl-2022-2023/atlanta-falcons-los-angeles-chargers-OWlf40xs/
06 Nov 2022,Regular,0,Chicago Bears,Miami Dolphins,32,35,163,-195,https://www.oddsportal.com/american-football/usa/nfl-2022-2023/chicago-bears-miami-dolphins-2Nmb3Kim/
06 Nov 2022,Regular,0,Cincinnati Bengals,Carolina Panthers,42,21,-341,265,https://www.oddsportal.com/american-football/usa/nfl-2022-2023/cincinnati-bengals-carolina-panthers-dpm22v7g/
06 Nov 2022,Regular,0,Detroit Lions,Green Bay Packers,15,9,166,-201,https://www.oddsportal.com/american-football/usa/nfl-2022-2023/detroit-lions-green-bay-packers-Ami61bMa/
06 Nov 2022,Regular,0,Jacksonville Jaguars,Las Vegas Raiders,27,20,116,-140,https://www.oddsportal.com/american-football/usa/nfl-2022-2023/jacksonville-jaguars-las-vegas-raiders-hCtB0Iy6/
06 Nov 2022,Regular,0,New England Patriots,Indianapolis Colts,26,3,-231,187,https://www.oddsportal.com/american-football/usa/nfl-2022-2023/new-england-patriots-indianapolis-colts-W2uFaxiC/
06 Nov 2022,Regular,0,New York Jets,Buffalo Bills,20,17,415,-566,https://www.oddsportal.com/american-football/usa/nfl-2022-2023/new-york-jets-buffalo-bills-0xpJbd6I/
06 Nov 2022,Regular,0,Washington Commanders,Minnesota Vikings,17,20,145,-173,https://www.oddsportal.com/american-football/usa/nfl-2022-2023/washington-commanders-minnesota-vikings-vTrNcGLO/
03 Nov 2022,Regular,0,Houston Texans,Philadelphia Eagles,17,29,547,-811,https://www.oddsportal.com/american-football/usa/nfl-2022-2023/houston-texans-philadelphia-eagles-K2pZ8tUP/
31 Oct 2022,Regular,0,Cleveland Browns,Cincinnati Bengals,32,13,145,-173,https://www.oddsportal.com/american-football/usa/nfl-2022-2023/cleveland-browns-cincinnati-bengals-tCoV9MEJ/
30 Oct 2022,Regular,0,Buffalo Bills,Green Bay Packers,27,17,-517,385,https://www.oddsportal.com/american-football/usa/nfl-2022-2023/buffalo-bills-green-bay-packers-S8cmowxJ/
30 Oct 2022,Regular,0,Indianapolis Colts,Washington Commanders,16,17,-153,128,https://www.oddsportal.com/american-football/usa/nfl-2022-2023/indianapolis-colts-washington-commanders-hj5zluh0/
30 Oct 2022,Regular,0,Los Angeles Rams,San Francisco 49ers,14,31,-110,-110,https://www.oddsportal.com/american-football/usa/nfl-2022-2023/los-angeles-rams-san-francisco-49ers-Wt4vma76/
30 Oct 2022,Regular,0,Seattle Seahawks,New York Giants,27,13,-171,143,https://www.oddsportal.com/american-football/usa/nfl-2022-2023/seattle-seahawks-new-york-giants-E5gqnJMC/
30 Oct 2022,Regular,0,Houston Texans,Tennessee Titans,10,17,-101,-120,https://www.oddsportal.com/american-football/usa/nfl-2022-2023/houston-texans-tennessee-titans-OG0WlLxf/
30 Oct 2022,Regular,0,Atlanta Falcons,Carolina Panthers,37,34,-199,162,https://www.oddsportal.com/american-football/usa/nfl-2022-2023/atlanta-falcons-carolina-panthers-ILl0nSGe/
30 Oct 2022,Regular,0,Dallas Cowboys,Chicago Bears,49,29,-455,341,https://www.oddsportal.com/american-football/usa/nfl-2022-2023/dallas-cowboys-chicago-bears-dCm4onW1/
30 Oct 2022,Regular,0,Detroit Lions,Miami Dolphins,27,31,163,-194,https://www.oddsportal.com/american-football/usa/nfl-2022-2023/detroit-lions-miami-dolphins-YTWnAV82/
30 Oct 2022,Regular,0,Minnesota Vikings,Arizona Cardinals,34,26,-204,167,https://www.oddsportal.com/american-football/usa/nfl-2022-2023/minnesota-vikings-arizona-cardinals-CKVj9kO8/
30 Oct 2022,Regular,0,New Orleans Saints,Las Vegas Raiders,24,0,-100,-121,https://www.oddsportal.com/american-football/usa/nfl-2022-2023/new-orleans-saints-las-vegas-raiders-6sVf89wF/
30 Oct 2022,Regular,0,New York Jets,New England Patriots,17,22,136,-162,https://www.oddsportal.com/american-football/usa/nfl-2022-2023/new-york-jets-new-england-patriots-21CNjs8s/
30 Oct 2022,Regular,0,Philadelphia Eagles,Pittsburgh Steelers,35,13,-556,405,https://www.oddsportal.com/american-football/usa/nfl-2022-2023/philadelphia-eagles-pittsburgh-steelers-pQ1Sk1Nm/
30 Oct 2022,Regular,1,Jacksonville Jaguars,Denver Broncos,17,21,-120,-101,https://www.oddsportal.com/american-football/usa/nfl-2022-2023/jacksonville-jaguars-denver-broncos-ng4DFwjT/
27 Oct 2022,Regular,0,Tampa Bay Buccaneers,Baltimore Ravens,22,27,-132,109,https://www.oddsportal.com/american-football/usa/nfl-2022-2023/tampa-bay-buccaneers-baltimore-ravens-Obkdm81k/
24 Oct 2022,Regular,0,New England Patriots,Chicago Bears,14,33,-395,308,https://www.oddsportal.com/american-football/usa/nfl-2022-2023/new-england-patriots-chicago-bears-Aeohllnq/
23 Oct 2022,Regular,0,Miami Dolphins,Pittsburgh Steelers,16,10,-341,263,https://www.oddsportal.com/american-football/usa/nfl-2022-2023/miami-dolphins-pittsburgh-steelers-4E8PhUwS/
23 Oct 2022,Regular,0,Los Angeles Chargers,Seattle Seahawks,23,37,-227,185,https://www.oddsportal.com/american-football/usa/nfl-2022-2023/los-angeles-chargers-seattle-seahawks-IcAHfj9F/
23 Oct 2022,Regular,0,San Francisco 49ers,Kansas City Chiefs,23,44,-104,-117,https://www.oddsportal.com/american-football/usa/nfl-2022-2023/san-francisco-49ers-kansas-city-chiefs-QN9LgAOL/
23 Oct 2022,Regular,0,Denver Broncos,New York Jets,9,16,110,-133,https://www.oddsportal.com/american-football/usa/nfl-2022-2023/denver-broncos-new-york-jets-drM8dCv3/
23 Oct 2022,Regular,0,Las Vegas Raiders,Houston Texans,38,20,-333,260,https://www.oddsportal.com/american-football/usa/nfl-2022-2023/las-vegas-raiders-houston-texans-v7BDeWg9/
23 Oct 2022,Regular,0,Baltimore Ravens,Cleveland Browns,23,20,-286,226,https://www.oddsportal.com/american-football/usa/nfl-2022-2023/baltimore-ravens-cleveland-browns-Q3ovsXvG/
23 Oct 2022,Regular,0,Carolina Panthers,Tampa Bay Buccaneers,21,3,508,-750,https://www.oddsportal.com/american-football/usa/nfl-2022-2023/carolina-panthers-tampa-bay-buccaneers-xvkrtifM/
23 Oct 2022,Regular,0,Cincinnati Bengals,Atlanta Falcons,35,17,-289,228,https://www.oddsportal.com/american-football/usa/nfl-2022-2023/cincinnati-bengals-atlanta-falcons-W0lnuB9S/
23 Oct 2022,Regular,0,Dallas Cowboys,Detroit Lions,24,6,-306,240,https://www.oddsportal.com/american-football/usa/nfl-2022-2023/dallas-cowboys-detroit-lions-Y9zEzVHq/
23 Oct 2022,Regular,0,Jacksonville Jaguars,New York Giants,17,23,-170,142,https://www.oddsportal.com/american-football/usa/nfl-2022-2023/jacksonville-jaguars-new-york-giants-joVIZlXk/
23 Oct 2022,Regular,0,Tennessee Titans,Indianapolis Colts,19,10,-147,123,https://www.oddsportal.com/american-football/usa/nfl-2022-2023/tennessee-titans-indianapolis-colts-UyUMY8nd/
23 Oct 2022,Regular,0,Washington Commanders,Green Bay Packers,23,21,168,-207,https://www.oddsportal.com/american-football/usa/nfl-2022-2023/washington-commanders-green-bay-packers-ruI4chPd/
20 Oct 2022,Regular,0,Arizona Cardinals,New Orleans Saints,42,34,-142,119,https://www.oddsportal.com/american-football/usa/nfl-2022-2023/arizona-cardinals-new-orleans-saints-rudZsDP9/
17 Oct 2022,Regular,0,Los Angeles Chargers,Denver Broncos,19,16,-199,164,https://www.oddsportal.com/american-football/usa/nfl-2022-2023/los-angeles-chargers-denver-broncos-4lcVrgA3/
16 Oct 2022,Regular,0,Philadelphia Eagles,Dallas Cowboys,26,17,-300,237,https://www.oddsportal.com/american-football/usa/nfl-2022-2023/philadelphia-eagles-dallas-cowboys-zFhRqZfc/
16 Oct 2022,Regular,0,Kansas City Chiefs,Buffalo Bills,20,24,126,-151,https://www.oddsportal.com/american-football/usa/nfl-2022-2023/kansas-city-chiefs-buffalo-bills-dOgNpFui/
16 Oct 2022,Regular,0,Los Angeles Rams,Carolina Panthers,24,10,-462,350,https://www.oddsportal.com/american-football/usa/nfl-2022-2023/los-angeles-rams-carolina-panthers-vmPxw3Mp/
16 Oct 2022,Regular,0,Seattle Seahawks,Arizona Cardinals,19,9,114,-138,https://www.oddsportal.com/american-football/usa/nfl-2022-2023/seattle-seahawks-arizona-cardinals-hjTtxNyi/
16 Oct 2022,Regular,0,Atlanta Falcons,San Francisco 49ers,28,14,160,-190,https://www.oddsportal.com/american-football/usa/nfl-2022-2023/atlanta-falcons-san-francisco-49ers-8OGklTUo/
16 Oct 2022,Regular,0,Cleveland Browns,New England Patriots,15,38,-149,124,https://www.oddsportal.com/american-football/usa/nfl-2022-2023/cleveland-browns-new-england-patriots-nFFgmmph/
16 Oct 2022,Regular,0,Green Bay Packers,New York Jets,10,27,-371,288,https://www.oddsportal.com/american-football/usa/nfl-2022-2023/green-bay-packers-new-york-jets-Uw5bn7ab/
16 Oct 2022,Regular,0,Indianapolis Colts,Jacksonville Jaguars,34,27,-126,104,https://www.oddsportal.com/american-football/usa/nfl-2022-2023/indianapolis-colts-jacksonville-jaguars-rs92oRE4/
16 Oct 2022,Regular,0,Miami Dolphins,Minnesota Vikings,16,24,147,-176,https://www.oddsportal.com/american-football/usa/nfl-2022-2023/miami-dolphins-minnesota-vikings-x486poUA/
16 Oct 2022,Regular,0,New Orleans Saints,Cincinnati Bengals,26,30,140,-167,https://www.oddsportal.com/american-football/usa/nfl-2022-2023/new-orleans-saints-cincinnati-bengals-Gf7Aq5qH/
16 Oct 2022,Regular,0,New York Giants,Baltimore Ravens,24,20,198,-248,https://www.oddsportal.com/american-football/usa/nfl-2022-2023/new-york-giants-baltimore-ravens-rHw7rPbN/
16 Oct 2022,Regular,0,Pittsburgh Steelers,Tampa Bay Buccaneers,20,18,347,-455,https://www.oddsportal.com/american-football/usa/nfl-2022-2023/pittsburgh-steelers-tampa-bay-buccaneers-M7xBsqET/
13 Oct 2022,Regular,0,Chicago Bears,Washington Commanders,7,12,101,-123,https://www.oddsportal.com/american-football/usa/nfl-2022-2023/chicago-bears-washington-commanders-K8N7Pqho/
10 Oct 2022,Regular,0,Kansas City Chiefs,Las Vegas Raiders,30,29,-349,268,https://www.oddsportal.com/american-football/usa/nfl-2022-2023/kansas-city-chiefs-las-vegas-raiders-IaytUPqU/
09 Oct 2022,Regular,0,Baltimore Ravens,Cincinnati Bengals,19,17,-171,143,https://www.oddsportal.com/american-football/usa/nfl-2022-2023/baltimore-ravens-cincinnati-bengals-zynyV5UN/
09 Oct 2022,Regular,0,Arizona Cardinals,Philadelphia Eagles,17,20,188,-233,https://www.oddsportal.com/american-football/usa/nfl-2022-2023/arizona-cardinals-philadelphia-eagles-UwqTWRaB/
09 Oct 2022,Regular,0,Los Angeles Rams,Dallas Cowboys,10,22,-240,193,https://www.oddsportal.com/american-football/usa/nfl-2022-2023/los-angeles-rams-dallas-cowboys-O0rXVoFH/
09 Oct 2022,Regular,0,Carolina Panthers,San Francisco 49ers,15,37,205,-256,https://www.oddsportal.com/american-football/usa/nfl-2022-2023/carolina-panthers-san-francisco-49ers-jmpPX7p5/
09 Oct 2022,Regular,0,Buffalo Bills,Pittsburgh Steelers,38,3,-1001,621,https://www.oddsportal.com/american-football/usa/nfl-2022-2023/buffalo-bills-pittsburgh-steelers-vobqXzff/
09 Oct 2022,Regular,0,Cleveland Browns,Los Angeles Chargers,28,30,101,-122,https://www.oddsportal.com/american-football/usa/nfl-2022-2023/cleveland-browns-los-angeles-chargers-M9mlWf90/
09 Oct 2022,Regular,0,Jacksonville Jaguars,Houston Texans,6,13,-309,243,https://www.oddsportal.com/american-football/usa/nfl-2022-2023/jacksonville-jaguars-houston-texans-00nhVEO6/
09 Oct 2022,Regular,0,Minnesota Vikings,Chicago Bears,29,22,-417,316,https://www.oddsportal.com/american-football/usa/nfl-2022-2023/minnesota-vikings-chicago-bears-8QodUYwD/
09 Oct 2022,Regular,0,New England Patriots,Detroit Lions,29,0,-155,130,https://www.oddsportal.com/american-football/usa/nfl-2022-2023/new-england-patriots-detroit-lions-nHp0ThgJ/
09 Oct 2022,Regular,0,New Orleans Saints,Seattle Seahawks,39,32,-227,185,https://www.oddsportal.com/american-football/usa/nfl-2022-2023/new-orleans-saints-seattle-seahawks-nem8yjot/
09 Oct 2022,Regular,0,New York Jets,Miami Dolphins,40,17,145,-173,https://www.oddsportal.com/american-football/usa/nfl-2022-2023/new-york-jets-miami-dolphins-0biCzA0n/
09 Oct 2022,Regular,0,Tampa Bay Buccaneers,Atlanta Falcons,21,15,-527,391,https://www.oddsportal.com/american-football/usa/nfl-2022-2023/tampa-bay-buccaneers-atlanta-falcons-fLjGZTFh/
09 Oct 2022,Regular,0,Washington Commanders,Tennessee Titans,17,21,-107,-114,https://www.oddsportal.com/american-football/usa/nfl-2022-2023/washington-commanders-tennessee-titans-YBkKYmVb/
09 Oct 2022,Regular,1,Green Bay Packers,New York Giants,22,27,-435,327,https://www.oddsportal.com/american-football/usa/nfl-2022-2023/green-bay-packers-new-york-giants-hfB4HaLG/
06 Oct 2022,Regular,0,Denver Broncos,Indianapolis Colts,9,12,-178,149,https://www.oddsportal.com/american-football/usa/nfl-2022-2023/denver-broncos-indianapolis-colts-QsfuYGvl/
03 Oct 2022,Regular,0,San Francisco 49ers,Los Angeles Rams,24,9,-127,105,https://www.oddsportal.com/american-football/usa/nfl-2022-2023/san-francisco-49ers-los-angeles-rams-WKfyZdPs/
02 Oct 2022,Regular,0,Tampa Bay Buccaneers,Kansas City Chiefs,31,41,-129,107,https://www.oddsportal.com/american-football/usa/nfl-2022-2023/tampa-bay-buccaneers-kansas-city-chiefs-UB89wwHQ/
02 Oct 2022,Regular,0,Green Bay Packers,New England Patriots,27,24,-455,343,https://www.oddsportal.com/american-football/usa/nfl-2022-2023/green-bay-packers-new-england-patriots-YqF0uanE/
02 Oct 2022,Regular,0,Las Vegas Raiders,Denver Broncos,32,23,-145,120,https://www.oddsportal.com/american-football/usa/nfl-2022-2023/las-vegas-raiders-denver-broncos-CzE4vJ1K/
02 Oct 2022,Regular,0,Carolina Panthers,Arizona Cardinals,16,26,-117,-105,https://www.oddsportal.com/american-football/usa/nfl-2022-2023/carolina-panthers-arizona-cardinals-KtRIGF9D/
02 Oct 2022,Regular,0,Atlanta Falcons,Cleveland Browns,23,20,-103,-118,https://www.oddsportal.com/american-football/usa/nfl-2022-2023/atlanta-falcons-cleveland-browns-0IyKSL28/
02 Oct 2022,Regular,0,Baltimore Ravens,Buffalo Bills,20,23,147,-175,https://www.oddsportal.com/american-football/usa/nfl-2022-2023/baltimore-ravens-buffalo-bills-v9zORuIE/
02 Oct 2022,Regular,0,Dallas Cowboys,Washington Commanders,25,10,-167,139,https://www.oddsportal.com/american-football/usa/nfl-2022-2023/dallas-cowboys-washington-commanders-YVZRQaXK/
02 Oct 2022,Regular,0,Detroit Lions,Seattle Seahawks,45,48,-180,150,https://www.oddsportal.com/american-football/usa/nfl-2022-2023/detroit-lions-seattle-seahawks-nZwWPJnR/
02 Oct 2022,Regular,0,Houston Texans,Los Angeles Chargers,24,34,200,-248,https://www.oddsportal.com/american-football/usa/nfl-2022-2023/houston-texans-los-angeles-chargers-hGGbLwer/
02 Oct 2022,Regular,0,Indianapolis Colts,Tennessee Titans,17,24,-199,164,https://www.oddsportal.com/american-football/usa/nfl-2022-2023/indianapolis-colts-tennessee-titans-W6F2KcAl/
02 Oct 2022,Regular,0,New York Giants,Chicago Bears,20,12,-151,126,https://www.oddsportal.com/american-football/usa/nfl-2022-2023/new-york-giants-chicago-bears-0tK6JHPf/
02 Oct 2022,Regular,0,Philadelphia Eagles,Jacksonville Jaguars,29,21,-289,228,https://www.oddsportal.com/american-football/usa/nfl-2022-2023/philadelphia-eagles-jacksonville-jaguars-vXIAIyu1/
02 Oct 2022,Regular,0,Pittsburgh Steelers,New York Jets,20,24,-169,141,https://www.oddsportal.com/american-football/usa/nfl-2022-2023/pittsburgh-steelers-new-york-jets-Me8FHef7/
02 Oct 2022,Regular,1,New Orleans Saints,Minnesota Vikings,25,28,169,-207,https://www.oddsportal.com/american-football/usa/nfl-2022-2023/new-orleans-saints-minnesota-vikings-E3C0Iu6A/
29 Sep 2022,Regular,0,Cincinnati Bengals,Miami Dolphins,27,15,-199,162,https://www.oddsportal.com/american-football/usa/nfl-2022-2023/cincinnati-bengals-miami-dolphins-0QVr4xQ7/
26 Sep 2022,Regular,0,New York Giants,Dallas Cowboys,16,23,-121,-100,https://www.oddsportal.com/american-football/usa/nfl-2022-2023/new-york-giants-dallas-cowboys-MZWv5IA1/
25 Sep 2022,Regular,0,Denver Broncos,San Francisco 49ers,11,10,-101,-120,https://www.oddsportal.com/american-football/usa/nfl-2022-2023/denver-broncos-san-francisco-49ers-SCXz6bee/
25 Sep 2022,Regular,0,Arizona Cardinals,Los Angeles Rams,12,20,148,-176,https://www.oddsportal.com/american-football/usa/nfl-2022-2023/arizona-cardinals-los-angeles-rams-Uyh0C0IR/
25 Sep 2022,Regular,0,Seattle Seahawks,Atlanta Falcons,23,27,-117,-105,https://www.oddsportal.com/american-football/usa/nfl-2022-2023/seattle-seahawks-atlanta-falcons-WpvS7KQr/
25 Sep 2022,Regular,0,Tampa Bay Buccaneers,Green Bay Packers,12,14,-125,103,https://www.oddsportal.com/american-football/usa/nfl-2022-2023/tampa-bay-buccaneers-green-bay-packers-E9TW6vtk/
25 Sep 2022,Regular,0,Los Angeles Chargers,Jacksonville Jaguars,10,38,-275,218,https://www.oddsportal.com/american-football/usa/nfl-2022-2023/los-angeles-chargers-jacksonville-jaguars-02mdDt3L/
25 Sep 2022,Regular,0,Carolina Panthers,New Orleans Saints,22,14,109,-132,https://www.oddsportal.com/american-football/usa/nfl-2022-2023/carolina-panthers-new-orleans-saints-88OIaNYL/
25 Sep 2022,Regular,0,Chicago Bears,Houston Texans,23,20,-166,139,https://www.oddsportal.com/american-football/usa/nfl-2022-2023/chicago-bears-houston-texans-MBSMbslS/
25 Sep 2022,Regular,0,Indianapolis Colts,Kansas City Chiefs,20,17,178,-222,https://www.oddsportal.com/american-football/usa/nfl-2022-2023/indianapolis-colts-kansas-city-chiefs-viFlf1dq/
25 Sep 2022,Regular,0,Miami Dolphins,Buffalo Bills,21,19,166,-201,https://www.oddsportal.com/american-football/usa/nfl-2022-2023/miami-dolphins-buffalo-bills-IsEhgLBk/
25 Sep 2022,Regular,0,Minnesota Vikings,Detroit Lions,28,24,-275,218,https://www.oddsportal.com/american-football/usa/nfl-2022-2023/minnesota-vikings-detroit-lions-zJ8chuRe/
25 Sep 2022,Regular,0,New England Patriots,Baltimore Ravens,26,37,121,-144,https://www.oddsportal.com/american-football/usa/nfl-2022-2023/new-england-patriots-baltimore-ravens-E971iat2/
25 Sep 2022,Regular,0,New York Jets,Cincinnati Bengals,12,27,218,-275,https://www.oddsportal.com/american-football/usa/nfl-2022-2023/new-york-jets-cincinnati-bengals-SCeqGrJ2/
25 Sep 2022,Regular,0,Tennessee Titans,Las Vegas Raiders,24,22,110,-133,https://www.oddsportal.com/american-football/usa/nfl-2022-2023/tennessee-titans-las-vegas-raiders-vmamF2Y8/
25 Sep 2022,Regular,0,Washington Commanders,Philadelphia Eagles,8,24,198,-246,https://www.oddsportal.com/american-football/usa/nfl-2022-2023/washington-commanders-philadelphia-eagles-MBlhEMmF/
22 Sep 2022,Regular,0,Cleveland Browns,Pittsburgh Steelers,29,17,-220,178,https://www.oddsportal.com/american-football/usa/nfl-2022-2023/cleveland-browns-pittsburgh-steelers-QqZD03JF/
19 Sep 2022,Regular,0,Philadelphia Eagles,Minnesota Vikings,24,7,-146,122,https://www.oddsportal.com/american-football/usa/nfl-2022-2023/philadelphia-eagles-minnesota-vikings-21jG2EGf/
19 Sep 2022,Regular,0,Buffalo Bills,Tennessee Titans,41,7,-485,363,https://www.oddsportal.com/american-football/usa/nfl-2022-2023/buffalo-bills-tennessee-titans-fyiC3f1l/
18 Sep 2022,Regular,0,Green Bay Packers,Chicago Bears,27,10,-500,373,https://www.oddsportal.com/american-football/usa/nfl-2022-2023/green-bay-packers-chicago-bears-ngzA1q49/
18 Sep 2022,Regular,0,Dallas Cowboys,Cincinnati Bengals,20,17,265,-341,https://www.oddsportal.com/american-football/usa/nfl-2022-2023/dallas-cowboys-cincinnati-bengals-CMrKvMdd/
18 Sep 2022,Regular,0,Denver Broncos,Houston Texans,16,9,-527,391,https://www.oddsportal.com/american-football/usa/nfl-2022-2023/denver-broncos-houston-texans-ERM235Zd/
18 Sep 2022,Regular,0,Las Vegas Raiders,Arizona Cardinals,23,29,-244,197,https://www.oddsportal.com/american-football/usa/nfl-2022-2023/las-vegas-raiders-arizona-cardinals-hIL62Pl3/
18 Sep 2022,Regular,0,Los Angeles Rams,Atlanta Falcons,31,27,-518,380,https://www.oddsportal.com/american-football/usa/nfl-2022-2023/los-angeles-rams-atlanta-falcons-4duCtrSq/
18 Sep 2022,Regular,0,San Francisco 49ers,Seattle Seahawks,27,7,-406,313,https://www.oddsportal.com/american-football/usa/nfl-2022-2023/san-francisco-49ers-seattle-seahawks-bJvGu2sj/
18 Sep 2022,Regular,0,Baltimore Ravens,Miami Dolphins,38,42,-177,149,https://www.oddsportal.com/american-football/usa/nfl-2022-2023/baltimore-ravens-miami-dolphins-4hXI3ETu/
18 Sep 2022,Regular,0,Cleveland Browns,New York Jets,30,31,-273,217,https://www.oddsportal.com/american-football/usa/nfl-2022-2023/cleveland-browns-new-york-jets-rqWM2Yrn/
18 Sep 2022,Regular,0,Detroit Lions,Washington Commanders,36,27,-108,-113,https://www.oddsportal.com/american-football/usa/nfl-2022-2023/detroit-lions-washington-commanders-Q7LR1hbh/
18 Sep 2022,Regular,0,Jacksonville Jaguars,Indianapolis Colts,24,0,136,-164,https://www.oddsportal.com/american-football/usa/nfl-2022-2023/jacksonville-jaguars-indianapolis-colts-xrPV0CDb/
18 Sep 2022,Regular,0,New Orleans Saints,Tampa Bay Buccaneers,10,20,123,-147,https://www.oddsportal.com/american-football/usa/nfl-2022-2023/new-orleans-saints-tampa-bay-buccaneers-W4OZaWS4/
18 Sep 2022,Regular,0,New York Giants,Carolina Panthers,19,16,-104,-118,https://www.oddsportal.com/american-football/usa/nfl-2022-2023/new-york-giants-carolina-panthers-AeNwajrB/
18 Sep 2022,Regular,0,Pittsburgh Steelers,New England Patriots,14,17,130,-155,https://www.oddsportal.com/american-football/usa/nfl-2022-2023/pittsburgh-steelers-new-england-patriots-SWHrbAcH/
15 Sep 2022,Regular,0,Kansas City Chiefs,Los Angeles Chargers,27,24,-206,168,https://www.oddsportal.com/american-football/usa/nfl-2022-2023/kansas-city-chiefs-los-angeles-chargers-hKjDrVcU/
12 Sep 2022,Regular,0,Seattle Seahawks,Denver Broncos,17,16,209,-256,https://www.oddsportal.com/american-football/usa/nfl-2022-2023/seattle-seahawks-denver-broncos-dE66kOhO/
11 Sep 2022,Regular,0,Dallas Cowboys,Tampa Bay Buccaneers,3,19,114,-135,https://www.oddsportal.com/american-football/usa/nfl-2022-2023/dallas-cowboys-tampa-bay-buccaneers-Sv22j4wI/
11 Sep 2022,Regular,0,Arizona Cardinals,Kansas City Chiefs,21,44,192,-233,https://www.oddsportal.com/american-football/usa/nfl-2022-2023/arizona-cardinals-kansas-city-chiefs-baAofnvg/
11 Sep 2022,Regular,0,Los Angeles Chargers,Las Vegas Raiders,24,19,-184,156,https://www.oddsportal.com/american-football/usa/nfl-2022-2023/los-angeles-chargers-las-vegas-raiders-hM9kg6ga/
11 Sep 2022,Regular,0,Minnesota Vikings,Green Bay Packers,23,7,-116,-102,https://www.oddsportal.com/american-football/usa/nfl-2022-2023/minnesota-vikings-green-bay-packers-6PDghQ85/
11 Sep 2022,Regular,0,Tennessee Titans,New York Giants,20,21,-253,207,https://www.oddsportal.com/american-football/usa/nfl-2022-2023/tennessee-titans-new-york-giants-ll3bipOB/
11 Sep 2022,Regular,0,Atlanta Falcons,New Orleans Saints,26,27,193,-234,https://www.oddsportal.com/american-football/usa/nfl-2022-2023/atlanta-falcons-new-orleans-saints-6omEgFmr/
11 Sep 2022,Regular,0,Carolina Panthers,Cleveland Browns,24,26,-124,103,https://www.oddsportal.com/american-football/usa/nfl-2022-2023/carolina-panthers-cleveland-browns-pxnIhZ2l/
11 Sep 2022,Regular,0,Chicago Bears,San Francisco 49ers,19,10,227,-284,https://www.oddsportal.com/american-football/usa/nfl-2022-2023/chicago-bears-san-francisco-49ers-EBjMigIf/
11 Sep 2022,Regular,0,Cincinnati Bengals,Pittsburgh Steelers,20,23,-320,257,https://www.oddsportal.com/american-football/usa/nfl-2022-2023/cincinnati-bengals-pittsburgh-steelers-h2kQjDX0/
11 Sep 2022,Regular,0,Detroit Lions,Philadelphia Eagles,35,38,198,-240,https://www.oddsportal.com/american-football/usa/nfl-2022-2023/detroit-lions-philadelphia-eagles-zRvVkXn7/
11 Sep 2022,Regular,0,Houston Texans,Indianapolis Colts,20,20,270,-342,https://www.oddsportal.com/american-football/usa/nfl-2022-2023/houston-texans-indianapolis-colts-lUrZli2D/
11 Sep 2022,Regular,0,Miami Dolphins,New England Patriots,20,7,-168,142,https://www.oddsportal.com/american-football/usa/nfl-2022-2023/miami-dolphins-new-england-patriots-2XWGDzuE/
11 Sep 2022,Regular,0,New York Jets,Baltimore Ravens,9,24,229,-282,https://www.oddsportal.com/american-football/usa/nfl-2022-2023/new-york-jets-baltimore-ravens-vcfpd89t/
11 Sep 2022,Regular,0,Washington Commanders,Jacksonville Jaguars,28,22,-156,131,https://www.oddsportal.com/american-football/usa/nfl-2022-2023/washington-commanders-jacksonville-jaguars-K8BseSOn/
08 Sep 2022,Regular,0,Los Angeles Rams,Buffalo Bills,10,31,105,-124,https://www.oddsportal.com/american-football/usa/nfl-2022-2023/los-angeles-rams-buffalo-bills-04AobeuR/
28 Aug 2022,Pre-season,0,Pittsburgh Steelers,Detroit Lions,19,9,,,https://www.oddsportal.com/american-football/usa/nfl-2022-2023/pittsburgh-steelers-detroit-lions-QiaMUqve/
28 Aug 2022,Pre-season,0,New York Jets,New York Giants,31,27,,,https://www.oddsportal.com/american-football/usa/nfl-2022-2023/new-york-jets-new-york-giants-n10IVPOl/
27 Aug 2022,Pre-season,0,Denver Broncos,Minnesota Vikings,23,13,,,https://www.oddsportal.com/american-football/usa/nfl-2022-2023/denver-broncos-minnesota-vikings-hv1EW59r/
27 Aug 2022,Pre-season,0,Indianapolis Colts,Tampa Bay Buccaneers,27,10,,,https://www.oddsportal.com/american-football/usa/nfl-2022-2023/indianapolis-colts-tampa-bay-buccaneers-GI9nyn1R/
27 Aug 2022,Pre-season,0,Baltimore Ravens,Washington Commanders,17,15,,,https://www.oddsportal.com/american-football/usa/nfl-2022-2023/baltimore-ravens-washington-commanders-nwIVvU12/
27 Aug 2022,Pre-season,0,Cleveland Browns,Chicago Bears,20,21,,,https://www.oddsportal.com/american-football/usa/nfl-2022-2023/cleveland-browns-chicago-bears-f3Lww8WE/
27 Aug 2022,Pre-season,0,Miami Dolphins,Philadelphia Eagles,48,10,,,https://www.oddsportal.com/american-football/usa/nfl-2022-2023/miami-dolphins-philadelphia-eagles-QTGZwlH8/
27 Aug 2022,Pre-season,0,Tennessee Titans,Arizona Cardinals,26,23,,,https://www.oddsportal.com/american-football/usa/nfl-2022-2023/tennessee-titans-arizona-cardinals-YgKsxSoL/
27 Aug 2022,Pre-season,0,Cincinnati Bengals,Los Angeles Rams,16,7,,,https://www.oddsportal.com/american-football/usa/nfl-2022-2023/cincinnati-bengals-los-angeles-rams-r5ikWyb2/
27 Aug 2022,Pre-season,0,Atlanta Falcons,Jacksonville Jaguars,28,12,,,https://www.oddsportal.com/american-football/usa/nfl-2022-2023/atlanta-falcons-jacksonville-jaguars-pKYoXHrd/
26 Aug 2022,Pre-season,0,Las Vegas Raiders,New England Patriots,23,6,,,https://www.oddsportal.com/american-football/usa/nfl-2022-2023/las-vegas-raiders-new-england-patriots-jcZsYcTk/
26 Aug 2022,Pre-season,0,Dallas Cowboys,Seattle Seahawks,27,26,,,https://www.oddsportal.com/american-football/usa/nfl-2022-2023/dallas-cowboys-seattle-seahawks-WChBwK5S/
26 Aug 2022,Pre-season,0,New Orleans Saints,Los Angeles Chargers,27,10,,,https://www.oddsportal.com/american-football/usa/nfl-2022-2023/new-orleans-saints-los-angeles-chargers-C6zvZwEq/
26 Aug 2022,Pre-season,0,Carolina Panthers,Buffalo Bills,21,0,,,https://www.oddsportal.com/american-football/usa/nfl-2022-2023/carolina-panthers-buffalo-bills-hMg7v0jM/
25 Aug 2022,Pre-season,0,Houston Texans,San Francisco 49ers,17,0,,,https://www.oddsportal.com/american-football/usa/nfl-2022-2023/houston-texans-san-francisco-49ers-baf3utyG/
25 Aug 2022,Pre-season,0,Kansas City Chiefs,Green Bay Packers,17,10,,,https://www.oddsportal.com/american-football/usa/nfl-2022-2023/kansas-city-chiefs-green-bay-packers-pdjatML9/
22 Aug 2022,Pre-season,0,New York Jets,Atlanta Falcons,24,16,,,https://www.oddsportal.com/american-football/usa/nfl-2022-2023/new-york-jets-atlanta-falcons-2X0fs263/
21 Aug 2022,Pre-season,0,Arizona Cardinals,Baltimore Ravens,17,24,,,https://www.oddsportal.com/american-football/usa/nfl-2022-2023/arizona-cardinals-baltimore-ravens-Ot2jrric/
21 Aug 2022,Pre-season,0,New York Giants,Cincinnati Bengals,25,22,,,https://www.oddsportal.com/american-football/usa/nfl-2022-2023/new-york-giants-cincinnati-bengals-dzE8JbEd/
21 Aug 2022,Pre-season,0,Cleveland Browns,Philadelphia Eagles,20,21,,,https://www.oddsportal.com/american-football/usa/nfl-2022-2023/cleveland-browns-philadelphia-eagles-IqF4Kvaj/
20 Aug 2022,Pre-season,0,Los Angeles Chargers,Dallas Cowboys,18,32,,,https://www.oddsportal.com/american-football/usa/nfl-2022-2023/los-angeles-chargers-dallas-cowboys-zLPaLKqp/
20 Aug 2022,Pre-season,0,Jacksonville Jaguars,Pittsburgh Steelers,15,16,,,https://www.oddsportal.com/american-football/usa/nfl-2022-2023/jacksonville-jaguars-pittsburgh-steelers-4xZTQtMM/
20 Aug 2022,Pre-season,0,Miami Dolphins,Las Vegas Raiders,13,15,,,https://www.oddsportal.com/american-football/usa/nfl-2022-2023/miami-dolphins-las-vegas-raiders-baYXP0yT/
20 Aug 2022,Pre-season,0,Minnesota Vikings,San Francisco 49ers,7,17,,,https://www.oddsportal.com/american-football/usa/nfl-2022-2023/minnesota-vikings-san-francisco-49ers-QozQRM6G/
20 Aug 2022,Pre-season,0,Tennessee Titans,Tampa Bay Buccaneers,13,3,,,https://www.oddsportal.com/american-football/usa/nfl-2022-2023/tennessee-titans-tampa-bay-buccaneers-8AuLS2iA/
20 Aug 2022,Pre-season,0,Kansas City Chiefs,Washington Commanders,24,14,,,https://www.oddsportal.com/american-football/usa/nfl-2022-2023/kansas-city-chiefs-washington-commanders-UJtHTrx4/
20 Aug 2022,Pre-season,0,Buffalo Bills,Denver Broncos,42,15,,,https://www.oddsportal.com/american-football/usa/nfl-2022-2023/buffalo-bills-denver-broncos-zcsDUOMc/
20 Aug 2022,Pre-season,0,Indianapolis Colts,Detroit Lions,26,27,,,https://www.oddsportal.com/american-football/usa/nfl-2022-2023/indianapolis-colts-detroit-lions-OMw9V47i/
19 Aug 2022,Pre-season,0,Los Angeles Rams,Houston Texans,20,24,,,https://www.oddsportal.com/american-football/usa/nfl-2022-2023/los-angeles-rams-houston-texans-MHaQ6LUj/
19 Aug 2022,Pre-season,0,Green Bay Packers,New Orleans Saints,20,10,,,https://www.oddsportal.com/american-football/usa/nfl-2022-2023/green-bay-packers-new-orleans-saints-rR0M71Fp/
19 Aug 2022,Pre-season,0,New England Patriots,Carolina Panthers,20,10,,,https://www.oddsportal.com/american-football/usa/nfl-2022-2023/new-england-patriots-carolina-panthers-GIXhPTpI/
18 Aug 2022,Pre-season,0,Seattle Seahawks,Chicago Bears,11,27,,,https://www.oddsportal.com/american-football/usa/nfl-2022-2023/seattle-seahawks-chicago-bears-xSYlQ9VB/
14 Aug 2022,Pre-season,0,Las Vegas Raiders,Minnesota Vikings,26,20,,,https://www.oddsportal.com/american-football/usa/nfl-2022-2023/las-vegas-raiders-minnesota-vikings-f3qpRkG5/
13 Aug 2022,Pre-season,0,Los Angeles Chargers,Los Angeles Rams,22,29,,,https://www.oddsportal.com/american-football/usa/nfl-2022-2023/los-angeles-chargers-los-angeles-rams-t0utSV0a/
13 Aug 2022,Pre-season,0,Denver Broncos,Dallas Cowboys,17,7,,,https://www.oddsportal.com/american-football/usa/nfl-2022-2023/denver-broncos-dallas-cowboys-nwtxTBog/
13 Aug 2022,Pre-season,0,Houston Texans,New Orleans Saints,17,13,,,https://www.oddsportal.com/american-football/usa/nfl-2022-2023/houston-texans-new-orleans-saints-8nsYTiWn/
13 Aug 2022,Pre-season,0,Tampa Bay Buccaneers,Miami Dolphins,24,26,,,https://www.oddsportal.com/american-football/usa/nfl-2022-2023/tampa-bay-buccaneers-miami-dolphins-tQAyVXGt/
13 Aug 2022,Pre-season,0,Pittsburgh Steelers,Seattle Seahawks,32,25,,,https://www.oddsportal.com/american-football/usa/nfl-2022-2023/pittsburgh-steelers-seattle-seahawks-vHO9ZD8P/
13 Aug 2022,Pre-season,0,Buffalo Bills,Indianapolis Colts,27,24,,,https://www.oddsportal.com/american-football/usa/nfl-2022-2023/buffalo-bills-indianapolis-colts-QDzSAUVO/
13 Aug 2022,Pre-season,0,Chicago Bears,Kansas City Chiefs,19,14,,,https://www.oddsportal.com/american-football/usa/nfl-2022-2023/chicago-bears-kansas-city-chiefs-CAWNBAGI/
13 Aug 2022,Pre-season,0,Washington Commanders,Carolina Panthers,21,23,,,https://www.oddsportal.com/american-football/usa/nfl-2022-2023/washington-commanders-carolina-panthers-UosJCj1C/
12 Aug 2022,Pre-season,0,San Francisco 49ers,Green Bay Packers,28,21,,,https://www.oddsportal.com/american-football/usa/nfl-2022-2023/san-francisco-49ers-green-bay-packers-jerFDWo6/
12 Aug 2022,Pre-season,0,Cincinnati Bengals,Arizona Cardinals,23,36,,,https://www.oddsportal.com/american-football/usa/nfl-2022-2023/cincinnati-bengals-arizona-cardinals-rVv7FhHg/
12 Aug 2022,Pre-season,0,Philadelphia Eagles,New York Jets,21,24,,,https://www.oddsportal.com/american-football/usa/nfl-2022-2023/philadelphia-eagles-new-york-jets-MLwBECWa/
12 Aug 2022,Pre-season,0,Jacksonville Jaguars,Cleveland Browns,13,24,,,https://www.oddsportal.com/american-football/usa/nfl-2022-2023/jacksonville-jaguars-cleveland-browns-06k2GY1m/
12 Aug 2022,Pre-season,0,Detroit Lions,Atlanta Falcons,23,27,,,https://www.oddsportal.com/american-football/usa/nfl-2022-2023/detroit-lions-atlanta-falcons-lWobHEns/
11 Aug 2022,Pre-season,0,Baltimore Ravens,Tennessee Titans,23,10,,,https://www.oddsportal.com/american-football/usa/nfl-2022-2023/baltimore-ravens-tennessee-titans-WjaWLfvQ/
11 Aug 2022,Pre-season,0,New England Patriots,New York Giants,21,23,,,https://www.oddsportal.com/american-football/usa/nfl-2022-2023/new-england-patriots-new-york-giants-h00SMzPJ/
04 Aug 2022,Pre-season,1,Las Vegas Raiders,Jacksonville Jaguars,27,11,,,https://www.oddsportal.com/american-football/usa/nfl-2022-2023/las-vegas-raiders-jacksonville-jaguars-GrHqbinJ/
13 Feb 2022,Play Offs,0,Cincinnati Bengals,Los Angeles Rams,20,23,,,https://www.oddsportal.com/american-football/usa/nfl-2021-2022/cincinnati-bengals-los-angeles-rams-OnP3ahP5/
06 Feb 2022,All Stars,0,NFC,AFC,35,41,,,https://www.oddsportal.com/american-football/usa/nfl-2021-2022/nfc-afc-G6emQNK4/
30 Jan 2022,Play Offs,0,Los Angeles Rams,San Francisco 49ers,20,17,,,https://www.oddsportal.com/american-football/usa/nfl-2021-2022/los-angeles-rams-san-francisco-49ers-Szr6UPTo/
30 Jan 2022,Play Offs,0,Kansas City Chiefs,Cincinnati Bengals,24,27,,,https://www.oddsportal.com/american-football/usa/nfl-2021-2022/kansas-city-chiefs-cincinnati-bengals-nNuL1fYE/
23 Jan 2022,Play Offs,0,Kansas City Chiefs,Buffalo Bills,42,36,,,https://www.oddsportal.com/american-football/usa/nfl-2021-2022/kansas-city-chiefs-buffalo-bills-8MDEHxLI/
23 Jan 2022,Play Offs,0,Tampa Bay Buccaneers,Los Angeles Rams,27,30,,,https://www.oddsportal.com/american-football/usa/nfl-2021-2022/tampa-bay-buccaneers-los-angeles-rams-j1is1ngq/
22 Jan 2022,Play Offs,0,Green Bay Packers,San Francisco 49ers,10,13,,,https://www.oddsportal.com/american-football/usa/nfl-2021-2022/green-bay-packers-san-francisco-49ers-lvlC9NMs/
22 Jan 2022,Play Offs,0,Tennessee Titans,Cincinnati Bengals,16,19,,,https://www.oddsportal.com/american-football/usa/nfl-2021-2022/tennessee-titans-cincinnati-bengals-pnyr0Ako/
17 Jan 2022,Play Offs,0,Los Angeles Rams,Arizona Cardinals,34,11,,,https://www.oddsportal.com/american-football/usa/nfl-2021-2022/los-angeles-rams-arizona-cardinals-pGpNbnrD/
16 Jan 2022,Play Offs,0,Kansas City Chiefs,Pittsburgh Steelers,42,21,,,https://www.oddsportal.com/american-football/usa/nfl-2021-2022/kansas-city-chiefs-pittsburgh-steelers-djlRc6cJ/
16 Jan 2022,Play Offs,0,Dallas Cowboys,San Francisco 49ers,17,23,,,https://www.oddsportal.com/american-football/usa/nfl-2021-2022/dallas-cowboys-san-francisco-49ers-0OE76b1J/
16 Jan 2022,Play Offs,0,Tampa Bay Buccaneers,Philadelphia Eagles,31,15,,,https://www.oddsportal.com/american-football/usa/nfl-2021-2022/tampa-bay-buccaneers-philadelphia-eagles-fRiA1lbf/
15 Jan 2022,Play Offs,0,Buffalo Bills,New England Patriots,47,17,,,https://www.oddsportal.com/american-football/usa/nfl-2021-2022/buffalo-bills-new-england-patriots-jgoJaSS6/
15 Jan 2022,Play Offs,0,Cincinnati Bengals,Las Vegas Raiders,26,19,,,https://www.oddsportal.com/american-football/usa/nfl-2021-2022/cincinnati-bengals-las-vegas-raiders-C2nF08D0/
09 Jan 2022,Regular,0,Las Vegas Raiders,Los Angeles Chargers,35,32,150,-178,https://www.oddsportal.com/american-football/usa/nfl-2021-2022/las-vegas-raiders-los-angeles-chargers-A754TsQa/
09 Jan 2022,Regular,0,Arizona Cardinals,Seattle Seahawks,30,38,-235,193,https://www.oddsportal.com/american-football/usa/nfl-2021-2022/arizona-cardinals-seattle-seahawks-0dbHQuAI/
09 Jan 2022,Regular,0,Atlanta Falcons,New Orleans Saints,20,30,178,-215,https://www.oddsportal.com/american-football/usa/nfl-2021-2022/atlanta-falcons-new-orleans-saints-tWaTy6IJ/
09 Jan 2022,Regular,0,Buffalo Bills,New York Jets,27,10,-1432,767,https://www.oddsportal.com/american-football/usa/nfl-2021-2022/buffalo-bills-new-york-jets-2s2dV3em/
09 Jan 2022,Regular,0,Los Angeles Rams,San Francisco 49ers,24,27,-178,150,https://www.oddsportal.com/american-football/usa/nfl-2021-2022/los-angeles-rams-san-francisco-49ers-hWf9S1u6/
09 Jan 2022,Regular,0,Miami Dolphins,New England Patriots,33,24,215,-267,https://www.oddsportal.com/american-football/usa/nfl-2021-2022/miami-dolphins-new-england-patriots-SSBoDMuJ/
09 Jan 2022,Regular,0,Tampa Bay Buccaneers,Carolina Panthers,41,17,-513,386,https://www.oddsportal.com/american-football/usa/nfl-2021-2022/tampa-bay-buccaneers-carolina-panthers-EP7sE2QC/
09 Jan 2022,Regular,0,Baltimore Ravens,Pittsburgh Steelers,13,16,-160,136,https://www.oddsportal.com/american-football/usa/nfl-2021-2022/baltimore-ravens-pittsburgh-steelers-Oj3hWqts/
09 Jan 2022,Regular,0,Cleveland Browns,Cincinnati Bengals,21,16,-270,219,https://www.oddsportal.com/american-football/usa/nfl-2021-2022/cleveland-browns-cincinnati-bengals-d410UNAg/
09 Jan 2022,Regular,0,Detroit Lions,Green Bay Packers,37,30,165,-197,https://www.oddsportal.com/american-football/usa/nfl-2021-2022/detroit-lions-green-bay-packers-ppGQHpRm/
09 Jan 2022,Regular,0,Houston Texans,Tennessee Titans,25,28,445,-625,https://www.oddsportal.com/american-football/usa/nfl-2021-2022/houston-texans-tennessee-titans-KMbXzQXP/
09 Jan 2022,Regular,0,Jacksonville Jaguars,Indianapolis Colts,26,11,662,-1026,https://www.oddsportal.com/american-football/usa/nfl-2021-2022/jacksonville-jaguars-indianapolis-colts-OzFUG4tf/
09 Jan 2022,Regular,0,Minnesota Vikings,Chicago Bears,31,17,-187,159,https://www.oddsportal.com/american-football/usa/nfl-2021-2022/minnesota-vikings-chicago-bears-W0IxFrB6/
09 Jan 2022,Regular,0,New York Giants,Washington Commanders,7,22,204,-252,https://www.oddsportal.com/american-football/usa/nfl-2021-2022/new-york-giants-washington-commanders-hAJYFOe0/
08 Jan 2022,Regular,0,Philadelphia Eagles,Dallas Cowboys,26,51,222,-274,https://www.oddsportal.com/american-football/usa/nfl-2021-2022/philadelphia-eagles-dallas-cowboys-2LQLIQBs/
08 Jan 2022,Regular,0,Denver Broncos,Kansas City Chiefs,24,28,467,-656,https://www.oddsportal.com/american-football/usa/nfl-2021-2022/denver-broncos-kansas-city-chiefs-WMgDRLfC/
03 Jan 2022,Regular,0,Pittsburgh Steelers,Cleveland Browns,26,14,-111,-108,https://www.oddsportal.com/american-football/usa/nfl-2021-2022/pittsburgh-steelers-cleveland-browns-tIKfN63Q/
02 Jan 2022,Regular,0,Green Bay Packers,Minnesota Vikings,37,10,-741,509,https://www.oddsportal.com/american-football/usa/nfl-2021-2022/green-bay-packers-minnesota-vikings-neLjOnlK/
02 Jan 2022,Regular,0,Dallas Cowboys,Arizona Cardinals,22,25,-268,217,https://www.oddsportal.com/american-football/usa/nfl-2021-2022/dallas-cowboys-arizona-cardinals-pWzh3oCf/
02 Jan 2022,Regular,0,New Orleans Saints,Carolina Panthers,18,10,-306,243,https://www.oddsportal.com/american-football/usa/nfl-2021-2022/new-orleans-saints-carolina-panthers-QLKIlnc1/
02 Jan 2022,Regular,0,Seattle Seahawks,Detroit Lions,51,29,-396,305,https://www.oddsportal.com/american-football/usa/nfl-2021-2022/seattle-seahawks-detroit-lions-84MnPSYD/
02 Jan 2022,Regular,0,Los Angeles Chargers,Denver Broncos,34,13,-374,292,https://www.oddsportal.com/american-football/usa/nfl-2021-2022/los-angeles-chargers-denver-broncos-hdv01Pt7/
02 Jan 2022,Regular,0,San Francisco 49ers,Houston Texans,23,7,-679,478,https://www.oddsportal.com/american-football/usa/nfl-2021-2022/san-francisco-49ers-houston-texans-bZvd25R0/
02 Jan 2022,Regular,0,Baltimore Ravens,Los Angeles Rams,19,20,259,-325,https://www.oddsportal.com/american-football/usa/nfl-2021-2022/baltimore-ravens-los-angeles-rams-Wnw40qdD/
02 Jan 2022,Regular,0,Buffalo Bills,Atlanta Falcons,29,15,-1026,644,https://www.oddsportal.com/american-football/usa/nfl-2021-2022/buffalo-bills-atlanta-falcons-27om4Rdl/
02 Jan 2022,Regular,0,Chicago Bears,New York Giants,29,3,-303,242,https://www.oddsportal.com/american-football/usa/nfl-2021-2022/chicago-bears-new-york-giants-OGnq57sr/
02 Jan 2022,Regular,0,Cincinnati Bengals,Kansas City Chiefs,34,31,156,-184,https://www.oddsportal.com/american-football/usa/nfl-2021-2022/cincinnati-bengals-kansas-city-chiefs-hYaH9mZQ/
02 Jan 2022,Regular,0,Indianapolis Colts,Las Vegas Raiders,20,23,-400,312,https://www.oddsportal.com/american-football/usa/nfl-2021-2022/indianapolis-colts-las-vegas-raiders-Es1DATJK/
02 Jan 2022,Regular,0,New England Patriots,Jacksonville Jaguars,50,10,-1382,758,https://www.oddsportal.com/american-football/usa/nfl-2021-2022/new-england-patriots-jacksonville-jaguars-WIB8B94E/
02 Jan 2022,Regular,0,New York Jets,Tampa Bay Buccaneers,24,28,609,-976,https://www.oddsportal.com/american-football/usa/nfl-2021-2022/new-york-jets-tampa-bay-buccaneers-4CJMm6C7/
02 Jan 2022,Regular,0,Tennessee Titans,Miami Dolphins,34,3,-168,143,https://www.oddsportal.com/american-football/usa/nfl-2021-2022/tennessee-titans-miami-dolphins-IF74Ckk8/
02 Jan 2022,Regular,0,Washington Commanders,Philadelphia Eagles,16,20,210,-258,https://www.oddsportal.com/american-football/usa/nfl-2021-2022/washington-commanders-philadelphia-eagles-8pQDkSse/
27 Dec 2021,Regular,0,New Orleans Saints,Miami Dolphins,3,20,145,-172,https://www.oddsportal.com/american-football/usa/nfl-2021-2022/new-orleans-saints-miami-dolphins-UgR9j8Sl/
26 Dec 2021,Regular,0,Dallas Cowboys,Washington Commanders,56,14,-482,360,https://www.oddsportal.com/american-football/usa/nfl-2021-2022/dallas-cowboys-washington-commanders-zXR5ilDr/
26 Dec 2021,Regular,0,Kansas City Chiefs,Pittsburgh Steelers,36,10,-466,352,https://www.oddsportal.com/american-football/usa/nfl-2021-2022/kansas-city-chiefs-pittsburgh-steelers-raAX9dT9/
26 Dec 2021,Regular,0,Las Vegas Raiders,Denver Broncos,17,13,-108,-110,https://www.oddsportal.com/american-football/usa/nfl-2021-2022/las-vegas-raiders-denver-broncos-QNax9GrG/
26 Dec 2021,Regular,0,Seattle Seahawks,Chicago Bears,24,25,-328,261,https://www.oddsportal.com/american-football/usa/nfl-2021-2022/seattle-seahawks-chicago-bears-48BTAxE3/
26 Dec 2021,Regular,0,Atlanta Falcons,Detroit Lions,20,16,-374,294,https://www.oddsportal.com/american-football/usa/nfl-2021-2022/atlanta-falcons-detroit-lions-fwUxlF6j/
26 Dec 2021,Regular,0,Carolina Panthers,Tampa Bay Buccaneers,6,32,367,-482,https://www.oddsportal.com/american-football/usa/nfl-2021-2022/carolina-panthers-tampa-bay-buccaneers-Ofw7gyqT/
26 Dec 2021,Regular,0,Cincinnati Bengals,Baltimore Ravens,41,21,-378,296,https://www.oddsportal.com/american-football/usa/nfl-2021-2022/cincinnati-bengals-baltimore-ravens-zZ6PBIbc/
26 Dec 2021,Regular,0,Houston Texans,Los Angeles Chargers,41,29,503,-728,https://www.oddsportal.com/american-football/usa/nfl-2021-2022/houston-texans-los-angeles-chargers-dr8LCbqi/
26 Dec 2021,Regular,0,Minnesota Vikings,Los Angeles Rams,23,30,149,-175,https://www.oddsportal.com/american-football/usa/nfl-2021-2022/minnesota-vikings-los-angeles-rams-Is86ecEG/
26 Dec 2021,Regular,0,New England Patriots,Buffalo Bills,21,33,-114,-106,https://www.oddsportal.com/american-football/usa/nfl-2021-2022/new-england-patriots-buffalo-bills-p4v3fHTM/
26 Dec 2021,Regular,0,New York Jets,Jacksonville Jaguars,26,21,-132,111,https://www.oddsportal.com/american-football/usa/nfl-2021-2022/new-york-jets-jacksonville-jaguars-tzQYleip/
26 Dec 2021,Regular,0,Philadelphia Eagles,New York Giants,34,10,-534,390,https://www.oddsportal.com/american-football/usa/nfl-2021-2022/philadelphia-eagles-new-york-giants-vi92dwaA/
25 Dec 2021,Regular,0,Arizona Cardinals,Indianapolis Colts,16,22,-167,142,https://www.oddsportal.com/american-football/usa/nfl-2021-2022/arizona-cardinals-indianapolis-colts-pU9bcJq4/
25 Dec 2021,Regular,0,Green Bay Packers,Cleveland Browns,24,22,-426,328,https://www.oddsportal.com/american-football/usa/nfl-2021-2022/green-bay-packers-cleveland-browns-WQ5fbaUc/
23 Dec 2021,Regular,0,Tennessee Titans,San Francisco 49ers,20,17,151,-179,https://www.oddsportal.com/american-football/usa/nfl-2021-2022/tennessee-titans-san-francisco-49ers-l2GkauFi/
21 Dec 2021,Regular,0,Los Angeles Rams,Seattle Seahawks,20,10,-351,275,https://www.oddsportal.com/american-football/usa/nfl-2021-2022/los-angeles-rams-seattle-seahawks-KnxxtIET/
21 Dec 2021,Regular,0,Philadelphia Eagles,Washington Commanders,27,17,-488,369,https://www.oddsportal.com/american-football/usa/nfl-2021-2022/philadelphia-eagles-washington-commanders-thy4lq2P/
20 Dec 2021,Regular,0,Chicago Bears,Minnesota Vikings,9,17,257,-323,https://www.oddsportal.com/american-football/usa/nfl-2021-2022/chicago-bears-minnesota-vikings-ABHo0Lao/
20 Dec 2021,Regular,0,Cleveland Browns,Las Vegas Raiders,14,16,121,-144,https://www.oddsportal.com/american-football/usa/nfl-2021-2022/cleveland-browns-las-vegas-raiders-GpSVq3At/
19 Dec 2021,Regular,0,Tampa Bay Buccaneers,New Orleans Saints,0,9,-572,421,https://www.oddsportal.com/american-football/usa/nfl-2021-2022/tampa-bay-buccaneers-new-orleans-saints-MeO3yxNp/
19 Dec 2021,Regular,0,Baltimore Ravens,Green Bay Packers,30,31,327,-417,https://www.oddsportal.com/american-football/usa/nfl-2021-2022/baltimore-ravens-green-bay-packers-hzoLq0F4/
19 Dec 2021,Regular,0,Denver Broncos,Cincinnati Bengals,10,15,-153,129,https://www.oddsportal.com/american-football/usa/nfl-2021-2022/denver-broncos-cincinnati-bengals-QmqTsvpH/
19 Dec 2021,Regular,0,San Francisco 49ers,Atlanta Falcons,31,13,-404,314,https://www.oddsportal.com/american-football/usa/nfl-2021-2022/san-francisco-49ers-atlanta-falcons-xOnXtbaN/
19 Dec 2021,Regular,0,Buffalo Bills,Carolina Panthers,31,14,-817,557,https://www.oddsportal.com/american-football/usa/nfl-2021-2022/buffalo-bills-carolina-panthers-A7RZrNPn/
19 Dec 2021,Regular,0,Detroit Lions,Arizona Cardinals,30,12,496,-715,https://www.oddsportal.com/american-football/usa/nfl-2021-2022/detroit-lions-arizona-cardinals-WQqPrKUA/
19 Dec 2021,Regular,0,Jacksonville Jaguars,Houston Texans,16,30,-274,221,https://www.oddsportal.com/american-football/usa/nfl-2021-2022/jacksonville-jaguars-houston-texans-d8iCoMph/
19 Dec 2021,Regular,0,Miami Dolphins,New York Jets,31,24,-455,350,https://www.oddsportal.com/american-football/usa/nfl-2021-2022/miami-dolphins-new-york-jets-vmcLPaPO/
19 Dec 2021,Regular,0,New York Giants,Dallas Cowboys,6,21,405,-541,https://www.oddsportal.com/american-football/usa/nfl-2021-2022/new-york-giants-dallas-cowboys-2oh8n2Vo/
19 Dec 2021,Regular,0,Pittsburgh Steelers,Tennessee Titans,19,13,-120,101,https://www.oddsportal.com/american-football/usa/nfl-2021-2022/pittsburgh-steelers-tennessee-titans-zajGpt0b/
18 Dec 2021,Regular,0,Indianapolis Colts,New England Patriots,27,17,-121,101,https://www.oddsportal.com/american-football/usa/nfl-2021-2022/indianapolis-colts-new-england-patriots-lbQwrsug/
16 Dec 2021,Regular,0,Los Angeles Chargers,Kansas City Chiefs,28,34,148,-175,https://www.oddsportal.com/american-football/usa/nfl-2021-2022/los-angeles-chargers-kansas-city-chiefs-lrl4mrGu/
13 Dec 2021,Regular,0,Arizona Cardinals,Los Angeles Rams,23,30,-175,149,https://www.oddsportal.com/american-football/usa/nfl-2021-2022/arizona-cardinals-los-angeles-rams-AJBnSuNU/
12 Dec 2021,Regular,0,Green Bay Packers,Chicago Bears,45,30,-715,505,https://www.oddsportal.com/american-football/usa/nfl-2021-2022/green-bay-packers-chicago-bears-WSCrTL7O/
12 Dec 2021,Regular,0,Cincinnati Bengals,San Francisco 49ers,23,26,102,-122,https://www.oddsportal.com/american-football/usa/nfl-2021-2022/cincinnati-bengals-san-francisco-49ers-pbZ1GrOI/
12 Dec 2021,Regular,0,Tampa Bay Buccaneers,Buffalo Bills,33,27,-169,144,https://www.oddsportal.com/american-football/usa/nfl-2021-2022/tampa-bay-buccaneers-buffalo-bills-O2DvU1hI/
12 Dec 2021,Regular,0,Denver Broncos,Detroit Lions,38,10,-667,475,https://www.oddsportal.com/american-football/usa/nfl-2021-2022/denver-broncos-detroit-lions-pCEzVswC/
12 Dec 2021,Regular,0,Los Angeles Chargers,New York Giants,37,21,-417,323,https://www.oddsportal.com/american-football/usa/nfl-2021-2022/los-angeles-chargers-new-york-giants-2mPVVNN5/
12 Dec 2021,Regular,0,Carolina Panthers,Atlanta Falcons,21,29,-140,120,https://www.oddsportal.com/american-football/usa/nfl-2021-2022/carolina-panthers-atlanta-falcons-fNLNXqgg/
12 Dec 2021,Regular,0,Cleveland Browns,Baltimore Ravens,24,22,-156,133,https://www.oddsportal.com/american-football/usa/nfl-2021-2022/cleveland-browns-baltimore-ravens-lpLRW38a/
12 Dec 2021,Regular,0,Houston Texans,Seattle Seahawks,13,33,322,-417,https://www.oddsportal.com/american-football/usa/nfl-2021-2022/houston-texans-seattle-seahawks-dntmvnGP/
12 Dec 2021,Regular,0,Kansas City Chiefs,Las Vegas Raiders,48,9,-477,361,https://www.oddsportal.com/american-football/usa/nfl-2021-2022/kansas-city-chiefs-las-vegas-raiders-beSEZ5Ot/
12 Dec 2021,Regular,0,New York Jets,New Orleans Saints,9,30,173,-208,https://www.oddsportal.com/american-football/usa/nfl-2021-2022/new-york-jets-new-orleans-saints-GWMJYPwm/
12 Dec 2021,Regular,0,Tennessee Titans,Jacksonville Jaguars,20,0,-426,332,https://www.oddsportal.com/american-football/usa/nfl-2021-2022/tennessee-titans-jacksonville-jaguars-rqh5F2wP/
12 Dec 2021,Regular,0,Washington Commanders,Dallas Cowboys,20,27,233,-290,https://www.oddsportal.com/american-football/usa/nfl-2021-2022/washington-commanders-dallas-cowboys-2ZqcHO8C/
09 Dec 2021,Regular,0,Minnesota Vikings,Pittsburgh Steelers,36,28,-179,152,https://www.oddsportal.com/american-football/usa/nfl-2021-2022/minnesota-vikings-pittsburgh-steelers-OrogI4g6/
06 Dec 2021,Regular,0,Buffalo Bills,New England Patriots,10,14,-149,127,https://www.oddsportal.com/american-football/usa/nfl-2021-2022/buffalo-bills-new-england-patriots-f9tkJpv0/
05 Dec 2021,Regular,0,Kansas City Chiefs,Denver Broncos,22,9,-395,306,https://www.oddsportal.com/american-football/usa/nfl-2021-2022/kansas-city-chiefs-denver-broncos-GbNLHX2e/
05 Dec 2021,Regular,0,Pittsburgh Steelers,Baltimore Ravens,20,19,160,-192,https://www.oddsportal.com/american-football/usa/nfl-2021-2022/pittsburgh-steelers-baltimore-ravens-YghtL69m/
05 Dec 2021,Regular,0,Seattle Seahawks,San Francisco 49ers,30,23,121,-146,https://www.oddsportal.com/american-football/usa/nfl-2021-2022/seattle-seahawks-san-francisco-49ers-GIsoKQOg/
05 Dec 2021,Regular,0,Las Vegas Raiders,Washington Commanders,15,17,-130,109,https://www.oddsportal.com/american-football/usa/nfl-2021-2022/las-vegas-raiders-washington-commanders-SfQ8wFPE/
05 Dec 2021,Regular,0,Los Angeles Rams,Jacksonville Jaguars,37,7,-833,550,https://www.oddsportal.com/american-football/usa/nfl-2021-2022/los-angeles-rams-jacksonville-jaguars-KjlxMnfs/
05 Dec 2021,Regular,0,Houston Texans,Indianapolis Colts,0,31,338,-442,https://www.oddsportal.com/american-football/usa/nfl-2021-2022/houston-texans-indianapolis-colts-INsoOZPR/
05 Dec 2021,Regular,0,Miami Dolphins,New York Giants,20,9,-313,248,https://www.oddsportal.com/american-football/usa/nfl-2021-2022/miami-dolphins-new-york-giants-llwsPFAL/
05 Dec 2021,Regular,0,Atlanta Falcons,Tampa Bay Buccaneers,17,30,389,-537,https://www.oddsportal.com/american-football/usa/nfl-2021-2022/atlanta-falcons-tampa-bay-buccaneers-l4R4veA8/
05 Dec 2021,Regular,0,Chicago Bears,Arizona Cardinals,22,33,288,-370,https://www.oddsportal.com/american-football/usa/nfl-2021-2022/chicago-bears-arizona-cardinals-ALMPGiI1/
05 Dec 2021,Regular,0,Cincinnati Bengals,Los Angeles Chargers,22,41,-146,121,https://www.oddsportal.com/american-football/usa/nfl-2021-2022/cincinnati-bengals-los-angeles-chargers-lCLTFBX7/
05 Dec 2021,Regular,0,Detroit Lions,Minnesota Vikings,29,27,253,-319,https://www.oddsportal.com/american-football/usa/nfl-2021-2022/detroit-lions-minnesota-vikings-KWTCJgYr/
05 Dec 2021,Regular,0,New York Jets,Philadelphia Eagles,18,33,172,-208,https://www.oddsportal.com/american-football/usa/nfl-2021-2022/new-york-jets-philadelphia-eagles-2eJHIDmk/
02 Dec 2021,Regular,0,New Orleans Saints,Dallas Cowboys,17,27,235,-294,https://www.oddsportal.com/american-football/usa/nfl-2021-2022/new-orleans-saints-dallas-cowboys-AcvwQeeF/
29 Nov 2021,Regular,0,Washington Commanders,Seattle Seahawks,17,15,107,-128,https://www.oddsportal.com/american-football/usa/nfl-2021-2022/washington-commanders-seattle-seahawks-SYlYQyt9/
28 Nov 2021,Regular,0,Baltimore Ravens,Cleveland Browns,16,10,-163,135,https://www.oddsportal.com/american-football/usa/nfl-2021-2022/baltimore-ravens-cleveland-browns-GboURHQ2/
28 Nov 2021,Regular,0,Green Bay Packers,Los Angeles Rams,36,28,106,-127,https://www.oddsportal.com/american-football/usa/nfl-2021-2022/green-bay-packers-los-angeles-rams-O4br4EYe/
28 Nov 2021,Regular,0,San Francisco 49ers,Minnesota Vikings,34,26,-191,161,https://www.oddsportal.com/american-football/usa/nfl-2021-2022/san-francisco-49ers-minnesota-vikings-2ecn3Ym2/
28 Nov 2021,Regular,0,Denver Broncos,Los Angeles Chargers,28,13,121,-147,https://www.oddsportal.com/american-football/usa/nfl-2021-2022/denver-broncos-los-angeles-chargers-6T3w5fJk/
28 Nov 2021,Regular,0,Cincinnati Bengals,Pittsburgh Steelers,41,10,-180,150,https://www.oddsportal.com/american-football/usa/nfl-2021-2022/cincinnati-bengals-pittsburgh-steelers-AcI7AGeS/
28 Nov 2021,Regular,0,Houston Texans,New York Jets,14,21,-146,122,https://www.oddsportal.com/american-football/usa/nfl-2021-2022/houston-texans-new-york-jets-t4BiEbd3/
28 Nov 2021,Regular,0,Indianapolis Colts,Tampa Bay Buccaneers,31,38,128,-153,https://www.oddsportal.com/american-football/usa/nfl-2021-2022/indianapolis-colts-tampa-bay-buccaneers-2DCmFvsc/
28 Nov 2021,Regular,0,Jacksonville Jaguars,Atlanta Falcons,14,21,100,-120,https://www.oddsportal.com/american-football/usa/nfl-2021-2022/jacksonville-jaguars-atlanta-falcons-Sx5Z5z4q/
28 Nov 2021,Regular,0,Miami Dolphins,Carolina Panthers,33,10,102,-122,https://www.oddsportal.com/american-football/usa/nfl-2021-2022/miami-dolphins-carolina-panthers-EVObCxRF/
28 Nov 2021,Regular,0,New England Patriots,Tennessee Titans,36,13,-316,248,https://www.oddsportal.com/american-football/usa/nfl-2021-2022/new-england-patriots-tennessee-titans-dfE3BdtM/
28 Nov 2021,Regular,0,New York Giants,Philadelphia Eagles,13,7,164,-195,https://www.oddsportal.com/american-football/usa/nfl-2021-2022/new-york-giants-philadelphia-eagles-zuQfDIB9/
25 Nov 2021,Regular,0,New Orleans Saints,Buffalo Bills,6,31,198,-246,https://www.oddsportal.com/american-football/usa/nfl-2021-2022/new-orleans-saints-buffalo-bills-08Y4je4d/
25 Nov 2021,Regular,0,Dallas Cowboys,Las Vegas Raiders,33,36,-323,253,https://www.oddsportal.com/american-football/usa/nfl-2021-2022/dallas-cowboys-las-vegas-raiders-n5U0iykj/
25 Nov 2021,Regular,0,Detroit Lions,Chicago Bears,14,16,125,-151,https://www.oddsportal.com/american-football/usa/nfl-2021-2022/detroit-lions-chicago-bears-hrVdhHZq/
22 Nov 2021,Regular,0,Tampa Bay Buccaneers,New York Giants,30,10,-546,395,https://www.oddsportal.com/american-football/usa/nfl-2021-2022/tampa-bay-buccaneers-new-york-giants-jZrVdcRS/
21 Nov 2021,Regular,0,Los Angeles Chargers,Pittsburgh Steelers,41,37,-273,222,https://www.oddsportal.com/american-football/usa/nfl-2021-2022/los-angeles-chargers-pittsburgh-steelers-YclQcwCM/
21 Nov 2021,Regular,0,Kansas City Chiefs,Dallas Cowboys,19,9,-143,118,https://www.oddsportal.com/american-football/usa/nfl-2021-2022/kansas-city-chiefs-dallas-cowboys-f7kMbJdG/
21 Nov 2021,Regular,0,Seattle Seahawks,Arizona Cardinals,13,23,-224,183,https://www.oddsportal.com/american-football/usa/nfl-2021-2022/seattle-seahawks-arizona-cardinals-0pjIaasA/
21 Nov 2021,Regular,0,Las Vegas Raiders,Cincinnati Bengals,13,32,114,-138,https://www.oddsportal.com/american-football/usa/nfl-2021-2022/las-vegas-raiders-cincinnati-bengals-lAnE0uS3/
21 Nov 2021,Regular,0,Buffalo Bills,Indianapolis Colts,15,41,-306,244,https://www.oddsportal.com/american-football/usa/nfl-2021-2022/buffalo-bills-indianapolis-colts-t4PnpKsN/
21 Nov 2021,Regular,0,Carolina Panthers,Washington Commanders,21,27,-172,144,https://www.oddsportal.com/american-football/usa/nfl-2021-2022/carolina-panthers-washington-commanders-nsQro0SG/
21 Nov 2021,Regular,0,Chicago Bears,Baltimore Ravens,13,16,102,-121,https://www.oddsportal.com/american-football/usa/nfl-2021-2022/chicago-bears-baltimore-ravens-6oc91LCc/
21 Nov 2021,Regular,0,Cleveland Browns,Detroit Lions,13,10,-715,494,https://www.oddsportal.com/american-football/usa/nfl-2021-2022/cleveland-browns-detroit-lions-f7TjqvcT/
21 Nov 2021,Regular,0,Jacksonville Jaguars,San Francisco 49ers,10,30,228,-286,https://www.oddsportal.com/american-football/usa/nfl-2021-2022/jacksonville-jaguars-san-francisco-49ers-0l6Jvb5p/
21 Nov 2021,Regular,0,Minnesota Vikings,Green Bay Packers,34,31,101,-121,https://www.oddsportal.com/american-football/usa/nfl-2021-2022/minnesota-vikings-green-bay-packers-Sfb521ci/
21 Nov 2021,Regular,0,New York Jets,Miami Dolphins,17,24,159,-189,https://www.oddsportal.com/american-football/usa/nfl-2021-2022/new-york-jets-miami-dolphins-8jRvntDA/
21 Nov 2021,Regular,0,Philadelphia Eagles,New Orleans Saints,40,29,-155,129,https://www.oddsportal.com/american-football/usa/nfl-2021-2022/philadelphia-eagles-new-orleans-saints-SvAsmMc4/
21 Nov 2021,Regular,0,Tennessee Titans,Houston Texans,13,22,-476,358,https://www.oddsportal.com/american-football/usa/nfl-2021-2022/tennessee-titans-houston-texans-vu5NwIKj/
18 Nov 2021,Regular,0,Atlanta Falcons,New England Patriots,0,25,278,-361,https://www.oddsportal.com/american-football/usa/nfl-2021-2022/atlanta-falcons-new-england-patriots-llBwl2rb/
15 Nov 2021,Regular,0,San Francisco 49ers,Los Angeles Rams,31,10,157,-183,https://www.oddsportal.com/american-football/usa/nfl-2021-2022/san-francisco-49ers-los-angeles-rams-fFNxWTMC/
14 Nov 2021,Regular,0,Las Vegas Raiders,Kansas City Chiefs,14,41,130,-152,https://www.oddsportal.com/american-football/usa/nfl-2021-2022/las-vegas-raiders-kansas-city-chiefs-CjYXW976/
14 Nov 2021,Regular,0,Denver Broncos,Philadelphia Eagles,13,30,-107,-111,https://www.oddsportal.com/american-football/usa/nfl-2021-2022/denver-broncos-philadelphia-eagles-QZZPYVxf/
14 Nov 2021,Regular,0,Green Bay Packers,Seattle Seahawks,17,0,-178,152,https://www.oddsportal.com/american-football/usa/nfl-2021-2022/green-bay-packers-seattle-seahawks-YaZTXkh0/
14 Nov 2021,Regular,0,Arizona Cardinals,Carolina Panthers,10,34,-323,260,https://www.oddsportal.com/american-football/usa/nfl-2021-2022/arizona-cardinals-carolina-panthers-nqyMZBNm/
14 Nov 2021,Regular,0,Los Angeles Chargers,Minnesota Vikings,20,27,-188,160,https://www.oddsportal.com/american-football/usa/nfl-2021-2022/los-angeles-chargers-minnesota-vikings-4KoHzh8s/
14 Nov 2021,Regular,0,Dallas Cowboys,Atlanta Falcons,43,3,-353,282,https://www.oddsportal.com/american-football/usa/nfl-2021-2022/dallas-cowboys-atlanta-falcons-vwEfJjw7/
14 Nov 2021,Regular,0,Indianapolis Colts,Jacksonville Jaguars,23,17,-492,370,https://www.oddsportal.com/american-football/usa/nfl-2021-2022/indianapolis-colts-jacksonville-jaguars-fodssfVD/
14 Nov 2021,Regular,0,New England Patriots,Cleveland Browns,45,7,-137,117,https://www.oddsportal.com/american-football/usa/nfl-2021-2022/new-england-patriots-cleveland-browns-SbfkuYaQ/
14 Nov 2021,Regular,0,New York Jets,Buffalo Bills,17,45,544,-791,https://www.oddsportal.com/american-football/usa/nfl-2021-2022/new-york-jets-buffalo-bills-YuBnLC8f/
14 Nov 2021,Regular,0,Pittsburgh Steelers,Detroit Lions,16,16,-252,208,https://www.oddsportal.com/american-football/usa/nfl-2021-2022/pittsburgh-steelers-detroit-lions-YyeotEpK/
14 Nov 2021,Regular,0,Tennessee Titans,New Orleans Saints,23,21,-153,132,https://www.oddsportal.com/american-football/usa/nfl-2021-2022/tennessee-titans-new-orleans-saints-ITCbIAhD/
14 Nov 2021,Regular,0,Washington Commanders,Tampa Bay Buccaneers,29,19,351,-462,https://www.oddsportal.com/american-football/usa/nfl-2021-2022/washington-commanders-tampa-bay-buccaneers-pGEjKWN0/
11 Nov 2021,Regular,0,Miami Dolphins,Baltimore Ravens,22,10,323,-412,https://www.oddsportal.com/american-football/usa/nfl-2021-2022/miami-dolphins-baltimore-ravens-jHLsMhgl/
08 Nov 2021,Regular,0,Pittsburgh Steelers,Chicago Bears,29,27,-322,258,https://www.oddsportal.com/american-football/usa/nfl-2021-2022/pittsburgh-steelers-chicago-bears-CQMwNYwr/
07 Nov 2021,Regular,0,Los Angeles Rams,Tennessee Titans,16,28,-357,280,https://www.oddsportal.com/american-football/usa/nfl-2021-2022/los-angeles-rams-tennessee-titans-KYUBREVQ/
07 Nov 2021,Regular,0,Kansas City Chiefs,Green Bay Packers,13,7,-361,284,https://www.oddsportal.com/american-football/usa/nfl-2021-2022/kansas-city-chiefs-green-bay-packers-bJt3Tz1E/
07 Nov 2021,Regular,0,San Francisco 49ers,Arizona Cardinals,17,31,-237,196,https://www.oddsportal.com/american-football/usa/nfl-2021-2022/san-francisco-49ers-arizona-cardinals-trW7SfGK/
07 Nov 2021,Regular,0,Philadelphia Eagles,Los Angeles Chargers,24,27,-107,-112,https://www.oddsportal.com/american-football/usa/nfl-2021-2022/philadelphia-eagles-los-angeles-chargers-pGxaUGo8/
07 Nov 2021,Regular,0,Baltimore Ravens,Minnesota Vikings,34,31,-316,254,https://www.oddsportal.com/american-football/usa/nfl-2021-2022/baltimore-ravens-minnesota-vikings-hnL89F9r/
07 Nov 2021,Regular,0,Carolina Panthers,New England Patriots,6,24,154,-179,https://www.oddsportal.com/american-football/usa/nfl-2021-2022/carolina-panthers-new-england-patriots-GQTtEe1R/
07 Nov 2021,Regular,0,Cincinnati Bengals,Cleveland Browns,16,41,-131,111,https://www.oddsportal.com/american-football/usa/nfl-2021-2022/cincinnati-bengals-cleveland-browns-n9KC8ZOl/
07 Nov 2021,Regular,0,Dallas Cowboys,Denver Broncos,16,30,-477,360,https://www.oddsportal.com/american-football/usa/nfl-2021-2022/dallas-cowboys-denver-broncos-Y1vxFynL/
07 Nov 2021,Regular,0,Jacksonville Jaguars,Buffalo Bills,9,6,752,-1200,https://www.oddsportal.com/american-football/usa/nfl-2021-2022/jacksonville-jaguars-buffalo-bills-QaJG7gve/
07 Nov 2021,Regular,0,Miami Dolphins,Houston Texans,17,9,-188,162,https://www.oddsportal.com/american-football/usa/nfl-2021-2022/miami-dolphins-houston-texans-hMkD6Dg1/
07 Nov 2021,Regular,0,New Orleans Saints,Atlanta Falcons,25,27,-288,234,https://www.oddsportal.com/american-football/usa/nfl-2021-2022/new-orleans-saints-atlanta-falcons-fBuYFHWE/
07 Nov 2021,Regular,0,New York Giants,Las Vegas Raiders,23,16,130,-152,https://www.oddsportal.com/american-football/usa/nfl-2021-2022/new-york-giants-las-vegas-raiders-WClH5X87/
04 Nov 2021,Regular,0,Indianapolis Colts,New York Jets,45,30,-517,390,https://www.oddsportal.com/american-football/usa/nfl-2021-2022/indianapolis-colts-new-york-jets-QyyUGcH8/
01 Nov 2021,Regular,0,Kansas City Chiefs,New York Giants,20,17,-502,377,https://www.oddsportal.com/american-football/usa/nfl-2021-2022/kansas-city-chiefs-new-york-giants-noxQHw22/
31 Oct 2021,Regular,0,Minnesota Vikings,Dallas Cowboys,16,20,-164,138,https://www.oddsportal.com/american-football/usa/nfl-2021-2022/minnesota-vikings-dallas-cowboys-rDBq9ob2/
31 Oct 2021,Regular,0,Denver Broncos,Washington Commanders,17,10,-187,154,https://www.oddsportal.com/american-football/usa/nfl-2021-2022/denver-broncos-washington-commanders-xG8yB7Tk/
31 Oct 2021,Regular,0,New Orleans Saints,Tampa Bay Buccaneers,36,27,167,-200,https://www.oddsportal.com/american-football/usa/nfl-2021-2022/new-orleans-saints-tampa-bay-buccaneers-Wx8uARrd/
31 Oct 2021,Regular,0,Los Angeles Chargers,New England Patriots,24,27,-203,170,https://www.oddsportal.com/american-football/usa/nfl-2021-2022/los-angeles-chargers-new-england-patriots-rFj3TFqH/
31 Oct 2021,Regular,0,Seattle Seahawks,Jacksonville Jaguars,31,7,-190,159,https://www.oddsportal.com/american-football/usa/nfl-2021-2022/seattle-seahawks-jacksonville-jaguars-bP9XBmEq/
31 Oct 2021,Regular,0,Atlanta Falcons,Carolina Panthers,13,19,-138,116,https://www.oddsportal.com/american-football/usa/nfl-2021-2022/atlanta-falcons-carolina-panthers-A1heVyF4/
31 Oct 2021,Regular,0,Buffalo Bills,Miami Dolphins,26,11,-1028,660,https://www.oddsportal.com/american-football/usa/nfl-2021-2022/buffalo-bills-miami-dolphins-4OiaUeUA/
31 Oct 2021,Regular,0,Chicago Bears,San Francisco 49ers,22,33,170,-207,https://www.oddsportal.com/american-football/usa/nfl-2021-2022/chicago-bears-san-francisco-49ers-dbliWHab/
31 Oct 2021,Regular,0,Cleveland Browns,Pittsburgh Steelers,10,15,-220,182,https://www.oddsportal.com/american-football/usa/nfl-2021-2022/cleveland-browns-pittsburgh-steelers-zq0rYwVo/
31 Oct 2021,Regular,0,Detroit Lions,Philadelphia Eagles,6,44,145,-171,https://www.oddsportal.com/american-football/usa/nfl-2021-2022/detroit-lions-philadelphia-eagles-EZbnXcph/
31 Oct 2021,Regular,0,Houston Texans,Los Angeles Rams,22,38,714,-1180,https://www.oddsportal.com/american-football/usa/nfl-2021-2022/houston-texans-los-angeles-rams-8xC09fho/
31 Oct 2021,Regular,0,Indianapolis Colts,Tennessee Titans,31,34,-141,120,https://www.oddsportal.com/american-football/usa/nfl-2021-2022/indianapolis-colts-tennessee-titans-6TPYDzpU/
31 Oct 2021,Regular,0,New York Jets,Cincinnati Bengals,34,31,396,-526,https://www.oddsportal.com/american-football/usa/nfl-2021-2022/new-york-jets-cincinnati-bengals-O4zUEGUN/
28 Oct 2021,Regular,0,Arizona Cardinals,Green Bay Packers,21,24,-288,229,https://www.oddsportal.com/american-football/usa/nfl-2021-2022/arizona-cardinals-green-bay-packers-A1WPFdFH/
25 Oct 2021,Regular,0,Seattle Seahawks,New Orleans Saints,10,13,198,-238,https://www.oddsportal.com/american-football/usa/nfl-2021-2022/seattle-seahawks-new-orleans-saints-GvXLGx0B/
24 Oct 2021,Regular,0,San Francisco 49ers,Indianapolis Colts,18,30,-174,147,https://www.oddsportal.com/american-football/usa/nfl-2021-2022/san-francisco-49ers-indianapolis-colts-xlYHHIp5/
24 Oct 2021,Regular,0,Arizona Cardinals,Houston Texans,31,5,-2223,1083,https://www.oddsportal.com/american-football/usa/nfl-2021-2022/arizona-cardinals-houston-texans-tMv9JvGh/
24 Oct 2021,Regular,0,Tampa Bay Buccaneers,Chicago Bears,38,3,-690,484,https://www.oddsportal.com/american-football/usa/nfl-2021-2022/tampa-bay-buccaneers-chicago-bears-KCwDIbVb/
24 Oct 2021,Regular,0,Las Vegas Raiders,Philadelphia Eagles,33,22,-109,-109,https://www.oddsportal.com/american-football/usa/nfl-2021-2022/las-vegas-raiders-philadelphia-eagles-nau5KK0n/
24 Oct 2021,Regular,0,Los Angeles Rams,Detroit Lions,28,19,-1291,785,https://www.oddsportal.com/american-football/usa/nfl-2021-2022/los-angeles-rams-detroit-lions-lEM1L0ot/
24 Oct 2021,Regular,0,Baltimore Ravens,Cincinnati Bengals,17,41,-278,224,https://www.oddsportal.com/american-football/usa/nfl-2021-2022/baltimore-ravens-cincinnati-bengals-Ojee0HFU/
24 Oct 2021,Regular,0,Green Bay Packers,Washington Commanders,24,10,-435,328,https://www.oddsportal.com/american-football/usa/nfl-2021-2022/green-bay-packers-washington-commanders-GQim2woI/
24 Oct 2021,Regular,0,Miami Dolphins,Atlanta Falcons,28,30,105,-126,https://www.oddsportal.com/american-football/usa/nfl-2021-2022/miami-dolphins-atlanta-falcons-p0di1c0O/
24 Oct 2021,Regular,0,New England Patriots,New York Jets,54,13,-336,264,https://www.oddsportal.com/american-football/usa/nfl-2021-2022/new-england-patriots-new-york-jets-fB3v4aG5/
24 Oct 2021,Regular,0,New York Giants,Carolina Panthers,25,3,129,-153,https://www.oddsportal.com/american-football/usa/nfl-2021-2022/new-york-giants-carolina-panthers-t8az5u1a/
24 Oct 2021,Regular,0,Tennessee Titans,Kansas City Chiefs,27,3,168,-203,https://www.oddsportal.com/american-football/usa/nfl-2021-2022/tennessee-titans-kansas-city-chiefs-xzgq3JVB/
21 Oct 2021,Regular,0,Cleveland Browns,Denver Broncos,17,14,-125,105,https://www.oddsportal.com/american-football/usa/nfl-2021-2022/cleveland-browns-denver-broncos-no0W5Log/
18 Oct 2021,Regular,0,Tennessee Titans,Buffalo Bills,34,31,214,-261,https://www.oddsportal.com/american-football/usa/nfl-2021-2022/tennessee-titans-buffalo-bills-8f1S61Wn/
17 Oct 2021,Regular,0,Pittsburgh Steelers,Seattle Seahawks,23,20,-228,188,https://www.oddsportal.com/american-football/usa/nfl-2021-2022/pittsburgh-steelers-seattle-seahawks-SrpV7sHt/
17 Oct 2021,Regular,0,Denver Broncos,Las Vegas Raiders,24,34,-212,175,https://www.oddsportal.com/american-football/usa/nfl-2021-2022/denver-broncos-las-vegas-raiders-CW9LmvWO/
17 Oct 2021,Regular,0,New England Patriots,Dallas Cowboys,29,35,164,-193,https://www.oddsportal.com/american-football/usa/nfl-2021-2022/new-england-patriots-dallas-cowboys-QZc3CN8P/
17 Oct 2021,Regular,0,Cleveland Browns,Arizona Cardinals,14,37,-151,127,https://www.oddsportal.com/american-football/usa/nfl-2021-2022/cleveland-browns-arizona-cardinals-bT5HlKGI/
17 Oct 2021,Regular,0,Indianapolis Colts,Houston Texans,31,3,-548,406,https://www.oddsportal.com/american-football/usa/nfl-2021-2022/indianapolis-colts-houston-texans-nPOegr2m/
17 Oct 2021,Regular,0,New York Giants,Los Angeles Rams,11,38,278,-358,https://www.oddsportal.com/american-football/usa/nfl-2021-2022/new-york-giants-los-angeles-rams-zkLifOns/
17 Oct 2021,Regular,0,Washington Commanders,Kansas City Chiefs,13,31,235,-294,https://www.oddsportal.com/american-football/usa/nfl-2021-2022/washington-commanders-kansas-city-chiefs-I9YPb4vQ/
17 Oct 2021,Regular,0,Baltimore Ravens,Los Angeles Chargers,34,6,-161,137,https://www.oddsportal.com/american-football/usa/nfl-2021-2022/baltimore-ravens-los-angeles-chargers-xEH8jtn6/
17 Oct 2021,Regular,0,Carolina Panthers,Minnesota Vikings,28,34,114,-135,https://www.oddsportal.com/american-football/usa/nfl-2021-2022/carolina-panthers-minnesota-vikings-G4GCk01C/
17 Oct 2021,Regular,0,Chicago Bears,Green Bay Packers,14,24,191,-234,https://www.oddsportal.com/american-football/usa/nfl-2021-2022/chicago-bears-green-bay-packers-8vD4iMWa/
17 Oct 2021,Regular,0,Detroit Lions,Cincinnati Bengals,11,34,163,-195,https://www.oddsportal.com/american-football/usa/nfl-2021-2022/detroit-lions-cincinnati-bengals-UmE0h2Hg/
17 Oct 2021,Regular,1,Jacksonville Jaguars,Miami Dolphins,23,20,107,-127,https://www.oddsportal.com/american-football/usa/nfl-2021-2022/jacksonville-jaguars-miami-dolphins-vJZLapPJ/
14 Oct 2021,Regular,0,Philadelphia Eagles,Tampa Bay Buccaneers,22,28,243,-303,https://www.oddsportal.com/american-football/usa/nfl-2021-2022/philadelphia-eagles-tampa-bay-buccaneers-21jwy1nJ/
11 Oct 2021,Regular,0,Baltimore Ravens,Indianapolis Colts,31,25,-367,287,https://www.oddsportal.com/american-football/usa/nfl-2021-2022/baltimore-ravens-indianapolis-colts-OAiZysXC/
10 Oct 2021,Regular,0,Kansas City Chiefs,Buffalo Bills,20,38,-145,123,https://www.oddsportal.com/american-football/usa/nfl-2021-2022/kansas-city-chiefs-buffalo-bills-UmhVxNH6/
10 Oct 2021,Regular,0,Arizona Cardinals,San Francisco 49ers,17,10,-264,214,https://www.oddsportal.com/american-football/usa/nfl-2021-2022/arizona-cardinals-san-francisco-49ers-YLbMvqmf/
10 Oct 2021,Regular,0,Dallas Cowboys,New York Giants,44,20,-336,266,https://www.oddsportal.com/american-football/usa/nfl-2021-2022/dallas-cowboys-new-york-giants-GplRw320/
10 Oct 2021,Regular,0,Las Vegas Raiders,Chicago Bears,9,20,-248,202,https://www.oddsportal.com/american-football/usa/nfl-2021-2022/las-vegas-raiders-chicago-bears-fVaIuPXm/
10 Oct 2021,Regular,0,Los Angeles Chargers,Cleveland Browns,47,42,-135,114,https://www.oddsportal.com/american-football/usa/nfl-2021-2022/los-angeles-chargers-cleveland-browns-0foFt5Is/
10 Oct 2021,Regular,0,Carolina Panthers,Philadelphia Eagles,18,21,-143,121,https://www.oddsportal.com/american-football/usa/nfl-2021-2022/carolina-panthers-philadelphia-eagles-t6YtaDY8/
10 Oct 2021,Regular,0,Cincinnati Bengals,Green Bay Packers,22,25,113,-134,https://www.oddsportal.com/american-football/usa/nfl-2021-2022/cincinnati-bengals-green-bay-packers-EateyAt2/
10 Oct 2021,Regular,0,Houston Texans,New England Patriots,22,25,293,-374,https://www.oddsportal.com/american-football/usa/nfl-2021-2022/houston-texans-new-england-patriots-IXnnwWBk/
10 Oct 2021,Regular,0,Jacksonville Jaguars,Tennessee Titans,19,37,172,-207,https://www.oddsportal.com/american-football/usa/nfl-2021-2022/jacksonville-jaguars-tennessee-titans-OUNobXmF/
10 Oct 2021,Regular,0,Minnesota Vikings,Detroit Lions,19,17,-445,341,https://www.oddsportal.com/american-football/usa/nfl-2021-2022/minnesota-vikings-detroit-lions-M11GrhlS/
10 Oct 2021,Regular,0,Pittsburgh Steelers,Denver Broncos,27,19,106,-126,https://www.oddsportal.com/american-football/usa/nfl-2021-2022/pittsburgh-steelers-denver-broncos-S2Ux0gJ2/
10 Oct 2021,Regular,0,Tampa Bay Buccaneers,Miami Dolphins,45,17,-607,440,https://www.oddsportal.com/american-football/usa/nfl-2021-2022/tampa-bay-buccaneers-miami-dolphins-z9sixjRe/
10 Oct 2021,Regular,0,Washington Commanders,New Orleans Saints,22,33,117,-138,https://www.oddsportal.com/american-football/usa/nfl-2021-2022/washington-commanders-new-orleans-saints-vslrvCdq/
10 Oct 2021,Regular,1,Atlanta Falcons,New York Jets,27,20,-149,127,https://www.oddsportal.com/american-football/usa/nfl-2021-2022/atlanta-falcons-new-york-jets-ARcCqYYL/
07 Oct 2021,Regular,0,Seattle Seahawks,Los Angeles Rams,17,26,119,-141,https://www.oddsportal.com/american-football/usa/nfl-2021-2022/seattle-seahawks-los-angeles-rams-S287pEJF/
04 Oct 2021,Regular,0,Los Angeles Chargers,Las Vegas Raiders,28,14,-173,146,https://www.oddsportal.com/american-football/usa/nfl-2021-2022/los-angeles-chargers-las-vegas-raiders-lC93of49/
03 Oct 2021,Regular,0,New England Patriots,Tampa Bay Buccaneers,17,19,223,-276,https://www.oddsportal.com/american-football/usa/nfl-2021-2022/new-england-patriots-tampa-bay-buccaneers-Kx5anzk3/
03 Oct 2021,Regular,0,Denver Broncos,Baltimore Ravens,7,23,-121,102,https://www.oddsportal.com/american-football/usa/nfl-2021-2022/denver-broncos-baltimore-ravens-tn6emGZd/
03 Oct 2021,Regular,0,Green Bay Packers,Pittsburgh Steelers,27,17,-267,217,https://www.oddsportal.com/american-football/usa/nfl-2021-2022/green-bay-packers-pittsburgh-steelers-vsSCOWdd/
03 Oct 2021,Regular,0,Los Angeles Rams,Arizona Cardinals,20,37,-207,172,https://www.oddsportal.com/american-football/usa/nfl-2021-2022/los-angeles-rams-arizona-cardinals-QwO8PCsj/
03 Oct 2021,Regular,0,San Francisco 49ers,Seattle Seahawks,21,28,-138,117,https://www.oddsportal.com/american-football/usa/nfl-2021-2022/san-francisco-49ers-seattle-seahawks-WGO4QhSq/
03 Oct 2021,Regular,0,Atlanta Falcons,Washington Commanders,30,34,105,-125,https://www.oddsportal.com/american-football/usa/nfl-2021-2022/atlanta-falcons-washington-commanders-U7xwVYJS/
03 Oct 2021,Regular,0,Buffalo Bills,Houston Texans,40,0,-2002,985,https://www.oddsportal.com/american-football/usa/nfl-2021-2022/buffalo-bills-houston-texans-A5MyXfkG/
03 Oct 2021,Regular,0,Chicago Bears,Detroit Lions,24,14,-152,128,https://www.oddsportal.com/american-football/usa/nfl-2021-2022/chicago-bears-detroit-lions-GrNXXzzA/
03 Oct 2021,Regular,0,Dallas Cowboys,Carolina Panthers,36,28,-213,177,https://www.oddsportal.com/american-football/usa/nfl-2021-2022/dallas-cowboys-carolina-panthers-tQUKzwji/
03 Oct 2021,Regular,0,Miami Dolphins,Indianapolis Colts,17,27,-149,125,https://www.oddsportal.com/american-football/usa/nfl-2021-2022/miami-dolphins-indianapolis-colts-ldLuWE4M/
03 Oct 2021,Regular,0,Minnesota Vikings,Cleveland Browns,7,14,-108,-110,https://www.oddsportal.com/american-football/usa/nfl-2021-2022/minnesota-vikings-cleveland-browns-2uJTYGK3/
03 Oct 2021,Regular,0,New Orleans Saints,New York Giants,21,27,-345,273,https://www.oddsportal.com/american-football/usa/nfl-2021-2022/new-orleans-saints-new-york-giants-KGTOZd5c/
03 Oct 2021,Regular,0,New York Jets,Tennessee Titans,27,24,205,-252,https://www.oddsportal.com/american-football/usa/nfl-2021-2022/new-york-jets-tennessee-titans-EJxZCZcp/
03 Oct 2021,Regular,0,Philadelphia Eagles,Kansas City Chiefs,30,42,280,-360,https://www.oddsportal.com/american-football/usa/nfl-2021-2022/philadelphia-eagles-kansas-city-chiefs-hAywCgDj/
30 Sep 2021,Regular,0,Cincinnati Bengals,Jacksonville Jaguars,24,21,-345,270,https://www.oddsportal.com/american-football/usa/nfl-2021-2022/cincinnati-bengals-jacksonville-jaguars-8x06HFkT/
27 Sep 2021,Regular,0,Dallas Cowboys,Philadelphia Eagles,41,21,-188,159,https://www.oddsportal.com/american-football/usa/nfl-2021-2022/dallas-cowboys-philadelphia-eagles-Ais3IezN/
26 Sep 2021,Regular,0,San Francisco 49ers,Green Bay Packers,28,30,-180,153,https://www.oddsportal.com/american-football/usa/nfl-2021-2022/san-francisco-49ers-green-bay-packers-GUsaJyLG/
26 Sep 2021,Regular,0,Los Angeles Rams,Tampa Bay Buccaneers,34,24,-109,-109,https://www.oddsportal.com/american-football/usa/nfl-2021-2022/los-angeles-rams-tampa-bay-buccaneers-xvqeKH5A/
26 Sep 2021,Regular,0,Minnesota Vikings,Seattle Seahawks,30,17,103,-123,https://www.oddsportal.com/american-football/usa/nfl-2021-2022/minnesota-vikings-seattle-seahawks-K2ljLcj4/
26 Sep 2021,Regular,0,Denver Broncos,New York Jets,26,0,-625,454,https://www.oddsportal.com/american-football/usa/nfl-2021-2022/denver-broncos-new-york-jets-nkjrNJLi/
26 Sep 2021,Regular,0,Las Vegas Raiders,Miami Dolphins,31,28,-190,159,https://www.oddsportal.com/american-football/usa/nfl-2021-2022/las-vegas-raiders-miami-dolphins-tCknMwyb/
26 Sep 2021,Regular,0,Cleveland Browns,Chicago Bears,26,6,-381,296,https://www.oddsportal.com/american-football/usa/nfl-2021-2022/cleveland-browns-chicago-bears-rHNL5IjH/
26 Sep 2021,Regular,0,Detroit Lions,Baltimore Ravens,17,19,296,-381,https://www.oddsportal.com/american-football/usa/nfl-2021-2022/detroit-lions-baltimore-ravens-M7MP4x6N/
26 Sep 2021,Regular,0,Kansas City Chiefs,Los Angeles Chargers,24,30,-299,240,https://www.oddsportal.com/american-football/usa/nfl-2021-2022/kansas-city-chiefs-los-angeles-chargers-nkUC7vM4/
26 Sep 2021,Regular,0,New York Giants,Atlanta Falcons,14,17,-145,123,https://www.oddsportal.com/american-football/usa/nfl-2021-2022/new-york-giants-atlanta-falcons-hSU88K6b/
26 Sep 2021,Regular,0,Pittsburgh Steelers,Cincinnati Bengals,10,24,-138,117,https://www.oddsportal.com/american-football/usa/nfl-2021-2022/pittsburgh-steelers-cincinnati-bengals-0hYG6byB/
26 Sep 2021,Regular,0,Tennessee Titans,Indianapolis Colts,25,16,-214,176,https://www.oddsportal.com/american-football/usa/nfl-2021-2022/tennessee-titans-indianapolis-colts-EyW490ih/
26 Sep 2021,Regular,0,Buffalo Bills,Washington Commanders,43,21,-339,269,https://www.oddsportal.com/american-football/usa/nfl-2021-2022/buffalo-bills-washington-commanders-YonvOa6o/
26 Sep 2021,Regular,0,Jacksonville Jaguars,Arizona Cardinals,19,31,302,-385,https://www.oddsportal.com/american-football/usa/nfl-2021-2022/jacksonville-jaguars-arizona-cardinals-Wt8eaGTp/
26 Sep 2021,Regular,0,New England Patriots,New Orleans Saints,13,28,-150,126,https://www.oddsportal.com/american-football/usa/nfl-2021-2022/new-england-patriots-new-orleans-saints-UXLT3dLT/
23 Sep 2021,Regular,0,Houston Texans,Carolina Panthers,9,24,329,-430,https://www.oddsportal.com/american-football/usa/nfl-2021-2022/houston-texans-carolina-panthers-d0y0Atxn/
20 Sep 2021,Regular,0,Green Bay Packers,Detroit Lions,35,17,-589,432,https://www.oddsportal.com/american-football/usa/nfl-2021-2022/green-bay-packers-detroit-lions-I9xdBMMu/
19 Sep 2021,Regular,0,Baltimore Ravens,Kansas City Chiefs,36,35,156,-186,https://www.oddsportal.com/american-football/usa/nfl-2021-2022/baltimore-ravens-kansas-city-chiefs-6XPl3PUI/
19 Sep 2021,Regular,0,Los Angeles Chargers,Dallas Cowboys,17,20,-159,135,https://www.oddsportal.com/american-football/usa/nfl-2021-2022/los-angeles-chargers-dallas-cowboys-fcMp45FC/
19 Sep 2021,Regular,0,Seattle Seahawks,Tennessee Titans,30,33,-282,225,https://www.oddsportal.com/american-football/usa/nfl-2021-2022/seattle-seahawks-tennessee-titans-CYWu5o06/
19 Sep 2021,Regular,0,Arizona Cardinals,Minnesota Vikings,34,33,-195,163,https://www.oddsportal.com/american-football/usa/nfl-2021-2022/arizona-cardinals-minnesota-vikings-48TX67Vg/
19 Sep 2021,Regular,0,Tampa Bay Buccaneers,Atlanta Falcons,48,25,-816,543,https://www.oddsportal.com/american-football/usa/nfl-2021-2022/tampa-bay-buccaneers-atlanta-falcons-YsYy6Rp0/
19 Sep 2021,Regular,0,Carolina Panthers,New Orleans Saints,26,7,126,-150,https://www.oddsportal.com/american-football/usa/nfl-2021-2022/carolina-panthers-new-orleans-saints-QHUT7mGm/
19 Sep 2021,Regular,0,Chicago Bears,Cincinnati Bengals,20,17,-128,108,https://www.oddsportal.com/american-football/usa/nfl-2021-2022/chicago-bears-cincinnati-bengals-6XmcD9hQ/
19 Sep 2021,Regular,0,Cleveland Browns,Houston Texans,31,21,-741,508,https://www.oddsportal.com/american-football/usa/nfl-2021-2022/cleveland-browns-houston-texans-rguP8T0s/
19 Sep 2021,Regular,0,Indianapolis Colts,Los Angeles Rams,24,27,171,-205,https://www.oddsportal.com/american-football/usa/nfl-2021-2022/indianapolis-colts-los-angeles-rams-YJkkFVND/
19 Sep 2021,Regular,0,Jacksonville Jaguars,Denver Broncos,13,23,214,-263,https://www.oddsportal.com/american-football/usa/nfl-2021-2022/jacksonville-jaguars-denver-broncos-Czp98ak1/
19 Sep 2021,Regular,0,Miami Dolphins,Buffalo Bills,0,35,157,-185,https://www.oddsportal.com/american-football/usa/nfl-2021-2022/miami-dolphins-buffalo-bills-6cqD7J47/
19 Sep 2021,Regular,0,New York Jets,New England Patriots,6,25,197,-241,https://www.oddsportal.com/american-football/usa/nfl-2021-2022/new-york-jets-new-england-patriots-bXu59uze/
19 Sep 2021,Regular,0,Philadelphia Eagles,San Francisco 49ers,11,17,126,-149,https://www.oddsportal.com/american-football/usa/nfl-2021-2022/philadelphia-eagles-san-francisco-49ers-plrH6wKD/
19 Sep 2021,Regular,0,Pittsburgh Steelers,Las Vegas Raiders,17,26,-230,190,https://www.oddsportal.com/american-football/usa/nfl-2021-2022/pittsburgh-steelers-las-vegas-raiders-CAlgEkwK/
16 Sep 2021,Regular,0,Washington Commanders,New York Giants,30,29,-204,170,https://www.oddsportal.com/american-football/usa/nfl-2021-2022/washington-commanders-new-york-giants-G8j0ALKl/
13 Sep 2021,Regular,0,Las Vegas Raiders,Baltimore Ravens,33,27,144,-170,https://www.oddsportal.com/american-football/usa/nfl-2021-2022/las-vegas-raiders-baltimore-ravens-xIidB15r/
12 Sep 2021,Regular,0,Los Angeles Rams,Chicago Bears,34,14,-430,328,https://www.oddsportal.com/american-football/usa/nfl-2021-2022/los-angeles-rams-chicago-bears-pQaUFscR/
12 Sep 2021,Regular,0,Kansas City Chiefs,Cleveland Browns,33,29,-241,197,https://www.oddsportal.com/american-football/usa/nfl-2021-2022/kansas-city-chiefs-cleveland-browns-bXJZg0z8/
12 Sep 2021,Regular,0,New England Patriots,Miami Dolphins,16,17,-178,150,https://www.oddsportal.com/american-football/usa/nfl-2021-2022/new-england-patriots-miami-dolphins-Cz8HIqD8/
12 Sep 2021,Regular,0,New Orleans Saints,Green Bay Packers,38,3,160,-188,https://www.oddsportal.com/american-football/usa/nfl-2021-2022/new-orleans-saints-green-bay-packers-OABLH3SE/
12 Sep 2021,Regular,0,New York Giants,Denver Broncos,13,27,119,-142,https://www.oddsportal.com/american-football/usa/nfl-2021-2022/new-york-giants-denver-broncos-6Z0QGNsL/
12 Sep 2021,Regular,0,Atlanta Falcons,Philadelphia Eagles,6,32,-178,150,https://www.oddsportal.com/american-football/usa/nfl-2021-2022/atlanta-falcons-philadelphia-eagles-p0lz66T2/
12 Sep 2021,Regular,0,Buffalo Bills,Pittsburgh Steelers,16,23,-276,224,https://www.oddsportal.com/american-football/usa/nfl-2021-2022/buffalo-bills-pittsburgh-steelers-Ojmv5Qr9/
12 Sep 2021,Regular,0,Carolina Panthers,New York Jets,19,14,-183,155,https://www.oddsportal.com/american-football/usa/nfl-2021-2022/carolina-panthers-new-york-jets-WGnr4pbF/
12 Sep 2021,Regular,0,Cincinnati Bengals,Minnesota Vikings,27,24,126,-149,https://www.oddsportal.com/american-football/usa/nfl-2021-2022/cincinnati-bengals-minnesota-vikings-A7on34DL/
12 Sep 2021,Regular,0,Detroit Lions,San Francisco 49ers,33,41,331,-435,https://www.oddsportal.com/american-football/usa/nfl-2021-2022/detroit-lions-san-francisco-49ers-hWzi2OSR/
12 Sep 2021,Regular,0,Houston Texans,Jacksonville Jaguars,37,21,146,-174,https://www.oddsportal.com/american-football/usa/nfl-2021-2022/houston-texans-jacksonville-jaguars-UiSIcryq/
12 Sep 2021,Regular,0,Indianapolis Colts,Seattle Seahawks,16,28,127,-152,https://www.oddsportal.com/american-football/usa/nfl-2021-2022/indianapolis-colts-seattle-seahawks-OERMd2jk/
12 Sep 2021,Regular,0,Tennessee Titans,Arizona Cardinals,13,38,-149,126,https://www.oddsportal.com/american-football/usa/nfl-2021-2022/tennessee-titans-arizona-cardinals-25QQeM5e/
12 Sep 2021,Regular,0,Washington Commanders,Los Angeles Chargers,16,20,-132,111,https://www.oddsportal.com/american-football/usa/nfl-2021-2022/washington-commanders-los-angeles-chargers-KtLVftL1/
09 Sep 2021,Regular,0,Tampa Bay Buccaneers,Dallas Cowboys,31,29,-450,339,https://www.oddsportal.com/american-football/usa/nfl-2021-2022/tampa-bay-buccaneers-dallas-cowboys-reAisNj2/
29 Aug 2021,Pre-season,0,Atlanta Falcons,Cleveland Browns,10,19,,,https://www.oddsportal.com/american-football/usa/nfl-2021-2022/atlanta-falcons-cleveland-browns-2uwnafXs/
29 Aug 2021,Pre-season,0,New York Giants,New England Patriots,20,22,,,https://www.oddsportal.com/american-football/usa/nfl-2021-2022/new-york-giants-new-england-patriots-WIZM078n/
29 Aug 2021,Pre-season,0,Cincinnati Bengals,Miami Dolphins,26,29,,,https://www.oddsportal.com/american-football/usa/nfl-2021-2022/cincinnati-bengals-miami-dolphins-db0J3zPQ/
29 Aug 2021,Pre-season,0,San Francisco 49ers,Las Vegas Raiders,34,10,,,https://www.oddsportal.com/american-football/usa/nfl-2021-2022/san-francisco-49ers-las-vegas-raiders-xMPsdqNH/
29 Aug 2021,Pre-season,0,Dallas Cowboys,Jacksonville Jaguars,14,34,,,https://www.oddsportal.com/american-football/usa/nfl-2021-2022/dallas-cowboys-jacksonville-jaguars-bVQwcP7B/
28 Aug 2021,Pre-season,0,Seattle Seahawks,Los Angeles Chargers,27,0,,,https://www.oddsportal.com/american-football/usa/nfl-2021-2022/seattle-seahawks-los-angeles-chargers-6eUoe3xO/
28 Aug 2021,Pre-season,0,Denver Broncos,Los Angeles Rams,17,12,,,https://www.oddsportal.com/american-football/usa/nfl-2021-2022/denver-broncos-los-angeles-rams-EsuI1mgt/
28 Aug 2021,Pre-season,0,Houston Texans,Tampa Bay Buccaneers,16,23,,,https://www.oddsportal.com/american-football/usa/nfl-2021-2022/houston-texans-tampa-bay-buccaneers-OET6fWoD/
28 Aug 2021,Pre-season,0,Tennessee Titans,Chicago Bears,24,27,,,https://www.oddsportal.com/american-football/usa/nfl-2021-2022/tennessee-titans-chicago-bears-ldyfcY1f/
28 Aug 2021,Pre-season,0,Washington Commanders,Baltimore Ravens,3,37,,,https://www.oddsportal.com/american-football/usa/nfl-2021-2022/washington-commanders-baltimore-ravens-A9YQaRNh/
28 Aug 2021,Pre-season,0,Buffalo Bills,Green Bay Packers,19,0,,,https://www.oddsportal.com/american-football/usa/nfl-2021-2022/buffalo-bills-green-bay-packers-SnzbdhH0/
27 Aug 2021,Pre-season,0,Kansas City Chiefs,Minnesota Vikings,28,25,,,https://www.oddsportal.com/american-football/usa/nfl-2021-2022/kansas-city-chiefs-minnesota-vikings-ABP2eCW6/
27 Aug 2021,Pre-season,0,New York Jets,Philadelphia Eagles,31,31,,,https://www.oddsportal.com/american-football/usa/nfl-2021-2022/new-york-jets-philadelphia-eagles-tWyjbEnl/
27 Aug 2021,Pre-season,0,Carolina Panthers,Pittsburgh Steelers,34,9,,,https://www.oddsportal.com/american-football/usa/nfl-2021-2022/carolina-panthers-pittsburgh-steelers-4WXUbowa/
27 Aug 2021,Pre-season,0,Detroit Lions,Indianapolis Colts,17,27,,,https://www.oddsportal.com/american-football/usa/nfl-2021-2022/detroit-lions-indianapolis-colts-G6yZc5h5/
23 Aug 2021,Pre-season,0,New Orleans Saints,Jacksonville Jaguars,23,21,,,https://www.oddsportal.com/american-football/usa/nfl-2021-2022/new-orleans-saints-jacksonville-jaguars-Kvjtnmxd/
22 Aug 2021,Pre-season,0,Los Angeles Chargers,San Francisco 49ers,10,15,,,https://www.oddsportal.com/american-football/usa/nfl-2021-2022/los-angeles-chargers-san-francisco-49ers-80Wz8UbF/
22 Aug 2021,Pre-season,0,Cleveland Browns,New York Giants,17,13,,,https://www.oddsportal.com/american-football/usa/nfl-2021-2022/cleveland-browns-new-york-giants-bVlpo7i2/
21 Aug 2021,Pre-season,0,Los Angeles Rams,Las Vegas Raiders,16,17,,,https://www.oddsportal.com/american-football/usa/nfl-2021-2022/los-angeles-rams-las-vegas-raiders-redF4G9K/
21 Aug 2021,Pre-season,0,Seattle Seahawks,Denver Broncos,3,30,,,https://www.oddsportal.com/american-football/usa/nfl-2021-2022/seattle-seahawks-denver-broncos-lYdB5dfE/
21 Aug 2021,Pre-season,0,Dallas Cowboys,Houston Texans,14,20,,,https://www.oddsportal.com/american-football/usa/nfl-2021-2022/dallas-cowboys-houston-texans-h6TMbQL1/
21 Aug 2021,Pre-season,0,Minnesota Vikings,Indianapolis Colts,10,12,,,https://www.oddsportal.com/american-football/usa/nfl-2021-2022/minnesota-vikings-indianapolis-colts-WdSQcpy8/
21 Aug 2021,Pre-season,0,Pittsburgh Steelers,Detroit Lions,26,20,,,https://www.oddsportal.com/american-football/usa/nfl-2021-2022/pittsburgh-steelers-detroit-lions-CYxS9jU2/
21 Aug 2021,Pre-season,0,Tampa Bay Buccaneers,Tennessee Titans,3,34,,,https://www.oddsportal.com/american-football/usa/nfl-2021-2022/tampa-bay-buccaneers-tennessee-titans-Asb76xu8/
21 Aug 2021,Pre-season,0,Carolina Panthers,Baltimore Ravens,3,20,,,https://www.oddsportal.com/american-football/usa/nfl-2021-2022/carolina-panthers-baltimore-ravens-0bBF0nik/
21 Aug 2021,Pre-season,0,Miami Dolphins,Atlanta Falcons,37,17,,,https://www.oddsportal.com/american-football/usa/nfl-2021-2022/miami-dolphins-atlanta-falcons-QysW8Aq9/
21 Aug 2021,Pre-season,0,Green Bay Packers,New York Jets,14,23,,,https://www.oddsportal.com/american-football/usa/nfl-2021-2022/green-bay-packers-new-york-jets-IZLA1Syq/
21 Aug 2021,Pre-season,0,Chicago Bears,Buffalo Bills,15,41,,,https://www.oddsportal.com/american-football/usa/nfl-2021-2022/chicago-bears-buffalo-bills-niVv7lEL/
20 Aug 2021,Pre-season,0,Arizona Cardinals,Kansas City Chiefs,10,17,,,https://www.oddsportal.com/american-football/usa/nfl-2021-2022/arizona-cardinals-kansas-city-chiefs-vTYrmTMk/
20 Aug 2021,Pre-season,0,Washington Commanders,Cincinnati Bengals,17,13,,,https://www.oddsportal.com/american-football/usa/nfl-2021-2022/washington-commanders-cincinnati-bengals-bqUIa66e/
19 Aug 2021,Pre-season,0,Philadelphia Eagles,New England Patriots,0,35,,,https://www.oddsportal.com/american-football/usa/nfl-2021-2022/philadelphia-eagles-new-england-patriots-GQZr68TR/
15 Aug 2021,Pre-season,0,Indianapolis Colts,Carolina Panthers,21,18,,,https://www.oddsportal.com/american-football/usa/nfl-2021-2022/indianapolis-colts-carolina-panthers-0EVMsYpA/
14 Aug 2021,Pre-season,0,Los Angeles Rams,Los Angeles Chargers,6,13,,,https://www.oddsportal.com/american-football/usa/nfl-2021-2022/los-angeles-rams-los-angeles-chargers-0xzul97q/
14 Aug 2021,Pre-season,0,Las Vegas Raiders,Seattle Seahawks,20,7,,,https://www.oddsportal.com/american-football/usa/nfl-2021-2022/las-vegas-raiders-seattle-seahawks-YRTUuCFM/
14 Aug 2021,Pre-season,0,San Francisco 49ers,Kansas City Chiefs,16,19,,,https://www.oddsportal.com/american-football/usa/nfl-2021-2022/san-francisco-49ers-kansas-city-chiefs-rcmDhkaS/
14 Aug 2021,Pre-season,0,Green Bay Packers,Houston Texans,7,26,,,https://www.oddsportal.com/american-football/usa/nfl-2021-2022/green-bay-packers-houston-texans-8ve0eiF9/
14 Aug 2021,Pre-season,0,New York Giants,New York Jets,7,12,,,https://www.oddsportal.com/american-football/usa/nfl-2021-2022/new-york-giants-new-york-jets-nZ95Z9hj/
14 Aug 2021,Pre-season,0,Tampa Bay Buccaneers,Cincinnati Bengals,14,19,,,https://www.oddsportal.com/american-football/usa/nfl-2021-2022/tampa-bay-buccaneers-cincinnati-bengals-b9D9YT7d/
14 Aug 2021,Pre-season,0,Baltimore Ravens,New Orleans Saints,17,14,,,https://www.oddsportal.com/american-football/usa/nfl-2021-2022/baltimore-ravens-new-orleans-saints-fyVQth0G/
14 Aug 2021,Pre-season,0,Jacksonville Jaguars,Cleveland Browns,13,23,,,https://www.oddsportal.com/american-football/usa/nfl-2021-2022/jacksonville-jaguars-cleveland-browns-0EihcDpc/
14 Aug 2021,Pre-season,0,Minnesota Vikings,Denver Broncos,6,33,,,https://www.oddsportal.com/american-football/usa/nfl-2021-2022/minnesota-vikings-denver-broncos-Ugq9gVqM/
14 Aug 2021,Pre-season,0,Chicago Bears,Miami Dolphins,20,13,,,https://www.oddsportal.com/american-football/usa/nfl-2021-2022/chicago-bears-miami-dolphins-hCA1zjwp/
13 Aug 2021,Pre-season,0,Arizona Cardinals,Dallas Cowboys,19,16,,,https://www.oddsportal.com/american-football/usa/nfl-2021-2022/arizona-cardinals-dallas-cowboys-4nxEqfGc/
13 Aug 2021,Pre-season,0,Atlanta Falcons,Tennessee Titans,3,23,,,https://www.oddsportal.com/american-football/usa/nfl-2021-2022/atlanta-falcons-tennessee-titans-nVg4fBUF/
13 Aug 2021,Pre-season,0,Detroit Lions,Buffalo Bills,15,16,,,https://www.oddsportal.com/american-football/usa/nfl-2021-2022/detroit-lions-buffalo-bills-j3OZvWUS/
12 Aug 2021,Pre-season,0,New England Patriots,Washington Commanders,22,13,,,https://www.oddsportal.com/american-football/usa/nfl-2021-2022/new-england-patriots-washington-commanders-nBRIrEV3/
12 Aug 2021,Pre-season,0,Philadelphia Eagles,Pittsburgh Steelers,16,24,,,https://www.oddsportal.com/american-football/usa/nfl-2021-2022/philadelphia-eagles-pittsburgh-steelers-v5jddXa3/
05 Aug 2021,Pre-season,1,Pittsburgh Steelers,Dallas Cowboys,16,3,,,https://www.oddsportal.com/american-football/usa/nfl-2021-2022/pittsburgh-steelers-dallas-cowboys-jqCLv5EO/
07 Feb 2021,Play Offs,0,Tampa Bay Buccaneers,Kansas City Chiefs,31,9,,,https://www.oddsportal.com/american-football/usa/nfl-2020-2021/tampa-bay-buccaneers-kansas-city-chiefs-254G7rIq/
24 Jan 2021,Play Offs,0,Kansas City Chiefs,Buffalo Bills,38,24,,,https://www.oddsportal.com/american-football/usa/nfl-2020-2021/kansas-city-chiefs-buffalo-bills-2FyaTFF0/
24 Jan 2021,Play Offs,0,Green Bay Packers,Tampa Bay Buccaneers,26,31,,,https://www.oddsportal.com/american-football/usa/nfl-2020-2021/green-bay-packers-tampa-bay-buccaneers-2D6QilM6/
17 Jan 2021,Play Offs,0,New Orleans Saints,Tampa Bay Buccaneers,20,30,,,https://www.oddsportal.com/american-football/usa/nfl-2020-2021/new-orleans-saints-tampa-bay-buccaneers-MocBtN7R/
17 Jan 2021,Play Offs,0,Kansas City Chiefs,Cleveland Browns,22,17,,,https://www.oddsportal.com/american-football/usa/nfl-2020-2021/kansas-city-chiefs-cleveland-browns-0nu4H9Zi/
16 Jan 2021,Play Offs,0,Buffalo Bills,Baltimore Ravens,17,3,,,https://www.oddsportal.com/american-football/usa/nfl-2020-2021/buffalo-bills-baltimore-ravens-f9v8GTlb/
16 Jan 2021,Play Offs,0,Green Bay Packers,Los Angeles Rams,32,18,,,https://www.oddsportal.com/american-football/usa/nfl-2020-2021/green-bay-packers-los-angeles-rams-vN76s3hL/
10 Jan 2021,Play Offs,0,Pittsburgh Steelers,Cleveland Browns,37,48,,,https://www.oddsportal.com/american-football/usa/nfl-2020-2021/pittsburgh-steelers-cleveland-browns-tGDoh6GR/
10 Jan 2021,Play Offs,0,New Orleans Saints,Chicago Bears,21,9,,,https://www.oddsportal.com/american-football/usa/nfl-2020-2021/new-orleans-saints-chicago-bears-YDhQpO81/
10 Jan 2021,Play Offs,0,Tennessee Titans,Baltimore Ravens,13,20,,,https://www.oddsportal.com/american-football/usa/nfl-2020-2021/tennessee-titans-baltimore-ravens-rPaDmQOr/
09 Jan 2021,Play Offs,0,Washington Commanders,Tampa Bay Buccaneers,23,31,,,https://www.oddsportal.com/american-football/usa/nfl-2020-2021/washington-commanders-tampa-bay-buccaneers-C4iUqrO7/
09 Jan 2021,Play Offs,0,Seattle Seahawks,Los Angeles Rams,20,30,,,https://www.oddsportal.com/american-football/usa/nfl-2020-2021/seattle-seahawks-los-angeles-rams-QmkInpvk/
09 Jan 2021,Play Offs,0,Buffalo Bills,Indianapolis Colts,27,24,,,https://www.oddsportal.com/american-football/usa/nfl-2020-2021/buffalo-bills-indianapolis-colts-vigMo4ge/
03 Jan 2021,Regular,0,Philadelphia Eagles,Washington Commanders,14,20,231,-288,https://www.oddsportal.com/american-football/usa/nfl-2020-2021/philadelphia-eagles-washington-commanders-dQvFzfyr/
03 Jan 2021,Regular,0,Carolina Panthers,New Orleans Saints,7,33,212,-263,https://www.oddsportal.com/american-football/usa/nfl-2020-2021/carolina-panthers-new-orleans-saints-jPXNYX5f/
03 Jan 2021,Regular,0,Chicago Bears,Green Bay Packers,16,35,177,-218,https://www.oddsportal.com/american-football/usa/nfl-2020-2021/chicago-bears-green-bay-packers-G6JuMfMl/
03 Jan 2021,Regular,0,Denver Broncos,Las Vegas Raiders,31,32,124,-149,https://www.oddsportal.com/american-football/usa/nfl-2020-2021/denver-broncos-las-vegas-raiders-bkyWWBz7/
03 Jan 2021,Regular,0,Houston Texans,Tennessee Titans,38,41,266,-336,https://www.oddsportal.com/american-football/usa/nfl-2020-2021/houston-texans-tennessee-titans-UFWRXiL0/
03 Jan 2021,Regular,0,Indianapolis Colts,Jacksonville Jaguars,28,14,-1334,783,https://www.oddsportal.com/american-football/usa/nfl-2020-2021/indianapolis-colts-jacksonville-jaguars-4Sazrxq8/
03 Jan 2021,Regular,0,Kansas City Chiefs,Los Angeles Chargers,21,38,241,-303,https://www.oddsportal.com/american-football/usa/nfl-2020-2021/kansas-city-chiefs-los-angeles-chargers-rJbvsdbE/
03 Jan 2021,Regular,0,Los Angeles Rams,Arizona Cardinals,18,7,-120,100,https://www.oddsportal.com/american-football/usa/nfl-2020-2021/los-angeles-rams-arizona-cardinals-xtzzWVkD/
03 Jan 2021,Regular,0,San Francisco 49ers,Seattle Seahawks,23,26,275,-348,https://www.oddsportal.com/american-football/usa/nfl-2020-2021/san-francisco-49ers-seattle-seahawks-voEIfFSD/
03 Jan 2021,Regular,0,Buffalo Bills,Miami Dolphins,56,26,144,-170,https://www.oddsportal.com/american-football/usa/nfl-2020-2021/buffalo-bills-miami-dolphins-8tKyNz7r/
03 Jan 2021,Regular,0,Cincinnati Bengals,Baltimore Ravens,3,38,615,-953,https://www.oddsportal.com/american-football/usa/nfl-2020-2021/cincinnati-bengals-baltimore-ravens-fcIqLEye/
03 Jan 2021,Regular,0,Cleveland Browns,Pittsburgh Steelers,24,22,-460,352,https://www.oddsportal.com/american-football/usa/nfl-2020-2021/cleveland-browns-pittsburgh-steelers-xM7lKYj1/
03 Jan 2021,Regular,0,Detroit Lions,Minnesota Vikings,35,37,145,-172,https://www.oddsportal.com/american-football/usa/nfl-2020-2021/detroit-lions-minnesota-vikings-jPBhJh67/
03 Jan 2021,Regular,0,New England Patriots,New York Jets,28,14,-167,142,https://www.oddsportal.com/american-football/usa/nfl-2020-2021/new-england-patriots-new-york-jets-0fgqtGDK/
03 Jan 2021,Regular,0,New York Giants,Dallas Cowboys,23,19,108,-130,https://www.oddsportal.com/american-football/usa/nfl-2020-2021/new-york-giants-dallas-cowboys-vohmuzTQ/
03 Jan 2021,Regular,0,Tampa Bay Buccaneers,Atlanta Falcons,44,27,-339,264,https://www.oddsportal.com/american-football/usa/nfl-2020-2021/tampa-bay-buccaneers-atlanta-falcons-80rJZDjl/
28 Dec 2020,Regular,0,New England Patriots,Buffalo Bills,9,38,267,-348,https://www.oddsportal.com/american-football/usa/nfl-2020-2021/new-england-patriots-buffalo-bills-6XX9RGbR/
27 Dec 2020,Regular,0,Green Bay Packers,Tennessee Titans,40,14,-181,152,https://www.oddsportal.com/american-football/usa/nfl-2020-2021/green-bay-packers-tennessee-titans-O8r5SdqL/
27 Dec 2020,Regular,0,Dallas Cowboys,Philadelphia Eagles,37,17,144,-173,https://www.oddsportal.com/american-football/usa/nfl-2020-2021/dallas-cowboys-philadelphia-eagles-A5v1TxUE/
27 Dec 2020,Regular,0,Seattle Seahawks,Los Angeles Rams,20,9,-126,105,https://www.oddsportal.com/american-football/usa/nfl-2020-2021/seattle-seahawks-los-angeles-rams-GrucUIE8/
27 Dec 2020,Regular,0,Los Angeles Chargers,Denver Broncos,19,16,-127,106,https://www.oddsportal.com/american-football/usa/nfl-2020-2021/los-angeles-chargers-denver-broncos-8KtTsHRA/
27 Dec 2020,Regular,0,Washington Commanders,Carolina Panthers,13,20,-102,-117,https://www.oddsportal.com/american-football/usa/nfl-2020-2021/washington-commanders-carolina-panthers-QgC4OSQk/
27 Dec 2020,Regular,0,Baltimore Ravens,New York Giants,27,13,-455,341,https://www.oddsportal.com/american-football/usa/nfl-2020-2021/baltimore-ravens-new-york-giants-b7ACM6e2/
27 Dec 2020,Regular,0,Houston Texans,Cincinnati Bengals,31,37,-348,272,https://www.oddsportal.com/american-football/usa/nfl-2020-2021/houston-texans-cincinnati-bengals-xhtgVba2/
27 Dec 2020,Regular,0,Jacksonville Jaguars,Chicago Bears,17,41,356,-482,https://www.oddsportal.com/american-football/usa/nfl-2020-2021/jacksonville-jaguars-chicago-bears-KGB8Nntd/
27 Dec 2020,Regular,0,Kansas City Chiefs,Atlanta Falcons,17,14,-549,403,https://www.oddsportal.com/american-football/usa/nfl-2020-2021/kansas-city-chiefs-atlanta-falcons-nBuXtysH/
27 Dec 2020,Regular,0,New York Jets,Cleveland Browns,23,16,243,-305,https://www.oddsportal.com/american-football/usa/nfl-2020-2021/new-york-jets-cleveland-browns-0fwLqwcb/
27 Dec 2020,Regular,0,Pittsburgh Steelers,Indianapolis Colts,28,24,-107,-112,https://www.oddsportal.com/american-football/usa/nfl-2020-2021/pittsburgh-steelers-indianapolis-colts-S8g1P8Bq/
26 Dec 2020,Regular,0,Las Vegas Raiders,Miami Dolphins,25,26,114,-137,https://www.oddsportal.com/american-football/usa/nfl-2020-2021/las-vegas-raiders-miami-dolphins-IVmGpJsh/
26 Dec 2020,Regular,0,Arizona Cardinals,San Francisco 49ers,12,20,-270,216,https://www.oddsportal.com/american-football/usa/nfl-2020-2021/arizona-cardinals-san-francisco-49ers-voxPrcC4/
26 Dec 2020,Regular,0,Detroit Lions,Tampa Bay Buccaneers,7,47,451,-656,https://www.oddsportal.com/american-football/usa/nfl-2020-2021/detroit-lions-tampa-bay-buccaneers-4SqCoaSo/
25 Dec 2020,Regular,0,New Orleans Saints,Minnesota Vikings,52,33,-299,239,https://www.oddsportal.com/american-football/usa/nfl-2020-2021/new-orleans-saints-minnesota-vikings-jPeUMFko/
21 Dec 2020,Regular,0,Cincinnati Bengals,Pittsburgh Steelers,27,17,648,-1026,https://www.oddsportal.com/american-football/usa/nfl-2020-2021/cincinnati-bengals-pittsburgh-steelers-lG92ResU/
20 Dec 2020,Regular,0,New York Giants,Cleveland Browns,6,20,222,-276,https://www.oddsportal.com/american-football/usa/nfl-2020-2021/new-york-giants-cleveland-browns-0Y1pXaDh/
20 Dec 2020,Regular,0,New Orleans Saints,Kansas City Chiefs,29,32,121,-145,https://www.oddsportal.com/american-football/usa/nfl-2020-2021/new-orleans-saints-kansas-city-chiefs-UDg1THCH/
20 Dec 2020,Regular,0,Arizona Cardinals,Philadelphia Eagles,33,26,-265,213,https://www.oddsportal.com/american-football/usa/nfl-2020-2021/arizona-cardinals-philadelphia-eagles-zifcUccB/
20 Dec 2020,Regular,0,Los Angeles Rams,New York Jets,20,23,-1819,953,https://www.oddsportal.com/american-football/usa/nfl-2020-2021/los-angeles-rams-new-york-jets-GATREIcO/
20 Dec 2020,Regular,0,Atlanta Falcons,Tampa Bay Buccaneers,27,31,220,-272,https://www.oddsportal.com/american-football/usa/nfl-2020-2021/atlanta-falcons-tampa-bay-buccaneers-SpXVDxDU/
20 Dec 2020,Regular,0,Baltimore Ravens,Jacksonville Jaguars,40,14,-852,555,https://www.oddsportal.com/american-football/usa/nfl-2020-2021/baltimore-ravens-jacksonville-jaguars-MmjgVwr5/
20 Dec 2020,Regular,0,Dallas Cowboys,San Francisco 49ers,41,33,153,-183,https://www.oddsportal.com/american-football/usa/nfl-2020-2021/dallas-cowboys-san-francisco-49ers-84h5SySN/
20 Dec 2020,Regular,0,Indianapolis Colts,Houston Texans,27,20,-367,286,https://www.oddsportal.com/american-football/usa/nfl-2020-2021/indianapolis-colts-houston-texans-MmUNFbrI/
20 Dec 2020,Regular,0,Miami Dolphins,New England Patriots,22,12,102,-122,https://www.oddsportal.com/american-football/usa/nfl-2020-2021/miami-dolphins-new-england-patriots-h8bxZLrt/
20 Dec 2020,Regular,0,Minnesota Vikings,Chicago Bears,27,33,-152,127,https://www.oddsportal.com/american-football/usa/nfl-2020-2021/minnesota-vikings-chicago-bears-WbctYubn/
20 Dec 2020,Regular,0,Tennessee Titans,Detroit Lions,46,25,-413,319,https://www.oddsportal.com/american-football/usa/nfl-2020-2021/tennessee-titans-detroit-lions-rcVJGvTB/
20 Dec 2020,Regular,0,Washington Commanders,Seattle Seahawks,15,20,218,-272,https://www.oddsportal.com/american-football/usa/nfl-2020-2021/washington-commanders-seattle-seahawks-vP0lWJSb/
19 Dec 2020,Regular,0,Green Bay Packers,Carolina Panthers,24,16,-445,339,https://www.oddsportal.com/american-football/usa/nfl-2020-2021/green-bay-packers-carolina-panthers-QLzFHKD5/
19 Dec 2020,Regular,0,Denver Broncos,Buffalo Bills,19,48,209,-256,https://www.oddsportal.com/american-football/usa/nfl-2020-2021/denver-broncos-buffalo-bills-nVyBI0ba/
17 Dec 2020,Regular,0,Las Vegas Raiders,Los Angeles Chargers,27,30,-181,153,https://www.oddsportal.com/american-football/usa/nfl-2020-2021/las-vegas-raiders-los-angeles-chargers-fXdWPr6P/
14 Dec 2020,Regular,0,Cleveland Browns,Baltimore Ravens,42,47,146,-179,https://www.oddsportal.com/american-football/usa/nfl-2020-2021/cleveland-browns-baltimore-ravens-tGgk1aTO/
13 Dec 2020,Regular,0,Buffalo Bills,Pittsburgh Steelers,26,15,-133,108,https://www.oddsportal.com/american-football/usa/nfl-2020-2021/buffalo-bills-pittsburgh-steelers-2Pfo2uEI/
13 Dec 2020,Regular,0,Detroit Lions,Green Bay Packers,24,31,304,-417,https://www.oddsportal.com/american-football/usa/nfl-2020-2021/detroit-lions-green-bay-packers-bXyajrF6/
13 Dec 2020,Regular,0,Los Angeles Chargers,Atlanta Falcons,20,17,-118,-104,https://www.oddsportal.com/american-football/usa/nfl-2020-2021/los-angeles-chargers-atlanta-falcons-6c1x41q6/
13 Dec 2020,Regular,0,Philadelphia Eagles,New Orleans Saints,24,21,280,-371,https://www.oddsportal.com/american-football/usa/nfl-2020-2021/philadelphia-eagles-new-orleans-saints-Cz2Y4sUa/
13 Dec 2020,Regular,0,San Francisco 49ers,Washington Commanders,15,23,-155,126,https://www.oddsportal.com/american-football/usa/nfl-2020-2021/san-francisco-49ers-washington-commanders-K05t3LbC/
13 Dec 2020,Regular,0,Las Vegas Raiders,Indianapolis Colts,27,44,113,-140,https://www.oddsportal.com/american-football/usa/nfl-2020-2021/las-vegas-raiders-indianapolis-colts-G88P63am/
13 Dec 2020,Regular,0,Seattle Seahawks,New York Jets,40,3,-1364,733,https://www.oddsportal.com/american-football/usa/nfl-2020-2021/seattle-seahawks-new-york-jets-Yq3U5NEg/
13 Dec 2020,Regular,0,Carolina Panthers,Denver Broncos,27,32,-213,172,https://www.oddsportal.com/american-football/usa/nfl-2020-2021/carolina-panthers-denver-broncos-KxNgCPyQ/
13 Dec 2020,Regular,0,Chicago Bears,Houston Texans,36,7,-106,-116,https://www.oddsportal.com/american-football/usa/nfl-2020-2021/chicago-bears-houston-texans-xImjh4pf/
13 Dec 2020,Regular,0,Cincinnati Bengals,Dallas Cowboys,7,30,139,-169,https://www.oddsportal.com/american-football/usa/nfl-2020-2021/cincinnati-bengals-dallas-cowboys-KtweiOa0/
13 Dec 2020,Regular,0,Jacksonville Jaguars,Tennessee Titans,10,31,279,-366,https://www.oddsportal.com/american-football/usa/nfl-2020-2021/jacksonville-jaguars-tennessee-titans-xI9L7qps/
13 Dec 2020,Regular,0,Miami Dolphins,Kansas City Chiefs,27,33,265,-353,https://www.oddsportal.com/american-football/usa/nfl-2020-2021/miami-dolphins-kansas-city-chiefs-S6t3k2UC/
13 Dec 2020,Regular,0,New York Giants,Arizona Cardinals,7,26,130,-159,https://www.oddsportal.com/american-football/usa/nfl-2020-2021/new-york-giants-arizona-cardinals-6cu7lMqJ/
13 Dec 2020,Regular,0,Tampa Bay Buccaneers,Minnesota Vikings,26,14,-313,243,https://www.oddsportal.com/american-football/usa/nfl-2020-2021/tampa-bay-buccaneers-minnesota-vikings-82JkD5MJ/
10 Dec 2020,Regular,0,Los Angeles Rams,New England Patriots,24,3,-229,186,https://www.oddsportal.com/american-football/usa/nfl-2020-2021/los-angeles-rams-new-england-patriots-OEqngpVm/
08 Dec 2020,Regular,0,Baltimore Ravens,Dallas Cowboys,34,17,-448,328,https://www.oddsportal.com/american-football/usa/nfl-2020-2021/baltimore-ravens-dallas-cowboys-Otplxhfd/
07 Dec 2020,Regular,0,San Francisco 49ers,Buffalo Bills,24,34,-130,105,https://www.oddsportal.com/american-football/usa/nfl-2020-2021/san-francisco-49ers-buffalo-bills-UiprfQFs/
07 Dec 2020,Regular,0,Pittsburgh Steelers,Washington Commanders,17,23,-291,224,https://www.oddsportal.com/american-football/usa/nfl-2020-2021/pittsburgh-steelers-washington-commanders-p4QIiXgq/
06 Dec 2020,Regular,0,Kansas City Chiefs,Denver Broncos,22,16,-909,563,https://www.oddsportal.com/american-football/usa/nfl-2020-2021/kansas-city-chiefs-denver-broncos-hSMEBhoF/
06 Dec 2020,Regular,0,Green Bay Packers,Philadelphia Eagles,30,16,-400,306,https://www.oddsportal.com/american-football/usa/nfl-2020-2021/green-bay-packers-philadelphia-eagles-YP6DDEG2/
06 Dec 2020,Regular,0,Los Angeles Chargers,New England Patriots,0,45,-138,113,https://www.oddsportal.com/american-football/usa/nfl-2020-2021/los-angeles-chargers-new-england-patriots-CG5HCYV8/
06 Dec 2020,Regular,0,Arizona Cardinals,Los Angeles Rams,28,38,125,-153,https://www.oddsportal.com/american-football/usa/nfl-2020-2021/arizona-cardinals-los-angeles-rams-6JERkBOe/
06 Dec 2020,Regular,0,Seattle Seahawks,New York Giants,12,17,-567,401,https://www.oddsportal.com/american-football/usa/nfl-2020-2021/seattle-seahawks-new-york-giants-KMIVlVw2/
06 Dec 2020,Regular,0,Atlanta Falcons,New Orleans Saints,16,21,125,-154,https://www.oddsportal.com/american-football/usa/nfl-2020-2021/atlanta-falcons-new-orleans-saints-0bTW0yXd/
06 Dec 2020,Regular,0,Chicago Bears,Detroit Lions,30,34,-161,132,https://www.oddsportal.com/american-football/usa/nfl-2020-2021/chicago-bears-detroit-lions-vkSz0en3/
06 Dec 2020,Regular,0,Houston Texans,Indianapolis Colts,20,26,153,-185,https://www.oddsportal.com/american-football/usa/nfl-2020-2021/houston-texans-indianapolis-colts-OfPMji9k/
06 Dec 2020,Regular,0,Miami Dolphins,Cincinnati Bengals,19,7,-546,392,https://www.oddsportal.com/american-football/usa/nfl-2020-2021/miami-dolphins-cincinnati-bengals-WdprbZGF/
06 Dec 2020,Regular,0,Minnesota Vikings,Jacksonville Jaguars,27,24,-492,361,https://www.oddsportal.com/american-football/usa/nfl-2020-2021/minnesota-vikings-jacksonville-jaguars-ELZncgWL/
06 Dec 2020,Regular,0,New York Jets,Las Vegas Raiders,28,31,280,-371,https://www.oddsportal.com/american-football/usa/nfl-2020-2021/new-york-jets-las-vegas-raiders-hCYjdDoS/
06 Dec 2020,Regular,0,Tennessee Titans,Cleveland Browns,35,41,-210,170,https://www.oddsportal.com/american-football/usa/nfl-2020-2021/tennessee-titans-cleveland-browns-YBRvaF19/
02 Dec 2020,Regular,0,Pittsburgh Steelers,Baltimore Ravens,19,14,-577,410,https://www.oddsportal.com/american-football/usa/nfl-2020-2021/pittsburgh-steelers-baltimore-ravens-48oSWdIG/
30 Nov 2020,Regular,0,Philadelphia Eagles,Seattle Seahawks,17,23,242,-309,https://www.oddsportal.com/american-football/usa/nfl-2020-2021/philadelphia-eagles-seattle-seahawks-pjopwYvj/
29 Nov 2020,Regular,0,Green Bay Packers,Chicago Bears,41,25,-390,291,https://www.oddsportal.com/american-football/usa/nfl-2020-2021/green-bay-packers-chicago-bears-jTotvEPq/
29 Nov 2020,Regular,0,Tampa Bay Buccaneers,Kansas City Chiefs,24,27,151,-184,https://www.oddsportal.com/american-football/usa/nfl-2020-2021/tampa-bay-buccaneers-kansas-city-chiefs-E7fErfHS/
29 Nov 2020,Regular,0,Denver Broncos,New Orleans Saints,3,31,848,-1766,https://www.oddsportal.com/american-football/usa/nfl-2020-2021/denver-broncos-new-orleans-saints-hh65pGnG/
29 Nov 2020,Regular,0,Los Angeles Rams,San Francisco 49ers,20,23,-234,188,https://www.oddsportal.com/american-football/usa/nfl-2020-2021/los-angeles-rams-san-francisco-49ers-Wr59qz2M/
29 Nov 2020,Regular,0,Atlanta Falcons,Las Vegas Raiders,43,6,153,-186,https://www.oddsportal.com/american-football/usa/nfl-2020-2021/atlanta-falcons-las-vegas-raiders-bVpWVGXM/
29 Nov 2020,Regular,0,Buffalo Bills,Los Angeles Chargers,27,17,-226,178,https://www.oddsportal.com/american-football/usa/nfl-2020-2021/buffalo-bills-los-angeles-chargers-xMqzVzmT/
29 Nov 2020,Regular,0,Cincinnati Bengals,New York Giants,17,19,230,-300,https://www.oddsportal.com/american-football/usa/nfl-2020-2021/cincinnati-bengals-new-york-giants-IFR2Qfep/
29 Nov 2020,Regular,0,Indianapolis Colts,Tennessee Titans,26,45,-151,124,https://www.oddsportal.com/american-football/usa/nfl-2020-2021/indianapolis-colts-tennessee-titans-d6Q6PEAj/
29 Nov 2020,Regular,0,Jacksonville Jaguars,Cleveland Browns,25,27,275,-366,https://www.oddsportal.com/american-football/usa/nfl-2020-2021/jacksonville-jaguars-cleveland-browns-pS61odX9/
29 Nov 2020,Regular,0,Minnesota Vikings,Carolina Panthers,28,27,-153,125,https://www.oddsportal.com/american-football/usa/nfl-2020-2021/minnesota-vikings-carolina-panthers-A9Ellbmi/
29 Nov 2020,Regular,0,New England Patriots,Arizona Cardinals,20,17,-102,-120,https://www.oddsportal.com/american-football/usa/nfl-2020-2021/new-england-patriots-arizona-cardinals-OCIhmI2c/
29 Nov 2020,Regular,0,New York Jets,Miami Dolphins,3,20,280,-370,https://www.oddsportal.com/american-football/usa/nfl-2020-2021/new-york-jets-miami-dolphins-6y8cnxI3/
26 Nov 2020,Regular,0,Dallas Cowboys,Washington Commanders,16,41,-147,119,https://www.oddsportal.com/american-football/usa/nfl-2020-2021/dallas-cowboys-washington-commanders-hYsOXx3A/
26 Nov 2020,Regular,0,Detroit Lions,Houston Texans,25,41,140,-170,https://www.oddsportal.com/american-football/usa/nfl-2020-2021/detroit-lions-houston-texans-A9hJYIm4/
23 Nov 2020,Regular,0,Tampa Bay Buccaneers,Los Angeles Rams,24,27,-216,169,https://www.oddsportal.com/american-football/usa/nfl-2020-2021/tampa-bay-buccaneers-los-angeles-rams-WIgFZbYc/
22 Nov 2020,Regular,0,Las Vegas Raiders,Kansas City Chiefs,31,35,281,-375,https://www.oddsportal.com/american-football/usa/nfl-2020-2021/las-vegas-raiders-kansas-city-chiefs-2qkBzuJi/
22 Nov 2020,Regular,0,Indianapolis Colts,Green Bay Packers,34,31,-128,101,https://www.oddsportal.com/american-football/usa/nfl-2020-2021/indianapolis-colts-green-bay-packers-byltNLlh/
22 Nov 2020,Regular,0,Minnesota Vikings,Dallas Cowboys,28,31,-320,240,https://www.oddsportal.com/american-football/usa/nfl-2020-2021/minnesota-vikings-dallas-cowboys-Ohj7yL3o/
22 Nov 2020,Regular,0,Denver Broncos,Miami Dolphins,20,13,170,-213,https://www.oddsportal.com/american-football/usa/nfl-2020-2021/denver-broncos-miami-dolphins-84tubKbP/
22 Nov 2020,Regular,0,Los Angeles Chargers,New York Jets,34,28,-476,343,https://www.oddsportal.com/american-football/usa/nfl-2020-2021/los-angeles-chargers-new-york-jets-ADS6gv7t/
22 Nov 2020,Regular,0,Baltimore Ravens,Tennessee Titans,24,30,-261,205,https://www.oddsportal.com/american-football/usa/nfl-2020-2021/baltimore-ravens-tennessee-titans-j5LhIc3N/
22 Nov 2020,Regular,0,Carolina Panthers,Detroit Lions,20,0,137,-170,https://www.oddsportal.com/american-football/usa/nfl-2020-2021/carolina-panthers-detroit-lions-phjhKJYA/
22 Nov 2020,Regular,0,Cleveland Browns,Philadelphia Eagles,22,17,-144,115,https://www.oddsportal.com/american-football/usa/nfl-2020-2021/cleveland-browns-philadelphia-eagles-GCbyO1Zo/
22 Nov 2020,Regular,0,Houston Texans,New England Patriots,27,20,118,-148,https://www.oddsportal.com/american-football/usa/nfl-2020-2021/houston-texans-new-england-patriots-pSKdHHIT/
22 Nov 2020,Regular,0,Jacksonville Jaguars,Pittsburgh Steelers,3,27,393,-566,https://www.oddsportal.com/american-football/usa/nfl-2020-2021/jacksonville-jaguars-pittsburgh-steelers-CEMlJwlH/
22 Nov 2020,Regular,0,New Orleans Saints,Atlanta Falcons,24,9,-202,159,https://www.oddsportal.com/american-football/usa/nfl-2020-2021/new-orleans-saints-atlanta-falcons-CvhpMu4b/
22 Nov 2020,Regular,0,Washington Commanders,Cincinnati Bengals,20,9,-127,-100,https://www.oddsportal.com/american-football/usa/nfl-2020-2021/washington-commanders-cincinnati-bengals-61ilLaJ4/
19 Nov 2020,Regular,0,Seattle Seahawks,Arizona Cardinals,28,21,-175,142,https://www.oddsportal.com/american-football/usa/nfl-2020-2021/seattle-seahawks-arizona-cardinals-xMaXOsKu/
16 Nov 2020,Regular,0,Chicago Bears,Minnesota Vikings,13,19,145,-181,https://www.oddsportal.com/american-football/usa/nfl-2020-2021/chicago-bears-minnesota-vikings-jXsQGpSI/
15 Nov 2020,Regular,0,New England Patriots,Baltimore Ravens,23,17,245,-326,https://www.oddsportal.com/american-football/usa/nfl-2020-2021/new-england-patriots-baltimore-ravens-CtqMHQCC/
15 Nov 2020,Regular,0,Los Angeles Rams,Seattle Seahawks,23,16,-155,126,https://www.oddsportal.com/american-football/usa/nfl-2020-2021/los-angeles-rams-seattle-seahawks-IsjDJnr0/
15 Nov 2020,Regular,0,New Orleans Saints,San Francisco 49ers,27,13,-448,321,https://www.oddsportal.com/american-football/usa/nfl-2020-2021/new-orleans-saints-san-francisco-49ers-UHgHI6c6/
15 Nov 2020,Regular,0,Pittsburgh Steelers,Cincinnati Bengals,36,10,-313,236,https://www.oddsportal.com/american-football/usa/nfl-2020-2021/pittsburgh-steelers-cincinnati-bengals-WMBURAzK/
15 Nov 2020,Regular,0,Arizona Cardinals,Buffalo Bills,32,30,-156,125,https://www.oddsportal.com/american-football/usa/nfl-2020-2021/arizona-cardinals-buffalo-bills-OKj9KSSg/
15 Nov 2020,Regular,0,Las Vegas Raiders,Denver Broncos,37,12,-179,145,https://www.oddsportal.com/american-football/usa/nfl-2020-2021/las-vegas-raiders-denver-broncos-Shc0Mlbs/
15 Nov 2020,Regular,0,Miami Dolphins,Los Angeles Chargers,29,21,-130,102,https://www.oddsportal.com/american-football/usa/nfl-2020-2021/miami-dolphins-los-angeles-chargers-SECzmfjO/
15 Nov 2020,Regular,0,Carolina Panthers,Tampa Bay Buccaneers,23,46,215,-275,https://www.oddsportal.com/american-football/usa/nfl-2020-2021/carolina-panthers-tampa-bay-buccaneers-QqBYQUkQ/
15 Nov 2020,Regular,0,Cleveland Browns,Houston Texans,10,7,-233,183,https://www.oddsportal.com/american-football/usa/nfl-2020-2021/cleveland-browns-houston-texans-SUrxMKn1/
15 Nov 2020,Regular,0,Detroit Lions,Washington Commanders,30,27,-144,116,https://www.oddsportal.com/american-football/usa/nfl-2020-2021/detroit-lions-washington-commanders-zertLv27/
15 Nov 2020,Regular,0,Green Bay Packers,Jacksonville Jaguars,24,20,-1035,617,https://www.oddsportal.com/american-football/usa/nfl-2020-2021/green-bay-packers-jacksonville-jaguars-EospKbHD/
15 Nov 2020,Regular,0,New York Giants,Philadelphia Eagles,27,17,185,-229,https://www.oddsportal.com/american-football/usa/nfl-2020-2021/new-york-giants-philadelphia-eagles-IJ7QSjLD/
12 Nov 2020,Regular,0,Tennessee Titans,Indianapolis Colts,17,34,-104,-122,https://www.oddsportal.com/american-football/usa/nfl-2020-2021/tennessee-titans-indianapolis-colts-lvpYM0Xf/
09 Nov 2020,Regular,0,New York Jets,New England Patriots,27,30,323,-442,https://www.oddsportal.com/american-football/usa/nfl-2020-2021/new-york-jets-new-england-patriots-6FfTNtIl/
08 Nov 2020,Regular,0,Tampa Bay Buccaneers,New Orleans Saints,3,38,-180,145,https://www.oddsportal.com/american-football/usa/nfl-2020-2021/tampa-bay-buccaneers-new-orleans-saints-hCjPOM2r/
08 Nov 2020,Regular,0,Arizona Cardinals,Miami Dolphins,31,34,-261,205,https://www.oddsportal.com/american-football/usa/nfl-2020-2021/arizona-cardinals-miami-dolphins-zX3cT2fR/
08 Nov 2020,Regular,0,Dallas Cowboys,Pittsburgh Steelers,19,24,577,-909,https://www.oddsportal.com/american-football/usa/nfl-2020-2021/dallas-cowboys-pittsburgh-steelers-dt5gUruL/
08 Nov 2020,Regular,0,Los Angeles Chargers,Las Vegas Raiders,26,31,-105,-121,https://www.oddsportal.com/american-football/usa/nfl-2020-2021/los-angeles-chargers-las-vegas-raiders-v5AlVOPE/
08 Nov 2020,Regular,0,Atlanta Falcons,Denver Broncos,34,27,-226,178,https://www.oddsportal.com/american-football/usa/nfl-2020-2021/atlanta-falcons-denver-broncos-E3zGGPAL/
08 Nov 2020,Regular,0,Buffalo Bills,Seattle Seahawks,44,34,143,-175,https://www.oddsportal.com/american-football/usa/nfl-2020-2021/buffalo-bills-seattle-seahawks-dSPKFqQR/
08 Nov 2020,Regular,0,Indianapolis Colts,Baltimore Ravens,10,24,-114,-112,https://www.oddsportal.com/american-football/usa/nfl-2020-2021/indianapolis-colts-baltimore-ravens-SAGjANmk/
08 Nov 2020,Regular,0,Jacksonville Jaguars,Houston Texans,25,27,234,-306,https://www.oddsportal.com/american-football/usa/nfl-2020-2021/jacksonville-jaguars-houston-texans-0EBpW4A8/
08 Nov 2020,Regular,0,Kansas City Chiefs,Carolina Panthers,33,31,-501,355,https://www.oddsportal.com/american-football/usa/nfl-2020-2021/kansas-city-chiefs-carolina-panthers-61Ff9s3e/
08 Nov 2020,Regular,0,Minnesota Vikings,Detroit Lions,34,20,-178,144,https://www.oddsportal.com/american-football/usa/nfl-2020-2021/minnesota-vikings-detroit-lions-lQ4a81I1/
08 Nov 2020,Regular,0,Tennessee Titans,Chicago Bears,24,17,-268,210,https://www.oddsportal.com/american-football/usa/nfl-2020-2021/tennessee-titans-chicago-bears-byCnB3Yr/
08 Nov 2020,Regular,0,Washington Commanders,New York Giants,20,23,-166,133,https://www.oddsportal.com/american-football/usa/nfl-2020-2021/washington-commanders-new-york-giants-nBN27LX7/
05 Nov 2020,Regular,0,San Francisco 49ers,Green Bay Packers,17,34,226,-294,https://www.oddsportal.com/american-football/usa/nfl-2020-2021/san-francisco-49ers-green-bay-packers-00WBH5eF/
02 Nov 2020,Regular,0,New York Giants,Tampa Bay Buccaneers,23,25,508,-789,https://www.oddsportal.com/american-football/usa/nfl-2020-2021/new-york-giants-tampa-bay-buccaneers-6wX7Iot9/
01 Nov 2020,Regular,0,Philadelphia Eagles,Dallas Cowboys,23,9,-462,333,https://www.oddsportal.com/american-football/usa/nfl-2020-2021/philadelphia-eagles-dallas-cowboys-SnY3JRQ2/
01 Nov 2020,Regular,0,Chicago Bears,New Orleans Saints,23,26,199,-254,https://www.oddsportal.com/american-football/usa/nfl-2020-2021/chicago-bears-new-orleans-saints-l4TOeOYe/
01 Nov 2020,Regular,0,Seattle Seahawks,San Francisco 49ers,37,27,-117,-109,https://www.oddsportal.com/american-football/usa/nfl-2020-2021/seattle-seahawks-san-francisco-49ers-SfSSfrl2/
01 Nov 2020,Regular,0,Denver Broncos,Los Angeles Chargers,31,30,133,-167,https://www.oddsportal.com/american-football/usa/nfl-2020-2021/denver-broncos-los-angeles-chargers-MmCOCyRp/
01 Nov 2020,Regular,0,Baltimore Ravens,Pittsburgh Steelers,24,28,-211,167,https://www.oddsportal.com/american-football/usa/nfl-2020-2021/baltimore-ravens-pittsburgh-steelers-v7eh5y6h/
01 Nov 2020,Regular,0,Buffalo Bills,New England Patriots,24,21,-211,168,https://www.oddsportal.com/american-football/usa/nfl-2020-2021/buffalo-bills-new-england-patriots-fshT6lsc/
01 Nov 2020,Regular,0,Cincinnati Bengals,Tennessee Titans,31,20,266,-357,https://www.oddsportal.com/american-football/usa/nfl-2020-2021/cincinnati-bengals-tennessee-titans-6HeX58d3/
01 Nov 2020,Regular,0,Cleveland Browns,Las Vegas Raiders,6,16,-120,-105,https://www.oddsportal.com/american-football/usa/nfl-2020-2021/cleveland-browns-las-vegas-raiders-ltox5SB9/
01 Nov 2020,Regular,0,Detroit Lions,Indianapolis Colts,21,41,156,-194,https://www.oddsportal.com/american-football/usa/nfl-2020-2021/detroit-lions-indianapolis-colts-SWqt4nRF/
01 Nov 2020,Regular,0,Green Bay Packers,Minnesota Vikings,22,28,-259,203,https://www.oddsportal.com/american-football/usa/nfl-2020-2021/green-bay-packers-minnesota-vikings-d6lp36tM/
01 Nov 2020,Regular,0,Kansas City Chiefs,New York Jets,35,9,-3340,1166,https://www.oddsportal.com/american-football/usa/nfl-2020-2021/kansas-city-chiefs-new-york-jets-zcml2QeS/
01 Nov 2020,Regular,0,Miami Dolphins,Los Angeles Rams,28,17,144,-178,https://www.oddsportal.com/american-football/usa/nfl-2020-2021/miami-dolphins-los-angeles-rams-tvQGcp4q/
29 Oct 2020,Regular,0,Carolina Panthers,Atlanta Falcons,17,25,-124,-102,https://www.oddsportal.com/american-football/usa/nfl-2020-2021/carolina-panthers-atlanta-falcons-tv4or54d/
26 Oct 2020,Regular,0,Los Angeles Rams,Chicago Bears,24,10,-303,230,https://www.oddsportal.com/american-football/usa/nfl-2020-2021/los-angeles-rams-chicago-bears-2m5sqokj/
25 Oct 2020,Regular,0,Arizona Cardinals,Seattle Seahawks,37,34,153,-189,https://www.oddsportal.com/american-football/usa/nfl-2020-2021/arizona-cardinals-seattle-seahawks-0Mq13Fz5/
25 Oct 2020,Regular,0,Denver Broncos,Kansas City Chiefs,16,43,253,-337,https://www.oddsportal.com/american-football/usa/nfl-2020-2021/denver-broncos-kansas-city-chiefs-EPm52ZkB/
25 Oct 2020,Regular,0,Los Angeles Chargers,Jacksonville Jaguars,39,29,-400,299,https://www.oddsportal.com/american-football/usa/nfl-2020-2021/los-angeles-chargers-jacksonville-jaguars-fsUKd4Jk/
25 Oct 2020,Regular,0,New England Patriots,San Francisco 49ers,6,33,-164,131,https://www.oddsportal.com/american-football/usa/nfl-2020-2021/new-england-patriots-san-francisco-49ers-8nm91g5H/
25 Oct 2020,Regular,0,Las Vegas Raiders,Tampa Bay Buccaneers,20,45,163,-201,https://www.oddsportal.com/american-football/usa/nfl-2020-2021/las-vegas-raiders-tampa-bay-buccaneers-pCAxpRZq/
25 Oct 2020,Regular,0,Atlanta Falcons,Detroit Lions,22,23,-120,-106,https://www.oddsportal.com/american-football/usa/nfl-2020-2021/atlanta-falcons-detroit-lions-f1ESlGLB/
25 Oct 2020,Regular,0,Cincinnati Bengals,Cleveland Browns,34,37,170,-214,https://www.oddsportal.com/american-football/usa/nfl-2020-2021/cincinnati-bengals-cleveland-browns-YiDWmzyI/
25 Oct 2020,Regular,0,Houston Texans,Green Bay Packers,20,35,124,-154,https://www.oddsportal.com/american-football/usa/nfl-2020-2021/houston-texans-green-bay-packers-Icfd4eLb/
25 Oct 2020,Regular,0,New Orleans Saints,Carolina Panthers,27,24,-337,253,https://www.oddsportal.com/american-football/usa/nfl-2020-2021/new-orleans-saints-carolina-panthers-tIGvnE5U/
25 Oct 2020,Regular,0,New York Jets,Buffalo Bills,10,18,325,-448,https://www.oddsportal.com/american-football/usa/nfl-2020-2021/new-york-jets-buffalo-bills-6uro7cyt/
25 Oct 2020,Regular,0,Tennessee Titans,Pittsburgh Steelers,24,27,-122,-104,https://www.oddsportal.com/american-football/usa/nfl-2020-2021/tennessee-titans-pittsburgh-steelers-WQ3HHBfM/
25 Oct 2020,Regular,0,Washington Commanders,Dallas Cowboys,25,3,-112,-113,https://www.oddsportal.com/american-football/usa/nfl-2020-2021/washington-commanders-dallas-cowboys-pWtk6Hjn/
22 Oct 2020,Regular,0,Philadelphia Eagles,New York Giants,22,21,-250,194,https://www.oddsportal.com/american-football/usa/nfl-2020-2021/philadelphia-eagles-new-york-giants-xQJNkd65/
19 Oct 2020,Regular,0,Dallas Cowboys,Arizona Cardinals,10,38,-119,-106,https://www.oddsportal.com/american-football/usa/nfl-2020-2021/dallas-cowboys-arizona-cardinals-bZKJjxia/
19 Oct 2020,Regular,0,Buffalo Bills,Kansas City Chiefs,17,26,198,-252,https://www.oddsportal.com/american-football/usa/nfl-2020-2021/buffalo-bills-kansas-city-chiefs-zyf9p1UP/
18 Oct 2020,Regular,0,San Francisco 49ers,Los Angeles Rams,24,16,107,-136,https://www.oddsportal.com/american-football/usa/nfl-2020-2021/san-francisco-49ers-los-angeles-rams-4CLFiIyg/
18 Oct 2020,Regular,0,Tampa Bay Buccaneers,Green Bay Packers,38,10,126,-157,https://www.oddsportal.com/american-football/usa/nfl-2020-2021/tampa-bay-buccaneers-green-bay-packers-hxIBhbMn/
18 Oct 2020,Regular,0,Miami Dolphins,New York Jets,24,0,-429,319,https://www.oddsportal.com/american-football/usa/nfl-2020-2021/miami-dolphins-new-york-jets-pUi5L8Dm/
18 Oct 2020,Regular,0,Carolina Panthers,Chicago Bears,16,23,-132,103,https://www.oddsportal.com/american-football/usa/nfl-2020-2021/carolina-panthers-chicago-bears-tblgzH6I/
18 Oct 2020,Regular,0,Indianapolis Colts,Cincinnati Bengals,31,27,-370,276,https://www.oddsportal.com/american-football/usa/nfl-2020-2021/indianapolis-colts-cincinnati-bengals-W6uuuuhm/
18 Oct 2020,Regular,0,Jacksonville Jaguars,Detroit Lions,16,34,136,-170,https://www.oddsportal.com/american-football/usa/nfl-2020-2021/jacksonville-jaguars-detroit-lions-KlmcZzMO/
18 Oct 2020,Regular,0,Minnesota Vikings,Atlanta Falcons,23,40,-193,156,https://www.oddsportal.com/american-football/usa/nfl-2020-2021/minnesota-vikings-atlanta-falcons-CIdxva7g/
18 Oct 2020,Regular,0,New England Patriots,Denver Broncos,12,18,-353,264,https://www.oddsportal.com/american-football/usa/nfl-2020-2021/new-england-patriots-denver-broncos-04MNY3VD/
18 Oct 2020,Regular,0,New York Giants,Washington Commanders,20,19,-128,101,https://www.oddsportal.com/american-football/usa/nfl-2020-2021/new-york-giants-washington-commanders-j9etwJMa/
18 Oct 2020,Regular,0,Philadelphia Eagles,Baltimore Ravens,28,30,366,-527,https://www.oddsportal.com/american-football/usa/nfl-2020-2021/philadelphia-eagles-baltimore-ravens-pWfpxwx6/
18 Oct 2020,Regular,0,Pittsburgh Steelers,Cleveland Browns,38,7,-170,137,https://www.oddsportal.com/american-football/usa/nfl-2020-2021/pittsburgh-steelers-cleveland-browns-bZblyciC/
18 Oct 2020,Regular,0,Tennessee Titans,Houston Texans,42,36,-199,159,https://www.oddsportal.com/american-football/usa/nfl-2020-2021/tennessee-titans-houston-texans-hGtytLxs/
13 Oct 2020,Regular,0,Tennessee Titans,Buffalo Bills,42,16,136,-170,https://www.oddsportal.com/american-football/usa/nfl-2020-2021/tennessee-titans-buffalo-bills-YcUyB0w7/
12 Oct 2020,Regular,0,New Orleans Saints,Los Angeles Chargers,30,27,-357,264,https://www.oddsportal.com/american-football/usa/nfl-2020-2021/new-orleans-saints-los-angeles-chargers-MXk5osFJ/
11 Oct 2020,Regular,0,Seattle Seahawks,Minnesota Vikings,27,26,-316,237,https://www.oddsportal.com/american-football/usa/nfl-2020-2021/seattle-seahawks-minnesota-vikings-KSBMMcxJ/
11 Oct 2020,Regular,0,Cleveland Browns,Indianapolis Colts,32,23,-120,-106,https://www.oddsportal.com/american-football/usa/nfl-2020-2021/cleveland-browns-indianapolis-colts-C28EOJ76/
11 Oct 2020,Regular,0,Dallas Cowboys,New York Giants,37,34,-366,276,https://www.oddsportal.com/american-football/usa/nfl-2020-2021/dallas-cowboys-new-york-giants-txDINwNC/
11 Oct 2020,Regular,0,San Francisco 49ers,Miami Dolphins,17,43,-400,299,https://www.oddsportal.com/american-football/usa/nfl-2020-2021/san-francisco-49ers-miami-dolphins-YB9APah0/
11 Oct 2020,Regular,0,Atlanta Falcons,Carolina Panthers,16,23,-144,114,https://www.oddsportal.com/american-football/usa/nfl-2020-2021/atlanta-falcons-carolina-panthers-jZvXBtO0/
11 Oct 2020,Regular,0,Kansas City Chiefs,Las Vegas Raiders,32,40,-546,388,https://www.oddsportal.com/american-football/usa/nfl-2020-2021/kansas-city-chiefs-las-vegas-raiders-n1YuAKhD/
11 Oct 2020,Regular,0,Baltimore Ravens,Cincinnati Bengals,27,3,-811,516,https://www.oddsportal.com/american-football/usa/nfl-2020-2021/baltimore-ravens-cincinnati-bengals-h212RLNm/
11 Oct 2020,Regular,0,Houston Texans,Jacksonville Jaguars,30,14,-270,213,https://www.oddsportal.com/american-football/usa/nfl-2020-2021/houston-texans-jacksonville-jaguars-jmK5Quwf/
11 Oct 2020,Regular,0,New York Jets,Arizona Cardinals,10,30,247,-326,https://www.oddsportal.com/american-football/usa/nfl-2020-2021/new-york-jets-arizona-cardinals-veLRXNpK/
11 Oct 2020,Regular,0,Pittsburgh Steelers,Philadelphia Eagles,38,29,-371,277,https://www.oddsportal.com/american-football/usa/nfl-2020-2021/pittsburgh-steelers-philadelphia-eagles-dWFWWs0Q/
11 Oct 2020,Regular,0,Washington Commanders,Los Angeles Rams,10,30,267,-353,https://www.oddsportal.com/american-football/usa/nfl-2020-2021/washington-commanders-los-angeles-rams-bu2bS18s/
08 Oct 2020,Regular,0,Chicago Bears,Tampa Bay Buccaneers,20,19,162,-199,https://www.oddsportal.com/american-football/usa/nfl-2020-2021/chicago-bears-tampa-bay-buccaneers-CrtTCM8f/
05 Oct 2020,Regular,0,Green Bay Packers,Atlanta Falcons,30,16,-255,200,https://www.oddsportal.com/american-football/usa/nfl-2020-2021/green-bay-packers-atlanta-falcons-4ItPD2gl/
05 Oct 2020,Regular,0,Kansas City Chiefs,New England Patriots,26,10,-715,470,https://www.oddsportal.com/american-football/usa/nfl-2020-2021/kansas-city-chiefs-new-england-patriots-WQPnXjf9/
04 Oct 2020,Regular,0,San Francisco 49ers,Philadelphia Eagles,20,25,-380,281,https://www.oddsportal.com/american-football/usa/nfl-2020-2021/san-francisco-49ers-philadelphia-eagles-QRsLErvr/
04 Oct 2020,Regular,0,Chicago Bears,Indianapolis Colts,11,19,152,-188,https://www.oddsportal.com/american-football/usa/nfl-2020-2021/chicago-bears-indianapolis-colts-2oC0Lgec/
04 Oct 2020,Regular,0,Las Vegas Raiders,Buffalo Bills,23,30,145,-181,https://www.oddsportal.com/american-football/usa/nfl-2020-2021/las-vegas-raiders-buffalo-bills-pUTjWA9F/
04 Oct 2020,Regular,0,Los Angeles Rams,New York Giants,17,9,-968,586,https://www.oddsportal.com/american-football/usa/nfl-2020-2021/los-angeles-rams-new-york-giants-x4QrYWv3/
04 Oct 2020,Regular,0,Carolina Panthers,Arizona Cardinals,31,21,135,-168,https://www.oddsportal.com/american-football/usa/nfl-2020-2021/carolina-panthers-arizona-cardinals-MerdATnd/
04 Oct 2020,Regular,0,Cincinnati Bengals,Jacksonville Jaguars,33,25,-121,-105,https://www.oddsportal.com/american-football/usa/nfl-2020-2021/cincinnati-bengals-jacksonville-jaguars-pA15KDA3/
04 Oct 2020,Regular,0,Dallas Cowboys,Cleveland Browns,38,49,-184,148,https://www.oddsportal.com/american-football/usa/nfl-2020-2021/dallas-cowboys-cleveland-browns-O009JXP9/
04 Oct 2020,Regular,0,Detroit Lions,New Orleans Saints,29,35,131,-164,https://www.oddsportal.com/american-football/usa/nfl-2020-2021/detroit-lions-new-orleans-saints-hz5DIiuG/
04 Oct 2020,Regular,0,Houston Texans,Minnesota Vikings,23,31,-180,144,https://www.oddsportal.com/american-football/usa/nfl-2020-2021/houston-texans-minnesota-vikings-bDRvZCPd/
04 Oct 2020,Regular,0,Miami Dolphins,Seattle Seahawks,23,31,190,-244,https://www.oddsportal.com/american-football/usa/nfl-2020-2021/miami-dolphins-seattle-seahawks-EkgMGV9S/
04 Oct 2020,Regular,0,Tampa Bay Buccaneers,Los Angeles Chargers,38,31,-380,285,https://www.oddsportal.com/american-football/usa/nfl-2020-2021/tampa-bay-buccaneers-los-angeles-chargers-lrplCkIq/
04 Oct 2020,Regular,0,Washington Commanders,Baltimore Ravens,17,31,679,-1250,https://www.oddsportal.com/american-football/usa/nfl-2020-2021/washington-commanders-baltimore-ravens-r5qhB9Xk/
01 Oct 2020,Regular,0,New York Jets,Denver Broncos,28,37,-121,-105,https://www.oddsportal.com/american-football/usa/nfl-2020-2021/new-york-jets-denver-broncos-lr8dMZui/
28 Sep 2020,Regular,0,Baltimore Ravens,Kansas City Chiefs,20,34,-185,151,https://www.oddsportal.com/american-football/usa/nfl-2020-2021/baltimore-ravens-kansas-city-chiefs-zuKEcj3j/
27 Sep 2020,Regular,0,New Orleans Saints,Green Bay Packers,30,37,-179,144,https://www.oddsportal.com/american-football/usa/nfl-2020-2021/new-orleans-saints-green-bay-packers-dlLAbWmp/
27 Sep 2020,Regular,0,Arizona Cardinals,Detroit Lions,23,26,-236,186,https://www.oddsportal.com/american-football/usa/nfl-2020-2021/arizona-cardinals-detroit-lions-SI2n4hQM/
27 Sep 2020,Regular,0,Denver Broncos,Tampa Bay Buccaneers,10,28,215,-278,https://www.oddsportal.com/american-football/usa/nfl-2020-2021/denver-broncos-tampa-bay-buccaneers-Ye3r5YAG/
27 Sep 2020,Regular,0,Seattle Seahawks,Dallas Cowboys,38,31,-238,186,https://www.oddsportal.com/american-football/usa/nfl-2020-2021/seattle-seahawks-dallas-cowboys-691j3CuT/
27 Sep 2020,Regular,0,Indianapolis Colts,New York Jets,36,7,-732,476,https://www.oddsportal.com/american-football/usa/nfl-2020-2021/indianapolis-colts-new-york-jets-xU9Z6ft4/
27 Sep 2020,Regular,0,Los Angeles Chargers,Carolina Panthers,16,21,-265,207,https://www.oddsportal.com/american-football/usa/nfl-2020-2021/los-angeles-chargers-carolina-panthers-Khav6EeA/
27 Sep 2020,Regular,0,Atlanta Falcons,Chicago Bears,26,30,-140,111,https://www.oddsportal.com/american-football/usa/nfl-2020-2021/atlanta-falcons-chicago-bears-SfnjGG3B/
27 Sep 2020,Regular,0,Buffalo Bills,Los Angeles Rams,35,32,-132,104,https://www.oddsportal.com/american-football/usa/nfl-2020-2021/buffalo-bills-los-angeles-rams-pWteFzJH/
27 Sep 2020,Regular,0,Cleveland Browns,Washington Commanders,34,20,-341,253,https://www.oddsportal.com/american-football/usa/nfl-2020-2021/cleveland-browns-washington-commanders-OMuaEfYN/
27 Sep 2020,Regular,0,Minnesota Vikings,Tennessee Titans,30,31,122,-154,https://www.oddsportal.com/american-football/usa/nfl-2020-2021/minnesota-vikings-tennessee-titans-Iqu3DEmU/
27 Sep 2020,Regular,0,New England Patriots,Las Vegas Raiders,36,20,-323,245,https://www.oddsportal.com/american-football/usa/nfl-2020-2021/new-england-patriots-las-vegas-raiders-hxWU8Yeo/
27 Sep 2020,Regular,0,New York Giants,San Francisco 49ers,9,36,130,-162,https://www.oddsportal.com/american-football/usa/nfl-2020-2021/new-york-giants-san-francisco-49ers-jD7N9ddo/
27 Sep 2020,Regular,0,Philadelphia Eagles,Cincinnati Bengals,23,23,-252,197,https://www.oddsportal.com/american-football/usa/nfl-2020-2021/philadelphia-eagles-cincinnati-bengals-U36R8GBi/
27 Sep 2020,Regular,0,Pittsburgh Steelers,Houston Texans,28,21,-207,165,https://www.oddsportal.com/american-football/usa/nfl-2020-2021/pittsburgh-steelers-houston-texans-bwBV7zRc/
24 Sep 2020,Regular,0,Jacksonville Jaguars,Miami Dolphins,13,31,-148,118,https://www.oddsportal.com/american-football/usa/nfl-2020-2021/jacksonville-jaguars-miami-dolphins-l4mnHdl5/
21 Sep 2020,Regular,0,Las Vegas Raiders,New Orleans Saints,34,24,168,-213,https://www.oddsportal.com/american-football/usa/nfl-2020-2021/las-vegas-raiders-new-orleans-saints-fslrIxZb/
20 Sep 2020,Regular,0,Seattle Seahawks,New England Patriots,35,30,-210,167,https://www.oddsportal.com/american-football/usa/nfl-2020-2021/seattle-seahawks-new-england-patriots-tvpvJIJh/
20 Sep 2020,Regular,0,Houston Texans,Baltimore Ravens,16,33,268,-361,https://www.oddsportal.com/american-football/usa/nfl-2020-2021/houston-texans-baltimore-ravens-bFfZJb4n/
20 Sep 2020,Regular,0,Los Angeles Chargers,Kansas City Chiefs,20,23,303,-417,https://www.oddsportal.com/american-football/usa/nfl-2020-2021/los-angeles-chargers-kansas-city-chiefs-KOeVKvkt/
20 Sep 2020,Regular,0,Arizona Cardinals,Washington Commanders,30,15,-345,258,https://www.oddsportal.com/american-football/usa/nfl-2020-2021/arizona-cardinals-washington-commanders-UaKPaeJU/
20 Sep 2020,Regular,0,Chicago Bears,New York Giants,17,13,-236,186,https://www.oddsportal.com/american-football/usa/nfl-2020-2021/chicago-bears-new-york-giants-YFFt04DD/
20 Sep 2020,Regular,0,Dallas Cowboys,Atlanta Falcons,40,39,-153,122,https://www.oddsportal.com/american-football/usa/nfl-2020-2021/dallas-cowboys-atlanta-falcons-zLgPOmjE/
20 Sep 2020,Regular,0,Green Bay Packers,Detroit Lions,42,21,-309,235,https://www.oddsportal.com/american-football/usa/nfl-2020-2021/green-bay-packers-detroit-lions-Wvyh7LKt/
20 Sep 2020,Regular,0,Indianapolis Colts,Minnesota Vikings,28,11,-183,148,https://www.oddsportal.com/american-football/usa/nfl-2020-2021/indianapolis-colts-minnesota-vikings-4hZa5akg/
20 Sep 2020,Regular,0,Miami Dolphins,Buffalo Bills,28,31,193,-246,https://www.oddsportal.com/american-football/usa/nfl-2020-2021/miami-dolphins-buffalo-bills-MTT44J4a/
20 Sep 2020,Regular,0,New York Jets,San Francisco 49ers,13,31,255,-341,https://www.oddsportal.com/american-football/usa/nfl-2020-2021/new-york-jets-san-francisco-49ers-0KS83wK5/
20 Sep 2020,Regular,0,Philadelphia Eagles,Los Angeles Rams,19,37,-131,103,https://www.oddsportal.com/american-football/usa/nfl-2020-2021/philadelphia-eagles-los-angeles-rams-fsSC2cZB/
20 Sep 2020,Regular,0,Tennessee Titans,Jacksonville Jaguars,33,30,-312,236,https://www.oddsportal.com/american-football/usa/nfl-2020-2021/tennessee-titans-jacksonville-jaguars-Q1zd6uzm/
20 Sep 2020,Regular,0,Pittsburgh Steelers,Denver Broncos,26,21,-283,217,https://www.oddsportal.com/american-football/usa/nfl-2020-2021/pittsburgh-steelers-denver-broncos-8pWG1HlI/
20 Sep 2020,Regular,0,Tampa Bay Buccaneers,Carolina Panthers,31,17,-380,278,https://www.oddsportal.com/american-football/usa/nfl-2020-2021/tampa-bay-buccaneers-carolina-panthers-j9LL0y4O/
17 Sep 2020,Regular,0,Cleveland Browns,Cincinnati Bengals,35,30,-246,195,https://www.oddsportal.com/american-football/usa/nfl-2020-2021/cleveland-browns-cincinnati-bengals-fPGx1pb7/
14 Sep 2020,Regular,0,Denver Broncos,Tennessee Titans,14,16,152,-189,https://www.oddsportal.com/american-football/usa/nfl-2020-2021/denver-broncos-tennessee-titans-QkCY1Qr1/
14 Sep 2020,Regular,0,New York Giants,Pittsburgh Steelers,16,26,210,-268,https://www.oddsportal.com/american-football/usa/nfl-2020-2021/new-york-giants-pittsburgh-steelers-naDU26Tf/
13 Sep 2020,Regular,0,Los Angeles Rams,Dallas Cowboys,20,17,-114,-111,https://www.oddsportal.com/american-football/usa/nfl-2020-2021/los-angeles-rams-dallas-cowboys-4zOP3nEl/
13 Sep 2020,Regular,0,New Orleans Saints,Tampa Bay Buccaneers,34,23,-199,160,https://www.oddsportal.com/american-football/usa/nfl-2020-2021/new-orleans-saints-tampa-bay-buccaneers-YiXg98jR/
13 Sep 2020,Regular,0,San Francisco 49ers,Arizona Cardinals,20,24,-306,233,https://www.oddsportal.com/american-football/usa/nfl-2020-2021/san-francisco-49ers-arizona-cardinals-jXJL4Sbr/
13 Sep 2020,Regular,0,Cincinnati Bengals,Los Angeles Chargers,13,16,114,-143,https://www.oddsportal.com/american-football/usa/nfl-2020-2021/cincinnati-bengals-los-angeles-chargers-f1YkAlyL/
13 Sep 2020,Regular,0,Atlanta Falcons,Seattle Seahawks,25,38,-118,-108,https://www.oddsportal.com/american-football/usa/nfl-2020-2021/atlanta-falcons-seattle-seahawks-YVeJdV6L/
13 Sep 2020,Regular,0,Baltimore Ravens,Cleveland Browns,38,6,-341,258,https://www.oddsportal.com/american-football/usa/nfl-2020-2021/baltimore-ravens-cleveland-browns-EkHhBULE/
13 Sep 2020,Regular,0,Buffalo Bills,New York Jets,27,17,-294,227,https://www.oddsportal.com/american-football/usa/nfl-2020-2021/buffalo-bills-new-york-jets-GfoOekMR/
13 Sep 2020,Regular,0,Carolina Panthers,Las Vegas Raiders,30,34,128,-160,https://www.oddsportal.com/american-football/usa/nfl-2020-2021/carolina-panthers-las-vegas-raiders-MeU6mRT7/
13 Sep 2020,Regular,0,Detroit Lions,Chicago Bears,23,27,-137,107,https://www.oddsportal.com/american-football/usa/nfl-2020-2021/detroit-lions-chicago-bears-I3Xki9Ur/
13 Sep 2020,Regular,0,Jacksonville Jaguars,Indianapolis Colts,27,20,261,-349,https://www.oddsportal.com/american-football/usa/nfl-2020-2021/jacksonville-jaguars-indianapolis-colts-zaIlCA68/
13 Sep 2020,Regular,0,Minnesota Vikings,Green Bay Packers,34,43,-128,101,https://www.oddsportal.com/american-football/usa/nfl-2020-2021/minnesota-vikings-green-bay-packers-nwxfjTqk/
13 Sep 2020,Regular,0,New England Patriots,Miami Dolphins,21,11,-375,278,https://www.oddsportal.com/american-football/usa/nfl-2020-2021/new-england-patriots-miami-dolphins-QTzbkmae/
13 Sep 2020,Regular,0,Washington Commanders,Philadelphia Eagles,27,17,201,-254,https://www.oddsportal.com/american-football/usa/nfl-2020-2021/washington-commanders-philadelphia-eagles-8hQ2l7E1/
10 Sep 2020,Regular,0,Kansas City Chiefs,Houston Texans,34,20,-429,316,https://www.oddsportal.com/american-football/usa/nfl-2020-2021/kansas-city-chiefs-houston-texans-MehFcBiF/
02 Feb 2020,Play Offs,0,Kansas City Chiefs,San Francisco 49ers,31,20,,,https://www.oddsportal.com/american-football/usa/nfl-2019-2020/kansas-city-chiefs-san-francisco-49ers-QNLis8yO/
26 Jan 2020,All Stars,0,AFC,NFC,38,33,,,https://www.oddsportal.com/american-football/usa/nfl-2019-2020/afc-nfc-OhIksAIi/
19 Jan 2020,Play Offs,0,San Francisco 49ers,Green Bay Packers,37,20,,,https://www.oddsportal.com/american-football/usa/nfl-2019-2020/san-francisco-49ers-green-bay-packers-GtrZWnvd/
19 Jan 2020,Play Offs,0,Kansas City Chiefs,Tennessee Titans,35,24,,,https://www.oddsportal.com/american-football/usa/nfl-2019-2020/kansas-city-chiefs-tennessee-titans-vsEiK9fj/
12 Jan 2020,Play Offs,0,Green Bay Packers,Seattle Seahawks,28,23,,,https://www.oddsportal.com/american-football/usa/nfl-2019-2020/green-bay-packers-seattle-seahawks-roosgBnl/
12 Jan 2020,Play Offs,0,Kansas City Chiefs,Houston Texans,51,31,,,https://www.oddsportal.com/american-football/usa/nfl-2019-2020/kansas-city-chiefs-houston-texans-O290ptxc/
11 Jan 2020,Play Offs,0,Baltimore Ravens,Tennessee Titans,12,28,,,https://www.oddsportal.com/american-football/usa/nfl-2019-2020/baltimore-ravens-tennessee-titans-2g84q0i3/
11 Jan 2020,Play Offs,0,San Francisco 49ers,Minnesota Vikings,27,10,,,https://www.oddsportal.com/american-football/usa/nfl-2019-2020/san-francisco-49ers-minnesota-vikings-x8pohV1f/
05 Jan 2020,Play Offs,0,Philadelphia Eagles,Seattle Seahawks,9,17,,,https://www.oddsportal.com/american-football/usa/nfl-2019-2020/philadelphia-eagles-seattle-seahawks-xplww60k/
05 Jan 2020,Play Offs,0,New Orleans Saints,Minnesota Vikings,20,26,,,https://www.oddsportal.com/american-football/usa/nfl-2019-2020/new-orleans-saints-minnesota-vikings-6JhsxQFe/
04 Jan 2020,Play Offs,0,New England Patriots,Tennessee Titans,13,20,,,https://www.oddsportal.com/american-football/usa/nfl-2019-2020/new-england-patriots-tennessee-titans-hCC6rSxS/
04 Jan 2020,Play Offs,0,Houston Texans,Buffalo Bills,22,19,,,https://www.oddsportal.com/american-football/usa/nfl-2019-2020/houston-texans-buffalo-bills-bgkZwnoq/
29 Dec 2019,Regular,0,Seattle Seahawks,San Francisco 49ers,21,26,151,-182,https://www.oddsportal.com/american-football/usa/nfl-2019-2020/seattle-seahawks-san-francisco-49ers-OUqLOrG4/
29 Dec 2019,Regular,0,Baltimore Ravens,Pittsburgh Steelers,28,10,105,-129,https://www.oddsportal.com/american-football/usa/nfl-2019-2020/baltimore-ravens-pittsburgh-steelers-6VAIAezP/
29 Dec 2019,Regular,0,Dallas Cowboys,Washington Commanders,47,16,-668,453,https://www.oddsportal.com/american-football/usa/nfl-2019-2020/dallas-cowboys-washington-commanders-QZsqRGK5/
29 Dec 2019,Regular,0,Denver Broncos,Las Vegas Raiders,16,15,-228,182,https://www.oddsportal.com/american-football/usa/nfl-2019-2020/denver-broncos-las-vegas-raiders-S2jCQ4oh/
29 Dec 2019,Regular,0,Houston Texans,Tennessee Titans,14,35,346,-477,https://www.oddsportal.com/american-football/usa/nfl-2019-2020/houston-texans-tennessee-titans-KYzhPfkI/
29 Dec 2019,Regular,0,Jacksonville Jaguars,Indianapolis Colts,38,20,194,-242,https://www.oddsportal.com/american-football/usa/nfl-2019-2020/jacksonville-jaguars-indianapolis-colts-EezdOE4O/
29 Dec 2019,Regular,0,Los Angeles Rams,Arizona Cardinals,31,24,-312,240,https://www.oddsportal.com/american-football/usa/nfl-2019-2020/los-angeles-rams-arizona-cardinals-t6fGPO0b/
29 Dec 2019,Regular,0,New York Giants,Philadelphia Eagles,17,34,169,-208,https://www.oddsportal.com/american-football/usa/nfl-2019-2020/new-york-giants-philadelphia-eagles-vJuXTIzm/
29 Dec 2019,Regular,0,Buffalo Bills,New York Jets,6,13,-104,-119,https://www.oddsportal.com/american-football/usa/nfl-2019-2020/buffalo-bills-new-york-jets-KYb0ZvDP/
29 Dec 2019,Regular,0,Carolina Panthers,New Orleans Saints,10,42,571,-938,https://www.oddsportal.com/american-football/usa/nfl-2019-2020/carolina-panthers-new-orleans-saints-I9vyTxjg/
29 Dec 2019,Regular,0,Cincinnati Bengals,Cleveland Browns,33,23,122,-150,https://www.oddsportal.com/american-football/usa/nfl-2019-2020/cincinnati-bengals-cleveland-browns-nqquSd5a/
29 Dec 2019,Regular,0,Detroit Lions,Green Bay Packers,20,23,541,-835,https://www.oddsportal.com/american-football/usa/nfl-2019-2020/detroit-lions-green-bay-packers-8bXmQzzC/
29 Dec 2019,Regular,0,Kansas City Chiefs,Los Angeles Chargers,31,21,-462,339,https://www.oddsportal.com/american-football/usa/nfl-2019-2020/kansas-city-chiefs-los-angeles-chargers-hnZaNYJU/
29 Dec 2019,Regular,0,Minnesota Vikings,Chicago Bears,19,21,187,-236,https://www.oddsportal.com/american-football/usa/nfl-2019-2020/minnesota-vikings-chicago-bears-fkh4SQGu/
29 Dec 2019,Regular,0,New England Patriots,Miami Dolphins,24,27,-1583,805,https://www.oddsportal.com/american-football/usa/nfl-2019-2020/new-england-patriots-miami-dolphins-Yui8RpWo/
29 Dec 2019,Regular,0,Tampa Bay Buccaneers,Atlanta Falcons,22,28,-118,-104,https://www.oddsportal.com/american-football/usa/nfl-2019-2020/tampa-bay-buccaneers-atlanta-falcons-dfjSUbLt/
23 Dec 2019,Regular,0,Minnesota Vikings,Green Bay Packers,10,23,-212,171,https://www.oddsportal.com/american-football/usa/nfl-2019-2020/minnesota-vikings-green-bay-packers-SvCEByLI/
22 Dec 2019,Regular,0,Chicago Bears,Kansas City Chiefs,3,26,244,-312,https://www.oddsportal.com/american-football/usa/nfl-2019-2020/chicago-bears-kansas-city-chiefs-nTfHCH5C/
22 Dec 2019,Regular,0,Philadelphia Eagles,Dallas Cowboys,17,9,111,-136,https://www.oddsportal.com/american-football/usa/nfl-2019-2020/philadelphia-eagles-dallas-cowboys-8xdDDcj6/
22 Dec 2019,Regular,0,Seattle Seahawks,Arizona Cardinals,13,27,-406,302,https://www.oddsportal.com/american-football/usa/nfl-2019-2020/seattle-seahawks-arizona-cardinals-EFd9Ewy0/
22 Dec 2019,Regular,0,Denver Broncos,Detroit Lions,27,17,-385,293,https://www.oddsportal.com/american-football/usa/nfl-2019-2020/denver-broncos-detroit-lions-pMPJ3MMs/
22 Dec 2019,Regular,0,Los Angeles Chargers,Las Vegas Raiders,17,24,-357,273,https://www.oddsportal.com/american-football/usa/nfl-2019-2020/los-angeles-chargers-las-vegas-raiders-vqPN2txl/
22 Dec 2019,Regular,0,Atlanta Falcons,Jacksonville Jaguars,24,12,-349,266,https://www.oddsportal.com/american-football/usa/nfl-2019-2020/atlanta-falcons-jacksonville-jaguars-n5CULLrQ/
22 Dec 2019,Regular,0,Cleveland Browns,Baltimore Ravens,15,31,338,-462,https://www.oddsportal.com/american-football/usa/nfl-2019-2020/cleveland-browns-baltimore-ravens-vc4dHuis/
22 Dec 2019,Regular,0,Indianapolis Colts,Carolina Panthers,38,6,-330,251,https://www.oddsportal.com/american-football/usa/nfl-2019-2020/indianapolis-colts-carolina-panthers-Im30Ga6m/
22 Dec 2019,Regular,0,Miami Dolphins,Cincinnati Bengals,38,35,107,-131,https://www.oddsportal.com/american-football/usa/nfl-2019-2020/miami-dolphins-cincinnati-bengals-0Ch5FJLg/
22 Dec 2019,Regular,0,New York Jets,Pittsburgh Steelers,16,10,151,-184,https://www.oddsportal.com/american-football/usa/nfl-2019-2020/new-york-jets-pittsburgh-steelers-E1Hz0vM6/
22 Dec 2019,Regular,0,Tennessee Titans,New Orleans Saints,28,38,153,-184,https://www.oddsportal.com/american-football/usa/nfl-2019-2020/tennessee-titans-new-orleans-saints-zBIW0K60/
22 Dec 2019,Regular,0,Washington Commanders,New York Giants,35,41,101,-124,https://www.oddsportal.com/american-football/usa/nfl-2019-2020/washington-commanders-new-york-giants-IZNR10if/
21 Dec 2019,Regular,0,San Francisco 49ers,Los Angeles Rams,34,31,-341,259,https://www.oddsportal.com/american-football/usa/nfl-2019-2020/san-francisco-49ers-los-angeles-rams-69ZsbIjJ/
21 Dec 2019,Regular,0,New England Patriots,Buffalo Bills,24,17,-330,253,https://www.oddsportal.com/american-football/usa/nfl-2019-2020/new-england-patriots-buffalo-bills-8OGvabyD/
21 Dec 2019,Regular,0,Tampa Bay Buccaneers,Houston Texans,20,23,129,-158,https://www.oddsportal.com/american-football/usa/nfl-2019-2020/tampa-bay-buccaneers-houston-texans-8EDQM1TJ/
16 Dec 2019,Regular,0,New Orleans Saints,Indianapolis Colts,34,7,-395,299,https://www.oddsportal.com/american-football/usa/nfl-2019-2020/new-orleans-saints-indianapolis-colts-80Yi82EQ/
15 Dec 2019,Regular,0,Pittsburgh Steelers,Buffalo Bills,10,17,-117,-105,https://www.oddsportal.com/american-football/usa/nfl-2019-2020/pittsburgh-steelers-buffalo-bills-Opl49ig3/
15 Dec 2019,Regular,0,Dallas Cowboys,Los Angeles Rams,44,21,-109,-114,https://www.oddsportal.com/american-football/usa/nfl-2019-2020/dallas-cowboys-los-angeles-rams-nopqAOqE/
15 Dec 2019,Regular,0,San Francisco 49ers,Atlanta Falcons,22,29,-484,350,https://www.oddsportal.com/american-football/usa/nfl-2019-2020/san-francisco-49ers-atlanta-falcons-Kvd1ou7D/
15 Dec 2019,Regular,0,Arizona Cardinals,Cleveland Browns,38,24,134,-163,https://www.oddsportal.com/american-football/usa/nfl-2019-2020/arizona-cardinals-cleveland-browns-tlccnLi7/
15 Dec 2019,Regular,0,Las Vegas Raiders,Jacksonville Jaguars,16,20,-316,243,https://www.oddsportal.com/american-football/usa/nfl-2019-2020/las-vegas-raiders-jacksonville-jaguars-bP7hm1x1/
15 Dec 2019,Regular,0,Los Angeles Chargers,Minnesota Vikings,10,39,102,-126,https://www.oddsportal.com/american-football/usa/nfl-2019-2020/los-angeles-chargers-minnesota-vikings-Qyqm9raK/
15 Dec 2019,Regular,0,Carolina Panthers,Seattle Seahawks,24,30,209,-265,https://www.oddsportal.com/american-football/usa/nfl-2019-2020/carolina-panthers-seattle-seahawks-WE7DnUoj/
15 Dec 2019,Regular,0,Cincinnati Bengals,New England Patriots,13,34,415,-577,https://www.oddsportal.com/american-football/usa/nfl-2019-2020/cincinnati-bengals-new-england-patriots-C85tj3hr/
15 Dec 2019,Regular,0,Detroit Lions,Tampa Bay Buccaneers,17,38,205,-259,https://www.oddsportal.com/american-football/usa/nfl-2019-2020/detroit-lions-tampa-bay-buccaneers-ja4pkN7l/
15 Dec 2019,Regular,0,Green Bay Packers,Chicago Bears,21,13,-225,178,https://www.oddsportal.com/american-football/usa/nfl-2019-2020/green-bay-packers-chicago-bears-pM3llsNf/
15 Dec 2019,Regular,0,Kansas City Chiefs,Denver Broncos,23,3,-484,348,https://www.oddsportal.com/american-football/usa/nfl-2019-2020/kansas-city-chiefs-denver-broncos-dbnC7VNF/
15 Dec 2019,Regular,0,New York Giants,Miami Dolphins,36,20,-188,155,https://www.oddsportal.com/american-football/usa/nfl-2019-2020/new-york-giants-miami-dolphins-I7m88B89/
15 Dec 2019,Regular,0,Tennessee Titans,Houston Texans,21,24,-173,143,https://www.oddsportal.com/american-football/usa/nfl-2019-2020/tennessee-titans-houston-texans-CAp0AXwc/
15 Dec 2019,Regular,0,Washington Commanders,Philadelphia Eagles,27,37,248,-326,https://www.oddsportal.com/american-football/usa/nfl-2019-2020/washington-commanders-philadelphia-eagles-A56Hol1d/
12 Dec 2019,Regular,0,Baltimore Ravens,New York Jets,42,21,-1432,769,https://www.oddsportal.com/american-football/usa/nfl-2019-2020/baltimore-ravens-new-york-jets-2u39mAWq/
09 Dec 2019,Regular,0,Philadelphia Eagles,New York Giants,23,17,-455,331,https://www.oddsportal.com/american-football/usa/nfl-2019-2020/philadelphia-eagles-new-york-giants-0WGshjOS/
08 Dec 2019,Regular,0,Los Angeles Rams,Seattle Seahawks,28,12,-120,-103,https://www.oddsportal.com/american-football/usa/nfl-2019-2020/los-angeles-rams-seattle-seahawks-I7RxgW8M/
08 Dec 2019,Regular,0,Arizona Cardinals,Pittsburgh Steelers,17,23,107,-132,https://www.oddsportal.com/american-football/usa/nfl-2019-2020/arizona-cardinals-pittsburgh-steelers-WjPQeYO3/
08 Dec 2019,Regular,0,Las Vegas Raiders,Tennessee Titans,21,42,128,-157,https://www.oddsportal.com/american-football/usa/nfl-2019-2020/las-vegas-raiders-tennessee-titans-AsOUfhvA/
08 Dec 2019,Regular,0,New England Patriots,Kansas City Chiefs,16,23,-160,133,https://www.oddsportal.com/american-football/usa/nfl-2019-2020/new-england-patriots-kansas-city-chiefs-44NYgCgG/
08 Dec 2019,Regular,0,Jacksonville Jaguars,Los Angeles Chargers,10,45,151,-184,https://www.oddsportal.com/american-football/usa/nfl-2019-2020/jacksonville-jaguars-los-angeles-chargers-4UhUdE9c/
08 Dec 2019,Regular,0,Atlanta Falcons,Carolina Panthers,40,20,-192,158,https://www.oddsportal.com/american-football/usa/nfl-2019-2020/atlanta-falcons-carolina-panthers-CzUjqeub/
08 Dec 2019,Regular,0,Buffalo Bills,Baltimore Ravens,17,24,219,-281,https://www.oddsportal.com/american-football/usa/nfl-2019-2020/buffalo-bills-baltimore-ravens-bX1vzi2p/
08 Dec 2019,Regular,0,Cleveland Browns,Cincinnati Bengals,27,19,-291,229,https://www.oddsportal.com/american-football/usa/nfl-2019-2020/cleveland-browns-cincinnati-bengals-Cz6rZAHj/
08 Dec 2019,Regular,0,Green Bay Packers,Washington Commanders,20,15,-938,587,https://www.oddsportal.com/american-football/usa/nfl-2019-2020/green-bay-packers-washington-commanders-QwfQcffi/
08 Dec 2019,Regular,0,Houston Texans,Denver Broncos,24,38,-400,304,https://www.oddsportal.com/american-football/usa/nfl-2019-2020/houston-texans-denver-broncos-hjPBvXgT/
08 Dec 2019,Regular,0,Minnesota Vikings,Detroit Lions,20,7,-653,448,https://www.oddsportal.com/american-football/usa/nfl-2019-2020/minnesota-vikings-detroit-lions-EaQ7uDvN/
08 Dec 2019,Regular,0,New Orleans Saints,San Francisco 49ers,46,48,-123,100,https://www.oddsportal.com/american-football/usa/nfl-2019-2020/new-orleans-saints-san-francisco-49ers-pQL3tgPG/
08 Dec 2019,Regular,0,New York Jets,Miami Dolphins,22,21,-229,183,https://www.oddsportal.com/american-football/usa/nfl-2019-2020/new-york-jets-miami-dolphins-6ZMasZ9A/
08 Dec 2019,Regular,0,Tampa Bay Buccaneers,Indianapolis Colts,38,35,-173,142,https://www.oddsportal.com/american-football/usa/nfl-2019-2020/tampa-bay-buccaneers-indianapolis-colts-OAXfrFf4/
05 Dec 2019,Regular,0,Chicago Bears,Dallas Cowboys,31,24,139,-169,https://www.oddsportal.com/american-football/usa/nfl-2019-2020/chicago-bears-dallas-cowboys-IDUnpyQi/
02 Dec 2019,Regular,0,Seattle Seahawks,Minnesota Vikings,37,30,-155,128,https://www.oddsportal.com/american-football/usa/nfl-2019-2020/seattle-seahawks-minnesota-vikings-vNVroHAo/
01 Dec 2019,Regular,0,Houston Texans,New England Patriots,28,22,153,-188,https://www.oddsportal.com/american-football/usa/nfl-2019-2020/houston-texans-new-england-patriots-25n0MXXp/
01 Dec 2019,Regular,0,Denver Broncos,Los Angeles Chargers,23,20,180,-228,https://www.oddsportal.com/american-football/usa/nfl-2019-2020/denver-broncos-los-angeles-chargers-0d0YQDPT/
01 Dec 2019,Regular,0,Kansas City Chiefs,Las Vegas Raiders,40,9,-589,416,https://www.oddsportal.com/american-football/usa/nfl-2019-2020/kansas-city-chiefs-las-vegas-raiders-A77LTFuB/
01 Dec 2019,Regular,0,Arizona Cardinals,Los Angeles Rams,7,34,115,-140,https://www.oddsportal.com/american-football/usa/nfl-2019-2020/arizona-cardinals-los-angeles-rams-hWdQSZfH/
01 Dec 2019,Regular,0,Baltimore Ravens,San Francisco 49ers,20,17,-254,203,https://www.oddsportal.com/american-football/usa/nfl-2019-2020/baltimore-ravens-san-francisco-49ers-2yL4Xctn/
01 Dec 2019,Regular,0,Carolina Panthers,Washington Commanders,21,29,-601,421,https://www.oddsportal.com/american-football/usa/nfl-2019-2020/carolina-panthers-washington-commanders-lYG0YwRu/
01 Dec 2019,Regular,0,Cincinnati Bengals,New York Jets,22,6,113,-138,https://www.oddsportal.com/american-football/usa/nfl-2019-2020/cincinnati-bengals-new-york-jets-CCueDfeU/
01 Dec 2019,Regular,0,Indianapolis Colts,Tennessee Titans,17,31,-104,-118,https://www.oddsportal.com/american-football/usa/nfl-2019-2020/indianapolis-colts-tennessee-titans-YLtiEztO/
01 Dec 2019,Regular,0,Jacksonville Jaguars,Tampa Bay Buccaneers,11,28,130,-160,https://www.oddsportal.com/american-football/usa/nfl-2019-2020/jacksonville-jaguars-tampa-bay-buccaneers-p0A9WHeh/
01 Dec 2019,Regular,0,Miami Dolphins,Philadelphia Eagles,37,31,384,-536,https://www.oddsportal.com/american-football/usa/nfl-2019-2020/miami-dolphins-philadelphia-eagles-WG8HUeQ4/
01 Dec 2019,Regular,0,New York Giants,Green Bay Packers,13,31,236,-303,https://www.oddsportal.com/american-football/usa/nfl-2019-2020/new-york-giants-green-bay-packers-Oj9DVyBb/
01 Dec 2019,Regular,0,Pittsburgh Steelers,Cleveland Browns,20,13,-105,-117,https://www.oddsportal.com/american-football/usa/nfl-2019-2020/pittsburgh-steelers-cleveland-browns-6Z0URgAN/
28 Nov 2019,Regular,0,Atlanta Falcons,New Orleans Saints,18,26,274,-362,https://www.oddsportal.com/american-football/usa/nfl-2019-2020/atlanta-falcons-new-orleans-saints-GpnnFGQH/
28 Nov 2019,Regular,0,Dallas Cowboys,Buffalo Bills,15,26,-303,233,https://www.oddsportal.com/american-football/usa/nfl-2019-2020/dallas-cowboys-buffalo-bills-xfmrGdBB/
28 Nov 2019,Regular,0,Detroit Lions,Chicago Bears,20,24,202,-254,https://www.oddsportal.com/american-football/usa/nfl-2019-2020/detroit-lions-chicago-bears-rXmvHxd5/
25 Nov 2019,Regular,0,Los Angeles Rams,Baltimore Ravens,6,45,142,-174,https://www.oddsportal.com/american-football/usa/nfl-2019-2020/los-angeles-rams-baltimore-ravens-pnVzIIta/
24 Nov 2019,Regular,0,San Francisco 49ers,Green Bay Packers,37,8,-176,146,https://www.oddsportal.com/american-football/usa/nfl-2019-2020/san-francisco-49ers-green-bay-packers-OWtSJvCn/
24 Nov 2019,Regular,0,New England Patriots,Dallas Cowboys,13,9,-252,201,https://www.oddsportal.com/american-football/usa/nfl-2019-2020/new-england-patriots-dallas-cowboys-fcxOKKdt/
24 Nov 2019,Regular,0,Tennessee Titans,Jacksonville Jaguars,42,20,-226,181,https://www.oddsportal.com/american-football/usa/nfl-2019-2020/tennessee-titans-jacksonville-jaguars-IXEfxmSD/
24 Nov 2019,Regular,0,Buffalo Bills,Denver Broncos,20,3,-211,170,https://www.oddsportal.com/american-football/usa/nfl-2019-2020/buffalo-bills-denver-broncos-vRRSNmDK/
24 Nov 2019,Regular,0,Chicago Bears,New York Giants,19,14,-270,212,https://www.oddsportal.com/american-football/usa/nfl-2019-2020/chicago-bears-new-york-giants-hUVWM7SQ/
24 Nov 2019,Regular,0,Cincinnati Bengals,Pittsburgh Steelers,10,16,210,-268,https://www.oddsportal.com/american-football/usa/nfl-2019-2020/cincinnati-bengals-pittsburgh-steelers-A9IbIRzr/
24 Nov 2019,Regular,0,Cleveland Browns,Miami Dolphins,41,24,-566,406,https://www.oddsportal.com/american-football/usa/nfl-2019-2020/cleveland-browns-miami-dolphins-l0H2Hojl/
24 Nov 2019,Regular,0,Atlanta Falcons,Tampa Bay Buccaneers,22,35,-184,152,https://www.oddsportal.com/american-football/usa/nfl-2019-2020/atlanta-falcons-tampa-bay-buccaneers-UBYaG55f/
24 Nov 2019,Regular,0,New Orleans Saints,Carolina Panthers,34,31,-492,361,https://www.oddsportal.com/american-football/usa/nfl-2019-2020/new-orleans-saints-carolina-panthers-82X3FPK0/
24 Nov 2019,Regular,0,New York Jets,Las Vegas Raiders,34,3,156,-190,https://www.oddsportal.com/american-football/usa/nfl-2019-2020/new-york-jets-las-vegas-raiders-GSzCD3kD/
24 Nov 2019,Regular,0,Philadelphia Eagles,Seattle Seahawks,9,17,102,-125,https://www.oddsportal.com/american-football/usa/nfl-2019-2020/philadelphia-eagles-seattle-seahawks-2NuWIbRh/
24 Nov 2019,Regular,0,Washington Commanders,Detroit Lions,19,16,167,-207,https://www.oddsportal.com/american-football/usa/nfl-2019-2020/washington-commanders-detroit-lions-2PW7Eqz7/
21 Nov 2019,Regular,0,Houston Texans,Indianapolis Colts,20,17,-207,168,https://www.oddsportal.com/american-football/usa/nfl-2019-2020/houston-texans-indianapolis-colts-d2xOOTcE/
18 Nov 2019,Regular,1,Los Angeles Chargers,Kansas City Chiefs,17,24,201,-252,https://www.oddsportal.com/american-football/usa/nfl-2019-2020/los-angeles-chargers-kansas-city-chiefs-IBwKP9r8/
17 Nov 2019,Regular,0,Los Angeles Rams,Chicago Bears,17,7,-250,198,https://www.oddsportal.com/american-football/usa/nfl-2019-2020/los-angeles-rams-chicago-bears-Uepx1Q57/
17 Nov 2019,Regular,0,Las Vegas Raiders,Cincinnati Bengals,17,10,-750,496,https://www.oddsportal.com/american-football/usa/nfl-2019-2020/las-vegas-raiders-cincinnati-bengals-8tdT2nye/
17 Nov 2019,Regular,0,Philadelphia Eagles,New England Patriots,10,17,173,-217,https://www.oddsportal.com/american-football/usa/nfl-2019-2020/philadelphia-eagles-new-england-patriots-j5oY16j1/
17 Nov 2019,Regular,0,San Francisco 49ers,Arizona Cardinals,36,26,-484,349,https://www.oddsportal.com/american-football/usa/nfl-2019-2020/san-francisco-49ers-arizona-cardinals-d6hP3SLl/
17 Nov 2019,Regular,0,Baltimore Ravens,Houston Texans,41,7,-234,187,https://www.oddsportal.com/american-football/usa/nfl-2019-2020/baltimore-ravens-houston-texans-48DpBATE/
17 Nov 2019,Regular,0,Carolina Panthers,Atlanta Falcons,3,29,-207,164,https://www.oddsportal.com/american-football/usa/nfl-2019-2020/carolina-panthers-atlanta-falcons-EJph5Kud/
17 Nov 2019,Regular,0,Detroit Lions,Dallas Cowboys,27,35,267,-357,https://www.oddsportal.com/american-football/usa/nfl-2019-2020/detroit-lions-dallas-cowboys-hAqd4ve2/
17 Nov 2019,Regular,0,Indianapolis Colts,Jacksonville Jaguars,33,13,-140,115,https://www.oddsportal.com/american-football/usa/nfl-2019-2020/indianapolis-colts-jacksonville-jaguars-drAxDWb2/
17 Nov 2019,Regular,0,Miami Dolphins,Buffalo Bills,20,37,270,-357,https://www.oddsportal.com/american-football/usa/nfl-2019-2020/miami-dolphins-buffalo-bills-AoEtCjE8/
17 Nov 2019,Regular,0,Minnesota Vikings,Denver Broncos,27,23,-492,357,https://www.oddsportal.com/american-football/usa/nfl-2019-2020/minnesota-vikings-denver-broncos-raClAUrL/
17 Nov 2019,Regular,0,Tampa Bay Buccaneers,New Orleans Saints,17,34,182,-229,https://www.oddsportal.com/american-football/usa/nfl-2019-2020/tampa-bay-buccaneers-new-orleans-saints-2qgL486r/
17 Nov 2019,Regular,0,Washington Commanders,New York Jets,17,34,-127,104,https://www.oddsportal.com/american-football/usa/nfl-2019-2020/washington-commanders-new-york-jets-0z7g9lbR/
14 Nov 2019,Regular,0,Cleveland Browns,Pittsburgh Steelers,21,7,-163,133,https://www.oddsportal.com/american-football/usa/nfl-2019-2020/cleveland-browns-pittsburgh-steelers-KrWl60Qk/
11 Nov 2019,Regular,0,San Francisco 49ers,Seattle Seahawks,24,27,-266,205,https://www.oddsportal.com/american-football/usa/nfl-2019-2020/san-francisco-49ers-seattle-seahawks-thXp7tBq/
10 Nov 2019,Regular,0,Dallas Cowboys,Minnesota Vikings,24,28,-183,150,https://www.oddsportal.com/american-football/usa/nfl-2019-2020/dallas-cowboys-minnesota-vikings-zBfIBM2S/
10 Nov 2019,Regular,0,Green Bay Packers,Carolina Panthers,24,16,-236,187,https://www.oddsportal.com/american-football/usa/nfl-2019-2020/green-bay-packers-carolina-panthers-pQH6gNtp/
10 Nov 2019,Regular,0,Pittsburgh Steelers,Los Angeles Rams,17,12,184,-231,https://www.oddsportal.com/american-football/usa/nfl-2019-2020/pittsburgh-steelers-los-angeles-rams-M7jEC2mM/
10 Nov 2019,Regular,0,Indianapolis Colts,Miami Dolphins,12,16,-601,426,https://www.oddsportal.com/american-football/usa/nfl-2019-2020/indianapolis-colts-miami-dolphins-SpiADrYF/
10 Nov 2019,Regular,0,Chicago Bears,Detroit Lions,20,13,-294,228,https://www.oddsportal.com/american-football/usa/nfl-2019-2020/chicago-bears-detroit-lions-vPAFi1Bd/
10 Nov 2019,Regular,0,Cincinnati Bengals,Baltimore Ravens,13,49,415,-589,https://www.oddsportal.com/american-football/usa/nfl-2019-2020/cincinnati-bengals-baltimore-ravens-EsRzaqJM/
10 Nov 2019,Regular,0,Cleveland Browns,Buffalo Bills,19,16,-163,134,https://www.oddsportal.com/american-football/usa/nfl-2019-2020/cleveland-browns-buffalo-bills-rHVvb3YS/
10 Nov 2019,Regular,0,New Orleans Saints,Atlanta Falcons,9,26,-909,564,https://www.oddsportal.com/american-football/usa/nfl-2019-2020/new-orleans-saints-atlanta-falcons-Sl7Bhsdj/
10 Nov 2019,Regular,0,New York Jets,New York Giants,34,27,128,-156,https://www.oddsportal.com/american-football/usa/nfl-2019-2020/new-york-jets-new-york-giants-hSbcGplc/
10 Nov 2019,Regular,0,Tampa Bay Buccaneers,Arizona Cardinals,30,27,-252,202,https://www.oddsportal.com/american-football/usa/nfl-2019-2020/tampa-bay-buccaneers-arizona-cardinals-lfh6EOI9/
10 Nov 2019,Regular,0,Tennessee Titans,Kansas City Chiefs,35,32,198,-251,https://www.oddsportal.com/american-football/usa/nfl-2019-2020/tennessee-titans-kansas-city-chiefs-WIc1F433/
07 Nov 2019,Regular,0,Las Vegas Raiders,Los Angeles Chargers,26,24,-101,-122,https://www.oddsportal.com/american-football/usa/nfl-2019-2020/las-vegas-raiders-los-angeles-chargers-ziSWaP3G/
04 Nov 2019,Regular,0,New York Giants,Dallas Cowboys,18,37,234,-303,https://www.oddsportal.com/american-football/usa/nfl-2019-2020/new-york-giants-dallas-cowboys-hSxS05lA/
03 Nov 2019,Regular,0,Baltimore Ravens,New England Patriots,37,20,137,-167,https://www.oddsportal.com/american-football/usa/nfl-2019-2020/baltimore-ravens-new-england-patriots-vPYN1oZ3/
03 Nov 2019,Regular,0,Denver Broncos,Cleveland Browns,24,19,165,-203,https://www.oddsportal.com/american-football/usa/nfl-2019-2020/denver-broncos-cleveland-browns-p2ZJ2RJc/
03 Nov 2019,Regular,0,Los Angeles Chargers,Green Bay Packers,26,11,171,-213,https://www.oddsportal.com/american-football/usa/nfl-2019-2020/los-angeles-chargers-green-bay-packers-6BzG374i/
03 Nov 2019,Regular,0,Las Vegas Raiders,Detroit Lions,31,24,-148,120,https://www.oddsportal.com/american-football/usa/nfl-2019-2020/las-vegas-raiders-detroit-lions-6JUvuORj/
03 Nov 2019,Regular,0,Seattle Seahawks,Tampa Bay Buccaneers,40,34,-214,170,https://www.oddsportal.com/american-football/usa/nfl-2019-2020/seattle-seahawks-tampa-bay-buccaneers-SSVzt4Cp/
03 Nov 2019,Regular,0,Buffalo Bills,Washington Commanders,24,9,-577,409,https://www.oddsportal.com/american-football/usa/nfl-2019-2020/buffalo-bills-washington-commanders-zX77cWsI/
03 Nov 2019,Regular,0,Carolina Panthers,Tennessee Titans,30,20,-189,154,https://www.oddsportal.com/american-football/usa/nfl-2019-2020/carolina-panthers-tennessee-titans-MT33bCSB/
03 Nov 2019,Regular,0,Kansas City Chiefs,Minnesota Vikings,26,23,193,-244,https://www.oddsportal.com/american-football/usa/nfl-2019-2020/kansas-city-chiefs-minnesota-vikings-v5EbahD5/
03 Nov 2019,Regular,0,Miami Dolphins,New York Jets,26,18,152,-185,https://www.oddsportal.com/american-football/usa/nfl-2019-2020/miami-dolphins-new-york-jets-0EFf0Yca/
03 Nov 2019,Regular,0,Philadelphia Eagles,Chicago Bears,22,14,-240,192,https://www.oddsportal.com/american-football/usa/nfl-2019-2020/philadelphia-eagles-chicago-bears-hlCn2fTn/
03 Nov 2019,Regular,0,Pittsburgh Steelers,Indianapolis Colts,26,24,-124,102,https://www.oddsportal.com/american-football/usa/nfl-2019-2020/pittsburgh-steelers-indianapolis-colts-WvBj1Erg/
03 Nov 2019,Regular,0,Jacksonville Jaguars,Houston Texans,3,26,-119,-102,https://www.oddsportal.com/american-football/usa/nfl-2019-2020/jacksonville-jaguars-houston-texans-APMs3zEt/
31 Oct 2019,Regular,0,Arizona Cardinals,San Francisco 49ers,25,28,382,-537,https://www.oddsportal.com/american-football/usa/nfl-2019-2020/arizona-cardinals-san-francisco-49ers-lMGG7G5P/
28 Oct 2019,Regular,0,Pittsburgh Steelers,Miami Dolphins,27,14,-912,560,https://www.oddsportal.com/american-football/usa/nfl-2019-2020/pittsburgh-steelers-miami-dolphins-zJSYrXSO/
27 Oct 2019,Regular,0,Kansas City Chiefs,Green Bay Packers,24,31,186,-238,https://www.oddsportal.com/american-football/usa/nfl-2019-2020/kansas-city-chiefs-green-bay-packers-dSTUqDDI/
27 Oct 2019,Regular,0,Houston Texans,Las Vegas Raiders,27,24,-235,184,https://www.oddsportal.com/american-football/usa/nfl-2019-2020/houston-texans-las-vegas-raiders-hzXDmeEg/
27 Oct 2019,Regular,0,New England Patriots,Cleveland Browns,27,13,-436,322,https://www.oddsportal.com/american-football/usa/nfl-2019-2020/new-england-patriots-cleveland-browns-00zMoZr6/
27 Oct 2019,Regular,0,San Francisco 49ers,Carolina Panthers,51,13,-210,167,https://www.oddsportal.com/american-football/usa/nfl-2019-2020/san-francisco-49ers-carolina-panthers-6wyInFTa/
27 Oct 2019,Regular,0,Atlanta Falcons,Seattle Seahawks,20,27,261,-345,https://www.oddsportal.com/american-football/usa/nfl-2019-2020/atlanta-falcons-seattle-seahawks-YPGvZea0/
27 Oct 2019,Regular,0,Buffalo Bills,Philadelphia Eagles,13,31,-114,-108,https://www.oddsportal.com/american-football/usa/nfl-2019-2020/buffalo-bills-philadelphia-eagles-0xdwfcyQ/
27 Oct 2019,Regular,0,Chicago Bears,Los Angeles Chargers,16,17,-190,153,https://www.oddsportal.com/american-football/usa/nfl-2019-2020/chicago-bears-los-angeles-chargers-WKr5kHqs/
27 Oct 2019,Regular,0,Detroit Lions,New York Giants,31,26,-278,213,https://www.oddsportal.com/american-football/usa/nfl-2019-2020/detroit-lions-new-york-giants-ABs9lyam/
27 Oct 2019,Regular,0,Indianapolis Colts,Denver Broncos,15,13,-250,194,https://www.oddsportal.com/american-football/usa/nfl-2019-2020/indianapolis-colts-denver-broncos-viZPpgbC/
27 Oct 2019,Regular,0,Jacksonville Jaguars,New York Jets,29,15,-345,257,https://www.oddsportal.com/american-football/usa/nfl-2019-2020/jacksonville-jaguars-new-york-jets-MocZfwMJ/
27 Oct 2019,Regular,0,Los Angeles Rams,Cincinnati Bengals,24,10,-645,442,https://www.oddsportal.com/american-football/usa/nfl-2019-2020/los-angeles-rams-cincinnati-bengals-KtJjWgqJ/
27 Oct 2019,Regular,0,New Orleans Saints,Arizona Cardinals,31,9,-716,478,https://www.oddsportal.com/american-football/usa/nfl-2019-2020/new-orleans-saints-arizona-cardinals-6wFnXZTC/
27 Oct 2019,Regular,0,Tennessee Titans,Tampa Bay Buccaneers,27,23,-134,108,https://www.oddsportal.com/american-football/usa/nfl-2019-2020/tennessee-titans-tampa-bay-buccaneers-CGFrYFE6/
24 Oct 2019,Regular,0,Minnesota Vikings,Washington Commanders,19,9,-1431,765,https://www.oddsportal.com/american-football/usa/nfl-2019-2020/minnesota-vikings-washington-commanders-GlMZZypf/
21 Oct 2019,Regular,0,New York Jets,New England Patriots,0,33,338,-477,https://www.oddsportal.com/american-football/usa/nfl-2019-2020/new-york-jets-new-england-patriots-xbNVzIUm/
20 Oct 2019,Regular,0,Dallas Cowboys,Philadelphia Eagles,37,10,-164,131,https://www.oddsportal.com/american-football/usa/nfl-2019-2020/dallas-cowboys-philadelphia-eagles-ryORybFs/
20 Oct 2019,Regular,0,Chicago Bears,New Orleans Saints,25,36,-215,170,https://www.oddsportal.com/american-football/usa/nfl-2019-2020/chicago-bears-new-orleans-saints-QJsesKiK/
20 Oct 2019,Regular,0,Seattle Seahawks,Baltimore Ravens,16,30,-154,123,https://www.oddsportal.com/american-football/usa/nfl-2019-2020/seattle-seahawks-baltimore-ravens-8rXatv7Q/
20 Oct 2019,Regular,0,Tennessee Titans,Los Angeles Chargers,23,20,-156,125,https://www.oddsportal.com/american-football/usa/nfl-2019-2020/tennessee-titans-los-angeles-chargers-nTrir0xE/
20 Oct 2019,Regular,0,Atlanta Falcons,Los Angeles Rams,10,37,136,-170,https://www.oddsportal.com/american-football/usa/nfl-2019-2020/atlanta-falcons-los-angeles-rams-OfcdMIFf/
20 Oct 2019,Regular,0,Buffalo Bills,Miami Dolphins,31,21,-1670,812,https://www.oddsportal.com/american-football/usa/nfl-2019-2020/buffalo-bills-miami-dolphins-MBtQT0NK/
20 Oct 2019,Regular,0,Cincinnati Bengals,Jacksonville Jaguars,17,27,174,-220,https://www.oddsportal.com/american-football/usa/nfl-2019-2020/cincinnati-bengals-jacksonville-jaguars-02uUSKxR/
20 Oct 2019,Regular,0,Detroit Lions,Minnesota Vikings,30,42,115,-145,https://www.oddsportal.com/american-football/usa/nfl-2019-2020/detroit-lions-minnesota-vikings-jsalOvor/
20 Oct 2019,Regular,0,Green Bay Packers,Las Vegas Raiders,42,24,-259,199,https://www.oddsportal.com/american-football/usa/nfl-2019-2020/green-bay-packers-las-vegas-raiders-UXchNb0l/
20 Oct 2019,Regular,0,Indianapolis Colts,Houston Texans,30,23,-125,101,https://www.oddsportal.com/american-football/usa/nfl-2019-2020/indianapolis-colts-houston-texans-xb10LxV0/
20 Oct 2019,Regular,0,New York Giants,Arizona Cardinals,21,27,-189,150,https://www.oddsportal.com/american-football/usa/nfl-2019-2020/new-york-giants-arizona-cardinals-bDk9JGaD/
20 Oct 2019,Regular,0,Washington Commanders,San Francisco 49ers,0,9,351,-490,https://www.oddsportal.com/american-football/usa/nfl-2019-2020/washington-commanders-san-francisco-49ers-KMj5Kdp7/
17 Oct 2019,Regular,0,Denver Broncos,Kansas City Chiefs,6,30,125,-157,https://www.oddsportal.com/american-football/usa/nfl-2019-2020/denver-broncos-kansas-city-chiefs-SlsMUt8E/
14 Oct 2019,Regular,0,Green Bay Packers,Detroit Lions,23,22,-194,152,https://www.oddsportal.com/american-football/usa/nfl-2019-2020/green-bay-packers-detroit-lions-EowIVMh8/
13 Oct 2019,Regular,0,Los Angeles Chargers,Pittsburgh Steelers,17,24,-294,225,https://www.oddsportal.com/american-football/usa/nfl-2019-2020/los-angeles-chargers-pittsburgh-steelers-CtaZ6wG7/
13 Oct 2019,Regular,0,Denver Broncos,Tennessee Titans,16,0,-115,-107,https://www.oddsportal.com/american-football/usa/nfl-2019-2020/denver-broncos-tennessee-titans-Yk0V7J01/
13 Oct 2019,Regular,0,New York Jets,Dallas Cowboys,24,22,258,-345,https://www.oddsportal.com/american-football/usa/nfl-2019-2020/new-york-jets-dallas-cowboys-4GeR8aoe/
13 Oct 2019,Regular,0,Arizona Cardinals,Atlanta Falcons,34,33,129,-161,https://www.oddsportal.com/american-football/usa/nfl-2019-2020/arizona-cardinals-atlanta-falcons-QPdN9uWl/
13 Oct 2019,Regular,0,Los Angeles Rams,San Francisco 49ers,7,20,-171,137,https://www.oddsportal.com/american-football/usa/nfl-2019-2020/los-angeles-rams-san-francisco-49ers-r17IALGr/
13 Oct 2019,Regular,0,Baltimore Ravens,Cincinnati Bengals,23,17,-606,421,https://www.oddsportal.com/american-football/usa/nfl-2019-2020/baltimore-ravens-cincinnati-bengals-YiukSmnG/
13 Oct 2019,Regular,0,Cleveland Browns,Seattle Seahawks,28,32,-116,-107,https://www.oddsportal.com/american-football/usa/nfl-2019-2020/cleveland-browns-seattle-seahawks-vVuoTTW9/
13 Oct 2019,Regular,0,Jacksonville Jaguars,New Orleans Saints,6,13,-152,121,https://www.oddsportal.com/american-football/usa/nfl-2019-2020/jacksonville-jaguars-new-orleans-saints-0vssU9H3/
13 Oct 2019,Regular,0,Kansas City Chiefs,Houston Texans,24,31,-206,162,https://www.oddsportal.com/american-football/usa/nfl-2019-2020/kansas-city-chiefs-houston-texans-r3nxVk2c/
13 Oct 2019,Regular,0,Miami Dolphins,Washington Commanders,16,17,203,-264,https://www.oddsportal.com/american-football/usa/nfl-2019-2020/miami-dolphins-washington-commanders-j9aj7nAj/
13 Oct 2019,Regular,0,Minnesota Vikings,Philadelphia Eagles,38,20,-187,149,https://www.oddsportal.com/american-football/usa/nfl-2019-2020/minnesota-vikings-philadelphia-eagles-4CmYVVni/
13 Oct 2019,Regular,1,Tampa Bay Buccaneers,Carolina Panthers,26,37,102,-127,https://www.oddsportal.com/american-football/usa/nfl-2019-2020/tampa-bay-buccaneers-carolina-panthers-x6en8Sfp/
10 Oct 2019,Regular,0,New England Patriots,New York Giants,35,14,-1334,692,https://www.oddsportal.com/american-football/usa/nfl-2019-2020/new-england-patriots-new-york-giants-WOIJC8nT/
07 Oct 2019,Regular,0,San Francisco 49ers,Cleveland Browns,31,3,-232,183,https://www.oddsportal.com/american-football/usa/nfl-2019-2020/san-francisco-49ers-cleveland-browns-hYJFDlXM/
06 Oct 2019,Regular,0,Kansas City Chiefs,Indianapolis Colts,13,19,-589,405,https://www.oddsportal.com/american-football/usa/nfl-2019-2020/kansas-city-chiefs-indianapolis-colts-p8KBEUHG/
06 Oct 2019,Regular,0,Dallas Cowboys,Green Bay Packers,24,34,-184,146,https://www.oddsportal.com/american-football/usa/nfl-2019-2020/dallas-cowboys-green-bay-packers-6HL7FA2A/
06 Oct 2019,Regular,0,Los Angeles Chargers,Denver Broncos,13,20,-233,182,https://www.oddsportal.com/american-football/usa/nfl-2019-2020/los-angeles-chargers-denver-broncos-OhW2Gjm4/
06 Oct 2019,Regular,0,Carolina Panthers,Jacksonville Jaguars,34,27,-192,151,https://www.oddsportal.com/american-football/usa/nfl-2019-2020/carolina-panthers-jacksonville-jaguars-GEmM3D3b/
06 Oct 2019,Regular,0,Cincinnati Bengals,Arizona Cardinals,23,26,-164,131,https://www.oddsportal.com/american-football/usa/nfl-2019-2020/cincinnati-bengals-arizona-cardinals-4lax0V2N/
06 Oct 2019,Regular,0,Houston Texans,Atlanta Falcons,53,32,-206,164,https://www.oddsportal.com/american-football/usa/nfl-2019-2020/houston-texans-atlanta-falcons-bBbtakIT/
06 Oct 2019,Regular,0,Pittsburgh Steelers,Baltimore Ravens,23,26,142,-179,https://www.oddsportal.com/american-football/usa/nfl-2019-2020/pittsburgh-steelers-baltimore-ravens-63tZ0BmH/
06 Oct 2019,Regular,0,Tennessee Titans,Buffalo Bills,7,14,-185,146,https://www.oddsportal.com/american-football/usa/nfl-2019-2020/tennessee-titans-buffalo-bills-OviU1iYA/
06 Oct 2019,Regular,0,Washington Commanders,New England Patriots,7,33,740,-1337,https://www.oddsportal.com/american-football/usa/nfl-2019-2020/washington-commanders-new-england-patriots-plhQ2XI4/
06 Oct 2019,Regular,1,Las Vegas Raiders,Chicago Bears,24,21,230,-303,https://www.oddsportal.com/american-football/usa/nfl-2019-2020/las-vegas-raiders-chicago-bears-GSSfICIi/
06 Oct 2019,Regular,0,New Orleans Saints,Tampa Bay Buccaneers,31,24,-159,127,https://www.oddsportal.com/american-football/usa/nfl-2019-2020/new-orleans-saints-tampa-bay-buccaneers-0Kp8f9Qp/
06 Oct 2019,Regular,0,New York Giants,Minnesota Vikings,10,28,188,-244,https://www.oddsportal.com/american-football/usa/nfl-2019-2020/new-york-giants-minnesota-vikings-xxUjJh3o/
06 Oct 2019,Regular,0,Philadelphia Eagles,New York Jets,31,6,-1053,631,https://www.oddsportal.com/american-football/usa/nfl-2019-2020/philadelphia-eagles-new-york-jets-AkSbHWXc/
03 Oct 2019,Regular,0,Seattle Seahawks,Los Angeles Rams,30,29,-123,-100,https://www.oddsportal.com/american-football/usa/nfl-2019-2020/seattle-seahawks-los-angeles-rams-xOlI4glh/
30 Sep 2019,Regular,0,Pittsburgh Steelers,Cincinnati Bengals,27,3,-187,148,https://www.oddsportal.com/american-football/usa/nfl-2019-2020/pittsburgh-steelers-cincinnati-bengals-faaD5ZYo/
29 Sep 2019,Regular,0,New Orleans Saints,Dallas Cowboys,12,10,118,-148,https://www.oddsportal.com/american-football/usa/nfl-2019-2020/new-orleans-saints-dallas-cowboys-tde96FJu/
29 Sep 2019,Regular,0,Chicago Bears,Minnesota Vikings,16,6,-109,-113,https://www.oddsportal.com/american-football/usa/nfl-2019-2020/chicago-bears-minnesota-vikings-QqLanCYN/
29 Sep 2019,Regular,0,Denver Broncos,Jacksonville Jaguars,24,26,-142,114,https://www.oddsportal.com/american-football/usa/nfl-2019-2020/denver-broncos-jacksonville-jaguars-4zK3oWmU/
29 Sep 2019,Regular,0,Arizona Cardinals,Seattle Seahawks,10,27,194,-250,https://www.oddsportal.com/american-football/usa/nfl-2019-2020/arizona-cardinals-seattle-seahawks-pY32mhJH/
29 Sep 2019,Regular,0,Los Angeles Rams,Tampa Bay Buccaneers,40,55,-455,325,https://www.oddsportal.com/american-football/usa/nfl-2019-2020/los-angeles-rams-tampa-bay-buccaneers-6s5blY3B/
29 Sep 2019,Regular,0,Atlanta Falcons,Tennessee Titans,10,24,-175,141,https://www.oddsportal.com/american-football/usa/nfl-2019-2020/atlanta-falcons-tennessee-titans-d8sFcfRI/
29 Sep 2019,Regular,0,Baltimore Ravens,Cleveland Browns,25,40,-339,256,https://www.oddsportal.com/american-football/usa/nfl-2019-2020/baltimore-ravens-cleveland-browns-bH1jjfZb/
29 Sep 2019,Regular,0,Buffalo Bills,New England Patriots,10,16,258,-345,https://www.oddsportal.com/american-football/usa/nfl-2019-2020/buffalo-bills-new-england-patriots-CK5fkEl5/
29 Sep 2019,Regular,0,Detroit Lions,Kansas City Chiefs,30,34,275,-370,https://www.oddsportal.com/american-football/usa/nfl-2019-2020/detroit-lions-kansas-city-chiefs-GhCoizKh/
29 Sep 2019,Regular,0,Houston Texans,Carolina Panthers,10,16,-247,191,https://www.oddsportal.com/american-football/usa/nfl-2019-2020/houston-texans-carolina-panthers-x2DshG4n/
29 Sep 2019,Regular,0,Indianapolis Colts,Las Vegas Raiders,24,31,-244,189,https://www.oddsportal.com/american-football/usa/nfl-2019-2020/indianapolis-colts-las-vegas-raiders-8S8wgdkt/
29 Sep 2019,Regular,0,Miami Dolphins,Los Angeles Chargers,10,30,639,-1116,https://www.oddsportal.com/american-football/usa/nfl-2019-2020/miami-dolphins-los-angeles-chargers-6JMBcxsP/
29 Sep 2019,Regular,0,New York Giants,Washington Commanders,24,3,-175,140,https://www.oddsportal.com/american-football/usa/nfl-2019-2020/new-york-giants-washington-commanders-8roJdEtP/
26 Sep 2019,Regular,0,Green Bay Packers,Philadelphia Eagles,27,34,-190,150,https://www.oddsportal.com/american-football/usa/nfl-2019-2020/green-bay-packers-philadelphia-eagles-2orBbzCC/
23 Sep 2019,Regular,0,Washington Commanders,Chicago Bears,15,31,187,-238,https://www.oddsportal.com/american-football/usa/nfl-2019-2020/washington-commanders-chicago-bears-Ofq7aGd6/
22 Sep 2019,Regular,0,Cleveland Browns,Los Angeles Rams,13,20,163,-208,https://www.oddsportal.com/american-football/usa/nfl-2019-2020/cleveland-browns-los-angeles-rams-6Jl20ds0/
22 Sep 2019,Regular,0,Los Angeles Chargers,Houston Texans,20,27,-164,131,https://www.oddsportal.com/american-football/usa/nfl-2019-2020/los-angeles-chargers-houston-texans-SSkb1xSg/
22 Sep 2019,Regular,0,San Francisco 49ers,Pittsburgh Steelers,24,20,-290,222,https://www.oddsportal.com/american-football/usa/nfl-2019-2020/san-francisco-49ers-pittsburgh-steelers-K2nj3bcs/
22 Sep 2019,Regular,0,Seattle Seahawks,New Orleans Saints,27,33,-241,188,https://www.oddsportal.com/american-football/usa/nfl-2019-2020/seattle-seahawks-new-orleans-saints-Y5jf2ICm/
22 Sep 2019,Regular,0,Arizona Cardinals,Carolina Panthers,20,38,-132,107,https://www.oddsportal.com/american-football/usa/nfl-2019-2020/arizona-cardinals-carolina-panthers-v5YLKQSE/
22 Sep 2019,Regular,0,Tampa Bay Buccaneers,New York Giants,31,32,-230,180,https://www.oddsportal.com/american-football/usa/nfl-2019-2020/tampa-bay-buccaneers-new-york-giants-0EZHL6D8/
22 Sep 2019,Regular,0,Buffalo Bills,Cincinnati Bengals,21,17,-253,196,https://www.oddsportal.com/american-football/usa/nfl-2019-2020/buffalo-bills-cincinnati-bengals-Ktaq77bF/
22 Sep 2019,Regular,0,Dallas Cowboys,Miami Dolphins,31,6,-4004,1163,https://www.oddsportal.com/american-football/usa/nfl-2019-2020/dallas-cowboys-miami-dolphins-ncWzcNz8/
22 Sep 2019,Regular,0,Green Bay Packers,Denver Broncos,27,16,-345,259,https://www.oddsportal.com/american-football/usa/nfl-2019-2020/green-bay-packers-denver-broncos-86XWc3L1/
22 Sep 2019,Regular,0,Indianapolis Colts,Atlanta Falcons,27,24,-118,-104,https://www.oddsportal.com/american-football/usa/nfl-2019-2020/indianapolis-colts-atlanta-falcons-QsrSbq6e/
22 Sep 2019,Regular,0,Kansas City Chiefs,Baltimore Ravens,33,28,-217,170,https://www.oddsportal.com/american-football/usa/nfl-2019-2020/kansas-city-chiefs-baltimore-ravens-CvvOaPjk/
22 Sep 2019,Regular,0,Minnesota Vikings,Las Vegas Raiders,34,14,-445,321,https://www.oddsportal.com/american-football/usa/nfl-2019-2020/minnesota-vikings-las-vegas-raiders-IHvK05yq/
22 Sep 2019,Regular,0,New England Patriots,New York Jets,30,14,-2859,1050,https://www.oddsportal.com/american-football/usa/nfl-2019-2020/new-england-patriots-new-york-jets-G8hh5oTR/
22 Sep 2019,Regular,0,Philadelphia Eagles,Detroit Lions,24,27,-210,165,https://www.oddsportal.com/american-football/usa/nfl-2019-2020/philadelphia-eagles-detroit-lions-bXcm6RDL/
19 Sep 2019,Regular,0,Jacksonville Jaguars,Tennessee Titans,20,7,104,-129,https://www.oddsportal.com/american-football/usa/nfl-2019-2020/jacksonville-jaguars-tennessee-titans-QJau8mq9/
16 Sep 2019,Regular,0,New York Jets,Cleveland Browns,3,23,232,-303,https://www.oddsportal.com/american-football/usa/nfl-2019-2020/new-york-jets-cleveland-browns-Eqdy9TT2/
15 Sep 2019,Regular,0,Atlanta Falcons,Philadelphia Eagles,24,20,-107,-116,https://www.oddsportal.com/american-football/usa/nfl-2019-2020/atlanta-falcons-philadelphia-eagles-CvIhppi2/
15 Sep 2019,Regular,0,Denver Broncos,Chicago Bears,14,16,127,-159,https://www.oddsportal.com/american-football/usa/nfl-2019-2020/denver-broncos-chicago-bears-YmJloQyd/
15 Sep 2019,Regular,0,Los Angeles Rams,New Orleans Saints,27,9,-128,102,https://www.oddsportal.com/american-football/usa/nfl-2019-2020/los-angeles-rams-new-orleans-saints-4EEpn6Mk/
15 Sep 2019,Regular,0,Las Vegas Raiders,Kansas City Chiefs,10,28,229,-303,https://www.oddsportal.com/american-football/usa/nfl-2019-2020/las-vegas-raiders-kansas-city-chiefs-QNFtmn7q/
15 Sep 2019,Regular,0,Baltimore Ravens,Arizona Cardinals,23,17,-772,489,https://www.oddsportal.com/american-football/usa/nfl-2019-2020/baltimore-ravens-arizona-cardinals-2qirv9US/
15 Sep 2019,Regular,0,Cincinnati Bengals,San Francisco 49ers,17,41,-112,-110,https://www.oddsportal.com/american-football/usa/nfl-2019-2020/cincinnati-bengals-san-francisco-49ers-hEJ4eAa3/
15 Sep 2019,Regular,0,Detroit Lions,Los Angeles Chargers,13,10,-104,-118,https://www.oddsportal.com/american-football/usa/nfl-2019-2020/detroit-lions-los-angeles-chargers-YPz2fUE9/
15 Sep 2019,Regular,0,Green Bay Packers,Minnesota Vikings,21,16,-169,136,https://www.oddsportal.com/american-football/usa/nfl-2019-2020/green-bay-packers-minnesota-vikings-CGZ5glUF/
15 Sep 2019,Regular,0,Houston Texans,Jacksonville Jaguars,13,12,-377,279,https://www.oddsportal.com/american-football/usa/nfl-2019-2020/houston-texans-jacksonville-jaguars-6wZ9h8qM/
15 Sep 2019,Regular,0,New York Giants,Buffalo Bills,14,28,-100,-124,https://www.oddsportal.com/american-football/usa/nfl-2019-2020/new-york-giants-buffalo-bills-ENK0djpc/
15 Sep 2019,Regular,0,Pittsburgh Steelers,Seattle Seahawks,26,28,-210,168,https://www.oddsportal.com/american-football/usa/nfl-2019-2020/pittsburgh-steelers-seattle-seahawks-0KWIX67d/
15 Sep 2019,Regular,0,Tennessee Titans,Indianapolis Colts,17,19,-172,138,https://www.oddsportal.com/american-football/usa/nfl-2019-2020/tennessee-titans-indianapolis-colts-nHSEYnhj/
15 Sep 2019,Regular,0,Washington Commanders,Dallas Cowboys,21,31,208,-274,https://www.oddsportal.com/american-football/usa/nfl-2019-2020/washington-commanders-dallas-cowboys-4hwAZSxp/
15 Sep 2019,Regular,0,Miami Dolphins,New England Patriots,0,43,822,-1670,https://www.oddsportal.com/american-football/usa/nfl-2019-2020/miami-dolphins-new-england-patriots-KtwEiSbS/
12 Sep 2019,Regular,0,Carolina Panthers,Tampa Bay Buccaneers,14,20,-278,213,https://www.oddsportal.com/american-football/usa/nfl-2019-2020/carolina-panthers-tampa-bay-buccaneers-Y9nvukFM/
09 Sep 2019,Regular,0,Las Vegas Raiders,Denver Broncos,24,16,124,-154,https://www.oddsportal.com/american-football/usa/nfl-2019-2020/las-vegas-raiders-denver-broncos-fJmztVaG/
09 Sep 2019,Regular,0,New Orleans Saints,Houston Texans,30,28,-322,244,https://www.oddsportal.com/american-football/usa/nfl-2019-2020/new-orleans-saints-houston-texans-CfbVtBpA/
08 Sep 2019,Regular,0,New England Patriots,Pittsburgh Steelers,33,3,-238,186,https://www.oddsportal.com/american-football/usa/nfl-2019-2020/new-england-patriots-pittsburgh-steelers-E9uSsiV3/
08 Sep 2019,Regular,0,Arizona Cardinals,Detroit Lions,27,27,128,-160,https://www.oddsportal.com/american-football/usa/nfl-2019-2020/arizona-cardinals-detroit-lions-KntOrXFc/
08 Sep 2019,Regular,0,Dallas Cowboys,New York Giants,35,17,-322,244,https://www.oddsportal.com/american-football/usa/nfl-2019-2020/dallas-cowboys-new-york-giants-tdsKqD0i/
08 Sep 2019,Regular,0,Tampa Bay Buccaneers,San Francisco 49ers,17,31,-118,-105,https://www.oddsportal.com/american-football/usa/nfl-2019-2020/tampa-bay-buccaneers-san-francisco-49ers-4vbyLTNj/
08 Sep 2019,Regular,0,Los Angeles Chargers,Indianapolis Colts,30,24,-266,206,https://www.oddsportal.com/american-football/usa/nfl-2019-2020/los-angeles-chargers-indianapolis-colts-88C5Qk0T/
08 Sep 2019,Regular,0,Seattle Seahawks,Cincinnati Bengals,21,20,-455,326,https://www.oddsportal.com/american-football/usa/nfl-2019-2020/seattle-seahawks-cincinnati-bengals-QmaXL98p/
08 Sep 2019,Regular,0,Carolina Panthers,Los Angeles Rams,27,30,101,-125,https://www.oddsportal.com/american-football/usa/nfl-2019-2020/carolina-panthers-los-angeles-rams-j7SyXZGo/
08 Sep 2019,Regular,0,Cleveland Browns,Tennessee Titans,13,43,-244,190,https://www.oddsportal.com/american-football/usa/nfl-2019-2020/cleveland-browns-tennessee-titans-f581RVpN/
08 Sep 2019,Regular,0,Jacksonville Jaguars,Kansas City Chiefs,26,40,154,-194,https://www.oddsportal.com/american-football/usa/nfl-2019-2020/jacksonville-jaguars-kansas-city-chiefs-CtJdSBVG/
08 Sep 2019,Regular,0,Miami Dolphins,Baltimore Ravens,10,59,246,-317,https://www.oddsportal.com/american-football/usa/nfl-2019-2020/miami-dolphins-baltimore-ravens-YkKhTiGA/
08 Sep 2019,Regular,0,Minnesota Vikings,Atlanta Falcons,28,12,-183,148,https://www.oddsportal.com/american-football/usa/nfl-2019-2020/minnesota-vikings-atlanta-falcons-QPKlUX04/
08 Sep 2019,Regular,0,New York Jets,Buffalo Bills,16,17,-148,118,https://www.oddsportal.com/american-football/usa/nfl-2019-2020/new-york-jets-buffalo-bills-nZLpVDob/
08 Sep 2019,Regular,0,Philadelphia Eagles,Washington Commanders,32,27,-556,386,https://www.oddsportal.com/american-football/usa/nfl-2019-2020/philadelphia-eagles-washington-commanders-4AWuWgWi/
05 Sep 2019,Regular,0,Chicago Bears,Green Bay Packers,3,10,-169,136,https://www.oddsportal.com/american-football/usa/nfl-2019-2020/chicago-bears-green-bay-packers-x4vf8jvo/
29 Aug 2019,Pre-season,0,San Francisco 49ers,Los Angeles Chargers,24,27,,,https://www.oddsportal.com/american-football/usa/nfl-2019-2020/san-francisco-49ers-los-angeles-chargers-rFCxfRB6/
29 Aug 2019,Pre-season,0,Seattle Seahawks,Las Vegas Raiders,17,15,,,https://www.oddsportal.com/american-football/usa/nfl-2019-2020/seattle-seahawks-las-vegas-raiders-lY0ab9jg/
29 Aug 2019,Pre-season,0,Denver Broncos,Arizona Cardinals,20,7,,,https://www.oddsportal.com/american-football/usa/nfl-2019-2020/denver-broncos-arizona-cardinals-8Ohi0VLt/
29 Aug 2019,Pre-season,0,Chicago Bears,Tennessee Titans,15,19,,,https://www.oddsportal.com/american-football/usa/nfl-2019-2020/chicago-bears-tennessee-titans-Moa7dmL5/
29 Aug 2019,Pre-season,0,Dallas Cowboys,Tampa Bay Buccaneers,15,17,,,https://www.oddsportal.com/american-football/usa/nfl-2019-2020/dallas-cowboys-tampa-bay-buccaneers-6F6P4BDP/
29 Aug 2019,Pre-season,0,Green Bay Packers,Kansas City Chiefs,27,20,,,https://www.oddsportal.com/american-football/usa/nfl-2019-2020/green-bay-packers-kansas-city-chiefs-jmrdakym/
29 Aug 2019,Pre-season,0,Houston Texans,Los Angeles Rams,10,22,,,https://www.oddsportal.com/american-football/usa/nfl-2019-2020/houston-texans-los-angeles-rams-fkI5kXoI/
29 Aug 2019,Pre-season,0,New Orleans Saints,Miami Dolphins,13,16,,,https://www.oddsportal.com/american-football/usa/nfl-2019-2020/new-orleans-saints-miami-dolphins-4ODYf7d0/
29 Aug 2019,Pre-season,0,Cleveland Browns,Detroit Lions,20,16,,,https://www.oddsportal.com/american-football/usa/nfl-2019-2020/cleveland-browns-detroit-lions-dbAQdTRm/
29 Aug 2019,Pre-season,0,New England Patriots,New York Giants,29,31,,,https://www.oddsportal.com/american-football/usa/nfl-2019-2020/new-england-patriots-new-york-giants-A1EUemsf/
29 Aug 2019,Pre-season,0,Washington Commanders,Baltimore Ravens,7,20,,,https://www.oddsportal.com/american-football/usa/nfl-2019-2020/washington-commanders-baltimore-ravens-re03cT5a/
29 Aug 2019,Pre-season,0,Buffalo Bills,Minnesota Vikings,27,23,,,https://www.oddsportal.com/american-football/usa/nfl-2019-2020/buffalo-bills-minnesota-vikings-vNgCe7zC/
29 Aug 2019,Pre-season,0,Carolina Panthers,Pittsburgh Steelers,25,19,,,https://www.oddsportal.com/american-football/usa/nfl-2019-2020/carolina-panthers-pittsburgh-steelers-IaDstSzP/
29 Aug 2019,Pre-season,0,Cincinnati Bengals,Indianapolis Colts,6,13,,,https://www.oddsportal.com/american-football/usa/nfl-2019-2020/cincinnati-bengals-indianapolis-colts-CQYg2k4Q/
29 Aug 2019,Pre-season,0,Jacksonville Jaguars,Atlanta Falcons,12,31,,,https://www.oddsportal.com/american-football/usa/nfl-2019-2020/jacksonville-jaguars-atlanta-falcons-40Zk3VlK/
29 Aug 2019,Pre-season,0,New York Jets,Philadelphia Eagles,6,0,,,https://www.oddsportal.com/american-football/usa/nfl-2019-2020/new-york-jets-philadelphia-eagles-EZKLc9Cs/
25 Aug 2019,Pre-season,0,Tennessee Titans,Pittsburgh Steelers,6,18,,,https://www.oddsportal.com/american-football/usa/nfl-2019-2020/tennessee-titans-pittsburgh-steelers-v9Ews8LI/
24 Aug 2019,Pre-season,0,Los Angeles Chargers,Seattle Seahawks,15,23,,,https://www.oddsportal.com/american-football/usa/nfl-2019-2020/los-angeles-chargers-seattle-seahawks-Q9zn4BZD/
24 Aug 2019,Pre-season,0,Los Angeles Rams,Denver Broncos,10,6,,,https://www.oddsportal.com/american-football/usa/nfl-2019-2020/los-angeles-rams-denver-broncos-zP9TH2SG/
24 Aug 2019,Pre-season,0,Kansas City Chiefs,San Francisco 49ers,17,27,,,https://www.oddsportal.com/american-football/usa/nfl-2019-2020/kansas-city-chiefs-san-francisco-49ers-A1hat8s7/
24 Aug 2019,Pre-season,0,New York Jets,New Orleans Saints,13,28,,,https://www.oddsportal.com/american-football/usa/nfl-2019-2020/new-york-jets-new-orleans-saints-GvgeslS0/
24 Aug 2019,Pre-season,0,Dallas Cowboys,Houston Texans,34,0,,,https://www.oddsportal.com/american-football/usa/nfl-2019-2020/dallas-cowboys-houston-texans-O4d3uSdD/
24 Aug 2019,Pre-season,0,Indianapolis Colts,Chicago Bears,17,27,,,https://www.oddsportal.com/american-football/usa/nfl-2019-2020/indianapolis-colts-chicago-bears-xlfirUCf/
24 Aug 2019,Pre-season,0,Minnesota Vikings,Arizona Cardinals,20,9,,,https://www.oddsportal.com/american-football/usa/nfl-2019-2020/minnesota-vikings-arizona-cardinals-dWR2Ke7R/
23 Aug 2019,Pre-season,0,Detroit Lions,Buffalo Bills,20,24,,,https://www.oddsportal.com/american-football/usa/nfl-2019-2020/detroit-lions-buffalo-bills-dpPYsl6C/
23 Aug 2019,Pre-season,0,Tampa Bay Buccaneers,Cleveland Browns,13,12,,,https://www.oddsportal.com/american-football/usa/nfl-2019-2020/tampa-bay-buccaneers-cleveland-browns-KCanqAcl/
22 Aug 2019,Pre-season,0,Las Vegas Raiders,Green Bay Packers,22,21,,,https://www.oddsportal.com/american-football/usa/nfl-2019-2020/las-vegas-raiders-green-bay-packers-KztINMxU/
22 Aug 2019,Pre-season,0,Miami Dolphins,Jacksonville Jaguars,22,7,,,https://www.oddsportal.com/american-football/usa/nfl-2019-2020/miami-dolphins-jacksonville-jaguars-lKLQqAy0/
22 Aug 2019,Pre-season,0,Atlanta Falcons,Washington Commanders,7,19,,,https://www.oddsportal.com/american-football/usa/nfl-2019-2020/atlanta-falcons-washington-commanders-tM0rpjrr/
22 Aug 2019,Pre-season,0,New England Patriots,Carolina Panthers,10,3,,,https://www.oddsportal.com/american-football/usa/nfl-2019-2020/new-england-patriots-carolina-panthers-OtEGlWZQ/
22 Aug 2019,Pre-season,0,Philadelphia Eagles,Baltimore Ravens,15,26,,,https://www.oddsportal.com/american-football/usa/nfl-2019-2020/philadelphia-eagles-baltimore-ravens-rsLUrUj6/
22 Aug 2019,Pre-season,0,Cincinnati Bengals,New York Giants,23,25,,,https://www.oddsportal.com/american-football/usa/nfl-2019-2020/cincinnati-bengals-new-york-giants-QeeDkCKK/
19 Aug 2019,Pre-season,0,Denver Broncos,San Francisco 49ers,15,24,,,https://www.oddsportal.com/american-football/usa/nfl-2019-2020/denver-broncos-san-francisco-49ers-ATMMpjMg/
18 Aug 2019,Pre-season,0,Minnesota Vikings,Seattle Seahawks,25,19,,,https://www.oddsportal.com/american-football/usa/nfl-2019-2020/minnesota-vikings-seattle-seahawks-UH5PoW6m/
18 Aug 2019,Pre-season,0,Los Angeles Chargers,New Orleans Saints,17,19,,,https://www.oddsportal.com/american-football/usa/nfl-2019-2020/los-angeles-chargers-new-orleans-saints-jR6LnCis/
17 Aug 2019,Pre-season,0,Los Angeles Rams,Dallas Cowboys,10,14,,,https://www.oddsportal.com/american-football/usa/nfl-2019-2020/los-angeles-rams-dallas-cowboys-YoKgihqQ/
17 Aug 2019,Pre-season,0,Houston Texans,Detroit Lions,30,23,,,https://www.oddsportal.com/american-football/usa/nfl-2019-2020/houston-texans-detroit-lions-rX58jh5E/
17 Aug 2019,Pre-season,0,Pittsburgh Steelers,Kansas City Chiefs,17,7,,,https://www.oddsportal.com/american-football/usa/nfl-2019-2020/pittsburgh-steelers-kansas-city-chiefs-KrGkhYTJ/
17 Aug 2019,Pre-season,0,Tennessee Titans,New England Patriots,17,22,,,https://www.oddsportal.com/american-football/usa/nfl-2019-2020/tennessee-titans-new-england-patriots-4t74iYk8/
17 Aug 2019,Pre-season,0,Indianapolis Colts,Cleveland Browns,18,21,,,https://www.oddsportal.com/american-football/usa/nfl-2019-2020/indianapolis-colts-cleveland-browns-GQDMSlD7/
16 Aug 2019,Pre-season,0,New York Giants,Chicago Bears,32,13,,,https://www.oddsportal.com/american-football/usa/nfl-2019-2020/new-york-giants-chicago-bears-fBPDUAre/
16 Aug 2019,Pre-season,0,Tampa Bay Buccaneers,Miami Dolphins,16,14,,,https://www.oddsportal.com/american-football/usa/nfl-2019-2020/tampa-bay-buccaneers-miami-dolphins-xzFITUc1/
16 Aug 2019,Pre-season,0,Carolina Panthers,Buffalo Bills,14,27,,,https://www.oddsportal.com/american-football/usa/nfl-2019-2020/carolina-panthers-buffalo-bills-t8L9VjTl/
15 Aug 2019,Pre-season,0,Arizona Cardinals,Las Vegas Raiders,26,33,,,https://www.oddsportal.com/american-football/usa/nfl-2019-2020/arizona-cardinals-las-vegas-raiders-vmw3UUyD/
15 Aug 2019,Pre-season,0,Atlanta Falcons,New York Jets,10,22,,,https://www.oddsportal.com/american-football/usa/nfl-2019-2020/atlanta-falcons-new-york-jets-noM5WWDr/
15 Aug 2019,Pre-season,0,Baltimore Ravens,Green Bay Packers,26,13,,,https://www.oddsportal.com/american-football/usa/nfl-2019-2020/baltimore-ravens-green-bay-packers-Iwx7TliJ/
15 Aug 2019,Pre-season,0,Washington Commanders,Cincinnati Bengals,13,23,,,https://www.oddsportal.com/american-football/usa/nfl-2019-2020/washington-commanders-cincinnati-bengals-pxzvyD5R/
15 Aug 2019,Pre-season,0,Jacksonville Jaguars,Philadelphia Eagles,10,24,,,https://www.oddsportal.com/american-football/usa/nfl-2019-2020/jacksonville-jaguars-philadelphia-eagles-4QItxgjL/
10 Aug 2019,Pre-season,0,San Francisco 49ers,Dallas Cowboys,17,9,,,https://www.oddsportal.com/american-football/usa/nfl-2019-2020/san-francisco-49ers-dallas-cowboys-QZJxwZzF/
10 Aug 2019,Pre-season,0,Kansas City Chiefs,Cincinnati Bengals,38,17,,,https://www.oddsportal.com/american-football/usa/nfl-2019-2020/kansas-city-chiefs-cincinnati-bengals-WCKYwFL8/
10 Aug 2019,Pre-season,0,Las Vegas Raiders,Los Angeles Rams,14,3,,,https://www.oddsportal.com/american-football/usa/nfl-2019-2020/las-vegas-raiders-los-angeles-rams-hCC6jfgC/
09 Aug 2019,Pre-season,0,New Orleans Saints,Minnesota Vikings,25,34,,,https://www.oddsportal.com/american-football/usa/nfl-2019-2020/new-orleans-saints-minnesota-vikings-zHwfMHxF/
09 Aug 2019,Pre-season,0,Pittsburgh Steelers,Tampa Bay Buccaneers,30,28,,,https://www.oddsportal.com/american-football/usa/nfl-2019-2020/pittsburgh-steelers-tampa-bay-buccaneers-ADYbVAM6/
08 Aug 2019,Pre-season,0,Arizona Cardinals,Los Angeles Chargers,17,13,,,https://www.oddsportal.com/american-football/usa/nfl-2019-2020/arizona-cardinals-los-angeles-chargers-I9GUve62/
08 Aug 2019,Pre-season,0,Seattle Seahawks,Denver Broncos,22,14,,,https://www.oddsportal.com/american-football/usa/nfl-2019-2020/seattle-seahawks-denver-broncos-G4xnGBT1/
08 Aug 2019,Pre-season,0,Chicago Bears,Carolina Panthers,13,23,,,https://www.oddsportal.com/american-football/usa/nfl-2019-2020/chicago-bears-carolina-panthers-8vZwIXbk/
08 Aug 2019,Pre-season,0,Green Bay Packers,Houston Texans,28,26,,,https://www.oddsportal.com/american-football/usa/nfl-2019-2020/green-bay-packers-houston-texans-xEwrHiEe/
08 Aug 2019,Pre-season,0,Baltimore Ravens,Jacksonville Jaguars,29,0,,,https://www.oddsportal.com/american-football/usa/nfl-2019-2020/baltimore-ravens-jacksonville-jaguars-WMZfWj70/
08 Aug 2019,Pre-season,0,Cleveland Browns,Washington Commanders,30,10,,,https://www.oddsportal.com/american-football/usa/nfl-2019-2020/cleveland-browns-washington-commanders-UmzzJDqq/
08 Aug 2019,Pre-season,0,Detroit Lions,New England Patriots,3,31,,,https://www.oddsportal.com/american-football/usa/nfl-2019-2020/detroit-lions-new-england-patriots-CWg3OZLL/
08 Aug 2019,Pre-season,0,Miami Dolphins,Atlanta Falcons,34,27,,,https://www.oddsportal.com/american-football/usa/nfl-2019-2020/miami-dolphins-atlanta-falcons-I9faPF6F/
08 Aug 2019,Pre-season,0,Philadelphia Eagles,Tennessee Titans,10,27,,,https://www.oddsportal.com/american-football/usa/nfl-2019-2020/philadelphia-eagles-tennessee-titans-O6c7NgyS/
08 Aug 2019,Pre-season,0,Buffalo Bills,Indianapolis Colts,24,16,,,https://www.oddsportal.com/american-football/usa/nfl-2019-2020/buffalo-bills-indianapolis-colts-Ms1jRyx3/
08 Aug 2019,Pre-season,0,New York Giants,New York Jets,31,22,,,https://www.oddsportal.com/american-football/usa/nfl-2019-2020/new-york-giants-new-york-jets-vJeeQei9/
01 Aug 2019,Pre-season,1,Atlanta Falcons,Denver Broncos,10,14,,,https://www.oddsportal.com/american-football/usa/nfl-2019-2020/atlanta-falcons-denver-broncos-lbpjXWif/
03 Feb 2019,Play Offs,0,Los Angeles Rams,New England Patriots,3,13,,,https://www.oddsportal.com/american-football/usa/nfl-2018-2019/los-angeles-rams-new-england-patriots-fZcVtzul/
27 Jan 2019,All Stars,0,NFC,AFC,7,26,,,https://www.oddsportal.com/american-football/usa/nfl-2018-2019/nfc-afc-S22PG9w2/
20 Jan 2019,Play Offs,0,Kansas City Chiefs,New England Patriots,31,37,,,https://www.oddsportal.com/american-football/usa/nfl-2018-2019/kansas-city-chiefs-new-england-patriots-n9QCcuSa/
20 Jan 2019,Play Offs,0,New Orleans Saints,Los Angeles Rams,23,26,,,https://www.oddsportal.com/american-football/usa/nfl-2018-2019/new-orleans-saints-los-angeles-rams-xbJPfwCI/
13 Jan 2019,Play Offs,0,New Orleans Saints,Philadelphia Eagles,20,14,,,https://www.oddsportal.com/american-football/usa/nfl-2018-2019/new-orleans-saints-philadelphia-eagles-MXRGBFUn/
13 Jan 2019,Play Offs,0,New England Patriots,Los Angeles Chargers,41,28,,,https://www.oddsportal.com/american-football/usa/nfl-2018-2019/new-england-patriots-los-angeles-chargers-foQO9gaa/
12 Jan 2019,Play Offs,0,Los Angeles Rams,Dallas Cowboys,30,22,,,https://www.oddsportal.com/american-football/usa/nfl-2018-2019/los-angeles-rams-dallas-cowboys-0OQKAZqg/
12 Jan 2019,Play Offs,0,Kansas City Chiefs,Indianapolis Colts,31,13,,,https://www.oddsportal.com/american-football/usa/nfl-2018-2019/kansas-city-chiefs-indianapolis-colts-l8Bkqpcl/
06 Jan 2019,Play Offs,0,Chicago Bears,Philadelphia Eagles,15,16,,,https://www.oddsportal.com/american-football/usa/nfl-2018-2019/chicago-bears-philadelphia-eagles-EseQVQDl/
06 Jan 2019,Play Offs,0,Baltimore Ravens,Los Angeles Chargers,17,23,,,https://www.oddsportal.com/american-football/usa/nfl-2018-2019/baltimore-ravens-los-angeles-chargers-zidMW6br/
05 Jan 2019,Play Offs,0,Dallas Cowboys,Seattle Seahawks,24,22,,,https://www.oddsportal.com/american-football/usa/nfl-2018-2019/dallas-cowboys-seattle-seahawks-WIkVUpTf/
05 Jan 2019,Play Offs,0,Houston Texans,Indianapolis Colts,7,21,,,https://www.oddsportal.com/american-football/usa/nfl-2018-2019/houston-texans-indianapolis-colts-EHBZd3Cm/
30 Dec 2018,Regular,0,Tennessee Titans,Indianapolis Colts,17,33,194,-250,https://www.oddsportal.com/american-football/usa/nfl-2018-2019/tennessee-titans-indianapolis-colts-t64s3Hhk/
30 Dec 2018,Regular,0,Baltimore Ravens,Cleveland Browns,26,24,-333,253,https://www.oddsportal.com/american-football/usa/nfl-2018-2019/baltimore-ravens-cleveland-browns-67xz97t8/
30 Dec 2018,Regular,0,Denver Broncos,Los Angeles Chargers,9,23,235,-307,https://www.oddsportal.com/american-football/usa/nfl-2018-2019/denver-broncos-los-angeles-chargers-QVRYd1mD/
30 Dec 2018,Regular,0,Kansas City Chiefs,Las Vegas Raiders,35,3,-953,560,https://www.oddsportal.com/american-football/usa/nfl-2018-2019/kansas-city-chiefs-las-vegas-raiders-x6go65QQ/
30 Dec 2018,Regular,0,Los Angeles Rams,San Francisco 49ers,48,32,-541,377,https://www.oddsportal.com/american-football/usa/nfl-2018-2019/los-angeles-rams-san-francisco-49ers-IPEKK4uK/
30 Dec 2018,Regular,0,Minnesota Vikings,Chicago Bears,10,24,-250,194,https://www.oddsportal.com/american-football/usa/nfl-2018-2019/minnesota-vikings-chicago-bears-CSNUcsY6/
30 Dec 2018,Regular,0,Pittsburgh Steelers,Cincinnati Bengals,16,13,-741,472,https://www.oddsportal.com/american-football/usa/nfl-2018-2019/pittsburgh-steelers-cincinnati-bengals-rmWD1PYs/
30 Dec 2018,Regular,0,Seattle Seahawks,Arizona Cardinals,27,24,-1000,604,https://www.oddsportal.com/american-football/usa/nfl-2018-2019/seattle-seahawks-arizona-cardinals-vZFGLpQD/
30 Dec 2018,Regular,0,Washington Commanders,Philadelphia Eagles,0,24,207,-266,https://www.oddsportal.com/american-football/usa/nfl-2018-2019/washington-commanders-philadelphia-eagles-lW7k1eN1/
30 Dec 2018,Regular,0,Buffalo Bills,Miami Dolphins,42,17,-274,213,https://www.oddsportal.com/american-football/usa/nfl-2018-2019/buffalo-bills-miami-dolphins-SM6g0Fx8/
30 Dec 2018,Regular,0,Green Bay Packers,Detroit Lions,0,31,-357,265,https://www.oddsportal.com/american-football/usa/nfl-2018-2019/green-bay-packers-detroit-lions-f98o2y8e/
30 Dec 2018,Regular,0,Houston Texans,Jacksonville Jaguars,20,3,-339,252,https://www.oddsportal.com/american-football/usa/nfl-2018-2019/houston-texans-jacksonville-jaguars-vLzr7oBK/
30 Dec 2018,Regular,0,New England Patriots,New York Jets,38,3,-910,553,https://www.oddsportal.com/american-football/usa/nfl-2018-2019/new-england-patriots-new-york-jets-U3YPbNI0/
30 Dec 2018,Regular,0,New Orleans Saints,Carolina Panthers,14,33,-385,285,https://www.oddsportal.com/american-football/usa/nfl-2018-2019/new-orleans-saints-carolina-panthers-MwVH0qll/
30 Dec 2018,Regular,0,New York Giants,Dallas Cowboys,35,36,-370,274,https://www.oddsportal.com/american-football/usa/nfl-2018-2019/new-york-giants-dallas-cowboys-jDZLa33f/
30 Dec 2018,Regular,0,Tampa Bay Buccaneers,Atlanta Falcons,32,34,116,-145,https://www.oddsportal.com/american-football/usa/nfl-2018-2019/tampa-bay-buccaneers-atlanta-falcons-pbyv8ReE/
24 Dec 2018,Regular,0,Las Vegas Raiders,Denver Broncos,27,14,106,-132,https://www.oddsportal.com/american-football/usa/nfl-2018-2019/las-vegas-raiders-denver-broncos-MHi9LP8G/
23 Dec 2018,Regular,0,Seattle Seahawks,Kansas City Chiefs,38,31,-105,-118,https://www.oddsportal.com/american-football/usa/nfl-2018-2019/seattle-seahawks-kansas-city-chiefs-Eih5M5gA/
23 Dec 2018,Regular,0,New Orleans Saints,Pittsburgh Steelers,31,28,-274,211,https://www.oddsportal.com/american-football/usa/nfl-2018-2019/new-orleans-saints-pittsburgh-steelers-z1g1Nov4/
23 Dec 2018,Regular,0,Arizona Cardinals,Los Angeles Rams,9,31,533,-871,https://www.oddsportal.com/american-football/usa/nfl-2018-2019/arizona-cardinals-los-angeles-rams-vZahP79i/
23 Dec 2018,Regular,0,San Francisco 49ers,Chicago Bears,9,14,167,-210,https://www.oddsportal.com/american-football/usa/nfl-2018-2019/san-francisco-49ers-chicago-bears-hx4dOROc/
23 Dec 2018,Regular,0,Carolina Panthers,Atlanta Falcons,10,24,116,-145,https://www.oddsportal.com/american-football/usa/nfl-2018-2019/carolina-panthers-atlanta-falcons-hIyBCUPo/
23 Dec 2018,Regular,0,Cleveland Browns,Cincinnati Bengals,26,18,-488,343,https://www.oddsportal.com/american-football/usa/nfl-2018-2019/cleveland-browns-cincinnati-bengals-YXWV76vH/
23 Dec 2018,Regular,0,Dallas Cowboys,Tampa Bay Buccaneers,27,20,-339,255,https://www.oddsportal.com/american-football/usa/nfl-2018-2019/dallas-cowboys-tampa-bay-buccaneers-nuD614Hp/
23 Dec 2018,Regular,0,Detroit Lions,Minnesota Vikings,9,27,216,-282,https://www.oddsportal.com/american-football/usa/nfl-2018-2019/detroit-lions-minnesota-vikings-6oVw6p9T/
23 Dec 2018,Regular,0,Indianapolis Colts,New York Giants,28,27,-476,340,https://www.oddsportal.com/american-football/usa/nfl-2018-2019/indianapolis-colts-new-york-giants-0ruJA8fb/
23 Dec 2018,Regular,0,Miami Dolphins,Jacksonville Jaguars,7,17,-169,136,https://www.oddsportal.com/american-football/usa/nfl-2018-2019/miami-dolphins-jacksonville-jaguars-McTR8nPA/
23 Dec 2018,Regular,0,New England Patriots,Buffalo Bills,24,12,-834,532,https://www.oddsportal.com/american-football/usa/nfl-2018-2019/new-england-patriots-buffalo-bills-SfWZ6QgN/
23 Dec 2018,Regular,0,New York Jets,Green Bay Packers,38,44,131,-163,https://www.oddsportal.com/american-football/usa/nfl-2018-2019/new-york-jets-green-bay-packers-vZwN9S94/
23 Dec 2018,Regular,0,Philadelphia Eagles,Houston Texans,32,30,-129,103,https://www.oddsportal.com/american-football/usa/nfl-2018-2019/philadelphia-eagles-houston-texans-W8zFBluh/
22 Dec 2018,Regular,0,Los Angeles Chargers,Baltimore Ravens,10,22,-212,168,https://www.oddsportal.com/american-football/usa/nfl-2018-2019/los-angeles-chargers-baltimore-ravens-QVBA0OWj/
22 Dec 2018,Regular,0,Tennessee Titans,Washington Commanders,25,16,-716,457,https://www.oddsportal.com/american-football/usa/nfl-2018-2019/tennessee-titans-washington-commanders-jDcSmomo/
17 Dec 2018,Regular,0,Carolina Panthers,New Orleans Saints,9,12,210,-270,https://www.oddsportal.com/american-football/usa/nfl-2018-2019/carolina-panthers-new-orleans-saints-Ei60hRvU/
16 Dec 2018,Regular,0,Los Angeles Rams,Philadelphia Eagles,23,30,-870,541,https://www.oddsportal.com/american-football/usa/nfl-2018-2019/los-angeles-rams-philadelphia-eagles-KU6dg7PN/
16 Dec 2018,Regular,0,Pittsburgh Steelers,New England Patriots,17,10,116,-144,https://www.oddsportal.com/american-football/usa/nfl-2018-2019/pittsburgh-steelers-new-england-patriots-tv8hfmAH/
16 Dec 2018,Regular,0,San Francisco 49ers,Seattle Seahawks,26,23,164,-206,https://www.oddsportal.com/american-football/usa/nfl-2018-2019/san-francisco-49ers-seattle-seahawks-EHydeTfB/
16 Dec 2018,Regular,0,Atlanta Falcons,Arizona Cardinals,40,14,-426,313,https://www.oddsportal.com/american-football/usa/nfl-2018-2019/atlanta-falcons-arizona-cardinals-YcGMtUuI/
16 Dec 2018,Regular,0,Baltimore Ravens,Tampa Bay Buccaneers,20,12,-392,289,https://www.oddsportal.com/american-football/usa/nfl-2018-2019/baltimore-ravens-tampa-bay-buccaneers-GM5RuleO/
16 Dec 2018,Regular,0,Buffalo Bills,Detroit Lions,14,13,-154,123,https://www.oddsportal.com/american-football/usa/nfl-2018-2019/buffalo-bills-detroit-lions-6ooy0itt/
16 Dec 2018,Regular,0,Chicago Bears,Green Bay Packers,24,17,-244,189,https://www.oddsportal.com/american-football/usa/nfl-2018-2019/chicago-bears-green-bay-packers-fD4Vv8AU/
16 Dec 2018,Regular,0,Cincinnati Bengals,Las Vegas Raiders,30,16,-164,132,https://www.oddsportal.com/american-football/usa/nfl-2018-2019/cincinnati-bengals-las-vegas-raiders-bsFx4cwq/
16 Dec 2018,Regular,0,Indianapolis Colts,Dallas Cowboys,23,0,-172,139,https://www.oddsportal.com/american-football/usa/nfl-2018-2019/indianapolis-colts-dallas-cowboys-t4wlckQb/
16 Dec 2018,Regular,0,Jacksonville Jaguars,Washington Commanders,13,16,-351,263,https://www.oddsportal.com/american-football/usa/nfl-2018-2019/jacksonville-jaguars-washington-commanders-S0ZqbVAh/
16 Dec 2018,Regular,0,Minnesota Vikings,Miami Dolphins,41,17,-357,269,https://www.oddsportal.com/american-football/usa/nfl-2018-2019/minnesota-vikings-miami-dolphins-zRxhd9u5/
16 Dec 2018,Regular,0,New York Giants,Tennessee Titans,0,17,107,-134,https://www.oddsportal.com/american-football/usa/nfl-2018-2019/new-york-giants-tennessee-titans-pxpuaBen/
15 Dec 2018,Regular,0,Denver Broncos,Cleveland Browns,16,17,-130,103,https://www.oddsportal.com/american-football/usa/nfl-2018-2019/denver-broncos-cleveland-browns-S0DErjB5/
15 Dec 2018,Regular,0,New York Jets,Houston Texans,22,29,231,-303,https://www.oddsportal.com/american-football/usa/nfl-2018-2019/new-york-jets-houston-texans-MNCIsAQB/
13 Dec 2018,Regular,0,Kansas City Chiefs,Los Angeles Chargers,28,29,-202,160,https://www.oddsportal.com/american-football/usa/nfl-2018-2019/kansas-city-chiefs-los-angeles-chargers-lAEAqWea/
10 Dec 2018,Regular,0,Seattle Seahawks,Minnesota Vikings,21,7,-170,135,https://www.oddsportal.com/american-football/usa/nfl-2018-2019/seattle-seahawks-minnesota-vikings-WYJ5pCtg/
09 Dec 2018,Regular,0,Chicago Bears,Los Angeles Rams,15,6,124,-155,https://www.oddsportal.com/american-football/usa/nfl-2018-2019/chicago-bears-los-angeles-rams-YwhuUjdC/
09 Dec 2018,Regular,0,Arizona Cardinals,Detroit Lions,3,17,113,-141,https://www.oddsportal.com/american-football/usa/nfl-2018-2019/arizona-cardinals-detroit-lions-MaUVjE3P/
09 Dec 2018,Regular,0,Dallas Cowboys,Philadelphia Eagles,29,23,-177,140,https://www.oddsportal.com/american-football/usa/nfl-2018-2019/dallas-cowboys-philadelphia-eagles-bLLcnYBt/
09 Dec 2018,Regular,0,Las Vegas Raiders,Pittsburgh Steelers,24,21,371,-527,https://www.oddsportal.com/american-football/usa/nfl-2018-2019/las-vegas-raiders-pittsburgh-steelers-hrL1ohRn/
09 Dec 2018,Regular,0,Los Angeles Chargers,Cincinnati Bengals,26,21,-1429,731,https://www.oddsportal.com/american-football/usa/nfl-2018-2019/los-angeles-chargers-cincinnati-bengals-KfjmSUQO/
09 Dec 2018,Regular,0,San Francisco 49ers,Denver Broncos,20,14,132,-165,https://www.oddsportal.com/american-football/usa/nfl-2018-2019/san-francisco-49ers-denver-broncos-t4iqTABI/
09 Dec 2018,Regular,0,Buffalo Bills,New York Jets,23,27,-225,178,https://www.oddsportal.com/american-football/usa/nfl-2018-2019/buffalo-bills-new-york-jets-AcrjjsDE/
09 Dec 2018,Regular,0,Cleveland Browns,Carolina Panthers,26,20,-109,-113,https://www.oddsportal.com/american-football/usa/nfl-2018-2019/cleveland-browns-carolina-panthers-fmgyVWt6/
09 Dec 2018,Regular,0,Green Bay Packers,Atlanta Falcons,34,20,-192,154,https://www.oddsportal.com/american-football/usa/nfl-2018-2019/green-bay-packers-atlanta-falcons-CO3WVCRa/
09 Dec 2018,Regular,0,Houston Texans,Indianapolis Colts,21,24,-206,162,https://www.oddsportal.com/american-football/usa/nfl-2018-2019/houston-texans-indianapolis-colts-bLaSWhCg/
09 Dec 2018,Regular,0,Kansas City Chiefs,Baltimore Ravens,27,24,-282,217,https://www.oddsportal.com/american-football/usa/nfl-2018-2019/kansas-city-chiefs-baltimore-ravens-Q71KYEss/
09 Dec 2018,Regular,0,Miami Dolphins,New England Patriots,34,33,314,-435,https://www.oddsportal.com/american-football/usa/nfl-2018-2019/miami-dolphins-new-england-patriots-I3e4SwL7/
09 Dec 2018,Regular,0,Tampa Bay Buccaneers,New Orleans Saints,14,28,318,-435,https://www.oddsportal.com/american-football/usa/nfl-2018-2019/tampa-bay-buccaneers-new-orleans-saints-4b0OXYdm/
09 Dec 2018,Regular,0,Washington Commanders,New York Giants,16,40,136,-169,https://www.oddsportal.com/american-football/usa/nfl-2018-2019/washington-commanders-new-york-giants-W6qniNc8/
06 Dec 2018,Regular,0,Tennessee Titans,Jacksonville Jaguars,30,9,-256,197,https://www.oddsportal.com/american-football/usa/nfl-2018-2019/tennessee-titans-jacksonville-jaguars-KIx1TJ51/
03 Dec 2018,Regular,0,Philadelphia Eagles,Washington Commanders,28,13,-266,206,https://www.oddsportal.com/american-football/usa/nfl-2018-2019/philadelphia-eagles-washington-commanders-xfmdUaje/
02 Dec 2018,Regular,0,Pittsburgh Steelers,Los Angeles Chargers,30,33,-172,137,https://www.oddsportal.com/american-football/usa/nfl-2018-2019/pittsburgh-steelers-los-angeles-chargers-bPHsP4EF/
02 Dec 2018,Regular,0,New England Patriots,Minnesota Vikings,24,10,-260,201,https://www.oddsportal.com/american-football/usa/nfl-2018-2019/new-england-patriots-minnesota-vikings-UTqlWLLr/
02 Dec 2018,Regular,0,Seattle Seahawks,San Francisco 49ers,43,16,-465,332,https://www.oddsportal.com/american-football/usa/nfl-2018-2019/seattle-seahawks-san-francisco-49ers-b3lhVuyk/
02 Dec 2018,Regular,0,Las Vegas Raiders,Kansas City Chiefs,33,40,558,-909,https://www.oddsportal.com/american-football/usa/nfl-2018-2019/las-vegas-raiders-kansas-city-chiefs-SKcMz2DR/
02 Dec 2018,Regular,0,Tennessee Titans,New York Jets,26,22,-488,351,https://www.oddsportal.com/american-football/usa/nfl-2018-2019/tennessee-titans-new-york-jets-pd8HyrbL/
02 Dec 2018,Regular,0,Atlanta Falcons,Baltimore Ravens,16,26,-149,120,https://www.oddsportal.com/american-football/usa/nfl-2018-2019/atlanta-falcons-baltimore-ravens-6kLkNrqS/
02 Dec 2018,Regular,0,Cincinnati Bengals,Denver Broncos,10,24,147,-185,https://www.oddsportal.com/american-football/usa/nfl-2018-2019/cincinnati-bengals-denver-broncos-Kd1QGtMe/
02 Dec 2018,Regular,0,Detroit Lions,Los Angeles Rams,16,30,362,-513,https://www.oddsportal.com/american-football/usa/nfl-2018-2019/detroit-lions-los-angeles-rams-xW49w4T8/
02 Dec 2018,Regular,0,Green Bay Packers,Arizona Cardinals,17,20,-909,568,https://www.oddsportal.com/american-football/usa/nfl-2018-2019/green-bay-packers-arizona-cardinals-Wh4DxOrF/
02 Dec 2018,Regular,0,Houston Texans,Cleveland Browns,29,13,-235,185,https://www.oddsportal.com/american-football/usa/nfl-2018-2019/houston-texans-cleveland-browns-bm0UF0y2/
02 Dec 2018,Regular,0,Jacksonville Jaguars,Indianapolis Colts,6,0,172,-220,https://www.oddsportal.com/american-football/usa/nfl-2018-2019/jacksonville-jaguars-indianapolis-colts-bu65vpE2/
02 Dec 2018,Regular,0,Miami Dolphins,Buffalo Bills,21,17,-196,156,https://www.oddsportal.com/american-football/usa/nfl-2018-2019/miami-dolphins-buffalo-bills-CWcII2iq/
02 Dec 2018,Regular,0,New York Giants,Chicago Bears,30,27,155,-198,https://www.oddsportal.com/american-football/usa/nfl-2018-2019/new-york-giants-chicago-bears-QZ1MHM6k/
02 Dec 2018,Regular,0,Tampa Bay Buccaneers,Carolina Panthers,24,17,148,-187,https://www.oddsportal.com/american-football/usa/nfl-2018-2019/tampa-bay-buccaneers-carolina-panthers-SbMoOOTL/
29 Nov 2018,Regular,0,Dallas Cowboys,New Orleans Saints,13,10,262,-351,https://www.oddsportal.com/american-football/usa/nfl-2018-2019/dallas-cowboys-new-orleans-saints-KYIwQpa9/
26 Nov 2018,Regular,0,Houston Texans,Tennessee Titans,34,17,-196,157,https://www.oddsportal.com/american-football/usa/nfl-2018-2019/houston-texans-tennessee-titans-xATYQQq3/
25 Nov 2018,Regular,0,Minnesota Vikings,Green Bay Packers,24,17,-180,144,https://www.oddsportal.com/american-football/usa/nfl-2018-2019/minnesota-vikings-green-bay-packers-QZPUR6Ud/
25 Nov 2018,Regular,0,Denver Broncos,Pittsburgh Steelers,24,17,136,-169,https://www.oddsportal.com/american-football/usa/nfl-2018-2019/denver-broncos-pittsburgh-steelers-CWym3Nid/
25 Nov 2018,Regular,0,Indianapolis Colts,Miami Dolphins,27,24,-392,291,https://www.oddsportal.com/american-football/usa/nfl-2018-2019/indianapolis-colts-miami-dolphins-6Vh4BopG/
25 Nov 2018,Regular,0,Los Angeles Chargers,Arizona Cardinals,45,10,-1001,583,https://www.oddsportal.com/american-football/usa/nfl-2018-2019/los-angeles-chargers-arizona-cardinals-Yuwq43xj/
25 Nov 2018,Regular,0,Buffalo Bills,Jacksonville Jaguars,24,21,132,-165,https://www.oddsportal.com/american-football/usa/nfl-2018-2019/buffalo-bills-jacksonville-jaguars-ClilFTpi/
25 Nov 2018,Regular,0,Carolina Panthers,Seattle Seahawks,27,30,-166,133,https://www.oddsportal.com/american-football/usa/nfl-2018-2019/carolina-panthers-seattle-seahawks-jujhEm0c/
25 Nov 2018,Regular,0,Cincinnati Bengals,Cleveland Browns,20,35,-110,-113,https://www.oddsportal.com/american-football/usa/nfl-2018-2019/cincinnati-bengals-cleveland-browns-pG4eD7F3/
25 Nov 2018,Regular,0,Baltimore Ravens,Las Vegas Raiders,34,17,-769,500,https://www.oddsportal.com/american-football/usa/nfl-2018-2019/baltimore-ravens-las-vegas-raiders-O63aCRU9/
25 Nov 2018,Regular,0,New York Jets,New England Patriots,13,27,448,-667,https://www.oddsportal.com/american-football/usa/nfl-2018-2019/new-york-jets-new-england-patriots-EedC9PES/
25 Nov 2018,Regular,0,Philadelphia Eagles,New York Giants,25,22,-222,174,https://www.oddsportal.com/american-football/usa/nfl-2018-2019/philadelphia-eagles-new-york-giants-KYd8A5aM/
25 Nov 2018,Regular,0,Tampa Bay Buccaneers,San Francisco 49ers,27,9,-130,105,https://www.oddsportal.com/american-football/usa/nfl-2018-2019/tampa-bay-buccaneers-san-francisco-49ers-G4rv5qNq/
22 Nov 2018,Regular,0,New Orleans Saints,Atlanta Falcons,31,17,-645,436,https://www.oddsportal.com/american-football/usa/nfl-2018-2019/new-orleans-saints-atlanta-falcons-AqD5jp8j/
22 Nov 2018,Regular,0,Dallas Cowboys,Washington Commanders,31,23,-357,267,https://www.oddsportal.com/american-football/usa/nfl-2018-2019/dallas-cowboys-washington-commanders-dt91iQhp/
22 Nov 2018,Regular,0,Detroit Lions,Chicago Bears,16,23,139,-174,https://www.oddsportal.com/american-football/usa/nfl-2018-2019/detroit-lions-chicago-bears-v1MZe6pT/
19 Nov 2018,Regular,0,Los Angeles Rams,Kansas City Chiefs,54,51,-171,137,https://www.oddsportal.com/american-football/usa/nfl-2018-2019/los-angeles-rams-kansas-city-chiefs-0ANVdnVM/
18 Nov 2018,Regular,0,Chicago Bears,Minnesota Vikings,25,20,-142,114,https://www.oddsportal.com/american-football/usa/nfl-2018-2019/chicago-bears-minnesota-vikings-M1TsbyAa/
18 Nov 2018,Regular,0,New Orleans Saints,Philadelphia Eagles,48,7,-317,243,https://www.oddsportal.com/american-football/usa/nfl-2018-2019/new-orleans-saints-philadelphia-eagles-xWx62j1o/
18 Nov 2018,Regular,0,Arizona Cardinals,Las Vegas Raiders,21,23,-208,165,https://www.oddsportal.com/american-football/usa/nfl-2018-2019/arizona-cardinals-las-vegas-raiders-4rUMb80A/
18 Nov 2018,Regular,0,Los Angeles Chargers,Denver Broncos,22,23,-333,251,https://www.oddsportal.com/american-football/usa/nfl-2018-2019/los-angeles-chargers-denver-broncos-ALUIalo4/
18 Nov 2018,Regular,0,Atlanta Falcons,Dallas Cowboys,19,22,-188,151,https://www.oddsportal.com/american-football/usa/nfl-2018-2019/atlanta-falcons-dallas-cowboys-lGqOw7Op/
18 Nov 2018,Regular,0,Baltimore Ravens,Cincinnati Bengals,24,21,-282,215,https://www.oddsportal.com/american-football/usa/nfl-2018-2019/baltimore-ravens-cincinnati-bengals-GOSoceP5/
18 Nov 2018,Regular,0,Detroit Lions,Carolina Panthers,20,19,164,-210,https://www.oddsportal.com/american-football/usa/nfl-2018-2019/detroit-lions-carolina-panthers-CjMfeZgI/
18 Nov 2018,Regular,0,Indianapolis Colts,Tennessee Titans,38,10,-129,103,https://www.oddsportal.com/american-football/usa/nfl-2018-2019/indianapolis-colts-tennessee-titans-URWkdFvC/
18 Nov 2018,Regular,0,Jacksonville Jaguars,Pittsburgh Steelers,16,20,168,-212,https://www.oddsportal.com/american-football/usa/nfl-2018-2019/jacksonville-jaguars-pittsburgh-steelers-rZSQcSFG/
18 Nov 2018,Regular,0,New York Giants,Tampa Bay Buccaneers,38,35,-168,135,https://www.oddsportal.com/american-football/usa/nfl-2018-2019/new-york-giants-tampa-bay-buccaneers-boRE0UVc/
18 Nov 2018,Regular,0,Washington Commanders,Houston Texans,21,23,140,-177,https://www.oddsportal.com/american-football/usa/nfl-2018-2019/washington-commanders-houston-texans-GMyA1AGi/
15 Nov 2018,Regular,0,Seattle Seahawks,Green Bay Packers,27,24,-162,131,https://www.oddsportal.com/american-football/usa/nfl-2018-2019/seattle-seahawks-green-bay-packers-rBUwaHfg/
12 Nov 2018,Regular,0,San Francisco 49ers,New York Giants,23,27,-173,137,https://www.oddsportal.com/american-football/usa/nfl-2018-2019/san-francisco-49ers-new-york-giants-2aDt0cum/
11 Nov 2018,Regular,0,Philadelphia Eagles,Dallas Cowboys,20,27,-371,277,https://www.oddsportal.com/american-football/usa/nfl-2018-2019/philadelphia-eagles-dallas-cowboys-O8Ex1wQt/
11 Nov 2018,Regular,0,Green Bay Packers,Miami Dolphins,31,12,-769,494,https://www.oddsportal.com/american-football/usa/nfl-2018-2019/green-bay-packers-miami-dolphins-8K6V8X6K/
11 Nov 2018,Regular,0,Los Angeles Rams,Seattle Seahawks,36,31,-435,316,https://www.oddsportal.com/american-football/usa/nfl-2018-2019/los-angeles-rams-seattle-seahawks-6TRA5JHP/
11 Nov 2018,Regular,0,Las Vegas Raiders,Los Angeles Chargers,6,20,365,-526,https://www.oddsportal.com/american-football/usa/nfl-2018-2019/las-vegas-raiders-los-angeles-chargers-hQN66a2J/
11 Nov 2018,Regular,0,Chicago Bears,Detroit Lions,34,22,-328,247,https://www.oddsportal.com/american-football/usa/nfl-2018-2019/chicago-bears-detroit-lions-MRn62Vql/
11 Nov 2018,Regular,0,Cincinnati Bengals,New Orleans Saints,14,51,211,-274,https://www.oddsportal.com/american-football/usa/nfl-2018-2019/cincinnati-bengals-new-orleans-saints-S4m23BUs/
11 Nov 2018,Regular,0,Cleveland Browns,Atlanta Falcons,28,16,187,-238,https://www.oddsportal.com/american-football/usa/nfl-2018-2019/cleveland-browns-atlanta-falcons-Qe1z8iMQ/
11 Nov 2018,Regular,0,Indianapolis Colts,Jacksonville Jaguars,29,26,-164,132,https://www.oddsportal.com/american-football/usa/nfl-2018-2019/indianapolis-colts-jacksonville-jaguars-KC591kaf/
11 Nov 2018,Regular,0,Kansas City Chiefs,Arizona Cardinals,26,14,-1670,802,https://www.oddsportal.com/american-football/usa/nfl-2018-2019/kansas-city-chiefs-arizona-cardinals-2yeE09E0/
11 Nov 2018,Regular,0,New York Jets,Buffalo Bills,10,41,-307,234,https://www.oddsportal.com/american-football/usa/nfl-2018-2019/new-york-jets-buffalo-bills-A1bMbmqD/
11 Nov 2018,Regular,0,Tampa Bay Buccaneers,Washington Commanders,3,16,-183,145,https://www.oddsportal.com/american-football/usa/nfl-2018-2019/tampa-bay-buccaneers-washington-commanders-tSgIaTT6/
11 Nov 2018,Regular,0,Tennessee Titans,New England Patriots,34,10,224,-294,https://www.oddsportal.com/american-football/usa/nfl-2018-2019/tennessee-titans-new-england-patriots-lhcQc7bJ/
08 Nov 2018,Regular,0,Pittsburgh Steelers,Carolina Panthers,52,21,-193,153,https://www.oddsportal.com/american-football/usa/nfl-2018-2019/pittsburgh-steelers-carolina-panthers-UT7R9DiE/
05 Nov 2018,Regular,0,Dallas Cowboys,Tennessee Titans,14,28,-227,178,https://www.oddsportal.com/american-football/usa/nfl-2018-2019/dallas-cowboys-tennessee-titans-GQJqoUED/
04 Nov 2018,Regular,0,New England Patriots,Green Bay Packers,31,17,-233,181,https://www.oddsportal.com/american-football/usa/nfl-2018-2019/new-england-patriots-green-bay-packers-2NFunAa7/
04 Nov 2018,Regular,0,New Orleans Saints,Los Angeles Rams,45,35,104,-129,https://www.oddsportal.com/american-football/usa/nfl-2018-2019/new-orleans-saints-los-angeles-rams-KbQzmjp1/
04 Nov 2018,Regular,0,Denver Broncos,Houston Texans,17,19,-119,-103,https://www.oddsportal.com/american-football/usa/nfl-2018-2019/denver-broncos-houston-texans-YsSSlCFl/
04 Nov 2018,Regular,0,Seattle Seahawks,Los Angeles Chargers,17,25,-112,-111,https://www.oddsportal.com/american-football/usa/nfl-2018-2019/seattle-seahawks-los-angeles-chargers-t8RWmWUf/
04 Nov 2018,Regular,0,Baltimore Ravens,Pittsburgh Steelers,16,23,-129,103,https://www.oddsportal.com/american-football/usa/nfl-2018-2019/baltimore-ravens-pittsburgh-steelers-z7nheExL/
04 Nov 2018,Regular,0,Buffalo Bills,Chicago Bears,9,41,365,-527,https://www.oddsportal.com/american-football/usa/nfl-2018-2019/buffalo-bills-chicago-bears-Qy51YjV7/
04 Nov 2018,Regular,0,Carolina Panthers,Tampa Bay Buccaneers,42,28,-303,230,https://www.oddsportal.com/american-football/usa/nfl-2018-2019/carolina-panthers-tampa-bay-buccaneers-tpmldfNE/
04 Nov 2018,Regular,0,Cleveland Browns,Kansas City Chiefs,21,37,289,-385,https://www.oddsportal.com/american-football/usa/nfl-2018-2019/cleveland-browns-kansas-city-chiefs-no6cZWF1/
04 Nov 2018,Regular,0,Miami Dolphins,New York Jets,13,6,-155,124,https://www.oddsportal.com/american-football/usa/nfl-2018-2019/miami-dolphins-new-york-jets-2glpcz88/
04 Nov 2018,Regular,0,Minnesota Vikings,Detroit Lions,24,9,-224,178,https://www.oddsportal.com/american-football/usa/nfl-2018-2019/minnesota-vikings-detroit-lions-fiTOkh0r/
04 Nov 2018,Regular,0,Washington Commanders,Atlanta Falcons,14,38,-122,-101,https://www.oddsportal.com/american-football/usa/nfl-2018-2019/washington-commanders-atlanta-falcons-lAjdfYiR/
01 Nov 2018,Regular,0,San Francisco 49ers,Las Vegas Raiders,34,3,101,-125,https://www.oddsportal.com/american-football/usa/nfl-2018-2019/san-francisco-49ers-las-vegas-raiders-hO6gzD0e/
29 Oct 2018,Regular,0,Buffalo Bills,New England Patriots,6,25,627,-1112,https://www.oddsportal.com/american-football/usa/nfl-2018-2019/buffalo-bills-new-england-patriots-tl3kygok/
28 Oct 2018,Regular,0,Minnesota Vikings,New Orleans Saints,20,30,117,-147,https://www.oddsportal.com/american-football/usa/nfl-2018-2019/minnesota-vikings-new-orleans-saints-dGRItFNR/
28 Oct 2018,Regular,0,Arizona Cardinals,San Francisco 49ers,18,15,123,-154,https://www.oddsportal.com/american-football/usa/nfl-2018-2019/arizona-cardinals-san-francisco-49ers-ljOArygF/
28 Oct 2018,Regular,0,Los Angeles Rams,Green Bay Packers,29,27,-345,256,https://www.oddsportal.com/american-football/usa/nfl-2018-2019/los-angeles-rams-green-bay-packers-StNEse8L/
28 Oct 2018,Regular,0,Las Vegas Raiders,Indianapolis Colts,28,42,149,-188,https://www.oddsportal.com/american-football/usa/nfl-2018-2019/las-vegas-raiders-indianapolis-colts-6RY5qHw9/
28 Oct 2018,Regular,0,Carolina Panthers,Baltimore Ravens,36,21,115,-145,https://www.oddsportal.com/american-football/usa/nfl-2018-2019/carolina-panthers-baltimore-ravens-vLtKLDo2/
28 Oct 2018,Regular,0,Chicago Bears,New York Jets,24,10,-426,307,https://www.oddsportal.com/american-football/usa/nfl-2018-2019/chicago-bears-new-york-jets-hOU1pcO2/
28 Oct 2018,Regular,0,Cincinnati Bengals,Tampa Bay Buccaneers,37,34,-189,150,https://www.oddsportal.com/american-football/usa/nfl-2018-2019/cincinnati-bengals-tampa-bay-buccaneers-0UsGMgWe/
28 Oct 2018,Regular,0,Detroit Lions,Seattle Seahawks,14,28,-165,133,https://www.oddsportal.com/american-football/usa/nfl-2018-2019/detroit-lions-seattle-seahawks-fHCFOF1q/
28 Oct 2018,Regular,0,Kansas City Chiefs,Denver Broncos,30,23,-417,309,https://www.oddsportal.com/american-football/usa/nfl-2018-2019/kansas-city-chiefs-denver-broncos-2LlntrXG/
28 Oct 2018,Regular,0,New York Giants,Washington Commanders,13,20,-106,-117,https://www.oddsportal.com/american-football/usa/nfl-2018-2019/new-york-giants-washington-commanders-lIprsOHA/
28 Oct 2018,Regular,0,Pittsburgh Steelers,Cleveland Browns,33,18,-400,296,https://www.oddsportal.com/american-football/usa/nfl-2018-2019/pittsburgh-steelers-cleveland-browns-Y7BJNZGk/
28 Oct 2018,Regular,1,Jacksonville Jaguars,Philadelphia Eagles,18,24,163,-206,https://www.oddsportal.com/american-football/usa/nfl-2018-2019/jacksonville-jaguars-philadelphia-eagles-bPDpxZVr/
25 Oct 2018,Regular,0,Houston Texans,Miami Dolphins,42,23,-357,266,https://www.oddsportal.com/american-football/usa/nfl-2018-2019/houston-texans-miami-dolphins-6gewr424/
22 Oct 2018,Regular,0,Atlanta Falcons,New York Giants,23,20,-215,170,https://www.oddsportal.com/american-football/usa/nfl-2018-2019/atlanta-falcons-new-york-giants-S2dZrpmb/
21 Oct 2018,Regular,0,Kansas City Chiefs,Cincinnati Bengals,45,10,-286,218,https://www.oddsportal.com/american-football/usa/nfl-2018-2019/kansas-city-chiefs-cincinnati-bengals-OAwmXnln/
21 Oct 2018,Regular,0,San Francisco 49ers,Los Angeles Rams,10,39,314,-435,https://www.oddsportal.com/american-football/usa/nfl-2018-2019/san-francisco-49ers-los-angeles-rams-KxgRp6Io/
21 Oct 2018,Regular,0,Washington Commanders,Dallas Cowboys,20,17,103,-128,https://www.oddsportal.com/american-football/usa/nfl-2018-2019/washington-commanders-dallas-cowboys-IXErMMuo/
21 Oct 2018,Regular,0,Baltimore Ravens,New Orleans Saints,23,24,-147,117,https://www.oddsportal.com/american-football/usa/nfl-2018-2019/baltimore-ravens-new-orleans-saints-ruOGQ2XT/
21 Oct 2018,Regular,0,Chicago Bears,New England Patriots,31,38,101,-126,https://www.oddsportal.com/american-football/usa/nfl-2018-2019/chicago-bears-new-england-patriots-ARP8SO2H/
21 Oct 2018,Regular,0,Indianapolis Colts,Buffalo Bills,37,5,-317,242,https://www.oddsportal.com/american-football/usa/nfl-2018-2019/indianapolis-colts-buffalo-bills-hjV3T4mB/
21 Oct 2018,Regular,0,Jacksonville Jaguars,Houston Texans,7,20,-202,160,https://www.oddsportal.com/american-football/usa/nfl-2018-2019/jacksonville-jaguars-houston-texans-EaWaUpY4/
21 Oct 2018,Regular,0,Miami Dolphins,Detroit Lions,21,32,134,-168,https://www.oddsportal.com/american-football/usa/nfl-2018-2019/miami-dolphins-detroit-lions-lIOCRrIN/
21 Oct 2018,Regular,0,New York Jets,Minnesota Vikings,17,37,150,-189,https://www.oddsportal.com/american-football/usa/nfl-2018-2019/new-york-jets-minnesota-vikings-6ZSiW63h/
21 Oct 2018,Regular,0,Philadelphia Eagles,Carolina Panthers,17,21,-238,185,https://www.oddsportal.com/american-football/usa/nfl-2018-2019/philadelphia-eagles-carolina-panthers-KxXeVQIb/
21 Oct 2018,Regular,0,Tampa Bay Buccaneers,Cleveland Browns,26,23,-188,151,https://www.oddsportal.com/american-football/usa/nfl-2018-2019/tampa-bay-buccaneers-cleveland-browns-pKvqYSYu/
21 Oct 2018,Regular,1,Los Angeles Chargers,Tennessee Titans,20,19,-312,238,https://www.oddsportal.com/american-football/usa/nfl-2018-2019/los-angeles-chargers-tennessee-titans-bTiVqQXi/
18 Oct 2018,Regular,0,Arizona Cardinals,Denver Broncos,10,45,-112,-111,https://www.oddsportal.com/american-football/usa/nfl-2018-2019/arizona-cardinals-denver-broncos-fe3wDq3U/
15 Oct 2018,Regular,0,Green Bay Packers,San Francisco 49ers,33,30,-445,322,https://www.oddsportal.com/american-football/usa/nfl-2018-2019/green-bay-packers-san-francisco-49ers-G44ZDPmO/
14 Oct 2018,Regular,0,New England Patriots,Kansas City Chiefs,43,40,-190,153,https://www.oddsportal.com/american-football/usa/nfl-2018-2019/new-england-patriots-kansas-city-chiefs-YuFUE5YH/
14 Oct 2018,Regular,0,Dallas Cowboys,Jacksonville Jaguars,40,7,141,-175,https://www.oddsportal.com/american-football/usa/nfl-2018-2019/dallas-cowboys-jacksonville-jaguars-QFBMGR35/
14 Oct 2018,Regular,0,Tennessee Titans,Baltimore Ravens,0,21,113,-140,https://www.oddsportal.com/american-football/usa/nfl-2018-2019/tennessee-titans-baltimore-ravens-KxBQFoJB/
14 Oct 2018,Regular,0,Denver Broncos,Los Angeles Rams,20,23,238,-312,https://www.oddsportal.com/american-football/usa/nfl-2018-2019/denver-broncos-los-angeles-rams-nPCIH7la/
14 Oct 2018,Regular,0,Atlanta Falcons,Tampa Bay Buccaneers,34,29,-160,128,https://www.oddsportal.com/american-football/usa/nfl-2018-2019/atlanta-falcons-tampa-bay-buccaneers-Q1Wm2SlC/
14 Oct 2018,Regular,0,Cincinnati Bengals,Pittsburgh Steelers,21,28,-125,101,https://www.oddsportal.com/american-football/usa/nfl-2018-2019/cincinnati-bengals-pittsburgh-steelers-UmIDImZh/
14 Oct 2018,Regular,0,Cleveland Browns,Los Angeles Chargers,14,38,-115,-107,https://www.oddsportal.com/american-football/usa/nfl-2018-2019/cleveland-browns-los-angeles-chargers-jcJ9JTJn/
14 Oct 2018,Regular,0,Houston Texans,Buffalo Bills,20,13,-541,371,https://www.oddsportal.com/american-football/usa/nfl-2018-2019/houston-texans-buffalo-bills-dzK5K94t/
14 Oct 2018,Regular,1,Las Vegas Raiders,Seattle Seahawks,3,27,128,-159,https://www.oddsportal.com/american-football/usa/nfl-2018-2019/las-vegas-raiders-seattle-seahawks-YRZe06JO/
14 Oct 2018,Regular,0,Miami Dolphins,Chicago Bears,31,28,253,-339,https://www.oddsportal.com/american-football/usa/nfl-2018-2019/miami-dolphins-chicago-bears-zXDvPkdP/
14 Oct 2018,Regular,0,Minnesota Vikings,Arizona Cardinals,27,17,-465,338,https://www.oddsportal.com/american-football/usa/nfl-2018-2019/minnesota-vikings-arizona-cardinals-fyyh1n4I/
14 Oct 2018,Regular,0,New York Jets,Indianapolis Colts,42,34,-138,111,https://www.oddsportal.com/american-football/usa/nfl-2018-2019/new-york-jets-indianapolis-colts-4nru4lKa/
14 Oct 2018,Regular,0,Washington Commanders,Carolina Panthers,23,17,-101,-121,https://www.oddsportal.com/american-football/usa/nfl-2018-2019/washington-commanders-carolina-panthers-nBXq38Z5/
11 Oct 2018,Regular,0,New York Giants,Philadelphia Eagles,13,34,108,-135,https://www.oddsportal.com/american-football/usa/nfl-2018-2019/new-york-giants-philadelphia-eagles-jqvy5U4g/
08 Oct 2018,Regular,0,New Orleans Saints,Washington Commanders,43,19,-267,207,https://www.oddsportal.com/american-football/usa/nfl-2018-2019/new-orleans-saints-washington-commanders-dMvX5Akm/
07 Oct 2018,Regular,0,Houston Texans,Dallas Cowboys,19,16,-177,140,https://www.oddsportal.com/american-football/usa/nfl-2018-2019/houston-texans-dallas-cowboys-IVuT6jzs/
07 Oct 2018,Regular,0,Philadelphia Eagles,Minnesota Vikings,21,23,-182,144,https://www.oddsportal.com/american-football/usa/nfl-2018-2019/philadelphia-eagles-minnesota-vikings-E1y8BWRP/
07 Oct 2018,Regular,0,San Francisco 49ers,Arizona Cardinals,18,28,-165,133,https://www.oddsportal.com/american-football/usa/nfl-2018-2019/san-francisco-49ers-arizona-cardinals-zBx4CCCJ/
07 Oct 2018,Regular,0,Seattle Seahawks,Los Angeles Rams,31,33,262,-351,https://www.oddsportal.com/american-football/usa/nfl-2018-2019/seattle-seahawks-los-angeles-rams-M7lMmTZI/
07 Oct 2018,Regular,0,Los Angeles Chargers,Las Vegas Raiders,26,10,-235,185,https://www.oddsportal.com/american-football/usa/nfl-2018-2019/los-angeles-chargers-las-vegas-raiders-84pIl9KC/
07 Oct 2018,Regular,0,Buffalo Bills,Tennessee Titans,13,12,210,-270,https://www.oddsportal.com/american-football/usa/nfl-2018-2019/buffalo-bills-tennessee-titans-hUyPBuM8/
07 Oct 2018,Regular,0,Kansas City Chiefs,Jacksonville Jaguars,30,14,-155,124,https://www.oddsportal.com/american-football/usa/nfl-2018-2019/kansas-city-chiefs-jacksonville-jaguars-niyTAayF/
07 Oct 2018,Regular,0,New York Jets,Denver Broncos,34,16,-106,-117,https://www.oddsportal.com/american-football/usa/nfl-2018-2019/new-york-jets-denver-broncos-EwwLCL62/
07 Oct 2018,Regular,0,Pittsburgh Steelers,Atlanta Falcons,41,17,-184,147,https://www.oddsportal.com/american-football/usa/nfl-2018-2019/pittsburgh-steelers-atlanta-falcons-d03dgX5s/
07 Oct 2018,Regular,0,Carolina Panthers,New York Giants,33,31,-294,228,https://www.oddsportal.com/american-football/usa/nfl-2018-2019/carolina-panthers-new-york-giants-IFi5iBzf/
07 Oct 2018,Regular,0,Cincinnati Bengals,Miami Dolphins,27,17,-266,206,https://www.oddsportal.com/american-football/usa/nfl-2018-2019/cincinnati-bengals-miami-dolphins-vPh1hiLm/
07 Oct 2018,Regular,0,Cleveland Browns,Baltimore Ravens,12,9,139,-173,https://www.oddsportal.com/american-football/usa/nfl-2018-2019/cleveland-browns-baltimore-ravens-nkd9jVk0/
07 Oct 2018,Regular,0,Detroit Lions,Green Bay Packers,31,23,-122,-101,https://www.oddsportal.com/american-football/usa/nfl-2018-2019/detroit-lions-green-bay-packers-QueDkk56/
04 Oct 2018,Regular,0,New England Patriots,Indianapolis Colts,38,24,-588,406,https://www.oddsportal.com/american-football/usa/nfl-2018-2019/new-england-patriots-indianapolis-colts-xMgxlxU1/
01 Oct 2018,Regular,0,Denver Broncos,Kansas City Chiefs,23,27,155,-194,https://www.oddsportal.com/american-football/usa/nfl-2018-2019/denver-broncos-kansas-city-chiefs-bVfYlIEe/
30 Sep 2018,Regular,0,Pittsburgh Steelers,Baltimore Ravens,14,26,-170,135,https://www.oddsportal.com/american-football/usa/nfl-2018-2019/pittsburgh-steelers-baltimore-ravens-48eUkbak/
30 Sep 2018,Regular,0,Los Angeles Chargers,San Francisco 49ers,29,27,-488,342,https://www.oddsportal.com/american-football/usa/nfl-2018-2019/los-angeles-chargers-san-francisco-49ers-pOEceKyS/
30 Sep 2018,Regular,0,New York Giants,New Orleans Saints,18,33,143,-182,https://www.oddsportal.com/american-football/usa/nfl-2018-2019/new-york-giants-new-orleans-saints-j5iQjvpq/
30 Sep 2018,Regular,0,Arizona Cardinals,Seattle Seahawks,17,20,152,-192,https://www.oddsportal.com/american-football/usa/nfl-2018-2019/arizona-cardinals-seattle-seahawks-Cd1jct7F/
30 Sep 2018,Regular,0,Las Vegas Raiders,Cleveland Browns,45,42,-138,110,https://www.oddsportal.com/american-football/usa/nfl-2018-2019/las-vegas-raiders-cleveland-browns-6XFgd0ML/
30 Sep 2018,Regular,0,Atlanta Falcons,Cincinnati Bengals,36,37,-190,150,https://www.oddsportal.com/american-football/usa/nfl-2018-2019/atlanta-falcons-cincinnati-bengals-xv9w0rNd/
30 Sep 2018,Regular,0,Chicago Bears,Tampa Bay Buccaneers,48,10,-158,126,https://www.oddsportal.com/american-football/usa/nfl-2018-2019/chicago-bears-tampa-bay-buccaneers-jsDsa2x3/
30 Sep 2018,Regular,0,Dallas Cowboys,Detroit Lions,26,24,-146,116,https://www.oddsportal.com/american-football/usa/nfl-2018-2019/dallas-cowboys-detroit-lions-Y52nbMi9/
30 Sep 2018,Regular,0,Green Bay Packers,Buffalo Bills,22,0,-409,295,https://www.oddsportal.com/american-football/usa/nfl-2018-2019/green-bay-packers-buffalo-bills-OzLeyapd/
30 Sep 2018,Regular,0,Indianapolis Colts,Houston Texans,34,37,-104,-119,https://www.oddsportal.com/american-football/usa/nfl-2018-2019/indianapolis-colts-houston-texans-S8RnwLFq/
30 Sep 2018,Regular,0,Jacksonville Jaguars,New York Jets,31,12,-345,259,https://www.oddsportal.com/american-football/usa/nfl-2018-2019/jacksonville-jaguars-new-york-jets-QauLs17S/
30 Sep 2018,Regular,0,New England Patriots,Miami Dolphins,38,7,-286,219,https://www.oddsportal.com/american-football/usa/nfl-2018-2019/new-england-patriots-miami-dolphins-ppMixuVk/
30 Sep 2018,Regular,0,Tennessee Titans,Philadelphia Eagles,26,23,121,-152,https://www.oddsportal.com/american-football/usa/nfl-2018-2019/tennessee-titans-philadelphia-eagles-WxtHrshM/
27 Sep 2018,Regular,0,Los Angeles Rams,Minnesota Vikings,38,31,-308,233,https://www.oddsportal.com/american-football/usa/nfl-2018-2019/los-angeles-rams-minnesota-vikings-K2xDqNxG/
24 Sep 2018,Regular,0,Tampa Bay Buccaneers,Pittsburgh Steelers,27,30,-122,-101,https://www.oddsportal.com/american-football/usa/nfl-2018-2019/tampa-bay-buccaneers-pittsburgh-steelers-xvm8p3N9/
23 Sep 2018,Regular,0,Detroit Lions,New England Patriots,26,10,239,-312,https://www.oddsportal.com/american-football/usa/nfl-2018-2019/detroit-lions-new-england-patriots-bml4oq83/
23 Sep 2018,Regular,0,Arizona Cardinals,Chicago Bears,14,16,192,-247,https://www.oddsportal.com/american-football/usa/nfl-2018-2019/arizona-cardinals-chicago-bears-UDq0nPhc/
23 Sep 2018,Regular,0,Seattle Seahawks,Dallas Cowboys,24,13,-116,-105,https://www.oddsportal.com/american-football/usa/nfl-2018-2019/seattle-seahawks-dallas-cowboys-jNpdm5wi/
23 Sep 2018,Regular,0,Los Angeles Rams,Los Angeles Chargers,35,23,-317,240,https://www.oddsportal.com/american-football/usa/nfl-2018-2019/los-angeles-rams-los-angeles-chargers-nkKFvDZj/
23 Sep 2018,Regular,0,Atlanta Falcons,New Orleans Saints,37,43,-127,102,https://www.oddsportal.com/american-football/usa/nfl-2018-2019/atlanta-falcons-new-orleans-saints-SOLRkwrh/
23 Sep 2018,Regular,0,Baltimore Ravens,Denver Broncos,27,14,-230,177,https://www.oddsportal.com/american-football/usa/nfl-2018-2019/baltimore-ravens-denver-broncos-IDEvmySA/
23 Sep 2018,Regular,0,Carolina Panthers,Cincinnati Bengals,31,21,-153,122,https://www.oddsportal.com/american-football/usa/nfl-2018-2019/carolina-panthers-cincinnati-bengals-YoGBugKp/
23 Sep 2018,Regular,0,Houston Texans,New York Giants,22,27,-278,213,https://www.oddsportal.com/american-football/usa/nfl-2018-2019/houston-texans-new-york-giants-G6TqpZBT/
23 Sep 2018,Regular,0,Jacksonville Jaguars,Tennessee Titans,6,9,-541,378,https://www.oddsportal.com/american-football/usa/nfl-2018-2019/jacksonville-jaguars-tennessee-titans-d4DrnesH/
23 Sep 2018,Regular,0,Kansas City Chiefs,San Francisco 49ers,38,27,-266,203,https://www.oddsportal.com/american-football/usa/nfl-2018-2019/kansas-city-chiefs-san-francisco-49ers-xGUuoFdN/
23 Sep 2018,Regular,0,Miami Dolphins,Las Vegas Raiders,28,20,-147,118,https://www.oddsportal.com/american-football/usa/nfl-2018-2019/miami-dolphins-las-vegas-raiders-AmBWlccb/
23 Sep 2018,Regular,0,Minnesota Vikings,Buffalo Bills,6,27,-1539,750,https://www.oddsportal.com/american-football/usa/nfl-2018-2019/minnesota-vikings-buffalo-bills-OjFzlHC4/
23 Sep 2018,Regular,0,Philadelphia Eagles,Indianapolis Colts,20,16,-282,215,https://www.oddsportal.com/american-football/usa/nfl-2018-2019/philadelphia-eagles-indianapolis-colts-0ITuSZko/
23 Sep 2018,Regular,0,Washington Commanders,Green Bay Packers,31,17,108,-135,https://www.oddsportal.com/american-football/usa/nfl-2018-2019/washington-commanders-green-bay-packers-lYMNjJSo/
20 Sep 2018,Regular,0,Cleveland Browns,New York Jets,21,17,-179,143,https://www.oddsportal.com/american-football/usa/nfl-2018-2019/cleveland-browns-new-york-jets-b9sEWFsU/
17 Sep 2018,Regular,0,Chicago Bears,Seattle Seahawks,24,17,-227,178,https://www.oddsportal.com/american-football/usa/nfl-2018-2019/chicago-bears-seattle-seahawks-Gph9XeSN/
16 Sep 2018,Regular,0,Dallas Cowboys,New York Giants,20,13,-155,124,https://www.oddsportal.com/american-football/usa/nfl-2018-2019/dallas-cowboys-new-york-giants-IaZ5YyDH/
16 Sep 2018,Regular,0,Denver Broncos,Las Vegas Raiders,20,19,-257,200,https://www.oddsportal.com/american-football/usa/nfl-2018-2019/denver-broncos-las-vegas-raiders-pnybzbr5/
16 Sep 2018,Regular,0,Jacksonville Jaguars,New England Patriots,31,20,107,-134,https://www.oddsportal.com/american-football/usa/nfl-2018-2019/jacksonville-jaguars-new-england-patriots-Oxz2ZHcB/
16 Sep 2018,Regular,0,Los Angeles Rams,Arizona Cardinals,34,0,-834,523,https://www.oddsportal.com/american-football/usa/nfl-2018-2019/los-angeles-rams-arizona-cardinals-SAtgyvTb/
16 Sep 2018,Regular,0,San Francisco 49ers,Detroit Lions,30,27,-247,195,https://www.oddsportal.com/american-football/usa/nfl-2018-2019/san-francisco-49ers-detroit-lions-lKskxKDh/
16 Sep 2018,Regular,0,Atlanta Falcons,Carolina Panthers,31,24,-238,185,https://www.oddsportal.com/american-football/usa/nfl-2018-2019/atlanta-falcons-carolina-panthers-YqkIZQif/
16 Sep 2018,Regular,0,Green Bay Packers,Minnesota Vikings,29,29,101,-126,https://www.oddsportal.com/american-football/usa/nfl-2018-2019/green-bay-packers-minnesota-vikings-tfvsvtqt/
16 Sep 2018,Regular,0,New Orleans Saints,Cleveland Browns,21,18,-465,338,https://www.oddsportal.com/american-football/usa/nfl-2018-2019/new-orleans-saints-cleveland-browns-tGyZVriJ/
16 Sep 2018,Regular,0,New York Jets,Miami Dolphins,12,20,-164,131,https://www.oddsportal.com/american-football/usa/nfl-2018-2019/new-york-jets-miami-dolphins-2PxVWOyD/
16 Sep 2018,Regular,0,Pittsburgh Steelers,Kansas City Chiefs,37,42,-208,165,https://www.oddsportal.com/american-football/usa/nfl-2018-2019/pittsburgh-steelers-kansas-city-chiefs-G8vNYp70/
16 Sep 2018,Regular,0,Tampa Bay Buccaneers,Philadelphia Eagles,27,21,127,-159,https://www.oddsportal.com/american-football/usa/nfl-2018-2019/tampa-bay-buccaneers-philadelphia-eagles-QJoAymNs/
16 Sep 2018,Regular,0,Tennessee Titans,Houston Texans,20,17,151,-191,https://www.oddsportal.com/american-football/usa/nfl-2018-2019/tennessee-titans-houston-texans-fawRX4M6/
16 Sep 2018,Regular,0,Washington Commanders,Indianapolis Colts,9,21,-241,188,https://www.oddsportal.com/american-football/usa/nfl-2018-2019/washington-commanders-indianapolis-colts-KtoEz7xl/
16 Sep 2018,Regular,0,Buffalo Bills,Los Angeles Chargers,20,31,255,-339,https://www.oddsportal.com/american-football/usa/nfl-2018-2019/buffalo-bills-los-angeles-chargers-fcrow0bn/
13 Sep 2018,Regular,0,Cincinnati Bengals,Baltimore Ravens,34,23,-107,-115,https://www.oddsportal.com/american-football/usa/nfl-2018-2019/cincinnati-bengals-baltimore-ravens-OAartTEQ/
10 Sep 2018,Regular,0,Las Vegas Raiders,Los Angeles Rams,13,33,205,-266,https://www.oddsportal.com/american-football/usa/nfl-2018-2019/las-vegas-raiders-los-angeles-rams-6Z4ws9aK/
10 Sep 2018,Regular,0,Detroit Lions,New York Jets,17,48,-322,247,https://www.oddsportal.com/american-football/usa/nfl-2018-2019/detroit-lions-new-york-jets-Sr6ZskpE/
09 Sep 2018,Regular,0,Green Bay Packers,Chicago Bears,24,23,-298,227,https://www.oddsportal.com/american-football/usa/nfl-2018-2019/green-bay-packers-chicago-bears-EuIiJ57D/
09 Sep 2018,Regular,0,Arizona Cardinals,Washington Commanders,6,24,-132,107,https://www.oddsportal.com/american-football/usa/nfl-2018-2019/arizona-cardinals-washington-commanders-KtPrLRx1/
09 Sep 2018,Regular,0,Carolina Panthers,Dallas Cowboys,16,8,-159,127,https://www.oddsportal.com/american-football/usa/nfl-2018-2019/carolina-panthers-dallas-cowboys-25EmKoh7/
09 Sep 2018,Regular,0,Denver Broncos,Seattle Seahawks,27,24,-177,141,https://www.oddsportal.com/american-football/usa/nfl-2018-2019/denver-broncos-seattle-seahawks-tjQvM7Nf/
09 Sep 2018,Regular,0,Los Angeles Chargers,Kansas City Chiefs,28,38,-185,149,https://www.oddsportal.com/american-football/usa/nfl-2018-2019/los-angeles-chargers-kansas-city-chiefs-CGLzNm8l/
09 Sep 2018,Regular,0,Baltimore Ravens,Buffalo Bills,47,3,-378,281,https://www.oddsportal.com/american-football/usa/nfl-2018-2019/baltimore-ravens-buffalo-bills-GYND7881/
09 Sep 2018,Regular,0,Cleveland Browns,Pittsburgh Steelers,21,21,149,-189,https://www.oddsportal.com/american-football/usa/nfl-2018-2019/cleveland-browns-pittsburgh-steelers-Eut0TkVK/
09 Sep 2018,Regular,0,Indianapolis Colts,Cincinnati Bengals,23,34,-105,-117,https://www.oddsportal.com/american-football/usa/nfl-2018-2019/indianapolis-colts-cincinnati-bengals-Srp4S9pR/
09 Sep 2018,Regular,0,Miami Dolphins,Tennessee Titans,27,20,-111,-112,https://www.oddsportal.com/american-football/usa/nfl-2018-2019/miami-dolphins-tennessee-titans-YPMWNThr/
09 Sep 2018,Regular,0,Minnesota Vikings,San Francisco 49ers,24,16,-256,197,https://www.oddsportal.com/american-football/usa/nfl-2018-2019/minnesota-vikings-san-francisco-49ers-KItdUVFE/
09 Sep 2018,Regular,0,New England Patriots,Houston Texans,27,20,-260,201,https://www.oddsportal.com/american-football/usa/nfl-2018-2019/new-england-patriots-houston-texans-fPMH6SN7/
09 Sep 2018,Regular,0,New Orleans Saints,Tampa Bay Buccaneers,40,48,-527,368,https://www.oddsportal.com/american-football/usa/nfl-2018-2019/new-orleans-saints-tampa-bay-buccaneers-MBO98lge/
09 Sep 2018,Regular,0,New York Giants,Jacksonville Jaguars,15,20,127,-157,https://www.oddsportal.com/american-football/usa/nfl-2018-2019/new-york-giants-jacksonville-jaguars-tSshVB08/
06 Sep 2018,Regular,0,Philadelphia Eagles,Atlanta Falcons,18,12,-110,-112,https://www.oddsportal.com/american-football/usa/nfl-2018-2019/philadelphia-eagles-atlanta-falcons-88K59Uwk/
30 Aug 2018,Pre-season,0,Arizona Cardinals,Denver Broncos,10,21,,,https://www.oddsportal.com/american-football/usa/nfl-2018-2019/arizona-cardinals-denver-broncos-dYnnwNne/
30 Aug 2018,Pre-season,0,San Francisco 49ers,Los Angeles Chargers,21,23,,,https://www.oddsportal.com/american-football/usa/nfl-2018-2019/san-francisco-49ers-los-angeles-chargers-jX77p5fL/
30 Aug 2018,Pre-season,0,Seattle Seahawks,Las Vegas Raiders,19,30,,,https://www.oddsportal.com/american-football/usa/nfl-2018-2019/seattle-seahawks-las-vegas-raiders-Ct93oouF/
30 Aug 2018,Pre-season,0,Kansas City Chiefs,Green Bay Packers,33,21,,,https://www.oddsportal.com/american-football/usa/nfl-2018-2019/kansas-city-chiefs-green-bay-packers-OKS8P3Ie/
30 Aug 2018,Pre-season,0,Chicago Bears,Buffalo Bills,27,28,,,https://www.oddsportal.com/american-football/usa/nfl-2018-2019/chicago-bears-buffalo-bills-ADnYV5uS/
30 Aug 2018,Pre-season,0,Houston Texans,Dallas Cowboys,14,6,,,https://www.oddsportal.com/american-football/usa/nfl-2018-2019/houston-texans-dallas-cowboys-U3vQXRAF/
30 Aug 2018,Pre-season,0,New Orleans Saints,Los Angeles Rams,28,0,,,https://www.oddsportal.com/american-football/usa/nfl-2018-2019/new-orleans-saints-los-angeles-rams-rVrrv3Xl/
30 Aug 2018,Pre-season,0,Tennessee Titans,Minnesota Vikings,3,13,,,https://www.oddsportal.com/american-football/usa/nfl-2018-2019/tennessee-titans-minnesota-vikings-UHJbnRP8/
30 Aug 2018,Pre-season,0,Baltimore Ravens,Washington Commanders,30,20,,,https://www.oddsportal.com/american-football/usa/nfl-2018-2019/baltimore-ravens-washington-commanders-6qY3Qq3k/
30 Aug 2018,Pre-season,0,Pittsburgh Steelers,Carolina Panthers,39,24,,,https://www.oddsportal.com/american-football/usa/nfl-2018-2019/pittsburgh-steelers-carolina-panthers-06gwuqIr/
30 Aug 2018,Pre-season,0,Tampa Bay Buccaneers,Jacksonville Jaguars,10,25,,,https://www.oddsportal.com/american-football/usa/nfl-2018-2019/tampa-bay-buccaneers-jacksonville-jaguars-GEFfm7A2/
30 Aug 2018,Pre-season,0,Atlanta Falcons,Miami Dolphins,7,34,,,https://www.oddsportal.com/american-football/usa/nfl-2018-2019/atlanta-falcons-miami-dolphins-ShZaRPmq/
30 Aug 2018,Pre-season,0,Cincinnati Bengals,Indianapolis Colts,26,27,,,https://www.oddsportal.com/american-football/usa/nfl-2018-2019/cincinnati-bengals-indianapolis-colts-CSTUWoQL/
30 Aug 2018,Pre-season,0,Detroit Lions,Cleveland Browns,17,35,,,https://www.oddsportal.com/american-football/usa/nfl-2018-2019/detroit-lions-cleveland-browns-jDuMY7e9/
30 Aug 2018,Pre-season,0,New York Giants,New England Patriots,12,17,,,https://www.oddsportal.com/american-football/usa/nfl-2018-2019/new-york-giants-new-england-patriots-2BRCONX1/
30 Aug 2018,Pre-season,0,Philadelphia Eagles,New York Jets,10,9,,,https://www.oddsportal.com/american-football/usa/nfl-2018-2019/philadelphia-eagles-new-york-jets-bc7BqP9R/
26 Aug 2018,Pre-season,0,Dallas Cowboys,Arizona Cardinals,3,27,,,https://www.oddsportal.com/american-football/usa/nfl-2018-2019/dallas-cowboys-arizona-cardinals-MwyIZmt3/
26 Aug 2018,Pre-season,0,Buffalo Bills,Cincinnati Bengals,13,26,,,https://www.oddsportal.com/american-football/usa/nfl-2018-2019/buffalo-bills-cincinnati-bengals-rmxEzUQd/
25 Aug 2018,Pre-season,0,Los Angeles Chargers,New Orleans Saints,7,36,,,https://www.oddsportal.com/american-football/usa/nfl-2018-2019/los-angeles-chargers-new-orleans-saints-trbVBpld/
25 Aug 2018,Pre-season,0,Jacksonville Jaguars,Atlanta Falcons,17,6,,,https://www.oddsportal.com/american-football/usa/nfl-2018-2019/jacksonville-jaguars-atlanta-falcons-b3SK59RM/
25 Aug 2018,Pre-season,0,Miami Dolphins,Baltimore Ravens,10,27,,,https://www.oddsportal.com/american-football/usa/nfl-2018-2019/miami-dolphins-baltimore-ravens-rR0wOjsi/
25 Aug 2018,Pre-season,0,Indianapolis Colts,San Francisco 49ers,23,17,,,https://www.oddsportal.com/american-football/usa/nfl-2018-2019/indianapolis-colts-san-francisco-49ers-AwWO4TtT/
25 Aug 2018,Pre-season,0,Los Angeles Rams,Houston Texans,21,20,,,https://www.oddsportal.com/american-football/usa/nfl-2018-2019/los-angeles-rams-houston-texans-MHasNAdc/
25 Aug 2018,Pre-season,0,Pittsburgh Steelers,Tennessee Titans,16,6,,,https://www.oddsportal.com/american-football/usa/nfl-2018-2019/pittsburgh-steelers-tennessee-titans-C6hfK8tG/
25 Aug 2018,Pre-season,0,Chicago Bears,Kansas City Chiefs,27,20,,,https://www.oddsportal.com/american-football/usa/nfl-2018-2019/chicago-bears-kansas-city-chiefs-GK8i0mkp/
24 Aug 2018,Pre-season,0,Las Vegas Raiders,Green Bay Packers,13,6,,,https://www.oddsportal.com/american-football/usa/nfl-2018-2019/las-vegas-raiders-green-bay-packers-W88eInBS/
24 Aug 2018,Pre-season,0,Minnesota Vikings,Seattle Seahawks,21,20,,,https://www.oddsportal.com/american-football/usa/nfl-2018-2019/minnesota-vikings-seattle-seahawks-IqgjLlR9/
24 Aug 2018,Pre-season,0,Tampa Bay Buccaneers,Detroit Lions,30,33,,,https://www.oddsportal.com/american-football/usa/nfl-2018-2019/tampa-bay-buccaneers-detroit-lions-SvfRCQYk/
24 Aug 2018,Pre-season,0,Carolina Panthers,New England Patriots,25,14,,,https://www.oddsportal.com/american-football/usa/nfl-2018-2019/carolina-panthers-new-england-patriots-fB7ea74j/
24 Aug 2018,Pre-season,0,New York Jets,New York Giants,16,22,,,https://www.oddsportal.com/american-football/usa/nfl-2018-2019/new-york-jets-new-york-giants-jcibJSeM/
24 Aug 2018,Pre-season,0,Washington Commanders,Denver Broncos,17,29,,,https://www.oddsportal.com/american-football/usa/nfl-2018-2019/washington-commanders-denver-broncos-4tknMUB3/
23 Aug 2018,Pre-season,0,Cleveland Browns,Philadelphia Eagles,5,0,,,https://www.oddsportal.com/american-football/usa/nfl-2018-2019/cleveland-browns-philadelphia-eagles-YHfND6Jq/
20 Aug 2018,Pre-season,0,Indianapolis Colts,Baltimore Ravens,19,20,,,https://www.oddsportal.com/american-football/usa/nfl-2018-2019/indianapolis-colts-baltimore-ravens-4tTG6kCG/
18 Aug 2018,Pre-season,0,Los Angeles Chargers,Seattle Seahawks,24,14,,,https://www.oddsportal.com/american-football/usa/nfl-2018-2019/los-angeles-chargers-seattle-seahawks-8EZ78Bs4/
18 Aug 2018,Pre-season,0,Denver Broncos,Chicago Bears,23,24,,,https://www.oddsportal.com/american-football/usa/nfl-2018-2019/denver-broncos-chicago-bears-vgvOPies/
18 Aug 2018,Pre-season,0,Houston Texans,San Francisco 49ers,16,13,,,https://www.oddsportal.com/american-football/usa/nfl-2018-2019/houston-texans-san-francisco-49ers-McXeBDco/
18 Aug 2018,Pre-season,0,Tennessee Titans,Tampa Bay Buccaneers,14,30,,,https://www.oddsportal.com/american-football/usa/nfl-2018-2019/tennessee-titans-tampa-bay-buccaneers-IP6F2Lgo/
18 Aug 2018,Pre-season,0,Dallas Cowboys,Cincinnati Bengals,13,21,,,https://www.oddsportal.com/american-football/usa/nfl-2018-2019/dallas-cowboys-cincinnati-bengals-K8ciVDXJ/
18 Aug 2018,Pre-season,0,Los Angeles Rams,Las Vegas Raiders,19,15,,,https://www.oddsportal.com/american-football/usa/nfl-2018-2019/los-angeles-rams-las-vegas-raiders-UNz49iSc/
18 Aug 2018,Pre-season,0,Minnesota Vikings,Jacksonville Jaguars,10,14,,,https://www.oddsportal.com/american-football/usa/nfl-2018-2019/minnesota-vikings-jacksonville-jaguars-nPUrLT9C/
17 Aug 2018,Pre-season,0,New Orleans Saints,Arizona Cardinals,15,20,,,https://www.oddsportal.com/american-football/usa/nfl-2018-2019/new-orleans-saints-arizona-cardinals-t0qnKmPI/
17 Aug 2018,Pre-season,0,Carolina Panthers,Miami Dolphins,27,20,,,https://www.oddsportal.com/american-football/usa/nfl-2018-2019/carolina-panthers-miami-dolphins-IqwSOBAm/
17 Aug 2018,Pre-season,0,Cleveland Browns,Buffalo Bills,17,19,,,https://www.oddsportal.com/american-football/usa/nfl-2018-2019/cleveland-browns-buffalo-bills-8YVvM9f6/
17 Aug 2018,Pre-season,0,Atlanta Falcons,Kansas City Chiefs,14,28,,,https://www.oddsportal.com/american-football/usa/nfl-2018-2019/atlanta-falcons-kansas-city-chiefs-Q9tzNku0/
17 Aug 2018,Pre-season,0,Detroit Lions,New York Giants,17,30,,,https://www.oddsportal.com/american-football/usa/nfl-2018-2019/detroit-lions-new-york-giants-badeUXnQ/
16 Aug 2018,Pre-season,0,Green Bay Packers,Pittsburgh Steelers,51,34,,,https://www.oddsportal.com/american-football/usa/nfl-2018-2019/green-bay-packers-pittsburgh-steelers-C6xWNVPg/
16 Aug 2018,Pre-season,0,Washington Commanders,New York Jets,15,13,,,https://www.oddsportal.com/american-football/usa/nfl-2018-2019/washington-commanders-new-york-jets-QkUC7VdA/
16 Aug 2018,Pre-season,0,New England Patriots,Philadelphia Eagles,37,20,,,https://www.oddsportal.com/american-football/usa/nfl-2018-2019/new-england-patriots-philadelphia-eagles-z1y0AXCi/
11 Aug 2018,Pre-season,0,Arizona Cardinals,Los Angeles Chargers,24,17,,,https://www.oddsportal.com/american-football/usa/nfl-2018-2019/arizona-cardinals-los-angeles-chargers-f9UUfXe7/
11 Aug 2018,Pre-season,0,Denver Broncos,Minnesota Vikings,28,42,,,https://www.oddsportal.com/american-football/usa/nfl-2018-2019/denver-broncos-minnesota-vikings-nqRMdgRf/
10 Aug 2018,Pre-season,0,Las Vegas Raiders,Detroit Lions,16,10,,,https://www.oddsportal.com/american-football/usa/nfl-2018-2019/las-vegas-raiders-detroit-lions-4tDhACef/
10 Aug 2018,Pre-season,0,New York Jets,Atlanta Falcons,17,0,,,https://www.oddsportal.com/american-football/usa/nfl-2018-2019/new-york-jets-atlanta-falcons-65996UfJ/
09 Aug 2018,Pre-season,0,San Francisco 49ers,Dallas Cowboys,24,21,,,https://www.oddsportal.com/american-football/usa/nfl-2018-2019/san-francisco-49ers-dallas-cowboys-rROqCYQs/
09 Aug 2018,Pre-season,0,Seattle Seahawks,Indianapolis Colts,17,19,,,https://www.oddsportal.com/american-football/usa/nfl-2018-2019/seattle-seahawks-indianapolis-colts-YFHd9WA0/
09 Aug 2018,Pre-season,0,Kansas City Chiefs,Houston Texans,10,17,,,https://www.oddsportal.com/american-football/usa/nfl-2018-2019/kansas-city-chiefs-houston-texans-YaTYgiBD/
09 Aug 2018,Pre-season,0,Green Bay Packers,Tennessee Titans,31,17,,,https://www.oddsportal.com/american-football/usa/nfl-2018-2019/green-bay-packers-tennessee-titans-QTxEbFdr/
09 Aug 2018,Pre-season,0,Baltimore Ravens,Los Angeles Rams,33,7,,,https://www.oddsportal.com/american-football/usa/nfl-2018-2019/baltimore-ravens-los-angeles-rams-CrYDHf3K/
09 Aug 2018,Pre-season,0,New England Patriots,Washington Commanders,26,17,,,https://www.oddsportal.com/american-football/usa/nfl-2018-2019/new-england-patriots-washington-commanders-C6G08jQ6/
09 Aug 2018,Pre-season,0,Buffalo Bills,Carolina Panthers,23,28,,,https://www.oddsportal.com/american-football/usa/nfl-2018-2019/buffalo-bills-carolina-panthers-0nVQeDt1/
09 Aug 2018,Pre-season,0,Cincinnati Bengals,Chicago Bears,30,27,,,https://www.oddsportal.com/american-football/usa/nfl-2018-2019/cincinnati-bengals-chicago-bears-YiZ9IzlE/
09 Aug 2018,Pre-season,0,Jacksonville Jaguars,New Orleans Saints,20,24,,,https://www.oddsportal.com/american-football/usa/nfl-2018-2019/jacksonville-jaguars-new-orleans-saints-4KyIcZBl/
09 Aug 2018,Pre-season,0,Miami Dolphins,Tampa Bay Buccaneers,24,26,,,https://www.oddsportal.com/american-football/usa/nfl-2018-2019/miami-dolphins-tampa-bay-buccaneers-QkElBhtl/
09 Aug 2018,Pre-season,0,New York Giants,Cleveland Browns,10,20,,,https://www.oddsportal.com/american-football/usa/nfl-2018-2019/new-york-giants-cleveland-browns-fV557AuD/
09 Aug 2018,Pre-season,0,Philadelphia Eagles,Pittsburgh Steelers,14,31,,,https://www.oddsportal.com/american-football/usa/nfl-2018-2019/philadelphia-eagles-pittsburgh-steelers-65XHGEIQ/
02 Aug 2018,Pre-season,0,Baltimore Ravens,Chicago Bears,17,16,,,https://www.oddsportal.com/american-football/usa/nfl-2018-2019/baltimore-ravens-chicago-bears-Yyon3elR/
04 Feb 2018,Play Offs,0,New England Patriots,Philadelphia Eagles,33,41,,,https://www.oddsportal.com/american-football/usa/nfl-2017-2018/new-england-patriots-philadelphia-eagles-Wrczwcfe/
28 Jan 2018,All Stars,0,AFC,NFC,24,23,,,https://www.oddsportal.com/american-football/usa/nfl-2017-2018/afc-nfc-Sb6UgJXf/
21 Jan 2018,Play Offs,0,Philadelphia Eagles,Minnesota Vikings,38,7,,,https://www.oddsportal.com/american-football/usa/nfl-2017-2018/philadelphia-eagles-minnesota-vikings-GdQoSFR5/
21 Jan 2018,Play Offs,0,New England Patriots,Jacksonville Jaguars,24,20,,,https://www.oddsportal.com/american-football/usa/nfl-2017-2018/new-england-patriots-jacksonville-jaguars-fmPkRZtC/
14 Jan 2018,Play Offs,0,Minnesota Vikings,New Orleans Saints,29,24,,,https://www.oddsportal.com/american-football/usa/nfl-2017-2018/minnesota-vikings-new-orleans-saints-6mn9cp09/
14 Jan 2018,Play Offs,0,Pittsburgh Steelers,Jacksonville Jaguars,42,45,,,https://www.oddsportal.com/american-football/usa/nfl-2017-2018/pittsburgh-steelers-jacksonville-jaguars-v1pHeOUL/
13 Jan 2018,Play Offs,0,New England Patriots,Tennessee Titans,35,14,,,https://www.oddsportal.com/american-football/usa/nfl-2017-2018/new-england-patriots-tennessee-titans-h4lLfrpS/
13 Jan 2018,Play Offs,0,Philadelphia Eagles,Atlanta Falcons,15,10,,,https://www.oddsportal.com/american-football/usa/nfl-2017-2018/philadelphia-eagles-atlanta-falcons-pvoDd4FF/
07 Jan 2018,Play Offs,0,New Orleans Saints,Carolina Panthers,31,26,,,https://www.oddsportal.com/american-football/usa/nfl-2017-2018/new-orleans-saints-carolina-panthers-zRhgJKuG/
07 Jan 2018,Play Offs,0,Jacksonville Jaguars,Buffalo Bills,10,3,,,https://www.oddsportal.com/american-football/usa/nfl-2017-2018/jacksonville-jaguars-buffalo-bills-lUdcIveM/
06 Jan 2018,Play Offs,0,Los Angeles Rams,Atlanta Falcons,13,26,,,https://www.oddsportal.com/american-football/usa/nfl-2017-2018/los-angeles-rams-atlanta-falcons-t4gkK0Q9/
06 Jan 2018,Play Offs,0,Kansas City Chiefs,Tennessee Titans,21,22,,,https://www.oddsportal.com/american-football/usa/nfl-2017-2018/kansas-city-chiefs-tennessee-titans-Whn2HbAS/
31 Dec 2017,Regular,0,Atlanta Falcons,Carolina Panthers,22,10,-227,182,https://www.oddsportal.com/american-football/usa/nfl-2017-2018/atlanta-falcons-carolina-panthers-6mAKXBuE/
31 Dec 2017,Regular,0,Baltimore Ravens,Cincinnati Bengals,27,31,-408,309,https://www.oddsportal.com/american-football/usa/nfl-2017-2018/baltimore-ravens-cincinnati-bengals-rDXmGqAt/
31 Dec 2017,Regular,0,Denver Broncos,Kansas City Chiefs,24,27,-168,135,https://www.oddsportal.com/american-football/usa/nfl-2017-2018/denver-broncos-kansas-city-chiefs-n5jzSt9h/
31 Dec 2017,Regular,0,Los Angeles Chargers,Las Vegas Raiders,30,10,-303,234,https://www.oddsportal.com/american-football/usa/nfl-2017-2018/los-angeles-chargers-las-vegas-raiders-676yQKw5/
31 Dec 2017,Regular,0,Los Angeles Rams,San Francisco 49ers,13,34,202,-254,https://www.oddsportal.com/american-football/usa/nfl-2017-2018/los-angeles-rams-san-francisco-49ers-QekvR0Ob/
31 Dec 2017,Regular,0,Miami Dolphins,Buffalo Bills,16,22,116,-145,https://www.oddsportal.com/american-football/usa/nfl-2017-2018/miami-dolphins-buffalo-bills-Y1Q0Dsfa/
31 Dec 2017,Regular,0,Seattle Seahawks,Arizona Cardinals,24,26,-392,293,https://www.oddsportal.com/american-football/usa/nfl-2017-2018/seattle-seahawks-arizona-cardinals-pb5uPvgB/
31 Dec 2017,Regular,0,Tampa Bay Buccaneers,New Orleans Saints,31,24,211,-267,https://www.oddsportal.com/american-football/usa/nfl-2017-2018/tampa-bay-buccaneers-new-orleans-saints-vumST2vt/
31 Dec 2017,Regular,0,Tennessee Titans,Jacksonville Jaguars,15,10,-146,118,https://www.oddsportal.com/american-football/usa/nfl-2017-2018/tennessee-titans-jacksonville-jaguars-hriWSMgn/
31 Dec 2017,Regular,0,Detroit Lions,Green Bay Packers,35,11,-339,260,https://www.oddsportal.com/american-football/usa/nfl-2017-2018/detroit-lions-green-bay-packers-0lShF3Pn/
31 Dec 2017,Regular,0,Indianapolis Colts,Houston Texans,22,13,-241,190,https://www.oddsportal.com/american-football/usa/nfl-2017-2018/indianapolis-colts-houston-texans-vuRdENvg/
31 Dec 2017,Regular,0,Minnesota Vikings,Chicago Bears,23,10,-953,598,https://www.oddsportal.com/american-football/usa/nfl-2017-2018/minnesota-vikings-chicago-bears-pxU4C195/
31 Dec 2017,Regular,0,New England Patriots,New York Jets,26,6,-1334,759,https://www.oddsportal.com/american-football/usa/nfl-2017-2018/new-england-patriots-new-york-jets-S0J9BLOB/
31 Dec 2017,Regular,0,New York Giants,Washington Commanders,18,10,185,-232,https://www.oddsportal.com/american-football/usa/nfl-2017-2018/new-york-giants-washington-commanders-6iIDAuvI/
31 Dec 2017,Regular,0,Philadelphia Eagles,Dallas Cowboys,0,6,153,-193,https://www.oddsportal.com/american-football/usa/nfl-2017-2018/philadelphia-eagles-dallas-cowboys-zRMH9agO/
31 Dec 2017,Regular,0,Pittsburgh Steelers,Cleveland Browns,28,24,-238,190,https://www.oddsportal.com/american-football/usa/nfl-2017-2018/pittsburgh-steelers-cleveland-browns-EHLL8J8U/
25 Dec 2017,Regular,0,Philadelphia Eagles,Las Vegas Raiders,19,10,-488,357,https://www.oddsportal.com/american-football/usa/nfl-2017-2018/philadelphia-eagles-las-vegas-raiders-hpMx9S2D/
25 Dec 2017,Regular,0,Houston Texans,Pittsburgh Steelers,6,34,301,-400,https://www.oddsportal.com/american-football/usa/nfl-2017-2018/houston-texans-pittsburgh-steelers-vsIY98m7/
24 Dec 2017,Regular,0,Arizona Cardinals,New York Giants,23,0,-175,142,https://www.oddsportal.com/american-football/usa/nfl-2017-2018/arizona-cardinals-new-york-giants-IRTPBUIf/
24 Dec 2017,Regular,0,Dallas Cowboys,Seattle Seahawks,12,21,-217,173,https://www.oddsportal.com/american-football/usa/nfl-2017-2018/dallas-cowboys-seattle-seahawks-dISTAlY0/
24 Dec 2017,Regular,0,San Francisco 49ers,Jacksonville Jaguars,44,33,167,-210,https://www.oddsportal.com/american-football/usa/nfl-2017-2018/san-francisco-49ers-jacksonville-jaguars-OjFMCA3l/
24 Dec 2017,Regular,0,Carolina Panthers,Tampa Bay Buccaneers,22,19,-488,360,https://www.oddsportal.com/american-football/usa/nfl-2017-2018/carolina-panthers-tampa-bay-buccaneers-WdjqaiZl/
24 Dec 2017,Regular,0,Chicago Bears,Cleveland Browns,20,3,-250,196,https://www.oddsportal.com/american-football/usa/nfl-2017-2018/chicago-bears-cleveland-browns-rXgmbBle/
24 Dec 2017,Regular,0,Cincinnati Bengals,Detroit Lions,26,17,139,-174,https://www.oddsportal.com/american-football/usa/nfl-2017-2018/cincinnati-bengals-detroit-lions-xfgicV31/
24 Dec 2017,Regular,0,Kansas City Chiefs,Miami Dolphins,29,13,-607,427,https://www.oddsportal.com/american-football/usa/nfl-2017-2018/kansas-city-chiefs-miami-dolphins-GphedkJ7/
24 Dec 2017,Regular,0,New England Patriots,Buffalo Bills,37,16,-572,394,https://www.oddsportal.com/american-football/usa/nfl-2017-2018/new-england-patriots-buffalo-bills-h2yvLYe8/
24 Dec 2017,Regular,0,New Orleans Saints,Atlanta Falcons,23,13,-241,189,https://www.oddsportal.com/american-football/usa/nfl-2017-2018/new-orleans-saints-atlanta-falcons-WhzrKhBE/
24 Dec 2017,Regular,0,New York Jets,Los Angeles Chargers,7,14,249,-322,https://www.oddsportal.com/american-football/usa/nfl-2017-2018/new-york-jets-los-angeles-chargers-QFZoJCQK/
24 Dec 2017,Regular,0,Tennessee Titans,Los Angeles Rams,23,27,191,-238,https://www.oddsportal.com/american-football/usa/nfl-2017-2018/tennessee-titans-los-angeles-rams-vJwjIWuR/
24 Dec 2017,Regular,0,Washington Commanders,Denver Broncos,27,11,-164,133,https://www.oddsportal.com/american-football/usa/nfl-2017-2018/washington-commanders-denver-broncos-p0GIDjlr/
23 Dec 2017,Regular,0,Green Bay Packers,Minnesota Vikings,0,16,324,-435,https://www.oddsportal.com/american-football/usa/nfl-2017-2018/green-bay-packers-minnesota-vikings-lY0v0XJr/
23 Dec 2017,Regular,0,Baltimore Ravens,Indianapolis Colts,23,16,-953,598,https://www.oddsportal.com/american-football/usa/nfl-2017-2018/baltimore-ravens-indianapolis-colts-nPEC4DBR/
18 Dec 2017,Regular,0,Tampa Bay Buccaneers,Atlanta Falcons,21,24,245,-317,https://www.oddsportal.com/american-football/usa/nfl-2017-2018/tampa-bay-buccaneers-atlanta-falcons-jwV9phKe/
17 Dec 2017,Regular,0,Las Vegas Raiders,Dallas Cowboys,17,20,122,-149,https://www.oddsportal.com/american-football/usa/nfl-2017-2018/las-vegas-raiders-dallas-cowboys-ARDCoY4k/
17 Dec 2017,Regular,0,Pittsburgh Steelers,New England Patriots,24,27,105,-129,https://www.oddsportal.com/american-football/usa/nfl-2017-2018/pittsburgh-steelers-new-england-patriots-IkA85gdL/
17 Dec 2017,Regular,0,San Francisco 49ers,Tennessee Titans,25,23,-134,108,https://www.oddsportal.com/american-football/usa/nfl-2017-2018/san-francisco-49ers-tennessee-titans-WzF8nEkq/
17 Dec 2017,Regular,0,Seattle Seahawks,Los Angeles Rams,7,42,-110,-111,https://www.oddsportal.com/american-football/usa/nfl-2017-2018/seattle-seahawks-los-angeles-rams-EeStifsS/
17 Dec 2017,Regular,0,Buffalo Bills,Miami Dolphins,24,16,-196,157,https://www.oddsportal.com/american-football/usa/nfl-2017-2018/buffalo-bills-miami-dolphins-x0zWYfLq/
17 Dec 2017,Regular,0,Carolina Panthers,Green Bay Packers,31,24,-150,122,https://www.oddsportal.com/american-football/usa/nfl-2017-2018/carolina-panthers-green-bay-packers-WMZZXEzj/
17 Dec 2017,Regular,0,Cleveland Browns,Baltimore Ravens,10,27,226,-290,https://www.oddsportal.com/american-football/usa/nfl-2017-2018/cleveland-browns-baltimore-ravens-U7hwXYkd/
17 Dec 2017,Regular,0,Jacksonville Jaguars,Houston Texans,45,7,-557,388,https://www.oddsportal.com/american-football/usa/nfl-2017-2018/jacksonville-jaguars-houston-texans-WCWLeISd/
17 Dec 2017,Regular,0,Minnesota Vikings,Cincinnati Bengals,34,7,-742,505,https://www.oddsportal.com/american-football/usa/nfl-2017-2018/minnesota-vikings-cincinnati-bengals-A3VPfxr3/
17 Dec 2017,Regular,0,New Orleans Saints,New York Jets,31,19,-1252,723,https://www.oddsportal.com/american-football/usa/nfl-2017-2018/new-orleans-saints-new-york-jets-vwzUgdc9/
17 Dec 2017,Regular,0,New York Giants,Philadelphia Eagles,29,34,264,-345,https://www.oddsportal.com/american-football/usa/nfl-2017-2018/new-york-giants-philadelphia-eagles-ITYXhGCF/
17 Dec 2017,Regular,0,Washington Commanders,Arizona Cardinals,20,15,-208,166,https://www.oddsportal.com/american-football/usa/nfl-2017-2018/washington-commanders-arizona-cardinals-0hOxhzSL/
16 Dec 2017,Regular,0,Kansas City Chiefs,Los Angeles Chargers,30,13,-111,-110,https://www.oddsportal.com/american-football/usa/nfl-2017-2018/kansas-city-chiefs-los-angeles-chargers-zil4wyDS/
16 Dec 2017,Regular,0,Detroit Lions,Chicago Bears,20,10,-244,192,https://www.oddsportal.com/american-football/usa/nfl-2017-2018/detroit-lions-chicago-bears-IFgavHcM/
14 Dec 2017,Regular,0,Indianapolis Colts,Denver Broncos,13,25,123,-151,https://www.oddsportal.com/american-football/usa/nfl-2017-2018/indianapolis-colts-denver-broncos-vPfeucrG/
11 Dec 2017,Regular,0,Miami Dolphins,New England Patriots,27,20,376,-526,https://www.oddsportal.com/american-football/usa/nfl-2017-2018/miami-dolphins-new-england-patriots-p2eitwT9/
10 Dec 2017,Regular,0,Pittsburgh Steelers,Baltimore Ravens,39,38,-253,200,https://www.oddsportal.com/american-football/usa/nfl-2017-2018/pittsburgh-steelers-baltimore-ravens-WbimsJD3/
10 Dec 2017,Regular,0,Jacksonville Jaguars,Seattle Seahawks,30,24,-148,120,https://www.oddsportal.com/american-football/usa/nfl-2017-2018/jacksonville-jaguars-seattle-seahawks-GObGvQi5/
10 Dec 2017,Regular,0,Los Angeles Rams,Philadelphia Eagles,35,43,-106,-115,https://www.oddsportal.com/american-football/usa/nfl-2017-2018/los-angeles-rams-philadelphia-eagles-Aq3vquqi/
10 Dec 2017,Regular,0,Arizona Cardinals,Tennessee Titans,12,7,118,-146,https://www.oddsportal.com/american-football/usa/nfl-2017-2018/arizona-cardinals-tennessee-titans-4nGhLyip/
10 Dec 2017,Regular,0,Denver Broncos,New York Jets,23,0,-105,-116,https://www.oddsportal.com/american-football/usa/nfl-2017-2018/denver-broncos-new-york-jets-2yc8mFyT/
10 Dec 2017,Regular,0,Los Angeles Chargers,Washington Commanders,30,13,-266,210,https://www.oddsportal.com/american-football/usa/nfl-2017-2018/los-angeles-chargers-washington-commanders-rwFdKe6j/
10 Dec 2017,Regular,0,Buffalo Bills,Indianapolis Colts,13,7,-177,142,https://www.oddsportal.com/american-football/usa/nfl-2017-2018/buffalo-bills-indianapolis-colts-CjGXnlpP/
10 Dec 2017,Regular,0,Carolina Panthers,Minnesota Vikings,31,24,108,-133,https://www.oddsportal.com/american-football/usa/nfl-2017-2018/carolina-panthers-minnesota-vikings-nq7ar8ht/
10 Dec 2017,Regular,0,Cincinnati Bengals,Chicago Bears,7,33,-247,195,https://www.oddsportal.com/american-football/usa/nfl-2017-2018/cincinnati-bengals-chicago-bears-t663sS7n/
10 Dec 2017,Regular,0,Cleveland Browns,Green Bay Packers,21,27,112,-138,https://www.oddsportal.com/american-football/usa/nfl-2017-2018/cleveland-browns-green-bay-packers-Kd57tnNh/
10 Dec 2017,Regular,0,Houston Texans,San Francisco 49ers,16,26,-127,102,https://www.oddsportal.com/american-football/usa/nfl-2017-2018/houston-texans-san-francisco-49ers-xYaCu6xa/
10 Dec 2017,Regular,0,Kansas City Chiefs,Las Vegas Raiders,26,15,-210,167,https://www.oddsportal.com/american-football/usa/nfl-2017-2018/kansas-city-chiefs-las-vegas-raiders-AobKwp7B/
10 Dec 2017,Regular,0,New York Giants,Dallas Cowboys,10,30,165,-204,https://www.oddsportal.com/american-football/usa/nfl-2017-2018/new-york-giants-dallas-cowboys-lz2rrabc/
10 Dec 2017,Regular,0,Tampa Bay Buccaneers,Detroit Lions,21,24,-118,-104,https://www.oddsportal.com/american-football/usa/nfl-2017-2018/tampa-bay-buccaneers-detroit-lions-Ol2Ox4MH/
07 Dec 2017,Regular,0,Atlanta Falcons,New Orleans Saints,20,17,-139,114,https://www.oddsportal.com/american-football/usa/nfl-2017-2018/atlanta-falcons-new-orleans-saints-8IkivdtP/
04 Dec 2017,Regular,0,Cincinnati Bengals,Pittsburgh Steelers,20,23,172,-215,https://www.oddsportal.com/american-football/usa/nfl-2017-2018/cincinnati-bengals-pittsburgh-steelers-URjmuxRI/
03 Dec 2017,Regular,0,Seattle Seahawks,Philadelphia Eagles,24,10,158,-200,https://www.oddsportal.com/american-football/usa/nfl-2017-2018/seattle-seahawks-philadelphia-eagles-0hnqtIBC/
03 Dec 2017,Regular,0,Arizona Cardinals,Los Angeles Rams,16,32,248,-317,https://www.oddsportal.com/american-football/usa/nfl-2017-2018/arizona-cardinals-los-angeles-rams-vwbzrvs0/
03 Dec 2017,Regular,0,Las Vegas Raiders,New York Giants,24,17,-466,338,https://www.oddsportal.com/american-football/usa/nfl-2017-2018/las-vegas-raiders-new-york-giants-M1musbd6/
03 Dec 2017,Regular,0,New Orleans Saints,Carolina Panthers,31,21,-247,193,https://www.oddsportal.com/american-football/usa/nfl-2017-2018/new-orleans-saints-carolina-panthers-2sx4kMlQ/
03 Dec 2017,Regular,0,Los Angeles Chargers,Cleveland Browns,19,10,-800,534,https://www.oddsportal.com/american-football/usa/nfl-2017-2018/los-angeles-chargers-cleveland-browns-QZgWrKRg/
03 Dec 2017,Regular,0,Atlanta Falcons,Minnesota Vikings,9,14,-129,104,https://www.oddsportal.com/american-football/usa/nfl-2017-2018/atlanta-falcons-minnesota-vikings-S4gcWtrl/
03 Dec 2017,Regular,0,Baltimore Ravens,Detroit Lions,44,20,-134,110,https://www.oddsportal.com/american-football/usa/nfl-2017-2018/baltimore-ravens-detroit-lions-6eh1V0cf/
03 Dec 2017,Regular,0,Buffalo Bills,New England Patriots,3,23,256,-334,https://www.oddsportal.com/american-football/usa/nfl-2017-2018/buffalo-bills-new-england-patriots-zVd5UKC0/
03 Dec 2017,Regular,0,Chicago Bears,San Francisco 49ers,14,15,-140,114,https://www.oddsportal.com/american-football/usa/nfl-2017-2018/chicago-bears-san-francisco-49ers-ELe9TvS6/
03 Dec 2017,Regular,0,Green Bay Packers,Tampa Bay Buccaneers,26,20,-165,134,https://www.oddsportal.com/american-football/usa/nfl-2017-2018/green-bay-packers-tampa-bay-buccaneers-dpoESbsD/
03 Dec 2017,Regular,0,Jacksonville Jaguars,Indianapolis Colts,30,10,-488,361,https://www.oddsportal.com/american-football/usa/nfl-2017-2018/jacksonville-jaguars-indianapolis-colts-AmkIRIdJ/
03 Dec 2017,Regular,0,Miami Dolphins,Denver Broncos,35,9,100,-123,https://www.oddsportal.com/american-football/usa/nfl-2017-2018/miami-dolphins-denver-broncos-Ojw0j2ZJ/
03 Dec 2017,Regular,0,New York Jets,Kansas City Chiefs,38,31,154,-192,https://www.oddsportal.com/american-football/usa/nfl-2017-2018/new-york-jets-kansas-city-chiefs-hMeOptcs/
03 Dec 2017,Regular,0,Tennessee Titans,Houston Texans,24,13,-328,250,https://www.oddsportal.com/american-football/usa/nfl-2017-2018/tennessee-titans-houston-texans-WCfSq0Cm/
30 Nov 2017,Regular,0,Dallas Cowboys,Washington Commanders,38,14,103,-127,https://www.oddsportal.com/american-football/usa/nfl-2017-2018/dallas-cowboys-washington-commanders-pt4hXMSs/
27 Nov 2017,Regular,0,Baltimore Ravens,Houston Texans,23,16,-385,289,https://www.oddsportal.com/american-football/usa/nfl-2017-2018/baltimore-ravens-houston-texans-AmDQy3KQ/
26 Nov 2017,Regular,0,Pittsburgh Steelers,Green Bay Packers,31,28,-1055,612,https://www.oddsportal.com/american-football/usa/nfl-2017-2018/pittsburgh-steelers-green-bay-packers-GQDMxq5K/
26 Nov 2017,Regular,0,Arizona Cardinals,Jacksonville Jaguars,27,24,202,-260,https://www.oddsportal.com/american-football/usa/nfl-2017-2018/arizona-cardinals-jacksonville-jaguars-0IVZEuDD/
26 Nov 2017,Regular,0,Las Vegas Raiders,Denver Broncos,21,14,-194,152,https://www.oddsportal.com/american-football/usa/nfl-2017-2018/las-vegas-raiders-denver-broncos-xzFIwPkE/
26 Nov 2017,Regular,0,Los Angeles Rams,New Orleans Saints,26,20,-150,122,https://www.oddsportal.com/american-football/usa/nfl-2017-2018/los-angeles-rams-new-orleans-saints-S4XRG1r1/
26 Nov 2017,Regular,0,San Francisco 49ers,Seattle Seahawks,13,24,219,-286,https://www.oddsportal.com/american-football/usa/nfl-2017-2018/san-francisco-49ers-seattle-seahawks-MRWVFLc7/
26 Nov 2017,Regular,0,Atlanta Falcons,Tampa Bay Buccaneers,34,20,-572,400,https://www.oddsportal.com/american-football/usa/nfl-2017-2018/atlanta-falcons-tampa-bay-buccaneers-no0zRo68/
26 Nov 2017,Regular,0,Cincinnati Bengals,Cleveland Browns,30,16,-333,265,https://www.oddsportal.com/american-football/usa/nfl-2017-2018/cincinnati-bengals-cleveland-browns-0l4vQ5LE/
26 Nov 2017,Regular,0,Indianapolis Colts,Tennessee Titans,16,20,142,-177,https://www.oddsportal.com/american-football/usa/nfl-2017-2018/indianapolis-colts-tennessee-titans-rDgqPPzL/
26 Nov 2017,Regular,0,Kansas City Chiefs,Buffalo Bills,10,16,-378,275,https://www.oddsportal.com/american-football/usa/nfl-2017-2018/kansas-city-chiefs-buffalo-bills-M3hmOqjR/
26 Nov 2017,Regular,0,New England Patriots,Miami Dolphins,35,17,-1429,789,https://www.oddsportal.com/american-football/usa/nfl-2017-2018/new-england-patriots-miami-dolphins-hnuFJ3br/
26 Nov 2017,Regular,0,New York Jets,Carolina Panthers,27,35,195,-244,https://www.oddsportal.com/american-football/usa/nfl-2017-2018/new-york-jets-carolina-panthers-WxvJINDl/
26 Nov 2017,Regular,0,Philadelphia Eagles,Chicago Bears,31,3,-953,596,https://www.oddsportal.com/american-football/usa/nfl-2017-2018/philadelphia-eagles-chicago-bears-E1TNHsTf/
23 Nov 2017,Regular,0,Washington Commanders,New York Giants,20,10,-339,259,https://www.oddsportal.com/american-football/usa/nfl-2017-2018/washington-commanders-new-york-giants-YsCh22T7/
23 Nov 2017,Regular,0,Dallas Cowboys,Los Angeles Chargers,6,28,-103,-116,https://www.oddsportal.com/american-football/usa/nfl-2017-2018/dallas-cowboys-los-angeles-chargers-fiDl3rE1/
23 Nov 2017,Regular,0,Detroit Lions,Minnesota Vikings,23,30,114,-139,https://www.oddsportal.com/american-football/usa/nfl-2017-2018/detroit-lions-minnesota-vikings-xGIq4Obe/
20 Nov 2017,Regular,0,Seattle Seahawks,Atlanta Falcons,31,34,-111,-112,https://www.oddsportal.com/american-football/usa/nfl-2017-2018/seattle-seahawks-atlanta-falcons-bPJu54qk/
19 Nov 2017,Regular,0,Dallas Cowboys,Philadelphia Eagles,9,37,205,-263,https://www.oddsportal.com/american-football/usa/nfl-2017-2018/dallas-cowboys-philadelphia-eagles-vaB46ZtF/
19 Nov 2017,Regular,0,Denver Broncos,Cincinnati Bengals,17,20,-153,124,https://www.oddsportal.com/american-football/usa/nfl-2017-2018/denver-broncos-cincinnati-bengals-42Ky6pUr/
19 Nov 2017,Regular,0,Las Vegas Raiders,New England Patriots,8,33,245,-312,https://www.oddsportal.com/american-football/usa/nfl-2017-2018/las-vegas-raiders-new-england-patriots-dzMa7FR8/
19 Nov 2017,Regular,0,Los Angeles Chargers,Buffalo Bills,54,24,-313,241,https://www.oddsportal.com/american-football/usa/nfl-2017-2018/los-angeles-chargers-buffalo-bills-8rw9NCaG/
19 Nov 2017,Regular,0,Chicago Bears,Detroit Lions,24,27,134,-167,https://www.oddsportal.com/american-football/usa/nfl-2017-2018/chicago-bears-detroit-lions-6FGw8XaT/
19 Nov 2017,Regular,0,Cleveland Browns,Jacksonville Jaguars,7,19,257,-333,https://www.oddsportal.com/american-football/usa/nfl-2017-2018/cleveland-browns-jacksonville-jaguars-Of353i8p/
19 Nov 2017,Regular,0,Green Bay Packers,Baltimore Ravens,0,23,109,-133,https://www.oddsportal.com/american-football/usa/nfl-2017-2018/green-bay-packers-baltimore-ravens-xb792BNj/
19 Nov 2017,Regular,0,Houston Texans,Arizona Cardinals,31,21,-139,113,https://www.oddsportal.com/american-football/usa/nfl-2017-2018/houston-texans-arizona-cardinals-v3ohRf0i/
19 Nov 2017,Regular,0,Miami Dolphins,Tampa Bay Buccaneers,20,30,-103,-117,https://www.oddsportal.com/american-football/usa/nfl-2017-2018/miami-dolphins-tampa-bay-buccaneers-bceUGhPH/
19 Nov 2017,Regular,0,Minnesota Vikings,Los Angeles Rams,24,7,-123,100,https://www.oddsportal.com/american-football/usa/nfl-2017-2018/minnesota-vikings-los-angeles-rams-IgpdQEFc/
19 Nov 2017,Regular,0,New Orleans Saints,Washington Commanders,34,31,-408,303,https://www.oddsportal.com/american-football/usa/nfl-2017-2018/new-orleans-saints-washington-commanders-nTl0PYU3/
19 Nov 2017,Regular,0,New York Giants,Kansas City Chiefs,12,9,325,-445,https://www.oddsportal.com/american-football/usa/nfl-2017-2018/new-york-giants-kansas-city-chiefs-QJm4OhpA/
16 Nov 2017,Regular,0,Pittsburgh Steelers,Tennessee Titans,40,17,-312,243,https://www.oddsportal.com/american-football/usa/nfl-2017-2018/pittsburgh-steelers-tennessee-titans-SOHZ8DpN/
13 Nov 2017,Regular,0,Carolina Panthers,Miami Dolphins,45,21,-400,298,https://www.oddsportal.com/american-football/usa/nfl-2017-2018/carolina-panthers-miami-dolphins-nD0xAgVG/
12 Nov 2017,Regular,0,Denver Broncos,New England Patriots,16,41,239,-308,https://www.oddsportal.com/american-football/usa/nfl-2017-2018/denver-broncos-new-england-patriots-8M1YAZFA/
12 Nov 2017,Regular,0,Atlanta Falcons,Dallas Cowboys,27,7,-192,153,https://www.oddsportal.com/american-football/usa/nfl-2017-2018/atlanta-falcons-dallas-cowboys-0dbQCeob/
12 Nov 2017,Regular,0,San Francisco 49ers,New York Giants,31,21,134,-164,https://www.oddsportal.com/american-football/usa/nfl-2017-2018/san-francisco-49ers-new-york-giants-Ea2UBF04/
12 Nov 2017,Regular,0,Los Angeles Rams,Houston Texans,33,7,-741,485,https://www.oddsportal.com/american-football/usa/nfl-2017-2018/los-angeles-rams-houston-texans-IX8LDyWi/
12 Nov 2017,Regular,0,Buffalo Bills,New Orleans Saints,10,47,108,-133,https://www.oddsportal.com/american-football/usa/nfl-2017-2018/buffalo-bills-new-orleans-saints-M5wibdW4/
12 Nov 2017,Regular,0,Chicago Bears,Green Bay Packers,16,23,-227,181,https://www.oddsportal.com/american-football/usa/nfl-2017-2018/chicago-bears-green-bay-packers-0dxecGoB/
12 Nov 2017,Regular,0,Detroit Lions,Cleveland Browns,38,24,-513,368,https://www.oddsportal.com/american-football/usa/nfl-2017-2018/detroit-lions-cleveland-browns-fJyadz1H/
12 Nov 2017,Regular,0,Indianapolis Colts,Pittsburgh Steelers,17,20,392,-541,https://www.oddsportal.com/american-football/usa/nfl-2017-2018/indianapolis-colts-pittsburgh-steelers-6gu3efGN/
12 Nov 2017,Regular,0,Jacksonville Jaguars,Los Angeles Chargers,20,17,-233,186,https://www.oddsportal.com/american-football/usa/nfl-2017-2018/jacksonville-jaguars-los-angeles-chargers-lIU7fEVT/
12 Nov 2017,Regular,0,Tampa Bay Buccaneers,New York Jets,15,10,-120,-102,https://www.oddsportal.com/american-football/usa/nfl-2017-2018/tampa-bay-buccaneers-new-york-jets-UTTDqCZ1/
12 Nov 2017,Regular,0,Tennessee Titans,Cincinnati Bengals,24,20,-230,181,https://www.oddsportal.com/american-football/usa/nfl-2017-2018/tennessee-titans-cincinnati-bengals-rXHe8eC2/
12 Nov 2017,Regular,0,Washington Commanders,Minnesota Vikings,30,38,-110,-112,https://www.oddsportal.com/american-football/usa/nfl-2017-2018/washington-commanders-minnesota-vikings-vsAHEHGo/
09 Nov 2017,Regular,0,Arizona Cardinals,Seattle Seahawks,16,22,212,-270,https://www.oddsportal.com/american-football/usa/nfl-2017-2018/arizona-cardinals-seattle-seahawks-4UrnaxHb/
06 Nov 2017,Regular,0,Green Bay Packers,Detroit Lions,17,30,115,-142,https://www.oddsportal.com/american-football/usa/nfl-2017-2018/green-bay-packers-detroit-lions-Qwpr0I1h/
05 Nov 2017,Regular,0,Miami Dolphins,Las Vegas Raiders,24,27,137,-169,https://www.oddsportal.com/american-football/usa/nfl-2017-2018/miami-dolphins-las-vegas-raiders-WGpv1bnn/
05 Nov 2017,Regular,0,Dallas Cowboys,Kansas City Chiefs,28,17,-140,113,https://www.oddsportal.com/american-football/usa/nfl-2017-2018/dallas-cowboys-kansas-city-chiefs-IDtz2vXu/
05 Nov 2017,Regular,0,San Francisco 49ers,Arizona Cardinals,10,20,106,-132,https://www.oddsportal.com/american-football/usa/nfl-2017-2018/san-francisco-49ers-arizona-cardinals-hjFTte1U/
05 Nov 2017,Regular,0,Seattle Seahawks,Washington Commanders,14,17,-426,317,https://www.oddsportal.com/american-football/usa/nfl-2017-2018/seattle-seahawks-washington-commanders-EaGPsynO/
05 Nov 2017,Regular,0,Carolina Panthers,Atlanta Falcons,20,17,127,-156,https://www.oddsportal.com/american-football/usa/nfl-2017-2018/carolina-panthers-atlanta-falcons-fHGdlL2t/
05 Nov 2017,Regular,0,Houston Texans,Indianapolis Colts,14,20,-266,206,https://www.oddsportal.com/american-football/usa/nfl-2017-2018/houston-texans-indianapolis-colts-ChB1muIn/
05 Nov 2017,Regular,0,Jacksonville Jaguars,Cincinnati Bengals,23,7,-259,201,https://www.oddsportal.com/american-football/usa/nfl-2017-2018/jacksonville-jaguars-cincinnati-bengals-jqA5naXh/
05 Nov 2017,Regular,0,New Orleans Saints,Tampa Bay Buccaneers,30,10,-307,239,https://www.oddsportal.com/american-football/usa/nfl-2017-2018/new-orleans-saints-tampa-bay-buccaneers-p699oJna/
05 Nov 2017,Regular,0,New York Giants,Los Angeles Rams,17,51,204,-263,https://www.oddsportal.com/american-football/usa/nfl-2017-2018/new-york-giants-los-angeles-rams-b9DDpw25/
05 Nov 2017,Regular,0,Philadelphia Eagles,Denver Broncos,51,23,-317,245,https://www.oddsportal.com/american-football/usa/nfl-2017-2018/philadelphia-eagles-denver-broncos-tY2IqcHB/
05 Nov 2017,Regular,0,Tennessee Titans,Baltimore Ravens,23,20,-175,143,https://www.oddsportal.com/american-football/usa/nfl-2017-2018/tennessee-titans-baltimore-ravens-KO1MrHWH/
02 Nov 2017,Regular,0,New York Jets,Buffalo Bills,34,21,143,-177,https://www.oddsportal.com/american-football/usa/nfl-2017-2018/new-york-jets-buffalo-bills-h8UUh1fP/
30 Oct 2017,Regular,0,Kansas City Chiefs,Denver Broncos,29,19,-333,255,https://www.oddsportal.com/american-football/usa/nfl-2017-2018/kansas-city-chiefs-denver-broncos-v5tmUHHO/
29 Oct 2017,Regular,0,Detroit Lions,Pittsburgh Steelers,15,20,141,-175,https://www.oddsportal.com/american-football/usa/nfl-2017-2018/detroit-lions-pittsburgh-steelers-SUxqVc2I/
29 Oct 2017,Regular,0,Washington Commanders,Dallas Cowboys,19,33,134,-166,https://www.oddsportal.com/american-football/usa/nfl-2017-2018/washington-commanders-dallas-cowboys-p6mvWwmC/
29 Oct 2017,Regular,0,Seattle Seahawks,Houston Texans,41,38,-274,217,https://www.oddsportal.com/american-football/usa/nfl-2017-2018/seattle-seahawks-houston-texans-6FlzXJX5/
29 Oct 2017,Regular,0,Buffalo Bills,Las Vegas Raiders,34,14,-128,104,https://www.oddsportal.com/american-football/usa/nfl-2017-2018/buffalo-bills-las-vegas-raiders-WrPAUQB7/
29 Oct 2017,Regular,0,Cincinnati Bengals,Indianapolis Colts,24,23,-541,391,https://www.oddsportal.com/american-football/usa/nfl-2017-2018/cincinnati-bengals-indianapolis-colts-WzVogAl8/
29 Oct 2017,Regular,0,New England Patriots,Los Angeles Chargers,21,13,-290,226,https://www.oddsportal.com/american-football/usa/nfl-2017-2018/new-england-patriots-los-angeles-chargers-ARTkhU3E/
29 Oct 2017,Regular,0,New Orleans Saints,Chicago Bears,20,12,-364,277,https://www.oddsportal.com/american-football/usa/nfl-2017-2018/new-orleans-saints-chicago-bears-2NiJz2Yt/
29 Oct 2017,Regular,0,New York Jets,Atlanta Falcons,20,25,237,-307,https://www.oddsportal.com/american-football/usa/nfl-2017-2018/new-york-jets-atlanta-falcons-GQeNZLmm/
29 Oct 2017,Regular,0,Philadelphia Eagles,San Francisco 49ers,33,10,-769,521,https://www.oddsportal.com/american-football/usa/nfl-2017-2018/philadelphia-eagles-san-francisco-49ers-bkoSYu3g/
29 Oct 2017,Regular,0,Tampa Bay Buccaneers,Carolina Panthers,3,17,-124,101,https://www.oddsportal.com/american-football/usa/nfl-2017-2018/tampa-bay-buccaneers-carolina-panthers-xtpWXaIa/
29 Oct 2017,Regular,0,Cleveland Browns,Minnesota Vikings,16,33,432,-627,https://www.oddsportal.com/american-football/usa/nfl-2017-2018/cleveland-browns-minnesota-vikings-hhQ6V6d1/
26 Oct 2017,Regular,0,Baltimore Ravens,Miami Dolphins,40,0,-159,128,https://www.oddsportal.com/american-football/usa/nfl-2017-2018/baltimore-ravens-miami-dolphins-bVQ2Wnse/
23 Oct 2017,Regular,0,Philadelphia Eagles,Washington Commanders,34,24,-175,136,https://www.oddsportal.com/american-football/usa/nfl-2017-2018/philadelphia-eagles-washington-commanders-pSMbXSRl/
22 Oct 2017,Regular,0,New England Patriots,Atlanta Falcons,23,7,-133,105,https://www.oddsportal.com/american-football/usa/nfl-2017-2018/new-england-patriots-atlanta-falcons-23XgY8Cr/
22 Oct 2017,Regular,0,Los Angeles Chargers,Denver Broncos,21,0,-109,-116,https://www.oddsportal.com/american-football/usa/nfl-2017-2018/los-angeles-chargers-denver-broncos-0foSxk4R/
22 Oct 2017,Regular,0,New York Giants,Seattle Seahawks,7,24,125,-159,https://www.oddsportal.com/american-football/usa/nfl-2017-2018/new-york-giants-seattle-seahawks-WKtOwVlL/
22 Oct 2017,Regular,0,Pittsburgh Steelers,Cincinnati Bengals,29,14,-162,128,https://www.oddsportal.com/american-football/usa/nfl-2017-2018/pittsburgh-steelers-cincinnati-bengals-A5hFuiK8/
22 Oct 2017,Regular,0,San Francisco 49ers,Dallas Cowboys,10,40,143,-183,https://www.oddsportal.com/american-football/usa/nfl-2017-2018/san-francisco-49ers-dallas-cowboys-hUsKvBZE/
22 Oct 2017,Regular,0,Buffalo Bills,Tampa Bay Buccaneers,30,27,-144,115,https://www.oddsportal.com/american-football/usa/nfl-2017-2018/buffalo-bills-tampa-bay-buccaneers-AiDtRi5F/
22 Oct 2017,Regular,0,Chicago Bears,Carolina Panthers,17,3,108,-137,https://www.oddsportal.com/american-football/usa/nfl-2017-2018/chicago-bears-carolina-panthers-hG2oQBKL/
22 Oct 2017,Regular,0,Cleveland Browns,Tennessee Titans,9,12,142,-183,https://www.oddsportal.com/american-football/usa/nfl-2017-2018/cleveland-browns-tennessee-titans-6J6kPVZR/
22 Oct 2017,Regular,0,Green Bay Packers,New Orleans Saints,17,26,120,-152,https://www.oddsportal.com/american-football/usa/nfl-2017-2018/green-bay-packers-new-orleans-saints-ObgHKkrq/
22 Oct 2017,Regular,0,Indianapolis Colts,Jacksonville Jaguars,0,27,110,-140,https://www.oddsportal.com/american-football/usa/nfl-2017-2018/indianapolis-colts-jacksonville-jaguars-2khLJ9ck/
22 Oct 2017,Regular,0,Los Angeles Rams,Arizona Cardinals,33,0,-143,113,https://www.oddsportal.com/american-football/usa/nfl-2017-2018/los-angeles-rams-arizona-cardinals-KQnQITCe/
22 Oct 2017,Regular,0,Miami Dolphins,New York Jets,31,28,-144,114,https://www.oddsportal.com/american-football/usa/nfl-2017-2018/miami-dolphins-new-york-jets-bHoUHmS1/
22 Oct 2017,Regular,0,Minnesota Vikings,Baltimore Ravens,24,16,-174,136,https://www.oddsportal.com/american-football/usa/nfl-2017-2018/minnesota-vikings-baltimore-ravens-CKZBtX42/
19 Oct 2017,Regular,0,Las Vegas Raiders,Kansas City Chiefs,31,30,109,-138,https://www.oddsportal.com/american-football/usa/nfl-2017-2018/las-vegas-raiders-kansas-city-chiefs-W0ExSXk9/
16 Oct 2017,Regular,0,Tennessee Titans,Indianapolis Colts,36,22,-190,148,https://www.oddsportal.com/american-football/usa/nfl-2017-2018/tennessee-titans-indianapolis-colts-OzFYSDz3/
15 Oct 2017,Regular,0,Denver Broncos,New York Giants,10,23,-747,506,https://www.oddsportal.com/american-football/usa/nfl-2017-2018/denver-broncos-new-york-giants-ppGUTgLd/
15 Oct 2017,Regular,0,Kansas City Chiefs,Pittsburgh Steelers,13,19,-148,117,https://www.oddsportal.com/american-football/usa/nfl-2017-2018/kansas-city-chiefs-pittsburgh-steelers-S8opMs2j/
15 Oct 2017,Regular,0,Las Vegas Raiders,Los Angeles Chargers,16,17,-139,109,https://www.oddsportal.com/american-football/usa/nfl-2017-2018/las-vegas-raiders-los-angeles-chargers-tCklL1Hd/
15 Oct 2017,Regular,0,Arizona Cardinals,Tampa Bay Buccaneers,38,33,104,-132,https://www.oddsportal.com/american-football/usa/nfl-2017-2018/arizona-cardinals-tampa-bay-buccaneers-Wx0ER3vT/
15 Oct 2017,Regular,0,Jacksonville Jaguars,Los Angeles Rams,17,27,-117,-107,https://www.oddsportal.com/american-football/usa/nfl-2017-2018/jacksonville-jaguars-los-angeles-rams-YontNNnp/
15 Oct 2017,Regular,0,Atlanta Falcons,Miami Dolphins,17,20,-871,567,https://www.oddsportal.com/american-football/usa/nfl-2017-2018/atlanta-falcons-miami-dolphins-KrM68OXj/
15 Oct 2017,Regular,0,Baltimore Ravens,Chicago Bears,24,27,-171,134,https://www.oddsportal.com/american-football/usa/nfl-2017-2018/baltimore-ravens-chicago-bears-8bFlX7Ai/
15 Oct 2017,Regular,0,Houston Texans,Cleveland Browns,33,17,-217,169,https://www.oddsportal.com/american-football/usa/nfl-2017-2018/houston-texans-cleveland-browns-nkEhWRPc/
15 Oct 2017,Regular,0,Minnesota Vikings,Green Bay Packers,23,10,110,-139,https://www.oddsportal.com/american-football/usa/nfl-2017-2018/minnesota-vikings-green-bay-packers-UD3cVou4/
15 Oct 2017,Regular,0,New Orleans Saints,Detroit Lions,52,38,-174,137,https://www.oddsportal.com/american-football/usa/nfl-2017-2018/new-orleans-saints-detroit-lions-tl71U5fA/
15 Oct 2017,Regular,0,New York Jets,New England Patriots,17,24,189,-247,https://www.oddsportal.com/american-football/usa/nfl-2017-2018/new-york-jets-new-england-patriots-zB65TP9G/
15 Oct 2017,Regular,0,Washington Commanders,San Francisco 49ers,26,24,-276,208,https://www.oddsportal.com/american-football/usa/nfl-2017-2018/washington-commanders-san-francisco-49ers-E159SqPM/
12 Oct 2017,Regular,0,Carolina Panthers,Philadelphia Eagles,23,28,-134,106,https://www.oddsportal.com/american-football/usa/nfl-2017-2018/carolina-panthers-philadelphia-eagles-thN294Ip/
09 Oct 2017,Regular,0,Chicago Bears,Minnesota Vikings,17,20,120,-152,https://www.oddsportal.com/american-football/usa/nfl-2017-2018/chicago-bears-minnesota-vikings-zBpzEpAT/
08 Oct 2017,Regular,0,Houston Texans,Kansas City Chiefs,34,42,-102,-125,https://www.oddsportal.com/american-football/usa/nfl-2017-2018/houston-texans-kansas-city-chiefs-M7tWEQfN/
08 Oct 2017,Regular,0,Dallas Cowboys,Green Bay Packers,31,35,-129,102,https://www.oddsportal.com/american-football/usa/nfl-2017-2018/dallas-cowboys-green-bay-packers-SpsSF6uH/
08 Oct 2017,Regular,0,Las Vegas Raiders,Baltimore Ravens,17,30,-136,107,https://www.oddsportal.com/american-football/usa/nfl-2017-2018/las-vegas-raiders-baltimore-ravens-lfrOGnQA/
08 Oct 2017,Regular,0,Los Angeles Rams,Seattle Seahawks,10,16,-124,-102,https://www.oddsportal.com/american-football/usa/nfl-2017-2018/los-angeles-rams-seattle-seahawks-MXBRHSA4/
08 Oct 2017,Regular,0,Cincinnati Bengals,Buffalo Bills,20,16,-141,111,https://www.oddsportal.com/american-football/usa/nfl-2017-2018/cincinnati-bengals-buffalo-bills-6cFjGFZa/
08 Oct 2017,Regular,0,Cleveland Browns,New York Jets,14,17,-102,-125,https://www.oddsportal.com/american-football/usa/nfl-2017-2018/cleveland-browns-new-york-jets-lM4eFZl6/
08 Oct 2017,Regular,0,Detroit Lions,Carolina Panthers,24,27,-126,-100,https://www.oddsportal.com/american-football/usa/nfl-2017-2018/detroit-lions-carolina-panthers-SC3aEg4C/
08 Oct 2017,Regular,0,Indianapolis Colts,San Francisco 49ers,26,23,-119,-106,https://www.oddsportal.com/american-football/usa/nfl-2017-2018/indianapolis-colts-san-francisco-49ers-dn83DDJI/
08 Oct 2017,Regular,0,Miami Dolphins,Tennessee Titans,16,10,-117,-107,https://www.oddsportal.com/american-football/usa/nfl-2017-2018/miami-dolphins-tennessee-titans-YBVWeolo/
08 Oct 2017,Regular,0,New York Giants,Los Angeles Chargers,22,27,-143,113,https://www.oddsportal.com/american-football/usa/nfl-2017-2018/new-york-giants-los-angeles-chargers-zH9FKUQo/
08 Oct 2017,Regular,0,Philadelphia Eagles,Arizona Cardinals,34,7,-184,143,https://www.oddsportal.com/american-football/usa/nfl-2017-2018/philadelphia-eagles-arizona-cardinals-lKDJJlth/
08 Oct 2017,Regular,0,Pittsburgh Steelers,Jacksonville Jaguars,9,30,-202,157,https://www.oddsportal.com/american-football/usa/nfl-2017-2018/pittsburgh-steelers-jacksonville-jaguars-rsDNI8eb/
05 Oct 2017,Regular,0,Tampa Bay Buccaneers,New England Patriots,14,19,120,-152,https://www.oddsportal.com/american-football/usa/nfl-2017-2018/tampa-bay-buccaneers-new-england-patriots-fNBnHeKg/
02 Oct 2017,Regular,0,Kansas City Chiefs,Washington Commanders,29,20,-194,150,https://www.oddsportal.com/american-football/usa/nfl-2017-2018/kansas-city-chiefs-washington-commanders-00CrIy5m/
01 Oct 2017,Regular,0,Seattle Seahawks,Indianapolis Colts,46,18,-281,211,https://www.oddsportal.com/american-football/usa/nfl-2017-2018/seattle-seahawks-indianapolis-colts-M9DvJHks/
01 Oct 2017,Regular,0,Denver Broncos,Las Vegas Raiders,16,10,-152,120,https://www.oddsportal.com/american-football/usa/nfl-2017-2018/denver-broncos-las-vegas-raiders-tGVBNcsQ/
01 Oct 2017,Regular,0,Arizona Cardinals,San Francisco 49ers,18,15,-184,145,https://www.oddsportal.com/american-football/usa/nfl-2017-2018/arizona-cardinals-san-francisco-49ers-zJvM0zzD/
01 Oct 2017,Regular,0,Los Angeles Chargers,Philadelphia Eagles,24,26,-120,-106,https://www.oddsportal.com/american-football/usa/nfl-2017-2018/los-angeles-chargers-philadelphia-eagles-lMrQafkJ/
01 Oct 2017,Regular,0,Tampa Bay Buccaneers,New York Giants,25,23,-129,101,https://www.oddsportal.com/american-football/usa/nfl-2017-2018/tampa-bay-buccaneers-new-york-giants-2PW7OwSJ/
01 Oct 2017,Regular,0,Atlanta Falcons,Buffalo Bills,17,23,-400,281,https://www.oddsportal.com/american-football/usa/nfl-2017-2018/atlanta-falcons-buffalo-bills-zkDQB0rE/
01 Oct 2017,Regular,0,Baltimore Ravens,Pittsburgh Steelers,9,26,121,-154,https://www.oddsportal.com/american-football/usa/nfl-2017-2018/baltimore-ravens-pittsburgh-steelers-EuCUAKcK/
01 Oct 2017,Regular,0,Cleveland Browns,Cincinnati Bengals,7,31,118,-150,https://www.oddsportal.com/american-football/usa/nfl-2017-2018/cleveland-browns-cincinnati-bengals-82BY9vDQ/
01 Oct 2017,Regular,0,Dallas Cowboys,Los Angeles Rams,30,35,-256,193,https://www.oddsportal.com/american-football/usa/nfl-2017-2018/dallas-cowboys-los-angeles-rams-pO205bLs/
01 Oct 2017,Regular,0,Houston Texans,Tennessee Titans,57,14,108,-136,https://www.oddsportal.com/american-football/usa/nfl-2017-2018/houston-texans-tennessee-titans-Snh54Izl/
01 Oct 2017,Regular,0,Minnesota Vikings,Detroit Lions,7,14,-137,109,https://www.oddsportal.com/american-football/usa/nfl-2017-2018/minnesota-vikings-detroit-lions-6wi93xjf/
01 Oct 2017,Regular,0,New England Patriots,Carolina Panthers,30,33,-455,322,https://www.oddsportal.com/american-football/usa/nfl-2017-2018/new-england-patriots-carolina-panthers-E3jD2d50/
01 Oct 2017,Regular,0,New York Jets,Jacksonville Jaguars,23,20,163,-213,https://www.oddsportal.com/american-football/usa/nfl-2017-2018/new-york-jets-jacksonville-jaguars-hfkH1GK6/
01 Oct 2017,Regular,0,Miami Dolphins,New Orleans Saints,0,20,123,-157,https://www.oddsportal.com/american-football/usa/nfl-2017-2018/miami-dolphins-new-orleans-saints-bXTsmH5D/
28 Sep 2017,Regular,0,Green Bay Packers,Chicago Bears,35,14,-196,153,https://www.oddsportal.com/american-football/usa/nfl-2017-2018/green-bay-packers-chicago-bears-KtVwlcj7/
25 Sep 2017,Regular,0,Arizona Cardinals,Dallas Cowboys,17,28,109,-138,https://www.oddsportal.com/american-football/usa/nfl-2017-2018/arizona-cardinals-dallas-cowboys-QJVZlwy1/
24 Sep 2017,Regular,0,Washington Commanders,Las Vegas Raiders,27,10,119,-151,https://www.oddsportal.com/american-football/usa/nfl-2017-2018/washington-commanders-las-vegas-raiders-SYCWkJLf/
24 Sep 2017,Regular,0,Green Bay Packers,Cincinnati Bengals,27,24,-202,155,https://www.oddsportal.com/american-football/usa/nfl-2017-2018/green-bay-packers-cincinnati-bengals-6JONiuir/
24 Sep 2017,Regular,0,Los Angeles Chargers,Kansas City Chiefs,10,24,106,-134,https://www.oddsportal.com/american-football/usa/nfl-2017-2018/los-angeles-chargers-kansas-city-chiefs-pANRja6l/
24 Sep 2017,Regular,0,Tennessee Titans,Seattle Seahawks,33,27,-124,-102,https://www.oddsportal.com/american-football/usa/nfl-2017-2018/tennessee-titans-seattle-seahawks-ERWedLrR/
24 Sep 2017,Regular,0,Buffalo Bills,Denver Broncos,26,16,118,-150,https://www.oddsportal.com/american-football/usa/nfl-2017-2018/buffalo-bills-denver-broncos-dUpQr2ER/
24 Sep 2017,Regular,0,Carolina Panthers,New Orleans Saints,13,34,-169,133,https://www.oddsportal.com/american-football/usa/nfl-2017-2018/carolina-panthers-new-orleans-saints-YkxhvMMr/
24 Sep 2017,Regular,0,Chicago Bears,Pittsburgh Steelers,23,17,152,-195,https://www.oddsportal.com/american-football/usa/nfl-2017-2018/chicago-bears-pittsburgh-steelers-SCydwtxk/
24 Sep 2017,Regular,0,Detroit Lions,Atlanta Falcons,26,30,112,-141,https://www.oddsportal.com/american-football/usa/nfl-2017-2018/detroit-lions-atlanta-falcons-63z0x0ie/
24 Sep 2017,Regular,0,Indianapolis Colts,Cleveland Browns,31,28,-111,-114,https://www.oddsportal.com/american-football/usa/nfl-2017-2018/indianapolis-colts-cleveland-browns-nFicyK61/
24 Sep 2017,Regular,0,Minnesota Vikings,Tampa Bay Buccaneers,34,17,-115,-109,https://www.oddsportal.com/american-football/usa/nfl-2017-2018/minnesota-vikings-tampa-bay-buccaneers-Q5j1zvM7/
24 Sep 2017,Regular,0,New England Patriots,Houston Texans,36,33,-293,217,https://www.oddsportal.com/american-football/usa/nfl-2017-2018/new-england-patriots-houston-texans-v9vqaNb8/
24 Sep 2017,Regular,0,New York Jets,Miami Dolphins,20,6,138,-179,https://www.oddsportal.com/american-football/usa/nfl-2017-2018/new-york-jets-miami-dolphins-hCrmbsEE/
24 Sep 2017,Regular,0,Philadelphia Eagles,New York Giants,27,24,-170,132,https://www.oddsportal.com/american-football/usa/nfl-2017-2018/philadelphia-eagles-new-york-giants-zyYic1TK/
24 Sep 2017,Regular,0,Jacksonville Jaguars,Baltimore Ravens,44,7,113,-143,https://www.oddsportal.com/american-football/usa/nfl-2017-2018/jacksonville-jaguars-baltimore-ravens-E5eLqraL/
21 Sep 2017,Regular,0,San Francisco 49ers,Los Angeles Rams,39,41,109,-138,https://www.oddsportal.com/american-football/usa/nfl-2017-2018/san-francisco-49ers-los-angeles-rams-zFdHpOqF/
18 Sep 2017,Regular,0,New York Giants,Detroit Lions,10,24,-146,114,https://www.oddsportal.com/american-football/usa/nfl-2017-2018/new-york-giants-detroit-lions-6uhDo4U8/
17 Sep 2017,Regular,0,Atlanta Falcons,Green Bay Packers,34,23,-146,115,https://www.oddsportal.com/american-football/usa/nfl-2017-2018/atlanta-falcons-green-bay-packers-Slg9npF2/
17 Sep 2017,Regular,0,Denver Broncos,Dallas Cowboys,42,17,100,-128,https://www.oddsportal.com/american-football/usa/nfl-2017-2018/denver-broncos-dallas-cowboys-KnCIPM7k/
17 Sep 2017,Regular,0,Los Angeles Rams,Washington Commanders,20,27,-144,114,https://www.oddsportal.com/american-football/usa/nfl-2017-2018/los-angeles-rams-washington-commanders-E9BMOtNe/
17 Sep 2017,Regular,0,Seattle Seahawks,San Francisco 49ers,12,9,-310,232,https://www.oddsportal.com/american-football/usa/nfl-2017-2018/seattle-seahawks-san-francisco-49ers-QqFQN0x2/
17 Sep 2017,Regular,0,Las Vegas Raiders,New York Jets,45,20,-313,231,https://www.oddsportal.com/american-football/usa/nfl-2017-2018/las-vegas-raiders-new-york-jets-QofprVNG/
17 Sep 2017,Regular,0,Los Angeles Chargers,Miami Dolphins,17,19,-150,118,https://www.oddsportal.com/american-football/usa/nfl-2017-2018/los-angeles-chargers-miami-dolphins-tdDEQ2hq/
17 Sep 2017,Regular,0,Baltimore Ravens,Cleveland Browns,24,10,-212,165,https://www.oddsportal.com/american-football/usa/nfl-2017-2018/baltimore-ravens-cleveland-browns-KQOBTV8N/
17 Sep 2017,Regular,0,Carolina Panthers,Buffalo Bills,9,3,-190,147,https://www.oddsportal.com/american-football/usa/nfl-2017-2018/carolina-panthers-buffalo-bills-2kEGSkOT/
17 Sep 2017,Regular,0,Indianapolis Colts,Arizona Cardinals,13,16,152,-195,https://www.oddsportal.com/american-football/usa/nfl-2017-2018/indianapolis-colts-arizona-cardinals-4b0rO9Wp/
17 Sep 2017,Regular,0,Jacksonville Jaguars,Tennessee Titans,16,37,-107,-117,https://www.oddsportal.com/american-football/usa/nfl-2017-2018/jacksonville-jaguars-tennessee-titans-IF3Png9o/
17 Sep 2017,Regular,0,Kansas City Chiefs,Philadelphia Eagles,27,20,-160,126,https://www.oddsportal.com/american-football/usa/nfl-2017-2018/kansas-city-chiefs-philadelphia-eagles-d62ToDOi/
17 Sep 2017,Regular,0,New Orleans Saints,New England Patriots,20,36,140,-181,https://www.oddsportal.com/american-football/usa/nfl-2017-2018/new-orleans-saints-new-england-patriots-vViYpXwb/
17 Sep 2017,Regular,0,Pittsburgh Steelers,Minnesota Vikings,26,9,-223,172,https://www.oddsportal.com/american-football/usa/nfl-2017-2018/pittsburgh-steelers-minnesota-vikings-hYexpig4/
17 Sep 2017,Regular,0,Tampa Bay Buccaneers,Chicago Bears,29,7,-197,152,https://www.oddsportal.com/american-football/usa/nfl-2017-2018/tampa-bay-buccaneers-chicago-bears-neetqB8A/
14 Sep 2017,Regular,0,Cincinnati Bengals,Houston Texans,9,13,-175,136,https://www.oddsportal.com/american-football/usa/nfl-2017-2018/cincinnati-bengals-houston-texans-6NK7UBgH/
11 Sep 2017,Regular,0,Denver Broncos,Los Angeles Chargers,24,21,-129,102,https://www.oddsportal.com/american-football/usa/nfl-2017-2018/denver-broncos-los-angeles-chargers-C0L3VivB/
11 Sep 2017,Regular,0,Minnesota Vikings,New Orleans Saints,29,19,-148,117,https://www.oddsportal.com/american-football/usa/nfl-2017-2018/minnesota-vikings-new-orleans-saints-Y9MaWXO4/
10 Sep 2017,Regular,0,Dallas Cowboys,New York Giants,19,3,-179,140,https://www.oddsportal.com/american-football/usa/nfl-2017-2018/dallas-cowboys-new-york-giants-GYRfXD9b/
10 Sep 2017,Regular,0,Green Bay Packers,Seattle Seahawks,17,9,-132,104,https://www.oddsportal.com/american-football/usa/nfl-2017-2018/green-bay-packers-seattle-seahawks-rLTnZZvn/
10 Sep 2017,Regular,0,San Francisco 49ers,Carolina Panthers,3,23,131,-185,https://www.oddsportal.com/american-football/usa/nfl-2017-2018/san-francisco-49ers-carolina-panthers-xrTjYgfh/
10 Sep 2017,Regular,0,Los Angeles Rams,Indianapolis Colts,46,9,-148,117,https://www.oddsportal.com/american-football/usa/nfl-2017-2018/los-angeles-rams-indianapolis-colts-WpQrzGPu/
10 Sep 2017,Regular,0,Buffalo Bills,New York Jets,21,12,-224,172,https://www.oddsportal.com/american-football/usa/nfl-2017-2018/buffalo-bills-new-york-jets-AFmCMdet/
10 Sep 2017,Regular,0,Chicago Bears,Atlanta Falcons,17,23,150,-194,https://www.oddsportal.com/american-football/usa/nfl-2017-2018/chicago-bears-atlanta-falcons-jR49LGAn/
10 Sep 2017,Regular,0,Cincinnati Bengals,Baltimore Ravens,0,20,-133,106,https://www.oddsportal.com/american-football/usa/nfl-2017-2018/cincinnati-bengals-baltimore-ravens-UH3DKzQh/
10 Sep 2017,Regular,0,Cleveland Browns,Pittsburgh Steelers,18,21,344,-477,https://www.oddsportal.com/american-football/usa/nfl-2017-2018/cleveland-browns-pittsburgh-steelers-Ov3HJfua/
10 Sep 2017,Regular,0,Detroit Lions,Arizona Cardinals,35,23,-101,-126,https://www.oddsportal.com/american-football/usa/nfl-2017-2018/detroit-lions-arizona-cardinals-xr7LIEf5/
10 Sep 2017,Regular,0,Houston Texans,Jacksonville Jaguars,7,29,-174,135,https://www.oddsportal.com/american-football/usa/nfl-2017-2018/houston-texans-jacksonville-jaguars-K6dQHY9B/
10 Sep 2017,Regular,0,Tennessee Titans,Las Vegas Raiders,16,26,-133,105,https://www.oddsportal.com/american-football/usa/nfl-2017-2018/tennessee-titans-las-vegas-raiders-SWaYFCvO/
10 Sep 2017,Regular,0,Washington Commanders,Philadelphia Eagles,17,30,-108,-117,https://www.oddsportal.com/american-football/usa/nfl-2017-2018/washington-commanders-philadelphia-eagles-6NbxFWgU/
07 Sep 2017,Regular,0,New England Patriots,Kansas City Chiefs,27,42,-271,204,https://www.oddsportal.com/american-football/usa/nfl-2017-2018/new-england-patriots-kansas-city-chiefs-861pRxmP/
31 Aug 2017,Pre-season,0,Las Vegas Raiders,Seattle Seahawks,13,17,,,https://www.oddsportal.com/american-football/usa/nfl-2017-2018/las-vegas-raiders-seattle-seahawks-YJcdUlXf/
31 Aug 2017,Pre-season,0,San Francisco 49ers,Los Angeles Chargers,23,13,,,https://www.oddsportal.com/american-football/usa/nfl-2017-2018/san-francisco-49ers-los-angeles-chargers-vawCka33/
31 Aug 2017,Pre-season,0,Denver Broncos,Arizona Cardinals,30,2,,,https://www.oddsportal.com/american-football/usa/nfl-2017-2018/denver-broncos-arizona-cardinals-b30PReBd/
31 Aug 2017,Pre-season,0,Kansas City Chiefs,Tennessee Titans,30,6,,,https://www.oddsportal.com/american-football/usa/nfl-2017-2018/kansas-city-chiefs-tennessee-titans-nPtKmwYF/
31 Aug 2017,Pre-season,0,Chicago Bears,Cleveland Browns,0,25,,,https://www.oddsportal.com/american-football/usa/nfl-2017-2018/chicago-bears-cleveland-browns-jwcHTHtp/
31 Aug 2017,Pre-season,0,Minnesota Vikings,Miami Dolphins,9,30,,,https://www.oddsportal.com/american-football/usa/nfl-2017-2018/minnesota-vikings-miami-dolphins-vcbhVUHl/
31 Aug 2017,Pre-season,0,New Orleans Saints,Baltimore Ravens,13,14,,,https://www.oddsportal.com/american-football/usa/nfl-2017-2018/new-orleans-saints-baltimore-ravens-08v8julc/
31 Aug 2017,Pre-season,0,Carolina Panthers,Pittsburgh Steelers,14,17,,,https://www.oddsportal.com/american-football/usa/nfl-2017-2018/carolina-panthers-pittsburgh-steelers-MuvijWgE/
31 Aug 2017,Pre-season,0,New England Patriots,New York Giants,38,40,,,https://www.oddsportal.com/american-football/usa/nfl-2017-2018/new-england-patriots-new-york-giants-Uoi5SS17/
31 Aug 2017,Pre-season,0,Tampa Bay Buccaneers,Washington Commanders,10,13,,,https://www.oddsportal.com/american-football/usa/nfl-2017-2018/tampa-bay-buccaneers-washington-commanders-SMflWA2r/
31 Aug 2017,Pre-season,0,Atlanta Falcons,Jacksonville Jaguars,7,13,,,https://www.oddsportal.com/american-football/usa/nfl-2017-2018/atlanta-falcons-jacksonville-jaguars-8xj9RnHD/
31 Aug 2017,Pre-season,0,Buffalo Bills,Detroit Lions,27,17,,,https://www.oddsportal.com/american-football/usa/nfl-2017-2018/buffalo-bills-detroit-lions-lUAkYcYS/
31 Aug 2017,Pre-season,0,Green Bay Packers,Los Angeles Rams,24,10,,,https://www.oddsportal.com/american-football/usa/nfl-2017-2018/green-bay-packers-los-angeles-rams-8YsGlJI9/
31 Aug 2017,Pre-season,0,Indianapolis Colts,Cincinnati Bengals,7,6,,,https://www.oddsportal.com/american-football/usa/nfl-2017-2018/indianapolis-colts-cincinnati-bengals-p0dLSydj/
31 Aug 2017,Pre-season,0,New York Jets,Philadelphia Eagles,16,10,,,https://www.oddsportal.com/american-football/usa/nfl-2017-2018/new-york-jets-philadelphia-eagles-CAd0T8n1/
27 Aug 2017,Pre-season,0,Minnesota Vikings,San Francisco 49ers,32,31,,,https://www.oddsportal.com/american-football/usa/nfl-2017-2018/minnesota-vikings-san-francisco-49ers-rHukzK3G/
27 Aug 2017,Pre-season,0,Washington Commanders,Cincinnati Bengals,23,17,,,https://www.oddsportal.com/american-football/usa/nfl-2017-2018/washington-commanders-cincinnati-bengals-lftoy0lA/
27 Aug 2017,Pre-season,0,Tennessee Titans,Chicago Bears,7,19,,,https://www.oddsportal.com/american-football/usa/nfl-2017-2018/tennessee-titans-chicago-bears-zixsxtZ3/
26 Aug 2017,Pre-season,0,Denver Broncos,Green Bay Packers,20,17,,,https://www.oddsportal.com/american-football/usa/nfl-2017-2018/denver-broncos-green-bay-packers-j3t82uro/
26 Aug 2017,Pre-season,0,Dallas Cowboys,Las Vegas Raiders,24,20,,,https://www.oddsportal.com/american-football/usa/nfl-2017-2018/dallas-cowboys-las-vegas-raiders-d0H7NtKA/
26 Aug 2017,Pre-season,0,Los Angeles Rams,Los Angeles Chargers,19,21,,,https://www.oddsportal.com/american-football/usa/nfl-2017-2018/los-angeles-rams-los-angeles-chargers-hSnxwMJc/
26 Aug 2017,Pre-season,0,New Orleans Saints,Houston Texans,13,0,,,https://www.oddsportal.com/american-football/usa/nfl-2017-2018/new-orleans-saints-houston-texans-0YNbP2kb/
26 Aug 2017,Pre-season,0,Pittsburgh Steelers,Indianapolis Colts,15,19,,,https://www.oddsportal.com/american-football/usa/nfl-2017-2018/pittsburgh-steelers-indianapolis-colts-EylYw24i/
26 Aug 2017,Pre-season,0,Tampa Bay Buccaneers,Cleveland Browns,9,13,,,https://www.oddsportal.com/american-football/usa/nfl-2017-2018/tampa-bay-buccaneers-cleveland-browns-vPM2OM44/
26 Aug 2017,Pre-season,0,Atlanta Falcons,Arizona Cardinals,14,24,,,https://www.oddsportal.com/american-football/usa/nfl-2017-2018/atlanta-falcons-arizona-cardinals-QLfjFIRj/
26 Aug 2017,Pre-season,0,Baltimore Ravens,Buffalo Bills,13,9,,,https://www.oddsportal.com/american-football/usa/nfl-2017-2018/baltimore-ravens-buffalo-bills-6BOfQrzh/
26 Aug 2017,Pre-season,0,New York Giants,New York Jets,32,31,,,https://www.oddsportal.com/american-football/usa/nfl-2017-2018/new-york-giants-new-york-jets-ziGBM0ZG/
25 Aug 2017,Pre-season,0,Seattle Seahawks,Kansas City Chiefs,26,13,,,https://www.oddsportal.com/american-football/usa/nfl-2017-2018/seattle-seahawks-kansas-city-chiefs-nVenGbCp/
25 Aug 2017,Pre-season,0,Detroit Lions,New England Patriots,28,30,,,https://www.oddsportal.com/american-football/usa/nfl-2017-2018/detroit-lions-new-england-patriots-UDFFLKlN/
24 Aug 2017,Pre-season,0,Jacksonville Jaguars,Carolina Panthers,23,24,,,https://www.oddsportal.com/american-football/usa/nfl-2017-2018/jacksonville-jaguars-carolina-panthers-h8KjROKo/
24 Aug 2017,Pre-season,0,Philadelphia Eagles,Miami Dolphins,38,31,,,https://www.oddsportal.com/american-football/usa/nfl-2017-2018/philadelphia-eagles-miami-dolphins-tlJJKv4T/
21 Aug 2017,Pre-season,0,Cleveland Browns,New York Giants,10,6,,,https://www.oddsportal.com/american-football/usa/nfl-2017-2018/cleveland-browns-new-york-giants-lfft7LZT/
20 Aug 2017,Pre-season,0,Los Angeles Chargers,New Orleans Saints,7,13,,,https://www.oddsportal.com/american-football/usa/nfl-2017-2018/los-angeles-chargers-new-orleans-saints-xWA8Eoyt/
20 Aug 2017,Pre-season,0,Pittsburgh Steelers,Atlanta Falcons,17,13,,,https://www.oddsportal.com/american-football/usa/nfl-2017-2018/pittsburgh-steelers-atlanta-falcons-tUfx81KN/
19 Aug 2017,Pre-season,0,Arizona Cardinals,Chicago Bears,23,24,,,https://www.oddsportal.com/american-football/usa/nfl-2017-2018/arizona-cardinals-chicago-bears-CzOncp65/
19 Aug 2017,Pre-season,0,Las Vegas Raiders,Los Angeles Rams,21,24,,,https://www.oddsportal.com/american-football/usa/nfl-2017-2018/las-vegas-raiders-los-angeles-rams-KE6T9NkB/
19 Aug 2017,Pre-season,0,San Francisco 49ers,Denver Broncos,14,33,,,https://www.oddsportal.com/american-football/usa/nfl-2017-2018/san-francisco-49ers-denver-broncos-jLZwa6yg/
19 Aug 2017,Pre-season,0,Houston Texans,New England Patriots,27,23,,,https://www.oddsportal.com/american-football/usa/nfl-2017-2018/houston-texans-new-england-patriots-Cl3LBqLb/
19 Aug 2017,Pre-season,0,Detroit Lions,New York Jets,16,6,,,https://www.oddsportal.com/american-football/usa/nfl-2017-2018/detroit-lions-new-york-jets-GM9CD5jn/
19 Aug 2017,Pre-season,0,Washington Commanders,Green Bay Packers,17,21,,,https://www.oddsportal.com/american-football/usa/nfl-2017-2018/washington-commanders-green-bay-packers-YqPrbQja/
19 Aug 2017,Pre-season,0,Cincinnati Bengals,Kansas City Chiefs,12,30,,,https://www.oddsportal.com/american-football/usa/nfl-2017-2018/cincinnati-bengals-kansas-city-chiefs-Yc4HCP5h/
19 Aug 2017,Pre-season,0,Dallas Cowboys,Indianapolis Colts,24,19,,,https://www.oddsportal.com/american-football/usa/nfl-2017-2018/dallas-cowboys-indianapolis-colts-0AZ2g25U/
19 Aug 2017,Pre-season,0,Tennessee Titans,Carolina Panthers,34,27,,,https://www.oddsportal.com/american-football/usa/nfl-2017-2018/tennessee-titans-carolina-panthers-tASjd4LB/
18 Aug 2017,Pre-season,0,Seattle Seahawks,Minnesota Vikings,20,13,,,https://www.oddsportal.com/american-football/usa/nfl-2017-2018/seattle-seahawks-minnesota-vikings-6B2PA3z5/
17 Aug 2017,Pre-season,0,Jacksonville Jaguars,Tampa Bay Buccaneers,8,12,,,https://www.oddsportal.com/american-football/usa/nfl-2017-2018/jacksonville-jaguars-tampa-bay-buccaneers-2wdY8s5H/
17 Aug 2017,Pre-season,0,Miami Dolphins,Baltimore Ravens,7,31,,,https://www.oddsportal.com/american-football/usa/nfl-2017-2018/miami-dolphins-baltimore-ravens-K0RfeOzI/
17 Aug 2017,Pre-season,0,Philadelphia Eagles,Buffalo Bills,20,16,,,https://www.oddsportal.com/american-football/usa/nfl-2017-2018/philadelphia-eagles-buffalo-bills-2PGafrjO/
13 Aug 2017,Pre-season,0,Los Angeles Chargers,Seattle Seahawks,17,48,,,https://www.oddsportal.com/american-football/usa/nfl-2017-2018/los-angeles-chargers-seattle-seahawks-Sn4Nfip7/
13 Aug 2017,Pre-season,0,Indianapolis Colts,Detroit Lions,10,24,,,https://www.oddsportal.com/american-football/usa/nfl-2017-2018/indianapolis-colts-detroit-lions-YPSR5Hh8/
12 Aug 2017,Pre-season,0,Arizona Cardinals,Las Vegas Raiders,20,10,,,https://www.oddsportal.com/american-football/usa/nfl-2017-2018/arizona-cardinals-las-vegas-raiders-b7C6bZpr/
12 Aug 2017,Pre-season,0,Los Angeles Rams,Dallas Cowboys,13,10,,,https://www.oddsportal.com/american-football/usa/nfl-2017-2018/los-angeles-rams-dallas-cowboys-p0WV4y8E/
12 Aug 2017,Pre-season,0,New York Jets,Tennessee Titans,7,3,,,https://www.oddsportal.com/american-football/usa/nfl-2017-2018/new-york-jets-tennessee-titans-xbBAcg0l/
11 Aug 2017,Pre-season,0,Kansas City Chiefs,San Francisco 49ers,17,27,,,https://www.oddsportal.com/american-football/usa/nfl-2017-2018/kansas-city-chiefs-san-francisco-49ers-6w3RgBaD/
11 Aug 2017,Pre-season,0,Cincinnati Bengals,Tampa Bay Buccaneers,23,12,,,https://www.oddsportal.com/american-football/usa/nfl-2017-2018/cincinnati-bengals-tampa-bay-buccaneers-YP4JeXU0/
11 Aug 2017,Pre-season,0,New York Giants,Pittsburgh Steelers,12,20,,,https://www.oddsportal.com/american-football/usa/nfl-2017-2018/new-york-giants-pittsburgh-steelers-xIVZanMn/
10 Aug 2017,Pre-season,0,Chicago Bears,Denver Broncos,17,24,,,https://www.oddsportal.com/american-football/usa/nfl-2017-2018/chicago-bears-denver-broncos-SOLz4eNK/
10 Aug 2017,Pre-season,0,Cleveland Browns,New Orleans Saints,20,14,,,https://www.oddsportal.com/american-football/usa/nfl-2017-2018/cleveland-browns-new-orleans-saints-6FKv3FxR/
10 Aug 2017,Pre-season,0,Green Bay Packers,Philadelphia Eagles,24,9,,,https://www.oddsportal.com/american-football/usa/nfl-2017-2018/green-bay-packers-philadelphia-eagles-6V82IfxE/
10 Aug 2017,Pre-season,0,Baltimore Ravens,Washington Commanders,23,3,,,https://www.oddsportal.com/american-football/usa/nfl-2017-2018/baltimore-ravens-washington-commanders-KM0FdDFf/
10 Aug 2017,Pre-season,0,New England Patriots,Jacksonville Jaguars,24,31,,,https://www.oddsportal.com/american-football/usa/nfl-2017-2018/new-england-patriots-jacksonville-jaguars-Ofoyqfoe/
10 Aug 2017,Pre-season,0,Buffalo Bills,Minnesota Vikings,10,17,,,https://www.oddsportal.com/american-football/usa/nfl-2017-2018/buffalo-bills-minnesota-vikings-tWutrE01/
10 Aug 2017,Pre-season,0,Miami Dolphins,Atlanta Falcons,23,20,,,https://www.oddsportal.com/american-football/usa/nfl-2017-2018/miami-dolphins-atlanta-falcons-reWV0S6t/
09 Aug 2017,Pre-season,0,Carolina Panthers,Houston Texans,27,17,,,https://www.oddsportal.com/american-football/usa/nfl-2017-2018/carolina-panthers-houston-texans-KMvpsYF7/
03 Aug 2017,Pre-season,0,Dallas Cowboys,Arizona Cardinals,20,18,,,https://www.oddsportal.com/american-football/usa/nfl-2017-2018/dallas-cowboys-arizona-cardinals-p4nXqzWl/
05 Feb 2017,Play Offs,1,Atlanta Falcons,New England Patriots,28,34,,,https://www.oddsportal.com/american-football/usa/nfl-2016-2017/atlanta-falcons-new-england-patriots-Sl5CwNtF/
29 Jan 2017,All Stars,0,NFC,AFC,13,20,,,https://www.oddsportal.com/american-football/usa/nfl-2016-2017/nfc-afc-YkAQpvlr/
22 Jan 2017,Play Offs,0,New England Patriots,Pittsburgh Steelers,36,17,,,https://www.oddsportal.com/american-football/usa/nfl-2016-2017/new-england-patriots-pittsburgh-steelers-lxNrBhE8/
22 Jan 2017,Play Offs,0,Atlanta Falcons,Green Bay Packers,44,21,,,https://www.oddsportal.com/american-football/usa/nfl-2016-2017/atlanta-falcons-green-bay-packers-WI7aFnlc/
15 Jan 2017,Play Offs,0,Kansas City Chiefs,Pittsburgh Steelers,16,18,,,https://www.oddsportal.com/american-football/usa/nfl-2016-2017/kansas-city-chiefs-pittsburgh-steelers-h2uoAUue/
15 Jan 2017,Play Offs,0,Dallas Cowboys,Green Bay Packers,31,34,,,https://www.oddsportal.com/american-football/usa/nfl-2016-2017/dallas-cowboys-green-bay-packers-nPvk9le1/
14 Jan 2017,Play Offs,0,New England Patriots,Houston Texans,34,16,,,https://www.oddsportal.com/american-football/usa/nfl-2016-2017/new-england-patriots-houston-texans-vaysBAQl/
14 Jan 2017,Play Offs,0,Atlanta Falcons,Seattle Seahawks,36,20,,,https://www.oddsportal.com/american-football/usa/nfl-2016-2017/atlanta-falcons-seattle-seahawks-QFwg88A7/
08 Jan 2017,Play Offs,0,Green Bay Packers,New York Giants,38,13,,,https://www.oddsportal.com/american-football/usa/nfl-2016-2017/green-bay-packers-new-york-giants-2m7axwZp/
08 Jan 2017,Play Offs,0,Pittsburgh Steelers,Miami Dolphins,30,12,,,https://www.oddsportal.com/american-football/usa/nfl-2016-2017/pittsburgh-steelers-miami-dolphins-t0J2TadU/
07 Jan 2017,Play Offs,0,Seattle Seahawks,Detroit Lions,26,6,,,https://www.oddsportal.com/american-football/usa/nfl-2016-2017/seattle-seahawks-detroit-lions-0vLXtJQT/
07 Jan 2017,Play Offs,0,Houston Texans,Las Vegas Raiders,27,14,,,https://www.oddsportal.com/american-football/usa/nfl-2016-2017/houston-texans-las-vegas-raiders-ILf8lqSu/
01 Jan 2017,Regular,0,Detroit Lions,Green Bay Packers,24,31,120,-153,https://www.oddsportal.com/american-football/usa/nfl-2016-2017/detroit-lions-green-bay-packers-UXHmoOuq/
01 Jan 2017,Regular,0,Atlanta Falcons,New Orleans Saints,38,32,-357,271,https://www.oddsportal.com/american-football/usa/nfl-2016-2017/atlanta-falcons-new-orleans-saints-KbWHjpIL/
01 Jan 2017,Regular,0,Denver Broncos,Las Vegas Raiders,24,6,-113,-109,https://www.oddsportal.com/american-football/usa/nfl-2016-2017/denver-broncos-las-vegas-raiders-4jWVc1Pl/
01 Jan 2017,Regular,0,Los Angeles Chargers,Kansas City Chiefs,27,37,186,-238,https://www.oddsportal.com/american-football/usa/nfl-2016-2017/los-angeles-chargers-kansas-city-chiefs-CGZwduf1/
01 Jan 2017,Regular,0,Los Angeles Rams,Arizona Cardinals,6,44,239,-313,https://www.oddsportal.com/american-football/usa/nfl-2016-2017/los-angeles-rams-arizona-cardinals-rsVZdLve/
01 Jan 2017,Regular,0,San Francisco 49ers,Seattle Seahawks,23,25,437,-627,https://www.oddsportal.com/american-football/usa/nfl-2016-2017/san-francisco-49ers-seattle-seahawks-j7Ysea97/
01 Jan 2017,Regular,0,Washington Commanders,New York Giants,10,19,-385,291,https://www.oddsportal.com/american-football/usa/nfl-2016-2017/washington-commanders-new-york-giants-MRtRbsAr/
01 Jan 2017,Regular,0,Cincinnati Bengals,Baltimore Ravens,27,10,104,-128,https://www.oddsportal.com/american-football/usa/nfl-2016-2017/cincinnati-bengals-baltimore-ravens-bkVLk4XR/
01 Jan 2017,Regular,0,Indianapolis Colts,Jacksonville Jaguars,24,20,-244,192,https://www.oddsportal.com/american-football/usa/nfl-2016-2017/indianapolis-colts-jacksonville-jaguars-8OGiprek/
01 Jan 2017,Regular,0,Miami Dolphins,New England Patriots,14,35,279,-364,https://www.oddsportal.com/american-football/usa/nfl-2016-2017/miami-dolphins-new-england-patriots-jm6dq2Ae/
01 Jan 2017,Regular,0,Minnesota Vikings,Chicago Bears,38,10,-274,213,https://www.oddsportal.com/american-football/usa/nfl-2016-2017/minnesota-vikings-chicago-bears-4jA0rMP1/
01 Jan 2017,Regular,0,New York Jets,Buffalo Bills,30,10,163,-204,https://www.oddsportal.com/american-football/usa/nfl-2016-2017/new-york-jets-buffalo-bills-Igbr7522/
01 Jan 2017,Regular,0,Philadelphia Eagles,Dallas Cowboys,27,13,-278,215,https://www.oddsportal.com/american-football/usa/nfl-2016-2017/philadelphia-eagles-dallas-cowboys-dpcn6PH8/
01 Jan 2017,Regular,0,Pittsburgh Steelers,Cleveland Browns,27,24,-167,134,https://www.oddsportal.com/american-football/usa/nfl-2016-2017/pittsburgh-steelers-cleveland-browns-ELii5qXE/
01 Jan 2017,Regular,0,Tampa Bay Buccaneers,Carolina Panthers,17,16,-173,139,https://www.oddsportal.com/american-football/usa/nfl-2016-2017/tampa-bay-buccaneers-carolina-panthers-hCje43nL/
01 Jan 2017,Regular,0,Tennessee Titans,Houston Texans,24,17,-166,136,https://www.oddsportal.com/american-football/usa/nfl-2016-2017/tennessee-titans-houston-texans-nZka3N1R/
26 Dec 2016,Regular,0,Dallas Cowboys,Detroit Lions,42,21,-188,145,https://www.oddsportal.com/american-football/usa/nfl-2016-2017/dallas-cowboys-detroit-lions-xzsDiQ2F/
25 Dec 2016,Regular,0,Kansas City Chiefs,Denver Broncos,33,10,-159,123,https://www.oddsportal.com/american-football/usa/nfl-2016-2017/kansas-city-chiefs-denver-broncos-OWx9h6m9/
25 Dec 2016,Regular,0,Pittsburgh Steelers,Baltimore Ravens,31,27,-184,141,https://www.oddsportal.com/american-football/usa/nfl-2016-2017/pittsburgh-steelers-baltimore-ravens-U9w5gnY2/
24 Dec 2016,Regular,0,Houston Texans,Cincinnati Bengals,12,10,-141,111,https://www.oddsportal.com/american-football/usa/nfl-2016-2017/houston-texans-cincinnati-bengals-jJv1fSId/
24 Dec 2016,Regular,0,Los Angeles Rams,San Francisco 49ers,21,22,-244,191,https://www.oddsportal.com/american-football/usa/nfl-2016-2017/los-angeles-rams-san-francisco-49ers-YsAGnGaj/
24 Dec 2016,Regular,0,New Orleans Saints,Tampa Bay Buccaneers,31,24,-173,140,https://www.oddsportal.com/american-football/usa/nfl-2016-2017/new-orleans-saints-tampa-bay-buccaneers-IH4ohxxT/
24 Dec 2016,Regular,0,Seattle Seahawks,Arizona Cardinals,31,34,-426,313,https://www.oddsportal.com/american-football/usa/nfl-2016-2017/seattle-seahawks-arizona-cardinals-CY8KozFd/
24 Dec 2016,Regular,0,Las Vegas Raiders,Indianapolis Colts,33,25,-144,113,https://www.oddsportal.com/american-football/usa/nfl-2016-2017/las-vegas-raiders-indianapolis-colts-vLACmdpp/
24 Dec 2016,Regular,0,Buffalo Bills,Miami Dolphins,31,34,-225,178,https://www.oddsportal.com/american-football/usa/nfl-2016-2017/buffalo-bills-miami-dolphins-v7VwZdVj/
24 Dec 2016,Regular,0,Carolina Panthers,Atlanta Falcons,16,33,132,-164,https://www.oddsportal.com/american-football/usa/nfl-2016-2017/carolina-panthers-atlanta-falcons-hAJLct8i/
24 Dec 2016,Regular,0,Chicago Bears,Washington Commanders,21,41,120,-148,https://www.oddsportal.com/american-football/usa/nfl-2016-2017/chicago-bears-washington-commanders-6DNPd0Nc/
24 Dec 2016,Regular,0,Cleveland Browns,Los Angeles Chargers,20,17,175,-222,https://www.oddsportal.com/american-football/usa/nfl-2016-2017/cleveland-browns-los-angeles-chargers-lxDUeKx4/
24 Dec 2016,Regular,0,Green Bay Packers,Minnesota Vikings,38,25,-286,223,https://www.oddsportal.com/american-football/usa/nfl-2016-2017/green-bay-packers-minnesota-vikings-SSBYfvhA/
24 Dec 2016,Regular,0,Jacksonville Jaguars,Tennessee Titans,38,17,172,-217,https://www.oddsportal.com/american-football/usa/nfl-2016-2017/jacksonville-jaguars-tennessee-titans-d2Gxfb7G/
24 Dec 2016,Regular,0,New England Patriots,New York Jets,41,3,-1539,813,https://www.oddsportal.com/american-football/usa/nfl-2016-2017/new-england-patriots-new-york-jets-zgFtgIMM/
22 Dec 2016,Regular,0,Philadelphia Eagles,New York Giants,24,19,-120,-105,https://www.oddsportal.com/american-football/usa/nfl-2016-2017/philadelphia-eagles-new-york-giants-0GWZZxGp/
19 Dec 2016,Regular,0,Washington Commanders,Carolina Panthers,15,26,-197,152,https://www.oddsportal.com/american-football/usa/nfl-2016-2017/washington-commanders-carolina-panthers-dnSEvJ7T/
18 Dec 2016,Regular,0,Dallas Cowboys,Tampa Bay Buccaneers,26,20,-191,149,https://www.oddsportal.com/american-football/usa/nfl-2016-2017/dallas-cowboys-tampa-bay-buccaneers-zFSVvS1C/
18 Dec 2016,Regular,0,Denver Broncos,New England Patriots,3,16,109,-138,https://www.oddsportal.com/american-football/usa/nfl-2016-2017/denver-broncos-new-england-patriots-AVP2sLNA/
18 Dec 2016,Regular,0,Los Angeles Chargers,Las Vegas Raiders,16,19,103,-130,https://www.oddsportal.com/american-football/usa/nfl-2016-2017/los-angeles-chargers-las-vegas-raiders-OYT6tuwH/
18 Dec 2016,Regular,0,Arizona Cardinals,New Orleans Saints,41,48,-141,111,https://www.oddsportal.com/american-football/usa/nfl-2016-2017/arizona-cardinals-new-orleans-saints-lGyfqsgb/
18 Dec 2016,Regular,0,Atlanta Falcons,San Francisco 49ers,41,13,-315,233,https://www.oddsportal.com/american-football/usa/nfl-2016-2017/atlanta-falcons-san-francisco-49ers-S6zbr184/
18 Dec 2016,Regular,0,Baltimore Ravens,Philadelphia Eagles,27,26,-238,188,https://www.oddsportal.com/american-football/usa/nfl-2016-2017/baltimore-ravens-philadelphia-eagles-0dzJsUHg/
18 Dec 2016,Regular,0,Buffalo Bills,Cleveland Browns,33,13,-542,387,https://www.oddsportal.com/american-football/usa/nfl-2016-2017/buffalo-bills-cleveland-browns-vmZMtlXa/
18 Dec 2016,Regular,0,Chicago Bears,Green Bay Packers,27,30,175,-222,https://www.oddsportal.com/american-football/usa/nfl-2016-2017/chicago-bears-green-bay-packers-dOTRu8n6/
18 Dec 2016,Regular,0,Cincinnati Bengals,Pittsburgh Steelers,20,24,133,-165,https://www.oddsportal.com/american-football/usa/nfl-2016-2017/cincinnati-bengals-pittsburgh-steelers-IeTAuahN/
18 Dec 2016,Regular,0,Houston Texans,Jacksonville Jaguars,21,20,-196,156,https://www.oddsportal.com/american-football/usa/nfl-2016-2017/houston-texans-jacksonville-jaguars-UySZwnHI/
18 Dec 2016,Regular,0,Kansas City Chiefs,Tennessee Titans,17,19,-263,206,https://www.oddsportal.com/american-football/usa/nfl-2016-2017/kansas-city-chiefs-tennessee-titans-vof3MJoo/
18 Dec 2016,Regular,0,Minnesota Vikings,Indianapolis Colts,6,34,-238,189,https://www.oddsportal.com/american-football/usa/nfl-2016-2017/minnesota-vikings-indianapolis-colts-tjYoo3Oo/
18 Dec 2016,Regular,0,New York Giants,Detroit Lions,17,6,-204,163,https://www.oddsportal.com/american-football/usa/nfl-2016-2017/new-york-giants-detroit-lions-KtXkpNwh/
17 Dec 2016,Regular,0,New York Jets,Miami Dolphins,13,34,105,-133,https://www.oddsportal.com/american-football/usa/nfl-2016-2017/new-york-jets-miami-dolphins-6ZzFrA2m/
15 Dec 2016,Regular,0,Seattle Seahawks,Los Angeles Rams,24,3,-382,274,https://www.oddsportal.com/american-football/usa/nfl-2016-2017/seattle-seahawks-los-angeles-rams-hWWAqjms/
12 Dec 2016,Regular,0,New England Patriots,Baltimore Ravens,30,23,-185,144,https://www.oddsportal.com/american-football/usa/nfl-2016-2017/new-england-patriots-baltimore-ravens-nkfrlWvQ/
11 Dec 2016,Regular,0,New York Giants,Dallas Cowboys,10,7,123,-157,https://www.oddsportal.com/american-football/usa/nfl-2016-2017/new-york-giants-dallas-cowboys-8bevkCPJ/
11 Dec 2016,Regular,0,Green Bay Packers,Seattle Seahawks,38,10,125,-155,https://www.oddsportal.com/american-football/usa/nfl-2016-2017/green-bay-packers-seattle-seahawks-GjggR8XC/
11 Dec 2016,Regular,0,Los Angeles Rams,Atlanta Falcons,14,42,182,-230,https://www.oddsportal.com/american-football/usa/nfl-2016-2017/los-angeles-rams-atlanta-falcons-fshcQSnJ/
11 Dec 2016,Regular,0,Tampa Bay Buccaneers,New Orleans Saints,16,11,-132,107,https://www.oddsportal.com/american-football/usa/nfl-2016-2017/tampa-bay-buccaneers-new-orleans-saints-Q10tUAmf/
11 Dec 2016,Regular,0,San Francisco 49ers,New York Jets,17,23,-132,104,https://www.oddsportal.com/american-football/usa/nfl-2016-2017/san-francisco-49ers-new-york-jets-YR3lSlI6/
11 Dec 2016,Regular,0,Buffalo Bills,Pittsburgh Steelers,20,27,101,-125,https://www.oddsportal.com/american-football/usa/nfl-2016-2017/buffalo-bills-pittsburgh-steelers-Cbz7FBY0/
11 Dec 2016,Regular,0,Carolina Panthers,Los Angeles Chargers,28,16,-117,-104,https://www.oddsportal.com/american-football/usa/nfl-2016-2017/carolina-panthers-los-angeles-chargers-tYvBEVm7/
11 Dec 2016,Regular,0,Cleveland Browns,Cincinnati Bengals,10,23,172,-215,https://www.oddsportal.com/american-football/usa/nfl-2016-2017/cleveland-browns-cincinnati-bengals-KOwFDk3D/
11 Dec 2016,Regular,0,Detroit Lions,Chicago Bears,20,17,-345,265,https://www.oddsportal.com/american-football/usa/nfl-2016-2017/detroit-lions-chicago-bears-MTHcxZuE/
11 Dec 2016,Regular,0,Indianapolis Colts,Houston Texans,17,22,-286,221,https://www.oddsportal.com/american-football/usa/nfl-2016-2017/indianapolis-colts-houston-texans-Y3L1ygeK/
11 Dec 2016,Regular,0,Jacksonville Jaguars,Minnesota Vikings,16,25,146,-182,https://www.oddsportal.com/american-football/usa/nfl-2016-2017/jacksonville-jaguars-minnesota-vikings-SQK5zDAQ/
11 Dec 2016,Regular,0,Miami Dolphins,Arizona Cardinals,26,23,103,-127,https://www.oddsportal.com/american-football/usa/nfl-2016-2017/miami-dolphins-arizona-cardinals-UZ6XVWIs/
11 Dec 2016,Regular,0,Philadelphia Eagles,Washington Commanders,22,27,102,-126,https://www.oddsportal.com/american-football/usa/nfl-2016-2017/philadelphia-eagles-washington-commanders-nB1xVjYm/
11 Dec 2016,Regular,0,Tennessee Titans,Denver Broncos,13,10,-128,104,https://www.oddsportal.com/american-football/usa/nfl-2016-2017/tennessee-titans-denver-broncos-KOapTU20/
08 Dec 2016,Regular,0,Kansas City Chiefs,Las Vegas Raiders,21,13,-156,122,https://www.oddsportal.com/american-football/usa/nfl-2016-2017/kansas-city-chiefs-las-vegas-raiders-Y7y3GiJf/
05 Dec 2016,Regular,0,New York Jets,Indianapolis Colts,10,41,-123,-104,https://www.oddsportal.com/american-football/usa/nfl-2016-2017/new-york-jets-indianapolis-colts-jqnbHX3l/
04 Dec 2016,Regular,0,Seattle Seahawks,Carolina Panthers,40,7,-238,182,https://www.oddsportal.com/american-football/usa/nfl-2016-2017/seattle-seahawks-carolina-panthers-xtrfIDlr/
04 Dec 2016,Regular,0,Arizona Cardinals,Washington Commanders,31,23,-145,118,https://www.oddsportal.com/american-football/usa/nfl-2016-2017/arizona-cardinals-washington-commanders-0buROFBE/
04 Dec 2016,Regular,0,Los Angeles Chargers,Tampa Bay Buccaneers,21,28,-177,141,https://www.oddsportal.com/american-football/usa/nfl-2016-2017/los-angeles-chargers-tampa-bay-buccaneers-K0eSMgtR/
04 Dec 2016,Regular,0,Pittsburgh Steelers,New York Giants,24,14,-290,227,https://www.oddsportal.com/american-football/usa/nfl-2016-2017/pittsburgh-steelers-new-york-giants-tAdONZQK/
04 Dec 2016,Regular,0,Las Vegas Raiders,Buffalo Bills,38,24,-130,102,https://www.oddsportal.com/american-football/usa/nfl-2016-2017/las-vegas-raiders-buffalo-bills-M7tNPed8/
04 Dec 2016,Regular,0,Atlanta Falcons,Kansas City Chiefs,28,29,-224,175,https://www.oddsportal.com/american-football/usa/nfl-2016-2017/atlanta-falcons-kansas-city-chiefs-Mg1lBdsF/
04 Dec 2016,Regular,0,Baltimore Ravens,Miami Dolphins,38,6,-194,155,https://www.oddsportal.com/american-football/usa/nfl-2016-2017/baltimore-ravens-miami-dolphins-KvKiAGdL/
04 Dec 2016,Regular,0,Chicago Bears,San Francisco 49ers,26,6,-104,-118,https://www.oddsportal.com/american-football/usa/nfl-2016-2017/chicago-bears-san-francisco-49ers-239d9zCR/
04 Dec 2016,Regular,0,Cincinnati Bengals,Philadelphia Eagles,32,14,-127,102,https://www.oddsportal.com/american-football/usa/nfl-2016-2017/cincinnati-bengals-philadelphia-eagles-4CeO4fKr/
04 Dec 2016,Regular,0,Green Bay Packers,Houston Texans,21,13,-308,237,https://www.oddsportal.com/american-football/usa/nfl-2016-2017/green-bay-packers-houston-texans-Yo0S3EZl/
04 Dec 2016,Regular,0,Jacksonville Jaguars,Denver Broncos,10,20,159,-200,https://www.oddsportal.com/american-football/usa/nfl-2016-2017/jacksonville-jaguars-denver-broncos-CxaW2Yle/
04 Dec 2016,Regular,0,New England Patriots,Los Angeles Rams,26,10,-769,520,https://www.oddsportal.com/american-football/usa/nfl-2016-2017/new-england-patriots-los-angeles-rams-f1ly2h41/
04 Dec 2016,Regular,0,New Orleans Saints,Detroit Lions,13,28,-282,220,https://www.oddsportal.com/american-football/usa/nfl-2016-2017/new-orleans-saints-detroit-lions-84hu1CJ7/
01 Dec 2016,Regular,0,Minnesota Vikings,Dallas Cowboys,15,17,108,-138,https://www.oddsportal.com/american-football/usa/nfl-2016-2017/minnesota-vikings-dallas-cowboys-SW1pCxS8/
28 Nov 2016,Regular,0,Philadelphia Eagles,Green Bay Packers,13,27,-157,124,https://www.oddsportal.com/american-football/usa/nfl-2016-2017/philadelphia-eagles-green-bay-packers-lt3tDIC2/
27 Nov 2016,Regular,0,Denver Broncos,Kansas City Chiefs,27,30,-153,121,https://www.oddsportal.com/american-football/usa/nfl-2016-2017/denver-broncos-kansas-city-chiefs-vBLkje5k/
27 Nov 2016,Regular,0,Las Vegas Raiders,Carolina Panthers,35,32,-150,118,https://www.oddsportal.com/american-football/usa/nfl-2016-2017/las-vegas-raiders-carolina-panthers-YXKgkFKe/
27 Nov 2016,Regular,0,New York Jets,New England Patriots,17,22,314,-426,https://www.oddsportal.com/american-football/usa/nfl-2016-2017/new-york-jets-new-england-patriots-COJclZZ1/
27 Nov 2016,Regular,0,Tampa Bay Buccaneers,Seattle Seahawks,14,5,132,-170,https://www.oddsportal.com/american-football/usa/nfl-2016-2017/tampa-bay-buccaneers-seattle-seahawks-Q7Hoiyjq/
27 Nov 2016,Regular,0,Atlanta Falcons,Arizona Cardinals,38,19,-194,156,https://www.oddsportal.com/american-football/usa/nfl-2016-2017/atlanta-falcons-arizona-cardinals-8OxmgOLT/
27 Nov 2016,Regular,0,Baltimore Ravens,Cincinnati Bengals,19,14,-183,146,https://www.oddsportal.com/american-football/usa/nfl-2016-2017/baltimore-ravens-cincinnati-bengals-AXOElrUp/
27 Nov 2016,Regular,0,Buffalo Bills,Jacksonville Jaguars,28,21,-392,294,https://www.oddsportal.com/american-football/usa/nfl-2016-2017/buffalo-bills-jacksonville-jaguars-OzDdDR6o/
27 Nov 2016,Regular,0,Chicago Bears,Tennessee Titans,21,27,221,-282,https://www.oddsportal.com/american-football/usa/nfl-2016-2017/chicago-bears-tennessee-titans-xvH0CoMi/
27 Nov 2016,Regular,0,Cleveland Browns,New York Giants,13,27,211,-270,https://www.oddsportal.com/american-football/usa/nfl-2016-2017/cleveland-browns-new-york-giants-K265B5yb/
27 Nov 2016,Regular,0,Houston Texans,Los Angeles Chargers,13,21,112,-138,https://www.oddsportal.com/american-football/usa/nfl-2016-2017/houston-texans-los-angeles-chargers-bg59APj4/
27 Nov 2016,Regular,0,Miami Dolphins,San Francisco 49ers,31,24,-351,266,https://www.oddsportal.com/american-football/usa/nfl-2016-2017/miami-dolphins-san-francisco-49ers-6J4D9q6A/
27 Nov 2016,Regular,0,New Orleans Saints,Los Angeles Rams,49,21,-385,288,https://www.oddsportal.com/american-football/usa/nfl-2016-2017/new-orleans-saints-los-angeles-rams-pA3H83LG/
24 Nov 2016,Regular,0,Indianapolis Colts,Pittsburgh Steelers,7,28,172,-225,https://www.oddsportal.com/american-football/usa/nfl-2016-2017/indianapolis-colts-pittsburgh-steelers-jmrrf46N/
24 Nov 2016,Regular,0,Dallas Cowboys,Washington Commanders,31,26,-174,136,https://www.oddsportal.com/american-football/usa/nfl-2016-2017/dallas-cowboys-washington-commanders-CdqvepiH/
24 Nov 2016,Regular,0,Detroit Lions,Minnesota Vikings,16,13,-123,-103,https://www.oddsportal.com/american-football/usa/nfl-2016-2017/detroit-lions-minnesota-vikings-IZqzdQyB/
21 Nov 2016,Regular,1,Las Vegas Raiders,Houston Texans,27,20,-192,149,https://www.oddsportal.com/american-football/usa/nfl-2016-2017/las-vegas-raiders-houston-texans-6atWd6M4/
20 Nov 2016,Regular,0,Washington Commanders,Green Bay Packers,42,24,-135,107,https://www.oddsportal.com/american-football/usa/nfl-2016-2017/washington-commanders-green-bay-packers-OziRcn7b/
20 Nov 2016,Regular,0,San Francisco 49ers,New England Patriots,17,30,388,-541,https://www.oddsportal.com/american-football/usa/nfl-2016-2017/san-francisco-49ers-new-england-patriots-pphNbSih/
20 Nov 2016,Regular,0,Seattle Seahawks,Philadelphia Eagles,26,15,-192,149,https://www.oddsportal.com/american-football/usa/nfl-2016-2017/seattle-seahawks-philadelphia-eagles-GAmJa8xn/
20 Nov 2016,Regular,0,Los Angeles Rams,Miami Dolphins,10,14,-114,-111,https://www.oddsportal.com/american-football/usa/nfl-2016-2017/los-angeles-rams-miami-dolphins-xKlF0lNu/
20 Nov 2016,Regular,0,Cincinnati Bengals,Buffalo Bills,12,16,-133,107,https://www.oddsportal.com/american-football/usa/nfl-2016-2017/cincinnati-bengals-buffalo-bills-C2nlnk8n/
20 Nov 2016,Regular,0,Cleveland Browns,Pittsburgh Steelers,9,24,285,-378,https://www.oddsportal.com/american-football/usa/nfl-2016-2017/cleveland-browns-pittsburgh-steelers-Q5jho9Nh/
20 Nov 2016,Regular,0,Dallas Cowboys,Baltimore Ravens,27,17,-303,235,https://www.oddsportal.com/american-football/usa/nfl-2016-2017/dallas-cowboys-baltimore-ravens-KSkdpTxa/
20 Nov 2016,Regular,0,Detroit Lions,Jacksonville Jaguars,26,19,-247,194,https://www.oddsportal.com/american-football/usa/nfl-2016-2017/detroit-lions-jacksonville-jaguars-bJl0qmh5/
20 Nov 2016,Regular,0,Indianapolis Colts,Tennessee Titans,24,17,-146,118,https://www.oddsportal.com/american-football/usa/nfl-2016-2017/indianapolis-colts-tennessee-titans-QuLdr77B/
20 Nov 2016,Regular,0,Kansas City Chiefs,Tampa Bay Buccaneers,17,19,-303,231,https://www.oddsportal.com/american-football/usa/nfl-2016-2017/kansas-city-chiefs-tampa-bay-buccaneers-4WJ0sRMH/
20 Nov 2016,Regular,0,Minnesota Vikings,Arizona Cardinals,30,24,-127,103,https://www.oddsportal.com/american-football/usa/nfl-2016-2017/minnesota-vikings-arizona-cardinals-bgJ4toxO/
20 Nov 2016,Regular,0,New York Giants,Chicago Bears,22,16,-303,234,https://www.oddsportal.com/american-football/usa/nfl-2016-2017/new-york-giants-chicago-bears-CdN8u5iU/
17 Nov 2016,Regular,0,Carolina Panthers,New Orleans Saints,23,20,-150,117,https://www.oddsportal.com/american-football/usa/nfl-2016-2017/carolina-panthers-new-orleans-saints-UwcqmVht/
14 Nov 2016,Regular,0,New York Giants,Cincinnati Bengals,21,20,-109,-115,https://www.oddsportal.com/american-football/usa/nfl-2016-2017/new-york-giants-cincinnati-bengals-6PPMVTN5/
13 Nov 2016,Regular,0,New England Patriots,Seattle Seahawks,24,31,-208,160,https://www.oddsportal.com/american-football/usa/nfl-2016-2017/new-england-patriots-seattle-seahawks-C2QIW98a/
13 Nov 2016,Regular,0,Arizona Cardinals,San Francisco 49ers,23,20,-909,579,https://www.oddsportal.com/american-football/usa/nfl-2016-2017/arizona-cardinals-san-francisco-49ers-GzX9YVwm/
13 Nov 2016,Regular,0,Pittsburgh Steelers,Dallas Cowboys,30,35,-144,114,https://www.oddsportal.com/american-football/usa/nfl-2016-2017/pittsburgh-steelers-dallas-cowboys-YBREXkgg/
13 Nov 2016,Regular,0,Los Angeles Chargers,Miami Dolphins,24,31,-156,121,https://www.oddsportal.com/american-football/usa/nfl-2016-2017/los-angeles-chargers-miami-dolphins-xpY5ZBOt/
13 Nov 2016,Regular,0,Carolina Panthers,Kansas City Chiefs,17,20,-162,131,https://www.oddsportal.com/american-football/usa/nfl-2016-2017/carolina-panthers-kansas-city-chiefs-niFMrYol/
13 Nov 2016,Regular,0,Jacksonville Jaguars,Houston Texans,21,24,-154,124,https://www.oddsportal.com/american-football/usa/nfl-2016-2017/jacksonville-jaguars-houston-texans-0fJQsh1f/
13 Nov 2016,Regular,0,New Orleans Saints,Denver Broncos,23,25,-154,124,https://www.oddsportal.com/american-football/usa/nfl-2016-2017/new-orleans-saints-denver-broncos-rJ8VtCG0/
13 Nov 2016,Regular,0,New York Jets,Los Angeles Rams,6,9,-102,-120,https://www.oddsportal.com/american-football/usa/nfl-2016-2017/new-york-jets-los-angeles-rams-M97ZuWV6/
13 Nov 2016,Regular,0,Philadelphia Eagles,Atlanta Falcons,24,15,-126,103,https://www.oddsportal.com/american-football/usa/nfl-2016-2017/philadelphia-eagles-atlanta-falcons-UZ6wujoD/
13 Nov 2016,Regular,0,Tampa Bay Buccaneers,Chicago Bears,36,10,123,-152,https://www.oddsportal.com/american-football/usa/nfl-2016-2017/tampa-bay-buccaneers-chicago-bears-8Q5svA0J/
13 Nov 2016,Regular,0,Tennessee Titans,Green Bay Packers,47,25,127,-157,https://www.oddsportal.com/american-football/usa/nfl-2016-2017/tennessee-titans-green-bay-packers-61szuY0J/
13 Nov 2016,Regular,0,Washington Commanders,Minnesota Vikings,26,20,-143,116,https://www.oddsportal.com/american-football/usa/nfl-2016-2017/washington-commanders-minnesota-vikings-K4ovvhGP/
10 Nov 2016,Regular,0,Baltimore Ravens,Cleveland Browns,28,7,-218,167,https://www.oddsportal.com/american-football/usa/nfl-2016-2017/baltimore-ravens-cleveland-browns-hUFIqEWs/
07 Nov 2016,Regular,0,Seattle Seahawks,Buffalo Bills,31,25,-179,140,https://www.oddsportal.com/american-football/usa/nfl-2016-2017/seattle-seahawks-buffalo-bills-G4hk1t2F/
06 Nov 2016,Regular,0,Las Vegas Raiders,Denver Broncos,30,20,-115,-110,https://www.oddsportal.com/american-football/usa/nfl-2016-2017/las-vegas-raiders-denver-broncos-bTcp2Mn9/
06 Nov 2016,Regular,0,Green Bay Packers,Indianapolis Colts,26,31,-208,160,https://www.oddsportal.com/american-football/usa/nfl-2016-2017/green-bay-packers-indianapolis-colts-6ZAbvJf2/
06 Nov 2016,Regular,0,Los Angeles Chargers,Tennessee Titans,43,35,-154,121,https://www.oddsportal.com/american-football/usa/nfl-2016-2017/los-angeles-chargers-tennessee-titans-Kxat32X2/
06 Nov 2016,Regular,0,Los Angeles Rams,Carolina Panthers,10,13,105,-133,https://www.oddsportal.com/american-football/usa/nfl-2016-2017/los-angeles-rams-carolina-panthers-QP2jtuQk/
06 Nov 2016,Regular,0,San Francisco 49ers,New Orleans Saints,23,41,128,-165,https://www.oddsportal.com/american-football/usa/nfl-2016-2017/san-francisco-49ers-new-orleans-saints-8lheuaud/
06 Nov 2016,Regular,0,Baltimore Ravens,Pittsburgh Steelers,21,14,144,-178,https://www.oddsportal.com/american-football/usa/nfl-2016-2017/baltimore-ravens-pittsburgh-steelers-Q1K3kq33/
06 Nov 2016,Regular,0,Cleveland Browns,Dallas Cowboys,10,35,241,-312,https://www.oddsportal.com/american-football/usa/nfl-2016-2017/cleveland-browns-dallas-cowboys-KOJ7l3I9/
06 Nov 2016,Regular,0,Kansas City Chiefs,Jacksonville Jaguars,19,14,-333,259,https://www.oddsportal.com/american-football/usa/nfl-2016-2017/kansas-city-chiefs-jacksonville-jaguars-YRNBmNXF/
06 Nov 2016,Regular,0,Miami Dolphins,New York Jets,27,23,-198,159,https://www.oddsportal.com/american-football/usa/nfl-2016-2017/miami-dolphins-new-york-jets-GjDGnsmM/
06 Nov 2016,Regular,0,Minnesota Vikings,Detroit Lions,16,22,-263,206,https://www.oddsportal.com/american-football/usa/nfl-2016-2017/minnesota-vikings-detroit-lions-fsCKo12S/
06 Nov 2016,Regular,0,New York Giants,Philadelphia Eagles,28,23,-160,130,https://www.oddsportal.com/american-football/usa/nfl-2016-2017/new-york-giants-philadelphia-eagles-nZ3nsLAq/
03 Nov 2016,Regular,0,Tampa Bay Buccaneers,Atlanta Falcons,28,43,129,-166,https://www.oddsportal.com/american-football/usa/nfl-2016-2017/tampa-bay-buccaneers-atlanta-falcons-nBLajPmc/
31 Oct 2016,Regular,0,Chicago Bears,Minnesota Vikings,20,10,139,-178,https://www.oddsportal.com/american-football/usa/nfl-2016-2017/chicago-bears-minnesota-vikings-nJFORuBd/
30 Oct 2016,Regular,0,Dallas Cowboys,Philadelphia Eagles,29,23,-173,134,https://www.oddsportal.com/american-football/usa/nfl-2016-2017/dallas-cowboys-philadelphia-eagles-E5HGT1tp/
30 Oct 2016,Regular,0,Atlanta Falcons,Green Bay Packers,33,32,-142,112,https://www.oddsportal.com/american-football/usa/nfl-2016-2017/atlanta-falcons-green-bay-packers-MBhwGrCp/
30 Oct 2016,Regular,0,Denver Broncos,Los Angeles Chargers,27,19,-153,119,https://www.oddsportal.com/american-football/usa/nfl-2016-2017/denver-broncos-los-angeles-chargers-xpQlYsYS/
30 Oct 2016,Regular,0,Buffalo Bills,New England Patriots,25,41,197,-250,https://www.oddsportal.com/american-football/usa/nfl-2016-2017/buffalo-bills-new-england-patriots-02isF2Rj/
30 Oct 2016,Regular,0,Carolina Panthers,Arizona Cardinals,30,20,-144,116,https://www.oddsportal.com/american-football/usa/nfl-2016-2017/carolina-panthers-arizona-cardinals-fLzpZNIM/
30 Oct 2016,Regular,0,Cleveland Browns,New York Jets,28,31,108,-134,https://www.oddsportal.com/american-football/usa/nfl-2016-2017/cleveland-browns-new-york-jets-E5uPwn4i/
30 Oct 2016,Regular,0,Houston Texans,Detroit Lions,20,13,-123,100,https://www.oddsportal.com/american-football/usa/nfl-2016-2017/houston-texans-detroit-lions-QuqTx6Jc/
30 Oct 2016,Regular,0,Indianapolis Colts,Kansas City Chiefs,14,30,126,-155,https://www.oddsportal.com/american-football/usa/nfl-2016-2017/indianapolis-colts-kansas-city-chiefs-84YXyQY3/
30 Oct 2016,Regular,0,New Orleans Saints,Seattle Seahawks,25,20,-110,-111,https://www.oddsportal.com/american-football/usa/nfl-2016-2017/new-orleans-saints-seattle-seahawks-neXyyplA/
30 Oct 2016,Regular,0,Tampa Bay Buccaneers,Las Vegas Raiders,24,30,-114,-107,https://www.oddsportal.com/american-football/usa/nfl-2016-2017/tampa-bay-buccaneers-las-vegas-raiders-GUytz43G/
30 Oct 2016,Regular,0,Cincinnati Bengals,Washington Commanders,27,27,-138,109,https://www.oddsportal.com/american-football/usa/nfl-2016-2017/cincinnati-bengals-washington-commanders-8SGKSLej/
27 Oct 2016,Regular,0,Tennessee Titans,Jacksonville Jaguars,36,22,-133,106,https://www.oddsportal.com/american-football/usa/nfl-2016-2017/tennessee-titans-jacksonville-jaguars-tIAAKO3T/
24 Oct 2016,Regular,0,Denver Broncos,Houston Texans,27,9,-240,181,https://www.oddsportal.com/american-football/usa/nfl-2016-2017/denver-broncos-houston-texans-2RB6L4lN/
23 Oct 2016,Regular,0,Arizona Cardinals,Seattle Seahawks,6,6,-126,-101,https://www.oddsportal.com/american-football/usa/nfl-2016-2017/arizona-cardinals-seattle-seahawks-84C2MpZG/
23 Oct 2016,Regular,0,Pittsburgh Steelers,New England Patriots,16,27,155,-200,https://www.oddsportal.com/american-football/usa/nfl-2016-2017/pittsburgh-steelers-new-england-patriots-f18bNQJA/
23 Oct 2016,Regular,0,Atlanta Falcons,Los Angeles Chargers,30,33,-161,126,https://www.oddsportal.com/american-football/usa/nfl-2016-2017/atlanta-falcons-los-angeles-chargers-YoKkPnkb/
23 Oct 2016,Regular,0,San Francisco 49ers,Tampa Bay Buccaneers,17,34,-116,-109,https://www.oddsportal.com/american-football/usa/nfl-2016-2017/san-francisco-49ers-tampa-bay-buccaneers-CxJgO644/
23 Oct 2016,Regular,0,Cincinnati Bengals,Cleveland Browns,31,17,-607,426,https://www.oddsportal.com/american-football/usa/nfl-2016-2017/cincinnati-bengals-cleveland-browns-hEqHAmz5/
23 Oct 2016,Regular,0,Detroit Lions,Washington Commanders,20,17,-109,-113,https://www.oddsportal.com/american-football/usa/nfl-2016-2017/detroit-lions-washington-commanders-W4rL97kB/
23 Oct 2016,Regular,0,Jacksonville Jaguars,Las Vegas Raiders,16,33,-127,104,https://www.oddsportal.com/american-football/usa/nfl-2016-2017/jacksonville-jaguars-las-vegas-raiders-ltwQ8R4H/
23 Oct 2016,Regular,0,Kansas City Chiefs,New Orleans Saints,27,21,-290,223,https://www.oddsportal.com/american-football/usa/nfl-2016-2017/kansas-city-chiefs-new-orleans-saints-SWyU7oKN/
23 Oct 2016,Regular,0,Miami Dolphins,Buffalo Bills,28,25,111,-138,https://www.oddsportal.com/american-football/usa/nfl-2016-2017/miami-dolphins-buffalo-bills-MgyY65ZT/
23 Oct 2016,Regular,0,New York Jets,Baltimore Ravens,24,16,-132,108,https://www.oddsportal.com/american-football/usa/nfl-2016-2017/new-york-jets-baltimore-ravens-bFSa2Pso/
23 Oct 2016,Regular,0,Philadelphia Eagles,Minnesota Vikings,21,10,125,-156,https://www.oddsportal.com/american-football/usa/nfl-2016-2017/philadelphia-eagles-minnesota-vikings-0K6rR8Ko/
23 Oct 2016,Regular,0,Tennessee Titans,Indianapolis Colts,26,34,-204,163,https://www.oddsportal.com/american-football/usa/nfl-2016-2017/tennessee-titans-indianapolis-colts-vB5nQSZi/
23 Oct 2016,Regular,0,Los Angeles Rams,New York Giants,10,17,108,-137,https://www.oddsportal.com/american-football/usa/nfl-2016-2017/los-angeles-rams-new-york-giants-bipDBTKb/
20 Oct 2016,Regular,0,Green Bay Packers,Chicago Bears,26,10,-206,159,https://www.oddsportal.com/american-football/usa/nfl-2016-2017/green-bay-packers-chicago-bears-nHt9C95h/
17 Oct 2016,Regular,0,Arizona Cardinals,New York Jets,28,3,-208,159,https://www.oddsportal.com/american-football/usa/nfl-2016-2017/arizona-cardinals-new-york-jets-4hi4Dkjn/
16 Oct 2016,Regular,0,Houston Texans,Indianapolis Colts,26,23,-143,112,https://www.oddsportal.com/american-football/usa/nfl-2016-2017/houston-texans-indianapolis-colts-Q1h0EVzt/
16 Oct 2016,Regular,0,Green Bay Packers,Dallas Cowboys,16,30,-174,136,https://www.oddsportal.com/american-football/usa/nfl-2016-2017/green-bay-packers-dallas-cowboys-0Myk7ETC/
16 Oct 2016,Regular,0,Seattle Seahawks,Atlanta Falcons,26,24,-198,153,https://www.oddsportal.com/american-football/usa/nfl-2016-2017/seattle-seahawks-atlanta-falcons-vDzg6YrJ/
16 Oct 2016,Regular,0,Las Vegas Raiders,Kansas City Chiefs,10,26,-101,-125,https://www.oddsportal.com/american-football/usa/nfl-2016-2017/las-vegas-raiders-kansas-city-chiefs-Icnp8fE6/
16 Oct 2016,Regular,0,Buffalo Bills,San Francisco 49ers,45,16,-345,262,https://www.oddsportal.com/american-football/usa/nfl-2016-2017/buffalo-bills-san-francisco-49ers-000Efyp7/
16 Oct 2016,Regular,0,Chicago Bears,Jacksonville Jaguars,16,17,-137,111,https://www.oddsportal.com/american-football/usa/nfl-2016-2017/chicago-bears-jacksonville-jaguars-viaIgeaD/
16 Oct 2016,Regular,0,Detroit Lions,Los Angeles Rams,31,28,-151,122,https://www.oddsportal.com/american-football/usa/nfl-2016-2017/detroit-lions-los-angeles-rams-tdw1IvxE/
16 Oct 2016,Regular,0,Miami Dolphins,Pittsburgh Steelers,30,15,250,-328,https://www.oddsportal.com/american-football/usa/nfl-2016-2017/miami-dolphins-pittsburgh-steelers-fas5HbiK/
16 Oct 2016,Regular,0,New England Patriots,Cincinnati Bengals,35,17,-333,257,https://www.oddsportal.com/american-football/usa/nfl-2016-2017/new-england-patriots-cincinnati-bengals-lMt9GI6Q/
16 Oct 2016,Regular,0,New Orleans Saints,Carolina Panthers,41,38,119,-146,https://www.oddsportal.com/american-football/usa/nfl-2016-2017/new-orleans-saints-carolina-panthers-jVSzCxFs/
16 Oct 2016,Regular,0,New York Giants,Baltimore Ravens,27,23,-191,152,https://www.oddsportal.com/american-football/usa/nfl-2016-2017/new-york-giants-baltimore-ravens-WtpYAdUm/
16 Oct 2016,Regular,0,Tennessee Titans,Cleveland Browns,28,26,-339,259,https://www.oddsportal.com/american-football/usa/nfl-2016-2017/tennessee-titans-cleveland-browns-AXrxAGqf/
16 Oct 2016,Regular,0,Washington Commanders,Philadelphia Eagles,27,20,126,-156,https://www.oddsportal.com/american-football/usa/nfl-2016-2017/washington-commanders-philadelphia-eagles-4frt9za0/
13 Oct 2016,Regular,0,Los Angeles Chargers,Denver Broncos,21,13,110,-140,https://www.oddsportal.com/american-football/usa/nfl-2016-2017/los-angeles-chargers-denver-broncos-WQeAeHU0/
10 Oct 2016,Regular,0,Carolina Panthers,Tampa Bay Buccaneers,14,17,-179,140,https://www.oddsportal.com/american-football/usa/nfl-2016-2017/carolina-panthers-tampa-bay-buccaneers-hzc6dcFf/
09 Oct 2016,Regular,0,Green Bay Packers,New York Giants,23,16,-198,153,https://www.oddsportal.com/american-football/usa/nfl-2016-2017/green-bay-packers-new-york-giants-AB71cw0l/
09 Oct 2016,Regular,0,Dallas Cowboys,Cincinnati Bengals,28,14,109,-135,https://www.oddsportal.com/american-football/usa/nfl-2016-2017/dallas-cowboys-cincinnati-bengals-Gf3S3uNK/
09 Oct 2016,Regular,0,Las Vegas Raiders,Los Angeles Chargers,34,31,-204,163,https://www.oddsportal.com/american-football/usa/nfl-2016-2017/las-vegas-raiders-los-angeles-chargers-CQlbbJpr/
09 Oct 2016,Regular,0,Los Angeles Rams,Buffalo Bills,19,30,109,-134,https://www.oddsportal.com/american-football/usa/nfl-2016-2017/los-angeles-rams-buffalo-bills-fo2W2axR/
09 Oct 2016,Regular,0,Denver Broncos,Atlanta Falcons,16,23,-159,123,https://www.oddsportal.com/american-football/usa/nfl-2016-2017/denver-broncos-atlanta-falcons-bJ8N4L7E/
09 Oct 2016,Regular,0,Baltimore Ravens,Washington Commanders,10,16,-191,153,https://www.oddsportal.com/american-football/usa/nfl-2016-2017/baltimore-ravens-washington-commanders-MXsgkt8R/
09 Oct 2016,Regular,0,Cleveland Browns,New England Patriots,13,33,351,-477,https://www.oddsportal.com/american-football/usa/nfl-2016-2017/cleveland-browns-new-england-patriots-OtUKp0Gr/
09 Oct 2016,Regular,0,Detroit Lions,Philadelphia Eagles,24,23,146,-184,https://www.oddsportal.com/american-football/usa/nfl-2016-2017/detroit-lions-philadelphia-eagles-W6TOqKVl/
09 Oct 2016,Regular,0,Indianapolis Colts,Chicago Bears,29,23,-204,164,https://www.oddsportal.com/american-football/usa/nfl-2016-2017/indianapolis-colts-chicago-bears-AcSSrvoe/
09 Oct 2016,Regular,0,Miami Dolphins,Tennessee Titans,17,30,-135,109,https://www.oddsportal.com/american-football/usa/nfl-2016-2017/miami-dolphins-tennessee-titans-hMHXsb01/
09 Oct 2016,Regular,0,Minnesota Vikings,Houston Texans,31,13,-260,202,https://www.oddsportal.com/american-football/usa/nfl-2016-2017/minnesota-vikings-houston-texans-6PLysIF7/
09 Oct 2016,Regular,0,Pittsburgh Steelers,New York Jets,31,13,-445,326,https://www.oddsportal.com/american-football/usa/nfl-2016-2017/pittsburgh-steelers-new-york-jets-KS9J51h8/
06 Oct 2016,Regular,0,San Francisco 49ers,Arizona Cardinals,21,33,123,-159,https://www.oddsportal.com/american-football/usa/nfl-2016-2017/san-francisco-49ers-arizona-cardinals-v9hljMhL/
03 Oct 2016,Regular,0,Minnesota Vikings,New York Giants,24,10,-153,120,https://www.oddsportal.com/american-football/usa/nfl-2016-2017/minnesota-vikings-new-york-giants-Q5lpi2wF/
02 Oct 2016,Regular,0,Pittsburgh Steelers,Kansas City Chiefs,43,14,-152,120,https://www.oddsportal.com/american-football/usa/nfl-2016-2017/pittsburgh-steelers-kansas-city-chiefs-WrkthrO8/
02 Oct 2016,Regular,0,Arizona Cardinals,Los Angeles Rams,13,17,-465,345,https://www.oddsportal.com/american-football/usa/nfl-2016-2017/arizona-cardinals-los-angeles-rams-xp8kVKGe/
02 Oct 2016,Regular,0,Los Angeles Chargers,New Orleans Saints,34,35,-194,157,https://www.oddsportal.com/american-football/usa/nfl-2016-2017/los-angeles-chargers-new-orleans-saints-Gz7gUvW1/
02 Oct 2016,Regular,0,San Francisco 49ers,Dallas Cowboys,17,24,102,-126,https://www.oddsportal.com/american-football/usa/nfl-2016-2017/san-francisco-49ers-dallas-cowboys-hhjxgO82/
02 Oct 2016,Regular,0,Tampa Bay Buccaneers,Denver Broncos,7,27,117,-149,https://www.oddsportal.com/american-football/usa/nfl-2016-2017/tampa-bay-buccaneers-denver-broncos-rN8oW01k/
02 Oct 2016,Regular,0,Atlanta Falcons,Carolina Panthers,48,33,126,-156,https://www.oddsportal.com/american-football/usa/nfl-2016-2017/atlanta-falcons-carolina-panthers-rNWgtoPd/
02 Oct 2016,Regular,0,Baltimore Ravens,Las Vegas Raiders,27,28,-180,146,https://www.oddsportal.com/american-football/usa/nfl-2016-2017/baltimore-ravens-las-vegas-raiders-dQzbu5v3/
02 Oct 2016,Regular,0,Chicago Bears,Detroit Lions,17,14,145,-178,https://www.oddsportal.com/american-football/usa/nfl-2016-2017/chicago-bears-detroit-lions-vkQ2vPg9/
02 Oct 2016,Regular,0,Houston Texans,Tennessee Titans,27,20,-204,164,https://www.oddsportal.com/american-football/usa/nfl-2016-2017/houston-texans-tennessee-titans-IuP6wq9F/
02 Oct 2016,Regular,0,New England Patriots,Buffalo Bills,0,16,-177,143,https://www.oddsportal.com/american-football/usa/nfl-2016-2017/new-england-patriots-buffalo-bills-nFTAx3OL/
02 Oct 2016,Regular,0,New York Jets,Seattle Seahawks,17,27,-104,-117,https://www.oddsportal.com/american-football/usa/nfl-2016-2017/new-york-jets-seattle-seahawks-Q5SEyNwS/
02 Oct 2016,Regular,0,Washington Commanders,Cleveland Browns,31,20,-339,259,https://www.oddsportal.com/american-football/usa/nfl-2016-2017/washington-commanders-cleveland-browns-Wn5sXtnq/
02 Oct 2016,Regular,0,Jacksonville Jaguars,Indianapolis Colts,30,27,-109,-116,https://www.oddsportal.com/american-football/usa/nfl-2016-2017/jacksonville-jaguars-indianapolis-colts-UJrCH1nd/
29 Sep 2016,Regular,0,Cincinnati Bengals,Miami Dolphins,22,7,-215,164,https://www.oddsportal.com/american-football/usa/nfl-2016-2017/cincinnati-bengals-miami-dolphins-jTq8IsXk/
26 Sep 2016,Regular,0,New Orleans Saints,Atlanta Falcons,32,45,-138,110,https://www.oddsportal.com/american-football/usa/nfl-2016-2017/new-orleans-saints-atlanta-falcons-0CKL7jqp/
25 Sep 2016,Regular,0,Dallas Cowboys,Chicago Bears,31,17,-188,146,https://www.oddsportal.com/american-football/usa/nfl-2016-2017/dallas-cowboys-chicago-bears-b3YgCWzT/
25 Sep 2016,Regular,0,Indianapolis Colts,Los Angeles Chargers,26,22,-123,101,https://www.oddsportal.com/american-football/usa/nfl-2016-2017/indianapolis-colts-los-angeles-chargers-8EusFYjA/
25 Sep 2016,Regular,0,Kansas City Chiefs,New York Jets,24,3,-179,144,https://www.oddsportal.com/american-football/usa/nfl-2016-2017/kansas-city-chiefs-new-york-jets-jwVoEh6G/
25 Sep 2016,Regular,0,Philadelphia Eagles,Pittsburgh Steelers,34,3,153,-191,https://www.oddsportal.com/american-football/usa/nfl-2016-2017/philadelphia-eagles-pittsburgh-steelers-4tZkDCLM/
25 Sep 2016,Regular,0,Seattle Seahawks,San Francisco 49ers,37,18,-243,183,https://www.oddsportal.com/american-football/usa/nfl-2016-2017/seattle-seahawks-san-francisco-49ers-McsZGfMc/
25 Sep 2016,Regular,0,Tampa Bay Buccaneers,Los Angeles Rams,32,37,-152,120,https://www.oddsportal.com/american-football/usa/nfl-2016-2017/tampa-bay-buccaneers-los-angeles-rams-UNtwGEy4/
25 Sep 2016,Regular,0,Buffalo Bills,Arizona Cardinals,33,18,177,-225,https://www.oddsportal.com/american-football/usa/nfl-2016-2017/buffalo-bills-arizona-cardinals-6NpbFsog/
25 Sep 2016,Regular,0,Carolina Panthers,Minnesota Vikings,10,22,-270,211,https://www.oddsportal.com/american-football/usa/nfl-2016-2017/carolina-panthers-minnesota-vikings-0pp2E10a/
25 Sep 2016,Regular,0,Cincinnati Bengals,Denver Broncos,17,29,-182,147,https://www.oddsportal.com/american-football/usa/nfl-2016-2017/cincinnati-bengals-denver-broncos-vyq6DLF5/
25 Sep 2016,Regular,0,Green Bay Packers,Detroit Lions,34,27,-282,218,https://www.oddsportal.com/american-football/usa/nfl-2016-2017/green-bay-packers-detroit-lions-dCwBCuVB/
25 Sep 2016,Regular,0,Jacksonville Jaguars,Baltimore Ravens,17,19,107,-133,https://www.oddsportal.com/american-football/usa/nfl-2016-2017/jacksonville-jaguars-baltimore-ravens-z3xFBapI/
25 Sep 2016,Regular,0,Miami Dolphins,Cleveland Browns,30,24,-500,362,https://www.oddsportal.com/american-football/usa/nfl-2016-2017/miami-dolphins-cleveland-browns-Sb0rfXEp/
25 Sep 2016,Regular,0,New York Giants,Washington Commanders,27,29,-180,145,https://www.oddsportal.com/american-football/usa/nfl-2016-2017/new-york-giants-washington-commanders-t24ngiUj/
25 Sep 2016,Regular,0,Tennessee Titans,Las Vegas Raiders,10,17,104,-128,https://www.oddsportal.com/american-football/usa/nfl-2016-2017/tennessee-titans-las-vegas-raiders-r7rVHz7i/
22 Sep 2016,Regular,0,New England Patriots,Houston Texans,27,0,-115,-110,https://www.oddsportal.com/american-football/usa/nfl-2016-2017/new-england-patriots-houston-texans-8xSfGNVn/
19 Sep 2016,Regular,0,Chicago Bears,Philadelphia Eagles,14,29,-141,111,https://www.oddsportal.com/american-football/usa/nfl-2016-2017/chicago-bears-philadelphia-eagles-O4jOLq8P/
18 Sep 2016,Regular,0,Minnesota Vikings,Green Bay Packers,17,14,-103,-124,https://www.oddsportal.com/american-football/usa/nfl-2016-2017/minnesota-vikings-green-bay-packers-QDxjH3Gt/
18 Sep 2016,Regular,0,Denver Broncos,Indianapolis Colts,34,20,-274,213,https://www.oddsportal.com/american-football/usa/nfl-2016-2017/denver-broncos-indianapolis-colts-0W4Ta2o6/
18 Sep 2016,Regular,0,Las Vegas Raiders,Atlanta Falcons,28,35,-206,165,https://www.oddsportal.com/american-football/usa/nfl-2016-2017/las-vegas-raiders-atlanta-falcons-EZ8XbM0C/
18 Sep 2016,Regular,0,Los Angeles Chargers,Jacksonville Jaguars,38,14,-156,126,https://www.oddsportal.com/american-football/usa/nfl-2016-2017/los-angeles-chargers-jacksonville-jaguars-dbbxbtGI/
18 Sep 2016,Regular,0,Arizona Cardinals,Tampa Bay Buccaneers,40,7,-209,162,https://www.oddsportal.com/american-football/usa/nfl-2016-2017/arizona-cardinals-tampa-bay-buccaneers-SI6L1OGg/
18 Sep 2016,Regular,0,Los Angeles Rams,Seattle Seahawks,9,3,137,-176,https://www.oddsportal.com/american-football/usa/nfl-2016-2017/los-angeles-rams-seattle-seahawks-695P0rWa/
18 Sep 2016,Regular,0,Carolina Panthers,San Francisco 49ers,46,27,-645,448,https://www.oddsportal.com/american-football/usa/nfl-2016-2017/carolina-panthers-san-francisco-49ers-lCJgmP10/
18 Sep 2016,Regular,0,Cleveland Browns,Baltimore Ravens,20,25,179,-222,https://www.oddsportal.com/american-football/usa/nfl-2016-2017/cleveland-browns-baltimore-ravens-S2IcnqH6/
18 Sep 2016,Regular,0,Detroit Lions,Tennessee Titans,15,16,-278,216,https://www.oddsportal.com/american-football/usa/nfl-2016-2017/detroit-lions-tennessee-titans-dxN1o3WC/
18 Sep 2016,Regular,0,Houston Texans,Kansas City Chiefs,19,12,-114,-107,https://www.oddsportal.com/american-football/usa/nfl-2016-2017/houston-texans-kansas-city-chiefs-zTL5pNoJ/
18 Sep 2016,Regular,0,New England Patriots,Miami Dolphins,31,24,-244,193,https://www.oddsportal.com/american-football/usa/nfl-2016-2017/new-england-patriots-miami-dolphins-xYal96OJ/
18 Sep 2016,Regular,0,New York Giants,New Orleans Saints,16,13,-194,155,https://www.oddsportal.com/american-football/usa/nfl-2016-2017/new-york-giants-new-orleans-saints-jy4h8QwQ/
18 Sep 2016,Regular,0,Pittsburgh Steelers,Cincinnati Bengals,24,16,-165,133,https://www.oddsportal.com/american-football/usa/nfl-2016-2017/pittsburgh-steelers-cincinnati-bengals-8GjK3pns/
18 Sep 2016,Regular,0,Washington Commanders,Dallas Cowboys,23,27,-182,146,https://www.oddsportal.com/american-football/usa/nfl-2016-2017/washington-commanders-dallas-cowboys-n7kO241m/
15 Sep 2016,Regular,0,Buffalo Bills,New York Jets,31,37,-118,-108,https://www.oddsportal.com/american-football/usa/nfl-2016-2017/buffalo-bills-new-york-jets-6mUll5nf/
12 Sep 2016,Regular,0,San Francisco 49ers,Los Angeles Rams,28,0,103,-131,https://www.oddsportal.com/american-football/usa/nfl-2016-2017/san-francisco-49ers-los-angeles-rams-CMGVsull/
12 Sep 2016,Regular,0,Washington Commanders,Pittsburgh Steelers,16,38,101,-127,https://www.oddsportal.com/american-football/usa/nfl-2016-2017/washington-commanders-pittsburgh-steelers-YVHRrLYs/
11 Sep 2016,Regular,0,Arizona Cardinals,New England Patriots,21,23,-240,184,https://www.oddsportal.com/american-football/usa/nfl-2016-2017/arizona-cardinals-new-england-patriots-Sluam1QQ/
11 Sep 2016,Regular,0,Dallas Cowboys,New York Giants,19,20,-112,-113,https://www.oddsportal.com/american-football/usa/nfl-2016-2017/dallas-cowboys-new-york-giants-U3MelsBK/
11 Sep 2016,Regular,0,Indianapolis Colts,Detroit Lions,35,39,-129,101,https://www.oddsportal.com/american-football/usa/nfl-2016-2017/indianapolis-colts-detroit-lions-zsNikNeE/
11 Sep 2016,Regular,0,Seattle Seahawks,Miami Dolphins,12,10,-490,336,https://www.oddsportal.com/american-football/usa/nfl-2016-2017/seattle-seahawks-miami-dolphins-djOmj3t8/
11 Sep 2016,Regular,0,Atlanta Falcons,Tampa Bay Buccaneers,24,31,-134,109,https://www.oddsportal.com/american-football/usa/nfl-2016-2017/atlanta-falcons-tampa-bay-buccaneers-nHEOkZUR/
11 Sep 2016,Regular,0,Baltimore Ravens,Buffalo Bills,13,7,-158,129,https://www.oddsportal.com/american-football/usa/nfl-2016-2017/baltimore-ravens-buffalo-bills-00GGie0F/
11 Sep 2016,Regular,0,Houston Texans,Chicago Bears,23,14,-259,205,https://www.oddsportal.com/american-football/usa/nfl-2016-2017/houston-texans-chicago-bears-lQ0jogwq/
11 Sep 2016,Regular,0,Jacksonville Jaguars,Green Bay Packers,23,27,147,-185,https://www.oddsportal.com/american-football/usa/nfl-2016-2017/jacksonville-jaguars-green-bay-packers-viFKjFFL/
11 Sep 2016,Regular,0,Kansas City Chiefs,Los Angeles Chargers,33,27,-294,229,https://www.oddsportal.com/american-football/usa/nfl-2016-2017/kansas-city-chiefs-los-angeles-chargers-WljepDhk/
11 Sep 2016,Regular,0,New Orleans Saints,Las Vegas Raiders,34,35,-155,125,https://www.oddsportal.com/american-football/usa/nfl-2016-2017/new-orleans-saints-las-vegas-raiders-phfaqX7e/
11 Sep 2016,Regular,0,New York Jets,Cincinnati Bengals,22,23,-105,-118,https://www.oddsportal.com/american-football/usa/nfl-2016-2017/new-york-jets-cincinnati-bengals-vFg3riN1/
11 Sep 2016,Regular,0,Philadelphia Eagles,Cleveland Browns,29,10,-194,158,https://www.oddsportal.com/american-football/usa/nfl-2016-2017/philadelphia-eagles-cleveland-browns-IyRBhyo9/
11 Sep 2016,Regular,0,Tennessee Titans,Minnesota Vikings,16,25,118,-147,https://www.oddsportal.com/american-football/usa/nfl-2016-2017/tennessee-titans-minnesota-vikings-I5h7sBx8/
08 Sep 2016,Regular,0,Denver Broncos,Carolina Panthers,21,20,109,-139,https://www.oddsportal.com/american-football/usa/nfl-2016-2017/denver-broncos-carolina-panthers-4YM7gHV2/
01 Sep 2016,Pre-season,0,Las Vegas Raiders,Seattle Seahawks,21,23,,,https://www.oddsportal.com/american-football/usa/nfl-2016-2017/las-vegas-raiders-seattle-seahawks-pdjqM3AU/
01 Sep 2016,Pre-season,0,Los Angeles Chargers,San Francisco 49ers,21,31,,,https://www.oddsportal.com/american-football/usa/nfl-2016-2017/los-angeles-chargers-san-francisco-49ers-dUWlsmtt/
01 Sep 2016,Pre-season,0,Arizona Cardinals,Denver Broncos,38,17,,,https://www.oddsportal.com/american-football/usa/nfl-2016-2017/arizona-cardinals-denver-broncos-rR6FSmRn/
01 Sep 2016,Pre-season,0,Cleveland Browns,Chicago Bears,7,21,,,https://www.oddsportal.com/american-football/usa/nfl-2016-2017/cleveland-browns-chicago-bears-vg0OQRea/
01 Sep 2016,Pre-season,0,Dallas Cowboys,Houston Texans,17,28,,,https://www.oddsportal.com/american-football/usa/nfl-2016-2017/dallas-cowboys-houston-texans-Awx19QQO/
01 Sep 2016,Pre-season,0,Kansas City Chiefs,Green Bay Packers,17,7,,,https://www.oddsportal.com/american-football/usa/nfl-2016-2017/kansas-city-chiefs-green-bay-packers-l47BTTBt/
01 Sep 2016,Pre-season,0,Minnesota Vikings,Los Angeles Rams,27,25,,,https://www.oddsportal.com/american-football/usa/nfl-2016-2017/minnesota-vikings-los-angeles-rams-WnP1voQb/
01 Sep 2016,Pre-season,0,New Orleans Saints,Baltimore Ravens,14,23,,,https://www.oddsportal.com/american-football/usa/nfl-2016-2017/new-orleans-saints-baltimore-ravens-Q9O5w5u5/
01 Sep 2016,Pre-season,0,Carolina Panthers,Pittsburgh Steelers,18,6,,,https://www.oddsportal.com/american-football/usa/nfl-2016-2017/carolina-panthers-pittsburgh-steelers-IqLcuRAh/
01 Sep 2016,Pre-season,0,Cincinnati Bengals,Indianapolis Colts,10,13,,,https://www.oddsportal.com/american-football/usa/nfl-2016-2017/cincinnati-bengals-indianapolis-colts-CrGqY93P/
01 Sep 2016,Pre-season,0,Detroit Lions,Buffalo Bills,31,0,,,https://www.oddsportal.com/american-football/usa/nfl-2016-2017/detroit-lions-buffalo-bills-MH5JR7tg/
01 Sep 2016,Pre-season,0,Atlanta Falcons,Jacksonville Jaguars,17,15,,,https://www.oddsportal.com/american-football/usa/nfl-2016-2017/atlanta-falcons-jacksonville-jaguars-IqaSPoB5/
01 Sep 2016,Pre-season,0,Miami Dolphins,Tennessee Titans,10,21,,,https://www.oddsportal.com/american-football/usa/nfl-2016-2017/miami-dolphins-tennessee-titans-Ot2zOPuI/
01 Sep 2016,Pre-season,0,New York Giants,New England Patriots,17,9,,,https://www.oddsportal.com/american-football/usa/nfl-2016-2017/new-york-giants-new-england-patriots-C6bWO5QB/
01 Sep 2016,Pre-season,0,Philadelphia Eagles,New York Jets,14,6,,,https://www.oddsportal.com/american-football/usa/nfl-2016-2017/philadelphia-eagles-new-york-jets-zLVht7en/
31 Aug 2016,Pre-season,0,Tampa Bay Buccaneers,Washington Commanders,13,20,,,https://www.oddsportal.com/american-football/usa/nfl-2016-2017/tampa-bay-buccaneers-washington-commanders-65iuNqeO/
28 Aug 2016,Pre-season,0,Jacksonville Jaguars,Cincinnati Bengals,26,21,,,https://www.oddsportal.com/american-football/usa/nfl-2016-2017/jacksonville-jaguars-cincinnati-bengals-WnwcA6BI/
28 Aug 2016,Pre-season,0,Houston Texans,Arizona Cardinals,34,24,,,https://www.oddsportal.com/american-football/usa/nfl-2016-2017/houston-texans-arizona-cardinals-OMwgBndC/
28 Aug 2016,Pre-season,0,Minnesota Vikings,Los Angeles Chargers,23,10,,,https://www.oddsportal.com/american-football/usa/nfl-2016-2017/minnesota-vikings-los-angeles-chargers-pWvkCSt6/
27 Aug 2016,Pre-season,0,Las Vegas Raiders,Tennessee Titans,14,27,,,https://www.oddsportal.com/american-football/usa/nfl-2016-2017/las-vegas-raiders-tennessee-titans-27kpD8Ra/
27 Aug 2016,Pre-season,0,New York Jets,New York Giants,20,21,,,https://www.oddsportal.com/american-football/usa/nfl-2016-2017/new-york-jets-new-york-giants-GjmYFAss/
27 Aug 2016,Pre-season,0,Baltimore Ravens,Detroit Lions,30,9,,,https://www.oddsportal.com/american-football/usa/nfl-2016-2017/baltimore-ravens-detroit-lions-YDIf2iDs/
27 Aug 2016,Pre-season,0,Indianapolis Colts,Philadelphia Eagles,23,33,,,https://www.oddsportal.com/american-football/usa/nfl-2016-2017/indianapolis-colts-philadelphia-eagles-r3IJdmsJ/
27 Aug 2016,Pre-season,0,Chicago Bears,Kansas City Chiefs,7,23,,,https://www.oddsportal.com/american-football/usa/nfl-2016-2017/chicago-bears-kansas-city-chiefs-O2B7akc0/
26 Aug 2016,Pre-season,0,San Francisco 49ers,Green Bay Packers,10,21,,,https://www.oddsportal.com/american-football/usa/nfl-2016-2017/san-francisco-49ers-green-bay-packers-2gABb9C6/
26 Aug 2016,Pre-season,0,New Orleans Saints,Pittsburgh Steelers,14,27,,,https://www.oddsportal.com/american-football/usa/nfl-2016-2017/new-orleans-saints-pittsburgh-steelers-d661LWJJ/
26 Aug 2016,Pre-season,0,Tampa Bay Buccaneers,Cleveland Browns,30,13,,,https://www.oddsportal.com/american-football/usa/nfl-2016-2017/tampa-bay-buccaneers-cleveland-browns-l4otElCg/
26 Aug 2016,Pre-season,0,Carolina Panthers,New England Patriots,17,19,,,https://www.oddsportal.com/american-football/usa/nfl-2016-2017/carolina-panthers-new-england-patriots-zc55KjZP/
26 Aug 2016,Pre-season,0,Washington Commanders,Buffalo Bills,21,16,,,https://www.oddsportal.com/american-football/usa/nfl-2016-2017/washington-commanders-buffalo-bills-fT630Vsf/
25 Aug 2016,Pre-season,0,Seattle Seahawks,Dallas Cowboys,27,17,,,https://www.oddsportal.com/american-football/usa/nfl-2016-2017/seattle-seahawks-dallas-cowboys-Gx8a1BSm/
25 Aug 2016,Pre-season,0,Miami Dolphins,Atlanta Falcons,17,6,,,https://www.oddsportal.com/american-football/usa/nfl-2016-2017/miami-dolphins-atlanta-falcons-fsnxFUdm/
20 Aug 2016,Pre-season,0,Denver Broncos,San Francisco 49ers,24,31,,,https://www.oddsportal.com/american-football/usa/nfl-2016-2017/denver-broncos-san-francisco-49ers-f7VSmhbl/
20 Aug 2016,Pre-season,0,Houston Texans,New Orleans Saints,16,9,,,https://www.oddsportal.com/american-football/usa/nfl-2016-2017/houston-texans-new-orleans-saints-OnNqpAcD/
20 Aug 2016,Pre-season,0,Jacksonville Jaguars,Tampa Bay Buccaneers,21,27,,,https://www.oddsportal.com/american-football/usa/nfl-2016-2017/jacksonville-jaguars-tampa-bay-buccaneers-xWKXnCDf/
20 Aug 2016,Pre-season,0,Indianapolis Colts,Baltimore Ravens,18,19,,,https://www.oddsportal.com/american-football/usa/nfl-2016-2017/indianapolis-colts-baltimore-ravens-ShFn8Mq3/
20 Aug 2016,Pre-season,0,Buffalo Bills,New York Giants,21,0,,,https://www.oddsportal.com/american-football/usa/nfl-2016-2017/buffalo-bills-new-york-giants-OvTK8gzE/
20 Aug 2016,Pre-season,0,Tennessee Titans,Carolina Panthers,16,26,,,https://www.oddsportal.com/american-football/usa/nfl-2016-2017/tennessee-titans-carolina-panthers-AH4i7ta9/
19 Aug 2016,Pre-season,0,Los Angeles Chargers,Arizona Cardinals,19,3,,,https://www.oddsportal.com/american-football/usa/nfl-2016-2017/los-angeles-chargers-arizona-cardinals-dhRS6X4Q/
19 Aug 2016,Pre-season,0,Dallas Cowboys,Miami Dolphins,41,14,,,https://www.oddsportal.com/american-football/usa/nfl-2016-2017/dallas-cowboys-miami-dolphins-GIBr92Ud/
19 Aug 2016,Pre-season,0,Washington Commanders,New York Jets,22,18,,,https://www.oddsportal.com/american-football/usa/nfl-2016-2017/washington-commanders-new-york-jets-pdOuojr7/
18 Aug 2016,Pre-season,0,Seattle Seahawks,Minnesota Vikings,11,18,,,https://www.oddsportal.com/american-football/usa/nfl-2016-2017/seattle-seahawks-minnesota-vikings-2VRO7DkK/
18 Aug 2016,Pre-season,0,Cleveland Browns,Atlanta Falcons,13,24,,,https://www.oddsportal.com/american-football/usa/nfl-2016-2017/cleveland-browns-atlanta-falcons-l83e60EF/
18 Aug 2016,Pre-season,0,Green Bay Packers,Las Vegas Raiders,20,12,,,https://www.oddsportal.com/american-football/usa/nfl-2016-2017/green-bay-packers-las-vegas-raiders-GGWOlYrr/
18 Aug 2016,Pre-season,0,New England Patriots,Chicago Bears,23,22,,,https://www.oddsportal.com/american-football/usa/nfl-2016-2017/new-england-patriots-chicago-bears-2FN0pJid/
18 Aug 2016,Pre-season,0,Detroit Lions,Cincinnati Bengals,14,30,,,https://www.oddsportal.com/american-football/usa/nfl-2016-2017/detroit-lions-cincinnati-bengals-6mUinuNq/
18 Aug 2016,Pre-season,0,Pittsburgh Steelers,Philadelphia Eagles,0,17,,,https://www.oddsportal.com/american-football/usa/nfl-2016-2017/pittsburgh-steelers-philadelphia-eagles-jZOynWS0/
14 Aug 2016,Pre-season,0,San Francisco 49ers,Houston Texans,13,24,,,https://www.oddsportal.com/american-football/usa/nfl-2016-2017/san-francisco-49ers-houston-texans-04GWtpo4/
13 Aug 2016,Pre-season,0,Tennessee Titans,Los Angeles Chargers,27,10,,,https://www.oddsportal.com/american-football/usa/nfl-2016-2017/tennessee-titans-los-angeles-chargers-zaj9f3F3/
13 Aug 2016,Pre-season,0,Buffalo Bills,Indianapolis Colts,18,19,,,https://www.oddsportal.com/american-football/usa/nfl-2016-2017/buffalo-bills-indianapolis-colts-65NNr6Gi/
13 Aug 2016,Pre-season,0,Kansas City Chiefs,Seattle Seahawks,16,17,,,https://www.oddsportal.com/american-football/usa/nfl-2016-2017/kansas-city-chiefs-seattle-seahawks-tOy6eq0c/
12 Aug 2016,Pre-season,0,Arizona Cardinals,Las Vegas Raiders,10,31,,,https://www.oddsportal.com/american-football/usa/nfl-2016-2017/arizona-cardinals-las-vegas-raiders-dEvIhspG/
12 Aug 2016,Pre-season,0,Green Bay Packers,Cleveland Browns,17,11,,,https://www.oddsportal.com/american-football/usa/nfl-2016-2017/green-bay-packers-cleveland-browns-YHEvuOFG/
12 Aug 2016,Pre-season,0,Cincinnati Bengals,Minnesota Vikings,16,17,,,https://www.oddsportal.com/american-football/usa/nfl-2016-2017/cincinnati-bengals-minnesota-vikings-AHrMi1aM/
12 Aug 2016,Pre-season,0,New York Giants,Miami Dolphins,10,27,,,https://www.oddsportal.com/american-football/usa/nfl-2016-2017/new-york-giants-miami-dolphins-jg9qvrVM/
12 Aug 2016,Pre-season,0,Pittsburgh Steelers,Detroit Lions,17,30,,,https://www.oddsportal.com/american-football/usa/nfl-2016-2017/pittsburgh-steelers-detroit-lions-Uq8mw2pT/
11 Aug 2016,Pre-season,0,Chicago Bears,Denver Broncos,0,22,,,https://www.oddsportal.com/american-football/usa/nfl-2016-2017/chicago-bears-denver-broncos-fRFzt40A/
11 Aug 2016,Pre-season,0,Baltimore Ravens,Carolina Panthers,22,19,,,https://www.oddsportal.com/american-football/usa/nfl-2016-2017/baltimore-ravens-carolina-panthers-nPfFYLhp/
11 Aug 2016,Pre-season,0,New England Patriots,New Orleans Saints,34,22,,,https://www.oddsportal.com/american-football/usa/nfl-2016-2017/new-england-patriots-new-orleans-saints-EkkDgNU9/
11 Aug 2016,Pre-season,0,New York Jets,Jacksonville Jaguars,17,13,,,https://www.oddsportal.com/american-football/usa/nfl-2016-2017/new-york-jets-jacksonville-jaguars-lUCSsQVc/
11 Aug 2016,Pre-season,0,Atlanta Falcons,Washington Commanders,23,17,,,https://www.oddsportal.com/american-football/usa/nfl-2016-2017/atlanta-falcons-washington-commanders-2Xx2dPpi/
11 Aug 2016,Pre-season,0,Philadelphia Eagles,Tampa Bay Buccaneers,17,9,,,https://www.oddsportal.com/american-football/usa/nfl-2016-2017/philadelphia-eagles-tampa-bay-buccaneers-0SbJXu8j/
07 Feb 2016,Play Offs,1,Denver Broncos,Carolina Panthers,24,10,,,https://www.oddsportal.com/american-football/usa/nfl-2015-2016/denver-broncos-carolina-panthers-YNw0v8h6/
31 Jan 2016,All Stars,0,Michael Irvin Team,Jerry Rice Team,49,27,,,https://www.oddsportal.com/american-football/usa/nfl-2015-2016/michael-irvin-team-jerry-rice-team-CYK2clMM/
24 Jan 2016,Play Offs,0,Carolina Panthers,Arizona Cardinals,49,15,,,https://www.oddsportal.com/american-football/usa/nfl-2015-2016/carolina-panthers-arizona-cardinals-ADQFgoKe/
24 Jan 2016,Play Offs,0,Denver Broncos,New England Patriots,20,18,,,https://www.oddsportal.com/american-football/usa/nfl-2015-2016/denver-broncos-new-england-patriots-8rRl6O31/
17 Jan 2016,Play Offs,0,Denver Broncos,Pittsburgh Steelers,23,16,,,https://www.oddsportal.com/american-football/usa/nfl-2015-2016/denver-broncos-pittsburgh-steelers-GtGH8jWM/
17 Jan 2016,Play Offs,0,Carolina Panthers,Seattle Seahawks,31,24,,,https://www.oddsportal.com/american-football/usa/nfl-2015-2016/carolina-panthers-seattle-seahawks-MsN8AC1A/
16 Jan 2016,Play Offs,0,Arizona Cardinals,Green Bay Packers,26,20,,,https://www.oddsportal.com/american-football/usa/nfl-2015-2016/arizona-cardinals-green-bay-packers-YHQC9WGG/
16 Jan 2016,Play Offs,0,New England Patriots,Kansas City Chiefs,27,20,,,https://www.oddsportal.com/american-football/usa/nfl-2015-2016/new-england-patriots-kansas-city-chiefs-fXEL7AoT/
10 Jan 2016,Play Offs,0,Washington Commanders,Green Bay Packers,18,35,,,https://www.oddsportal.com/american-football/usa/nfl-2015-2016/washington-commanders-green-bay-packers-MP9iIqKn/
10 Jan 2016,Play Offs,0,Minnesota Vikings,Seattle Seahawks,9,10,,,https://www.oddsportal.com/american-football/usa/nfl-2015-2016/minnesota-vikings-seattle-seahawks-hj5mJP4t/
09 Jan 2016,Play Offs,0,Cincinnati Bengals,Pittsburgh Steelers,16,18,,,https://www.oddsportal.com/american-football/usa/nfl-2015-2016/cincinnati-bengals-pittsburgh-steelers-0G8eH3Zh/
09 Jan 2016,Play Offs,0,Houston Texans,Kansas City Chiefs,0,30,,,https://www.oddsportal.com/american-football/usa/nfl-2015-2016/houston-texans-kansas-city-chiefs-rub0GNla/
03 Jan 2016,Regular,0,Green Bay Packers,Minnesota Vikings,13,20,-150,122,https://www.oddsportal.com/american-football/usa/nfl-2015-2016/green-bay-packers-minnesota-vikings-6c1AcEX4/
03 Jan 2016,Regular,0,Arizona Cardinals,Seattle Seahawks,6,36,-259,205,https://www.oddsportal.com/american-football/usa/nfl-2015-2016/arizona-cardinals-seattle-seahawks-xvoUDZHo/
03 Jan 2016,Regular,0,Carolina Panthers,Tampa Bay Buccaneers,38,10,-466,337,https://www.oddsportal.com/american-football/usa/nfl-2015-2016/carolina-panthers-tampa-bay-buccaneers-jTingatJ/
03 Jan 2016,Regular,0,Denver Broncos,Los Angeles Chargers,27,20,-513,368,https://www.oddsportal.com/american-football/usa/nfl-2015-2016/denver-broncos-los-angeles-chargers-GUqYCgXi/
03 Jan 2016,Regular,0,Kansas City Chiefs,Las Vegas Raiders,23,17,-317,245,https://www.oddsportal.com/american-football/usa/nfl-2015-2016/kansas-city-chiefs-las-vegas-raiders-4jGFfCHN/
03 Jan 2016,Regular,0,San Francisco 49ers,Los Angeles Rams,19,16,137,-169,https://www.oddsportal.com/american-football/usa/nfl-2015-2016/san-francisco-49ers-los-angeles-rams-p4lxCDnb/
03 Jan 2016,Regular,0,Atlanta Falcons,New Orleans Saints,17,20,-260,203,https://www.oddsportal.com/american-football/usa/nfl-2015-2016/atlanta-falcons-new-orleans-saints-UD3weLB6/
03 Jan 2016,Regular,0,Buffalo Bills,New York Jets,22,17,126,-156,https://www.oddsportal.com/american-football/usa/nfl-2015-2016/buffalo-bills-new-york-jets-CxgrfuRC/
03 Jan 2016,Regular,0,Chicago Bears,Detroit Lions,20,24,121,-149,https://www.oddsportal.com/american-football/usa/nfl-2015-2016/chicago-bears-detroit-lions-xI9g1dYu/
03 Jan 2016,Regular,0,Cincinnati Bengals,Baltimore Ravens,24,16,-455,332,https://www.oddsportal.com/american-football/usa/nfl-2015-2016/cincinnati-bengals-baltimore-ravens-G88c0Gmn/
03 Jan 2016,Regular,0,Cleveland Browns,Pittsburgh Steelers,12,28,551,-836,https://www.oddsportal.com/american-football/usa/nfl-2015-2016/cleveland-browns-pittsburgh-steelers-bXc2az3h/
03 Jan 2016,Regular,0,Dallas Cowboys,Washington Commanders,23,34,-171,138,https://www.oddsportal.com/american-football/usa/nfl-2015-2016/dallas-cowboys-washington-commanders-Cz26bfIb/
03 Jan 2016,Regular,0,Houston Texans,Jacksonville Jaguars,30,6,-244,193,https://www.oddsportal.com/american-football/usa/nfl-2015-2016/houston-texans-jacksonville-jaguars-pl0EdYnB/
03 Jan 2016,Regular,0,Indianapolis Colts,Tennessee Titans,30,24,-233,190,https://www.oddsportal.com/american-football/usa/nfl-2015-2016/indianapolis-colts-tennessee-titans-QaHBeh2H/
03 Jan 2016,Regular,0,Miami Dolphins,New England Patriots,20,10,348,-477,https://www.oddsportal.com/american-football/usa/nfl-2015-2016/miami-dolphins-new-england-patriots-bDFJgWWT/
03 Jan 2016,Regular,0,New York Giants,Philadelphia Eagles,30,35,-192,153,https://www.oddsportal.com/american-football/usa/nfl-2015-2016/new-york-giants-philadelphia-eagles-zZ6okjuo/
28 Dec 2015,Regular,0,Denver Broncos,Cincinnati Bengals,20,17,-202,163,https://www.oddsportal.com/american-football/usa/nfl-2015-2016/denver-broncos-cincinnati-bengals-Iw0Ze1d0/
27 Dec 2015,Regular,0,Minnesota Vikings,New York Giants,49,17,-322,247,https://www.oddsportal.com/american-football/usa/nfl-2015-2016/minnesota-vikings-new-york-giants-xKv0s2s7/
27 Dec 2015,Regular,0,Arizona Cardinals,Green Bay Packers,38,8,-263,206,https://www.oddsportal.com/american-football/usa/nfl-2015-2016/arizona-cardinals-green-bay-packers-Sl7Mb3Cs/
27 Dec 2015,Regular,0,Seattle Seahawks,Los Angeles Rams,17,23,-714,481,https://www.oddsportal.com/american-football/usa/nfl-2015-2016/seattle-seahawks-los-angeles-rams-pQ1RcNRm/
27 Dec 2015,Regular,0,New Orleans Saints,Jacksonville Jaguars,38,27,-134,109,https://www.oddsportal.com/american-football/usa/nfl-2015-2016/new-orleans-saints-jacksonville-jaguars-GAw4tMdD/
27 Dec 2015,Regular,0,Atlanta Falcons,Carolina Panthers,20,13,266,-351,https://www.oddsportal.com/american-football/usa/nfl-2015-2016/atlanta-falcons-carolina-panthers-jooIkQZQ/
27 Dec 2015,Regular,0,Baltimore Ravens,Pittsburgh Steelers,20,17,431,-628,https://www.oddsportal.com/american-football/usa/nfl-2015-2016/baltimore-ravens-pittsburgh-steelers-OG0Vdssf/
27 Dec 2015,Regular,0,Buffalo Bills,Dallas Cowboys,16,6,-290,226,https://www.oddsportal.com/american-football/usa/nfl-2015-2016/buffalo-bills-dallas-cowboys-8QXqoprr/
27 Dec 2015,Regular,0,Detroit Lions,San Francisco 49ers,32,17,-427,317,https://www.oddsportal.com/american-football/usa/nfl-2015-2016/detroit-lions-san-francisco-49ers-MTylp4cl/
27 Dec 2015,Regular,0,Kansas City Chiefs,Cleveland Browns,17,13,-742,503,https://www.oddsportal.com/american-football/usa/nfl-2015-2016/kansas-city-chiefs-cleveland-browns-4hRhqOCf/
27 Dec 2015,Regular,0,Miami Dolphins,Indianapolis Colts,12,18,-132,108,https://www.oddsportal.com/american-football/usa/nfl-2015-2016/miami-dolphins-indianapolis-colts-rqQdrrS0/
27 Dec 2015,Regular,0,New York Jets,New England Patriots,26,20,120,-149,https://www.oddsportal.com/american-football/usa/nfl-2015-2016/new-york-jets-new-england-patriots-IFHn55ZD/
27 Dec 2015,Regular,0,Tampa Bay Buccaneers,Chicago Bears,21,26,-170,137,https://www.oddsportal.com/american-football/usa/nfl-2015-2016/tampa-bay-buccaneers-chicago-bears-WILj4PlK/
27 Dec 2015,Regular,0,Tennessee Titans,Houston Texans,6,34,160,-200,https://www.oddsportal.com/american-football/usa/nfl-2015-2016/tennessee-titans-houston-texans-QuLf3q4Q/
26 Dec 2015,Regular,0,Philadelphia Eagles,Washington Commanders,24,38,-204,162,https://www.oddsportal.com/american-football/usa/nfl-2015-2016/philadelphia-eagles-washington-commanders-CfnEj6KK/
24 Dec 2015,Regular,0,Las Vegas Raiders,Los Angeles Chargers,23,20,-194,157,https://www.oddsportal.com/american-football/usa/nfl-2015-2016/las-vegas-raiders-los-angeles-chargers-fJi9in5E/
21 Dec 2015,Regular,0,New Orleans Saints,Detroit Lions,27,35,-137,110,https://www.oddsportal.com/american-football/usa/nfl-2015-2016/new-orleans-saints-detroit-lions-GSh5hSk8/
20 Dec 2015,Regular,0,Philadelphia Eagles,Arizona Cardinals,17,40,148,-185,https://www.oddsportal.com/american-football/usa/nfl-2015-2016/philadelphia-eagles-arizona-cardinals-GSWZxmjL/
20 Dec 2015,Regular,0,Los Angeles Chargers,Miami Dolphins,30,14,-121,-100,https://www.oddsportal.com/american-football/usa/nfl-2015-2016/los-angeles-chargers-miami-dolphins-jk1JUOc1/
20 Dec 2015,Regular,0,Pittsburgh Steelers,Denver Broncos,34,27,-333,252,https://www.oddsportal.com/american-football/usa/nfl-2015-2016/pittsburgh-steelers-denver-broncos-8QBEV4re/
20 Dec 2015,Regular,0,San Francisco 49ers,Cincinnati Bengals,14,24,232,-299,https://www.oddsportal.com/american-football/usa/nfl-2015-2016/san-francisco-49ers-cincinnati-bengals-2P4NTrD7/
20 Dec 2015,Regular,0,Las Vegas Raiders,Green Bay Packers,20,30,163,-206,https://www.oddsportal.com/american-football/usa/nfl-2015-2016/las-vegas-raiders-green-bay-packers-0086XQDr/
20 Dec 2015,Regular,0,Seattle Seahawks,Cleveland Browns,30,13,-1431,790,https://www.oddsportal.com/american-football/usa/nfl-2015-2016/seattle-seahawks-cleveland-browns-UZCAWpTl/
20 Dec 2015,Regular,0,Baltimore Ravens,Kansas City Chiefs,14,34,229,-294,https://www.oddsportal.com/american-football/usa/nfl-2015-2016/baltimore-ravens-kansas-city-chiefs-d6QvJRbk/
20 Dec 2015,Regular,0,Indianapolis Colts,Houston Texans,10,16,-125,102,https://www.oddsportal.com/american-football/usa/nfl-2015-2016/indianapolis-colts-houston-texans-jTPrIoEe/
20 Dec 2015,Regular,0,Jacksonville Jaguars,Atlanta Falcons,17,23,-146,118,https://www.oddsportal.com/american-football/usa/nfl-2015-2016/jacksonville-jaguars-atlanta-falcons-UJOnH5T1/
20 Dec 2015,Regular,0,Minnesota Vikings,Chicago Bears,38,17,-229,181,https://www.oddsportal.com/american-football/usa/nfl-2015-2016/minnesota-vikings-chicago-bears-UBUNuk62/
20 Dec 2015,Regular,0,New England Patriots,Tennessee Titans,33,16,-1055,657,https://www.oddsportal.com/american-football/usa/nfl-2015-2016/new-england-patriots-tennessee-titans-82TRv9L8/
20 Dec 2015,Regular,0,New York Giants,Carolina Panthers,35,38,177,-222,https://www.oddsportal.com/american-football/usa/nfl-2015-2016/new-york-giants-carolina-panthers-2PSVwTzF/
20 Dec 2015,Regular,0,Washington Commanders,Buffalo Bills,35,25,110,-135,https://www.oddsportal.com/american-football/usa/nfl-2015-2016/washington-commanders-buffalo-bills-biMvx75R/
19 Dec 2015,Regular,0,Dallas Cowboys,New York Jets,16,19,140,-174,https://www.oddsportal.com/american-football/usa/nfl-2015-2016/dallas-cowboys-new-york-jets-r3MzK7qq/
17 Dec 2015,Regular,0,Los Angeles Rams,Tampa Bay Buccaneers,31,23,-115,-106,https://www.oddsportal.com/american-football/usa/nfl-2015-2016/los-angeles-rams-tampa-bay-buccaneers-xMq8OmyS/
14 Dec 2015,Regular,0,Miami Dolphins,New York Giants,24,31,104,-128,https://www.oddsportal.com/american-football/usa/nfl-2015-2016/miami-dolphins-new-york-giants-bVp4PTLL/
13 Dec 2015,Regular,0,Houston Texans,New England Patriots,6,27,183,-230,https://www.oddsportal.com/american-football/usa/nfl-2015-2016/houston-texans-new-england-patriots-GzRLPxG4/
13 Dec 2015,Regular,0,Green Bay Packers,Dallas Cowboys,28,7,-286,221,https://www.oddsportal.com/american-football/usa/nfl-2015-2016/green-bay-packers-dallas-cowboys-j5sdRki9/
13 Dec 2015,Regular,0,Denver Broncos,Las Vegas Raiders,12,15,-256,202,https://www.oddsportal.com/american-football/usa/nfl-2015-2016/denver-broncos-las-vegas-raiders-8thiSVy3/
13 Dec 2015,Regular,0,Baltimore Ravens,Seattle Seahawks,6,35,382,-527,https://www.oddsportal.com/american-football/usa/nfl-2015-2016/baltimore-ravens-seattle-seahawks-Uet0Q96F/
13 Dec 2015,Regular,0,Carolina Panthers,Atlanta Falcons,38,0,-455,338,https://www.oddsportal.com/american-football/usa/nfl-2015-2016/carolina-panthers-atlanta-falcons-84v5TKGu/
13 Dec 2015,Regular,0,Chicago Bears,Washington Commanders,21,24,-202,161,https://www.oddsportal.com/american-football/usa/nfl-2015-2016/chicago-bears-washington-commanders-new9SvWo/
13 Dec 2015,Regular,0,Cincinnati Bengals,Pittsburgh Steelers,20,33,-120,-102,https://www.oddsportal.com/american-football/usa/nfl-2015-2016/cincinnati-bengals-pittsburgh-steelers-fLxDRboh/
13 Dec 2015,Regular,0,Cleveland Browns,San Francisco 49ers,24,10,-137,111,https://www.oddsportal.com/american-football/usa/nfl-2015-2016/cleveland-browns-san-francisco-49ers-YByHQI0b/
13 Dec 2015,Regular,0,Jacksonville Jaguars,Indianapolis Colts,51,16,-115,-106,https://www.oddsportal.com/american-football/usa/nfl-2015-2016/jacksonville-jaguars-indianapolis-colts-UwVPOdVA/
13 Dec 2015,Regular,0,Kansas City Chiefs,Los Angeles Chargers,10,3,-718,482,https://www.oddsportal.com/american-football/usa/nfl-2015-2016/kansas-city-chiefs-los-angeles-chargers-O0UTNGpH/
13 Dec 2015,Regular,0,Los Angeles Rams,Detroit Lions,21,14,135,-167,https://www.oddsportal.com/american-football/usa/nfl-2015-2016/los-angeles-rams-detroit-lions-dho64Sqd/
13 Dec 2015,Regular,0,New York Jets,Tennessee Titans,30,8,-408,303,https://www.oddsportal.com/american-football/usa/nfl-2015-2016/new-york-jets-tennessee-titans-0Qic6lFq/
13 Dec 2015,Regular,0,Philadelphia Eagles,Buffalo Bills,23,20,-119,-103,https://www.oddsportal.com/american-football/usa/nfl-2015-2016/philadelphia-eagles-buffalo-bills-I1n258Uk/
13 Dec 2015,Regular,0,Tampa Bay Buccaneers,New Orleans Saints,17,24,-256,201,https://www.oddsportal.com/american-football/usa/nfl-2015-2016/tampa-bay-buccaneers-new-orleans-saints-AeZmTBMd/
10 Dec 2015,Regular,0,Arizona Cardinals,Minnesota Vikings,23,20,-527,381,https://www.oddsportal.com/american-football/usa/nfl-2015-2016/arizona-cardinals-minnesota-vikings-tEQ0OSJU/
07 Dec 2015,Regular,0,Washington Commanders,Dallas Cowboys,16,19,-124,101,https://www.oddsportal.com/american-football/usa/nfl-2015-2016/washington-commanders-dallas-cowboys-SAMdP84O/
06 Dec 2015,Regular,0,Pittsburgh Steelers,Indianapolis Colts,45,10,-541,368,https://www.oddsportal.com/american-football/usa/nfl-2015-2016/pittsburgh-steelers-indianapolis-colts-YmNhQlkI/
06 Dec 2015,Regular,0,New England Patriots,Philadelphia Eagles,28,35,-394,299,https://www.oddsportal.com/american-football/usa/nfl-2015-2016/new-england-patriots-philadelphia-eagles-fcOlRUZB/
06 Dec 2015,Regular,0,New Orleans Saints,Carolina Panthers,38,41,197,-250,https://www.oddsportal.com/american-football/usa/nfl-2015-2016/new-orleans-saints-carolina-panthers-KpcJBkzP/
06 Dec 2015,Regular,0,Las Vegas Raiders,Kansas City Chiefs,20,34,126,-156,https://www.oddsportal.com/american-football/usa/nfl-2015-2016/las-vegas-raiders-kansas-city-chiefs-bVUuTj5a/
06 Dec 2015,Regular,0,Los Angeles Chargers,Denver Broncos,3,17,195,-247,https://www.oddsportal.com/american-football/usa/nfl-2015-2016/los-angeles-chargers-denver-broncos-xMTqSAK5/
06 Dec 2015,Regular,0,Buffalo Bills,Houston Texans,30,21,-158,128,https://www.oddsportal.com/american-football/usa/nfl-2015-2016/buffalo-bills-houston-texans-CE6bGDLg/
06 Dec 2015,Regular,0,Chicago Bears,San Francisco 49ers,20,26,-286,224,https://www.oddsportal.com/american-football/usa/nfl-2015-2016/chicago-bears-san-francisco-49ers-j552FXz0/
06 Dec 2015,Regular,0,Cleveland Browns,Cincinnati Bengals,3,37,272,-358,https://www.oddsportal.com/american-football/usa/nfl-2015-2016/cleveland-browns-cincinnati-bengals-pS46Eij6/
06 Dec 2015,Regular,0,Los Angeles Rams,Arizona Cardinals,3,27,152,-190,https://www.oddsportal.com/american-football/usa/nfl-2015-2016/los-angeles-rams-arizona-cardinals-A9xTVhLt/
06 Dec 2015,Regular,0,Miami Dolphins,Baltimore Ravens,15,13,-182,146,https://www.oddsportal.com/american-football/usa/nfl-2015-2016/miami-dolphins-baltimore-ravens-bV8ADB5C/
06 Dec 2015,Regular,0,Minnesota Vikings,Seattle Seahawks,7,38,119,-148,https://www.oddsportal.com/american-football/usa/nfl-2015-2016/minnesota-vikings-seattle-seahawks-tfbFCVKI/
06 Dec 2015,Regular,0,New York Giants,New York Jets,20,23,113,-139,https://www.oddsportal.com/american-football/usa/nfl-2015-2016/new-york-giants-new-york-jets-80j1zZCP/
06 Dec 2015,Regular,0,Tampa Bay Buccaneers,Atlanta Falcons,23,19,-108,-113,https://www.oddsportal.com/american-football/usa/nfl-2015-2016/tampa-bay-buccaneers-atlanta-falcons-hYRXUCzm/
06 Dec 2015,Regular,0,Tennessee Titans,Jacksonville Jaguars,42,39,-147,119,https://www.oddsportal.com/american-football/usa/nfl-2015-2016/tennessee-titans-jacksonville-jaguars-48VyUWkg/
03 Dec 2015,Regular,0,Detroit Lions,Green Bay Packers,23,27,106,-132,https://www.oddsportal.com/american-football/usa/nfl-2015-2016/detroit-lions-green-bay-packers-phz2Hg6m/
30 Nov 2015,Regular,0,Cleveland Browns,Baltimore Ravens,27,33,-270,214,https://www.oddsportal.com/american-football/usa/nfl-2015-2016/cleveland-browns-baltimore-ravens-61ybIZjs/
29 Nov 2015,Regular,0,Denver Broncos,New England Patriots,30,24,112,-138,https://www.oddsportal.com/american-football/usa/nfl-2015-2016/denver-broncos-new-england-patriots-lMlWMFrQ/
29 Nov 2015,Regular,0,Seattle Seahawks,Pittsburgh Steelers,39,30,-150,121,https://www.oddsportal.com/american-football/usa/nfl-2015-2016/seattle-seahawks-pittsburgh-steelers-zJpSNeTJ/
29 Nov 2015,Regular,0,San Francisco 49ers,Arizona Cardinals,13,19,296,-392,https://www.oddsportal.com/american-football/usa/nfl-2015-2016/san-francisco-49ers-arizona-cardinals-YD6qaCjJ/
29 Nov 2015,Regular,0,Atlanta Falcons,Minnesota Vikings,10,20,-135,110,https://www.oddsportal.com/american-football/usa/nfl-2015-2016/atlanta-falcons-minnesota-vikings-00WqBIqE/
29 Nov 2015,Regular,0,Cincinnati Bengals,Los Angeles Rams,31,7,-501,356,https://www.oddsportal.com/american-football/usa/nfl-2015-2016/cincinnati-bengals-los-angeles-rams-viVmAxaK/
29 Nov 2015,Regular,0,Houston Texans,New Orleans Saints,24,6,-178,144,https://www.oddsportal.com/american-football/usa/nfl-2015-2016/houston-texans-new-orleans-saints-dSPh9dEQ/
29 Nov 2015,Regular,0,Indianapolis Colts,Tampa Bay Buccaneers,25,12,-141,114,https://www.oddsportal.com/american-football/usa/nfl-2015-2016/indianapolis-colts-tampa-bay-buccaneers-byCK4GMs/
29 Nov 2015,Regular,0,Jacksonville Jaguars,Los Angeles Chargers,25,31,-230,184,https://www.oddsportal.com/american-football/usa/nfl-2015-2016/jacksonville-jaguars-los-angeles-chargers-hbBO3zxl/
29 Nov 2015,Regular,0,Kansas City Chiefs,Buffalo Bills,30,22,-220,175,https://www.oddsportal.com/american-football/usa/nfl-2015-2016/kansas-city-chiefs-buffalo-bills-4YES2fif/
29 Nov 2015,Regular,0,New York Jets,Miami Dolphins,38,20,-222,176,https://www.oddsportal.com/american-football/usa/nfl-2015-2016/new-york-jets-miami-dolphins-nc4X1E60/
29 Nov 2015,Regular,0,Tennessee Titans,Las Vegas Raiders,21,24,-109,-112,https://www.oddsportal.com/american-football/usa/nfl-2015-2016/tennessee-titans-las-vegas-raiders-Qm3y1YL6/
29 Nov 2015,Regular,0,Washington Commanders,New York Giants,20,14,-104,-117,https://www.oddsportal.com/american-football/usa/nfl-2015-2016/washington-commanders-new-york-giants-fN7u0hyD/
26 Nov 2015,Regular,0,Green Bay Packers,Chicago Bears,13,17,-426,314,https://www.oddsportal.com/american-football/usa/nfl-2015-2016/green-bay-packers-chicago-bears-ncr2nZ6D/
26 Nov 2015,Regular,0,Dallas Cowboys,Carolina Panthers,14,33,-106,-115,https://www.oddsportal.com/american-football/usa/nfl-2015-2016/dallas-cowboys-carolina-panthers-YgvbmFi7/
26 Nov 2015,Regular,0,Detroit Lions,Philadelphia Eagles,45,14,-150,121,https://www.oddsportal.com/american-football/usa/nfl-2015-2016/detroit-lions-philadelphia-eagles-jVlglex1/
23 Nov 2015,Regular,0,New England Patriots,Buffalo Bills,20,13,-364,273,https://www.oddsportal.com/american-football/usa/nfl-2015-2016/new-england-patriots-buffalo-bills-CvjkkyNf/
22 Nov 2015,Regular,0,Arizona Cardinals,Cincinnati Bengals,34,31,-219,174,https://www.oddsportal.com/american-football/usa/nfl-2015-2016/arizona-cardinals-cincinnati-bengals-pQwD8PNF/
22 Nov 2015,Regular,0,Minnesota Vikings,Green Bay Packers,13,30,-114,-107,https://www.oddsportal.com/american-football/usa/nfl-2015-2016/minnesota-vikings-green-bay-packers-x0z5Aog3/
22 Nov 2015,Regular,0,Seattle Seahawks,San Francisco 49ers,29,13,-1250,725,https://www.oddsportal.com/american-football/usa/nfl-2015-2016/seattle-seahawks-san-francisco-49ers-QNisichr/
22 Nov 2015,Regular,0,Los Angeles Chargers,Kansas City Chiefs,3,33,145,-178,https://www.oddsportal.com/american-football/usa/nfl-2015-2016/los-angeles-chargers-kansas-city-chiefs-4EjojH7l/
22 Nov 2015,Regular,0,Atlanta Falcons,Indianapolis Colts,21,24,-189,150,https://www.oddsportal.com/american-football/usa/nfl-2015-2016/atlanta-falcons-indianapolis-colts-6Laze6gG/
22 Nov 2015,Regular,0,Baltimore Ravens,Los Angeles Rams,16,13,-159,128,https://www.oddsportal.com/american-football/usa/nfl-2015-2016/baltimore-ravens-los-angeles-rams-pCbvfQ8M/
22 Nov 2015,Regular,0,Carolina Panthers,Washington Commanders,44,16,-304,235,https://www.oddsportal.com/american-football/usa/nfl-2015-2016/carolina-panthers-washington-commanders-SzlqgpOS/
22 Nov 2015,Regular,0,Chicago Bears,Denver Broncos,15,17,110,-135,https://www.oddsportal.com/american-football/usa/nfl-2015-2016/chicago-bears-denver-broncos-lvfAl4Wq/
22 Nov 2015,Regular,0,Detroit Lions,Las Vegas Raiders,18,13,-103,-119,https://www.oddsportal.com/american-football/usa/nfl-2015-2016/detroit-lions-las-vegas-raiders-r1gEmOoj/
22 Nov 2015,Regular,0,Houston Texans,New York Jets,24,17,168,-210,https://www.oddsportal.com/american-football/usa/nfl-2015-2016/houston-texans-new-york-jets-MihInr1d/
22 Nov 2015,Regular,0,Miami Dolphins,Dallas Cowboys,14,24,104,-128,https://www.oddsportal.com/american-football/usa/nfl-2015-2016/miami-dolphins-dallas-cowboys-b9y1BRwc/
22 Nov 2015,Regular,0,Philadelphia Eagles,Tampa Bay Buccaneers,17,45,-304,232,https://www.oddsportal.com/american-football/usa/nfl-2015-2016/philadelphia-eagles-tampa-bay-buccaneers-WMZ89589/
19 Nov 2015,Regular,0,Jacksonville Jaguars,Tennessee Titans,19,13,-145,117,https://www.oddsportal.com/american-football/usa/nfl-2015-2016/jacksonville-jaguars-tennessee-titans-xneWenvA/
16 Nov 2015,Regular,0,Cincinnati Bengals,Houston Texans,6,10,-527,379,https://www.oddsportal.com/american-football/usa/nfl-2015-2016/cincinnati-bengals-houston-texans-bedSdSO3/
15 Nov 2015,Regular,0,Seattle Seahawks,Arizona Cardinals,32,39,-149,121,https://www.oddsportal.com/american-football/usa/nfl-2015-2016/seattle-seahawks-arizona-cardinals-GW6Nc89c/
15 Nov 2015,Regular,0,Denver Broncos,Kansas City Chiefs,13,29,-201,159,https://www.oddsportal.com/american-football/usa/nfl-2015-2016/denver-broncos-kansas-city-chiefs-lQEyz5Hj/
15 Nov 2015,Regular,0,New York Giants,New England Patriots,26,27,257,-339,https://www.oddsportal.com/american-football/usa/nfl-2015-2016/new-york-giants-new-england-patriots-2T2Jblfi/
15 Nov 2015,Regular,0,Las Vegas Raiders,Minnesota Vikings,14,30,-168,135,https://www.oddsportal.com/american-football/usa/nfl-2015-2016/las-vegas-raiders-minnesota-vikings-AZFXzo2p/
15 Nov 2015,Regular,0,Baltimore Ravens,Jacksonville Jaguars,20,22,-247,195,https://www.oddsportal.com/american-football/usa/nfl-2015-2016/baltimore-ravens-jacksonville-jaguars-6JxoAiHA/
15 Nov 2015,Regular,0,Green Bay Packers,Detroit Lions,16,18,-589,413,https://www.oddsportal.com/american-football/usa/nfl-2015-2016/green-bay-packers-detroit-lions-UaGmoVPi/
15 Nov 2015,Regular,0,Los Angeles Rams,Chicago Bears,13,37,-378,282,https://www.oddsportal.com/american-football/usa/nfl-2015-2016/los-angeles-rams-chicago-bears-Kl90rT9A/
15 Nov 2015,Regular,0,Philadelphia Eagles,Miami Dolphins,19,20,-259,203,https://www.oddsportal.com/american-football/usa/nfl-2015-2016/philadelphia-eagles-miami-dolphins-bZKipkub/
15 Nov 2015,Regular,0,Pittsburgh Steelers,Cleveland Browns,30,9,-304,234,https://www.oddsportal.com/american-football/usa/nfl-2015-2016/pittsburgh-steelers-cleveland-browns-xQJeq9f4/
15 Nov 2015,Regular,0,Tampa Bay Buccaneers,Dallas Cowboys,10,6,-102,-120,https://www.oddsportal.com/american-football/usa/nfl-2015-2016/tampa-bay-buccaneers-dallas-cowboys-YiD4smPG/
15 Nov 2015,Regular,0,Tennessee Titans,Carolina Panthers,10,27,161,-202,https://www.oddsportal.com/american-football/usa/nfl-2015-2016/tennessee-titans-carolina-panthers-SEC8t7vN/
15 Nov 2015,Regular,0,Washington Commanders,New Orleans Saints,47,14,-102,-121,https://www.oddsportal.com/american-football/usa/nfl-2015-2016/washington-commanders-new-orleans-saints-65BCuRgT/
12 Nov 2015,Regular,0,New York Jets,Buffalo Bills,17,22,-136,110,https://www.oddsportal.com/american-football/usa/nfl-2015-2016/new-york-jets-buffalo-bills-j9HqnBAo/
09 Nov 2015,Regular,0,Los Angeles Chargers,Chicago Bears,19,22,-198,158,https://www.oddsportal.com/american-football/usa/nfl-2015-2016/los-angeles-chargers-chicago-bears-l4w1NRXp/
08 Nov 2015,Regular,0,Dallas Cowboys,Philadelphia Eagles,27,33,141,-175,https://www.oddsportal.com/american-football/usa/nfl-2015-2016/dallas-cowboys-philadelphia-eagles-EBnZR7PT/
08 Nov 2015,Regular,0,Indianapolis Colts,Denver Broncos,27,24,151,-188,https://www.oddsportal.com/american-football/usa/nfl-2015-2016/indianapolis-colts-denver-broncos-KlmVSmAN/
08 Nov 2015,Regular,0,San Francisco 49ers,Atlanta Falcons,17,16,296,-394,https://www.oddsportal.com/american-football/usa/nfl-2015-2016/san-francisco-49ers-atlanta-falcons-OMgMU9uB/
08 Nov 2015,Regular,0,Tampa Bay Buccaneers,New York Giants,18,32,102,-126,https://www.oddsportal.com/american-football/usa/nfl-2015-2016/tampa-bay-buccaneers-new-york-giants-tblRTTfH/
08 Nov 2015,Regular,0,Buffalo Bills,Miami Dolphins,33,17,-208,166,https://www.oddsportal.com/american-football/usa/nfl-2015-2016/buffalo-bills-miami-dolphins-0QDhFUuO/
08 Nov 2015,Regular,0,Carolina Panthers,Green Bay Packers,37,29,108,-132,https://www.oddsportal.com/american-football/usa/nfl-2015-2016/carolina-panthers-green-bay-packers-vHCdEleU/
08 Nov 2015,Regular,0,Minnesota Vikings,Los Angeles Rams,21,18,-118,-104,https://www.oddsportal.com/american-football/usa/nfl-2015-2016/minnesota-vikings-los-angeles-rams-Gj31ZXQu/
08 Nov 2015,Regular,0,New England Patriots,Washington Commanders,27,10,-1334,736,https://www.oddsportal.com/american-football/usa/nfl-2015-2016/new-england-patriots-washington-commanders-fs25Yitn/
08 Nov 2015,Regular,0,New Orleans Saints,Tennessee Titans,28,34,-307,236,https://www.oddsportal.com/american-football/usa/nfl-2015-2016/new-orleans-saints-tennessee-titans-x6iAXBeh/
08 Nov 2015,Regular,0,New York Jets,Jacksonville Jaguars,28,23,-385,289,https://www.oddsportal.com/american-football/usa/nfl-2015-2016/new-york-jets-jacksonville-jaguars-j9eEWVAb/
08 Nov 2015,Regular,0,Pittsburgh Steelers,Las Vegas Raiders,38,35,-270,210,https://www.oddsportal.com/american-football/usa/nfl-2015-2016/pittsburgh-steelers-las-vegas-raiders-pWfIVkQ4/
05 Nov 2015,Regular,0,Cincinnati Bengals,Cleveland Browns,31,10,-912,568,https://www.oddsportal.com/american-football/usa/nfl-2015-2016/cincinnati-bengals-cleveland-browns-I1OmGAQH/
02 Nov 2015,Regular,0,Carolina Panthers,Indianapolis Colts,29,26,-235,189,https://www.oddsportal.com/american-football/usa/nfl-2015-2016/carolina-panthers-indianapolis-colts-4bKqHjBB/
01 Nov 2015,Regular,0,Denver Broncos,Green Bay Packers,29,10,118,-147,https://www.oddsportal.com/american-football/usa/nfl-2015-2016/denver-broncos-green-bay-packers-AyLuIWe5/
01 Nov 2015,Regular,0,Dallas Cowboys,Seattle Seahawks,12,13,178,-225,https://www.oddsportal.com/american-football/usa/nfl-2015-2016/dallas-cowboys-seattle-seahawks-WpMyJCta/
01 Nov 2015,Regular,0,Las Vegas Raiders,New York Jets,34,20,143,-177,https://www.oddsportal.com/american-football/usa/nfl-2015-2016/las-vegas-raiders-new-york-jets-E9RWJhRh/
01 Nov 2015,Regular,0,Atlanta Falcons,Tampa Bay Buccaneers,20,23,-418,309,https://www.oddsportal.com/american-football/usa/nfl-2015-2016/atlanta-falcons-tampa-bay-buccaneers-02VeIujl/
01 Nov 2015,Regular,0,Baltimore Ravens,Los Angeles Chargers,29,26,-219,175,https://www.oddsportal.com/american-football/usa/nfl-2015-2016/baltimore-ravens-los-angeles-chargers-rRK0Ha5f/
01 Nov 2015,Regular,0,Chicago Bears,Minnesota Vikings,20,23,104,-128,https://www.oddsportal.com/american-football/usa/nfl-2015-2016/chicago-bears-minnesota-vikings-MHJ4GJK0/
01 Nov 2015,Regular,0,Cleveland Browns,Arizona Cardinals,20,34,247,-322,https://www.oddsportal.com/american-football/usa/nfl-2015-2016/cleveland-browns-arizona-cardinals-jiO8Fwz7/
01 Nov 2015,Regular,0,Houston Texans,Tennessee Titans,20,6,-192,153,https://www.oddsportal.com/american-football/usa/nfl-2015-2016/houston-texans-tennessee-titans-UsNCEckD/
01 Nov 2015,Regular,0,Los Angeles Rams,San Francisco 49ers,27,6,-400,298,https://www.oddsportal.com/american-football/usa/nfl-2015-2016/los-angeles-rams-san-francisco-49ers-zJSSKYBn/
01 Nov 2015,Regular,0,New Orleans Saints,New York Giants,52,49,-171,138,https://www.oddsportal.com/american-football/usa/nfl-2015-2016/new-orleans-saints-new-york-giants-Wn1ewsSD/
01 Nov 2015,Regular,0,Pittsburgh Steelers,Cincinnati Bengals,10,16,-115,-106,https://www.oddsportal.com/american-football/usa/nfl-2015-2016/pittsburgh-steelers-cincinnati-bengals-tdTOLEdt/
01 Nov 2015,Regular,0,Kansas City Chiefs,Detroit Lions,45,10,-172,140,https://www.oddsportal.com/american-football/usa/nfl-2015-2016/kansas-city-chiefs-detroit-lions-naRiJLzr/
29 Oct 2015,Regular,0,New England Patriots,Miami Dolphins,36,7,-262,203,https://www.oddsportal.com/american-football/usa/nfl-2015-2016/new-england-patriots-miami-dolphins-UJvQN1SQ/
26 Oct 2015,Regular,0,Arizona Cardinals,Baltimore Ravens,26,18,-541,381,https://www.oddsportal.com/american-football/usa/nfl-2015-2016/arizona-cardinals-baltimore-ravens-jTuMOsDK/
25 Oct 2015,Regular,0,Carolina Panthers,Philadelphia Eagles,27,16,-144,116,https://www.oddsportal.com/american-football/usa/nfl-2015-2016/carolina-panthers-philadelphia-eagles-AHOOPNcE/
25 Oct 2015,Regular,0,New York Giants,Dallas Cowboys,27,20,-168,136,https://www.oddsportal.com/american-football/usa/nfl-2015-2016/new-york-giants-dallas-cowboys-WQPKQ3r8/
25 Oct 2015,Regular,0,Los Angeles Chargers,Las Vegas Raiders,29,37,-183,148,https://www.oddsportal.com/american-football/usa/nfl-2015-2016/los-angeles-chargers-las-vegas-raiders-INyw2K57/
25 Oct 2015,Regular,0,Detroit Lions,Minnesota Vikings,19,28,-116,-105,https://www.oddsportal.com/american-football/usa/nfl-2015-2016/detroit-lions-minnesota-vikings-xjorDpE8/
25 Oct 2015,Regular,0,Indianapolis Colts,New Orleans Saints,21,27,-235,186,https://www.oddsportal.com/american-football/usa/nfl-2015-2016/indianapolis-colts-new-orleans-saints-WCpnC4TE/
25 Oct 2015,Regular,0,Kansas City Chiefs,Pittsburgh Steelers,23,13,-182,146,https://www.oddsportal.com/american-football/usa/nfl-2015-2016/kansas-city-chiefs-pittsburgh-steelers-Uc3kBOrL/
25 Oct 2015,Regular,0,Los Angeles Rams,Cleveland Browns,24,6,-251,197,https://www.oddsportal.com/american-football/usa/nfl-2015-2016/los-angeles-rams-cleveland-browns-r5qQ4MLl/
25 Oct 2015,Regular,0,Miami Dolphins,Houston Texans,44,26,-225,179,https://www.oddsportal.com/american-football/usa/nfl-2015-2016/miami-dolphins-houston-texans-CMhfArbR/
25 Oct 2015,Regular,0,New England Patriots,New York Jets,30,23,-339,259,https://www.oddsportal.com/american-football/usa/nfl-2015-2016/new-england-patriots-new-york-jets-EVvM526r/
25 Oct 2015,Regular,0,Tennessee Titans,Atlanta Falcons,7,10,190,-241,https://www.oddsportal.com/american-football/usa/nfl-2015-2016/tennessee-titans-atlanta-falcons-MerU3tye/
25 Oct 2015,Regular,0,Washington Commanders,Tampa Bay Buccaneers,31,30,-160,130,https://www.oddsportal.com/american-football/usa/nfl-2015-2016/washington-commanders-tampa-bay-buccaneers-4KXY20j1/
25 Oct 2015,Regular,0,Jacksonville Jaguars,Buffalo Bills,34,31,149,-185,https://www.oddsportal.com/american-football/usa/nfl-2015-2016/jacksonville-jaguars-buffalo-bills-banvEQb2/
22 Oct 2015,Regular,0,San Francisco 49ers,Seattle Seahawks,3,20,222,-290,https://www.oddsportal.com/american-football/usa/nfl-2015-2016/san-francisco-49ers-seattle-seahawks-QB5oD2b2/
19 Oct 2015,Regular,0,Philadelphia Eagles,New York Giants,27,7,-202,160,https://www.oddsportal.com/american-football/usa/nfl-2015-2016/philadelphia-eagles-new-york-giants-nL6sErqd/
18 Oct 2015,Regular,0,Indianapolis Colts,New England Patriots,27,34,321,-435,https://www.oddsportal.com/american-football/usa/nfl-2015-2016/indianapolis-colts-new-england-patriots-hb7wFOTk/
18 Oct 2015,Regular,0,Green Bay Packers,Los Angeles Chargers,27,20,-541,384,https://www.oddsportal.com/american-football/usa/nfl-2015-2016/green-bay-packers-los-angeles-chargers-YDQ6Kp6S/
18 Oct 2015,Regular,0,San Francisco 49ers,Baltimore Ravens,25,20,121,-151,https://www.oddsportal.com/american-football/usa/nfl-2015-2016/san-francisco-49ers-baltimore-ravens-ve3ZF4Eq/
18 Oct 2015,Regular,0,Seattle Seahawks,Carolina Panthers,23,27,-328,251,https://www.oddsportal.com/american-football/usa/nfl-2015-2016/seattle-seahawks-carolina-panthers-fNR2LQjM/
18 Oct 2015,Regular,0,Buffalo Bills,Cincinnati Bengals,21,34,134,-165,https://www.oddsportal.com/american-football/usa/nfl-2015-2016/buffalo-bills-cincinnati-bengals-006T6RyT/
18 Oct 2015,Regular,0,Cleveland Browns,Denver Broncos,23,26,140,-172,https://www.oddsportal.com/american-football/usa/nfl-2015-2016/cleveland-browns-denver-broncos-29he2opp/
18 Oct 2015,Regular,0,Detroit Lions,Chicago Bears,37,34,-204,165,https://www.oddsportal.com/american-football/usa/nfl-2015-2016/detroit-lions-chicago-bears-Kpm015aj/
18 Oct 2015,Regular,0,Jacksonville Jaguars,Houston Texans,20,31,-155,125,https://www.oddsportal.com/american-football/usa/nfl-2015-2016/jacksonville-jaguars-houston-texans-byn40PEd/
18 Oct 2015,Regular,0,Minnesota Vikings,Kansas City Chiefs,16,10,-187,150,https://www.oddsportal.com/american-football/usa/nfl-2015-2016/minnesota-vikings-kansas-city-chiefs-CvznP8ic/
18 Oct 2015,Regular,0,New York Jets,Washington Commanders,34,20,-385,292,https://www.oddsportal.com/american-football/usa/nfl-2015-2016/new-york-jets-washington-commanders-QsvjOS63/
18 Oct 2015,Regular,0,Pittsburgh Steelers,Arizona Cardinals,25,13,194,-244,https://www.oddsportal.com/american-football/usa/nfl-2015-2016/pittsburgh-steelers-arizona-cardinals-86TfNnM9/
18 Oct 2015,Regular,0,Tennessee Titans,Miami Dolphins,10,38,-139,113,https://www.oddsportal.com/american-football/usa/nfl-2015-2016/tennessee-titans-miami-dolphins-ncSbM6yG/
15 Oct 2015,Regular,0,New Orleans Saints,Atlanta Falcons,31,21,130,-160,https://www.oddsportal.com/american-football/usa/nfl-2015-2016/new-orleans-saints-atlanta-falcons-6w7P77MM/
12 Oct 2015,Regular,0,Los Angeles Chargers,Pittsburgh Steelers,20,24,-212,173,https://www.oddsportal.com/american-football/usa/nfl-2015-2016/los-angeles-chargers-pittsburgh-steelers-f33L8m7G/
11 Oct 2015,Regular,0,New York Giants,San Francisco 49ers,30,27,-378,287,https://www.oddsportal.com/american-football/usa/nfl-2015-2016/new-york-giants-san-francisco-49ers-CvEG9TiA/
11 Oct 2015,Regular,0,Dallas Cowboys,New England Patriots,6,30,318,-435,https://www.oddsportal.com/american-football/usa/nfl-2015-2016/dallas-cowboys-new-england-patriots-4EA8BkNc/
11 Oct 2015,Regular,0,Las Vegas Raiders,Denver Broncos,10,16,190,-241,https://www.oddsportal.com/american-football/usa/nfl-2015-2016/las-vegas-raiders-denver-broncos-YmFCA9x4/
11 Oct 2015,Regular,0,Detroit Lions,Arizona Cardinals,17,42,173,-220,https://www.oddsportal.com/american-football/usa/nfl-2015-2016/detroit-lions-arizona-cardinals-QNB4CV7i/
11 Oct 2015,Regular,0,Atlanta Falcons,Washington Commanders,25,19,-328,252,https://www.oddsportal.com/american-football/usa/nfl-2015-2016/atlanta-falcons-washington-commanders-QkYyBIWn/
11 Oct 2015,Regular,0,Baltimore Ravens,Cleveland Browns,30,33,-270,211,https://www.oddsportal.com/american-football/usa/nfl-2015-2016/baltimore-ravens-cleveland-browns-vgxtAxng/
11 Oct 2015,Regular,0,Cincinnati Bengals,Seattle Seahawks,27,24,-170,137,https://www.oddsportal.com/american-football/usa/nfl-2015-2016/cincinnati-bengals-seattle-seahawks-YFyp9d1a/
11 Oct 2015,Regular,0,Green Bay Packers,Los Angeles Rams,24,10,-455,333,https://www.oddsportal.com/american-football/usa/nfl-2015-2016/green-bay-packers-los-angeles-rams-C6zl8GG5/
11 Oct 2015,Regular,0,Kansas City Chiefs,Chicago Bears,17,18,-465,337,https://www.oddsportal.com/american-football/usa/nfl-2015-2016/kansas-city-chiefs-chicago-bears-vT6p7zWB/
11 Oct 2015,Regular,0,Philadelphia Eagles,New Orleans Saints,39,17,-278,216,https://www.oddsportal.com/american-football/usa/nfl-2015-2016/philadelphia-eagles-new-orleans-saints-IJ5l6foI/
11 Oct 2015,Regular,0,Tampa Bay Buccaneers,Jacksonville Jaguars,38,31,-120,-102,https://www.oddsportal.com/american-football/usa/nfl-2015-2016/tampa-bay-buccaneers-jacksonville-jaguars-AFTHlSFp/
11 Oct 2015,Regular,0,Tennessee Titans,Buffalo Bills,13,14,-109,-113,https://www.oddsportal.com/american-football/usa/nfl-2015-2016/tennessee-titans-buffalo-bills-OIXLmnVj/
08 Oct 2015,Regular,0,Houston Texans,Indianapolis Colts,20,27,-235,186,https://www.oddsportal.com/american-football/usa/nfl-2015-2016/houston-texans-indianapolis-colts-rRrXBbHt/
05 Oct 2015,Regular,0,Seattle Seahawks,Detroit Lions,13,10,-541,383,https://www.oddsportal.com/american-football/usa/nfl-2015-2016/seattle-seahawks-detroit-lions-tId5Gv9P/
04 Oct 2015,Regular,0,New Orleans Saints,Dallas Cowboys,26,20,-155,125,https://www.oddsportal.com/american-football/usa/nfl-2015-2016/new-orleans-saints-dallas-cowboys-h23NieWO/
04 Oct 2015,Regular,0,Arizona Cardinals,Los Angeles Rams,22,24,-317,244,https://www.oddsportal.com/american-football/usa/nfl-2015-2016/arizona-cardinals-los-angeles-rams-KCBAfcn6/
04 Oct 2015,Regular,0,Denver Broncos,Minnesota Vikings,23,20,-299,228,https://www.oddsportal.com/american-football/usa/nfl-2015-2016/denver-broncos-minnesota-vikings-WnFEgH1C/
04 Oct 2015,Regular,0,San Francisco 49ers,Green Bay Packers,3,17,276,-364,https://www.oddsportal.com/american-football/usa/nfl-2015-2016/san-francisco-49ers-green-bay-packers-EB4JhyHI/
04 Oct 2015,Regular,0,Los Angeles Chargers,Cleveland Browns,30,27,-235,185,https://www.oddsportal.com/american-football/usa/nfl-2015-2016/los-angeles-chargers-cleveland-browns-QkC6ewXa/
04 Oct 2015,Regular,0,Atlanta Falcons,Houston Texans,48,21,-230,181,https://www.oddsportal.com/american-football/usa/nfl-2015-2016/atlanta-falcons-houston-texans-vgjytbXC/
04 Oct 2015,Regular,0,Buffalo Bills,New York Giants,10,24,-264,206,https://www.oddsportal.com/american-football/usa/nfl-2015-2016/buffalo-bills-new-york-giants-IqkuuInJ/
04 Oct 2015,Regular,0,Chicago Bears,Las Vegas Raiders,22,20,141,-174,https://www.oddsportal.com/american-football/usa/nfl-2015-2016/chicago-bears-las-vegas-raiders-KlTN31PJ/
04 Oct 2015,Regular,0,Cincinnati Bengals,Kansas City Chiefs,36,21,-182,146,https://www.oddsportal.com/american-football/usa/nfl-2015-2016/cincinnati-bengals-kansas-city-chiefs-YiXR2LvQ/
04 Oct 2015,Regular,0,Indianapolis Colts,Jacksonville Jaguars,16,13,-192,154,https://www.oddsportal.com/american-football/usa/nfl-2015-2016/indianapolis-colts-jacksonville-jaguars-jXJgbums/
04 Oct 2015,Regular,0,Tampa Bay Buccaneers,Carolina Panthers,23,37,130,-160,https://www.oddsportal.com/american-football/usa/nfl-2015-2016/tampa-bay-buccaneers-carolina-panthers-UNIcca2m/
04 Oct 2015,Regular,0,Washington Commanders,Philadelphia Eagles,23,20,123,-152,https://www.oddsportal.com/american-football/usa/nfl-2015-2016/washington-commanders-philadelphia-eagles-naD2dJHg/
04 Oct 2015,Regular,0,Miami Dolphins,New York Jets,14,27,114,-142,https://www.oddsportal.com/american-football/usa/nfl-2015-2016/miami-dolphins-new-york-jets-WSjXtvI6/
01 Oct 2015,Regular,0,Pittsburgh Steelers,Baltimore Ravens,20,23,124,-153,https://www.oddsportal.com/american-football/usa/nfl-2015-2016/pittsburgh-steelers-baltimore-ravens-hxhTsK20/
28 Sep 2015,Regular,0,Green Bay Packers,Kansas City Chiefs,38,28,-253,199,https://www.oddsportal.com/american-football/usa/nfl-2015-2016/green-bay-packers-kansas-city-chiefs-AD2Or0mf/
27 Sep 2015,Regular,0,Detroit Lions,Denver Broncos,12,24,121,-149,https://www.oddsportal.com/american-football/usa/nfl-2015-2016/detroit-lions-denver-broncos-dAbKqtYm/
27 Sep 2015,Regular,0,Miami Dolphins,Buffalo Bills,14,41,-125,101,https://www.oddsportal.com/american-football/usa/nfl-2015-2016/miami-dolphins-buffalo-bills-0vDlk2AQ/
27 Sep 2015,Regular,0,Seattle Seahawks,Chicago Bears,26,0,-1819,847,https://www.oddsportal.com/american-football/usa/nfl-2015-2016/seattle-seahawks-chicago-bears-2maGpMIs/
27 Sep 2015,Regular,0,Arizona Cardinals,San Francisco 49ers,47,7,-308,239,https://www.oddsportal.com/american-football/usa/nfl-2015-2016/arizona-cardinals-san-francisco-49ers-r3IqjreK/
27 Sep 2015,Regular,0,Baltimore Ravens,Cincinnati Bengals,24,28,-127,103,https://www.oddsportal.com/american-football/usa/nfl-2015-2016/baltimore-ravens-cincinnati-bengals-Ayu3w5BE/
27 Sep 2015,Regular,0,Carolina Panthers,New Orleans Saints,27,22,-478,347,https://www.oddsportal.com/american-football/usa/nfl-2015-2016/carolina-panthers-new-orleans-saints-4bv7xPQK/
27 Sep 2015,Regular,0,Cleveland Browns,Las Vegas Raiders,20,27,-187,150,https://www.oddsportal.com/american-football/usa/nfl-2015-2016/cleveland-browns-las-vegas-raiders-I1rByqtR/
27 Sep 2015,Regular,0,Dallas Cowboys,Atlanta Falcons,28,39,-113,-108,https://www.oddsportal.com/american-football/usa/nfl-2015-2016/dallas-cowboys-atlanta-falcons-OrLwX2lr/
27 Sep 2015,Regular,0,Houston Texans,Tampa Bay Buccaneers,19,9,-253,198,https://www.oddsportal.com/american-football/usa/nfl-2015-2016/houston-texans-tampa-bay-buccaneers-2ZJsWM3l/
27 Sep 2015,Regular,0,Los Angeles Rams,Pittsburgh Steelers,6,12,-120,-102,https://www.oddsportal.com/american-football/usa/nfl-2015-2016/los-angeles-rams-pittsburgh-steelers-j9VcSv3D/
27 Sep 2015,Regular,0,Minnesota Vikings,Los Angeles Chargers,31,14,-132,108,https://www.oddsportal.com/american-football/usa/nfl-2015-2016/minnesota-vikings-los-angeles-chargers-W8OoVtJf/
27 Sep 2015,Regular,0,New England Patriots,Jacksonville Jaguars,51,17,-1250,697,https://www.oddsportal.com/american-football/usa/nfl-2015-2016/new-england-patriots-jacksonville-jaguars-AaNkU0Y0/
27 Sep 2015,Regular,0,New York Jets,Philadelphia Eagles,17,24,-168,135,https://www.oddsportal.com/american-football/usa/nfl-2015-2016/new-york-jets-philadelphia-eagles-hOCfTKm7/
27 Sep 2015,Regular,0,Tennessee Titans,Indianapolis Colts,33,35,146,-182,https://www.oddsportal.com/american-football/usa/nfl-2015-2016/tennessee-titans-indianapolis-colts-4CJuiOuE/
24 Sep 2015,Regular,0,New York Giants,Washington Commanders,32,21,-169,136,https://www.oddsportal.com/american-football/usa/nfl-2015-2016/new-york-giants-washington-commanders-Wptavod8/
21 Sep 2015,Regular,0,Indianapolis Colts,New York Jets,7,20,-270,211,https://www.oddsportal.com/american-football/usa/nfl-2015-2016/indianapolis-colts-new-york-jets-WhzOF1J7/
20 Sep 2015,Regular,0,Green Bay Packers,Seattle Seahawks,27,17,-187,149,https://www.oddsportal.com/american-football/usa/nfl-2015-2016/green-bay-packers-seattle-seahawks-h2yKGs41/
20 Sep 2015,Regular,0,Philadelphia Eagles,Dallas Cowboys,10,20,-294,227,https://www.oddsportal.com/american-football/usa/nfl-2015-2016/philadelphia-eagles-dallas-cowboys-buxGHNle/
20 Sep 2015,Regular,0,Jacksonville Jaguars,Miami Dolphins,23,20,201,-256,https://www.oddsportal.com/american-football/usa/nfl-2015-2016/jacksonville-jaguars-miami-dolphins-2Dr7JqKr/
20 Sep 2015,Regular,0,Las Vegas Raiders,Baltimore Ravens,37,33,215,-274,https://www.oddsportal.com/american-football/usa/nfl-2015-2016/las-vegas-raiders-baltimore-ravens-pxYBI3Zl/
20 Sep 2015,Regular,0,Buffalo Bills,New England Patriots,32,40,-125,102,https://www.oddsportal.com/american-football/usa/nfl-2015-2016/buffalo-bills-new-england-patriots-INe0NhLG/
20 Sep 2015,Regular,0,Carolina Panthers,Houston Texans,24,17,-154,124,https://www.oddsportal.com/american-football/usa/nfl-2015-2016/carolina-panthers-houston-texans-Cpe4MCzN/
20 Sep 2015,Regular,0,Chicago Bears,Arizona Cardinals,23,48,107,-132,https://www.oddsportal.com/american-football/usa/nfl-2015-2016/chicago-bears-arizona-cardinals-jyf8LWkT/
20 Sep 2015,Regular,0,Cincinnati Bengals,Los Angeles Chargers,24,19,-184,147,https://www.oddsportal.com/american-football/usa/nfl-2015-2016/cincinnati-bengals-los-angeles-chargers-WUyyHjbp/
20 Sep 2015,Regular,0,Cleveland Browns,Tennessee Titans,28,14,-106,-115,https://www.oddsportal.com/american-football/usa/nfl-2015-2016/cleveland-browns-tennessee-titans-ALzuGADj/
20 Sep 2015,Regular,0,Minnesota Vikings,Detroit Lions,26,16,-146,118,https://www.oddsportal.com/american-football/usa/nfl-2015-2016/minnesota-vikings-detroit-lions-OOOMvfji/
20 Sep 2015,Regular,0,New Orleans Saints,Tampa Bay Buccaneers,19,26,-488,350,https://www.oddsportal.com/american-football/usa/nfl-2015-2016/new-orleans-saints-tampa-bay-buccaneers-zaSQwE5c/
20 Sep 2015,Regular,0,New York Giants,Atlanta Falcons,20,24,-129,105,https://www.oddsportal.com/american-football/usa/nfl-2015-2016/new-york-giants-atlanta-falcons-INHVxYK3/
20 Sep 2015,Regular,0,Pittsburgh Steelers,San Francisco 49ers,43,18,-250,196,https://www.oddsportal.com/american-football/usa/nfl-2015-2016/pittsburgh-steelers-san-francisco-49ers-dEGZyhzA/
20 Sep 2015,Regular,0,Washington Commanders,Los Angeles Rams,24,10,139,-172,https://www.oddsportal.com/american-football/usa/nfl-2015-2016/washington-commanders-los-angeles-rams-QmLwyCkG/
17 Sep 2015,Regular,0,Kansas City Chiefs,Denver Broncos,24,31,-169,137,https://www.oddsportal.com/american-football/usa/nfl-2015-2016/kansas-city-chiefs-denver-broncos-4KidOY5A/
14 Sep 2015,Regular,0,San Francisco 49ers,Minnesota Vikings,20,3,126,-155,https://www.oddsportal.com/american-football/usa/nfl-2015-2016/san-francisco-49ers-minnesota-vikings-Me2iPEj4/
14 Sep 2015,Regular,0,Atlanta Falcons,Philadelphia Eagles,26,24,142,-187,https://www.oddsportal.com/american-football/usa/nfl-2015-2016/atlanta-falcons-philadelphia-eagles-r53mQfyb/
13 Sep 2015,Regular,0,Dallas Cowboys,New York Giants,27,26,-322,247,https://www.oddsportal.com/american-football/usa/nfl-2015-2016/dallas-cowboys-new-york-giants-lUlpRzMi/
13 Sep 2015,Regular,0,Denver Broncos,Baltimore Ravens,19,13,-222,177,https://www.oddsportal.com/american-football/usa/nfl-2015-2016/denver-broncos-baltimore-ravens-WCKV7DLT/
13 Sep 2015,Regular,0,Las Vegas Raiders,Cincinnati Bengals,13,33,125,-155,https://www.oddsportal.com/american-football/usa/nfl-2015-2016/las-vegas-raiders-cincinnati-bengals-8YBc3XTp/
13 Sep 2015,Regular,0,Tampa Bay Buccaneers,Tennessee Titans,14,42,-157,127,https://www.oddsportal.com/american-football/usa/nfl-2015-2016/tampa-bay-buccaneers-tennessee-titans-AwjtSG6o/
13 Sep 2015,Regular,0,Arizona Cardinals,New Orleans Saints,31,19,-135,108,https://www.oddsportal.com/american-football/usa/nfl-2015-2016/arizona-cardinals-new-orleans-saints-baMN9ZjH/
13 Sep 2015,Regular,0,Los Angeles Chargers,Detroit Lions,33,28,-180,145,https://www.oddsportal.com/american-football/usa/nfl-2015-2016/los-angeles-chargers-detroit-lions-xjLR8g6N/
13 Sep 2015,Regular,0,Buffalo Bills,Indianapolis Colts,27,14,-108,-113,https://www.oddsportal.com/american-football/usa/nfl-2015-2016/buffalo-bills-indianapolis-colts-OnehffiU/
13 Sep 2015,Regular,0,Chicago Bears,Green Bay Packers,23,31,217,-278,https://www.oddsportal.com/american-football/usa/nfl-2015-2016/chicago-bears-green-bay-packers-zLybFwNu/
13 Sep 2015,Regular,0,Houston Texans,Kansas City Chiefs,20,27,-115,-106,https://www.oddsportal.com/american-football/usa/nfl-2015-2016/houston-texans-kansas-city-chiefs-EBz2Ecxn/
13 Sep 2015,Regular,0,Jacksonville Jaguars,Carolina Panthers,9,20,121,-149,https://www.oddsportal.com/american-football/usa/nfl-2015-2016/jacksonville-jaguars-carolina-panthers-dzQ6DHih/
13 Sep 2015,Regular,0,Los Angeles Rams,Seattle Seahawks,34,31,158,-196,https://www.oddsportal.com/american-football/usa/nfl-2015-2016/los-angeles-rams-seattle-seahawks-2XSEBeM4/
13 Sep 2015,Regular,0,New York Jets,Cleveland Browns,31,10,-192,154,https://www.oddsportal.com/american-football/usa/nfl-2015-2016/new-york-jets-cleveland-browns-8ATACy7b/
13 Sep 2015,Regular,0,Washington Commanders,Miami Dolphins,10,17,167,-208,https://www.oddsportal.com/american-football/usa/nfl-2015-2016/washington-commanders-miami-dolphins-tORIAFyB/
10 Sep 2015,Regular,0,New England Patriots,Pittsburgh Steelers,28,21,-385,289,https://www.oddsportal.com/american-football/usa/nfl-2015-2016/new-england-patriots-pittsburgh-steelers-pddlezxO/
03 Sep 2015,Pre-season,0,San Francisco 49ers,Los Angeles Chargers,14,12,,,https://www.oddsportal.com/american-football/usa/nfl-2015-2016/san-francisco-49ers-los-angeles-chargers-0ANe3CCm/
03 Sep 2015,Pre-season,0,Seattle Seahawks,Las Vegas Raiders,31,21,,,https://www.oddsportal.com/american-football/usa/nfl-2015-2016/seattle-seahawks-las-vegas-raiders-z5mz0bNh/
03 Sep 2015,Pre-season,0,Denver Broncos,Arizona Cardinals,20,22,,,https://www.oddsportal.com/american-football/usa/nfl-2015-2016/denver-broncos-arizona-cardinals-dElW0v8n/
03 Sep 2015,Pre-season,0,Chicago Bears,Cleveland Browns,24,0,,,https://www.oddsportal.com/american-football/usa/nfl-2015-2016/chicago-bears-cleveland-browns-r7YFblRI/
03 Sep 2015,Pre-season,0,Dallas Cowboys,Houston Texans,21,14,,,https://www.oddsportal.com/american-football/usa/nfl-2015-2016/dallas-cowboys-houston-texans-McXJc8tP/
03 Sep 2015,Pre-season,0,Los Angeles Rams,Kansas City Chiefs,17,24,,,https://www.oddsportal.com/american-football/usa/nfl-2015-2016/los-angeles-rams-kansas-city-chiefs-QVc060pP/
03 Sep 2015,Pre-season,0,Tennessee Titans,Minnesota Vikings,24,17,,,https://www.oddsportal.com/american-football/usa/nfl-2015-2016/tennessee-titans-minnesota-vikings-2ikS1Kht/
03 Sep 2015,Pre-season,0,Detroit Lions,Buffalo Bills,17,10,,,https://www.oddsportal.com/american-football/usa/nfl-2015-2016/detroit-lions-buffalo-bills-hIu31js0/
03 Sep 2015,Pre-season,0,New England Patriots,New York Giants,9,12,,,https://www.oddsportal.com/american-football/usa/nfl-2015-2016/new-england-patriots-new-york-giants-zsV70Ad6/
03 Sep 2015,Pre-season,0,Pittsburgh Steelers,Carolina Panthers,6,23,,,https://www.oddsportal.com/american-football/usa/nfl-2015-2016/pittsburgh-steelers-carolina-panthers-EXTBaUBC/
03 Sep 2015,Pre-season,0,Atlanta Falcons,Baltimore Ravens,20,19,,,https://www.oddsportal.com/american-football/usa/nfl-2015-2016/atlanta-falcons-baltimore-ravens-0CEXbcL1/
03 Sep 2015,Pre-season,0,Green Bay Packers,New Orleans Saints,38,10,,,https://www.oddsportal.com/american-football/usa/nfl-2015-2016/green-bay-packers-new-orleans-saints-EFIybHz8/
03 Sep 2015,Pre-season,0,Indianapolis Colts,Cincinnati Bengals,6,9,,,https://www.oddsportal.com/american-football/usa/nfl-2015-2016/indianapolis-colts-cincinnati-bengals-SI6JM0D8/
03 Sep 2015,Pre-season,0,Miami Dolphins,Tampa Bay Buccaneers,17,22,,,https://www.oddsportal.com/american-football/usa/nfl-2015-2016/miami-dolphins-tampa-bay-buccaneers-695NLKSE/
03 Sep 2015,Pre-season,0,New York Jets,Philadelphia Eagles,24,18,,,https://www.oddsportal.com/american-football/usa/nfl-2015-2016/new-york-jets-philadelphia-eagles-MJOi4hcs/
03 Sep 2015,Pre-season,0,Washington Commanders,Jacksonville Jaguars,16,17,,,https://www.oddsportal.com/american-football/usa/nfl-2015-2016/washington-commanders-jacksonville-jaguars-fXMa2WRg/
30 Aug 2015,Pre-season,0,Las Vegas Raiders,Arizona Cardinals,23,30,,,https://www.oddsportal.com/american-football/usa/nfl-2015-2016/las-vegas-raiders-arizona-cardinals-ImPSaw6e/
30 Aug 2015,Pre-season,0,New Orleans Saints,Houston Texans,13,27,,,https://www.oddsportal.com/american-football/usa/nfl-2015-2016/new-orleans-saints-houston-texans-vcQO0Jjk/
29 Aug 2015,Pre-season,0,Denver Broncos,San Francisco 49ers,19,12,,,https://www.oddsportal.com/american-football/usa/nfl-2015-2016/denver-broncos-san-francisco-49ers-WWQK1ayq/
29 Aug 2015,Pre-season,0,Green Bay Packers,Philadelphia Eagles,26,39,,,https://www.oddsportal.com/american-football/usa/nfl-2015-2016/green-bay-packers-philadelphia-eagles-Yeop81bF/
29 Aug 2015,Pre-season,0,Los Angeles Chargers,Seattle Seahawks,15,16,,,https://www.oddsportal.com/american-football/usa/nfl-2015-2016/los-angeles-chargers-seattle-seahawks-nakl7LDL/
29 Aug 2015,Pre-season,0,Los Angeles Rams,Indianapolis Colts,14,24,,,https://www.oddsportal.com/american-football/usa/nfl-2015-2016/los-angeles-rams-indianapolis-colts-UNvg6uTR/
29 Aug 2015,Pre-season,0,Baltimore Ravens,Washington Commanders,13,31,,,https://www.oddsportal.com/american-football/usa/nfl-2015-2016/baltimore-ravens-washington-commanders-0rmxANT2/
29 Aug 2015,Pre-season,0,Cincinnati Bengals,Chicago Bears,21,10,,,https://www.oddsportal.com/american-football/usa/nfl-2015-2016/cincinnati-bengals-chicago-bears-vZot9sq9/
29 Aug 2015,Pre-season,0,Dallas Cowboys,Minnesota Vikings,14,28,,,https://www.oddsportal.com/american-football/usa/nfl-2015-2016/dallas-cowboys-minnesota-vikings-vw2slt7q/
29 Aug 2015,Pre-season,0,Miami Dolphins,Atlanta Falcons,13,9,,,https://www.oddsportal.com/american-football/usa/nfl-2015-2016/miami-dolphins-atlanta-falcons-jD5om0Mk/
29 Aug 2015,Pre-season,0,New York Giants,New York Jets,18,28,,,https://www.oddsportal.com/american-football/usa/nfl-2015-2016/new-york-giants-new-york-jets-pz5knKyd/
29 Aug 2015,Pre-season,0,Tampa Bay Buccaneers,Cleveland Browns,7,31,,,https://www.oddsportal.com/american-football/usa/nfl-2015-2016/tampa-bay-buccaneers-cleveland-browns-OQ3govi2/
29 Aug 2015,Pre-season,0,Buffalo Bills,Pittsburgh Steelers,43,19,,,https://www.oddsportal.com/american-football/usa/nfl-2015-2016/buffalo-bills-pittsburgh-steelers-YePEhMbS/
28 Aug 2015,Pre-season,0,Jacksonville Jaguars,Detroit Lions,17,22,,,https://www.oddsportal.com/american-football/usa/nfl-2015-2016/jacksonville-jaguars-detroit-lions-QVL6frUF/
28 Aug 2015,Pre-season,0,Kansas City Chiefs,Tennessee Titans,34,10,,,https://www.oddsportal.com/american-football/usa/nfl-2015-2016/kansas-city-chiefs-tennessee-titans-f5QAg2qM/
28 Aug 2015,Pre-season,0,Carolina Panthers,New England Patriots,16,17,,,https://www.oddsportal.com/american-football/usa/nfl-2015-2016/carolina-panthers-new-england-patriots-nuN2eOE9/
24 Aug 2015,Pre-season,0,Tampa Bay Buccaneers,Cincinnati Bengals,25,11,,,https://www.oddsportal.com/american-football/usa/nfl-2015-2016/tampa-bay-buccaneers-cincinnati-bengals-4GXcd4a3/
23 Aug 2015,Pre-season,0,San Francisco 49ers,Dallas Cowboys,23,6,,,https://www.oddsportal.com/american-football/usa/nfl-2015-2016/san-francisco-49ers-dallas-cowboys-xAuCY07d/
23 Aug 2015,Pre-season,0,Tennessee Titans,Los Angeles Rams,27,14,,,https://www.oddsportal.com/american-football/usa/nfl-2015-2016/tennessee-titans-los-angeles-rams-jDTgcppc/
23 Aug 2015,Pre-season,0,Pittsburgh Steelers,Green Bay Packers,24,19,,,https://www.oddsportal.com/american-football/usa/nfl-2015-2016/pittsburgh-steelers-green-bay-packers-bJt8Zthj/
22 Aug 2015,Pre-season,0,Arizona Cardinals,Los Angeles Chargers,19,22,,,https://www.oddsportal.com/american-football/usa/nfl-2015-2016/arizona-cardinals-los-angeles-chargers-UmOqu3US/
22 Aug 2015,Pre-season,0,Houston Texans,Denver Broncos,10,14,,,https://www.oddsportal.com/american-football/usa/nfl-2015-2016/houston-texans-denver-broncos-zROutqFM/
22 Aug 2015,Pre-season,0,Minnesota Vikings,Las Vegas Raiders,20,12,,,https://www.oddsportal.com/american-football/usa/nfl-2015-2016/minnesota-vikings-las-vegas-raiders-WdABzNxp/
22 Aug 2015,Pre-season,0,Indianapolis Colts,Chicago Bears,11,23,,,https://www.oddsportal.com/american-football/usa/nfl-2015-2016/indianapolis-colts-chicago-bears-vaVWs5pA/
22 Aug 2015,Pre-season,0,New Orleans Saints,New England Patriots,24,26,,,https://www.oddsportal.com/american-football/usa/nfl-2015-2016/new-orleans-saints-new-england-patriots-WYROqRFc/
22 Aug 2015,Pre-season,0,New York Giants,Jacksonville Jaguars,22,12,,,https://www.oddsportal.com/american-football/usa/nfl-2015-2016/new-york-giants-jacksonville-jaguars-MNKysPaG/
22 Aug 2015,Pre-season,0,Carolina Panthers,Miami Dolphins,31,30,,,https://www.oddsportal.com/american-football/usa/nfl-2015-2016/carolina-panthers-miami-dolphins-hrTKp70i/
22 Aug 2015,Pre-season,0,Philadelphia Eagles,Baltimore Ravens,40,17,,,https://www.oddsportal.com/american-football/usa/nfl-2015-2016/philadelphia-eagles-baltimore-ravens-08WSroV3/
21 Aug 2015,Pre-season,0,Kansas City Chiefs,Seattle Seahawks,14,13,,,https://www.oddsportal.com/american-football/usa/nfl-2015-2016/kansas-city-chiefs-seattle-seahawks-jwkxMNNj/
21 Aug 2015,Pre-season,0,New York Jets,Atlanta Falcons,30,22,,,https://www.oddsportal.com/american-football/usa/nfl-2015-2016/new-york-jets-atlanta-falcons-v3oYM38p/
20 Aug 2015,Pre-season,0,Cleveland Browns,Buffalo Bills,10,11,,,https://www.oddsportal.com/american-football/usa/nfl-2015-2016/cleveland-browns-buffalo-bills-MNb6Rq0T/
20 Aug 2015,Pre-season,0,Washington Commanders,Detroit Lions,21,17,,,https://www.oddsportal.com/american-football/usa/nfl-2015-2016/washington-commanders-detroit-lions-rXa2SPpN/
16 Aug 2015,Pre-season,0,Philadelphia Eagles,Indianapolis Colts,36,10,,,https://www.oddsportal.com/american-football/usa/nfl-2015-2016/philadelphia-eagles-indianapolis-colts-Qe5cT5VG/
15 Aug 2015,Pre-season,0,Arizona Cardinals,Kansas City Chiefs,19,34,,,https://www.oddsportal.com/american-football/usa/nfl-2015-2016/arizona-cardinals-kansas-city-chiefs-n56gUoGA/
15 Aug 2015,Pre-season,0,Houston Texans,San Francisco 49ers,23,10,,,https://www.oddsportal.com/american-football/usa/nfl-2015-2016/houston-texans-san-francisco-49ers-vu3oW7ob/
15 Aug 2015,Pre-season,0,Minnesota Vikings,Tampa Bay Buccaneers,26,16,,,https://www.oddsportal.com/american-football/usa/nfl-2015-2016/minnesota-vikings-tampa-bay-buccaneers-hr7kVR04/
14 Aug 2015,Pre-season,0,Las Vegas Raiders,Los Angeles Rams,18,3,,,https://www.oddsportal.com/american-football/usa/nfl-2015-2016/las-vegas-raiders-los-angeles-rams-IPExYTGo/
14 Aug 2015,Pre-season,0,Seattle Seahawks,Denver Broncos,20,22,,,https://www.oddsportal.com/american-football/usa/nfl-2015-2016/seattle-seahawks-denver-broncos-dGDtXmWi/
14 Aug 2015,Pre-season,0,Cincinnati Bengals,New York Giants,23,10,,,https://www.oddsportal.com/american-football/usa/nfl-2015-2016/cincinnati-bengals-new-york-giants-Eg3RQC9I/
14 Aug 2015,Pre-season,0,Jacksonville Jaguars,Pittsburgh Steelers,23,21,,,https://www.oddsportal.com/american-football/usa/nfl-2015-2016/jacksonville-jaguars-pittsburgh-steelers-jJQf9pvo/
14 Aug 2015,Pre-season,0,Atlanta Falcons,Tennessee Titans,31,24,,,https://www.oddsportal.com/american-football/usa/nfl-2015-2016/atlanta-falcons-tennessee-titans-IR9ISYv6/
14 Aug 2015,Pre-season,0,Buffalo Bills,Carolina Panthers,24,25,,,https://www.oddsportal.com/american-football/usa/nfl-2015-2016/buffalo-bills-carolina-panthers-WUDMRhfC/
13 Aug 2015,Pre-season,0,Los Angeles Chargers,Dallas Cowboys,17,7,,,https://www.oddsportal.com/american-football/usa/nfl-2015-2016/los-angeles-chargers-dallas-cowboys-O4AETEPa/
13 Aug 2015,Pre-season,0,Chicago Bears,Miami Dolphins,27,10,,,https://www.oddsportal.com/american-football/usa/nfl-2015-2016/chicago-bears-miami-dolphins-SxH5Vzem/
13 Aug 2015,Pre-season,0,Cleveland Browns,Washington Commanders,17,20,,,https://www.oddsportal.com/american-football/usa/nfl-2015-2016/cleveland-browns-washington-commanders-pEBAUfAg/
13 Aug 2015,Pre-season,0,Baltimore Ravens,New Orleans Saints,30,27,,,https://www.oddsportal.com/american-football/usa/nfl-2015-2016/baltimore-ravens-new-orleans-saints-YLCWywIJ/
13 Aug 2015,Pre-season,0,Detroit Lions,New York Jets,23,3,,,https://www.oddsportal.com/american-football/usa/nfl-2015-2016/detroit-lions-new-york-jets-W6VZzcXP/
13 Aug 2015,Pre-season,0,New England Patriots,Green Bay Packers,11,22,,,https://www.oddsportal.com/american-football/usa/nfl-2015-2016/new-england-patriots-green-bay-packers-lnI1WGus/
09 Aug 2015,Pre-season,0,Minnesota Vikings,Pittsburgh Steelers,14,3,,,https://www.oddsportal.com/american-football/usa/nfl-2015-2016/minnesota-vikings-pittsburgh-steelers-WGYmDguJ/
01 Feb 2015,Play Offs,0,Seattle Seahawks,New England Patriots,24,28,,,https://www.oddsportal.com/american-football/usa/nfl-2014-2015/seattle-seahawks-new-england-patriots-ltPjjzyE/
25 Jan 2015,All Stars,0,Cris Carter Team,Michael Irvin Team,28,32,,,https://www.oddsportal.com/american-football/usa/nfl-2014-2015/cris-carter-team-michael-irvin-team-GnDwO9Lm/
18 Jan 2015,Play Offs,0,New England Patriots,Indianapolis Colts,45,7,,,https://www.oddsportal.com/american-football/usa/nfl-2014-2015/new-england-patriots-indianapolis-colts-j3SOSVy1/
18 Jan 2015,Play Offs,0,Seattle Seahawks,Green Bay Packers,28,22,,,https://www.oddsportal.com/american-football/usa/nfl-2014-2015/seattle-seahawks-green-bay-packers-CCTKTBMf/
11 Jan 2015,Play Offs,0,Denver Broncos,Indianapolis Colts,13,24,,,https://www.oddsportal.com/american-football/usa/nfl-2014-2015/denver-broncos-indianapolis-colts-ruW5C1B9/
11 Jan 2015,Play Offs,0,Green Bay Packers,Dallas Cowboys,26,21,,,https://www.oddsportal.com/american-football/usa/nfl-2014-2015/green-bay-packers-dallas-cowboys-v7PEAutM/
10 Jan 2015,Play Offs,0,Seattle Seahawks,Carolina Panthers,31,17,,,https://www.oddsportal.com/american-football/usa/nfl-2014-2015/seattle-seahawks-carolina-panthers-IcOI9aeS/
10 Jan 2015,Play Offs,0,New England Patriots,Baltimore Ravens,35,31,,,https://www.oddsportal.com/american-football/usa/nfl-2014-2015/new-england-patriots-baltimore-ravens-MVU9BLQF/
04 Jan 2015,Play Offs,0,Dallas Cowboys,Detroit Lions,24,20,,,https://www.oddsportal.com/american-football/usa/nfl-2014-2015/dallas-cowboys-detroit-lions-jZpsBkAA/
04 Jan 2015,Play Offs,0,Indianapolis Colts,Cincinnati Bengals,26,10,,,https://www.oddsportal.com/american-football/usa/nfl-2014-2015/indianapolis-colts-cincinnati-bengals-0phUDiQi/
03 Jan 2015,Play Offs,0,Pittsburgh Steelers,Baltimore Ravens,17,30,,,https://www.oddsportal.com/american-football/usa/nfl-2014-2015/pittsburgh-steelers-baltimore-ravens-UJdYCBub/
03 Jan 2015,Play Offs,0,Carolina Panthers,Arizona Cardinals,27,16,,,https://www.oddsportal.com/american-football/usa/nfl-2014-2015/carolina-panthers-arizona-cardinals-8AexCVf4/
28 Dec 2014,Regular,0,Pittsburgh Steelers,Cincinnati Bengals,27,17,-173,140,https://www.oddsportal.com/american-football/usa/nfl-2014-2015/pittsburgh-steelers-cincinnati-bengals-ppxwBgIk/
28 Dec 2014,Regular,0,Atlanta Falcons,Carolina Panthers,3,34,-147,119,https://www.oddsportal.com/american-football/usa/nfl-2014-2015/atlanta-falcons-carolina-panthers-nyymLwtc/
28 Dec 2014,Regular,0,Denver Broncos,Las Vegas Raiders,47,14,-1539,788,https://www.oddsportal.com/american-football/usa/nfl-2014-2015/denver-broncos-las-vegas-raiders-6aQo9Xn2/
28 Dec 2014,Regular,0,Green Bay Packers,Detroit Lions,30,20,-435,316,https://www.oddsportal.com/american-football/usa/nfl-2014-2015/green-bay-packers-detroit-lions-pWd4df3d/
28 Dec 2014,Regular,0,San Francisco 49ers,Arizona Cardinals,20,17,-278,217,https://www.oddsportal.com/american-football/usa/nfl-2014-2015/san-francisco-49ers-arizona-cardinals-Y5IXWzu9/
28 Dec 2014,Regular,0,Seattle Seahawks,Los Angeles Rams,20,6,-744,481,https://www.oddsportal.com/american-football/usa/nfl-2014-2015/seattle-seahawks-los-angeles-rams-fFJTXGP2/
28 Dec 2014,Regular,0,Baltimore Ravens,Cleveland Browns,20,10,-1179,673,https://www.oddsportal.com/american-football/usa/nfl-2014-2015/baltimore-ravens-cleveland-browns-jTX3HeuM/
28 Dec 2014,Regular,0,Houston Texans,Jacksonville Jaguars,23,17,-435,323,https://www.oddsportal.com/american-football/usa/nfl-2014-2015/houston-texans-jacksonville-jaguars-0vuiKce3/
28 Dec 2014,Regular,0,Kansas City Chiefs,Los Angeles Chargers,19,7,-147,120,https://www.oddsportal.com/american-football/usa/nfl-2014-2015/kansas-city-chiefs-los-angeles-chargers-MkyTFr4H/
28 Dec 2014,Regular,0,Miami Dolphins,New York Jets,24,37,-309,237,https://www.oddsportal.com/american-football/usa/nfl-2014-2015/miami-dolphins-new-york-jets-bFbdbGYq/
28 Dec 2014,Regular,0,Minnesota Vikings,Chicago Bears,13,9,-339,258,https://www.oddsportal.com/american-football/usa/nfl-2014-2015/minnesota-vikings-chicago-bears-f1veJHA9/
28 Dec 2014,Regular,0,New England Patriots,Buffalo Bills,9,17,-225,179,https://www.oddsportal.com/american-football/usa/nfl-2014-2015/new-england-patriots-buffalo-bills-YiwaIyQF/
28 Dec 2014,Regular,0,New York Giants,Philadelphia Eagles,26,34,-107,-113,https://www.oddsportal.com/american-football/usa/nfl-2014-2015/new-york-giants-philadelphia-eagles-S8RsADXe/
28 Dec 2014,Regular,0,Tampa Bay Buccaneers,New Orleans Saints,20,23,189,-241,https://www.oddsportal.com/american-football/usa/nfl-2014-2015/tampa-bay-buccaneers-new-orleans-saints-UJW7GFfS/
28 Dec 2014,Regular,0,Tennessee Titans,Indianapolis Colts,10,27,271,-358,https://www.oddsportal.com/american-football/usa/nfl-2014-2015/tennessee-titans-indianapolis-colts-6ub0czlj/
28 Dec 2014,Regular,0,Washington Commanders,Dallas Cowboys,17,44,198,-251,https://www.oddsportal.com/american-football/usa/nfl-2014-2015/washington-commanders-dallas-cowboys-naJZBZ2q/
22 Dec 2014,Regular,0,Cincinnati Bengals,Denver Broncos,37,28,161,-202,https://www.oddsportal.com/american-football/usa/nfl-2014-2015/cincinnati-bengals-denver-broncos-vRoOGOlB/
21 Dec 2014,Regular,0,Arizona Cardinals,Seattle Seahawks,6,35,342,-477,https://www.oddsportal.com/american-football/usa/nfl-2014-2015/arizona-cardinals-seattle-seahawks-QNsKH4Z4/
21 Dec 2014,Regular,0,Dallas Cowboys,Indianapolis Colts,42,7,-180,146,https://www.oddsportal.com/american-football/usa/nfl-2014-2015/dallas-cowboys-indianapolis-colts-W0rGIpKb/
21 Dec 2014,Regular,0,Las Vegas Raiders,Buffalo Bills,26,24,225,-294,https://www.oddsportal.com/american-football/usa/nfl-2014-2015/las-vegas-raiders-buffalo-bills-hAqCJQ4h/
21 Dec 2014,Regular,0,Los Angeles Rams,New York Giants,27,37,-290,224,https://www.oddsportal.com/american-football/usa/nfl-2014-2015/los-angeles-rams-new-york-giants-zZl7K6kn/
21 Dec 2014,Regular,0,Carolina Panthers,Cleveland Browns,17,13,-260,203,https://www.oddsportal.com/american-football/usa/nfl-2014-2015/carolina-panthers-cleveland-browns-8nBg1qkO/
21 Dec 2014,Regular,0,Chicago Bears,Detroit Lions,14,20,376,-527,https://www.oddsportal.com/american-football/usa/nfl-2014-2015/chicago-bears-detroit-lions-v7Jx5Rka/
21 Dec 2014,Regular,0,Houston Texans,Baltimore Ravens,25,13,231,-298,https://www.oddsportal.com/american-football/usa/nfl-2014-2015/houston-texans-baltimore-ravens-QNLl2PZH/
21 Dec 2014,Regular,0,Miami Dolphins,Minnesota Vikings,37,35,-230,181,https://www.oddsportal.com/american-football/usa/nfl-2014-2015/miami-dolphins-minnesota-vikings-IcIt4o55/
21 Dec 2014,Regular,0,New Orleans Saints,Atlanta Falcons,14,30,-270,211,https://www.oddsportal.com/american-football/usa/nfl-2014-2015/new-orleans-saints-atlanta-falcons-drUX57zg/
21 Dec 2014,Regular,0,New York Jets,New England Patriots,16,17,348,-477,https://www.oddsportal.com/american-football/usa/nfl-2014-2015/new-york-jets-new-england-patriots-nXMp35KB/
21 Dec 2014,Regular,0,Pittsburgh Steelers,Kansas City Chiefs,20,12,-146,119,https://www.oddsportal.com/american-football/usa/nfl-2014-2015/pittsburgh-steelers-kansas-city-chiefs-drj3Lnzt/
21 Dec 2014,Regular,0,Tampa Bay Buccaneers,Green Bay Packers,3,20,488,-742,https://www.oddsportal.com/american-football/usa/nfl-2014-2015/tampa-bay-buccaneers-green-bay-packers-KMEc034U/
20 Dec 2014,Regular,0,San Francisco 49ers,Los Angeles Chargers,35,38,-130,105,https://www.oddsportal.com/american-football/usa/nfl-2014-2015/san-francisco-49ers-los-angeles-chargers-lIQP7T5t/
20 Dec 2014,Regular,0,Washington Commanders,Philadelphia Eagles,27,24,244,-317,https://www.oddsportal.com/american-football/usa/nfl-2014-2015/washington-commanders-philadelphia-eagles-ruQT6mLn/
18 Dec 2014,Regular,0,Jacksonville Jaguars,Tennessee Titans,21,13,-224,178,https://www.oddsportal.com/american-football/usa/nfl-2014-2015/jacksonville-jaguars-tennessee-titans-n9vbC9cP/
15 Dec 2014,Regular,0,Chicago Bears,New Orleans Saints,15,31,145,-178,https://www.oddsportal.com/american-football/usa/nfl-2014-2015/chicago-bears-new-orleans-saints-06JNmQKO/
14 Dec 2014,Regular,0,Philadelphia Eagles,Dallas Cowboys,27,38,-182,146,https://www.oddsportal.com/american-football/usa/nfl-2014-2015/philadelphia-eagles-dallas-cowboys-MFKJl65I/
14 Dec 2014,Regular,0,Detroit Lions,Minnesota Vikings,16,14,-418,304,https://www.oddsportal.com/american-football/usa/nfl-2014-2015/detroit-lions-minnesota-vikings-EketymyJ/
14 Dec 2014,Regular,0,Seattle Seahawks,San Francisco 49ers,17,7,-500,357,https://www.oddsportal.com/american-football/usa/nfl-2014-2015/seattle-seahawks-san-francisco-49ers-ShLFknjC/
14 Dec 2014,Regular,0,Los Angeles Chargers,Denver Broncos,10,22,168,-211,https://www.oddsportal.com/american-football/usa/nfl-2014-2015/los-angeles-chargers-denver-broncos-EkHBjSz6/
14 Dec 2014,Regular,0,Tennessee Titans,New York Jets,11,16,149,-187,https://www.oddsportal.com/american-football/usa/nfl-2014-2015/tennessee-titans-new-york-jets-WQR6i8La/
14 Dec 2014,Regular,0,Atlanta Falcons,Pittsburgh Steelers,20,27,127,-156,https://www.oddsportal.com/american-football/usa/nfl-2014-2015/atlanta-falcons-pittsburgh-steelers-IN1Xx966/
14 Dec 2014,Regular,0,Baltimore Ravens,Jacksonville Jaguars,20,12,-1053,619,https://www.oddsportal.com/american-football/usa/nfl-2014-2015/baltimore-ravens-jacksonville-jaguars-pAPffAys/
14 Dec 2014,Regular,0,Buffalo Bills,Green Bay Packers,21,13,151,-187,https://www.oddsportal.com/american-football/usa/nfl-2014-2015/buffalo-bills-green-bay-packers-vX2Twki0/
14 Dec 2014,Regular,0,Carolina Panthers,Tampa Bay Buccaneers,19,17,-187,151,https://www.oddsportal.com/american-football/usa/nfl-2014-2015/carolina-panthers-tampa-bay-buccaneers-vTnSbjTP/
14 Dec 2014,Regular,0,Cleveland Browns,Cincinnati Bengals,0,30,-129,105,https://www.oddsportal.com/american-football/usa/nfl-2014-2015/cleveland-browns-cincinnati-bengals-pA3PvVyf/
14 Dec 2014,Regular,0,Indianapolis Colts,Houston Texans,17,10,-323,247,https://www.oddsportal.com/american-football/usa/nfl-2014-2015/indianapolis-colts-houston-texans-zadxxTLC/
14 Dec 2014,Regular,0,Kansas City Chiefs,Las Vegas Raiders,31,13,-625,431,https://www.oddsportal.com/american-football/usa/nfl-2014-2015/kansas-city-chiefs-las-vegas-raiders-ShqOaWDJ/
14 Dec 2014,Regular,0,New England Patriots,Miami Dolphins,41,13,-465,336,https://www.oddsportal.com/american-football/usa/nfl-2014-2015/new-england-patriots-miami-dolphins-O0ObgUjm/
14 Dec 2014,Regular,0,New York Giants,Washington Commanders,24,13,-303,236,https://www.oddsportal.com/american-football/usa/nfl-2014-2015/new-york-giants-washington-commanders-hzT2hl6g/
11 Dec 2014,Regular,0,Los Angeles Rams,Arizona Cardinals,6,12,-263,209,https://www.oddsportal.com/american-football/usa/nfl-2014-2015/los-angeles-rams-arizona-cardinals-W6aLuBMm/
08 Dec 2014,Regular,0,Green Bay Packers,Atlanta Falcons,43,37,-834,551,https://www.oddsportal.com/american-football/usa/nfl-2014-2015/green-bay-packers-atlanta-falcons-lrAGti7s/
07 Dec 2014,Regular,0,Los Angeles Chargers,New England Patriots,14,23,164,-206,https://www.oddsportal.com/american-football/usa/nfl-2014-2015/los-angeles-chargers-new-england-patriots-nZNloXbQ/
07 Dec 2014,Regular,0,Las Vegas Raiders,San Francisco 49ers,24,13,331,-445,https://www.oddsportal.com/american-football/usa/nfl-2014-2015/las-vegas-raiders-san-francisco-49ers-v9OpnDqK/
07 Dec 2014,Regular,0,Philadelphia Eagles,Seattle Seahawks,14,24,-109,-113,https://www.oddsportal.com/american-football/usa/nfl-2014-2015/philadelphia-eagles-seattle-seahawks-0IPtmgUD/
07 Dec 2014,Regular,0,Arizona Cardinals,Kansas City Chiefs,17,14,101,-124,https://www.oddsportal.com/american-football/usa/nfl-2014-2015/arizona-cardinals-kansas-city-chiefs-bDobO9iD/
07 Dec 2014,Regular,0,Denver Broncos,Buffalo Bills,24,17,-513,369,https://www.oddsportal.com/american-football/usa/nfl-2014-2015/denver-broncos-buffalo-bills-pAsfPkx7/
07 Dec 2014,Regular,0,Cincinnati Bengals,Pittsburgh Steelers,21,42,-163,132,https://www.oddsportal.com/american-football/usa/nfl-2014-2015/cincinnati-bengals-pittsburgh-steelers-rPJ1nMw3/
07 Dec 2014,Regular,0,Cleveland Browns,Indianapolis Colts,24,25,137,-170,https://www.oddsportal.com/american-football/usa/nfl-2014-2015/cleveland-browns-indianapolis-colts-4YKcm2Od/
07 Dec 2014,Regular,0,Detroit Lions,Tampa Bay Buccaneers,34,17,-572,404,https://www.oddsportal.com/american-football/usa/nfl-2014-2015/detroit-lions-tampa-bay-buccaneers-OYR9p08F/
07 Dec 2014,Regular,0,Jacksonville Jaguars,Houston Texans,13,27,221,-286,https://www.oddsportal.com/american-football/usa/nfl-2014-2015/jacksonville-jaguars-houston-texans-fLlsSihl/
07 Dec 2014,Regular,0,Miami Dolphins,Baltimore Ravens,13,28,-151,122,https://www.oddsportal.com/american-football/usa/nfl-2014-2015/miami-dolphins-baltimore-ravens-Qm96otg9/
07 Dec 2014,Regular,0,Minnesota Vikings,New York Jets,30,24,-232,184,https://www.oddsportal.com/american-football/usa/nfl-2014-2015/minnesota-vikings-new-york-jets-GUkwTXxr/
07 Dec 2014,Regular,0,New Orleans Saints,Carolina Panthers,10,41,-514,371,https://www.oddsportal.com/american-football/usa/nfl-2014-2015/new-orleans-saints-carolina-panthers-jmrjQVM0/
07 Dec 2014,Regular,0,Tennessee Titans,New York Giants,7,36,110,-135,https://www.oddsportal.com/american-football/usa/nfl-2014-2015/tennessee-titans-new-york-giants-GIRFOIod/
07 Dec 2014,Regular,0,Washington Commanders,Los Angeles Rams,0,24,124,-153,https://www.oddsportal.com/american-football/usa/nfl-2014-2015/washington-commanders-los-angeles-rams-CdqnRB7f/
04 Dec 2014,Regular,0,Chicago Bears,Dallas Cowboys,28,41,155,-194,https://www.oddsportal.com/american-football/usa/nfl-2014-2015/chicago-bears-dallas-cowboys-xSSBPbWk/
01 Dec 2014,Regular,0,New York Jets,Miami Dolphins,13,16,234,-307,https://www.oddsportal.com/american-football/usa/nfl-2014-2015/new-york-jets-miami-dolphins-f3w7QvHq/
30 Nov 2014,Regular,0,Kansas City Chiefs,Denver Broncos,16,29,-103,-120,https://www.oddsportal.com/american-football/usa/nfl-2014-2015/kansas-city-chiefs-denver-broncos-IsnuVK8S/
30 Nov 2014,Regular,0,Green Bay Packers,New England Patriots,26,21,-167,135,https://www.oddsportal.com/american-football/usa/nfl-2014-2015/green-bay-packers-new-england-patriots-OKnyW0gM/
30 Nov 2014,Regular,0,Atlanta Falcons,Arizona Cardinals,29,18,111,-137,https://www.oddsportal.com/american-football/usa/nfl-2014-2015/atlanta-falcons-arizona-cardinals-pUmXWtvG/
30 Nov 2014,Regular,0,Baltimore Ravens,Los Angeles Chargers,33,34,-282,219,https://www.oddsportal.com/american-football/usa/nfl-2014-2015/baltimore-ravens-los-angeles-chargers-W4YRZrfc/
30 Nov 2014,Regular,0,Buffalo Bills,Cleveland Browns,26,10,-169,137,https://www.oddsportal.com/american-football/usa/nfl-2014-2015/buffalo-bills-cleveland-browns-roDBXhDT/
30 Nov 2014,Regular,0,Houston Texans,Tennessee Titans,45,21,-323,247,https://www.oddsportal.com/american-football/usa/nfl-2014-2015/houston-texans-tennessee-titans-QRXVY293/
30 Nov 2014,Regular,0,Indianapolis Colts,Washington Commanders,49,27,-466,340,https://www.oddsportal.com/american-football/usa/nfl-2014-2015/indianapolis-colts-washington-commanders-zw5wTCLp/
30 Nov 2014,Regular,0,Jacksonville Jaguars,New York Giants,25,24,126,-156,https://www.oddsportal.com/american-football/usa/nfl-2014-2015/jacksonville-jaguars-new-york-giants-4IWZXMO9/
30 Nov 2014,Regular,0,Los Angeles Rams,Las Vegas Raiders,52,0,-282,220,https://www.oddsportal.com/american-football/usa/nfl-2014-2015/los-angeles-rams-las-vegas-raiders-4fE7YYcN/
30 Nov 2014,Regular,0,Minnesota Vikings,Carolina Panthers,31,13,-143,116,https://www.oddsportal.com/american-football/usa/nfl-2014-2015/minnesota-vikings-carolina-panthers-MVO2ZErH/
30 Nov 2014,Regular,0,Pittsburgh Steelers,New Orleans Saints,32,35,-206,166,https://www.oddsportal.com/american-football/usa/nfl-2014-2015/pittsburgh-steelers-new-orleans-saints-ET3sSWzi/
30 Nov 2014,Regular,0,Tampa Bay Buccaneers,Cincinnati Bengals,13,14,178,-224,https://www.oddsportal.com/american-football/usa/nfl-2014-2015/tampa-bay-buccaneers-cincinnati-bengals-I1UNzPvi/
27 Nov 2014,Regular,0,San Francisco 49ers,Seattle Seahawks,3,19,-119,-104,https://www.oddsportal.com/american-football/usa/nfl-2014-2015/san-francisco-49ers-seattle-seahawks-AeLbzeTA/
27 Nov 2014,Regular,0,Dallas Cowboys,Philadelphia Eagles,10,33,-174,141,https://www.oddsportal.com/american-football/usa/nfl-2014-2015/dallas-cowboys-philadelphia-eagles-GYLfyyE4/
27 Nov 2014,Regular,0,Detroit Lions,Chicago Bears,34,17,-351,265,https://www.oddsportal.com/american-football/usa/nfl-2014-2015/detroit-lions-chicago-bears-xrNjxHbb/
24 Nov 2014,Regular,0,New Orleans Saints,Baltimore Ravens,27,34,-145,112,https://www.oddsportal.com/american-football/usa/nfl-2014-2015/new-orleans-saints-baltimore-ravens-K6Sowcqh/
24 Nov 2014,Regular,0,Buffalo Bills,New York Jets,38,3,-175,142,https://www.oddsportal.com/american-football/usa/nfl-2014-2015/buffalo-bills-new-york-jets-6Lg5QJan/
23 Nov 2014,Regular,0,New York Giants,Dallas Cowboys,28,31,168,-217,https://www.oddsportal.com/american-football/usa/nfl-2014-2015/new-york-giants-dallas-cowboys-tGTsvwUo/
23 Nov 2014,Regular,0,Denver Broncos,Miami Dolphins,39,36,-303,224,https://www.oddsportal.com/american-football/usa/nfl-2014-2015/denver-broncos-miami-dolphins-SCu0Fgio/
23 Nov 2014,Regular,0,San Francisco 49ers,Washington Commanders,17,13,-500,345,https://www.oddsportal.com/american-football/usa/nfl-2014-2015/san-francisco-49ers-washington-commanders-jilYJZrU/
23 Nov 2014,Regular,0,Los Angeles Chargers,Los Angeles Rams,27,24,-227,174,https://www.oddsportal.com/american-football/usa/nfl-2014-2015/los-angeles-chargers-los-angeles-rams-Uy0PLeEH/
23 Nov 2014,Regular,0,Seattle Seahawks,Arizona Cardinals,19,3,-385,277,https://www.oddsportal.com/american-football/usa/nfl-2014-2015/seattle-seahawks-arizona-cardinals-8SbTKFTN/
23 Nov 2014,Regular,0,Chicago Bears,Tampa Bay Buccaneers,21,13,-233,185,https://www.oddsportal.com/american-football/usa/nfl-2014-2015/chicago-bears-tampa-bay-buccaneers-l4Pj7daO/
23 Nov 2014,Regular,0,Atlanta Falcons,Cleveland Browns,24,26,-161,130,https://www.oddsportal.com/american-football/usa/nfl-2014-2015/atlanta-falcons-cleveland-browns-SfOf6GEU/
23 Nov 2014,Regular,0,Houston Texans,Cincinnati Bengals,13,22,-139,113,https://www.oddsportal.com/american-football/usa/nfl-2014-2015/houston-texans-cincinnati-bengals-EocDOcUb/
23 Nov 2014,Regular,0,Indianapolis Colts,Jacksonville Jaguars,23,3,-1053,633,https://www.oddsportal.com/american-football/usa/nfl-2014-2015/indianapolis-colts-jacksonville-jaguars-SUf1Rapt/
23 Nov 2014,Regular,0,Minnesota Vikings,Green Bay Packers,21,24,319,-435,https://www.oddsportal.com/american-football/usa/nfl-2014-2015/minnesota-vikings-green-bay-packers-0rg9PwFh/
23 Nov 2014,Regular,0,New England Patriots,Detroit Lions,34,9,-345,263,https://www.oddsportal.com/american-football/usa/nfl-2014-2015/new-england-patriots-detroit-lions-z1oMMyaB/
23 Nov 2014,Regular,0,Philadelphia Eagles,Tennessee Titans,43,24,-714,477,https://www.oddsportal.com/american-football/usa/nfl-2014-2015/philadelphia-eagles-tennessee-titans-dAnINHq5/
20 Nov 2014,Regular,0,Las Vegas Raiders,Kansas City Chiefs,24,20,287,-378,https://www.oddsportal.com/american-football/usa/nfl-2014-2015/las-vegas-raiders-kansas-city-chiefs-fsQn8xpI/
17 Nov 2014,Regular,0,Tennessee Titans,Pittsburgh Steelers,24,27,217,-278,https://www.oddsportal.com/american-football/usa/nfl-2014-2015/tennessee-titans-pittsburgh-steelers-r7Mr9IUB/
16 Nov 2014,Regular,0,Indianapolis Colts,New England Patriots,20,42,-165,132,https://www.oddsportal.com/american-football/usa/nfl-2014-2015/indianapolis-colts-new-england-patriots-0rXwAbF5/
16 Nov 2014,Regular,0,Arizona Cardinals,Detroit Lions,14,6,-103,-120,https://www.oddsportal.com/american-football/usa/nfl-2014-2015/arizona-cardinals-detroit-lions-MiYZAv0a/
16 Nov 2014,Regular,0,Green Bay Packers,Philadelphia Eagles,53,20,-230,182,https://www.oddsportal.com/american-football/usa/nfl-2014-2015/green-bay-packers-philadelphia-eagles-046bBmfr/
16 Nov 2014,Regular,0,Los Angeles Chargers,Las Vegas Raiders,13,6,-625,430,https://www.oddsportal.com/american-football/usa/nfl-2014-2015/los-angeles-chargers-las-vegas-raiders-hITVBKpg/
16 Nov 2014,Regular,0,Carolina Panthers,Atlanta Falcons,17,19,108,-132,https://www.oddsportal.com/american-football/usa/nfl-2014-2015/carolina-panthers-atlanta-falcons-W2uNDtGt/
16 Nov 2014,Regular,0,Chicago Bears,Minnesota Vikings,21,13,-129,105,https://www.oddsportal.com/american-football/usa/nfl-2014-2015/chicago-bears-minnesota-vikings-8U969ROf/
16 Nov 2014,Regular,0,Cleveland Browns,Houston Texans,7,23,-217,173,https://www.oddsportal.com/american-football/usa/nfl-2014-2015/cleveland-browns-houston-texans-E7A2A79l/
16 Nov 2014,Regular,0,Kansas City Chiefs,Seattle Seahawks,24,20,-117,-104,https://www.oddsportal.com/american-football/usa/nfl-2014-2015/kansas-city-chiefs-seattle-seahawks-SWP775g7/
16 Nov 2014,Regular,0,Los Angeles Rams,Denver Broncos,22,7,339,-465,https://www.oddsportal.com/american-football/usa/nfl-2014-2015/los-angeles-rams-denver-broncos-nL8A8ov1/
16 Nov 2014,Regular,0,New Orleans Saints,Cincinnati Bengals,10,27,-385,292,https://www.oddsportal.com/american-football/usa/nfl-2014-2015/new-orleans-saints-cincinnati-bengals-6NOB6P8D/
16 Nov 2014,Regular,0,New York Giants,San Francisco 49ers,10,16,168,-210,https://www.oddsportal.com/american-football/usa/nfl-2014-2015/new-york-giants-san-francisco-49ers-ERURC0Vn/
16 Nov 2014,Regular,0,Washington Commanders,Tampa Bay Buccaneers,7,27,-328,249,https://www.oddsportal.com/american-football/usa/nfl-2014-2015/washington-commanders-tampa-bay-buccaneers-KQCgV8oE/
13 Nov 2014,Regular,0,Miami Dolphins,Buffalo Bills,22,9,-208,167,https://www.oddsportal.com/american-football/usa/nfl-2014-2015/miami-dolphins-buffalo-bills-fNTVFToR/
10 Nov 2014,Regular,0,Philadelphia Eagles,Carolina Panthers,45,21,-345,262,https://www.oddsportal.com/american-football/usa/nfl-2014-2015/philadelphia-eagles-carolina-panthers-GWURG9WK/
09 Nov 2014,Regular,0,Green Bay Packers,Chicago Bears,55,14,-465,334,https://www.oddsportal.com/american-football/usa/nfl-2014-2015/green-bay-packers-chicago-bears-ncQNHkHE/
09 Nov 2014,Regular,0,Arizona Cardinals,Los Angeles Rams,31,14,-339,258,https://www.oddsportal.com/american-football/usa/nfl-2014-2015/arizona-cardinals-los-angeles-rams-86RJIV18/
09 Nov 2014,Regular,0,Seattle Seahawks,New York Giants,38,17,-513,365,https://www.oddsportal.com/american-football/usa/nfl-2014-2015/seattle-seahawks-new-york-giants-61myfnP7/
09 Nov 2014,Regular,0,Las Vegas Raiders,Denver Broncos,17,41,505,-772,https://www.oddsportal.com/american-football/usa/nfl-2014-2015/las-vegas-raiders-denver-broncos-8GUXfS91/
09 Nov 2014,Regular,0,Baltimore Ravens,Tennessee Titans,21,7,-607,420,https://www.oddsportal.com/american-football/usa/nfl-2014-2015/baltimore-ravens-tennessee-titans-IRyLcUPr/
09 Nov 2014,Regular,0,Buffalo Bills,Kansas City Chiefs,13,17,-124,101,https://www.oddsportal.com/american-football/usa/nfl-2014-2015/buffalo-bills-kansas-city-chiefs-8hno4WnF/
09 Nov 2014,Regular,0,Detroit Lions,Miami Dolphins,20,16,-151,122,https://www.oddsportal.com/american-football/usa/nfl-2014-2015/detroit-lions-miami-dolphins-GIkg2AHR/
09 Nov 2014,Regular,0,Jacksonville Jaguars,Dallas Cowboys,17,31,265,-351,https://www.oddsportal.com/american-football/usa/nfl-2014-2015/jacksonville-jaguars-dallas-cowboys-z3WPdluk/
09 Nov 2014,Regular,0,New Orleans Saints,San Francisco 49ers,24,27,-263,205,https://www.oddsportal.com/american-football/usa/nfl-2014-2015/new-orleans-saints-san-francisco-49ers-QTdt5CX8/
09 Nov 2014,Regular,0,New York Jets,Pittsburgh Steelers,20,13,163,-204,https://www.oddsportal.com/american-football/usa/nfl-2014-2015/new-york-jets-pittsburgh-steelers-Mejk3j2L/
09 Nov 2014,Regular,0,Tampa Bay Buccaneers,Atlanta Falcons,17,27,144,-178,https://www.oddsportal.com/american-football/usa/nfl-2014-2015/tampa-bay-buccaneers-atlanta-falcons-EgVTe8fe/
06 Nov 2014,Regular,0,Cincinnati Bengals,Cleveland Browns,3,24,-286,221,https://www.oddsportal.com/american-football/usa/nfl-2014-2015/cincinnati-bengals-cleveland-browns-nwbx6hI2/
03 Nov 2014,Regular,0,New York Giants,Indianapolis Colts,24,40,135,-168,https://www.oddsportal.com/american-football/usa/nfl-2014-2015/new-york-giants-indianapolis-colts-KW9fs9u2/
02 Nov 2014,Regular,0,Pittsburgh Steelers,Baltimore Ravens,43,23,-134,104,https://www.oddsportal.com/american-football/usa/nfl-2014-2015/pittsburgh-steelers-baltimore-ravens-ttBjrkQe/
02 Nov 2014,Regular,0,New England Patriots,Denver Broncos,43,21,126,-156,https://www.oddsportal.com/american-football/usa/nfl-2014-2015/new-england-patriots-denver-broncos-bHLoqVAk/
02 Nov 2014,Regular,0,Seattle Seahawks,Las Vegas Raiders,30,24,-910,552,https://www.oddsportal.com/american-football/usa/nfl-2014-2015/seattle-seahawks-las-vegas-raiders-pEHspBeq/
02 Nov 2014,Regular,0,San Francisco 49ers,Los Angeles Rams,10,13,-625,427,https://www.oddsportal.com/american-football/usa/nfl-2014-2015/san-francisco-49ers-los-angeles-rams-SYUFlimS/
02 Nov 2014,Regular,0,Cincinnati Bengals,Jacksonville Jaguars,33,23,-527,370,https://www.oddsportal.com/american-football/usa/nfl-2014-2015/cincinnati-bengals-jacksonville-jaguars-pEeCUVed/
02 Nov 2014,Regular,0,Cleveland Browns,Tampa Bay Buccaneers,22,17,-323,247,https://www.oddsportal.com/american-football/usa/nfl-2014-2015/cleveland-browns-tampa-bay-buccaneers-bgwahZm3/
02 Nov 2014,Regular,0,Dallas Cowboys,Arizona Cardinals,17,28,-122,-100,https://www.oddsportal.com/american-football/usa/nfl-2014-2015/dallas-cowboys-arizona-cardinals-6Nd8VBtj/
02 Nov 2014,Regular,0,Houston Texans,Philadelphia Eagles,21,31,105,-130,https://www.oddsportal.com/american-football/usa/nfl-2014-2015/houston-texans-philadelphia-eagles-hGx3ig39/
02 Nov 2014,Regular,0,Kansas City Chiefs,New York Jets,24,10,-435,322,https://www.oddsportal.com/american-football/usa/nfl-2014-2015/kansas-city-chiefs-new-york-jets-nJZfgFYd/
02 Nov 2014,Regular,0,Miami Dolphins,Los Angeles Chargers,37,0,-148,120,https://www.oddsportal.com/american-football/usa/nfl-2014-2015/miami-dolphins-los-angeles-chargers-lrWBkXXL/
02 Nov 2014,Regular,0,Minnesota Vikings,Washington Commanders,29,26,-114,-108,https://www.oddsportal.com/american-football/usa/nfl-2014-2015/minnesota-vikings-washington-commanders-W6y7jDIF/
30 Oct 2014,Regular,0,Carolina Panthers,New Orleans Saints,10,28,145,-180,https://www.oddsportal.com/american-football/usa/nfl-2014-2015/carolina-panthers-new-orleans-saints-xlh4WiRq/
27 Oct 2014,Regular,0,Dallas Cowboys,Washington Commanders,17,20,-477,346,https://www.oddsportal.com/american-football/usa/nfl-2014-2015/dallas-cowboys-washington-commanders-zu6xyYIS/
26 Oct 2014,Regular,0,New Orleans Saints,Green Bay Packers,44,23,-129,105,https://www.oddsportal.com/american-football/usa/nfl-2014-2015/new-orleans-saints-green-bay-packers-hGGXyE3M/
26 Oct 2014,Regular,0,Pittsburgh Steelers,Indianapolis Colts,51,34,180,-230,https://www.oddsportal.com/american-football/usa/nfl-2014-2015/pittsburgh-steelers-indianapolis-colts-pjDPwzZ9/
26 Oct 2014,Regular,0,Cleveland Browns,Las Vegas Raiders,23,13,-298,231,https://www.oddsportal.com/american-football/usa/nfl-2014-2015/cleveland-browns-las-vegas-raiders-vDCTxflG/
26 Oct 2014,Regular,0,Arizona Cardinals,Philadelphia Eagles,24,20,-114,-108,https://www.oddsportal.com/american-football/usa/nfl-2014-2015/arizona-cardinals-philadelphia-eagles-6aELvGJ3/
26 Oct 2014,Regular,0,Carolina Panthers,Seattle Seahawks,9,13,207,-259,https://www.oddsportal.com/american-football/usa/nfl-2014-2015/carolina-panthers-seattle-seahawks-nqewIhCj/
26 Oct 2014,Regular,0,Cincinnati Bengals,Baltimore Ravens,27,24,121,-152,https://www.oddsportal.com/american-football/usa/nfl-2014-2015/cincinnati-bengals-baltimore-ravens-pIZdxNc5/
26 Oct 2014,Regular,0,Jacksonville Jaguars,Miami Dolphins,13,27,257,-333,https://www.oddsportal.com/american-football/usa/nfl-2014-2015/jacksonville-jaguars-miami-dolphins-YuiZIYdp/
26 Oct 2014,Regular,0,Kansas City Chiefs,Los Angeles Rams,34,7,-370,279,https://www.oddsportal.com/american-football/usa/nfl-2014-2015/kansas-city-chiefs-los-angeles-rams-hrw5z1SH/
26 Oct 2014,Regular,0,New England Patriots,Chicago Bears,51,23,-278,216,https://www.oddsportal.com/american-football/usa/nfl-2014-2015/new-england-patriots-chicago-bears-Eiv1ysDB/
26 Oct 2014,Regular,0,New York Jets,Buffalo Bills,23,43,-150,121,https://www.oddsportal.com/american-football/usa/nfl-2014-2015/new-york-jets-buffalo-bills-vwrPud4c/
26 Oct 2014,Regular,0,Tampa Bay Buccaneers,Minnesota Vikings,13,19,-127,103,https://www.oddsportal.com/american-football/usa/nfl-2014-2015/tampa-bay-buccaneers-minnesota-vikings-0nqLtxki/
26 Oct 2014,Regular,0,Tennessee Titans,Houston Texans,16,30,150,-187,https://www.oddsportal.com/american-football/usa/nfl-2014-2015/tennessee-titans-houston-texans-6Rzgw3ra/
26 Oct 2014,Regular,0,Atlanta Falcons,Detroit Lions,21,22,148,-185,https://www.oddsportal.com/american-football/usa/nfl-2014-2015/atlanta-falcons-detroit-lions-O2olvqTh/
23 Oct 2014,Regular,0,Denver Broncos,Los Angeles Chargers,35,21,-402,295,https://www.oddsportal.com/american-football/usa/nfl-2014-2015/denver-broncos-los-angeles-chargers-CSspuPDn/
20 Oct 2014,Regular,0,Pittsburgh Steelers,Houston Texans,30,23,-152,123,https://www.oddsportal.com/american-football/usa/nfl-2014-2015/pittsburgh-steelers-houston-texans-I5rtt5bt/
19 Oct 2014,Regular,0,Denver Broncos,San Francisco 49ers,42,17,-303,234,https://www.oddsportal.com/american-football/usa/nfl-2014-2015/denver-broncos-san-francisco-49ers-GddEpojP/
19 Oct 2014,Regular,0,Dallas Cowboys,New York Giants,31,21,-235,184,https://www.oddsportal.com/american-football/usa/nfl-2014-2015/dallas-cowboys-new-york-giants-vuDVL1DO/
19 Oct 2014,Regular,0,Las Vegas Raiders,Arizona Cardinals,13,24,148,-184,https://www.oddsportal.com/american-football/usa/nfl-2014-2015/las-vegas-raiders-arizona-cardinals-0lERMsbI/
19 Oct 2014,Regular,0,Los Angeles Chargers,Kansas City Chiefs,20,23,-168,135,https://www.oddsportal.com/american-football/usa/nfl-2014-2015/los-angeles-chargers-kansas-city-chiefs-6RENNNrC/
19 Oct 2014,Regular,0,Baltimore Ravens,Atlanta Falcons,29,7,-294,230,https://www.oddsportal.com/american-football/usa/nfl-2014-2015/baltimore-ravens-atlanta-falcons-OrN6R5qm/
19 Oct 2014,Regular,0,Buffalo Bills,Minnesota Vikings,17,16,-290,228,https://www.oddsportal.com/american-football/usa/nfl-2014-2015/buffalo-bills-minnesota-vikings-Q7sWX76J/
19 Oct 2014,Regular,0,Chicago Bears,Miami Dolphins,14,27,-173,139,https://www.oddsportal.com/american-football/usa/nfl-2014-2015/chicago-bears-miami-dolphins-C4gl9OTI/
19 Oct 2014,Regular,0,Detroit Lions,New Orleans Saints,24,23,-116,-106,https://www.oddsportal.com/american-football/usa/nfl-2014-2015/detroit-lions-new-orleans-saints-phO2SoUt/
19 Oct 2014,Regular,0,Green Bay Packers,Carolina Panthers,38,17,-298,232,https://www.oddsportal.com/american-football/usa/nfl-2014-2015/green-bay-packers-carolina-panthers-YDfpA4EC/
19 Oct 2014,Regular,0,Indianapolis Colts,Cincinnati Bengals,27,0,-184,147,https://www.oddsportal.com/american-football/usa/nfl-2014-2015/indianapolis-colts-cincinnati-bengals-vBozXRLP/
19 Oct 2014,Regular,0,Jacksonville Jaguars,Cleveland Browns,24,6,170,-215,https://www.oddsportal.com/american-football/usa/nfl-2014-2015/jacksonville-jaguars-cleveland-browns-W8MAQPbg/
19 Oct 2014,Regular,0,Los Angeles Rams,Seattle Seahawks,28,26,234,-303,https://www.oddsportal.com/american-football/usa/nfl-2014-2015/los-angeles-rams-seattle-seahawks-hOAJO3T5/
19 Oct 2014,Regular,0,Washington Commanders,Tennessee Titans,19,17,-274,214,https://www.oddsportal.com/american-football/usa/nfl-2014-2015/washington-commanders-tennessee-titans-AaLEPqEa/
16 Oct 2014,Regular,0,New England Patriots,New York Jets,27,25,-527,372,https://www.oddsportal.com/american-football/usa/nfl-2014-2015/new-england-patriots-new-york-jets-Gx0uBpa6/
13 Oct 2014,Regular,0,Los Angeles Rams,San Francisco 49ers,17,31,156,-194,https://www.oddsportal.com/american-football/usa/nfl-2014-2015/los-angeles-rams-san-francisco-49ers-xn1yCQq0/
12 Oct 2014,Regular,0,Philadelphia Eagles,New York Giants,27,0,-127,104,https://www.oddsportal.com/american-football/usa/nfl-2014-2015/philadelphia-eagles-new-york-giants-rP1XC6Ug/
12 Oct 2014,Regular,0,Arizona Cardinals,Washington Commanders,30,20,-241,190,https://www.oddsportal.com/american-football/usa/nfl-2014-2015/arizona-cardinals-washington-commanders-pvqUDnFm/
12 Oct 2014,Regular,0,Atlanta Falcons,Chicago Bears,13,27,-183,146,https://www.oddsportal.com/american-football/usa/nfl-2014-2015/atlanta-falcons-chicago-bears-MuKaGKJl/
12 Oct 2014,Regular,0,Seattle Seahawks,Dallas Cowboys,23,30,-478,348,https://www.oddsportal.com/american-football/usa/nfl-2014-2015/seattle-seahawks-dallas-cowboys-2FgPESas/
12 Oct 2014,Regular,0,Las Vegas Raiders,Los Angeles Chargers,28,31,282,-377,https://www.oddsportal.com/american-football/usa/nfl-2014-2015/las-vegas-raiders-los-angeles-chargers-067cJ8iQ/
12 Oct 2014,Regular,0,Buffalo Bills,New England Patriots,22,37,-120,-101,https://www.oddsportal.com/american-football/usa/nfl-2014-2015/buffalo-bills-new-england-patriots-rkLeH04r/
12 Oct 2014,Regular,0,Cincinnati Bengals,Carolina Panthers,37,37,-317,243,https://www.oddsportal.com/american-football/usa/nfl-2014-2015/cincinnati-bengals-carolina-panthers-trz1Ebl1/
12 Oct 2014,Regular,0,Cleveland Browns,Pittsburgh Steelers,31,10,-134,108,https://www.oddsportal.com/american-football/usa/nfl-2014-2015/cleveland-browns-pittsburgh-steelers-Q9YTLtdR/
12 Oct 2014,Regular,0,Miami Dolphins,Green Bay Packers,24,27,105,-129,https://www.oddsportal.com/american-football/usa/nfl-2014-2015/miami-dolphins-green-bay-packers-WW2gKlxK/
12 Oct 2014,Regular,0,Minnesota Vikings,Detroit Lions,3,17,-120,-101,https://www.oddsportal.com/american-football/usa/nfl-2014-2015/minnesota-vikings-detroit-lions-ht4kLUMD/
12 Oct 2014,Regular,0,New York Jets,Denver Broncos,17,31,343,-466,https://www.oddsportal.com/american-football/usa/nfl-2014-2015/new-york-jets-denver-broncos-l8w9CxJD/
12 Oct 2014,Regular,0,Tampa Bay Buccaneers,Baltimore Ravens,17,48,141,-173,https://www.oddsportal.com/american-football/usa/nfl-2014-2015/tampa-bay-buccaneers-baltimore-ravens-z5Z4DI37/
12 Oct 2014,Regular,0,Tennessee Titans,Jacksonville Jaguars,16,14,-219,174,https://www.oddsportal.com/american-football/usa/nfl-2014-2015/tennessee-titans-jacksonville-jaguars-2iycFvZf/
09 Oct 2014,Regular,0,Houston Texans,Indianapolis Colts,28,33,115,-141,https://www.oddsportal.com/american-football/usa/nfl-2014-2015/houston-texans-indianapolis-colts-C6UPMMtL/
06 Oct 2014,Regular,0,Washington Commanders,Seattle Seahawks,17,27,243,-317,https://www.oddsportal.com/american-football/usa/nfl-2014-2015/washington-commanders-seattle-seahawks-UsuLN2RE/
05 Oct 2014,Regular,0,New England Patriots,Cincinnati Bengals,43,17,116,-143,https://www.oddsportal.com/american-football/usa/nfl-2014-2015/new-england-patriots-cincinnati-bengals-jitHOrC8/
05 Oct 2014,Regular,0,Los Angeles Chargers,New York Jets,31,0,-317,237,https://www.oddsportal.com/american-football/usa/nfl-2014-2015/los-angeles-chargers-new-york-jets-2ymZaaZ7/
05 Oct 2014,Regular,0,San Francisco 49ers,Kansas City Chiefs,22,17,-222,177,https://www.oddsportal.com/american-football/usa/nfl-2014-2015/san-francisco-49ers-kansas-city-chiefs-OplV0uK1/
05 Oct 2014,Regular,0,Denver Broncos,Arizona Cardinals,41,20,-409,302,https://www.oddsportal.com/american-football/usa/nfl-2014-2015/denver-broncos-arizona-cardinals-tMbQ1L4e/
05 Oct 2014,Regular,0,Dallas Cowboys,Houston Texans,20,17,-238,187,https://www.oddsportal.com/american-football/usa/nfl-2014-2015/dallas-cowboys-houston-texans-f7yYOi6i/
05 Oct 2014,Regular,0,Detroit Lions,Buffalo Bills,14,17,-224,181,https://www.oddsportal.com/american-football/usa/nfl-2014-2015/detroit-lions-buffalo-bills-h2ck08Tj/
05 Oct 2014,Regular,0,Indianapolis Colts,Baltimore Ravens,20,13,-138,113,https://www.oddsportal.com/american-football/usa/nfl-2014-2015/indianapolis-colts-baltimore-ravens-EBbo1lEp/
05 Oct 2014,Regular,0,Carolina Panthers,Chicago Bears,31,24,-131,107,https://www.oddsportal.com/american-football/usa/nfl-2014-2015/carolina-panthers-chicago-bears-baYlL95G/
05 Oct 2014,Regular,0,Jacksonville Jaguars,Pittsburgh Steelers,9,17,202,-250,https://www.oddsportal.com/american-football/usa/nfl-2014-2015/jacksonville-jaguars-pittsburgh-steelers-tOwpMkjA/
05 Oct 2014,Regular,0,New Orleans Saints,Tampa Bay Buccaneers,37,31,-646,440,https://www.oddsportal.com/american-football/usa/nfl-2014-2015/new-orleans-saints-tampa-bay-buccaneers-8AuxOBLc/
05 Oct 2014,Regular,0,New York Giants,Atlanta Falcons,30,20,-215,167,https://www.oddsportal.com/american-football/usa/nfl-2014-2015/new-york-giants-atlanta-falcons-UoeM21kk/
05 Oct 2014,Regular,0,Philadelphia Eagles,Los Angeles Rams,34,28,-222,175,https://www.oddsportal.com/american-football/usa/nfl-2014-2015/philadelphia-eagles-los-angeles-rams-zPeI3szq/
05 Oct 2014,Regular,0,Tennessee Titans,Cleveland Browns,28,29,-104,-120,https://www.oddsportal.com/american-football/usa/nfl-2014-2015/tennessee-titans-cleveland-browns-2XvtNVz4/
02 Oct 2014,Regular,0,Green Bay Packers,Minnesota Vikings,42,10,-477,337,https://www.oddsportal.com/american-football/usa/nfl-2014-2015/green-bay-packers-minnesota-vikings-dIdK5U5T/
29 Sep 2014,Regular,0,Kansas City Chiefs,New England Patriots,41,14,120,-153,https://www.oddsportal.com/american-football/usa/nfl-2014-2015/kansas-city-chiefs-new-england-patriots-IRcG6AjN/
28 Sep 2014,Regular,0,Dallas Cowboys,New Orleans Saints,38,17,119,-153,https://www.oddsportal.com/american-football/usa/nfl-2014-2015/dallas-cowboys-new-orleans-saints-z38B7jyH/
28 Sep 2014,Regular,0,Minnesota Vikings,Atlanta Falcons,41,28,178,-223,https://www.oddsportal.com/american-football/usa/nfl-2014-2015/minnesota-vikings-atlanta-falcons-Ma478WLA/
28 Sep 2014,Regular,0,San Francisco 49ers,Philadelphia Eagles,26,21,-206,162,https://www.oddsportal.com/american-football/usa/nfl-2014-2015/san-francisco-49ers-philadelphia-eagles-Sx539C64/
28 Sep 2014,Regular,0,Los Angeles Chargers,Jacksonville Jaguars,33,14,-834,530,https://www.oddsportal.com/american-football/usa/nfl-2014-2015/los-angeles-chargers-jacksonville-jaguars-ln6aAhib/
28 Sep 2014,Regular,0,Baltimore Ravens,Carolina Panthers,38,10,-167,134,https://www.oddsportal.com/american-football/usa/nfl-2014-2015/baltimore-ravens-carolina-panthers-hKCjCEMo/
28 Sep 2014,Regular,0,Chicago Bears,Green Bay Packers,17,38,101,-122,https://www.oddsportal.com/american-football/usa/nfl-2014-2015/chicago-bears-green-bay-packers-r9qYgX6H/
28 Sep 2014,Regular,0,Houston Texans,Buffalo Bills,23,17,-138,111,https://www.oddsportal.com/american-football/usa/nfl-2014-2015/houston-texans-buffalo-bills-vHO8mVqo/
28 Sep 2014,Regular,0,Indianapolis Colts,Tennessee Titans,41,17,-358,276,https://www.oddsportal.com/american-football/usa/nfl-2014-2015/indianapolis-colts-tennessee-titans-4OXthByU/
28 Sep 2014,Regular,0,Las Vegas Raiders,Miami Dolphins,14,38,161,-196,https://www.oddsportal.com/american-football/usa/nfl-2014-2015/las-vegas-raiders-miami-dolphins-EZvUfDiB/
28 Sep 2014,Regular,0,New York Jets,Detroit Lions,17,24,-121,-100,https://www.oddsportal.com/american-football/usa/nfl-2014-2015/new-york-jets-detroit-lions-MarxgiMN/
28 Sep 2014,Regular,0,Pittsburgh Steelers,Tampa Bay Buccaneers,24,27,-351,274,https://www.oddsportal.com/american-football/usa/nfl-2014-2015/pittsburgh-steelers-tampa-bay-buccaneers-WABfBYyh/
25 Sep 2014,Regular,0,Washington Commanders,New York Giants,14,45,-183,145,https://www.oddsportal.com/american-football/usa/nfl-2014-2015/washington-commanders-new-york-giants-zqtQegx5/
22 Sep 2014,Regular,0,New York Jets,Chicago Bears,19,27,-128,105,https://www.oddsportal.com/american-football/usa/nfl-2014-2015/new-york-jets-chicago-bears-hKjLdZMb/
21 Sep 2014,Regular,0,Carolina Panthers,Pittsburgh Steelers,19,37,-191,151,https://www.oddsportal.com/american-football/usa/nfl-2014-2015/carolina-panthers-pittsburgh-steelers-vHnHcF7h/
21 Sep 2014,Regular,0,Miami Dolphins,Kansas City Chiefs,15,34,-244,192,https://www.oddsportal.com/american-football/usa/nfl-2014-2015/miami-dolphins-kansas-city-chiefs-63l9aywt/
21 Sep 2014,Regular,0,Seattle Seahawks,Denver Broncos,26,20,-230,177,https://www.oddsportal.com/american-football/usa/nfl-2014-2015/seattle-seahawks-denver-broncos-pfmDbehn/
21 Sep 2014,Regular,0,Arizona Cardinals,San Francisco 49ers,23,14,117,-150,https://www.oddsportal.com/american-football/usa/nfl-2014-2015/arizona-cardinals-san-francisco-49ers-rgeAvh7U/
21 Sep 2014,Regular,0,Buffalo Bills,Los Angeles Chargers,10,22,-131,107,https://www.oddsportal.com/american-football/usa/nfl-2014-2015/buffalo-bills-los-angeles-chargers-pYBxnI8t/
21 Sep 2014,Regular,0,Cincinnati Bengals,Tennessee Titans,33,7,-286,227,https://www.oddsportal.com/american-football/usa/nfl-2014-2015/cincinnati-bengals-tennessee-titans-OU5Bjb0P/
21 Sep 2014,Regular,0,Cleveland Browns,Baltimore Ravens,21,23,-100,-123,https://www.oddsportal.com/american-football/usa/nfl-2014-2015/cleveland-browns-baltimore-ravens-ARHTRENO/
21 Sep 2014,Regular,0,Detroit Lions,Green Bay Packers,19,7,-122,101,https://www.oddsportal.com/american-football/usa/nfl-2014-2015/detroit-lions-green-bay-packers-6m0opdwg/
21 Sep 2014,Regular,0,Jacksonville Jaguars,Indianapolis Colts,17,44,223,-278,https://www.oddsportal.com/american-football/usa/nfl-2014-2015/jacksonville-jaguars-indianapolis-colts-dxgbsfNB/
21 Sep 2014,Regular,0,Los Angeles Rams,Dallas Cowboys,31,34,102,-124,https://www.oddsportal.com/american-football/usa/nfl-2014-2015/los-angeles-rams-dallas-cowboys-Sd1soxOn/
21 Sep 2014,Regular,0,New England Patriots,Las Vegas Raiders,16,9,-1177,679,https://www.oddsportal.com/american-football/usa/nfl-2014-2015/new-england-patriots-las-vegas-raiders-zN4kqGha/
21 Sep 2014,Regular,0,New Orleans Saints,Minnesota Vikings,20,9,-541,387,https://www.oddsportal.com/american-football/usa/nfl-2014-2015/new-orleans-saints-minnesota-vikings-42d6uYiO/
21 Sep 2014,Regular,0,New York Giants,Houston Texans,30,17,-121,-102,https://www.oddsportal.com/american-football/usa/nfl-2014-2015/new-york-giants-houston-texans-Auc2tExI/
21 Sep 2014,Regular,0,Philadelphia Eagles,Washington Commanders,37,34,-219,172,https://www.oddsportal.com/american-football/usa/nfl-2014-2015/philadelphia-eagles-washington-commanders-ED3grz85/
18 Sep 2014,Regular,0,Atlanta Falcons,Tampa Bay Buccaneers,56,14,-286,228,https://www.oddsportal.com/american-football/usa/nfl-2014-2015/atlanta-falcons-tampa-bay-buccaneers-WzJPSf8I/
15 Sep 2014,Regular,0,Indianapolis Colts,Philadelphia Eagles,27,30,-153,123,https://www.oddsportal.com/american-football/usa/nfl-2014-2015/indianapolis-colts-philadelphia-eagles-EaOKTzgC/
14 Sep 2014,Regular,0,San Francisco 49ers,Chicago Bears,20,28,-317,240,https://www.oddsportal.com/american-football/usa/nfl-2014-2015/san-francisco-49ers-chicago-bears-z9PGUGw6/
14 Sep 2014,Regular,0,Denver Broncos,Kansas City Chiefs,24,17,-1055,620,https://www.oddsportal.com/american-football/usa/nfl-2014-2015/denver-broncos-kansas-city-chiefs-pKW3XIgm/
14 Sep 2014,Regular,0,Green Bay Packers,New York Jets,31,24,-333,255,https://www.oddsportal.com/american-football/usa/nfl-2014-2015/green-bay-packers-new-york-jets-SrM8Wx9g/
14 Sep 2014,Regular,0,Las Vegas Raiders,Houston Texans,14,30,139,-169,https://www.oddsportal.com/american-football/usa/nfl-2014-2015/las-vegas-raiders-houston-texans-tnQCVdOa/
14 Sep 2014,Regular,0,Los Angeles Chargers,Seattle Seahawks,30,21,179,-219,https://www.oddsportal.com/american-football/usa/nfl-2014-2015/los-angeles-chargers-seattle-seahawks-0U9WkR9E/
14 Sep 2014,Regular,0,Tampa Bay Buccaneers,Los Angeles Rams,17,19,-222,180,https://www.oddsportal.com/american-football/usa/nfl-2014-2015/tampa-bay-buccaneers-los-angeles-rams-6TXaYbvs/
14 Sep 2014,Regular,0,Buffalo Bills,Miami Dolphins,29,10,-121,-100,https://www.oddsportal.com/american-football/usa/nfl-2014-2015/buffalo-bills-miami-dolphins-EXm1znAR/
14 Sep 2014,Regular,0,Carolina Panthers,Detroit Lions,24,7,-125,102,https://www.oddsportal.com/american-football/usa/nfl-2014-2015/carolina-panthers-detroit-lions-C8TyUqme/
14 Sep 2014,Regular,0,Cincinnati Bengals,Atlanta Falcons,24,10,-250,195,https://www.oddsportal.com/american-football/usa/nfl-2014-2015/cincinnati-bengals-atlanta-falcons-YHUXUPXl/
14 Sep 2014,Regular,0,Cleveland Browns,New Orleans Saints,26,24,197,-253,https://www.oddsportal.com/american-football/usa/nfl-2014-2015/cleveland-browns-new-orleans-saints-KAlcySfL/
14 Sep 2014,Regular,0,New York Giants,Arizona Cardinals,14,25,-136,111,https://www.oddsportal.com/american-football/usa/nfl-2014-2015/new-york-giants-arizona-cardinals-KYWqSNH7/
14 Sep 2014,Regular,0,Tennessee Titans,Dallas Cowboys,10,26,-182,148,https://www.oddsportal.com/american-football/usa/nfl-2014-2015/tennessee-titans-dallas-cowboys-GtzTV5Ir/
14 Sep 2014,Regular,0,Washington Commanders,Jacksonville Jaguars,41,10,-244,187,https://www.oddsportal.com/american-football/usa/nfl-2014-2015/washington-commanders-jacksonville-jaguars-6VSuT321/
14 Sep 2014,Regular,0,Minnesota Vikings,New England Patriots,7,30,145,-180,https://www.oddsportal.com/american-football/usa/nfl-2014-2015/minnesota-vikings-new-england-patriots-MwBSj7f8/
11 Sep 2014,Regular,0,Baltimore Ravens,Pittsburgh Steelers,26,6,-146,119,https://www.oddsportal.com/american-football/usa/nfl-2014-2015/baltimore-ravens-pittsburgh-steelers-8zogx8uF/
08 Sep 2014,Regular,0,Arizona Cardinals,Los Angeles Chargers,18,17,-160,132,https://www.oddsportal.com/american-football/usa/nfl-2014-2015/arizona-cardinals-los-angeles-chargers-QBelwlQ8/
08 Sep 2014,Regular,0,Detroit Lions,New York Giants,35,14,-254,196,https://www.oddsportal.com/american-football/usa/nfl-2014-2015/detroit-lions-new-york-giants-nLdpvUA2/
07 Sep 2014,Regular,0,Denver Broncos,Indianapolis Colts,31,24,-360,274,https://www.oddsportal.com/american-football/usa/nfl-2014-2015/denver-broncos-indianapolis-colts-b532FpY1/
07 Sep 2014,Regular,0,Dallas Cowboys,San Francisco 49ers,17,28,164,-201,https://www.oddsportal.com/american-football/usa/nfl-2014-2015/dallas-cowboys-san-francisco-49ers-xjFgH63k/
07 Sep 2014,Regular,0,Tampa Bay Buccaneers,Carolina Panthers,14,20,-250,179,https://www.oddsportal.com/american-football/usa/nfl-2014-2015/tampa-bay-buccaneers-carolina-panthers-KE4bGQIe/
07 Sep 2014,Regular,0,Atlanta Falcons,New Orleans Saints,37,34,120,-149,https://www.oddsportal.com/american-football/usa/nfl-2014-2015/atlanta-falcons-new-orleans-saints-CYCS27ld/
07 Sep 2014,Regular,0,Baltimore Ravens,Cincinnati Bengals,16,23,-134,107,https://www.oddsportal.com/american-football/usa/nfl-2014-2015/baltimore-ravens-cincinnati-bengals-0fgNOlBF/
07 Sep 2014,Regular,0,Chicago Bears,Buffalo Bills,20,23,-290,232,https://www.oddsportal.com/american-football/usa/nfl-2014-2015/chicago-bears-buffalo-bills-YsEO3mZk/
07 Sep 2014,Regular,0,Houston Texans,Washington Commanders,17,6,-156,128,https://www.oddsportal.com/american-football/usa/nfl-2014-2015/houston-texans-washington-commanders-SGPJN8QL/
07 Sep 2014,Regular,0,Kansas City Chiefs,Tennessee Titans,10,26,-167,129,https://www.oddsportal.com/american-football/usa/nfl-2014-2015/kansas-city-chiefs-tennessee-titans-489K4TJq/
07 Sep 2014,Regular,0,Los Angeles Rams,Minnesota Vikings,6,34,-199,159,https://www.oddsportal.com/american-football/usa/nfl-2014-2015/los-angeles-rams-minnesota-vikings-SteFQAt3/
07 Sep 2014,Regular,0,Miami Dolphins,New England Patriots,33,20,157,-193,https://www.oddsportal.com/american-football/usa/nfl-2014-2015/miami-dolphins-new-england-patriots-EwiBRjRd/
07 Sep 2014,Regular,0,New York Jets,Las Vegas Raiders,19,14,-254,202,https://www.oddsportal.com/american-football/usa/nfl-2014-2015/new-york-jets-las-vegas-raiders-M3fJPUe9/
07 Sep 2014,Regular,0,Philadelphia Eagles,Jacksonville Jaguars,34,17,-572,405,https://www.oddsportal.com/american-football/usa/nfl-2014-2015/philadelphia-eagles-jacksonville-jaguars-67ONMSuS/
07 Sep 2014,Regular,0,Pittsburgh Steelers,Cleveland Browns,30,27,-256,205,https://www.oddsportal.com/american-football/usa/nfl-2014-2015/pittsburgh-steelers-cleveland-browns-OnBkInlq/
04 Sep 2014,Regular,0,Seattle Seahawks,Green Bay Packers,36,16,-230,185,https://www.oddsportal.com/american-football/usa/nfl-2014-2015/seattle-seahawks-green-bay-packers-2aNh99BS/
28 Aug 2014,Pre-season,0,Las Vegas Raiders,Seattle Seahawks,41,31,,,https://www.oddsportal.com/american-football/usa/nfl-2014-2015/las-vegas-raiders-seattle-seahawks-KzYmAkdM/
28 Aug 2014,Pre-season,0,Los Angeles Chargers,Arizona Cardinals,12,9,,,https://www.oddsportal.com/american-football/usa/nfl-2014-2015/los-angeles-chargers-arizona-cardinals-80UqBVtG/
28 Aug 2014,Pre-season,0,Cleveland Browns,Chicago Bears,33,13,,,https://www.oddsportal.com/american-football/usa/nfl-2014-2015/cleveland-browns-chicago-bears-QHlojU4j/
28 Aug 2014,Pre-season,0,Dallas Cowboys,Denver Broncos,3,27,,,https://www.oddsportal.com/american-football/usa/nfl-2014-2015/dallas-cowboys-denver-broncos-EwVuCBR9/
28 Aug 2014,Pre-season,0,Houston Texans,San Francisco 49ers,13,40,,,https://www.oddsportal.com/american-football/usa/nfl-2014-2015/houston-texans-san-francisco-49ers-IByXDXdc/
28 Aug 2014,Pre-season,0,New Orleans Saints,Baltimore Ravens,13,22,,,https://www.oddsportal.com/american-football/usa/nfl-2014-2015/new-orleans-saints-baltimore-ravens-vLxTEDsi/
28 Aug 2014,Pre-season,0,Tennessee Titans,Minnesota Vikings,3,19,,,https://www.oddsportal.com/american-football/usa/nfl-2014-2015/tennessee-titans-minnesota-vikings-zmWyDiC3/
28 Aug 2014,Pre-season,0,New York Giants,New England Patriots,16,13,,,https://www.oddsportal.com/american-football/usa/nfl-2014-2015/new-york-giants-new-england-patriots-St9AdWRM/
28 Aug 2014,Pre-season,0,Pittsburgh Steelers,Carolina Panthers,0,10,,,https://www.oddsportal.com/american-football/usa/nfl-2014-2015/pittsburgh-steelers-carolina-panthers-CEpsiAkp/
28 Aug 2014,Pre-season,0,Tampa Bay Buccaneers,Washington Commanders,10,24,,,https://www.oddsportal.com/american-football/usa/nfl-2014-2015/tampa-bay-buccaneers-washington-commanders-6X7EejsT/
28 Aug 2014,Pre-season,0,Buffalo Bills,Detroit Lions,0,23,,,https://www.oddsportal.com/american-football/usa/nfl-2014-2015/buffalo-bills-detroit-lions-jyIk1fDi/
28 Aug 2014,Pre-season,0,Cincinnati Bengals,Indianapolis Colts,35,7,,,https://www.oddsportal.com/american-football/usa/nfl-2014-2015/cincinnati-bengals-indianapolis-colts-b1LcaYs4/
28 Aug 2014,Pre-season,0,Green Bay Packers,Kansas City Chiefs,34,14,,,https://www.oddsportal.com/american-football/usa/nfl-2014-2015/green-bay-packers-kansas-city-chiefs-KG96cCCG/
28 Aug 2014,Pre-season,0,Miami Dolphins,Los Angeles Rams,14,13,,,https://www.oddsportal.com/american-football/usa/nfl-2014-2015/miami-dolphins-los-angeles-rams-pbHg0ESc/
28 Aug 2014,Pre-season,0,Philadelphia Eagles,New York Jets,37,7,,,https://www.oddsportal.com/american-football/usa/nfl-2014-2015/philadelphia-eagles-new-york-jets-tQA2bhcA/
28 Aug 2014,Pre-season,0,Jacksonville Jaguars,Atlanta Falcons,14,24,,,https://www.oddsportal.com/american-football/usa/nfl-2014-2015/jacksonville-jaguars-atlanta-falcons-CpJo2zbo/
24 Aug 2014,Pre-season,0,Arizona Cardinals,Cincinnati Bengals,13,19,,,https://www.oddsportal.com/american-football/usa/nfl-2014-2015/arizona-cardinals-cincinnati-bengals-Yam5grfo/
24 Aug 2014,Pre-season,0,San Francisco 49ers,Los Angeles Chargers,21,7,,,https://www.oddsportal.com/american-football/usa/nfl-2014-2015/san-francisco-49ers-los-angeles-chargers-dzQyBAPI/
23 Aug 2014,Pre-season,0,Denver Broncos,Houston Texans,17,18,,,https://www.oddsportal.com/american-football/usa/nfl-2014-2015/denver-broncos-houston-texans-2DQXBjAC/
23 Aug 2014,Pre-season,0,Cleveland Browns,Los Angeles Rams,14,33,,,https://www.oddsportal.com/american-football/usa/nfl-2014-2015/cleveland-browns-los-angeles-rams-4S7UCWf6/
23 Aug 2014,Pre-season,0,Indianapolis Colts,New Orleans Saints,17,23,,,https://www.oddsportal.com/american-football/usa/nfl-2014-2015/indianapolis-colts-new-orleans-saints-rDJLEhQg/
23 Aug 2014,Pre-season,0,Kansas City Chiefs,Minnesota Vikings,12,30,,,https://www.oddsportal.com/american-football/usa/nfl-2014-2015/kansas-city-chiefs-minnesota-vikings-M3IPDCu0/
23 Aug 2014,Pre-season,0,Baltimore Ravens,Washington Commanders,23,17,,,https://www.oddsportal.com/american-football/usa/nfl-2014-2015/baltimore-ravens-washington-commanders-EwFHFYAm/
23 Aug 2014,Pre-season,0,Atlanta Falcons,Tennessee Titans,17,24,,,https://www.oddsportal.com/american-football/usa/nfl-2014-2015/atlanta-falcons-tennessee-titans-U5woLfmQ/
23 Aug 2014,Pre-season,0,Miami Dolphins,Dallas Cowboys,25,20,,,https://www.oddsportal.com/american-football/usa/nfl-2014-2015/miami-dolphins-dallas-cowboys-zmGDGEes/
23 Aug 2014,Pre-season,0,Buffalo Bills,Tampa Bay Buccaneers,14,27,,,https://www.oddsportal.com/american-football/usa/nfl-2014-2015/buffalo-bills-tampa-bay-buccaneers-G2ZtMzYJ/
22 Aug 2014,Pre-season,0,Seattle Seahawks,Chicago Bears,34,6,,,https://www.oddsportal.com/american-football/usa/nfl-2014-2015/seattle-seahawks-chicago-bears-2aoacieJ/
22 Aug 2014,Pre-season,0,Green Bay Packers,Las Vegas Raiders,31,21,,,https://www.oddsportal.com/american-football/usa/nfl-2014-2015/green-bay-packers-las-vegas-raiders-O8nebXuD/
22 Aug 2014,Pre-season,0,Detroit Lions,Jacksonville Jaguars,13,12,,,https://www.oddsportal.com/american-football/usa/nfl-2014-2015/detroit-lions-jacksonville-jaguars-rcVcaDQ6/
22 Aug 2014,Pre-season,0,New England Patriots,Carolina Panthers,30,7,,,https://www.oddsportal.com/american-football/usa/nfl-2014-2015/new-england-patriots-carolina-panthers-AqXk1Zef/
22 Aug 2014,Pre-season,0,New York Jets,New York Giants,24,35,,,https://www.oddsportal.com/american-football/usa/nfl-2014-2015/new-york-jets-new-york-giants-46Wg0gB0/
21 Aug 2014,Pre-season,0,Philadelphia Eagles,Pittsburgh Steelers,31,21,,,https://www.oddsportal.com/american-football/usa/nfl-2014-2015/philadelphia-eagles-pittsburgh-steelers-dtTo2Ftl/
18 Aug 2014,Pre-season,0,Washington Commanders,Cleveland Browns,24,23,,,https://www.oddsportal.com/american-football/usa/nfl-2014-2015/washington-commanders-cleveland-browns-EHws3eRs/
17 Aug 2014,Pre-season,0,Carolina Panthers,Kansas City Chiefs,28,16,,,https://www.oddsportal.com/american-football/usa/nfl-2014-2015/carolina-panthers-kansas-city-chiefs-C8iF7yJQ/
17 Aug 2014,Pre-season,0,San Francisco 49ers,Denver Broncos,0,34,,,https://www.oddsportal.com/american-football/usa/nfl-2014-2015/san-francisco-49ers-denver-broncos-rZnB8H3K/
16 Aug 2014,Pre-season,0,Minnesota Vikings,Arizona Cardinals,30,28,,,https://www.oddsportal.com/american-football/usa/nfl-2014-2015/minnesota-vikings-arizona-cardinals-4rl79clE/
16 Aug 2014,Pre-season,0,Houston Texans,Atlanta Falcons,32,7,,,https://www.oddsportal.com/american-football/usa/nfl-2014-2015/houston-texans-atlanta-falcons-2wAOpEBD/
16 Aug 2014,Pre-season,0,Pittsburgh Steelers,Buffalo Bills,19,16,,,https://www.oddsportal.com/american-football/usa/nfl-2014-2015/pittsburgh-steelers-buffalo-bills-j36Kofd7/
16 Aug 2014,Pre-season,0,Tampa Bay Buccaneers,Miami Dolphins,14,20,,,https://www.oddsportal.com/american-football/usa/nfl-2014-2015/tampa-bay-buccaneers-miami-dolphins-dt7Gnzs1/
16 Aug 2014,Pre-season,0,Cincinnati Bengals,New York Jets,17,25,,,https://www.oddsportal.com/american-football/usa/nfl-2014-2015/cincinnati-bengals-new-york-jets-0ED7ldCl/
16 Aug 2014,Pre-season,0,Dallas Cowboys,Baltimore Ravens,30,37,,,https://www.oddsportal.com/american-football/usa/nfl-2014-2015/dallas-cowboys-baltimore-ravens-Ik8CmGRf/
16 Aug 2014,Pre-season,0,Indianapolis Colts,New York Giants,26,27,,,https://www.oddsportal.com/american-football/usa/nfl-2014-2015/indianapolis-colts-new-york-giants-G8WsYzS7/
16 Aug 2014,Pre-season,0,Los Angeles Rams,Green Bay Packers,7,21,,,https://www.oddsportal.com/american-football/usa/nfl-2014-2015/los-angeles-rams-green-bay-packers-MNE3kxcr/
15 Aug 2014,Pre-season,0,Las Vegas Raiders,Detroit Lions,27,26,,,https://www.oddsportal.com/american-football/usa/nfl-2014-2015/las-vegas-raiders-detroit-lions-juOXfbZK/
15 Aug 2014,Pre-season,0,Seattle Seahawks,Los Angeles Chargers,41,14,,,https://www.oddsportal.com/american-football/usa/nfl-2014-2015/seattle-seahawks-los-angeles-chargers-4rSyfIlR/
15 Aug 2014,Pre-season,0,New Orleans Saints,Tennessee Titans,31,24,,,https://www.oddsportal.com/american-football/usa/nfl-2014-2015/new-orleans-saints-tennessee-titans-8GYSevKE/
15 Aug 2014,Pre-season,0,New England Patriots,Philadelphia Eagles,42,35,,,https://www.oddsportal.com/american-football/usa/nfl-2014-2015/new-england-patriots-philadelphia-eagles-UPZOdK48/
14 Aug 2014,Pre-season,0,Chicago Bears,Jacksonville Jaguars,20,19,,,https://www.oddsportal.com/american-football/usa/nfl-2014-2015/chicago-bears-jacksonville-jaguars-xIXwZGC1/
09 Aug 2014,Pre-season,0,Arizona Cardinals,Houston Texans,32,0,,,https://www.oddsportal.com/american-football/usa/nfl-2014-2015/arizona-cardinals-houston-texans-fgrZZdce/
09 Aug 2014,Pre-season,0,Tennessee Titans,Green Bay Packers,20,16,,,https://www.oddsportal.com/american-football/usa/nfl-2014-2015/tennessee-titans-green-bay-packers-tjvVzwrk/
09 Aug 2014,Pre-season,0,Detroit Lions,Cleveland Browns,13,12,,,https://www.oddsportal.com/american-football/usa/nfl-2014-2015/detroit-lions-cleveland-browns-pKhataKR/
09 Aug 2014,Pre-season,0,New York Giants,Pittsburgh Steelers,20,16,,,https://www.oddsportal.com/american-football/usa/nfl-2014-2015/new-york-giants-pittsburgh-steelers-nTvRyJSr/
08 Aug 2014,Pre-season,0,Chicago Bears,Philadelphia Eagles,34,28,,,https://www.oddsportal.com/american-football/usa/nfl-2014-2015/chicago-bears-philadelphia-eagles-lhajrLkF/
08 Aug 2014,Pre-season,0,Los Angeles Rams,New Orleans Saints,24,26,,,https://www.oddsportal.com/american-football/usa/nfl-2014-2015/los-angeles-rams-new-orleans-saints-Srbfsu5L/
08 Aug 2014,Pre-season,0,Minnesota Vikings,Las Vegas Raiders,10,6,,,https://www.oddsportal.com/american-football/usa/nfl-2014-2015/minnesota-vikings-las-vegas-raiders-fVanq1z9/
08 Aug 2014,Pre-season,0,Carolina Panthers,Buffalo Bills,18,20,,,https://www.oddsportal.com/american-football/usa/nfl-2014-2015/carolina-panthers-buffalo-bills-tjIaLcr2/
08 Aug 2014,Pre-season,0,Jacksonville Jaguars,Tampa Bay Buccaneers,16,10,,,https://www.oddsportal.com/american-football/usa/nfl-2014-2015/jacksonville-jaguars-tampa-bay-buccaneers-redrpsL2/
08 Aug 2014,Pre-season,0,Atlanta Falcons,Miami Dolphins,16,10,,,https://www.oddsportal.com/american-football/usa/nfl-2014-2015/atlanta-falcons-miami-dolphins-2aJeMwTe/
07 Aug 2014,Pre-season,0,Los Angeles Chargers,Dallas Cowboys,27,7,,,https://www.oddsportal.com/american-football/usa/nfl-2014-2015/los-angeles-chargers-dallas-cowboys-YPEiNJDk/
07 Aug 2014,Pre-season,0,Denver Broncos,Seattle Seahawks,21,16,,,https://www.oddsportal.com/american-football/usa/nfl-2014-2015/denver-broncos-seattle-seahawks-fZFmOabq/
07 Aug 2014,Pre-season,0,Kansas City Chiefs,Cincinnati Bengals,41,39,,,https://www.oddsportal.com/american-football/usa/nfl-2014-2015/kansas-city-chiefs-cincinnati-bengals-Ey2JuSTG/
07 Aug 2014,Pre-season,0,Baltimore Ravens,San Francisco 49ers,23,3,,,https://www.oddsportal.com/american-football/usa/nfl-2014-2015/baltimore-ravens-san-francisco-49ers-0YcFt8EA/
07 Aug 2014,Pre-season,0,Washington Commanders,New England Patriots,23,6,,,https://www.oddsportal.com/american-football/usa/nfl-2014-2015/washington-commanders-new-england-patriots-6BbBsla4/
07 Aug 2014,Pre-season,0,New York Jets,Indianapolis Colts,13,10,,,https://www.oddsportal.com/american-football/usa/nfl-2014-2015/new-york-jets-indianapolis-colts-SKa7rUqb/
03 Aug 2014,Pre-season,0,Buffalo Bills,New York Giants,13,17,,,https://www.oddsportal.com/american-football/usa/nfl-2014-2015/buffalo-bills-new-york-giants-n9rAqAUi/
02 Feb 2014,Play Offs,0,Denver Broncos,Seattle Seahawks,8,43,,,https://www.oddsportal.com/american-football/usa/nfl-2013-2014/denver-broncos-seattle-seahawks-jTcOoq2c/
26 Jan 2014,All Stars,0,Sanders Team,Jerry Rice Team,21,22,,,https://www.oddsportal.com/american-football/usa/nfl-2013-2014/sanders-team-jerry-rice-team-C434M8q8/
19 Jan 2014,Play Offs,0,Seattle Seahawks,San Francisco 49ers,23,17,,,https://www.oddsportal.com/american-football/usa/nfl-2013-2014/seattle-seahawks-san-francisco-49ers-x0hAfAug/
19 Jan 2014,Play Offs,0,Denver Broncos,New England Patriots,26,16,,,https://www.oddsportal.com/american-football/usa/nfl-2013-2014/denver-broncos-new-england-patriots-ni1OknfO/
12 Jan 2014,Play Offs,0,Denver Broncos,Los Angeles Chargers,24,17,,,https://www.oddsportal.com/american-football/usa/nfl-2013-2014/denver-broncos-los-angeles-chargers-WzRwKNqm/
12 Jan 2014,Play Offs,0,Carolina Panthers,San Francisco 49ers,10,23,,,https://www.oddsportal.com/american-football/usa/nfl-2013-2014/carolina-panthers-san-francisco-49ers-Yao3QP6J/
11 Jan 2014,Play Offs,0,New England Patriots,Indianapolis Colts,43,22,,,https://www.oddsportal.com/american-football/usa/nfl-2013-2014/new-england-patriots-indianapolis-colts-hpSZK3Ut/
11 Jan 2014,Play Offs,0,Seattle Seahawks,New Orleans Saints,23,15,,,https://www.oddsportal.com/american-football/usa/nfl-2013-2014/seattle-seahawks-new-orleans-saints-n3k7PqMP/
05 Jan 2014,Play Offs,0,Green Bay Packers,San Francisco 49ers,20,23,,,https://www.oddsportal.com/american-football/usa/nfl-2013-2014/green-bay-packers-san-francisco-49ers-Q1YAKizM/
05 Jan 2014,Play Offs,0,Cincinnati Bengals,Los Angeles Chargers,10,27,,,https://www.oddsportal.com/american-football/usa/nfl-2013-2014/cincinnati-bengals-los-angeles-chargers-nDzvEkDk/
04 Jan 2014,Play Offs,0,Philadelphia Eagles,New Orleans Saints,24,26,,,https://www.oddsportal.com/american-football/usa/nfl-2013-2014/philadelphia-eagles-new-orleans-saints-4hXEJBkS/
04 Jan 2014,Play Offs,0,Indianapolis Colts,Kansas City Chiefs,45,44,,,https://www.oddsportal.com/american-football/usa/nfl-2013-2014/indianapolis-colts-kansas-city-chiefs-8MyzFVcq/
29 Dec 2013,Regular,0,Dallas Cowboys,Philadelphia Eagles,22,24,242,-322,https://www.oddsportal.com/american-football/usa/nfl-2013-2014/dallas-cowboys-philadelphia-eagles-z7hXHvfl/
29 Dec 2013,Regular,0,Arizona Cardinals,San Francisco 49ers,20,23,-153,122,https://www.oddsportal.com/american-football/usa/nfl-2013-2014/arizona-cardinals-san-francisco-49ers-8KjuGIO0/
29 Dec 2013,Regular,0,Chicago Bears,Green Bay Packers,28,33,122,-154,https://www.oddsportal.com/american-football/usa/nfl-2013-2014/chicago-bears-green-bay-packers-t6zazmAF/
29 Dec 2013,Regular,0,Las Vegas Raiders,Denver Broncos,14,34,412,-588,https://www.oddsportal.com/american-football/usa/nfl-2013-2014/las-vegas-raiders-denver-broncos-IkYVxtWD/
29 Dec 2013,Regular,0,Los Angeles Chargers,Kansas City Chiefs,27,24,-910,566,https://www.oddsportal.com/american-football/usa/nfl-2013-2014/los-angeles-chargers-kansas-city-chiefs-QeopFxv7/
29 Dec 2013,Regular,0,New England Patriots,Buffalo Bills,34,20,-351,259,https://www.oddsportal.com/american-football/usa/nfl-2013-2014/new-england-patriots-buffalo-bills-KItcGRIq/
29 Dec 2013,Regular,0,New Orleans Saints,Tampa Bay Buccaneers,42,17,-588,405,https://www.oddsportal.com/american-football/usa/nfl-2013-2014/new-orleans-saints-tampa-bay-buccaneers-I9fVK7AS/
29 Dec 2013,Regular,0,Seattle Seahawks,Los Angeles Rams,27,9,-690,472,https://www.oddsportal.com/american-football/usa/nfl-2013-2014/seattle-seahawks-los-angeles-rams-4nplEdgD/
29 Dec 2013,Regular,0,Atlanta Falcons,Carolina Panthers,20,21,197,-258,https://www.oddsportal.com/american-football/usa/nfl-2013-2014/atlanta-falcons-carolina-panthers-2FyeyTf9/
29 Dec 2013,Regular,0,Cincinnati Bengals,Baltimore Ravens,34,17,-322,242,https://www.oddsportal.com/american-football/usa/nfl-2013-2014/cincinnati-bengals-baltimore-ravens-M3lTIKvr/
29 Dec 2013,Regular,0,Indianapolis Colts,Jacksonville Jaguars,30,10,-588,415,https://www.oddsportal.com/american-football/usa/nfl-2013-2014/indianapolis-colts-jacksonville-jaguars-8vNix9u3/
29 Dec 2013,Regular,0,Miami Dolphins,New York Jets,7,20,-328,245,https://www.oddsportal.com/american-football/usa/nfl-2013-2014/miami-dolphins-new-york-jets-Srp5E5md/
29 Dec 2013,Regular,0,Minnesota Vikings,Detroit Lions,14,13,-105,-123,https://www.oddsportal.com/american-football/usa/nfl-2013-2014/minnesota-vikings-detroit-lions-Eut1FoYk/
29 Dec 2013,Regular,0,New York Giants,Washington Commanders,20,6,-182,145,https://www.oddsportal.com/american-football/usa/nfl-2013-2014/new-york-giants-washington-commanders-0YaQLmeM/
29 Dec 2013,Regular,0,Pittsburgh Steelers,Cleveland Browns,20,7,-400,283,https://www.oddsportal.com/american-football/usa/nfl-2013-2014/pittsburgh-steelers-cleveland-browns-UmOmwkQd/
29 Dec 2013,Regular,0,Tennessee Titans,Houston Texans,16,10,-322,242,https://www.oddsportal.com/american-football/usa/nfl-2013-2014/tennessee-titans-houston-texans-UTiyHb9f/
23 Dec 2013,Regular,0,San Francisco 49ers,Atlanta Falcons,34,24,-1053,636,https://www.oddsportal.com/american-football/usa/nfl-2013-2014/san-francisco-49ers-atlanta-falcons-Ms1MMTuG/
22 Dec 2013,Regular,0,Philadelphia Eagles,Chicago Bears,54,11,-133,105,https://www.oddsportal.com/american-football/usa/nfl-2013-2014/philadelphia-eagles-chicago-bears-fFLsBWt4/
22 Dec 2013,Regular,0,Baltimore Ravens,New England Patriots,7,41,-100,-127,https://www.oddsportal.com/american-football/usa/nfl-2013-2014/baltimore-ravens-new-england-patriots-SK1IN9Q9/
22 Dec 2013,Regular,0,Green Bay Packers,Pittsburgh Steelers,31,38,-125,-111,https://www.oddsportal.com/american-football/usa/nfl-2013-2014/green-bay-packers-pittsburgh-steelers-GpbEOkB3/
22 Dec 2013,Regular,0,Los Angeles Chargers,Las Vegas Raiders,26,13,-500,357,https://www.oddsportal.com/american-football/usa/nfl-2013-2014/los-angeles-chargers-las-vegas-raiders-YL89PVec/
22 Dec 2013,Regular,0,Detroit Lions,New York Giants,20,23,-466,340,https://www.oddsportal.com/american-football/usa/nfl-2013-2014/detroit-lions-new-york-giants-fV95QBti/
22 Dec 2013,Regular,0,Seattle Seahawks,Arizona Cardinals,10,17,-488,350,https://www.oddsportal.com/american-football/usa/nfl-2013-2014/seattle-seahawks-arizona-cardinals-6FGN1S3j/
22 Dec 2013,Regular,0,Buffalo Bills,Miami Dolphins,19,0,-113,-115,https://www.oddsportal.com/american-football/usa/nfl-2013-2014/buffalo-bills-miami-dolphins-SOHJ28lp/
22 Dec 2013,Regular,0,Carolina Panthers,New Orleans Saints,17,13,-182,145,https://www.oddsportal.com/american-football/usa/nfl-2013-2014/carolina-panthers-new-orleans-saints-M1NZChCi/
22 Dec 2013,Regular,0,Cincinnati Bengals,Minnesota Vikings,42,14,-392,295,https://www.oddsportal.com/american-football/usa/nfl-2013-2014/cincinnati-bengals-minnesota-vikings-Msui7ltT/
22 Dec 2013,Regular,0,Houston Texans,Denver Broncos,13,37,394,-572,https://www.oddsportal.com/american-football/usa/nfl-2013-2014/houston-texans-denver-broncos-4Qhk5tgo/
22 Dec 2013,Regular,0,Jacksonville Jaguars,Tennessee Titans,16,20,180,-233,https://www.oddsportal.com/american-football/usa/nfl-2013-2014/jacksonville-jaguars-tennessee-titans-8bJVDYdo/
22 Dec 2013,Regular,0,Kansas City Chiefs,Indianapolis Colts,7,23,-339,255,https://www.oddsportal.com/american-football/usa/nfl-2013-2014/kansas-city-chiefs-indianapolis-colts-8vym8UQM/
22 Dec 2013,Regular,0,Los Angeles Rams,Tampa Bay Buccaneers,23,13,-191,150,https://www.oddsportal.com/american-football/usa/nfl-2013-2014/los-angeles-rams-tampa-bay-buccaneers-EHyq9ABG/
22 Dec 2013,Regular,0,New York Jets,Cleveland Browns,24,13,-134,107,https://www.oddsportal.com/american-football/usa/nfl-2013-2014/new-york-jets-cleveland-browns-zRxuAjdA/
22 Dec 2013,Regular,0,Washington Commanders,Dallas Cowboys,23,24,137,-171,https://www.oddsportal.com/american-football/usa/nfl-2013-2014/washington-commanders-dallas-cowboys-GOMwCCRc/
16 Dec 2013,Regular,0,Detroit Lions,Baltimore Ravens,16,18,-235,182,https://www.oddsportal.com/american-football/usa/nfl-2013-2014/detroit-lions-baltimore-ravens-2H6N9MpU/
15 Dec 2013,Regular,0,Pittsburgh Steelers,Cincinnati Bengals,30,20,107,-136,https://www.oddsportal.com/american-football/usa/nfl-2013-2014/pittsburgh-steelers-cincinnati-bengals-Ys2JA2VN/
15 Dec 2013,Regular,0,Dallas Cowboys,Green Bay Packers,36,37,-238,182,https://www.oddsportal.com/american-football/usa/nfl-2013-2014/dallas-cowboys-green-bay-packers-fi3FBrGH/
15 Dec 2013,Regular,0,Los Angeles Rams,New Orleans Saints,27,16,222,-294,https://www.oddsportal.com/american-football/usa/nfl-2013-2014/los-angeles-rams-new-orleans-saints-8tSpd3GU/
15 Dec 2013,Regular,0,Tennessee Titans,Arizona Cardinals,34,37,122,-154,https://www.oddsportal.com/american-football/usa/nfl-2013-2014/tennessee-titans-arizona-cardinals-Oh2fG61n/
15 Dec 2013,Regular,0,Carolina Panthers,New York Jets,30,20,-465,337,https://www.oddsportal.com/american-football/usa/nfl-2013-2014/carolina-panthers-new-york-jets-Ese7D4o5/
15 Dec 2013,Regular,0,Las Vegas Raiders,Kansas City Chiefs,31,56,217,-286,https://www.oddsportal.com/american-football/usa/nfl-2013-2014/las-vegas-raiders-kansas-city-chiefs-CSDACO0B/
15 Dec 2013,Regular,0,Atlanta Falcons,Washington Commanders,27,26,-250,192,https://www.oddsportal.com/american-football/usa/nfl-2013-2014/atlanta-falcons-washington-commanders-KKe3EpWb/
15 Dec 2013,Regular,0,Cleveland Browns,Chicago Bears,31,38,-110,-117,https://www.oddsportal.com/american-football/usa/nfl-2013-2014/cleveland-browns-chicago-bears-tUdaFQGh/
15 Dec 2013,Regular,0,Indianapolis Colts,Houston Texans,25,3,-267,204,https://www.oddsportal.com/american-football/usa/nfl-2013-2014/indianapolis-colts-houston-texans-p23jHnnt/
15 Dec 2013,Regular,0,Jacksonville Jaguars,Buffalo Bills,20,27,156,-198,https://www.oddsportal.com/american-football/usa/nfl-2013-2014/jacksonville-jaguars-buffalo-bills-QczUaoH5/
15 Dec 2013,Regular,0,Miami Dolphins,New England Patriots,24,20,-138,109,https://www.oddsportal.com/american-football/usa/nfl-2013-2014/miami-dolphins-new-england-patriots-fwOtcq1O/
15 Dec 2013,Regular,0,Minnesota Vikings,Philadelphia Eagles,48,30,222,-294,https://www.oddsportal.com/american-football/usa/nfl-2013-2014/minnesota-vikings-philadelphia-eagles-CEYybPoI/
15 Dec 2013,Regular,0,New York Giants,Seattle Seahawks,0,23,316,-435,https://www.oddsportal.com/american-football/usa/nfl-2013-2014/new-york-giants-seattle-seahawks-YNZXb5WB/
15 Dec 2013,Regular,0,Tampa Bay Buccaneers,San Francisco 49ers,14,33,187,-244,https://www.oddsportal.com/american-football/usa/nfl-2013-2014/tampa-bay-buccaneers-san-francisco-49ers-n7yQ0R1a/
12 Dec 2013,Regular,0,Denver Broncos,Los Angeles Chargers,20,27,-556,392,https://www.oddsportal.com/american-football/usa/nfl-2013-2014/denver-broncos-los-angeles-chargers-4rnL17ng/
09 Dec 2013,Regular,0,Chicago Bears,Dallas Cowboys,45,28,-126,-102,https://www.oddsportal.com/american-football/usa/nfl-2013-2014/chicago-bears-dallas-cowboys-jurH2mXn/
08 Dec 2013,Regular,0,New Orleans Saints,Carolina Panthers,31,13,-174,139,https://www.oddsportal.com/american-football/usa/nfl-2013-2014/new-orleans-saints-carolina-panthers-6keA6dYK/
08 Dec 2013,Regular,0,Arizona Cardinals,Los Angeles Rams,30,10,-233,180,https://www.oddsportal.com/american-football/usa/nfl-2013-2014/arizona-cardinals-los-angeles-rams-4pwcche7/
08 Dec 2013,Regular,0,Los Angeles Chargers,New York Giants,37,14,-219,172,https://www.oddsportal.com/american-football/usa/nfl-2013-2014/los-angeles-chargers-new-york-giants-KhLqLemE/
08 Dec 2013,Regular,0,San Francisco 49ers,Seattle Seahawks,19,17,-136,107,https://www.oddsportal.com/american-football/usa/nfl-2013-2014/san-francisco-49ers-seattle-seahawks-ryx1dCAD/
08 Dec 2013,Regular,0,Denver Broncos,Tennessee Titans,51,28,-742,496,https://www.oddsportal.com/american-football/usa/nfl-2013-2014/denver-broncos-tennessee-titans-ANwgbYu1/
08 Dec 2013,Regular,0,Baltimore Ravens,Minnesota Vikings,29,26,-299,227,https://www.oddsportal.com/american-football/usa/nfl-2013-2014/baltimore-ravens-minnesota-vikings-xYot1zdr/
08 Dec 2013,Regular,0,Cincinnati Bengals,Indianapolis Colts,42,28,-308,233,https://www.oddsportal.com/american-football/usa/nfl-2013-2014/cincinnati-bengals-indianapolis-colts-ITEFpFB1/
08 Dec 2013,Regular,0,Green Bay Packers,Atlanta Falcons,22,21,-191,151,https://www.oddsportal.com/american-football/usa/nfl-2013-2014/green-bay-packers-atlanta-falcons-dIrD3THt/
08 Dec 2013,Regular,0,New England Patriots,Cleveland Browns,27,26,-527,374,https://www.oddsportal.com/american-football/usa/nfl-2013-2014/new-england-patriots-cleveland-browns-ptfE5GmR/
08 Dec 2013,Regular,0,New York Jets,Las Vegas Raiders,37,27,-169,134,https://www.oddsportal.com/american-football/usa/nfl-2013-2014/new-york-jets-las-vegas-raiders-OQ557xJE/
08 Dec 2013,Regular,0,Philadelphia Eagles,Detroit Lions,34,20,-154,123,https://www.oddsportal.com/american-football/usa/nfl-2013-2014/philadelphia-eagles-detroit-lions-AN118I38/
08 Dec 2013,Regular,0,Pittsburgh Steelers,Miami Dolphins,28,34,-177,140,https://www.oddsportal.com/american-football/usa/nfl-2013-2014/pittsburgh-steelers-miami-dolphins-dKDJqZQ7/
08 Dec 2013,Regular,0,Tampa Bay Buccaneers,Buffalo Bills,27,6,-159,127,https://www.oddsportal.com/american-football/usa/nfl-2013-2014/tampa-bay-buccaneers-buffalo-bills-bmzkaEQf/
08 Dec 2013,Regular,0,Washington Commanders,Kansas City Chiefs,10,45,145,-183,https://www.oddsportal.com/american-football/usa/nfl-2013-2014/washington-commanders-kansas-city-chiefs-GOpp0fBl/
05 Dec 2013,Regular,0,Jacksonville Jaguars,Houston Texans,27,20,140,-177,https://www.oddsportal.com/american-football/usa/nfl-2013-2014/jacksonville-jaguars-houston-texans-j7rJoede/
02 Dec 2013,Regular,0,Seattle Seahawks,New Orleans Saints,34,7,-286,217,https://www.oddsportal.com/american-football/usa/nfl-2013-2014/seattle-seahawks-new-orleans-saints-CGqFnysk/
01 Dec 2013,Regular,0,Washington Commanders,New York Giants,17,24,-121,-107,https://www.oddsportal.com/american-football/usa/nfl-2013-2014/washington-commanders-new-york-giants-IgpBmHRr/
01 Dec 2013,Regular,0,Kansas City Chiefs,Denver Broncos,28,35,180,-230,https://www.oddsportal.com/american-football/usa/nfl-2013-2014/kansas-city-chiefs-denver-broncos-4jKyZHCk/
01 Dec 2013,Regular,0,Los Angeles Chargers,Cincinnati Bengals,10,17,109,-138,https://www.oddsportal.com/american-football/usa/nfl-2013-2014/los-angeles-chargers-cincinnati-bengals-tYhqhcJR/
01 Dec 2013,Regular,0,Buffalo Bills,Atlanta Falcons,31,34,-208,162,https://www.oddsportal.com/american-football/usa/nfl-2013-2014/buffalo-bills-atlanta-falcons-jq0WfaZ8/
01 Dec 2013,Regular,0,San Francisco 49ers,Los Angeles Rams,23,13,-378,285,https://www.oddsportal.com/american-football/usa/nfl-2013-2014/san-francisco-49ers-los-angeles-rams-KI4zfJlF/
01 Dec 2013,Regular,0,Carolina Panthers,Tampa Bay Buccaneers,27,6,-345,257,https://www.oddsportal.com/american-football/usa/nfl-2013-2014/carolina-panthers-tampa-bay-buccaneers-Ch1SeuK2/
01 Dec 2013,Regular,0,Cleveland Browns,Jacksonville Jaguars,28,32,-333,250,https://www.oddsportal.com/american-football/usa/nfl-2013-2014/cleveland-browns-jacksonville-jaguars-AmNqXes2/
01 Dec 2013,Regular,0,Houston Texans,New England Patriots,31,34,242,-322,https://www.oddsportal.com/american-football/usa/nfl-2013-2014/houston-texans-new-england-patriots-b93vgw4L/
01 Dec 2013,Regular,0,Indianapolis Colts,Tennessee Titans,22,14,-198,155,https://www.oddsportal.com/american-football/usa/nfl-2013-2014/indianapolis-colts-tennessee-titans-bDJuYySe/
01 Dec 2013,Regular,0,Minnesota Vikings,Chicago Bears,23,20,-120,-108,https://www.oddsportal.com/american-football/usa/nfl-2013-2014/minnesota-vikings-chicago-bears-QaLXZccq/
01 Dec 2013,Regular,0,New York Jets,Miami Dolphins,3,23,-115,-113,https://www.oddsportal.com/american-football/usa/nfl-2013-2014/new-york-jets-miami-dolphins-p6w5vvkS/
01 Dec 2013,Regular,0,Philadelphia Eagles,Arizona Cardinals,24,21,-183,145,https://www.oddsportal.com/american-football/usa/nfl-2013-2014/philadelphia-eagles-arizona-cardinals-6Fv1uKZL/
28 Nov 2013,Regular,0,Baltimore Ravens,Pittsburgh Steelers,22,20,-157,124,https://www.oddsportal.com/american-football/usa/nfl-2013-2014/baltimore-ravens-pittsburgh-steelers-Chuct0KF/
28 Nov 2013,Regular,0,Dallas Cowboys,Las Vegas Raiders,31,24,-488,350,https://www.oddsportal.com/american-football/usa/nfl-2013-2014/dallas-cowboys-las-vegas-raiders-bkygst59/
28 Nov 2013,Regular,0,Detroit Lions,Green Bay Packers,40,10,-282,215,https://www.oddsportal.com/american-football/usa/nfl-2013-2014/detroit-lions-green-bay-packers-GQolrMk3/
25 Nov 2013,Regular,0,Washington Commanders,San Francisco 49ers,6,27,197,-256,https://www.oddsportal.com/american-football/usa/nfl-2013-2014/washington-commanders-san-francisco-49ers-xzmpq2zc/
24 Nov 2013,Regular,0,New England Patriots,Denver Broncos,34,31,-110,-117,https://www.oddsportal.com/american-football/usa/nfl-2013-2014/new-england-patriots-denver-broncos-ATb2KIcd/
24 Nov 2013,Regular,0,New York Giants,Dallas Cowboys,21,24,-146,116,https://www.oddsportal.com/american-football/usa/nfl-2013-2014/new-york-giants-dallas-cowboys-Wx0bLbrj/
24 Nov 2013,Regular,0,Arizona Cardinals,Indianapolis Colts,40,11,-174,139,https://www.oddsportal.com/american-football/usa/nfl-2013-2014/arizona-cardinals-indianapolis-colts-ChJRQKKS/
24 Nov 2013,Regular,0,Las Vegas Raiders,Tennessee Titans,19,23,122,-154,https://www.oddsportal.com/american-football/usa/nfl-2013-2014/las-vegas-raiders-tennessee-titans-lEAgMvTq/
24 Nov 2013,Regular,0,Baltimore Ravens,New York Jets,19,3,-230,180,https://www.oddsportal.com/american-football/usa/nfl-2013-2014/baltimore-ravens-new-york-jets-l0VK7uEj/
24 Nov 2013,Regular,0,Houston Texans,Jacksonville Jaguars,6,13,-513,365,https://www.oddsportal.com/american-football/usa/nfl-2013-2014/houston-texans-jacksonville-jaguars-A9WG8Lbp/
24 Nov 2013,Regular,0,Miami Dolphins,Carolina Panthers,16,20,177,-227,https://www.oddsportal.com/american-football/usa/nfl-2013-2014/miami-dolphins-carolina-panthers-j593WOji/
24 Nov 2013,Regular,0,Cleveland Browns,Pittsburgh Steelers,11,27,-136,107,https://www.oddsportal.com/american-football/usa/nfl-2013-2014/cleveland-browns-pittsburgh-steelers-IVJNR05M/
24 Nov 2013,Regular,0,Detroit Lions,Tampa Bay Buccaneers,21,24,-385,287,https://www.oddsportal.com/american-football/usa/nfl-2013-2014/detroit-lions-tampa-bay-buccaneers-vuLJStjG/
24 Nov 2013,Regular,0,Green Bay Packers,Minnesota Vikings,26,26,-250,192,https://www.oddsportal.com/american-football/usa/nfl-2013-2014/green-bay-packers-minnesota-vikings-M3QETMzA/
24 Nov 2013,Regular,0,Kansas City Chiefs,Los Angeles Chargers,38,41,-196,152,https://www.oddsportal.com/american-football/usa/nfl-2013-2014/kansas-city-chiefs-los-angeles-chargers-rDRAU2L3/
24 Nov 2013,Regular,0,Los Angeles Rams,Chicago Bears,42,21,-126,-103,https://www.oddsportal.com/american-football/usa/nfl-2013-2014/los-angeles-rams-chicago-bears-ljS6Vr6c/
21 Nov 2013,Regular,0,Atlanta Falcons,New Orleans Saints,13,17,290,-385,https://www.oddsportal.com/american-football/usa/nfl-2013-2014/atlanta-falcons-new-orleans-saints-r13mQmUH/
18 Nov 2013,Regular,0,Carolina Panthers,New England Patriots,24,20,-164,129,https://www.oddsportal.com/american-football/usa/nfl-2013-2014/carolina-panthers-new-england-patriots-4A4qRTEB/
17 Nov 2013,Regular,0,Denver Broncos,Kansas City Chiefs,27,17,-351,261,https://www.oddsportal.com/american-football/usa/nfl-2013-2014/denver-broncos-kansas-city-chiefs-zVCSUBFn/
17 Nov 2013,Regular,0,New Orleans Saints,San Francisco 49ers,23,20,-180,142,https://www.oddsportal.com/american-football/usa/nfl-2013-2014/new-orleans-saints-san-francisco-49ers-8rBzTkpa/
17 Nov 2013,Regular,0,New York Giants,Green Bay Packers,27,13,-198,155,https://www.oddsportal.com/american-football/usa/nfl-2013-2014/new-york-giants-green-bay-packers-MoFvS9a5/
17 Nov 2013,Regular,0,Seattle Seahawks,Minnesota Vikings,41,20,-715,483,https://www.oddsportal.com/american-football/usa/nfl-2013-2014/seattle-seahawks-minnesota-vikings-ELBWTVUh/
17 Nov 2013,Regular,0,Miami Dolphins,Los Angeles Chargers,20,16,110,-138,https://www.oddsportal.com/american-football/usa/nfl-2013-2014/miami-dolphins-los-angeles-chargers-zFO4FWFa/
17 Nov 2013,Regular,0,Buffalo Bills,New York Jets,37,14,105,-133,https://www.oddsportal.com/american-football/usa/nfl-2013-2014/buffalo-bills-new-york-jets-fJeVVi0t/
17 Nov 2013,Regular,0,Chicago Bears,Baltimore Ravens,23,20,-193,152,https://www.oddsportal.com/american-football/usa/nfl-2013-2014/chicago-bears-baltimore-ravens-hA93zYiP/
17 Nov 2013,Regular,0,Cincinnati Bengals,Cleveland Browns,41,20,-247,190,https://www.oddsportal.com/american-football/usa/nfl-2013-2014/cincinnati-bengals-cleveland-browns-v7LLBlFO/
17 Nov 2013,Regular,0,Houston Texans,Las Vegas Raiders,23,28,-527,371,https://www.oddsportal.com/american-football/usa/nfl-2013-2014/houston-texans-las-vegas-raiders-4lT8EjV5/
17 Nov 2013,Regular,0,Jacksonville Jaguars,Arizona Cardinals,14,27,307,-417,https://www.oddsportal.com/american-football/usa/nfl-2013-2014/jacksonville-jaguars-arizona-cardinals-ruSCDApC/
17 Nov 2013,Regular,0,Philadelphia Eagles,Washington Commanders,24,16,-244,187,https://www.oddsportal.com/american-football/usa/nfl-2013-2014/philadelphia-eagles-washington-commanders-dOP0GC0g/
17 Nov 2013,Regular,0,Pittsburgh Steelers,Detroit Lions,37,27,132,-165,https://www.oddsportal.com/american-football/usa/nfl-2013-2014/pittsburgh-steelers-detroit-lions-EazdHhom/
17 Nov 2013,Regular,0,Tampa Bay Buccaneers,Atlanta Falcons,41,28,-135,104,https://www.oddsportal.com/american-football/usa/nfl-2013-2014/tampa-bay-buccaneers-atlanta-falcons-Q3HHCUaI/
14 Nov 2013,Regular,0,Tennessee Titans,Indianapolis Colts,27,30,122,-153,https://www.oddsportal.com/american-football/usa/nfl-2013-2014/tennessee-titans-indianapolis-colts-2PWiIYVt/
11 Nov 2013,Regular,0,Tampa Bay Buccaneers,Miami Dolphins,22,19,109,-136,https://www.oddsportal.com/american-football/usa/nfl-2013-2014/tampa-bay-buccaneers-miami-dolphins-pppQMENP/
10 Nov 2013,Regular,0,New Orleans Saints,Dallas Cowboys,49,17,-278,212,https://www.oddsportal.com/american-football/usa/nfl-2013-2014/new-orleans-saints-dallas-cowboys-6goMNf8J/
10 Nov 2013,Regular,0,Arizona Cardinals,Houston Texans,27,24,-202,157,https://www.oddsportal.com/american-football/usa/nfl-2013-2014/arizona-cardinals-houston-texans-jo3ZaiGC/
10 Nov 2013,Regular,0,Los Angeles Chargers,Denver Broncos,20,28,237,-317,https://www.oddsportal.com/american-football/usa/nfl-2013-2014/los-angeles-chargers-denver-broncos-Uy2waBVI/
10 Nov 2013,Regular,0,San Francisco 49ers,Carolina Panthers,9,10,-278,210,https://www.oddsportal.com/american-football/usa/nfl-2013-2014/san-francisco-49ers-carolina-panthers-dO3V0X06/
10 Nov 2013,Regular,0,Atlanta Falcons,Seattle Seahawks,10,33,150,-192,https://www.oddsportal.com/american-football/usa/nfl-2013-2014/atlanta-falcons-seattle-seahawks-rLaR1Do0/
10 Nov 2013,Regular,0,Baltimore Ravens,Cincinnati Bengals,20,17,-113,-115,https://www.oddsportal.com/american-football/usa/nfl-2013-2014/baltimore-ravens-cincinnati-bengals-GjTdnYoD/
10 Nov 2013,Regular,0,Chicago Bears,Detroit Lions,19,21,-111,-125,https://www.oddsportal.com/american-football/usa/nfl-2013-2014/chicago-bears-detroit-lions-0dAM2gWg/
10 Nov 2013,Regular,0,Green Bay Packers,Philadelphia Eagles,13,27,-107,-121,https://www.oddsportal.com/american-football/usa/nfl-2013-2014/green-bay-packers-philadelphia-eagles-M5BI3ZGm/
10 Nov 2013,Regular,0,Indianapolis Colts,Los Angeles Rams,8,38,-426,307,https://www.oddsportal.com/american-football/usa/nfl-2013-2014/indianapolis-colts-los-angeles-rams-QLAm9egQ/
10 Nov 2013,Regular,0,New York Giants,Las Vegas Raiders,24,20,-322,241,https://www.oddsportal.com/american-football/usa/nfl-2013-2014/new-york-giants-las-vegas-raiders-rcLrAyvK/
10 Nov 2013,Regular,0,Pittsburgh Steelers,Buffalo Bills,23,10,-153,122,https://www.oddsportal.com/american-football/usa/nfl-2013-2014/pittsburgh-steelers-buffalo-bills-UgHvBHOD/
10 Nov 2013,Regular,0,Tennessee Titans,Jacksonville Jaguars,27,29,-690,466,https://www.oddsportal.com/american-football/usa/nfl-2013-2014/tennessee-titans-jacksonville-jaguars-SUdF4F1s/
07 Nov 2013,Regular,0,Minnesota Vikings,Washington Commanders,34,27,-108,-120,https://www.oddsportal.com/american-football/usa/nfl-2013-2014/minnesota-vikings-washington-commanders-x0UhmEW6/
04 Nov 2013,Regular,0,Green Bay Packers,Chicago Bears,20,27,-527,349,https://www.oddsportal.com/american-football/usa/nfl-2013-2014/green-bay-packers-chicago-bears-KOZmlfH0/
03 Nov 2013,Regular,0,Houston Texans,Indianapolis Colts,24,27,-111,-116,https://www.oddsportal.com/american-football/usa/nfl-2013-2014/houston-texans-indianapolis-colts-tYzpkz2f/
03 Nov 2013,Regular,0,Cleveland Browns,Baltimore Ravens,24,18,102,-130,https://www.oddsportal.com/american-football/usa/nfl-2013-2014/cleveland-browns-baltimore-ravens-nBytjGnl/
03 Nov 2013,Regular,0,New England Patriots,Pittsburgh Steelers,55,31,-286,217,https://www.oddsportal.com/american-football/usa/nfl-2013-2014/new-england-patriots-pittsburgh-steelers-zyYyidXs/
03 Nov 2013,Regular,0,Las Vegas Raiders,Philadelphia Eagles,20,49,-116,-112,https://www.oddsportal.com/american-football/usa/nfl-2013-2014/las-vegas-raiders-philadelphia-eagles-j3d5dI9K/
03 Nov 2013,Regular,0,Seattle Seahawks,Tampa Bay Buccaneers,27,24,-1539,769,https://www.oddsportal.com/american-football/usa/nfl-2013-2014/seattle-seahawks-tampa-bay-buccaneers-Uge9exPQ/
03 Nov 2013,Regular,0,Buffalo Bills,Kansas City Chiefs,13,23,182,-233,https://www.oddsportal.com/american-football/usa/nfl-2013-2014/buffalo-bills-kansas-city-chiefs-hlQ4hlik/
03 Nov 2013,Regular,0,Carolina Panthers,Atlanta Falcons,34,10,-400,281,https://www.oddsportal.com/american-football/usa/nfl-2013-2014/carolina-panthers-atlanta-falcons-Q1OCjSL1/
03 Nov 2013,Regular,0,Dallas Cowboys,Minnesota Vikings,27,23,-500,360,https://www.oddsportal.com/american-football/usa/nfl-2013-2014/dallas-cowboys-minnesota-vikings-v5SGkny8/
03 Nov 2013,Regular,0,Los Angeles Rams,Tennessee Titans,21,28,140,-177,https://www.oddsportal.com/american-football/usa/nfl-2013-2014/los-angeles-rams-tennessee-titans-rwgcbvu8/
03 Nov 2013,Regular,0,New York Jets,New Orleans Saints,26,20,210,-274,https://www.oddsportal.com/american-football/usa/nfl-2013-2014/new-york-jets-new-orleans-saints-MTi1cbfE/
03 Nov 2013,Regular,0,Washington Commanders,Los Angeles Chargers,30,24,-116,-118,https://www.oddsportal.com/american-football/usa/nfl-2013-2014/washington-commanders-los-angeles-chargers-WvP8i86e/
31 Oct 2013,Regular,0,Miami Dolphins,Cincinnati Bengals,22,20,129,-160,https://www.oddsportal.com/american-football/usa/nfl-2013-2014/miami-dolphins-cincinnati-bengals-Cx97gUyq/
28 Oct 2013,Regular,0,Los Angeles Rams,Seattle Seahawks,9,14,525,-800,https://www.oddsportal.com/american-football/usa/nfl-2013-2014/los-angeles-rams-seattle-seahawks-zDovBd7G/
27 Oct 2013,Regular,0,Minnesota Vikings,Green Bay Packers,31,44,257,-345,https://www.oddsportal.com/american-football/usa/nfl-2013-2014/minnesota-vikings-green-bay-packers-tjnzCxhA/
27 Oct 2013,Regular,0,Arizona Cardinals,Atlanta Falcons,27,13,-148,117,https://www.oddsportal.com/american-football/usa/nfl-2013-2014/arizona-cardinals-atlanta-falcons-SnrWCIx4/
27 Oct 2013,Regular,0,Denver Broncos,Washington Commanders,45,21,-625,437,https://www.oddsportal.com/american-football/usa/nfl-2013-2014/denver-broncos-washington-commanders-pOhRDbNc/
27 Oct 2013,Regular,0,Cincinnati Bengals,New York Jets,49,9,-267,205,https://www.oddsportal.com/american-football/usa/nfl-2013-2014/cincinnati-bengals-new-york-jets-6XgNEv8i/
27 Oct 2013,Regular,0,Las Vegas Raiders,Pittsburgh Steelers,21,18,115,-145,https://www.oddsportal.com/american-football/usa/nfl-2013-2014/las-vegas-raiders-pittsburgh-steelers-IH0ujeVj/
27 Oct 2013,Regular,0,Detroit Lions,Dallas Cowboys,31,30,-163,130,https://www.oddsportal.com/american-football/usa/nfl-2013-2014/detroit-lions-dallas-cowboys-vR1yiyGp/
27 Oct 2013,Regular,0,Jacksonville Jaguars,San Francisco 49ers,10,42,824,-1667,https://www.oddsportal.com/american-football/usa/nfl-2013-2014/jacksonville-jaguars-san-francisco-49ers-pADhaa84/
27 Oct 2013,Regular,0,Kansas City Chiefs,Cleveland Browns,23,17,-370,277,https://www.oddsportal.com/american-football/usa/nfl-2013-2014/kansas-city-chiefs-cleveland-browns-YqP8eH7T/
27 Oct 2013,Regular,0,New England Patriots,Miami Dolphins,27,17,-294,224,https://www.oddsportal.com/american-football/usa/nfl-2013-2014/new-england-patriots-miami-dolphins-za65dchN/
27 Oct 2013,Regular,0,New Orleans Saints,Buffalo Bills,35,17,-588,412,https://www.oddsportal.com/american-football/usa/nfl-2013-2014/new-orleans-saints-buffalo-bills-tx71cwwH/
27 Oct 2013,Regular,0,Philadelphia Eagles,New York Giants,7,15,-253,194,https://www.oddsportal.com/american-football/usa/nfl-2013-2014/philadelphia-eagles-new-york-giants-2o8cbJNA/
24 Oct 2013,Regular,0,Tampa Bay Buccaneers,Carolina Panthers,13,31,222,-290,https://www.oddsportal.com/american-football/usa/nfl-2013-2014/tampa-bay-buccaneers-carolina-panthers-6JEl0ugb/
21 Oct 2013,Regular,0,New York Giants,Minnesota Vikings,23,7,-217,171,https://www.oddsportal.com/american-football/usa/nfl-2013-2014/new-york-giants-minnesota-vikings-CdFp1Lwh/
20 Oct 2013,Regular,0,Indianapolis Colts,Denver Broncos,39,33,215,-282,https://www.oddsportal.com/american-football/usa/nfl-2013-2014/indianapolis-colts-denver-broncos-bgBt21Oo/
20 Oct 2013,Regular,0,Green Bay Packers,Cleveland Browns,31,13,-477,342,https://www.oddsportal.com/american-football/usa/nfl-2013-2014/green-bay-packers-cleveland-browns-fuoWsbwU/
20 Oct 2013,Regular,0,Kansas City Chiefs,Houston Texans,17,16,-286,217,https://www.oddsportal.com/american-football/usa/nfl-2013-2014/kansas-city-chiefs-houston-texans-CdgFotv5/
20 Oct 2013,Regular,0,Pittsburgh Steelers,Baltimore Ravens,19,16,-138,110,https://www.oddsportal.com/american-football/usa/nfl-2013-2014/pittsburgh-steelers-baltimore-ravens-dlXcwIoo/
20 Oct 2013,Regular,0,Tennessee Titans,San Francisco 49ers,17,31,145,-183,https://www.oddsportal.com/american-football/usa/nfl-2013-2014/tennessee-titans-san-francisco-49ers-nFoSrvON/
20 Oct 2013,Regular,0,Atlanta Falcons,Tampa Bay Buccaneers,31,23,-286,217,https://www.oddsportal.com/american-football/usa/nfl-2013-2014/atlanta-falcons-tampa-bay-buccaneers-8OnOqK8H/
20 Oct 2013,Regular,0,Carolina Panthers,Los Angeles Rams,30,15,-339,252,https://www.oddsportal.com/american-football/usa/nfl-2013-2014/carolina-panthers-los-angeles-rams-6eQhUv9U/
20 Oct 2013,Regular,0,Detroit Lions,Cincinnati Bengals,24,27,-145,115,https://www.oddsportal.com/american-football/usa/nfl-2013-2014/detroit-lions-cincinnati-bengals-QacJp0gB/
20 Oct 2013,Regular,0,Jacksonville Jaguars,Los Angeles Chargers,6,24,267,-357,https://www.oddsportal.com/american-football/usa/nfl-2013-2014/jacksonville-jaguars-los-angeles-chargers-fLMlVKgO/
20 Oct 2013,Regular,0,Miami Dolphins,Buffalo Bills,21,23,-304,230,https://www.oddsportal.com/american-football/usa/nfl-2013-2014/miami-dolphins-buffalo-bills-IZgBnMOb/
20 Oct 2013,Regular,0,New York Jets,New England Patriots,30,27,156,-200,https://www.oddsportal.com/american-football/usa/nfl-2013-2014/new-york-jets-new-england-patriots-vqe7m29h/
20 Oct 2013,Regular,0,Philadelphia Eagles,Dallas Cowboys,3,17,-169,134,https://www.oddsportal.com/american-football/usa/nfl-2013-2014/philadelphia-eagles-dallas-cowboys-M702lrfn/
20 Oct 2013,Regular,0,Washington Commanders,Chicago Bears,45,41,-109,-120,https://www.oddsportal.com/american-football/usa/nfl-2013-2014/washington-commanders-chicago-bears-rH1bkOvt/
17 Oct 2013,Regular,0,Arizona Cardinals,Seattle Seahawks,22,34,192,-250,https://www.oddsportal.com/american-football/usa/nfl-2013-2014/arizona-cardinals-seattle-seahawks-CdXqW0vI/
14 Oct 2013,Regular,0,Los Angeles Chargers,Indianapolis Colts,19,9,-108,-120,https://www.oddsportal.com/american-football/usa/nfl-2013-2014/los-angeles-chargers-indianapolis-colts-Y5YuXtPB/
13 Oct 2013,Regular,0,Dallas Cowboys,Washington Commanders,31,16,-256,197,https://www.oddsportal.com/american-football/usa/nfl-2013-2014/dallas-cowboys-washington-commanders-4WTyYM95/
13 Oct 2013,Regular,0,New England Patriots,New Orleans Saints,30,27,-129,101,https://www.oddsportal.com/american-football/usa/nfl-2013-2014/new-england-patriots-new-orleans-saints-QuVXY2fa/
13 Oct 2013,Regular,0,San Francisco 49ers,Arizona Cardinals,32,20,-572,400,https://www.oddsportal.com/american-football/usa/nfl-2013-2014/san-francisco-49ers-arizona-cardinals-rHuTZrug/
13 Oct 2013,Regular,0,Denver Broncos,Jacksonville Jaguars,35,19,-10000,1515,https://www.oddsportal.com/american-football/usa/nfl-2013-2014/denver-broncos-jacksonville-jaguars-zixLy5At/
13 Oct 2013,Regular,0,Seattle Seahawks,Tennessee Titans,20,13,-715,474,https://www.oddsportal.com/american-football/usa/nfl-2013-2014/seattle-seahawks-tennessee-titans-UDyPzPPn/
13 Oct 2013,Regular,0,Baltimore Ravens,Green Bay Packers,17,19,-100,-127,https://www.oddsportal.com/american-football/usa/nfl-2013-2014/baltimore-ravens-green-bay-packers-Iaw2LqQa/
13 Oct 2013,Regular,0,Buffalo Bills,Cincinnati Bengals,24,27,199,-260,https://www.oddsportal.com/american-football/usa/nfl-2013-2014/buffalo-bills-cincinnati-bengals-Ysjgto2P/
13 Oct 2013,Regular,0,Cleveland Browns,Detroit Lions,17,31,110,-138,https://www.oddsportal.com/american-football/usa/nfl-2013-2014/cleveland-browns-detroit-lions-nuVIH1PO/
13 Oct 2013,Regular,0,Houston Texans,Los Angeles Rams,13,38,-408,304,https://www.oddsportal.com/american-football/usa/nfl-2013-2014/houston-texans-los-angeles-rams-v9vbMPAg/
13 Oct 2013,Regular,0,Kansas City Chiefs,Las Vegas Raiders,24,7,-400,297,https://www.oddsportal.com/american-football/usa/nfl-2013-2014/kansas-city-chiefs-las-vegas-raiders-8lWEIsAI/
13 Oct 2013,Regular,0,Minnesota Vikings,Carolina Panthers,10,35,-150,120,https://www.oddsportal.com/american-football/usa/nfl-2013-2014/minnesota-vikings-carolina-panthers-ERWAJNfC/
13 Oct 2013,Regular,0,New York Jets,Pittsburgh Steelers,6,19,-117,-114,https://www.oddsportal.com/american-football/usa/nfl-2013-2014/new-york-jets-pittsburgh-steelers-AZZgN5em/
13 Oct 2013,Regular,0,Tampa Bay Buccaneers,Philadelphia Eagles,20,31,115,-145,https://www.oddsportal.com/american-football/usa/nfl-2013-2014/tampa-bay-buccaneers-philadelphia-eagles-0OS6K3u6/
10 Oct 2013,Regular,0,Chicago Bears,New York Giants,27,21,-400,297,https://www.oddsportal.com/american-football/usa/nfl-2013-2014/chicago-bears-new-york-giants-WryjOots/
07 Oct 2013,Regular,0,Atlanta Falcons,New York Jets,28,30,-527,374,https://www.oddsportal.com/american-football/usa/nfl-2013-2014/atlanta-falcons-new-york-jets-joNLuEBE/
06 Oct 2013,Regular,0,Las Vegas Raiders,Los Angeles Chargers,27,17,192,-250,https://www.oddsportal.com/american-football/usa/nfl-2013-2014/las-vegas-raiders-los-angeles-chargers-Q7VZHAJ7/
06 Oct 2013,Regular,0,San Francisco 49ers,Houston Texans,34,3,-233,180,https://www.oddsportal.com/american-football/usa/nfl-2013-2014/san-francisco-49ers-houston-texans-vBJHtfd8/
06 Oct 2013,Regular,0,Dallas Cowboys,Denver Broncos,48,51,274,-364,https://www.oddsportal.com/american-football/usa/nfl-2013-2014/dallas-cowboys-denver-broncos-nHWVIj41/
06 Oct 2013,Regular,0,Arizona Cardinals,Carolina Panthers,22,6,128,-163,https://www.oddsportal.com/american-football/usa/nfl-2013-2014/arizona-cardinals-carolina-panthers-UuxRJWle/
06 Oct 2013,Regular,0,Green Bay Packers,Detroit Lions,22,9,-392,291,https://www.oddsportal.com/american-football/usa/nfl-2013-2014/green-bay-packers-detroit-lions-jRbvTzS8/
06 Oct 2013,Regular,0,Indianapolis Colts,Seattle Seahawks,34,28,118,-148,https://www.oddsportal.com/american-football/usa/nfl-2013-2014/indianapolis-colts-seattle-seahawks-AVLi5XZ1/
06 Oct 2013,Regular,0,New York Giants,Philadelphia Eagles,21,36,-104,-123,https://www.oddsportal.com/american-football/usa/nfl-2013-2014/new-york-giants-philadelphia-eagles-bibrSfsF/
06 Oct 2013,Regular,0,Tennessee Titans,Kansas City Chiefs,17,26,115,-145,https://www.oddsportal.com/american-football/usa/nfl-2013-2014/tennessee-titans-kansas-city-chiefs-Cz0zUGC2/
06 Oct 2013,Regular,0,Chicago Bears,New Orleans Saints,18,26,-122,-106,https://www.oddsportal.com/american-football/usa/nfl-2013-2014/chicago-bears-new-orleans-saints-jkwNKCZl/
06 Oct 2013,Regular,0,Cincinnati Bengals,New England Patriots,13,6,-110,-119,https://www.oddsportal.com/american-football/usa/nfl-2013-2014/cincinnati-bengals-new-england-patriots-dSwJLhKr/
06 Oct 2013,Regular,0,Los Angeles Rams,Jacksonville Jaguars,34,20,-588,407,https://www.oddsportal.com/american-football/usa/nfl-2013-2014/los-angeles-rams-jacksonville-jaguars-K6niQYBR/
06 Oct 2013,Regular,0,Miami Dolphins,Baltimore Ravens,23,26,-150,120,https://www.oddsportal.com/american-football/usa/nfl-2013-2014/miami-dolphins-baltimore-ravens-xrcnREdL/
03 Oct 2013,Regular,0,Cleveland Browns,Buffalo Bills,37,24,-200,157,https://www.oddsportal.com/american-football/usa/nfl-2013-2014/cleveland-browns-buffalo-bills-dSHm6DKe/
30 Sep 2013,Regular,0,New Orleans Saints,Miami Dolphins,38,17,-351,261,https://www.oddsportal.com/american-football/usa/nfl-2013-2014/new-orleans-saints-miami-dolphins-25Iq7g5k/
29 Sep 2013,Regular,0,Atlanta Falcons,New England Patriots,23,30,-151,119,https://www.oddsportal.com/american-football/usa/nfl-2013-2014/atlanta-falcons-new-england-patriots-OEJu8Zkq/
29 Sep 2013,Regular,0,Denver Broncos,Philadelphia Eagles,52,20,-541,380,https://www.oddsportal.com/american-football/usa/nfl-2013-2014/denver-broncos-philadelphia-eagles-rLyDCFsS/
29 Sep 2013,Regular,0,Las Vegas Raiders,Washington Commanders,14,24,147,-187,https://www.oddsportal.com/american-football/usa/nfl-2013-2014/las-vegas-raiders-washington-commanders-A7w5EyDF/
29 Sep 2013,Regular,0,Los Angeles Chargers,Dallas Cowboys,30,21,-109,-120,https://www.oddsportal.com/american-football/usa/nfl-2013-2014/los-angeles-chargers-dallas-cowboys-4Ux9DeSL/
29 Sep 2013,Regular,0,Tennessee Titans,New York Jets,38,13,-192,150,https://www.oddsportal.com/american-football/usa/nfl-2013-2014/tennessee-titans-new-york-jets-CMK1FHc9/
29 Sep 2013,Regular,0,Buffalo Bills,Baltimore Ravens,23,20,147,-187,https://www.oddsportal.com/american-football/usa/nfl-2013-2014/buffalo-bills-baltimore-ravens-UcVdGcr3/
29 Sep 2013,Regular,0,Cleveland Browns,Cincinnati Bengals,17,6,155,-198,https://www.oddsportal.com/american-football/usa/nfl-2013-2014/cleveland-browns-cincinnati-bengals-j7WhHwTd/
29 Sep 2013,Regular,0,Detroit Lions,Chicago Bears,40,32,-154,123,https://www.oddsportal.com/american-football/usa/nfl-2013-2014/detroit-lions-chicago-bears-2iwBhfjd/
29 Sep 2013,Regular,0,Houston Texans,Seattle Seahawks,20,23,-101,-125,https://www.oddsportal.com/american-football/usa/nfl-2013-2014/houston-texans-seattle-seahawks-W2aS0IrG/
29 Sep 2013,Regular,0,Jacksonville Jaguars,Indianapolis Colts,3,37,304,-408,https://www.oddsportal.com/american-football/usa/nfl-2013-2014/jacksonville-jaguars-indianapolis-colts-AgbWaxbM/
29 Sep 2013,Regular,0,Kansas City Chiefs,New York Giants,31,7,-206,162,https://www.oddsportal.com/american-football/usa/nfl-2013-2014/kansas-city-chiefs-new-york-giants-O0v7gzyj/
29 Sep 2013,Regular,0,Minnesota Vikings,Pittsburgh Steelers,34,27,127,-160,https://www.oddsportal.com/american-football/usa/nfl-2013-2014/minnesota-vikings-pittsburgh-steelers-txk2fGLq/
29 Sep 2013,Regular,0,Tampa Bay Buccaneers,Arizona Cardinals,10,13,-139,110,https://www.oddsportal.com/american-football/usa/nfl-2013-2014/tampa-bay-buccaneers-arizona-cardinals-4GczadDS/
26 Sep 2013,Regular,0,Los Angeles Rams,San Francisco 49ers,11,35,145,-182,https://www.oddsportal.com/american-football/usa/nfl-2013-2014/los-angeles-rams-san-francisco-49ers-jirV1bT9/
23 Sep 2013,Regular,0,Denver Broncos,Las Vegas Raiders,37,21,-1819,874,https://www.oddsportal.com/american-football/usa/nfl-2013-2014/denver-broncos-las-vegas-raiders-C0qR2vE3/
22 Sep 2013,Regular,0,Pittsburgh Steelers,Chicago Bears,23,40,106,-136,https://www.oddsportal.com/american-football/usa/nfl-2013-2014/pittsburgh-steelers-chicago-bears-IwpN3Kbc/
22 Sep 2013,Regular,0,New York Jets,Buffalo Bills,27,20,-141,112,https://www.oddsportal.com/american-football/usa/nfl-2013-2014/new-york-jets-buffalo-bills-4ztJ40qi/
22 Sep 2013,Regular,0,San Francisco 49ers,Indianapolis Colts,7,27,-477,345,https://www.oddsportal.com/american-football/usa/nfl-2013-2014/san-francisco-49ers-indianapolis-colts-2V1ztH6j/
22 Sep 2013,Regular,0,Seattle Seahawks,Jacksonville Jaguars,45,17,-10000,1536,https://www.oddsportal.com/american-football/usa/nfl-2013-2014/seattle-seahawks-jacksonville-jaguars-Ov3Wtcip/
22 Sep 2013,Regular,0,Miami Dolphins,Atlanta Falcons,27,23,-154,123,https://www.oddsportal.com/american-football/usa/nfl-2013-2014/miami-dolphins-atlanta-falcons-WnB4owqT/
22 Sep 2013,Regular,0,Baltimore Ravens,Houston Texans,30,9,-123,-105,https://www.oddsportal.com/american-football/usa/nfl-2013-2014/baltimore-ravens-houston-texans-4xBPp6hI/
22 Sep 2013,Regular,0,Carolina Panthers,New York Giants,38,0,101,-128,https://www.oddsportal.com/american-football/usa/nfl-2013-2014/carolina-panthers-new-york-giants-GEwgTwNp/
22 Sep 2013,Regular,0,Cincinnati Bengals,Green Bay Packers,34,30,118,-148,https://www.oddsportal.com/american-football/usa/nfl-2013-2014/cincinnati-bengals-green-bay-packers-hdC0nJTM/
22 Sep 2013,Regular,0,Dallas Cowboys,Los Angeles Rams,31,7,-192,150,https://www.oddsportal.com/american-football/usa/nfl-2013-2014/dallas-cowboys-los-angeles-rams-AXMemaEG/
22 Sep 2013,Regular,0,Minnesota Vikings,Cleveland Browns,27,31,-328,247,https://www.oddsportal.com/american-football/usa/nfl-2013-2014/minnesota-vikings-cleveland-browns-4zKmkLq4/
22 Sep 2013,Regular,0,New England Patriots,Tampa Bay Buccaneers,23,3,-363,272,https://www.oddsportal.com/american-football/usa/nfl-2013-2014/new-england-patriots-tampa-bay-buccaneers-QqLqj1Uc/
22 Sep 2013,Regular,0,New Orleans Saints,Arizona Cardinals,31,7,-351,261,https://www.oddsportal.com/american-football/usa/nfl-2013-2014/new-orleans-saints-arizona-cardinals-88QvisFi/
22 Sep 2013,Regular,0,Tennessee Titans,Los Angeles Chargers,20,17,-159,127,https://www.oddsportal.com/american-football/usa/nfl-2013-2014/tennessee-titans-los-angeles-chargers-bcJiluaA/
22 Sep 2013,Regular,0,Washington Commanders,Detroit Lions,20,27,-121,-105,https://www.oddsportal.com/american-football/usa/nfl-2013-2014/washington-commanders-detroit-lions-UHRzhNao/
19 Sep 2013,Regular,0,Philadelphia Eagles,Kansas City Chiefs,16,26,-185,147,https://www.oddsportal.com/american-football/usa/nfl-2013-2014/philadelphia-eagles-kansas-city-chiefs-MDLKonwC/
16 Sep 2013,Regular,0,Cincinnati Bengals,Pittsburgh Steelers,20,10,-299,227,https://www.oddsportal.com/american-football/usa/nfl-2013-2014/cincinnati-bengals-pittsburgh-steelers-rNMGnSN5/
15 Sep 2013,Regular,0,Seattle Seahawks,San Francisco 49ers,29,3,-160,128,https://www.oddsportal.com/american-football/usa/nfl-2013-2014/seattle-seahawks-san-francisco-49ers-ln8Dm88a/
15 Sep 2013,Regular,0,Las Vegas Raiders,Jacksonville Jaguars,19,9,-204,160,https://www.oddsportal.com/american-football/usa/nfl-2013-2014/las-vegas-raiders-jacksonville-jaguars-Ae99llgg/
15 Sep 2013,Regular,0,New York Giants,Denver Broncos,23,41,154,-196,https://www.oddsportal.com/american-football/usa/nfl-2013-2014/new-york-giants-denver-broncos-SWJ4kUwm/
15 Sep 2013,Regular,0,Arizona Cardinals,Detroit Lions,25,21,102,-129,https://www.oddsportal.com/american-football/usa/nfl-2013-2014/arizona-cardinals-detroit-lions-dlTYfjGP/
15 Sep 2013,Regular,0,Tampa Bay Buccaneers,New Orleans Saints,14,16,137,-173,https://www.oddsportal.com/american-football/usa/nfl-2013-2014/tampa-bay-buccaneers-new-orleans-saints-ETF0jAOt/
15 Sep 2013,Regular,0,Baltimore Ravens,Cleveland Browns,14,6,-299,227,https://www.oddsportal.com/american-football/usa/nfl-2013-2014/baltimore-ravens-cleveland-browns-v7cHaWol/
15 Sep 2013,Regular,0,Buffalo Bills,Carolina Panthers,24,23,151,-191,https://www.oddsportal.com/american-football/usa/nfl-2013-2014/buffalo-bills-carolina-panthers-pAmxe80J/
15 Sep 2013,Regular,0,Chicago Bears,Minnesota Vikings,31,30,-286,217,https://www.oddsportal.com/american-football/usa/nfl-2013-2014/chicago-bears-minnesota-vikings-6JlYeloD/
15 Sep 2013,Regular,0,Green Bay Packers,Washington Commanders,38,20,-400,297,https://www.oddsportal.com/american-football/usa/nfl-2013-2014/green-bay-packers-washington-commanders-CdkUdUV6/
15 Sep 2013,Regular,0,Houston Texans,Tennessee Titans,30,24,-378,282,https://www.oddsportal.com/american-football/usa/nfl-2013-2014/houston-texans-tennessee-titans-AXhD0CWs/
15 Sep 2013,Regular,0,Indianapolis Colts,Miami Dolphins,20,24,-138,110,https://www.oddsportal.com/american-football/usa/nfl-2013-2014/indianapolis-colts-miami-dolphins-0MoQcAG0/
15 Sep 2013,Regular,0,Kansas City Chiefs,Dallas Cowboys,17,16,-174,138,https://www.oddsportal.com/american-football/usa/nfl-2013-2014/kansas-city-chiefs-dallas-cowboys-IcdLbj1f/
15 Sep 2013,Regular,0,Philadelphia Eagles,Los Angeles Chargers,30,33,-345,257,https://www.oddsportal.com/american-football/usa/nfl-2013-2014/philadelphia-eagles-los-angeles-chargers-8O6o5hOQ/
15 Sep 2013,Regular,0,Atlanta Falcons,Los Angeles Rams,31,24,-222,174,https://www.oddsportal.com/american-football/usa/nfl-2013-2014/atlanta-falcons-los-angeles-rams-IcUUeW0J/
12 Sep 2013,Regular,0,New England Patriots,New York Jets,13,10,-625,415,https://www.oddsportal.com/american-football/usa/nfl-2013-2014/new-england-patriots-new-york-jets-QaHt6Y8K/
09 Sep 2013,Regular,0,Los Angeles Chargers,Houston Texans,28,31,177,-224,https://www.oddsportal.com/american-football/usa/nfl-2013-2014/los-angeles-chargers-houston-texans-CdDx7EgE/
09 Sep 2013,Regular,0,Washington Commanders,Philadelphia Eagles,27,33,-200,157,https://www.oddsportal.com/american-football/usa/nfl-2013-2014/washington-commanders-philadelphia-eagles-bgPfrVGD/
08 Sep 2013,Regular,0,Dallas Cowboys,New York Giants,36,31,-192,151,https://www.oddsportal.com/american-football/usa/nfl-2013-2014/dallas-cowboys-new-york-giants-K2QjqB17/
08 Sep 2013,Regular,0,Los Angeles Rams,Arizona Cardinals,27,24,-211,164,https://www.oddsportal.com/american-football/usa/nfl-2013-2014/los-angeles-rams-arizona-cardinals-00AkoXWf/
08 Sep 2013,Regular,0,San Francisco 49ers,Green Bay Packers,34,28,-247,190,https://www.oddsportal.com/american-football/usa/nfl-2013-2014/san-francisco-49ers-green-bay-packers-vi9gpin1/
08 Sep 2013,Regular,0,Buffalo Bills,New England Patriots,21,23,352,-488,https://www.oddsportal.com/american-football/usa/nfl-2013-2014/buffalo-bills-new-england-patriots-6wBonDHl/
08 Sep 2013,Regular,0,Carolina Panthers,Seattle Seahawks,7,12,137,-173,https://www.oddsportal.com/american-football/usa/nfl-2013-2014/carolina-panthers-seattle-seahawks-6PVCXD2e/
08 Sep 2013,Regular,0,Chicago Bears,Cincinnati Bengals,24,21,-163,130,https://www.oddsportal.com/american-football/usa/nfl-2013-2014/chicago-bears-cincinnati-bengals-hz7smg2r/
08 Sep 2013,Regular,0,Cleveland Browns,Miami Dolphins,10,23,-132,104,https://www.oddsportal.com/american-football/usa/nfl-2013-2014/cleveland-browns-miami-dolphins-ngUEiZgR/
08 Sep 2013,Regular,0,Detroit Lions,Minnesota Vikings,34,24,-219,172,https://www.oddsportal.com/american-football/usa/nfl-2013-2014/detroit-lions-minnesota-vikings-bXmKViX7/
08 Sep 2013,Regular,0,Indianapolis Colts,Las Vegas Raiders,21,17,-645,442,https://www.oddsportal.com/american-football/usa/nfl-2013-2014/indianapolis-colts-las-vegas-raiders-0nVGWXH1/
08 Sep 2013,Regular,0,Jacksonville Jaguars,Kansas City Chiefs,2,28,153,-196,https://www.oddsportal.com/american-football/usa/nfl-2013-2014/jacksonville-jaguars-kansas-city-chiefs-SYW8Ygmk/
08 Sep 2013,Regular,0,New Orleans Saints,Atlanta Falcons,23,17,-198,147,https://www.oddsportal.com/american-football/usa/nfl-2013-2014/new-orleans-saints-atlanta-falcons-82VAhFvL/
08 Sep 2013,Regular,0,New York Jets,Tampa Bay Buccaneers,18,17,160,-204,https://www.oddsportal.com/american-football/usa/nfl-2013-2014/new-york-jets-tampa-bay-buccaneers-vTQ6gePE/
08 Sep 2013,Regular,0,Pittsburgh Steelers,Tennessee Titans,9,16,-275,210,https://www.oddsportal.com/american-football/usa/nfl-2013-2014/pittsburgh-steelers-tennessee-titans-0xS2fyA8/
05 Sep 2013,Regular,0,Denver Broncos,Baltimore Ravens,49,27,-351,260,https://www.oddsportal.com/american-football/usa/nfl-2013-2014/denver-broncos-baltimore-ravens-Acx4ZZXr/
29 Aug 2013,Pre-season,0,Los Angeles Chargers,San Francisco 49ers,6,41,,,https://www.oddsportal.com/american-football/usa/nfl-2013-2014/los-angeles-chargers-san-francisco-49ers-dSyBRoz5/
29 Aug 2013,Pre-season,0,Seattle Seahawks,Las Vegas Raiders,22,6,,,https://www.oddsportal.com/american-football/usa/nfl-2013-2014/seattle-seahawks-las-vegas-raiders-AVuFQ5kB/
29 Aug 2013,Pre-season,0,Denver Broncos,Arizona Cardinals,24,32,,,https://www.oddsportal.com/american-football/usa/nfl-2013-2014/denver-broncos-arizona-cardinals-25x7SRKb/
29 Aug 2013,Pre-season,0,Chicago Bears,Cleveland Browns,16,18,,,https://www.oddsportal.com/american-football/usa/nfl-2013-2014/chicago-bears-cleveland-browns-ttXdAp5U/
29 Aug 2013,Pre-season,0,Dallas Cowboys,Houston Texans,6,24,,,https://www.oddsportal.com/american-football/usa/nfl-2013-2014/dallas-cowboys-houston-texans-SxThBQkO/
29 Aug 2013,Pre-season,0,Kansas City Chiefs,Green Bay Packers,30,8,,,https://www.oddsportal.com/american-football/usa/nfl-2013-2014/kansas-city-chiefs-green-bay-packers-I182VTzt/
29 Aug 2013,Pre-season,0,Los Angeles Rams,Baltimore Ravens,24,21,,,https://www.oddsportal.com/american-football/usa/nfl-2013-2014/los-angeles-rams-baltimore-ravens-dh76Umjn/
29 Aug 2013,Pre-season,0,Minnesota Vikings,Tennessee Titans,24,23,,,https://www.oddsportal.com/american-football/usa/nfl-2013-2014/minnesota-vikings-tennessee-titans-OEw3T75h/
29 Aug 2013,Pre-season,0,Atlanta Falcons,Jacksonville Jaguars,16,20,,,https://www.oddsportal.com/american-football/usa/nfl-2013-2014/atlanta-falcons-jacksonville-jaguars-6NvpDnLB/
29 Aug 2013,Pre-season,0,Carolina Panthers,Pittsburgh Steelers,25,10,,,https://www.oddsportal.com/american-football/usa/nfl-2013-2014/carolina-panthers-pittsburgh-steelers-GYoXFlyg/
29 Aug 2013,Pre-season,0,Miami Dolphins,New Orleans Saints,24,21,,,https://www.oddsportal.com/american-football/usa/nfl-2013-2014/miami-dolphins-new-orleans-saints-pEwlC6zI/
29 Aug 2013,Pre-season,0,New England Patriots,New York Giants,28,20,,,https://www.oddsportal.com/american-football/usa/nfl-2013-2014/new-england-patriots-new-york-giants-bcyxF8ja/
29 Aug 2013,Pre-season,0,Tampa Bay Buccaneers,Washington Commanders,12,30,,,https://www.oddsportal.com/american-football/usa/nfl-2013-2014/tampa-bay-buccaneers-washington-commanders-xlztES55/
29 Aug 2013,Pre-season,0,Buffalo Bills,Detroit Lions,13,35,,,https://www.oddsportal.com/american-football/usa/nfl-2013-2014/buffalo-bills-detroit-lions-8SdcMjbP/
29 Aug 2013,Pre-season,0,Cincinnati Bengals,Indianapolis Colts,27,10,,,https://www.oddsportal.com/american-football/usa/nfl-2013-2014/cincinnati-bengals-indianapolis-colts-AyqPHA6t/
29 Aug 2013,Pre-season,0,New York Jets,Philadelphia Eagles,27,20,,,https://www.oddsportal.com/american-football/usa/nfl-2013-2014/new-york-jets-philadelphia-eagles-4brTGULn/
25 Aug 2013,Pre-season,0,San Francisco 49ers,Minnesota Vikings,34,14,,,https://www.oddsportal.com/american-football/usa/nfl-2013-2014/san-francisco-49ers-minnesota-vikings-WADEc7LO/
25 Aug 2013,Pre-season,0,Houston Texans,New Orleans Saints,23,31,,,https://www.oddsportal.com/american-football/usa/nfl-2013-2014/houston-texans-new-orleans-saints-hKEAbm6I/
24 Aug 2013,Pre-season,0,Arizona Cardinals,Los Angeles Chargers,7,24,,,https://www.oddsportal.com/american-football/usa/nfl-2013-2014/arizona-cardinals-los-angeles-chargers-bcF6aTjC/
24 Aug 2013,Pre-season,0,Dallas Cowboys,Cincinnati Bengals,24,18,,,https://www.oddsportal.com/american-football/usa/nfl-2013-2014/dallas-cowboys-cincinnati-bengals-pfB209y6/
24 Aug 2013,Pre-season,0,Denver Broncos,Los Angeles Rams,27,26,,,https://www.oddsportal.com/american-football/usa/nfl-2013-2014/denver-broncos-los-angeles-rams-2VLc1kMa/
24 Aug 2013,Pre-season,0,Tennessee Titans,Atlanta Falcons,27,16,,,https://www.oddsportal.com/american-football/usa/nfl-2013-2014/tennessee-titans-atlanta-falcons-OvNg2V6g/
24 Aug 2013,Pre-season,0,Jacksonville Jaguars,Philadelphia Eagles,24,31,,,https://www.oddsportal.com/american-football/usa/nfl-2013-2014/jacksonville-jaguars-philadelphia-eagles-GENk3Bim/
24 Aug 2013,Pre-season,0,Miami Dolphins,Tampa Bay Buccaneers,16,17,,,https://www.oddsportal.com/american-football/usa/nfl-2013-2014/miami-dolphins-tampa-bay-buccaneers-WtnJ8XTP/
24 Aug 2013,Pre-season,0,Pittsburgh Steelers,Kansas City Chiefs,20,26,,,https://www.oddsportal.com/american-football/usa/nfl-2013-2014/pittsburgh-steelers-kansas-city-chiefs-xOOo4ixs/
24 Aug 2013,Pre-season,0,Indianapolis Colts,Cleveland Browns,27,6,,,https://www.oddsportal.com/american-football/usa/nfl-2013-2014/indianapolis-colts-cleveland-browns-IwrF9DEJ/
24 Aug 2013,Pre-season,0,New York Giants,New York Jets,21,24,,,https://www.oddsportal.com/american-football/usa/nfl-2013-2014/new-york-giants-new-york-jets-4zfXpUyJ/
24 Aug 2013,Pre-season,0,Washington Commanders,Buffalo Bills,30,7,,,https://www.oddsportal.com/american-football/usa/nfl-2013-2014/washington-commanders-buffalo-bills-QqeToAMC/
23 Aug 2013,Pre-season,0,Las Vegas Raiders,Chicago Bears,26,34,,,https://www.oddsportal.com/american-football/usa/nfl-2013-2014/las-vegas-raiders-chicago-bears-880Onj76/
23 Aug 2013,Pre-season,0,Green Bay Packers,Seattle Seahawks,10,17,,,https://www.oddsportal.com/american-football/usa/nfl-2013-2014/green-bay-packers-seattle-seahawks-UH1KmWi0/
22 Aug 2013,Pre-season,0,Baltimore Ravens,Carolina Panthers,27,34,,,https://www.oddsportal.com/american-football/usa/nfl-2013-2014/baltimore-ravens-carolina-panthers-ze2GlCxf/
22 Aug 2013,Pre-season,0,Detroit Lions,New England Patriots,40,9,,,https://www.oddsportal.com/american-football/usa/nfl-2013-2014/detroit-lions-new-england-patriots-xAqDkhNm/
19 Aug 2013,Pre-season,0,Washington Commanders,Pittsburgh Steelers,24,13,,,https://www.oddsportal.com/american-football/usa/nfl-2013-2014/washington-commanders-pittsburgh-steelers-fof8jY7s/
18 Aug 2013,Pre-season,0,New York Giants,Indianapolis Colts,12,20,,,https://www.oddsportal.com/american-football/usa/nfl-2013-2014/new-york-giants-indianapolis-colts-ILWv80wF/
17 Aug 2013,Pre-season,0,Seattle Seahawks,Denver Broncos,40,10,,,https://www.oddsportal.com/american-football/usa/nfl-2013-2014/seattle-seahawks-denver-broncos-lnSz9tO8/
17 Aug 2013,Pre-season,0,Houston Texans,Miami Dolphins,24,17,,,https://www.oddsportal.com/american-football/usa/nfl-2013-2014/houston-texans-miami-dolphins-AeTW9M82/
17 Aug 2013,Pre-season,0,Los Angeles Rams,Green Bay Packers,7,19,,,https://www.oddsportal.com/american-football/usa/nfl-2013-2014/los-angeles-rams-green-bay-packers-8jklowW1/
17 Aug 2013,Pre-season,0,New York Jets,Jacksonville Jaguars,37,13,,,https://www.oddsportal.com/american-football/usa/nfl-2013-2014/new-york-jets-jacksonville-jaguars-fmopnJGe/
17 Aug 2013,Pre-season,0,Cincinnati Bengals,Tennessee Titans,27,19,,,https://www.oddsportal.com/american-football/usa/nfl-2013-2014/cincinnati-bengals-tennessee-titans-0Qotma1k/
17 Aug 2013,Pre-season,0,Arizona Cardinals,Dallas Cowboys,12,7,,,https://www.oddsportal.com/american-football/usa/nfl-2013-2014/arizona-cardinals-dallas-cowboys-MZnxlunq/
16 Aug 2013,Pre-season,0,Kansas City Chiefs,San Francisco 49ers,13,15,,,https://www.oddsportal.com/american-football/usa/nfl-2013-2014/kansas-city-chiefs-san-francisco-49ers-php9fs9F/
16 Aug 2013,Pre-season,0,New England Patriots,Tampa Bay Buccaneers,25,21,,,https://www.oddsportal.com/american-football/usa/nfl-2013-2014/new-england-patriots-tampa-bay-buccaneers-vFqDg1OL/
16 Aug 2013,Pre-season,0,New Orleans Saints,Las Vegas Raiders,28,20,,,https://www.oddsportal.com/american-football/usa/nfl-2013-2014/new-orleans-saints-las-vegas-raiders-I5rHhLwS/
16 Aug 2013,Pre-season,0,Buffalo Bills,Minnesota Vikings,20,16,,,https://www.oddsportal.com/american-football/usa/nfl-2013-2014/buffalo-bills-minnesota-vikings-Wlt5eNg9/
15 Aug 2013,Pre-season,0,Chicago Bears,Los Angeles Chargers,33,28,,,https://www.oddsportal.com/american-football/usa/nfl-2013-2014/chicago-bears-los-angeles-chargers-lQj0d3v3/
15 Aug 2013,Pre-season,0,Baltimore Ravens,Atlanta Falcons,27,23,,,https://www.oddsportal.com/american-football/usa/nfl-2013-2014/baltimore-ravens-atlanta-falcons-MJbEYand/
15 Aug 2013,Pre-season,0,Cleveland Browns,Detroit Lions,24,6,,,https://www.oddsportal.com/american-football/usa/nfl-2013-2014/cleveland-browns-detroit-lions-AZidcqPd/
15 Aug 2013,Pre-season,0,Philadelphia Eagles,Carolina Panthers,14,9,,,https://www.oddsportal.com/american-football/usa/nfl-2013-2014/philadelphia-eagles-carolina-panthers-rTaAZuXk/
11 Aug 2013,Pre-season,0,Indianapolis Colts,Buffalo Bills,20,44,,,https://www.oddsportal.com/american-football/usa/nfl-2013-2014/indianapolis-colts-buffalo-bills-04A5zMHq/
10 Aug 2013,Pre-season,0,Pittsburgh Steelers,New York Giants,13,18,,,https://www.oddsportal.com/american-football/usa/nfl-2013-2014/pittsburgh-steelers-new-york-giants-QBJwu29S/
09 Aug 2013,Pre-season,0,Las Vegas Raiders,Dallas Cowboys,19,17,,,https://www.oddsportal.com/american-football/usa/nfl-2013-2014/las-vegas-raiders-dallas-cowboys-WlKZurfM/
09 Aug 2013,Pre-season,0,Carolina Panthers,Chicago Bears,24,17,,,https://www.oddsportal.com/american-football/usa/nfl-2013-2014/carolina-panthers-chicago-bears-hbLVtOvG/
09 Aug 2013,Pre-season,0,Green Bay Packers,Arizona Cardinals,0,17,,,https://www.oddsportal.com/american-football/usa/nfl-2013-2014/green-bay-packers-arizona-cardinals-29SIqQfc/
09 Aug 2013,Pre-season,0,Minnesota Vikings,Houston Texans,13,27,,,https://www.oddsportal.com/american-football/usa/nfl-2013-2014/minnesota-vikings-houston-texans-zNQQs4P9/
09 Aug 2013,Pre-season,0,New Orleans Saints,Kansas City Chiefs,17,13,,,https://www.oddsportal.com/american-football/usa/nfl-2013-2014/new-orleans-saints-kansas-city-chiefs-dWRMrpA3/
09 Aug 2013,Pre-season,0,Detroit Lions,New York Jets,26,17,,,https://www.oddsportal.com/american-football/usa/nfl-2013-2014/detroit-lions-new-york-jets-6saUxfMp/
09 Aug 2013,Pre-season,0,Jacksonville Jaguars,Miami Dolphins,3,27,,,https://www.oddsportal.com/american-football/usa/nfl-2013-2014/jacksonville-jaguars-miami-dolphins-pYcYyEyi/
09 Aug 2013,Pre-season,0,Philadelphia Eagles,New England Patriots,22,31,,,https://www.oddsportal.com/american-football/usa/nfl-2013-2014/philadelphia-eagles-new-england-patriots-l6OEp6ui/
08 Aug 2013,Pre-season,0,Los Angeles Chargers,Seattle Seahawks,10,31,,,https://www.oddsportal.com/american-football/usa/nfl-2013-2014/los-angeles-chargers-seattle-seahawks-llc3szET/
08 Aug 2013,Pre-season,0,San Francisco 49ers,Denver Broncos,6,10,,,https://www.oddsportal.com/american-football/usa/nfl-2013-2014/san-francisco-49ers-denver-broncos-AcbarGbN/
08 Aug 2013,Pre-season,0,Atlanta Falcons,Cincinnati Bengals,10,34,,,https://www.oddsportal.com/american-football/usa/nfl-2013-2014/atlanta-falcons-cincinnati-bengals-SY8fqdqH/
08 Aug 2013,Pre-season,0,Cleveland Browns,Los Angeles Rams,27,19,,,https://www.oddsportal.com/american-football/usa/nfl-2013-2014/cleveland-browns-los-angeles-rams-EV4jpxUA/
08 Aug 2013,Pre-season,0,Tennessee Titans,Washington Commanders,21,22,,,https://www.oddsportal.com/american-football/usa/nfl-2013-2014/tennessee-titans-washington-commanders-K85noIE4/
08 Aug 2013,Pre-season,0,Tampa Bay Buccaneers,Baltimore Ravens,16,44,,,https://www.oddsportal.com/american-football/usa/nfl-2013-2014/tampa-bay-buccaneers-baltimore-ravens-tI6rnbab/
04 Aug 2013,Pre-season,0,Dallas Cowboys,Miami Dolphins,24,20,,,https://www.oddsportal.com/american-football/usa/nfl-2013-2014/dallas-cowboys-miami-dolphins-OtCwmvph/
03 Feb 2013,Play Offs,0,San Francisco 49ers,Baltimore Ravens,31,34,,,https://www.oddsportal.com/american-football/usa/nfl-2012-2013/san-francisco-49ers-baltimore-ravens-4MlTorHS/
27 Jan 2013,All Stars,0,NFC,AFC,62,35,,,https://www.oddsportal.com/american-football/usa/nfl-2012-2013/nfc-afc-lEfzxW0q/
20 Jan 2013,Play Offs,0,New England Patriots,Baltimore Ravens,13,28,,,https://www.oddsportal.com/american-football/usa/nfl-2012-2013/new-england-patriots-baltimore-ravens-ABmegKQh/
20 Jan 2013,Play Offs,0,Atlanta Falcons,San Francisco 49ers,24,28,,,https://www.oddsportal.com/american-football/usa/nfl-2012-2013/atlanta-falcons-san-francisco-49ers-ldanetdt/
13 Jan 2013,Play Offs,0,New England Patriots,Houston Texans,41,28,,,https://www.oddsportal.com/american-football/usa/nfl-2012-2013/new-england-patriots-houston-texans-t2rHxM67/
13 Jan 2013,Play Offs,0,Atlanta Falcons,Seattle Seahawks,30,28,,,https://www.oddsportal.com/american-football/usa/nfl-2012-2013/atlanta-falcons-seattle-seahawks-KWy6NYwT/
12 Jan 2013,Play Offs,0,San Francisco 49ers,Green Bay Packers,45,31,,,https://www.oddsportal.com/american-football/usa/nfl-2012-2013/san-francisco-49ers-green-bay-packers-UHya15q8/
12 Jan 2013,Play Offs,0,Denver Broncos,Baltimore Ravens,35,38,,,https://www.oddsportal.com/american-football/usa/nfl-2012-2013/denver-broncos-baltimore-ravens-x8n1OEOM/
06 Jan 2013,Play Offs,0,Washington Commanders,Seattle Seahawks,14,24,,,https://www.oddsportal.com/american-football/usa/nfl-2012-2013/washington-commanders-seattle-seahawks-65kRbew8/
06 Jan 2013,Play Offs,0,Baltimore Ravens,Indianapolis Colts,24,9,,,https://www.oddsportal.com/american-football/usa/nfl-2012-2013/baltimore-ravens-indianapolis-colts-EcXJ0H8e/
05 Jan 2013,Play Offs,0,Green Bay Packers,Minnesota Vikings,24,10,,,https://www.oddsportal.com/american-football/usa/nfl-2012-2013/green-bay-packers-minnesota-vikings-AwG77ms8/
05 Jan 2013,Play Offs,0,Houston Texans,Cincinnati Bengals,19,13,,,https://www.oddsportal.com/american-football/usa/nfl-2012-2013/houston-texans-cincinnati-bengals-8KWNayO1/
30 Dec 2012,Regular,0,Washington Commanders,Dallas Cowboys,28,18,-191,145,https://www.oddsportal.com/american-football/usa/nfl-2012-2013/washington-commanders-dallas-cowboys-feLTQuY6/
30 Dec 2012,Regular,0,Denver Broncos,Kansas City Chiefs,38,3,-1819,789,https://www.oddsportal.com/american-football/usa/nfl-2012-2013/denver-broncos-kansas-city-chiefs-t4TGnNfQ/
30 Dec 2012,Regular,0,Los Angeles Chargers,Las Vegas Raiders,24,21,-445,296,https://www.oddsportal.com/american-football/usa/nfl-2012-2013/los-angeles-chargers-las-vegas-raiders-8bPXPamD/
30 Dec 2012,Regular,0,Minnesota Vikings,Green Bay Packers,37,34,133,-178,https://www.oddsportal.com/american-football/usa/nfl-2012-2013/minnesota-vikings-green-bay-packers-pIFrnj4F/
30 Dec 2012,Regular,0,New England Patriots,Miami Dolphins,28,0,-572,395,https://www.oddsportal.com/american-football/usa/nfl-2012-2013/new-england-patriots-miami-dolphins-46SGTsll/
30 Dec 2012,Regular,0,San Francisco 49ers,Arizona Cardinals,27,13,-1670,757,https://www.oddsportal.com/american-football/usa/nfl-2012-2013/san-francisco-49ers-arizona-cardinals-0hCJm3uK/
30 Dec 2012,Regular,0,Seattle Seahawks,Los Angeles Rams,20,13,-646,395,https://www.oddsportal.com/american-football/usa/nfl-2012-2013/seattle-seahawks-los-angeles-rams-M1DFlqQD/
30 Dec 2012,Regular,0,Atlanta Falcons,Tampa Bay Buccaneers,17,22,-164,124,https://www.oddsportal.com/american-football/usa/nfl-2012-2013/atlanta-falcons-tampa-bay-buccaneers-nsnKjPc6/
30 Dec 2012,Regular,0,Buffalo Bills,New York Jets,28,9,-194,144,https://www.oddsportal.com/american-football/usa/nfl-2012-2013/buffalo-bills-new-york-jets-U5yPkqDC/
30 Dec 2012,Regular,0,Cincinnati Bengals,Baltimore Ravens,23,17,-235,172,https://www.oddsportal.com/american-football/usa/nfl-2012-2013/cincinnati-bengals-baltimore-ravens-r9uTl3SI/
30 Dec 2012,Regular,0,Detroit Lions,Chicago Bears,24,26,133,-178,https://www.oddsportal.com/american-football/usa/nfl-2012-2013/detroit-lions-chicago-bears-dCTADn5J/
30 Dec 2012,Regular,0,Indianapolis Colts,Houston Texans,28,16,205,-282,https://www.oddsportal.com/american-football/usa/nfl-2012-2013/indianapolis-colts-houston-texans-nXdumWl9/
30 Dec 2012,Regular,0,New Orleans Saints,Carolina Panthers,38,44,-224,166,https://www.oddsportal.com/american-football/usa/nfl-2012-2013/new-orleans-saints-carolina-panthers-QFTCUNYs/
30 Dec 2012,Regular,0,New York Giants,Philadelphia Eagles,42,7,-317,232,https://www.oddsportal.com/american-football/usa/nfl-2012-2013/new-york-giants-philadelphia-eagles-YuXKS13f/
30 Dec 2012,Regular,0,Pittsburgh Steelers,Cleveland Browns,24,10,-541,350,https://www.oddsportal.com/american-football/usa/nfl-2012-2013/pittsburgh-steelers-cleveland-browns-CWVORLI0/
30 Dec 2012,Regular,0,Tennessee Titans,Jacksonville Jaguars,38,20,-263,192,https://www.oddsportal.com/american-football/usa/nfl-2012-2013/tennessee-titans-jacksonville-jaguars-hAcylCZ2/
23 Dec 2012,Regular,0,Seattle Seahawks,San Francisco 49ers,42,13,-140,112,https://www.oddsportal.com/american-football/usa/nfl-2012-2013/seattle-seahawks-san-francisco-49ers-zPZ8gRDm/
23 Dec 2012,Regular,0,Arizona Cardinals,Chicago Bears,13,28,232,-317,https://www.oddsportal.com/american-football/usa/nfl-2012-2013/arizona-cardinals-chicago-bears-EFYChoTg/
23 Dec 2012,Regular,0,Baltimore Ravens,New York Giants,33,14,105,-141,https://www.oddsportal.com/american-football/usa/nfl-2012-2013/baltimore-ravens-new-york-giants-n1IWCFE8/
23 Dec 2012,Regular,0,Denver Broncos,Cleveland Browns,34,12,-646,395,https://www.oddsportal.com/american-football/usa/nfl-2012-2013/denver-broncos-cleveland-browns-h0p4f7bs/
23 Dec 2012,Regular,0,Carolina Panthers,Las Vegas Raiders,17,6,-426,295,https://www.oddsportal.com/american-football/usa/nfl-2012-2013/carolina-panthers-las-vegas-raiders-UPmn53e2/
23 Dec 2012,Regular,0,Dallas Cowboys,New Orleans Saints,31,34,-151,115,https://www.oddsportal.com/american-football/usa/nfl-2012-2013/dallas-cowboys-new-orleans-saints-rDFG9Ooe/
23 Dec 2012,Regular,0,Green Bay Packers,Tennessee Titans,55,7,-692,414,https://www.oddsportal.com/american-football/usa/nfl-2012-2013/green-bay-packers-tennessee-titans-xzFK8r11/
23 Dec 2012,Regular,0,Houston Texans,Minnesota Vikings,6,23,-371,269,https://www.oddsportal.com/american-football/usa/nfl-2012-2013/houston-texans-minnesota-vikings-tOHzCZTE/
23 Dec 2012,Regular,0,Jacksonville Jaguars,New England Patriots,16,23,546,-1116,https://www.oddsportal.com/american-football/usa/nfl-2012-2013/jacksonville-jaguars-new-england-patriots-8AJSDea2/
23 Dec 2012,Regular,0,Kansas City Chiefs,Indianapolis Colts,13,20,191,-267,https://www.oddsportal.com/american-football/usa/nfl-2012-2013/kansas-city-chiefs-indianapolis-colts-GQDO72G7/
23 Dec 2012,Regular,0,Miami Dolphins,Buffalo Bills,24,10,-235,172,https://www.oddsportal.com/american-football/usa/nfl-2012-2013/miami-dolphins-buffalo-bills-hrc7Wog8/
23 Dec 2012,Regular,0,New York Jets,Los Angeles Chargers,17,27,-171,127,https://www.oddsportal.com/american-football/usa/nfl-2012-2013/new-york-jets-los-angeles-chargers-8jmGi5r0/
23 Dec 2012,Regular,0,Philadelphia Eagles,Washington Commanders,20,27,174,-238,https://www.oddsportal.com/american-football/usa/nfl-2012-2013/philadelphia-eagles-washington-commanders-WYeBV58E/
23 Dec 2012,Regular,0,Pittsburgh Steelers,Cincinnati Bengals,10,13,-191,145,https://www.oddsportal.com/american-football/usa/nfl-2012-2013/pittsburgh-steelers-cincinnati-bengals-QeeFUPNK/
23 Dec 2012,Regular,0,Tampa Bay Buccaneers,Los Angeles Rams,13,28,-157,120,https://www.oddsportal.com/american-football/usa/nfl-2012-2013/tampa-bay-buccaneers-los-angeles-rams-jZlr6qtd/
22 Dec 2012,Regular,0,Detroit Lions,Atlanta Falcons,18,31,156,-213,https://www.oddsportal.com/american-football/usa/nfl-2012-2013/detroit-lions-atlanta-falcons-U9BCA4Wl/
17 Dec 2012,Regular,0,Tennessee Titans,New York Jets,14,10,-119,-119,https://www.oddsportal.com/american-football/usa/nfl-2012-2013/tennessee-titans-new-york-jets-noM7BpHr/
16 Dec 2012,Regular,0,New England Patriots,San Francisco 49ers,34,41,-213,164,https://www.oddsportal.com/american-football/usa/nfl-2012-2013/new-england-patriots-san-francisco-49ers-pxztGQ8R/
16 Dec 2012,Regular,0,Dallas Cowboys,Pittsburgh Steelers,27,24,-117,-110,https://www.oddsportal.com/american-football/usa/nfl-2012-2013/dallas-cowboys-pittsburgh-steelers-bLyYHnvF/
16 Dec 2012,Regular,0,Las Vegas Raiders,Kansas City Chiefs,15,0,-235,172,https://www.oddsportal.com/american-football/usa/nfl-2012-2013/las-vegas-raiders-kansas-city-chiefs-xCzxH6gL/
16 Dec 2012,Regular,0,Arizona Cardinals,Detroit Lions,38,10,219,-304,https://www.oddsportal.com/american-football/usa/nfl-2012-2013/arizona-cardinals-detroit-lions-2grPJ892/
16 Dec 2012,Regular,0,Los Angeles Chargers,Carolina Panthers,7,31,-171,127,https://www.oddsportal.com/american-football/usa/nfl-2012-2013/los-angeles-chargers-carolina-panthers-ljfsePW1/
16 Dec 2012,Regular,0,Buffalo Bills,Seattle Seahawks,17,50,180,-250,https://www.oddsportal.com/american-football/usa/nfl-2012-2013/buffalo-bills-seattle-seahawks-GdnTISO8/
16 Dec 2012,Regular,0,Atlanta Falcons,New York Giants,34,0,-129,-105,https://www.oddsportal.com/american-football/usa/nfl-2012-2013/atlanta-falcons-new-york-giants-8I3n6ku3/
16 Dec 2012,Regular,0,Baltimore Ravens,Denver Broncos,17,34,124,-164,https://www.oddsportal.com/american-football/usa/nfl-2012-2013/baltimore-ravens-denver-broncos-hO0Ydo2k/
16 Dec 2012,Regular,0,Chicago Bears,Green Bay Packers,13,21,117,-152,https://www.oddsportal.com/american-football/usa/nfl-2012-2013/chicago-bears-green-bay-packers-xh8j59f9/
16 Dec 2012,Regular,0,Cleveland Browns,Washington Commanders,21,38,-163,118,https://www.oddsportal.com/american-football/usa/nfl-2012-2013/cleveland-browns-washington-commanders-Gr7f4T9F/
16 Dec 2012,Regular,0,Houston Texans,Indianapolis Colts,29,17,-541,350,https://www.oddsportal.com/american-football/usa/nfl-2012-2013/houston-texans-indianapolis-colts-Aaewd5He/
16 Dec 2012,Regular,0,Los Angeles Rams,Minnesota Vikings,22,36,-151,115,https://www.oddsportal.com/american-football/usa/nfl-2012-2013/los-angeles-rams-minnesota-vikings-dhF227vS/
16 Dec 2012,Regular,0,Miami Dolphins,Jacksonville Jaguars,24,3,-351,255,https://www.oddsportal.com/american-football/usa/nfl-2012-2013/miami-dolphins-jacksonville-jaguars-b7da3mPL/
16 Dec 2012,Regular,0,New Orleans Saints,Tampa Bay Buccaneers,41,0,-224,166,https://www.oddsportal.com/american-football/usa/nfl-2012-2013/new-orleans-saints-tampa-bay-buccaneers-EX1UcRnq/
13 Dec 2012,Regular,0,Philadelphia Eagles,Cincinnati Bengals,13,34,182,-238,https://www.oddsportal.com/american-football/usa/nfl-2012-2013/philadelphia-eagles-cincinnati-bengals-UR4r7VPd/
10 Dec 2012,Regular,0,New England Patriots,Houston Texans,42,14,-250,192,https://www.oddsportal.com/american-football/usa/nfl-2012-2013/new-england-patriots-houston-texans-SMQarnmd/
09 Dec 2012,Regular,0,Green Bay Packers,Detroit Lions,27,20,-317,245,https://www.oddsportal.com/american-football/usa/nfl-2012-2013/green-bay-packers-detroit-lions-EJMeqSXk/
09 Dec 2012,Regular,0,New York Giants,New Orleans Saints,52,27,-224,166,https://www.oddsportal.com/american-football/usa/nfl-2012-2013/new-york-giants-new-orleans-saints-KdNip8Iq/
09 Dec 2012,Regular,0,Seattle Seahawks,Arizona Cardinals,58,0,-541,350,https://www.oddsportal.com/american-football/usa/nfl-2012-2013/seattle-seahawks-arizona-cardinals-rXaO1zlH/
09 Dec 2012,Regular,0,San Francisco 49ers,Miami Dolphins,27,13,-588,374,https://www.oddsportal.com/american-football/usa/nfl-2012-2013/san-francisco-49ers-miami-dolphins-2LrR2GYA/
09 Dec 2012,Regular,0,Buffalo Bills,Los Angeles Rams,12,15,-200,150,https://www.oddsportal.com/american-football/usa/nfl-2012-2013/buffalo-bills-los-angeles-rams-G4Kqjwk5/
09 Dec 2012,Regular,0,Carolina Panthers,Atlanta Falcons,30,20,139,-185,https://www.oddsportal.com/american-football/usa/nfl-2012-2013/carolina-panthers-atlanta-falcons-fkh67vKu/
09 Dec 2012,Regular,0,Cincinnati Bengals,Dallas Cowboys,19,20,-200,150,https://www.oddsportal.com/american-football/usa/nfl-2012-2013/cincinnati-bengals-dallas-cowboys-ARJmkc4B/
09 Dec 2012,Regular,0,Cleveland Browns,Kansas City Chiefs,30,7,-333,240,https://www.oddsportal.com/american-football/usa/nfl-2012-2013/cleveland-browns-kansas-city-chiefs-M1NilHJH/
09 Dec 2012,Regular,0,Indianapolis Colts,Tennessee Titans,27,23,-224,166,https://www.oddsportal.com/american-football/usa/nfl-2012-2013/indianapolis-colts-tennessee-titans-G4tF5Ilh/
09 Dec 2012,Regular,0,Jacksonville Jaguars,New York Jets,10,17,129,-170,https://www.oddsportal.com/american-football/usa/nfl-2012-2013/jacksonville-jaguars-new-york-jets-YuiA6bZo/
09 Dec 2012,Regular,0,Minnesota Vikings,Chicago Bears,21,14,-105,-129,https://www.oddsportal.com/american-football/usa/nfl-2012-2013/minnesota-vikings-chicago-bears-U7pJ4x4b/
09 Dec 2012,Regular,0,Pittsburgh Steelers,Los Angeles Chargers,24,34,-400,282,https://www.oddsportal.com/american-football/usa/nfl-2012-2013/pittsburgh-steelers-los-angeles-chargers-OUqN3dJ4/
09 Dec 2012,Regular,0,Tampa Bay Buccaneers,Philadelphia Eagles,21,23,-339,245,https://www.oddsportal.com/american-football/usa/nfl-2012-2013/tampa-bay-buccaneers-philadelphia-eagles-rHB0nelU/
09 Dec 2012,Regular,0,Washington Commanders,Baltimore Ravens,31,28,-140,105,https://www.oddsportal.com/american-football/usa/nfl-2012-2013/washington-commanders-baltimore-ravens-4QCdmyZN/
06 Dec 2012,Regular,0,Las Vegas Raiders,Denver Broncos,13,26,437,-627,https://www.oddsportal.com/american-football/usa/nfl-2012-2013/las-vegas-raiders-denver-broncos-xELuiJZb/
03 Dec 2012,Regular,0,Washington Commanders,New York Giants,17,16,115,-144,https://www.oddsportal.com/american-football/usa/nfl-2012-2013/washington-commanders-new-york-giants-KxRzhaKh/
02 Dec 2012,Regular,0,Dallas Cowboys,Philadelphia Eagles,38,33,-588,412,https://www.oddsportal.com/american-football/usa/nfl-2012-2013/dallas-cowboys-philadelphia-eagles-tnSWhu5n/
02 Dec 2012,Regular,0,Baltimore Ravens,Pittsburgh Steelers,20,23,-333,240,https://www.oddsportal.com/american-football/usa/nfl-2012-2013/baltimore-ravens-pittsburgh-steelers-nPSSgLkt/
02 Dec 2012,Regular,0,Las Vegas Raiders,Cleveland Browns,17,20,110,-146,https://www.oddsportal.com/american-football/usa/nfl-2012-2013/las-vegas-raiders-cleveland-browns-A3y1b1sP/
02 Dec 2012,Regular,0,Los Angeles Chargers,Cincinnati Bengals,13,20,-115,-122,https://www.oddsportal.com/american-football/usa/nfl-2012-2013/los-angeles-chargers-cincinnati-bengals-6VAKk9wP/
02 Dec 2012,Regular,0,Denver Broncos,Tampa Bay Buccaneers,31,23,-385,272,https://www.oddsportal.com/american-football/usa/nfl-2012-2013/denver-broncos-tampa-bay-buccaneers-SvCGjkOI/
02 Dec 2012,Regular,0,Buffalo Bills,Jacksonville Jaguars,34,18,-294,217,https://www.oddsportal.com/american-football/usa/nfl-2012-2013/buffalo-bills-jacksonville-jaguars-pvPP0ZoQ/
02 Dec 2012,Regular,0,Chicago Bears,Seattle Seahawks,17,23,-171,127,https://www.oddsportal.com/american-football/usa/nfl-2012-2013/chicago-bears-seattle-seahawks-dMYtdja5/
02 Dec 2012,Regular,0,Detroit Lions,Indianapolis Colts,33,35,-339,245,https://www.oddsportal.com/american-football/usa/nfl-2012-2013/detroit-lions-indianapolis-colts-QX6hdgfs/
02 Dec 2012,Regular,0,Green Bay Packers,Minnesota Vikings,23,14,-400,282,https://www.oddsportal.com/american-football/usa/nfl-2012-2013/green-bay-packers-minnesota-vikings-WpSJnhOG/
02 Dec 2012,Regular,0,Kansas City Chiefs,Carolina Panthers,27,21,127,-171,https://www.oddsportal.com/american-football/usa/nfl-2012-2013/kansas-city-chiefs-carolina-panthers-Cl94giv0/
02 Dec 2012,Regular,0,Los Angeles Rams,San Francisco 49ers,16,13,269,-371,https://www.oddsportal.com/american-football/usa/nfl-2012-2013/los-angeles-rams-san-francisco-49ers-bo50fXOg/
02 Dec 2012,Regular,0,Miami Dolphins,New England Patriots,16,23,269,-371,https://www.oddsportal.com/american-football/usa/nfl-2012-2013/miami-dolphins-new-england-patriots-fDb9hBg6/
02 Dec 2012,Regular,0,New York Jets,Arizona Cardinals,7,6,-282,205,https://www.oddsportal.com/american-football/usa/nfl-2012-2013/new-york-jets-arizona-cardinals-Y3cDiV8C/
02 Dec 2012,Regular,0,Tennessee Titans,Houston Texans,10,24,232,-317,https://www.oddsportal.com/american-football/usa/nfl-2012-2013/tennessee-titans-houston-texans-4O5deD9m/
29 Nov 2012,Regular,0,Atlanta Falcons,New Orleans Saints,23,13,-200,156,https://www.oddsportal.com/american-football/usa/nfl-2012-2013/atlanta-falcons-new-orleans-saints-pnVxcWqa/
26 Nov 2012,Regular,0,Philadelphia Eagles,Carolina Panthers,22,30,142,-178,https://www.oddsportal.com/american-football/usa/nfl-2012-2013/philadelphia-eagles-carolina-panthers-jPVYcCUh/
25 Nov 2012,Regular,0,New York Giants,Green Bay Packers,38,10,-133,105,https://www.oddsportal.com/american-football/usa/nfl-2012-2013/new-york-giants-green-bay-packers-CYWUbhFn/
25 Nov 2012,Regular,0,Arizona Cardinals,Los Angeles Rams,17,31,-121,-104,https://www.oddsportal.com/american-football/usa/nfl-2012-2013/arizona-cardinals-los-angeles-rams-IXEdH0VD/
25 Nov 2012,Regular,0,New Orleans Saints,San Francisco 49ers,21,31,110,-135,https://www.oddsportal.com/american-football/usa/nfl-2012-2013/new-orleans-saints-san-francisco-49ers-fcxQaYat/
25 Nov 2012,Regular,0,Los Angeles Chargers,Baltimore Ravens,13,16,-108,-118,https://www.oddsportal.com/american-football/usa/nfl-2012-2013/los-angeles-chargers-baltimore-ravens-4UQEhHhD/
25 Nov 2012,Regular,0,Chicago Bears,Minnesota Vikings,28,10,-282,205,https://www.oddsportal.com/american-football/usa/nfl-2012-2013/chicago-bears-minnesota-vikings-UmfJ3s1E/
25 Nov 2012,Regular,0,Cincinnati Bengals,Las Vegas Raiders,34,10,-400,282,https://www.oddsportal.com/american-football/usa/nfl-2012-2013/cincinnati-bengals-las-vegas-raiders-OAgN21GK/
25 Nov 2012,Regular,0,Cleveland Browns,Pittsburgh Steelers,20,14,-105,-129,https://www.oddsportal.com/american-football/usa/nfl-2012-2013/cleveland-browns-pittsburgh-steelers-xEcR1LVQ/
25 Nov 2012,Regular,0,Indianapolis Colts,Buffalo Bills,20,13,-146,110,https://www.oddsportal.com/american-football/usa/nfl-2012-2013/indianapolis-colts-buffalo-bills-rezfcuvr/
25 Nov 2012,Regular,0,Jacksonville Jaguars,Tennessee Titans,24,19,144,-194,https://www.oddsportal.com/american-football/usa/nfl-2012-2013/jacksonville-jaguars-tennessee-titans-jRMAgcw7/
25 Nov 2012,Regular,0,Kansas City Chiefs,Denver Broncos,9,17,374,-588,https://www.oddsportal.com/american-football/usa/nfl-2012-2013/kansas-city-chiefs-denver-broncos-MoZcdagl/
25 Nov 2012,Regular,0,Miami Dolphins,Seattle Seahawks,24,21,139,-185,https://www.oddsportal.com/american-football/usa/nfl-2012-2013/miami-dolphins-seattle-seahawks-UBY1eJ8f/
25 Nov 2012,Regular,0,Tampa Bay Buccaneers,Atlanta Falcons,23,24,-110,-125,https://www.oddsportal.com/american-football/usa/nfl-2012-2013/tampa-bay-buccaneers-atlanta-falcons-82X5fwO0/
22 Nov 2012,Regular,0,New York Jets,New England Patriots,19,49,257,-333,https://www.oddsportal.com/american-football/usa/nfl-2012-2013/new-york-jets-new-england-patriots-jceF4No8/
22 Nov 2012,Regular,0,Dallas Cowboys,Washington Commanders,31,38,-185,149,https://www.oddsportal.com/american-football/usa/nfl-2012-2013/dallas-cowboys-washington-commanders-EuCWuv97/
22 Nov 2012,Regular,0,Detroit Lions,Houston Texans,31,34,145,-191,https://www.oddsportal.com/american-football/usa/nfl-2012-2013/detroit-lions-houston-texans-zkDStKg1/
19 Nov 2012,Regular,0,San Francisco 49ers,Chicago Bears,32,7,-204,160,https://www.oddsportal.com/american-football/usa/nfl-2012-2013/san-francisco-49ers-chicago-bears-tSDOs0ve/
18 Nov 2012,Regular,0,Pittsburgh Steelers,Baltimore Ravens,10,13,127,-171,https://www.oddsportal.com/american-football/usa/nfl-2012-2013/pittsburgh-steelers-baltimore-ravens-rseLrtPl/
18 Nov 2012,Regular,0,Denver Broncos,Los Angeles Chargers,30,23,-371,269,https://www.oddsportal.com/american-football/usa/nfl-2012-2013/denver-broncos-los-angeles-chargers-0I5GqM9r/
18 Nov 2012,Regular,0,New England Patriots,Indianapolis Colts,59,24,-445,318,https://www.oddsportal.com/american-football/usa/nfl-2012-2013/new-england-patriots-indianapolis-colts-8KQyi4H8/
18 Nov 2012,Regular,0,Las Vegas Raiders,New Orleans Saints,17,38,192,-263,https://www.oddsportal.com/american-football/usa/nfl-2012-2013/las-vegas-raiders-new-orleans-saints-b9Jll21R/
18 Nov 2012,Regular,0,Atlanta Falcons,Arizona Cardinals,23,19,-477,324,https://www.oddsportal.com/american-football/usa/nfl-2012-2013/atlanta-falcons-arizona-cardinals-QuXIzqXR/
18 Nov 2012,Regular,0,Carolina Panthers,Tampa Bay Buccaneers,21,27,-119,-119,https://www.oddsportal.com/american-football/usa/nfl-2012-2013/carolina-panthers-tampa-bay-buccaneers-jqGtjOWE/
18 Nov 2012,Regular,0,Dallas Cowboys,Cleveland Browns,23,20,-371,269,https://www.oddsportal.com/american-football/usa/nfl-2012-2013/dallas-cowboys-cleveland-browns-rLJpW2uq/
18 Nov 2012,Regular,0,Detroit Lions,Green Bay Packers,20,24,127,-171,https://www.oddsportal.com/american-football/usa/nfl-2012-2013/detroit-lions-green-bay-packers-MBIlVMfk/
18 Nov 2012,Regular,0,Houston Texans,Jacksonville Jaguars,43,37,-1429,674,https://www.oddsportal.com/american-football/usa/nfl-2012-2013/houston-texans-jacksonville-jaguars-UZEpkrnL/
18 Nov 2012,Regular,0,Kansas City Chiefs,Cincinnati Bengals,6,28,144,-194,https://www.oddsportal.com/american-football/usa/nfl-2012-2013/kansas-city-chiefs-cincinnati-bengals-2NZoUtAe/
18 Nov 2012,Regular,0,Los Angeles Rams,New York Jets,13,27,-200,150,https://www.oddsportal.com/american-football/usa/nfl-2012-2013/los-angeles-rams-new-york-jets-tEYkT0P1/
18 Nov 2012,Regular,0,Washington Commanders,Philadelphia Eagles,31,6,-200,150,https://www.oddsportal.com/american-football/usa/nfl-2012-2013/washington-commanders-philadelphia-eagles-fHMXip22/
15 Nov 2012,Regular,0,Buffalo Bills,Miami Dolphins,19,14,-140,115,https://www.oddsportal.com/american-football/usa/nfl-2012-2013/buffalo-bills-miami-dolphins-CxTEyPHL/
12 Nov 2012,Regular,0,Pittsburgh Steelers,Kansas City Chiefs,16,13,-769,496,https://www.oddsportal.com/american-football/usa/nfl-2012-2013/pittsburgh-steelers-kansas-city-chiefs-UDwAx52F/
11 Nov 2012,Regular,0,Chicago Bears,Houston Texans,6,13,-123,-100,https://www.oddsportal.com/american-football/usa/nfl-2012-2013/chicago-bears-houston-texans-jNv6wom9/
11 Nov 2012,Regular,0,Philadelphia Eagles,Dallas Cowboys,23,38,106,-133,https://www.oddsportal.com/american-football/usa/nfl-2012-2013/philadelphia-eagles-dallas-cowboys-rcybu7Id/
11 Nov 2012,Regular,0,San Francisco 49ers,Los Angeles Rams,24,24,-714,474,https://www.oddsportal.com/american-football/usa/nfl-2012-2013/san-francisco-49ers-los-angeles-rams-Mmz2vRX2/
11 Nov 2012,Regular,0,Seattle Seahawks,New York Jets,28,7,-274,217,https://www.oddsportal.com/american-football/usa/nfl-2012-2013/seattle-seahawks-new-york-jets-pMa5vqId/
11 Nov 2012,Regular,0,Baltimore Ravens,Las Vegas Raiders,55,20,-378,295,https://www.oddsportal.com/american-football/usa/nfl-2012-2013/baltimore-ravens-las-vegas-raiders-Yod1uP2j/
11 Nov 2012,Regular,0,Carolina Panthers,Denver Broncos,14,36,167,-206,https://www.oddsportal.com/american-football/usa/nfl-2012-2013/carolina-panthers-denver-broncos-vPdct5mp/
11 Nov 2012,Regular,0,Cincinnati Bengals,New York Giants,31,13,180,-224,https://www.oddsportal.com/american-football/usa/nfl-2012-2013/cincinnati-bengals-new-york-giants-YNDElTu4/
11 Nov 2012,Regular,0,Miami Dolphins,Tennessee Titans,3,37,-294,229,https://www.oddsportal.com/american-football/usa/nfl-2012-2013/miami-dolphins-tennessee-titans-jaO9k9Qc/
11 Nov 2012,Regular,0,Minnesota Vikings,Detroit Lions,34,24,139,-169,https://www.oddsportal.com/american-football/usa/nfl-2012-2013/minnesota-vikings-detroit-lions-nRHImmeA/
11 Nov 2012,Regular,0,New England Patriots,Buffalo Bills,37,31,-769,516,https://www.oddsportal.com/american-football/usa/nfl-2012-2013/new-england-patriots-buffalo-bills-tlHMn7AG/
11 Nov 2012,Regular,0,New Orleans Saints,Atlanta Falcons,31,27,106,-130,https://www.oddsportal.com/american-football/usa/nfl-2012-2013/new-orleans-saints-atlanta-falcons-KvGQoRPM/
11 Nov 2012,Regular,0,Tampa Bay Buccaneers,Los Angeles Chargers,34,24,-171,140,https://www.oddsportal.com/american-football/usa/nfl-2012-2013/tampa-bay-buccaneers-los-angeles-chargers-xGAVpouT/
08 Nov 2012,Regular,0,Jacksonville Jaguars,Indianapolis Colts,10,27,156,-194,https://www.oddsportal.com/american-football/usa/nfl-2012-2013/jacksonville-jaguars-indianapolis-colts-C8P5jkBi/
05 Nov 2012,Regular,0,New Orleans Saints,Philadelphia Eagles,28,13,-150,123,https://www.oddsportal.com/american-football/usa/nfl-2012-2013/new-orleans-saints-philadelphia-eagles-biMOR5Yj/
04 Nov 2012,Regular,0,Atlanta Falcons,Dallas Cowboys,19,13,-228,182,https://www.oddsportal.com/american-football/usa/nfl-2012-2013/atlanta-falcons-dallas-cowboys-K0NKSoJp/
04 Nov 2012,Regular,0,New York Giants,Pittsburgh Steelers,20,24,-205,165,https://www.oddsportal.com/american-football/usa/nfl-2012-2013/new-york-giants-pittsburgh-steelers-v39jpElI/
04 Nov 2012,Regular,0,Las Vegas Raiders,Tampa Bay Buccaneers,32,42,-125,-110,https://www.oddsportal.com/american-football/usa/nfl-2012-2013/las-vegas-raiders-tampa-bay-buccaneers-Wx6rnzK5/
04 Nov 2012,Regular,0,Seattle Seahawks,Minnesota Vikings,30,20,-250,180,https://www.oddsportal.com/american-football/usa/nfl-2012-2013/seattle-seahawks-minnesota-vikings-Qa5nofZB/
04 Nov 2012,Regular,0,Cincinnati Bengals,Denver Broncos,23,31,172,-235,https://www.oddsportal.com/american-football/usa/nfl-2012-2013/cincinnati-bengals-denver-broncos-IZu9Xz5C/
04 Nov 2012,Regular,0,Cleveland Browns,Baltimore Ravens,15,25,150,-200,https://www.oddsportal.com/american-football/usa/nfl-2012-2013/cleveland-browns-baltimore-ravens-n9pDWfKI/
04 Nov 2012,Regular,0,Green Bay Packers,Arizona Cardinals,31,17,-527,362,https://www.oddsportal.com/american-football/usa/nfl-2012-2013/green-bay-packers-arizona-cardinals-QaqHVEZO/
04 Nov 2012,Regular,0,Houston Texans,Buffalo Bills,21,9,-588,374,https://www.oddsportal.com/american-football/usa/nfl-2012-2013/houston-texans-buffalo-bills-hn7vmG4a/
04 Nov 2012,Regular,0,Indianapolis Colts,Miami Dolphins,23,20,110,-146,https://www.oddsportal.com/american-football/usa/nfl-2012-2013/indianapolis-colts-miami-dolphins-2cERkIKt/
04 Nov 2012,Regular,0,Jacksonville Jaguars,Detroit Lions,14,31,187,-263,https://www.oddsportal.com/american-football/usa/nfl-2012-2013/jacksonville-jaguars-detroit-lions-zBCZmdkg/
04 Nov 2012,Regular,0,Tennessee Titans,Chicago Bears,20,51,162,-223,https://www.oddsportal.com/american-football/usa/nfl-2012-2013/tennessee-titans-chicago-bears-S4NafbCP/
04 Nov 2012,Regular,0,Washington Commanders,Carolina Panthers,13,21,-171,139,https://www.oddsportal.com/american-football/usa/nfl-2012-2013/washington-commanders-carolina-panthers-dKDVlxzm/
01 Nov 2012,Regular,0,Los Angeles Chargers,Kansas City Chiefs,31,13,-313,245,https://www.oddsportal.com/american-football/usa/nfl-2012-2013/los-angeles-chargers-kansas-city-chiefs-vqs5YGk6/
29 Oct 2012,Regular,0,Arizona Cardinals,San Francisco 49ers,3,24,269,-346,https://www.oddsportal.com/american-football/usa/nfl-2012-2013/arizona-cardinals-san-francisco-49ers-6kk6X4Ve/
28 Oct 2012,Regular,0,Denver Broncos,New Orleans Saints,34,14,-282,217,https://www.oddsportal.com/american-football/usa/nfl-2012-2013/denver-broncos-new-orleans-saints-rHmdzwLg/
28 Oct 2012,Regular,0,Dallas Cowboys,New York Giants,24,29,122,-149,https://www.oddsportal.com/american-football/usa/nfl-2012-2013/dallas-cowboys-new-york-giants-z59CnHeJ/
28 Oct 2012,Regular,0,Kansas City Chiefs,Las Vegas Raiders,16,26,-125,-110,https://www.oddsportal.com/american-football/usa/nfl-2012-2013/kansas-city-chiefs-las-vegas-raiders-lflhyJ5m/
28 Oct 2012,Regular,0,Chicago Bears,Carolina Panthers,23,22,-339,245,https://www.oddsportal.com/american-football/usa/nfl-2012-2013/chicago-bears-carolina-panthers-GpKQvbBn/
28 Oct 2012,Regular,0,Cleveland Browns,Los Angeles Chargers,7,6,120,-157,https://www.oddsportal.com/american-football/usa/nfl-2012-2013/cleveland-browns-los-angeles-chargers-fyJUwIQh/
28 Oct 2012,Regular,0,Detroit Lions,Seattle Seahawks,28,24,-152,115,https://www.oddsportal.com/american-football/usa/nfl-2012-2013/detroit-lions-seattle-seahawks-lbIYxxta/
28 Oct 2012,Regular,0,Green Bay Packers,Jacksonville Jaguars,24,15,-1000,546,https://www.oddsportal.com/american-football/usa/nfl-2012-2013/green-bay-packers-jacksonville-jaguars-21Mxxde5/
28 Oct 2012,Regular,0,Los Angeles Rams,New England Patriots,7,45,257,-339,https://www.oddsportal.com/american-football/usa/nfl-2012-2013/los-angeles-rams-new-england-patriots-OGAozzQH/
28 Oct 2012,Regular,0,New York Jets,Miami Dolphins,9,30,-129,-105,https://www.oddsportal.com/american-football/usa/nfl-2012-2013/new-york-jets-miami-dolphins-WtAkZguO/
28 Oct 2012,Regular,0,Philadelphia Eagles,Atlanta Falcons,17,30,-151,115,https://www.oddsportal.com/american-football/usa/nfl-2012-2013/philadelphia-eagles-atlanta-falcons-6ZpTturQ/
28 Oct 2012,Regular,0,Pittsburgh Steelers,Washington Commanders,27,12,-238,174,https://www.oddsportal.com/american-football/usa/nfl-2012-2013/pittsburgh-steelers-washington-commanders-A3klxajs/
28 Oct 2012,Regular,0,Tennessee Titans,Indianapolis Colts,13,19,-194,144,https://www.oddsportal.com/american-football/usa/nfl-2012-2013/tennessee-titans-indianapolis-colts-pQBsyGAB/
25 Oct 2012,Regular,0,Minnesota Vikings,Tampa Bay Buccaneers,17,36,-267,205,https://www.oddsportal.com/american-football/usa/nfl-2012-2013/minnesota-vikings-tampa-bay-buccaneers-b9PLuvdt/
22 Oct 2012,Regular,0,Chicago Bears,Detroit Lions,13,7,-282,205,https://www.oddsportal.com/american-football/usa/nfl-2012-2013/chicago-bears-detroit-lions-d0wfpKmP/
21 Oct 2012,Regular,0,Cincinnati Bengals,Pittsburgh Steelers,17,24,-110,-125,https://www.oddsportal.com/american-football/usa/nfl-2012-2013/cincinnati-bengals-pittsburgh-steelers-rckCLzBO/
21 Oct 2012,Regular,0,Las Vegas Raiders,Jacksonville Jaguars,26,23,-282,205,https://www.oddsportal.com/american-football/usa/nfl-2012-2013/las-vegas-raiders-jacksonville-jaguars-pCW8MGeI/
21 Oct 2012,Regular,0,New England Patriots,New York Jets,29,26,-588,374,https://www.oddsportal.com/american-football/usa/nfl-2012-2013/new-england-patriots-new-york-jets-2ms4NdtC/
21 Oct 2012,Regular,0,Buffalo Bills,Tennessee Titans,34,35,-213,156,https://www.oddsportal.com/american-football/usa/nfl-2012-2013/buffalo-bills-tennessee-titans-ncWxxyv8/
21 Oct 2012,Regular,0,Carolina Panthers,Dallas Cowboys,14,19,110,-146,https://www.oddsportal.com/american-football/usa/nfl-2012-2013/carolina-panthers-dallas-cowboys-Y7kmRvsm/
21 Oct 2012,Regular,0,Houston Texans,Baltimore Ravens,43,13,-304,219,https://www.oddsportal.com/american-football/usa/nfl-2012-2013/houston-texans-baltimore-ravens-GWvhQbdg/
21 Oct 2012,Regular,0,Indianapolis Colts,Cleveland Browns,17,13,-129,-105,https://www.oddsportal.com/american-football/usa/nfl-2012-2013/indianapolis-colts-cleveland-browns-lIOBpTs8/
21 Oct 2012,Regular,0,Los Angeles Rams,Green Bay Packers,20,30,180,-250,https://www.oddsportal.com/american-football/usa/nfl-2012-2013/los-angeles-rams-green-bay-packers-fNwdPIBa/
21 Oct 2012,Regular,0,Minnesota Vikings,Arizona Cardinals,21,14,-333,240,https://www.oddsportal.com/american-football/usa/nfl-2012-2013/minnesota-vikings-arizona-cardinals-Odr0OxR5/
21 Oct 2012,Regular,0,New York Giants,Washington Commanders,27,23,-282,205,https://www.oddsportal.com/american-football/usa/nfl-2012-2013/new-york-giants-washington-commanders-S8NFqmcE/
21 Oct 2012,Regular,0,Tampa Bay Buccaneers,New Orleans Saints,28,35,-105,-129,https://www.oddsportal.com/american-football/usa/nfl-2012-2013/tampa-bay-buccaneers-new-orleans-saints-K4oqSKRt/
18 Oct 2012,Regular,0,San Francisco 49ers,Seattle Seahawks,13,6,-371,282,https://www.oddsportal.com/american-football/usa/nfl-2012-2013/san-francisco-49ers-seattle-seahawks-86XYxHO1/
15 Oct 2012,Regular,0,Los Angeles Chargers,Denver Broncos,24,35,-125,-110,https://www.oddsportal.com/american-football/usa/nfl-2012-2013/los-angeles-chargers-denver-broncos-EqYUwc9e/
14 Oct 2012,Regular,0,Houston Texans,Green Bay Packers,24,42,-205,165,https://www.oddsportal.com/american-football/usa/nfl-2012-2013/houston-texans-green-bay-packers-CdemF2W2/
14 Oct 2012,Regular,0,San Francisco 49ers,New York Giants,3,26,-339,245,https://www.oddsportal.com/american-football/usa/nfl-2012-2013/san-francisco-49ers-new-york-giants-IHvMuJvq/
14 Oct 2012,Regular,0,Washington Commanders,Minnesota Vikings,38,26,105,-141,https://www.oddsportal.com/american-football/usa/nfl-2012-2013/washington-commanders-minnesota-vikings-0tUQvwfk/
14 Oct 2012,Regular,0,Arizona Cardinals,Buffalo Bills,16,19,-250,182,https://www.oddsportal.com/american-football/usa/nfl-2012-2013/arizona-cardinals-buffalo-bills-G8hfpaWR/
14 Oct 2012,Regular,0,Seattle Seahawks,New England Patriots,24,23,150,-194,https://www.oddsportal.com/american-football/usa/nfl-2012-2013/seattle-seahawks-new-england-patriots-nZmjouHL/
14 Oct 2012,Regular,0,Atlanta Falcons,Las Vegas Raiders,23,20,-500,326,https://www.oddsportal.com/american-football/usa/nfl-2012-2013/atlanta-falcons-las-vegas-raiders-QNFrSaAq/
14 Oct 2012,Regular,0,Baltimore Ravens,Dallas Cowboys,31,29,-200,150,https://www.oddsportal.com/american-football/usa/nfl-2012-2013/baltimore-ravens-dallas-cowboys-QJasm1n9/
14 Oct 2012,Regular,0,Cleveland Browns,Cincinnati Bengals,34,24,105,-140,https://www.oddsportal.com/american-football/usa/nfl-2012-2013/cleveland-browns-cincinnati-bengals-4EEnRJPk/
14 Oct 2012,Regular,0,Miami Dolphins,Los Angeles Rams,17,14,-250,180,https://www.oddsportal.com/american-football/usa/nfl-2012-2013/miami-dolphins-los-angeles-rams-Mk9iQwud/
14 Oct 2012,Regular,0,New York Jets,Indianapolis Colts,35,9,-187,144,https://www.oddsportal.com/american-football/usa/nfl-2012-2013/new-york-jets-indianapolis-colts-0t8ePcf2/
14 Oct 2012,Regular,0,Philadelphia Eagles,Detroit Lions,23,26,-200,150,https://www.oddsportal.com/american-football/usa/nfl-2012-2013/philadelphia-eagles-detroit-lions-EqdwlsX2/
14 Oct 2012,Regular,0,Tampa Bay Buccaneers,Kansas City Chiefs,38,10,-235,172,https://www.oddsportal.com/american-football/usa/nfl-2012-2013/tampa-bay-buccaneers-kansas-city-chiefs-8rknnL1F/
11 Oct 2012,Regular,0,Tennessee Titans,Pittsburgh Steelers,26,23,205,-267,https://www.oddsportal.com/american-football/usa/nfl-2012-2013/tennessee-titans-pittsburgh-steelers-8rTGWu2S/
08 Oct 2012,Regular,0,New York Jets,Houston Texans,17,23,400,-541,https://www.oddsportal.com/american-football/usa/nfl-2012-2013/new-york-jets-houston-texans-fuPCXLnM/
07 Oct 2012,Regular,0,New Orleans Saints,Los Angeles Chargers,31,24,-183,145,https://www.oddsportal.com/american-football/usa/nfl-2012-2013/new-orleans-saints-los-angeles-chargers-CGZ7Y1XF/
07 Oct 2012,Regular,0,Minnesota Vikings,Tennessee Titans,30,7,-282,205,https://www.oddsportal.com/american-football/usa/nfl-2012-2013/minnesota-vikings-tennessee-titans-l2WjrIal/
07 Oct 2012,Regular,0,New England Patriots,Denver Broncos,31,21,-282,205,https://www.oddsportal.com/american-football/usa/nfl-2012-2013/new-england-patriots-denver-broncos-vkM0zO23/
07 Oct 2012,Regular,0,San Francisco 49ers,Buffalo Bills,45,3,-500,341,https://www.oddsportal.com/american-football/usa/nfl-2012-2013/san-francisco-49ers-buffalo-bills-YPz4ZsI9/
07 Oct 2012,Regular,0,Carolina Panthers,Seattle Seahawks,12,16,-135,-100,https://www.oddsportal.com/american-football/usa/nfl-2012-2013/carolina-panthers-seattle-seahawks-bgqECKAd/
07 Oct 2012,Regular,0,Jacksonville Jaguars,Chicago Bears,3,41,192,-263,https://www.oddsportal.com/american-football/usa/nfl-2012-2013/jacksonville-jaguars-chicago-bears-0bNdy4mc/
07 Oct 2012,Regular,0,Cincinnati Bengals,Miami Dolphins,13,17,-178,132,https://www.oddsportal.com/american-football/usa/nfl-2012-2013/cincinnati-bengals-miami-dolphins-vTtHlKMK/
07 Oct 2012,Regular,0,Indianapolis Colts,Green Bay Packers,30,27,219,-304,https://www.oddsportal.com/american-football/usa/nfl-2012-2013/indianapolis-colts-green-bay-packers-IJuLmvxR/
07 Oct 2012,Regular,0,Kansas City Chiefs,Baltimore Ravens,6,9,205,-282,https://www.oddsportal.com/american-football/usa/nfl-2012-2013/kansas-city-chiefs-baltimore-ravens-ABXnqbpr/
07 Oct 2012,Regular,0,New York Giants,Cleveland Browns,41,27,-400,282,https://www.oddsportal.com/american-football/usa/nfl-2012-2013/new-york-giants-cleveland-browns-jTu6Ettp/
07 Oct 2012,Regular,0,Pittsburgh Steelers,Philadelphia Eagles,16,14,-203,151,https://www.oddsportal.com/american-football/usa/nfl-2012-2013/pittsburgh-steelers-philadelphia-eagles-pjuAD0ej/
07 Oct 2012,Regular,0,Washington Commanders,Atlanta Falcons,17,24,133,-178,https://www.oddsportal.com/american-football/usa/nfl-2012-2013/washington-commanders-atlanta-falcons-WQLesxFf/
04 Oct 2012,Regular,0,Los Angeles Rams,Arizona Cardinals,17,3,-100,-134,https://www.oddsportal.com/american-football/usa/nfl-2012-2013/los-angeles-rams-arizona-cardinals-d4iCk07E/
01 Oct 2012,Regular,0,Dallas Cowboys,Chicago Bears,18,34,-171,132,https://www.oddsportal.com/american-football/usa/nfl-2012-2013/dallas-cowboys-chicago-bears-r1m8jth8/
30 Sep 2012,Regular,0,Philadelphia Eagles,New York Giants,19,17,-140,105,https://www.oddsportal.com/american-football/usa/nfl-2012-2013/philadelphia-eagles-new-york-giants-UcaQRdF7/
30 Sep 2012,Regular,0,Green Bay Packers,New Orleans Saints,28,27,-371,269,https://www.oddsportal.com/american-football/usa/nfl-2012-2013/green-bay-packers-new-orleans-saints-OpUPTIpe/
30 Sep 2012,Regular,0,Tampa Bay Buccaneers,Washington Commanders,22,24,-146,110,https://www.oddsportal.com/american-football/usa/nfl-2012-2013/tampa-bay-buccaneers-washington-commanders-j70MSx01/
30 Sep 2012,Regular,0,Arizona Cardinals,Miami Dolphins,24,21,-238,174,https://www.oddsportal.com/american-football/usa/nfl-2012-2013/arizona-cardinals-miami-dolphins-EBvjzL7R/
30 Sep 2012,Regular,0,Denver Broncos,Las Vegas Raiders,37,6,-317,232,https://www.oddsportal.com/american-football/usa/nfl-2012-2013/denver-broncos-las-vegas-raiders-pfVLUbVl/
30 Sep 2012,Regular,0,Jacksonville Jaguars,Cincinnati Bengals,10,27,-121,-114,https://www.oddsportal.com/american-football/usa/nfl-2012-2013/jacksonville-jaguars-cincinnati-bengals-jXVHVvGr/
30 Sep 2012,Regular,0,Atlanta Falcons,Carolina Panthers,30,28,-333,240,https://www.oddsportal.com/american-football/usa/nfl-2012-2013/atlanta-falcons-carolina-panthers-bw7vILoq/
30 Sep 2012,Regular,0,Buffalo Bills,New England Patriots,28,52,160,-211,https://www.oddsportal.com/american-football/usa/nfl-2012-2013/buffalo-bills-new-england-patriots-xU5rHu1k/
30 Sep 2012,Regular,0,Detroit Lions,Minnesota Vikings,13,20,-211,160,https://www.oddsportal.com/american-football/usa/nfl-2012-2013/detroit-lions-minnesota-vikings-Wj5nGaGe/
30 Sep 2012,Regular,0,Houston Texans,Tennessee Titans,38,14,-646,395,https://www.oddsportal.com/american-football/usa/nfl-2012-2013/houston-texans-tennessee-titans-Wnkoy1hL/
30 Sep 2012,Regular,0,Kansas City Chiefs,Los Angeles Chargers,20,37,-100,-135,https://www.oddsportal.com/american-football/usa/nfl-2012-2013/kansas-city-chiefs-los-angeles-chargers-rR8jFJV1/
30 Sep 2012,Regular,0,Los Angeles Rams,Seattle Seahawks,19,13,115,-151,https://www.oddsportal.com/american-football/usa/nfl-2012-2013/los-angeles-rams-seattle-seahawks-pWnZw382/
30 Sep 2012,Regular,0,New York Jets,San Francisco 49ers,0,34,166,-224,https://www.oddsportal.com/american-football/usa/nfl-2012-2013/new-york-jets-san-francisco-49ers-OMowwNN8/
27 Sep 2012,Regular,0,Baltimore Ravens,Cleveland Browns,23,16,-646,424,https://www.oddsportal.com/american-football/usa/nfl-2012-2013/baltimore-ravens-cleveland-browns-rTmAZmHG/
24 Sep 2012,Regular,0,Seattle Seahawks,Green Bay Packers,14,12,139,-185,https://www.oddsportal.com/american-football/usa/nfl-2012-2013/seattle-seahawks-green-bay-packers-4xk6zU1A/
23 Sep 2012,Regular,0,Baltimore Ravens,New England Patriots,31,30,-152,115,https://www.oddsportal.com/american-football/usa/nfl-2012-2013/baltimore-ravens-new-england-patriots-AFk2yAn4/
23 Sep 2012,Regular,0,Denver Broncos,Houston Texans,25,31,-105,-131,https://www.oddsportal.com/american-football/usa/nfl-2012-2013/denver-broncos-houston-texans-EmdgwWHi/
23 Sep 2012,Regular,0,Las Vegas Raiders,Pittsburgh Steelers,34,31,150,-200,https://www.oddsportal.com/american-football/usa/nfl-2012-2013/las-vegas-raiders-pittsburgh-steelers-dCobxjXc/
23 Sep 2012,Regular,0,Arizona Cardinals,Philadelphia Eagles,27,6,145,-191,https://www.oddsportal.com/american-football/usa/nfl-2012-2013/arizona-cardinals-philadelphia-eagles-jgelevuh/
23 Sep 2012,Regular,0,Los Angeles Chargers,Atlanta Falcons,3,27,-178,132,https://www.oddsportal.com/american-football/usa/nfl-2012-2013/los-angeles-chargers-atlanta-falcons-zcckvC2o/
23 Sep 2012,Regular,0,Chicago Bears,Los Angeles Rams,23,6,-357,257,https://www.oddsportal.com/american-football/usa/nfl-2012-2013/chicago-bears-los-angeles-rams-rkaaHKKi/
23 Sep 2012,Regular,0,Cleveland Browns,Buffalo Bills,14,24,105,-141,https://www.oddsportal.com/american-football/usa/nfl-2012-2013/cleveland-browns-buffalo-bills-xCb3Gvzb/
23 Sep 2012,Regular,0,Dallas Cowboys,Tampa Bay Buccaneers,16,10,-371,269,https://www.oddsportal.com/american-football/usa/nfl-2012-2013/dallas-cowboys-tampa-bay-buccaneers-G2c7Fbk4/
23 Sep 2012,Regular,0,Indianapolis Colts,Jacksonville Jaguars,17,22,-191,145,https://www.oddsportal.com/american-football/usa/nfl-2012-2013/indianapolis-colts-jacksonville-jaguars-8j97FSPp/
23 Sep 2012,Regular,0,Miami Dolphins,New York Jets,20,23,115,-152,https://www.oddsportal.com/american-football/usa/nfl-2012-2013/miami-dolphins-new-york-jets-YwhCEI4A/
23 Sep 2012,Regular,0,Minnesota Vikings,San Francisco 49ers,24,13,240,-333,https://www.oddsportal.com/american-football/usa/nfl-2012-2013/minnesota-vikings-san-francisco-49ers-CUjGDxKG/
23 Sep 2012,Regular,0,New Orleans Saints,Kansas City Chiefs,24,27,-400,282,https://www.oddsportal.com/american-football/usa/nfl-2012-2013/new-orleans-saints-kansas-city-chiefs-6ijKCdZM/
23 Sep 2012,Regular,0,Tennessee Titans,Detroit Lions,44,41,156,-213,https://www.oddsportal.com/american-football/usa/nfl-2012-2013/tennessee-titans-detroit-lions-6sNuK8HT/
23 Sep 2012,Regular,0,Washington Commanders,Cincinnati Bengals,31,38,-200,150,https://www.oddsportal.com/american-football/usa/nfl-2012-2013/washington-commanders-cincinnati-bengals-KffOBGlT/
20 Sep 2012,Regular,0,Carolina Panthers,New York Giants,7,36,-164,122,https://www.oddsportal.com/american-football/usa/nfl-2012-2013/carolina-panthers-new-york-giants-WEeeI05o/
17 Sep 2012,Regular,0,Atlanta Falcons,Denver Broncos,27,21,-171,127,https://www.oddsportal.com/american-football/usa/nfl-2012-2013/atlanta-falcons-denver-broncos-U9HCgHSp/
16 Sep 2012,Regular,0,San Francisco 49ers,Detroit Lions,27,19,-317,232,https://www.oddsportal.com/american-football/usa/nfl-2012-2013/san-francisco-49ers-detroit-lions-S0VpbcKT/
16 Sep 2012,Regular,0,Los Angeles Chargers,Tennessee Titans,38,10,-282,205,https://www.oddsportal.com/american-football/usa/nfl-2012-2013/los-angeles-chargers-tennessee-titans-bRQtaw5N/
16 Sep 2012,Regular,0,Pittsburgh Steelers,New York Jets,27,10,-250,180,https://www.oddsportal.com/american-football/usa/nfl-2012-2013/pittsburgh-steelers-new-york-jets-KzSx0JkH/
16 Sep 2012,Regular,0,Los Angeles Rams,Washington Commanders,31,28,150,-200,https://www.oddsportal.com/american-football/usa/nfl-2012-2013/los-angeles-rams-washington-commanders-O8YT1uL4/
16 Sep 2012,Regular,0,Seattle Seahawks,Dallas Cowboys,27,7,144,-194,https://www.oddsportal.com/american-football/usa/nfl-2012-2013/seattle-seahawks-dallas-cowboys-xCxY0azB/
16 Sep 2012,Regular,0,Buffalo Bills,Kansas City Chiefs,35,17,-178,132,https://www.oddsportal.com/american-football/usa/nfl-2012-2013/buffalo-bills-kansas-city-chiefs-MNlj1M9J/
16 Sep 2012,Regular,0,Carolina Panthers,New Orleans Saints,35,27,120,-157,https://www.oddsportal.com/american-football/usa/nfl-2012-2013/carolina-panthers-new-orleans-saints-UTwQfKnm/
16 Sep 2012,Regular,0,Cincinnati Bengals,Cleveland Browns,34,27,-339,245,https://www.oddsportal.com/american-football/usa/nfl-2012-2013/cincinnati-bengals-cleveland-browns-Ychf0tPP/
16 Sep 2012,Regular,0,Indianapolis Colts,Minnesota Vikings,23,20,124,-164,https://www.oddsportal.com/american-football/usa/nfl-2012-2013/indianapolis-colts-minnesota-vikings-jwuMe0Xt/
16 Sep 2012,Regular,0,Jacksonville Jaguars,Houston Texans,7,27,232,-317,https://www.oddsportal.com/american-football/usa/nfl-2012-2013/jacksonville-jaguars-houston-texans-n5YUgv2g/
16 Sep 2012,Regular,0,Miami Dolphins,Las Vegas Raiders,35,13,105,-140,https://www.oddsportal.com/american-football/usa/nfl-2012-2013/miami-dolphins-las-vegas-raiders-QeXYhbHa/
16 Sep 2012,Regular,0,New England Patriots,Arizona Cardinals,18,20,-910,516,https://www.oddsportal.com/american-football/usa/nfl-2012-2013/new-england-patriots-arizona-cardinals-KIWxhIW5/
16 Sep 2012,Regular,0,Philadelphia Eagles,Baltimore Ravens,24,23,-178,132,https://www.oddsportal.com/american-football/usa/nfl-2012-2013/philadelphia-eagles-baltimore-ravens-UoZP2L5b/
16 Sep 2012,Regular,0,New York Giants,Tampa Bay Buccaneers,41,34,-371,255,https://www.oddsportal.com/american-football/usa/nfl-2012-2013/new-york-giants-tampa-bay-buccaneers-YLzsixnC/
13 Sep 2012,Regular,0,Green Bay Packers,Chicago Bears,23,10,-250,180,https://www.oddsportal.com/american-football/usa/nfl-2012-2013/green-bay-packers-chicago-bears-KIA7xwXI/
10 Sep 2012,Regular,0,Las Vegas Raiders,Los Angeles Chargers,14,22,-125,-110,https://www.oddsportal.com/american-football/usa/nfl-2012-2013/las-vegas-raiders-los-angeles-chargers-tSB3wJHC/
10 Sep 2012,Regular,0,Baltimore Ravens,Cincinnati Bengals,44,13,-339,245,https://www.oddsportal.com/american-football/usa/nfl-2012-2013/baltimore-ravens-cincinnati-bengals-KQzhjEoC/
09 Sep 2012,Regular,0,Denver Broncos,Pittsburgh Steelers,31,19,-146,110,https://www.oddsportal.com/american-football/usa/nfl-2012-2013/denver-broncos-pittsburgh-steelers-joqyfdnm/
09 Sep 2012,Regular,0,Arizona Cardinals,Seattle Seahawks,20,16,115,-151,https://www.oddsportal.com/american-football/usa/nfl-2012-2013/arizona-cardinals-seattle-seahawks-Ch7ava26/
09 Sep 2012,Regular,0,Green Bay Packers,San Francisco 49ers,22,30,-263,192,https://www.oddsportal.com/american-football/usa/nfl-2012-2013/green-bay-packers-san-francisco-49ers-Y18euum0/
09 Sep 2012,Regular,0,Tampa Bay Buccaneers,Carolina Panthers,16,10,122,-164,https://www.oddsportal.com/american-football/usa/nfl-2012-2013/tampa-bay-buccaneers-carolina-panthers-zLw6aIOP/
09 Sep 2012,Regular,0,Chicago Bears,Indianapolis Colts,41,21,-500,341,https://www.oddsportal.com/american-football/usa/nfl-2012-2013/chicago-bears-indianapolis-colts-O0f7LsPN/
09 Sep 2012,Regular,0,Cleveland Browns,Philadelphia Eagles,16,17,309,-445,https://www.oddsportal.com/american-football/usa/nfl-2012-2013/cleveland-browns-philadelphia-eagles-zuKLv5Po/
09 Sep 2012,Regular,0,Detroit Lions,Los Angeles Rams,27,23,-400,282,https://www.oddsportal.com/american-football/usa/nfl-2012-2013/detroit-lions-los-angeles-rams-CMtHTaYs/
09 Sep 2012,Regular,0,Houston Texans,Miami Dolphins,30,10,-870,500,https://www.oddsportal.com/american-football/usa/nfl-2012-2013/houston-texans-miami-dolphins-dArTQcI0/
09 Sep 2012,Regular,0,Kansas City Chiefs,Atlanta Falcons,24,40,110,-145,https://www.oddsportal.com/american-football/usa/nfl-2012-2013/kansas-city-chiefs-atlanta-falcons-MgsEHYNk/
09 Sep 2012,Regular,0,Minnesota Vikings,Jacksonville Jaguars,26,23,-200,150,https://www.oddsportal.com/american-football/usa/nfl-2012-2013/minnesota-vikings-jacksonville-jaguars-xzFns1Im/
09 Sep 2012,Regular,0,New Orleans Saints,Washington Commanders,32,40,-400,282,https://www.oddsportal.com/american-football/usa/nfl-2012-2013/new-orleans-saints-washington-commanders-WOO4vdV2/
09 Sep 2012,Regular,0,New York Jets,Buffalo Bills,48,28,-164,124,https://www.oddsportal.com/american-football/usa/nfl-2012-2013/new-york-jets-buffalo-bills-jwJjtLXg/
09 Sep 2012,Regular,0,Tennessee Titans,New England Patriots,13,34,180,-250,https://www.oddsportal.com/american-football/usa/nfl-2012-2013/tennessee-titans-new-england-patriots-vXGxyNOA/
05 Sep 2012,Regular,0,New York Giants,Dallas Cowboys,17,24,-200,150,https://www.oddsportal.com/american-football/usa/nfl-2012-2013/new-york-giants-dallas-cowboys-rDFrrs3s/
30 Aug 2012,Pre-season,0,Arizona Cardinals,Denver Broncos,13,16,,,https://www.oddsportal.com/american-football/usa/nfl-2012-2013/arizona-cardinals-denver-broncos-A1rBNEQ5/
30 Aug 2012,Pre-season,0,San Francisco 49ers,Los Angeles Chargers,35,3,,,https://www.oddsportal.com/american-football/usa/nfl-2012-2013/san-francisco-49ers-los-angeles-chargers-Gvq7OfBa/
30 Aug 2012,Pre-season,0,Seattle Seahawks,Las Vegas Raiders,21,3,,,https://www.oddsportal.com/american-football/usa/nfl-2012-2013/seattle-seahawks-las-vegas-raiders-2yu3Pzdg/
30 Aug 2012,Pre-season,0,Cleveland Browns,Chicago Bears,20,28,,,https://www.oddsportal.com/american-football/usa/nfl-2012-2013/cleveland-browns-chicago-bears-OSlTVxJP/
30 Aug 2012,Pre-season,0,Detroit Lions,Buffalo Bills,38,32,,,https://www.oddsportal.com/american-football/usa/nfl-2012-2013/detroit-lions-buffalo-bills-YwMzQnV6/
30 Aug 2012,Pre-season,0,Green Bay Packers,Kansas City Chiefs,24,3,,,https://www.oddsportal.com/american-football/usa/nfl-2012-2013/green-bay-packers-kansas-city-chiefs-S0LvP6pD/
30 Aug 2012,Pre-season,0,Houston Texans,Minnesota Vikings,28,24,,,https://www.oddsportal.com/american-football/usa/nfl-2012-2013/houston-texans-minnesota-vikings-fmNWQSF0/
30 Aug 2012,Pre-season,0,Indianapolis Colts,Cincinnati Bengals,20,16,,,https://www.oddsportal.com/american-football/usa/nfl-2012-2013/indianapolis-colts-cincinnati-bengals-t4PrOQaJ/
30 Aug 2012,Pre-season,0,Los Angeles Rams,Baltimore Ravens,31,17,,,https://www.oddsportal.com/american-football/usa/nfl-2012-2013/los-angeles-rams-baltimore-ravens-KCkbQGtm/
30 Aug 2012,Pre-season,0,Pittsburgh Steelers,Carolina Panthers,17,16,,,https://www.oddsportal.com/american-football/usa/nfl-2012-2013/pittsburgh-steelers-carolina-panthers-tMjfRdRt/
30 Aug 2012,Pre-season,0,Tennessee Titans,New Orleans Saints,10,6,,,https://www.oddsportal.com/american-football/usa/nfl-2012-2013/tennessee-titans-new-orleans-saints-pxjPWI3J/
30 Aug 2012,Pre-season,0,Philadelphia Eagles,New York Jets,28,10,,,https://www.oddsportal.com/american-football/usa/nfl-2012-2013/philadelphia-eagles-new-york-jets-bLTNSlol/
30 Aug 2012,Pre-season,0,Jacksonville Jaguars,Atlanta Falcons,24,14,,,https://www.oddsportal.com/american-football/usa/nfl-2012-2013/jacksonville-jaguars-atlanta-falcons-xCSRR80f/
29 Aug 2012,Pre-season,0,Dallas Cowboys,Miami Dolphins,30,13,,,https://www.oddsportal.com/american-football/usa/nfl-2012-2013/dallas-cowboys-miami-dolphins-4bUJTUVs/
29 Aug 2012,Pre-season,0,New York Giants,New England Patriots,6,3,,,https://www.oddsportal.com/american-football/usa/nfl-2012-2013/new-york-giants-new-england-patriots-nslmZj8K/
29 Aug 2012,Pre-season,0,Washington Commanders,Tampa Bay Buccaneers,30,3,,,https://www.oddsportal.com/american-football/usa/nfl-2012-2013/washington-commanders-tampa-bay-buccaneers-U5whYANQ/
26 Aug 2012,Pre-season,0,New York Jets,Carolina Panthers,12,17,,,https://www.oddsportal.com/american-football/usa/nfl-2012-2013/new-york-jets-carolina-panthers-8jkqzXhE/
26 Aug 2012,Pre-season,0,Denver Broncos,San Francisco 49ers,24,29,,,https://www.oddsportal.com/american-football/usa/nfl-2012-2013/denver-broncos-san-francisco-49ers-Kzd1BmGD/
25 Aug 2012,Pre-season,0,Dallas Cowboys,Los Angeles Rams,20,19,,,https://www.oddsportal.com/american-football/usa/nfl-2012-2013/dallas-cowboys-los-angeles-rams-tpccCT07/
25 Aug 2012,Pre-season,0,New Orleans Saints,Houston Texans,34,27,,,https://www.oddsportal.com/american-football/usa/nfl-2012-2013/new-orleans-saints-houston-texans-bL7hD9o1/
25 Aug 2012,Pre-season,0,Buffalo Bills,Pittsburgh Steelers,7,38,,,https://www.oddsportal.com/american-football/usa/nfl-2012-2013/buffalo-bills-pittsburgh-steelers-je4pFVGl/
25 Aug 2012,Pre-season,0,Las Vegas Raiders,Detroit Lions,31,20,,,https://www.oddsportal.com/american-football/usa/nfl-2012-2013/las-vegas-raiders-detroit-lions-pI3lEkWf/
25 Aug 2012,Pre-season,0,Washington Commanders,Indianapolis Colts,30,17,,,https://www.oddsportal.com/american-football/usa/nfl-2012-2013/washington-commanders-indianapolis-colts-C45tGB1r/
24 Aug 2012,Pre-season,0,Kansas City Chiefs,Seattle Seahawks,14,44,,,https://www.oddsportal.com/american-football/usa/nfl-2012-2013/kansas-city-chiefs-seattle-seahawks-YJPJXwXF/
24 Aug 2012,Pre-season,0,Minnesota Vikings,Los Angeles Chargers,10,12,,,https://www.oddsportal.com/american-football/usa/nfl-2012-2013/minnesota-vikings-los-angeles-chargers-06RBZa23/
24 Aug 2012,Pre-season,0,New York Giants,Chicago Bears,17,20,,,https://www.oddsportal.com/american-football/usa/nfl-2012-2013/new-york-giants-chicago-bears-fTQFYJH9/
24 Aug 2012,Pre-season,0,Cleveland Browns,Philadelphia Eagles,10,27,,,https://www.oddsportal.com/american-football/usa/nfl-2012-2013/cleveland-browns-philadelphia-eagles-67pLCxej/
24 Aug 2012,Pre-season,0,Miami Dolphins,Atlanta Falcons,6,23,,,https://www.oddsportal.com/american-football/usa/nfl-2012-2013/miami-dolphins-atlanta-falcons-n3N7ztmc/
24 Aug 2012,Pre-season,0,Tampa Bay Buccaneers,New England Patriots,30,28,,,https://www.oddsportal.com/american-football/usa/nfl-2012-2013/tampa-bay-buccaneers-new-england-patriots-pbqPBdAd/
23 Aug 2012,Pre-season,0,Tennessee Titans,Arizona Cardinals,32,27,,,https://www.oddsportal.com/american-football/usa/nfl-2012-2013/tennessee-titans-arizona-cardinals-xYuHDIup/
23 Aug 2012,Pre-season,0,Baltimore Ravens,Jacksonville Jaguars,48,17,,,https://www.oddsportal.com/american-football/usa/nfl-2012-2013/baltimore-ravens-jacksonville-jaguars-zPgkIbXS/
23 Aug 2012,Pre-season,0,Cincinnati Bengals,Green Bay Packers,13,27,,,https://www.oddsportal.com/american-football/usa/nfl-2012-2013/cincinnati-bengals-green-bay-packers-h04pJvIM/
20 Aug 2012,Pre-season,0,New England Patriots,Philadelphia Eagles,17,27,,,https://www.oddsportal.com/american-football/usa/nfl-2012-2013/new-england-patriots-philadelphia-eagles-fFosKK2G/
19 Aug 2012,Pre-season,0,Pittsburgh Steelers,Indianapolis Colts,26,24,,,https://www.oddsportal.com/american-football/usa/nfl-2012-2013/pittsburgh-steelers-indianapolis-colts-0hnwL0mA/
18 Aug 2012,Pre-season,0,Denver Broncos,Seattle Seahawks,10,30,,,https://www.oddsportal.com/american-football/usa/nfl-2012-2013/denver-broncos-seattle-seahawks-4QhUMMIc/
18 Aug 2012,Pre-season,0,Los Angeles Chargers,Dallas Cowboys,28,20,,,https://www.oddsportal.com/american-football/usa/nfl-2012-2013/los-angeles-chargers-dallas-cowboys-M1mZLtY3/
18 Aug 2012,Pre-season,0,Chicago Bears,Washington Commanders,33,31,,,https://www.oddsportal.com/american-football/usa/nfl-2012-2013/chicago-bears-washington-commanders-QZgQN23i/
18 Aug 2012,Pre-season,0,Houston Texans,San Francisco 49ers,20,9,,,https://www.oddsportal.com/american-football/usa/nfl-2012-2013/houston-texans-san-francisco-49ers-CW5raJQj/
18 Aug 2012,Pre-season,0,Los Angeles Rams,Kansas City Chiefs,31,17,,,https://www.oddsportal.com/american-football/usa/nfl-2012-2013/los-angeles-rams-kansas-city-chiefs-bT1v0aBp/
18 Aug 2012,Pre-season,0,New York Jets,New York Giants,3,26,,,https://www.oddsportal.com/american-football/usa/nfl-2012-2013/new-york-jets-new-york-giants-hnPB4u3T/
17 Aug 2012,Pre-season,0,Arizona Cardinals,Las Vegas Raiders,31,27,,,https://www.oddsportal.com/american-football/usa/nfl-2012-2013/arizona-cardinals-las-vegas-raiders-EeQ75LmN/
17 Aug 2012,Pre-season,0,Baltimore Ravens,Detroit Lions,12,27,,,https://www.oddsportal.com/american-football/usa/nfl-2012-2013/baltimore-ravens-detroit-lions-pGxe8N34/
17 Aug 2012,Pre-season,0,Carolina Panthers,Miami Dolphins,23,17,,,https://www.oddsportal.com/american-football/usa/nfl-2012-2013/carolina-panthers-miami-dolphins-WCYj93lb/
17 Aug 2012,Pre-season,0,Minnesota Vikings,Buffalo Bills,36,14,,,https://www.oddsportal.com/american-football/usa/nfl-2012-2013/minnesota-vikings-buffalo-bills-SvSa7sJA/
17 Aug 2012,Pre-season,0,New Orleans Saints,Jacksonville Jaguars,24,27,,,https://www.oddsportal.com/american-football/usa/nfl-2012-2013/new-orleans-saints-jacksonville-jaguars-6VQ361YG/
17 Aug 2012,Pre-season,0,Tampa Bay Buccaneers,Tennessee Titans,7,30,,,https://www.oddsportal.com/american-football/usa/nfl-2012-2013/tampa-bay-buccaneers-tennessee-titans-xjZnAqZi/
16 Aug 2012,Pre-season,0,Atlanta Falcons,Cincinnati Bengals,19,24,,,https://www.oddsportal.com/american-football/usa/nfl-2012-2013/atlanta-falcons-cincinnati-bengals-Msi0ntso/
16 Aug 2012,Pre-season,0,Green Bay Packers,Cleveland Browns,10,35,,,https://www.oddsportal.com/american-football/usa/nfl-2012-2013/green-bay-packers-cleveland-browns-bazqBPJo/
13 Aug 2012,Pre-season,0,Las Vegas Raiders,Dallas Cowboys,0,3,,,https://www.oddsportal.com/american-football/usa/nfl-2012-2013/las-vegas-raiders-dallas-cowboys-KY4YjMYT/
12 Aug 2012,Pre-season,0,Indianapolis Colts,Los Angeles Rams,38,3,,,https://www.oddsportal.com/american-football/usa/nfl-2012-2013/indianapolis-colts-los-angeles-rams-QB5Ui2JN/
11 Aug 2012,Pre-season,0,Seattle Seahawks,Tennessee Titans,27,17,,,https://www.oddsportal.com/american-football/usa/nfl-2012-2013/seattle-seahawks-tennessee-titans-Ey2Qhr4H/
11 Aug 2012,Pre-season,0,Carolina Panthers,Houston Texans,13,26,,,https://www.oddsportal.com/american-football/usa/nfl-2012-2013/carolina-panthers-houston-texans-WCCLgOlB/
10 Aug 2012,Pre-season,0,San Francisco 49ers,Minnesota Vikings,17,6,,,https://www.oddsportal.com/american-football/usa/nfl-2012-2013/san-francisco-49ers-minnesota-vikings-hMDHf4Z4/
10 Aug 2012,Pre-season,0,Kansas City Chiefs,Arizona Cardinals,27,17,,,https://www.oddsportal.com/american-football/usa/nfl-2012-2013/kansas-city-chiefs-arizona-cardinals-On9DepKb/
10 Aug 2012,Pre-season,0,Cincinnati Bengals,New York Jets,17,6,,,https://www.oddsportal.com/american-football/usa/nfl-2012-2013/cincinnati-bengals-new-york-jets-lUG0bnzt/
10 Aug 2012,Pre-season,0,Detroit Lions,Cleveland Browns,17,19,,,https://www.oddsportal.com/american-football/usa/nfl-2012-2013/detroit-lions-cleveland-browns-2XK4c6kn/
10 Aug 2012,Pre-season,0,Jacksonville Jaguars,New York Giants,32,31,,,https://www.oddsportal.com/american-football/usa/nfl-2012-2013/jacksonville-jaguars-new-york-giants-pdA9dQ4h/
10 Aug 2012,Pre-season,0,Miami Dolphins,Tampa Bay Buccaneers,7,20,,,https://www.oddsportal.com/american-football/usa/nfl-2012-2013/miami-dolphins-tampa-bay-buccaneers-C8uew34U/
09 Aug 2012,Pre-season,0,Chicago Bears,Denver Broncos,3,31,,,https://www.oddsportal.com/american-football/usa/nfl-2012-2013/chicago-bears-denver-broncos-YHtivqkO/
09 Aug 2012,Pre-season,0,Los Angeles Chargers,Green Bay Packers,21,13,,,https://www.oddsportal.com/american-football/usa/nfl-2012-2013/los-angeles-chargers-green-bay-packers-6eAfuPZH/
09 Aug 2012,Pre-season,0,Atlanta Falcons,Baltimore Ravens,17,31,,,https://www.oddsportal.com/american-football/usa/nfl-2012-2013/atlanta-falcons-baltimore-ravens-S4Bjt5KB/
09 Aug 2012,Pre-season,0,New England Patriots,New Orleans Saints,7,6,,,https://www.oddsportal.com/american-football/usa/nfl-2012-2013/new-england-patriots-new-orleans-saints-Kv8rrRka/
09 Aug 2012,Pre-season,0,Philadelphia Eagles,Pittsburgh Steelers,24,23,,,https://www.oddsportal.com/american-football/usa/nfl-2012-2013/philadelphia-eagles-pittsburgh-steelers-YsCnso55/
09 Aug 2012,Pre-season,0,Buffalo Bills,Washington Commanders,6,7,,,https://www.oddsportal.com/american-football/usa/nfl-2012-2013/buffalo-bills-washington-commanders-xGIwq7zg/
05 Aug 2012,Pre-season,0,New Orleans Saints,Arizona Cardinals,17,10,,,https://www.oddsportal.com/american-football/usa/nfl-2012-2013/new-orleans-saints-arizona-cardinals-bPJZqmLn/
05 Feb 2012,Play Offs,0,New York Giants,New England Patriots,21,17,,,https://www.oddsportal.com/american-football/usa/nfl-2011-2012/new-york-giants-new-england-patriots-ninqNXmU/
29 Jan 2012,All Stars,0,AFC,NFC,59,41,,,https://www.oddsportal.com/american-football/usa/nfl-2011-2012/afc-nfc-xWkeOhhC/
22 Jan 2012,Play Offs,0,San Francisco 49ers,New York Giants,17,20,,,https://www.oddsportal.com/american-football/usa/nfl-2011-2012/san-francisco-49ers-new-york-giants-67e7Hw21/
22 Jan 2012,Play Offs,0,New England Patriots,Baltimore Ravens,23,20,,,https://www.oddsportal.com/american-football/usa/nfl-2011-2012/new-england-patriots-baltimore-ravens-tE7HEpt3/
15 Jan 2012,Play Offs,0,Green Bay Packers,New York Giants,20,37,,,https://www.oddsportal.com/american-football/usa/nfl-2011-2012/green-bay-packers-new-york-giants-pM46Q0b1/
15 Jan 2012,Play Offs,0,Baltimore Ravens,Houston Texans,20,13,,,https://www.oddsportal.com/american-football/usa/nfl-2011-2012/baltimore-ravens-houston-texans-OC3APKD7/
14 Jan 2012,Play Offs,0,New England Patriots,Denver Broncos,45,10,,,https://www.oddsportal.com/american-football/usa/nfl-2011-2012/new-england-patriots-denver-broncos-tYF0l4j8/
14 Jan 2012,Play Offs,0,San Francisco 49ers,New Orleans Saints,36,32,,,https://www.oddsportal.com/american-football/usa/nfl-2011-2012/san-francisco-49ers-new-orleans-saints-SpA1Rtqe/
08 Jan 2012,Play Offs,0,Denver Broncos,Pittsburgh Steelers,29,23,,,https://www.oddsportal.com/american-football/usa/nfl-2011-2012/denver-broncos-pittsburgh-steelers-d08kDK1h/
08 Jan 2012,Play Offs,0,New York Giants,Atlanta Falcons,24,2,,,https://www.oddsportal.com/american-football/usa/nfl-2011-2012/new-york-giants-atlanta-falcons-2w9oE0nn/
07 Jan 2012,Play Offs,0,New Orleans Saints,Detroit Lions,45,28,,,https://www.oddsportal.com/american-football/usa/nfl-2011-2012/new-orleans-saints-detroit-lions-lz5sFtXu/
07 Jan 2012,Play Offs,0,Houston Texans,Cincinnati Bengals,31,10,,,https://www.oddsportal.com/american-football/usa/nfl-2011-2012/houston-texans-cincinnati-bengals-KfFSgc1U/
01 Jan 2012,Regular,0,New York Giants,Dallas Cowboys,31,14,-185,139,https://www.oddsportal.com/american-football/usa/nfl-2011-2012/new-york-giants-dallas-cowboys-OKDOMmBe/
01 Jan 2012,Regular,0,Arizona Cardinals,Seattle Seahawks,23,20,-151,115,https://www.oddsportal.com/american-football/usa/nfl-2011-2012/arizona-cardinals-seattle-seahawks-GbIRrVXE/
01 Jan 2012,Regular,0,Atlanta Falcons,Tampa Bay Buccaneers,45,24,-426,295,https://www.oddsportal.com/american-football/usa/nfl-2011-2012/atlanta-falcons-tampa-bay-buccaneers-ADXmTkYR/
01 Jan 2012,Regular,0,Cincinnati Bengals,Baltimore Ravens,16,24,117,-158,https://www.oddsportal.com/american-football/usa/nfl-2011-2012/cincinnati-bengals-baltimore-ravens-ShKFO9tq/
01 Jan 2012,Regular,0,Cleveland Browns,Pittsburgh Steelers,9,13,269,-371,https://www.oddsportal.com/american-football/usa/nfl-2011-2012/cleveland-browns-pittsburgh-steelers-tdOJNTek/
01 Jan 2012,Regular,0,Denver Broncos,Kansas City Chiefs,3,7,-135,-100,https://www.oddsportal.com/american-football/usa/nfl-2011-2012/denver-broncos-kansas-city-chiefs-SYLVskmL/
01 Jan 2012,Regular,0,Las Vegas Raiders,Los Angeles Chargers,26,38,-151,115,https://www.oddsportal.com/american-football/usa/nfl-2011-2012/las-vegas-raiders-los-angeles-chargers-MeLZt92R/
01 Jan 2012,Regular,0,Green Bay Packers,Detroit Lions,45,41,205,-282,https://www.oddsportal.com/american-football/usa/nfl-2011-2012/green-bay-packers-detroit-lions-S4AyUVIL/
01 Jan 2012,Regular,0,Houston Texans,Tennessee Titans,22,23,-100,-135,https://www.oddsportal.com/american-football/usa/nfl-2011-2012/houston-texans-tennessee-titans-YZSMqBI8/
01 Jan 2012,Regular,0,Jacksonville Jaguars,Indianapolis Colts,19,13,-178,133,https://www.oddsportal.com/american-football/usa/nfl-2011-2012/jacksonville-jaguars-indianapolis-colts-fqUIpi32/
01 Jan 2012,Regular,0,Los Angeles Rams,San Francisco 49ers,27,34,516,-910,https://www.oddsportal.com/american-football/usa/nfl-2011-2012/los-angeles-rams-san-francisco-49ers-nggvVB3F/
01 Jan 2012,Regular,0,Miami Dolphins,New York Jets,19,17,-140,105,https://www.oddsportal.com/american-football/usa/nfl-2011-2012/miami-dolphins-new-york-jets-82fzWil9/
01 Jan 2012,Regular,0,Minnesota Vikings,Chicago Bears,13,17,-146,110,https://www.oddsportal.com/american-football/usa/nfl-2011-2012/minnesota-vikings-chicago-bears-EueWWXY2/
01 Jan 2012,Regular,0,New England Patriots,Buffalo Bills,49,21,-646,395,https://www.oddsportal.com/american-football/usa/nfl-2011-2012/new-england-patriots-buffalo-bills-0xiSXDJd/
01 Jan 2012,Regular,0,New Orleans Saints,Carolina Panthers,45,17,-333,240,https://www.oddsportal.com/american-football/usa/nfl-2011-2012/new-orleans-saints-carolina-panthers-hn2wPLFd/
01 Jan 2012,Regular,0,Philadelphia Eagles,Washington Commanders,34,10,-371,269,https://www.oddsportal.com/american-football/usa/nfl-2011-2012/philadelphia-eagles-washington-commanders-2BCSL7Q1/
26 Dec 2011,Regular,0,New Orleans Saints,Atlanta Falcons,45,16,-371,255,https://www.oddsportal.com/american-football/usa/nfl-2011-2012/new-orleans-saints-atlanta-falcons-Ee3ZP10j/
25 Dec 2011,Regular,0,Green Bay Packers,Chicago Bears,35,21,-953,546,https://www.oddsportal.com/american-football/usa/nfl-2011-2012/green-bay-packers-chicago-bears-pMbVQsop/
24 Dec 2011,Regular,0,Dallas Cowboys,Philadelphia Eagles,7,20,-107,-128,https://www.oddsportal.com/american-football/usa/nfl-2011-2012/dallas-cowboys-philadelphia-eagles-QXocqj1B/
24 Dec 2011,Regular,0,Seattle Seahawks,San Francisco 49ers,17,19,-100,-135,https://www.oddsportal.com/american-football/usa/nfl-2011-2012/seattle-seahawks-san-francisco-49ers-8dy2rAGH/
24 Dec 2011,Regular,0,Detroit Lions,Los Angeles Chargers,38,10,-126,-110,https://www.oddsportal.com/american-football/usa/nfl-2011-2012/detroit-lions-los-angeles-chargers-b7yaoWo5/
24 Dec 2011,Regular,0,Baltimore Ravens,Cleveland Browns,20,14,-747,421,https://www.oddsportal.com/american-football/usa/nfl-2011-2012/baltimore-ravens-cleveland-browns-4pxenCWb/
24 Dec 2011,Regular,0,Buffalo Bills,Denver Broncos,40,14,120,-157,https://www.oddsportal.com/american-football/usa/nfl-2011-2012/buffalo-bills-denver-broncos-zotQUA1O/
24 Dec 2011,Regular,0,Carolina Panthers,Tampa Bay Buccaneers,48,16,-371,269,https://www.oddsportal.com/american-football/usa/nfl-2011-2012/carolina-panthers-tampa-bay-buccaneers-QgwimhHh/
24 Dec 2011,Regular,0,Cincinnati Bengals,Arizona Cardinals,23,16,-238,176,https://www.oddsportal.com/american-football/usa/nfl-2011-2012/cincinnati-bengals-arizona-cardinals-hMjLVjnI/
24 Dec 2011,Regular,0,Kansas City Chiefs,Las Vegas Raiders,13,16,-157,120,https://www.oddsportal.com/american-football/usa/nfl-2011-2012/kansas-city-chiefs-las-vegas-raiders-OdV0Yh2a/
24 Dec 2011,Regular,0,New England Patriots,Miami Dolphins,27,24,-371,269,https://www.oddsportal.com/american-football/usa/nfl-2011-2012/new-england-patriots-miami-dolphins-EViHWWWB/
24 Dec 2011,Regular,0,New York Jets,New York Giants,14,29,-146,110,https://www.oddsportal.com/american-football/usa/nfl-2011-2012/new-york-jets-new-york-giants-URqrkEnt/
24 Dec 2011,Regular,0,Pittsburgh Steelers,Los Angeles Rams,27,0,-500,341,https://www.oddsportal.com/american-football/usa/nfl-2011-2012/pittsburgh-steelers-los-angeles-rams-llpUTUGU/
24 Dec 2011,Regular,0,Tennessee Titans,Jacksonville Jaguars,23,17,-364,257,https://www.oddsportal.com/american-football/usa/nfl-2011-2012/tennessee-titans-jacksonville-jaguars-65hDXCH5/
24 Dec 2011,Regular,0,Washington Commanders,Minnesota Vikings,26,33,-304,219,https://www.oddsportal.com/american-football/usa/nfl-2011-2012/washington-commanders-minnesota-vikings-8IrnlY1n/
22 Dec 2011,Regular,0,Indianapolis Colts,Houston Texans,19,16,240,-333,https://www.oddsportal.com/american-football/usa/nfl-2011-2012/indianapolis-colts-houston-texans-tYudZYng/
19 Dec 2011,Regular,0,San Francisco 49ers,Pittsburgh Steelers,20,3,-171,127,https://www.oddsportal.com/american-football/usa/nfl-2011-2012/san-francisco-49ers-pittsburgh-steelers-SUyhzFXn/
18 Dec 2011,Regular,0,Los Angeles Chargers,Baltimore Ravens,34,14,-110,-125,https://www.oddsportal.com/american-football/usa/nfl-2011-2012/los-angeles-chargers-baltimore-ravens-Y7xlyeIt/
18 Dec 2011,Regular,0,Arizona Cardinals,Cleveland Browns,20,17,-282,205,https://www.oddsportal.com/american-football/usa/nfl-2011-2012/arizona-cardinals-cleveland-browns-WbjMuyAP/
18 Dec 2011,Regular,0,Denver Broncos,New England Patriots,23,41,245,-339,https://www.oddsportal.com/american-football/usa/nfl-2011-2012/denver-broncos-new-england-patriots-CYqRHXHI/
18 Dec 2011,Regular,0,Philadelphia Eagles,New York Jets,45,19,-178,133,https://www.oddsportal.com/american-football/usa/nfl-2011-2012/philadelphia-eagles-new-york-jets-jPrVGiXO/
18 Dec 2011,Regular,0,Las Vegas Raiders,Detroit Lions,27,28,115,-164,https://www.oddsportal.com/american-football/usa/nfl-2011-2012/las-vegas-raiders-detroit-lions-IBpNID2C/
18 Dec 2011,Regular,0,Buffalo Bills,Miami Dolphins,23,30,-125,-110,https://www.oddsportal.com/american-football/usa/nfl-2011-2012/buffalo-bills-miami-dolphins-SdlRRHuQ/
18 Dec 2011,Regular,0,Chicago Bears,Seattle Seahawks,14,38,-200,150,https://www.oddsportal.com/american-football/usa/nfl-2011-2012/chicago-bears-seattle-seahawks-YwRgNyls/
18 Dec 2011,Regular,0,Houston Texans,Carolina Panthers,13,28,-267,191,https://www.oddsportal.com/american-football/usa/nfl-2011-2012/houston-texans-carolina-panthers-dYXW3EmJ/
18 Dec 2011,Regular,0,Indianapolis Colts,Tennessee Titans,27,13,232,-317,https://www.oddsportal.com/american-football/usa/nfl-2011-2012/indianapolis-colts-tennessee-titans-OCiEKZXa/
18 Dec 2011,Regular,0,Kansas City Chiefs,Green Bay Packers,19,14,395,-646,https://www.oddsportal.com/american-football/usa/nfl-2011-2012/kansas-city-chiefs-green-bay-packers-6ysJJgm6/
18 Dec 2011,Regular,0,Los Angeles Rams,Cincinnati Bengals,13,20,269,-371,https://www.oddsportal.com/american-football/usa/nfl-2011-2012/los-angeles-rams-cincinnati-bengals-t4U1LFIg/
18 Dec 2011,Regular,0,Minnesota Vikings,New Orleans Saints,20,42,269,-371,https://www.oddsportal.com/american-football/usa/nfl-2011-2012/minnesota-vikings-new-orleans-saints-CUPcMe3m/
18 Dec 2011,Regular,0,New York Giants,Washington Commanders,10,23,-263,192,https://www.oddsportal.com/american-football/usa/nfl-2011-2012/new-york-giants-washington-commanders-EgpNScQJ/
17 Dec 2011,Regular,0,Tampa Bay Buccaneers,Dallas Cowboys,15,31,269,-371,https://www.oddsportal.com/american-football/usa/nfl-2011-2012/tampa-bay-buccaneers-dallas-cowboys-IsZS4fYC/
15 Dec 2011,Regular,0,Atlanta Falcons,Jacksonville Jaguars,41,14,-1000,546,https://www.oddsportal.com/american-football/usa/nfl-2011-2012/atlanta-falcons-jacksonville-jaguars-jL2W5zJ6/
12 Dec 2011,Regular,0,Seattle Seahawks,Los Angeles Rams,30,13,-426,295,https://www.oddsportal.com/american-football/usa/nfl-2011-2012/seattle-seahawks-los-angeles-rams-CU3S6G30/
11 Dec 2011,Regular,0,Dallas Cowboys,New York Giants,34,37,-250,180,https://www.oddsportal.com/american-football/usa/nfl-2011-2012/dallas-cowboys-new-york-giants-I74O7dlf/
11 Dec 2011,Regular,0,Green Bay Packers,Las Vegas Raiders,46,16,-833,469,https://www.oddsportal.com/american-football/usa/nfl-2011-2012/green-bay-packers-las-vegas-raiders-2Rftiy4D/
11 Dec 2011,Regular,0,Los Angeles Chargers,Buffalo Bills,37,10,-371,269,https://www.oddsportal.com/american-football/usa/nfl-2011-2012/los-angeles-chargers-buffalo-bills-0nxC8xZm/
11 Dec 2011,Regular,0,Arizona Cardinals,San Francisco 49ers,21,19,144,-194,https://www.oddsportal.com/american-football/usa/nfl-2011-2012/arizona-cardinals-san-francisco-49ers-INn79IJs/
11 Dec 2011,Regular,0,Denver Broncos,Chicago Bears,13,10,-194,144,https://www.oddsportal.com/american-football/usa/nfl-2011-2012/denver-broncos-chicago-bears-GE0uEbBQ/
11 Dec 2011,Regular,0,Baltimore Ravens,Indianapolis Colts,24,10,-1670,757,https://www.oddsportal.com/american-football/usa/nfl-2011-2012/baltimore-ravens-indianapolis-colts-IwgUgwKf/
11 Dec 2011,Regular,0,Carolina Panthers,Atlanta Falcons,23,31,120,-157,https://www.oddsportal.com/american-football/usa/nfl-2011-2012/carolina-panthers-atlanta-falcons-02bPfJ4l/
11 Dec 2011,Regular,0,Cincinnati Bengals,Houston Texans,19,20,-151,115,https://www.oddsportal.com/american-football/usa/nfl-2011-2012/cincinnati-bengals-houston-texans-nudyFvdK/
11 Dec 2011,Regular,0,Detroit Lions,Minnesota Vikings,34,28,-541,350,https://www.oddsportal.com/american-football/usa/nfl-2011-2012/detroit-lions-minnesota-vikings-jiixhHl7/
11 Dec 2011,Regular,0,Jacksonville Jaguars,Tampa Bay Buccaneers,41,14,124,-164,https://www.oddsportal.com/american-football/usa/nfl-2011-2012/jacksonville-jaguars-tampa-bay-buccaneers-QcDqDRKF/
11 Dec 2011,Regular,0,Miami Dolphins,Philadelphia Eagles,10,26,-151,115,https://www.oddsportal.com/american-football/usa/nfl-2011-2012/miami-dolphins-philadelphia-eagles-dUiYhcZ0/
11 Dec 2011,Regular,0,New York Jets,Kansas City Chiefs,37,10,-646,395,https://www.oddsportal.com/american-football/usa/nfl-2011-2012/new-york-jets-kansas-city-chiefs-Cf9uE759/
11 Dec 2011,Regular,0,Tennessee Titans,New Orleans Saints,17,22,150,-200,https://www.oddsportal.com/american-football/usa/nfl-2011-2012/tennessee-titans-new-orleans-saints-8lcXFKtE/
11 Dec 2011,Regular,0,Washington Commanders,New England Patriots,27,34,282,-400,https://www.oddsportal.com/american-football/usa/nfl-2011-2012/washington-commanders-new-england-patriots-IgyDeakr/
08 Dec 2011,Regular,0,Pittsburgh Steelers,Cleveland Browns,14,3,-1334,668,https://www.oddsportal.com/american-football/usa/nfl-2011-2012/pittsburgh-steelers-cleveland-browns-UVJzFmj3/
05 Dec 2011,Regular,0,Jacksonville Jaguars,Los Angeles Chargers,14,38,139,-185,https://www.oddsportal.com/american-football/usa/nfl-2011-2012/jacksonville-jaguars-los-angeles-chargers-OlPIz7ue/
04 Dec 2011,Regular,0,New Orleans Saints,Detroit Lions,31,17,-400,282,https://www.oddsportal.com/american-football/usa/nfl-2011-2012/new-orleans-saints-detroit-lions-Ucpj3A6c/
04 Dec 2011,Regular,0,Arizona Cardinals,Dallas Cowboys,19,13,166,-224,https://www.oddsportal.com/american-football/usa/nfl-2011-2012/arizona-cardinals-dallas-cowboys-Ywiof6Tq/
04 Dec 2011,Regular,0,New York Giants,Green Bay Packers,35,38,240,-333,https://www.oddsportal.com/american-football/usa/nfl-2011-2012/new-york-giants-green-bay-packers-G2tjgQrj/
04 Dec 2011,Regular,0,San Francisco 49ers,Los Angeles Rams,26,0,-870,500,https://www.oddsportal.com/american-football/usa/nfl-2011-2012/san-francisco-49ers-los-angeles-rams-fgufhpbd/
04 Dec 2011,Regular,0,Cleveland Browns,Baltimore Ravens,10,24,240,-333,https://www.oddsportal.com/american-football/usa/nfl-2011-2012/cleveland-browns-baltimore-ravens-2e0FaS5M/
04 Dec 2011,Regular,0,Buffalo Bills,Tennessee Titans,17,23,-125,-110,https://www.oddsportal.com/american-football/usa/nfl-2011-2012/buffalo-bills-tennessee-titans-2Brb1lyA/
04 Dec 2011,Regular,0,Chicago Bears,Kansas City Chiefs,3,10,-400,282,https://www.oddsportal.com/american-football/usa/nfl-2011-2012/chicago-bears-kansas-city-chiefs-Knw308jG/
04 Dec 2011,Regular,0,Houston Texans,Atlanta Falcons,17,10,-100,-135,https://www.oddsportal.com/american-football/usa/nfl-2011-2012/houston-texans-atlanta-falcons-QkPeu7Ej/
04 Dec 2011,Regular,0,Miami Dolphins,Las Vegas Raiders,34,14,-194,144,https://www.oddsportal.com/american-football/usa/nfl-2011-2012/miami-dolphins-las-vegas-raiders-OKqf2UL3/
04 Dec 2011,Regular,0,Minnesota Vikings,Denver Broncos,32,35,-131,-105,https://www.oddsportal.com/american-football/usa/nfl-2011-2012/minnesota-vikings-denver-broncos-dIaJbnLS/
04 Dec 2011,Regular,0,New England Patriots,Indianapolis Colts,31,24,-2223,900,https://www.oddsportal.com/american-football/usa/nfl-2011-2012/new-england-patriots-indianapolis-colts-juLWFTzc/
04 Dec 2011,Regular,0,Pittsburgh Steelers,Cincinnati Bengals,35,7,-371,269,https://www.oddsportal.com/american-football/usa/nfl-2011-2012/pittsburgh-steelers-cincinnati-bengals-naQitmap/
04 Dec 2011,Regular,0,Tampa Bay Buccaneers,Carolina Panthers,19,38,-104,-132,https://www.oddsportal.com/american-football/usa/nfl-2011-2012/tampa-bay-buccaneers-carolina-panthers-f7YPpTjT/
04 Dec 2011,Regular,0,Washington Commanders,New York Jets,19,34,133,-178,https://www.oddsportal.com/american-football/usa/nfl-2011-2012/washington-commanders-new-york-jets-WCRn4jii/
01 Dec 2011,Regular,0,Seattle Seahawks,Philadelphia Eagles,31,14,127,-171,https://www.oddsportal.com/american-football/usa/nfl-2011-2012/seattle-seahawks-philadelphia-eagles-GGZLo9yN/
28 Nov 2011,Regular,0,New Orleans Saints,New York Giants,49,24,-339,245,https://www.oddsportal.com/american-football/usa/nfl-2011-2012/new-orleans-saints-new-york-giants-YipHnkMG/
27 Nov 2011,Regular,0,Kansas City Chiefs,Pittsburgh Steelers,9,13,424,-741,https://www.oddsportal.com/american-football/usa/nfl-2011-2012/kansas-city-chiefs-pittsburgh-steelers-GWH4mV6A/
27 Nov 2011,Regular,0,Los Angeles Chargers,Denver Broncos,13,16,-224,166,https://www.oddsportal.com/american-football/usa/nfl-2011-2012/los-angeles-chargers-denver-broncos-M9I0lBi4/
27 Nov 2011,Regular,0,Philadelphia Eagles,New England Patriots,20,38,122,-164,https://www.oddsportal.com/american-football/usa/nfl-2011-2012/philadelphia-eagles-new-england-patriots-rJJdkixb/
27 Nov 2011,Regular,0,Las Vegas Raiders,Chicago Bears,25,20,-164,124,https://www.oddsportal.com/american-football/usa/nfl-2011-2012/las-vegas-raiders-chicago-bears-272ajXMi/
27 Nov 2011,Regular,0,Seattle Seahawks,Washington Commanders,17,23,-171,130,https://www.oddsportal.com/american-football/usa/nfl-2011-2012/seattle-seahawks-washington-commanders-OG3eiD7o/
27 Nov 2011,Regular,0,Indianapolis Colts,Carolina Panthers,19,27,166,-224,https://www.oddsportal.com/american-football/usa/nfl-2011-2012/indianapolis-colts-carolina-panthers-dxpEzhN4/
27 Nov 2011,Regular,0,Tennessee Titans,Tampa Bay Buccaneers,23,17,-178,133,https://www.oddsportal.com/american-football/usa/nfl-2011-2012/tennessee-titans-tampa-bay-buccaneers-EDf9yY7b/
27 Nov 2011,Regular,0,Atlanta Falcons,Minnesota Vikings,24,14,-500,341,https://www.oddsportal.com/american-football/usa/nfl-2011-2012/atlanta-falcons-minnesota-vikings-8KBUYViH/
27 Nov 2011,Regular,0,Cincinnati Bengals,Cleveland Browns,23,20,-317,232,https://www.oddsportal.com/american-football/usa/nfl-2011-2012/cincinnati-bengals-cleveland-browns-nBAYXk7N/
27 Nov 2011,Regular,0,Jacksonville Jaguars,Houston Texans,13,20,217,-294,https://www.oddsportal.com/american-football/usa/nfl-2011-2012/jacksonville-jaguars-houston-texans-vo7QZBxB/
27 Nov 2011,Regular,0,Los Angeles Rams,Arizona Cardinals,20,23,-146,110,https://www.oddsportal.com/american-football/usa/nfl-2011-2012/los-angeles-rams-arizona-cardinals-UZawX9MT/
27 Nov 2011,Regular,0,New York Jets,Buffalo Bills,28,24,-500,341,https://www.oddsportal.com/american-football/usa/nfl-2011-2012/new-york-jets-buffalo-bills-6ei5STUp/
24 Nov 2011,Regular,0,Baltimore Ravens,San Francisco 49ers,16,6,-185,139,https://www.oddsportal.com/american-football/usa/nfl-2011-2012/baltimore-ravens-san-francisco-49ers-2wi5xEhh/
24 Nov 2011,Regular,0,Dallas Cowboys,Miami Dolphins,20,19,-333,240,https://www.oddsportal.com/american-football/usa/nfl-2011-2012/dallas-cowboys-miami-dolphins-8Gi1wfwn/
24 Nov 2011,Regular,0,Detroit Lions,Green Bay Packers,15,27,174,-238,https://www.oddsportal.com/american-football/usa/nfl-2011-2012/detroit-lions-green-bay-packers-UPhcvzOu/
21 Nov 2011,Regular,0,New England Patriots,Kansas City Chiefs,34,3,-1819,789,https://www.oddsportal.com/american-football/usa/nfl-2011-2012/new-england-patriots-kansas-city-chiefs-QXcrJjhU/
20 Nov 2011,Regular,0,New York Giants,Philadelphia Eagles,10,17,-267,191,https://www.oddsportal.com/american-football/usa/nfl-2011-2012/new-york-giants-philadelphia-eagles-nsavKWxO/
20 Nov 2011,Regular,0,Atlanta Falcons,Tennessee Titans,23,17,-282,205,https://www.oddsportal.com/american-football/usa/nfl-2011-2012/atlanta-falcons-tennessee-titans-K8UBOfOh/
20 Nov 2011,Regular,0,Chicago Bears,Los Angeles Chargers,31,20,-235,172,https://www.oddsportal.com/american-football/usa/nfl-2011-2012/chicago-bears-los-angeles-chargers-hKazLCNH/
20 Nov 2011,Regular,0,Los Angeles Rams,Seattle Seahawks,7,24,-164,122,https://www.oddsportal.com/american-football/usa/nfl-2011-2012/los-angeles-rams-seattle-seahawks-dh6RMYh5/
20 Nov 2011,Regular,0,San Francisco 49ers,Arizona Cardinals,23,7,-646,395,https://www.oddsportal.com/american-football/usa/nfl-2011-2012/san-francisco-49ers-arizona-cardinals-vHeWLh8B/
20 Nov 2011,Regular,0,Baltimore Ravens,Cincinnati Bengals,31,24,-333,240,https://www.oddsportal.com/american-football/usa/nfl-2011-2012/baltimore-ravens-cincinnati-bengals-Ue1qJanD/
20 Nov 2011,Regular,0,Cleveland Browns,Jacksonville Jaguars,14,10,-135,-100,https://www.oddsportal.com/american-football/usa/nfl-2011-2012/cleveland-browns-jacksonville-jaguars-nHDZsqPD/
20 Nov 2011,Regular,0,Detroit Lions,Carolina Panthers,49,35,-371,255,https://www.oddsportal.com/american-football/usa/nfl-2011-2012/detroit-lions-carolina-panthers-j52uKuX6/
20 Nov 2011,Regular,0,Green Bay Packers,Tampa Bay Buccaneers,35,26,-910,516,https://www.oddsportal.com/american-football/usa/nfl-2011-2012/green-bay-packers-tampa-bay-buccaneers-YT7zLLH0/
20 Nov 2011,Regular,0,Miami Dolphins,Buffalo Bills,35,8,-171,127,https://www.oddsportal.com/american-football/usa/nfl-2011-2012/miami-dolphins-buffalo-bills-tIV7Pz9n/
20 Nov 2011,Regular,0,Minnesota Vikings,Las Vegas Raiders,21,27,-140,105,https://www.oddsportal.com/american-football/usa/nfl-2011-2012/minnesota-vikings-las-vegas-raiders-EqqFNEwa/
20 Nov 2011,Regular,0,Washington Commanders,Dallas Cowboys,24,27,269,-371,https://www.oddsportal.com/american-football/usa/nfl-2011-2012/washington-commanders-dallas-cowboys-bgt3QGgt/
17 Nov 2011,Regular,0,Denver Broncos,New York Jets,17,13,217,-294,https://www.oddsportal.com/american-football/usa/nfl-2011-2012/denver-broncos-new-york-jets-fw9WL12f/
14 Nov 2011,Regular,0,Green Bay Packers,Minnesota Vikings,45,7,-833,474,https://www.oddsportal.com/american-football/usa/nfl-2011-2012/green-bay-packers-minnesota-vikings-0G9SMsml/
13 Nov 2011,Regular,0,New York Jets,New England Patriots,16,37,-151,115,https://www.oddsportal.com/american-football/usa/nfl-2011-2012/new-york-jets-new-england-patriots-K0ETONXs/
13 Nov 2011,Regular,0,Chicago Bears,Detroit Lions,37,13,-151,115,https://www.oddsportal.com/american-football/usa/nfl-2011-2012/chicago-bears-detroit-lions-vgD8XcaF/
13 Nov 2011,Regular,0,San Francisco 49ers,New York Giants,27,20,-238,174,https://www.oddsportal.com/american-football/usa/nfl-2011-2012/san-francisco-49ers-new-york-giants-EJy1T3PQ/
13 Nov 2011,Regular,0,Seattle Seahawks,Baltimore Ravens,22,17,240,-333,https://www.oddsportal.com/american-football/usa/nfl-2011-2012/seattle-seahawks-baltimore-ravens-zTxcUqAK/
13 Nov 2011,Regular,0,Atlanta Falcons,New Orleans Saints,23,26,-121,-114,https://www.oddsportal.com/american-football/usa/nfl-2011-2012/atlanta-falcons-new-orleans-saints-6gYhVPfE/
13 Nov 2011,Regular,0,Carolina Panthers,Tennessee Titans,3,30,-200,150,https://www.oddsportal.com/american-football/usa/nfl-2011-2012/carolina-panthers-tennessee-titans-KCp0NDy8/
13 Nov 2011,Regular,0,Cincinnati Bengals,Pittsburgh Steelers,17,24,166,-224,https://www.oddsportal.com/american-football/usa/nfl-2011-2012/cincinnati-bengals-pittsburgh-steelers-69tdOgM1/
13 Nov 2011,Regular,0,Cleveland Browns,Los Angeles Rams,12,13,-157,120,https://www.oddsportal.com/american-football/usa/nfl-2011-2012/cleveland-browns-los-angeles-rams-hdHCWHEL/
13 Nov 2011,Regular,0,Dallas Cowboys,Buffalo Bills,44,7,-238,174,https://www.oddsportal.com/american-football/usa/nfl-2011-2012/dallas-cowboys-buffalo-bills-dUN3Ywp9/
13 Nov 2011,Regular,0,Indianapolis Colts,Jacksonville Jaguars,3,17,120,-157,https://www.oddsportal.com/american-football/usa/nfl-2011-2012/indianapolis-colts-jacksonville-jaguars-S2ZlW5u8/
13 Nov 2011,Regular,0,Kansas City Chiefs,Denver Broncos,10,17,-200,150,https://www.oddsportal.com/american-football/usa/nfl-2011-2012/kansas-city-chiefs-denver-broncos-YerlQFik/
13 Nov 2011,Regular,0,Miami Dolphins,Washington Commanders,20,9,-235,172,https://www.oddsportal.com/american-football/usa/nfl-2011-2012/miami-dolphins-washington-commanders-nJGGVyUR/
13 Nov 2011,Regular,0,Philadelphia Eagles,Arizona Cardinals,17,21,-910,516,https://www.oddsportal.com/american-football/usa/nfl-2011-2012/philadelphia-eagles-arizona-cardinals-hpRjRexq/
13 Nov 2011,Regular,0,Tampa Bay Buccaneers,Houston Texans,9,37,156,-213,https://www.oddsportal.com/american-football/usa/nfl-2011-2012/tampa-bay-buccaneers-houston-texans-CnshPZ6e/
10 Nov 2011,Regular,0,Los Angeles Chargers,Las Vegas Raiders,17,24,-339,245,https://www.oddsportal.com/american-football/usa/nfl-2011-2012/los-angeles-chargers-las-vegas-raiders-IwPaZJU2/
07 Nov 2011,Regular,0,Philadelphia Eagles,Chicago Bears,24,30,-371,269,https://www.oddsportal.com/american-football/usa/nfl-2011-2012/philadelphia-eagles-chicago-bears-Q579Azh2/
06 Nov 2011,Regular,0,Pittsburgh Steelers,Baltimore Ravens,20,23,-200,150,https://www.oddsportal.com/american-football/usa/nfl-2011-2012/pittsburgh-steelers-baltimore-ravens-nF85BGxd/
06 Nov 2011,Regular,0,Arizona Cardinals,Los Angeles Rams,19,13,-125,-110,https://www.oddsportal.com/american-football/usa/nfl-2011-2012/arizona-cardinals-los-angeles-rams-4jJ0CdNk/
06 Nov 2011,Regular,0,Los Angeles Chargers,Green Bay Packers,38,45,192,-263,https://www.oddsportal.com/american-football/usa/nfl-2011-2012/los-angeles-chargers-green-bay-packers-lQDVHIaS/
06 Nov 2011,Regular,0,New England Patriots,New York Giants,20,24,-541,350,https://www.oddsportal.com/american-football/usa/nfl-2011-2012/new-england-patriots-new-york-giants-650cDx8q/
06 Nov 2011,Regular,0,Las Vegas Raiders,Denver Broncos,24,38,-371,269,https://www.oddsportal.com/american-football/usa/nfl-2011-2012/las-vegas-raiders-denver-broncos-6HjJIbpM/
06 Nov 2011,Regular,0,Tennessee Titans,Cincinnati Bengals,17,24,-146,110,https://www.oddsportal.com/american-football/usa/nfl-2011-2012/tennessee-titans-cincinnati-bengals-ltdEJvVF/
06 Nov 2011,Regular,0,Dallas Cowboys,Seattle Seahawks,23,13,-646,395,https://www.oddsportal.com/american-football/usa/nfl-2011-2012/dallas-cowboys-seattle-seahawks-Aog3aJwp/
06 Nov 2011,Regular,0,Houston Texans,Cleveland Browns,30,12,-646,395,https://www.oddsportal.com/american-football/usa/nfl-2011-2012/houston-texans-cleveland-browns-IBh7bwgj/
06 Nov 2011,Regular,0,Kansas City Chiefs,Miami Dolphins,3,31,-250,180,https://www.oddsportal.com/american-football/usa/nfl-2011-2012/kansas-city-chiefs-miami-dolphins-8x7y4aVS/
06 Nov 2011,Regular,0,New Orleans Saints,Tampa Bay Buccaneers,27,16,-477,324,https://www.oddsportal.com/american-football/usa/nfl-2011-2012/new-orleans-saints-tampa-bay-buccaneers-2Pg2Mtoc/
06 Nov 2011,Regular,0,Washington Commanders,San Francisco 49ers,11,19,180,-250,https://www.oddsportal.com/american-football/usa/nfl-2011-2012/washington-commanders-san-francisco-49ers-d2iBcc8d/
06 Nov 2011,Regular,0,Buffalo Bills,New York Jets,11,27,-151,115,https://www.oddsportal.com/american-football/usa/nfl-2011-2012/buffalo-bills-new-york-jets-GSc6L003/
06 Nov 2011,Regular,0,Indianapolis Colts,Atlanta Falcons,7,31,232,-317,https://www.oddsportal.com/american-football/usa/nfl-2011-2012/indianapolis-colts-atlanta-falcons-AkcAKKF9/
31 Oct 2011,Regular,0,Kansas City Chiefs,Los Angeles Chargers,23,20,127,-171,https://www.oddsportal.com/american-football/usa/nfl-2011-2012/kansas-city-chiefs-los-angeles-chargers-QDHW4uGM/
30 Oct 2011,Regular,0,Philadelphia Eagles,Dallas Cowboys,34,7,-178,133,https://www.oddsportal.com/american-football/usa/nfl-2011-2012/philadelphia-eagles-dallas-cowboys-8hkK5L0G/
30 Oct 2011,Regular,0,Pittsburgh Steelers,New England Patriots,25,17,139,-185,https://www.oddsportal.com/american-football/usa/nfl-2011-2012/pittsburgh-steelers-new-england-patriots-I3d78NGc/
30 Oct 2011,Regular,0,San Francisco 49ers,Cleveland Browns,20,10,-477,324,https://www.oddsportal.com/american-football/usa/nfl-2011-2012/san-francisco-49ers-cleveland-browns-zuiC7sW3/
30 Oct 2011,Regular,0,Seattle Seahawks,Cincinnati Bengals,12,34,-100,-135,https://www.oddsportal.com/american-football/usa/nfl-2011-2012/seattle-seahawks-cincinnati-bengals-EVkG61oA/
30 Oct 2011,Regular,0,Buffalo Bills,Washington Commanders,23,0,-238,174,https://www.oddsportal.com/american-football/usa/nfl-2011-2012/buffalo-bills-washington-commanders-MioDpKOj/
30 Oct 2011,Regular,0,Denver Broncos,Detroit Lions,10,45,145,-191,https://www.oddsportal.com/american-football/usa/nfl-2011-2012/denver-broncos-detroit-lions-vDc3931i/
30 Oct 2011,Regular,0,Baltimore Ravens,Arizona Cardinals,30,27,-910,516,https://www.oddsportal.com/american-football/usa/nfl-2011-2012/baltimore-ravens-arizona-cardinals-UJTv3SvI/
30 Oct 2011,Regular,0,Carolina Panthers,Minnesota Vikings,21,24,-194,144,https://www.oddsportal.com/american-football/usa/nfl-2011-2012/carolina-panthers-minnesota-vikings-MgQW4lA5/
30 Oct 2011,Regular,0,Houston Texans,Jacksonville Jaguars,24,14,-500,341,https://www.oddsportal.com/american-football/usa/nfl-2011-2012/houston-texans-jacksonville-jaguars-AHs9o09p/
30 Oct 2011,Regular,0,Los Angeles Rams,New Orleans Saints,31,21,574,-1000,https://www.oddsportal.com/american-football/usa/nfl-2011-2012/los-angeles-rams-new-orleans-saints-jTUz48PB/
30 Oct 2011,Regular,0,New York Giants,Miami Dolphins,20,17,-541,364,https://www.oddsportal.com/american-football/usa/nfl-2011-2012/new-york-giants-miami-dolphins-dMDF6Aug/
30 Oct 2011,Regular,0,Tennessee Titans,Indianapolis Colts,27,10,-400,282,https://www.oddsportal.com/american-football/usa/nfl-2011-2012/tennessee-titans-indianapolis-colts-vo3K5Ufa/
24 Oct 2011,Regular,0,Jacksonville Jaguars,Baltimore Ravens,12,7,374,-646,https://www.oddsportal.com/american-football/usa/nfl-2011-2012/jacksonville-jaguars-baltimore-ravens-rJ9B7jQn/
23 Oct 2011,Regular,0,New Orleans Saints,Indianapolis Colts,62,7,-1000,546,https://www.oddsportal.com/american-football/usa/nfl-2011-2012/new-orleans-saints-indianapolis-colts-ldA78WAt/
23 Oct 2011,Regular,0,Dallas Cowboys,Los Angeles Rams,34,7,-1543,668,https://www.oddsportal.com/american-football/usa/nfl-2011-2012/dallas-cowboys-los-angeles-rams-W4BAkTPO/
23 Oct 2011,Regular,0,Minnesota Vikings,Green Bay Packers,27,33,395,-646,https://www.oddsportal.com/american-football/usa/nfl-2011-2012/minnesota-vikings-green-bay-packers-nmOuDC2P/
23 Oct 2011,Regular,0,Arizona Cardinals,Pittsburgh Steelers,20,32,172,-250,https://www.oddsportal.com/american-football/usa/nfl-2011-2012/arizona-cardinals-pittsburgh-steelers-hEC6j9AI/
23 Oct 2011,Regular,0,Las Vegas Raiders,Kansas City Chiefs,0,28,-200,142,https://www.oddsportal.com/american-football/usa/nfl-2011-2012/las-vegas-raiders-kansas-city-chiefs-biD2ikeC/
23 Oct 2011,Regular,0,Carolina Panthers,Washington Commanders,33,20,-141,105,https://www.oddsportal.com/american-football/usa/nfl-2011-2012/carolina-panthers-washington-commanders-fZC21ZIJ/
23 Oct 2011,Regular,0,Cleveland Browns,Seattle Seahawks,6,3,-191,145,https://www.oddsportal.com/american-football/usa/nfl-2011-2012/cleveland-browns-seattle-seahawks-CjgZeDts/
23 Oct 2011,Regular,0,Detroit Lions,Atlanta Falcons,16,23,-250,180,https://www.oddsportal.com/american-football/usa/nfl-2011-2012/detroit-lions-atlanta-falcons-pl9bhVu6/
23 Oct 2011,Regular,0,Miami Dolphins,Denver Broncos,15,18,-110,-126,https://www.oddsportal.com/american-football/usa/nfl-2011-2012/miami-dolphins-denver-broncos-2PJggBQa/
23 Oct 2011,Regular,0,New York Jets,Los Angeles Chargers,27,21,-117,-118,https://www.oddsportal.com/american-football/usa/nfl-2011-2012/new-york-jets-los-angeles-chargers-69G60gYP/
23 Oct 2011,Regular,0,Tampa Bay Buccaneers,Chicago Bears,18,24,-100,-135,https://www.oddsportal.com/american-football/usa/nfl-2011-2012/tampa-bay-buccaneers-chicago-bears-jshweXem/
23 Oct 2011,Regular,0,Tennessee Titans,Houston Texans,7,41,-157,120,https://www.oddsportal.com/american-football/usa/nfl-2011-2012/tennessee-titans-houston-texans-KGdsfiBg/
17 Oct 2011,Regular,0,New York Jets,Miami Dolphins,24,6,-400,282,https://www.oddsportal.com/american-football/usa/nfl-2011-2012/new-york-jets-miami-dolphins-xE0CxjtJ/
16 Oct 2011,Regular,0,Chicago Bears,Minnesota Vikings,39,10,-140,105,https://www.oddsportal.com/american-football/usa/nfl-2011-2012/chicago-bears-minnesota-vikings-bN18wWQC/
16 Oct 2011,Regular,0,New England Patriots,Dallas Cowboys,20,16,-308,224,https://www.oddsportal.com/american-football/usa/nfl-2011-2012/new-england-patriots-dallas-cowboys-2e8auhd0/
16 Oct 2011,Regular,0,Tampa Bay Buccaneers,New Orleans Saints,26,20,217,-294,https://www.oddsportal.com/american-football/usa/nfl-2011-2012/tampa-bay-buccaneers-new-orleans-saints-tn73vCB6/
16 Oct 2011,Regular,0,Baltimore Ravens,Houston Texans,29,14,-333,240,https://www.oddsportal.com/american-football/usa/nfl-2011-2012/baltimore-ravens-houston-texans-jDtqsERm/
16 Oct 2011,Regular,0,Las Vegas Raiders,Cleveland Browns,24,17,-317,232,https://www.oddsportal.com/american-football/usa/nfl-2011-2012/las-vegas-raiders-cleveland-browns-8Y8etYtf/
16 Oct 2011,Regular,0,Atlanta Falcons,Carolina Panthers,31,17,-200,150,https://www.oddsportal.com/american-football/usa/nfl-2011-2012/atlanta-falcons-carolina-panthers-E14DPCdD/
16 Oct 2011,Regular,0,Cincinnati Bengals,Indianapolis Colts,27,17,-267,191,https://www.oddsportal.com/american-football/usa/nfl-2011-2012/cincinnati-bengals-indianapolis-colts-KO64ldZD/
16 Oct 2011,Regular,0,Detroit Lions,San Francisco 49ers,19,25,-235,172,https://www.oddsportal.com/american-football/usa/nfl-2011-2012/detroit-lions-san-francisco-49ers-6y15RYR0/
16 Oct 2011,Regular,0,Green Bay Packers,Los Angeles Rams,24,3,-1344,650,https://www.oddsportal.com/american-football/usa/nfl-2011-2012/green-bay-packers-los-angeles-rams-0b09Qhs7/
16 Oct 2011,Regular,0,New York Giants,Buffalo Bills,27,24,-191,145,https://www.oddsportal.com/american-football/usa/nfl-2011-2012/new-york-giants-buffalo-bills-bF58mGlK/
16 Oct 2011,Regular,0,Pittsburgh Steelers,Jacksonville Jaguars,17,13,-646,395,https://www.oddsportal.com/american-football/usa/nfl-2011-2012/pittsburgh-steelers-jacksonville-jaguars-6u5Cnz4Q/
16 Oct 2011,Regular,0,Washington Commanders,Philadelphia Eagles,13,20,120,-157,https://www.oddsportal.com/american-football/usa/nfl-2011-2012/washington-commanders-philadelphia-eagles-8livrfCs/
10 Oct 2011,Regular,0,Detroit Lions,Chicago Bears,24,13,-333,240,https://www.oddsportal.com/american-football/usa/nfl-2011-2012/detroit-lions-chicago-bears-Sp21SECf/
09 Oct 2011,Regular,0,Atlanta Falcons,Green Bay Packers,14,25,205,-282,https://www.oddsportal.com/american-football/usa/nfl-2011-2012/atlanta-falcons-green-bay-packers-A97dTfcl/
09 Oct 2011,Regular,0,Denver Broncos,Los Angeles Chargers,24,29,150,-200,https://www.oddsportal.com/american-football/usa/nfl-2011-2012/denver-broncos-los-angeles-chargers-S0ppUzrr/
09 Oct 2011,Regular,0,New England Patriots,New York Jets,30,21,-400,282,https://www.oddsportal.com/american-football/usa/nfl-2011-2012/new-england-patriots-new-york-jets-ALcIYGZQ/
09 Oct 2011,Regular,0,San Francisco 49ers,Tampa Bay Buccaneers,48,3,-157,120,https://www.oddsportal.com/american-football/usa/nfl-2011-2012/san-francisco-49ers-tampa-bay-buccaneers-CzuFZdKK/
09 Oct 2011,Regular,0,Carolina Panthers,New Orleans Saints,27,30,232,-317,https://www.oddsportal.com/american-football/usa/nfl-2011-2012/carolina-panthers-new-orleans-saints-xYp7Eere/
09 Oct 2011,Regular,0,Jacksonville Jaguars,Cincinnati Bengals,20,30,110,-146,https://www.oddsportal.com/american-football/usa/nfl-2011-2012/jacksonville-jaguars-cincinnati-bengals-OUt3FyTl/
09 Oct 2011,Regular,0,New York Giants,Seattle Seahawks,25,36,-541,364,https://www.oddsportal.com/american-football/usa/nfl-2011-2012/new-york-giants-seattle-seahawks-U7saGHDr/
09 Oct 2011,Regular,0,Pittsburgh Steelers,Tennessee Titans,38,17,-191,145,https://www.oddsportal.com/american-football/usa/nfl-2011-2012/pittsburgh-steelers-tennessee-titans-lQeNXqqG/
09 Oct 2011,Regular,0,Buffalo Bills,Philadelphia Eagles,31,24,127,-171,https://www.oddsportal.com/american-football/usa/nfl-2011-2012/buffalo-bills-philadelphia-eagles-bmZFCZC7/
09 Oct 2011,Regular,0,Houston Texans,Las Vegas Raiders,20,25,-235,172,https://www.oddsportal.com/american-football/usa/nfl-2011-2012/houston-texans-las-vegas-raiders-KdzCDFc1/
09 Oct 2011,Regular,0,Indianapolis Colts,Kansas City Chiefs,24,28,-135,-100,https://www.oddsportal.com/american-football/usa/nfl-2011-2012/indianapolis-colts-kansas-city-chiefs-jLj6yJk8/
09 Oct 2011,Regular,0,Minnesota Vikings,Arizona Cardinals,34,10,-191,145,https://www.oddsportal.com/american-football/usa/nfl-2011-2012/minnesota-vikings-arizona-cardinals-UBkAzw5E/
03 Oct 2011,Regular,0,Tampa Bay Buccaneers,Indianapolis Colts,24,17,-646,374,https://www.oddsportal.com/american-football/usa/nfl-2011-2012/tampa-bay-buccaneers-indianapolis-colts-8EvQYPT9/
02 Oct 2011,Regular,0,Baltimore Ravens,New York Jets,34,17,-267,191,https://www.oddsportal.com/american-football/usa/nfl-2011-2012/baltimore-ravens-new-york-jets-UNuMZ5E3/
02 Oct 2011,Regular,0,Green Bay Packers,Denver Broncos,49,23,-769,450,https://www.oddsportal.com/american-football/usa/nfl-2011-2012/green-bay-packers-denver-broncos-z1tIznac/
02 Oct 2011,Regular,0,Las Vegas Raiders,New England Patriots,19,31,205,-282,https://www.oddsportal.com/american-football/usa/nfl-2011-2012/las-vegas-raiders-new-england-patriots-McxEySqi/
02 Oct 2011,Regular,0,Los Angeles Chargers,Miami Dolphins,26,16,-333,240,https://www.oddsportal.com/american-football/usa/nfl-2011-2012/los-angeles-chargers-miami-dolphins-GzzNCr7j/
02 Oct 2011,Regular,0,Arizona Cardinals,New York Giants,27,31,-110,-125,https://www.oddsportal.com/american-football/usa/nfl-2011-2012/arizona-cardinals-new-york-giants-phqiI4qT/
02 Oct 2011,Regular,0,Seattle Seahawks,Atlanta Falcons,28,30,205,-282,https://www.oddsportal.com/american-football/usa/nfl-2011-2012/seattle-seahawks-atlanta-falcons-xpyJDOip/
02 Oct 2011,Regular,0,Chicago Bears,Carolina Panthers,34,29,-308,224,https://www.oddsportal.com/american-football/usa/nfl-2011-2012/chicago-bears-carolina-panthers-dMex15Np/
02 Oct 2011,Regular,0,Cincinnati Bengals,Buffalo Bills,23,20,124,-164,https://www.oddsportal.com/american-football/usa/nfl-2011-2012/cincinnati-bengals-buffalo-bills-Es8SPl0o/
02 Oct 2011,Regular,0,Cleveland Browns,Tennessee Titans,13,31,-127,-109,https://www.oddsportal.com/american-football/usa/nfl-2011-2012/cleveland-browns-tennessee-titans-hY6WO8Fi/
02 Oct 2011,Regular,0,Dallas Cowboys,Detroit Lions,30,34,-140,105,https://www.oddsportal.com/american-football/usa/nfl-2011-2012/dallas-cowboys-detroit-lions-K04A5oFT/
02 Oct 2011,Regular,0,Houston Texans,Pittsburgh Steelers,17,10,-213,156,https://www.oddsportal.com/american-football/usa/nfl-2011-2012/houston-texans-pittsburgh-steelers-OxerKQEG/
02 Oct 2011,Regular,0,Jacksonville Jaguars,New Orleans Saints,10,23,282,-400,https://www.oddsportal.com/american-football/usa/nfl-2011-2012/jacksonville-jaguars-new-orleans-saints-rNaqM6aA/
02 Oct 2011,Regular,0,Kansas City Chiefs,Minnesota Vikings,22,17,132,-178,https://www.oddsportal.com/american-football/usa/nfl-2011-2012/kansas-city-chiefs-minnesota-vikings-A91yOSUc/
02 Oct 2011,Regular,0,Los Angeles Rams,Washington Commanders,10,17,120,-157,https://www.oddsportal.com/american-football/usa/nfl-2011-2012/los-angeles-rams-washington-commanders-l00uNnp4/
02 Oct 2011,Regular,0,Philadelphia Eagles,San Francisco 49ers,23,24,-500,341,https://www.oddsportal.com/american-football/usa/nfl-2011-2012/philadelphia-eagles-san-francisco-49ers-61pmJpUM/
26 Sep 2011,Regular,0,Dallas Cowboys,Washington Commanders,18,16,-178,132,https://www.oddsportal.com/american-football/usa/nfl-2011-2012/dallas-cowboys-washington-commanders-xxF56RaN/
25 Sep 2011,Regular,0,Indianapolis Colts,Pittsburgh Steelers,20,23,350,-541,https://www.oddsportal.com/american-football/usa/nfl-2011-2012/indianapolis-colts-pittsburgh-steelers-boG177pH/
25 Sep 2011,Regular,0,Chicago Bears,Green Bay Packers,17,27,174,-238,https://www.oddsportal.com/american-football/usa/nfl-2011-2012/chicago-bears-green-bay-packers-4A1b8mVA/
25 Sep 2011,Regular,0,Seattle Seahawks,Arizona Cardinals,13,10,133,-178,https://www.oddsportal.com/american-football/usa/nfl-2011-2012/seattle-seahawks-arizona-cardinals-vwksA90b/
25 Sep 2011,Regular,0,Tampa Bay Buccaneers,Atlanta Falcons,16,13,-135,-100,https://www.oddsportal.com/american-football/usa/nfl-2011-2012/tampa-bay-buccaneers-atlanta-falcons-M1vn9TF4/
25 Sep 2011,Regular,0,Las Vegas Raiders,New York Jets,34,24,117,-158,https://www.oddsportal.com/american-football/usa/nfl-2011-2012/las-vegas-raiders-new-york-jets-WCoZBVVo/
25 Sep 2011,Regular,0,Los Angeles Chargers,Kansas City Chiefs,20,17,-1000,546,https://www.oddsportal.com/american-football/usa/nfl-2011-2012/los-angeles-chargers-kansas-city-chiefs-QZpwBkoh/
25 Sep 2011,Regular,0,Los Angeles Rams,Baltimore Ravens,7,37,205,-282,https://www.oddsportal.com/american-football/usa/nfl-2011-2012/los-angeles-rams-baltimore-ravens-hMnVCBGu/
25 Sep 2011,Regular,0,Buffalo Bills,New England Patriots,34,31,269,-371,https://www.oddsportal.com/american-football/usa/nfl-2011-2012/buffalo-bills-new-england-patriots-KlE1B1K5/
25 Sep 2011,Regular,0,Carolina Panthers,Jacksonville Jaguars,16,10,-191,145,https://www.oddsportal.com/american-football/usa/nfl-2011-2012/carolina-panthers-jacksonville-jaguars-xtikCs5a/
25 Sep 2011,Regular,0,Cincinnati Bengals,San Francisco 49ers,8,13,-131,-105,https://www.oddsportal.com/american-football/usa/nfl-2011-2012/cincinnati-bengals-san-francisco-49ers-Em7A9ukI/
25 Sep 2011,Regular,0,Cleveland Browns,Miami Dolphins,17,16,-123,-112,https://www.oddsportal.com/american-football/usa/nfl-2011-2012/cleveland-browns-miami-dolphins-2D36ALZB/
25 Sep 2011,Regular,0,Minnesota Vikings,Detroit Lions,23,26,139,-185,https://www.oddsportal.com/american-football/usa/nfl-2011-2012/minnesota-vikings-detroit-lions-n15I7JJU/
25 Sep 2011,Regular,0,New Orleans Saints,Houston Texans,40,33,-200,150,https://www.oddsportal.com/american-football/usa/nfl-2011-2012/new-orleans-saints-houston-texans-UFmsE3zm/
25 Sep 2011,Regular,0,Philadelphia Eagles,New York Giants,16,29,,,https://www.oddsportal.com/american-football/usa/nfl-2011-2012/philadelphia-eagles-new-york-giants-86noDNkg/
25 Sep 2011,Regular,0,Tennessee Titans,Denver Broncos,17,14,-333,240,https://www.oddsportal.com/american-football/usa/nfl-2011-2012/tennessee-titans-denver-broncos-8A6E8a4O/
19 Sep 2011,Regular,0,New York Giants,Los Angeles Rams,28,16,-339,245,https://www.oddsportal.com/american-football/usa/nfl-2011-2012/new-york-giants-los-angeles-rams-nibxFqLt/
18 Sep 2011,Regular,0,Atlanta Falcons,Philadelphia Eagles,35,31,115,-151,https://www.oddsportal.com/american-football/usa/nfl-2011-2012/atlanta-falcons-philadelphia-eagles-AV6AJPCP/
18 Sep 2011,Regular,0,Denver Broncos,Cincinnati Bengals,24,22,-194,144,https://www.oddsportal.com/american-football/usa/nfl-2011-2012/denver-broncos-cincinnati-bengals-hAfKftzP/
18 Sep 2011,Regular,0,Miami Dolphins,Houston Texans,13,23,127,-171,https://www.oddsportal.com/american-football/usa/nfl-2011-2012/miami-dolphins-houston-texans-EJeGeMKI/
18 Sep 2011,Regular,0,New England Patriots,Los Angeles Chargers,35,21,-317,232,https://www.oddsportal.com/american-football/usa/nfl-2011-2012/new-england-patriots-los-angeles-chargers-pbQEymQl/
18 Sep 2011,Regular,0,San Francisco 49ers,Dallas Cowboys,24,27,133,-178,https://www.oddsportal.com/american-football/usa/nfl-2011-2012/san-francisco-49ers-dallas-cowboys-Y7vJd25C/
18 Sep 2011,Regular,0,Buffalo Bills,Las Vegas Raiders,38,35,-227,163,https://www.oddsportal.com/american-football/usa/nfl-2011-2012/buffalo-bills-las-vegas-raiders-IkwKdBae/
18 Sep 2011,Regular,0,Detroit Lions,Kansas City Chiefs,48,3,-371,269,https://www.oddsportal.com/american-football/usa/nfl-2011-2012/detroit-lions-kansas-city-chiefs-CCxOeVE1/
18 Sep 2011,Regular,0,Indianapolis Colts,Cleveland Browns,19,27,105,-140,https://www.oddsportal.com/american-football/usa/nfl-2011-2012/indianapolis-colts-cleveland-browns-MJPk1Qjs/
18 Sep 2011,Regular,0,Minnesota Vikings,Tampa Bay Buccaneers,20,24,-129,-105,https://www.oddsportal.com/american-football/usa/nfl-2011-2012/minnesota-vikings-tampa-bay-buccaneers-AceRfkU7/
18 Sep 2011,Regular,0,New York Jets,Jacksonville Jaguars,32,3,-400,282,https://www.oddsportal.com/american-football/usa/nfl-2011-2012/new-york-jets-jacksonville-jaguars-0AOg0p6m/
18 Sep 2011,Regular,0,Pittsburgh Steelers,Seattle Seahawks,24,0,-1000,546,https://www.oddsportal.com/american-football/usa/nfl-2011-2012/pittsburgh-steelers-seattle-seahawks-rZDba4Lg/
18 Sep 2011,Regular,0,Tennessee Titans,Baltimore Ravens,26,13,191,-267,https://www.oddsportal.com/american-football/usa/nfl-2011-2012/tennessee-titans-baltimore-ravens-fBdMIhME/
18 Sep 2011,Regular,0,Washington Commanders,Arizona Cardinals,22,21,-235,172,https://www.oddsportal.com/american-football/usa/nfl-2011-2012/washington-commanders-arizona-cardinals-0ftBbOz0/
18 Sep 2011,Regular,0,Carolina Panthers,Green Bay Packers,23,30,350,-541,https://www.oddsportal.com/american-football/usa/nfl-2011-2012/carolina-panthers-green-bay-packers-fHuFcrj6/
18 Sep 2011,Regular,0,New Orleans Saints,Chicago Bears,30,13,-267,191,https://www.oddsportal.com/american-football/usa/nfl-2011-2012/new-orleans-saints-chicago-bears-C8dxz5Pb/
12 Sep 2011,Regular,0,Denver Broncos,Las Vegas Raiders,20,23,-185,139,https://www.oddsportal.com/american-football/usa/nfl-2011-2012/denver-broncos-las-vegas-raiders-vavGcipk/
12 Sep 2011,Regular,0,Miami Dolphins,New England Patriots,24,38,269,-371,https://www.oddsportal.com/american-football/usa/nfl-2011-2012/miami-dolphins-new-england-patriots-MNqBbXUr/
11 Sep 2011,Regular,0,New York Jets,Dallas Cowboys,27,24,-317,232,https://www.oddsportal.com/american-football/usa/nfl-2011-2012/new-york-jets-dallas-cowboys-GdZz3DMR/
11 Sep 2011,Regular,0,Arizona Cardinals,Carolina Panthers,28,21,-333,240,https://www.oddsportal.com/american-football/usa/nfl-2011-2012/arizona-cardinals-carolina-panthers-MZZW3g7L/
11 Sep 2011,Regular,0,Los Angeles Chargers,Minnesota Vikings,24,17,-455,300,https://www.oddsportal.com/american-football/usa/nfl-2011-2012/los-angeles-chargers-minnesota-vikings-8WVS4ZiF/
11 Sep 2011,Regular,0,San Francisco 49ers,Seattle Seahawks,33,17,-263,192,https://www.oddsportal.com/american-football/usa/nfl-2011-2012/san-francisco-49ers-seattle-seahawks-Q7tO5Fx9/
11 Sep 2011,Regular,0,Washington Commanders,New York Giants,28,14,-105,-129,https://www.oddsportal.com/american-football/usa/nfl-2011-2012/washington-commanders-new-york-giants-nHsK6eN2/
11 Sep 2011,Regular,0,Baltimore Ravens,Pittsburgh Steelers,35,7,-131,-105,https://www.oddsportal.com/american-football/usa/nfl-2011-2012/baltimore-ravens-pittsburgh-steelers-UFDYpYFk/
11 Sep 2011,Regular,0,Chicago Bears,Atlanta Falcons,30,12,105,-140,https://www.oddsportal.com/american-football/usa/nfl-2011-2012/chicago-bears-atlanta-falcons-jV1sqCp2/
11 Sep 2011,Regular,0,Cleveland Browns,Cincinnati Bengals,17,27,-333,240,https://www.oddsportal.com/american-football/usa/nfl-2011-2012/cleveland-browns-cincinnati-bengals-bm5ohGNF/
11 Sep 2011,Regular,0,Houston Texans,Indianapolis Colts,34,7,-426,295,https://www.oddsportal.com/american-football/usa/nfl-2011-2012/houston-texans-indianapolis-colts-Cv3wphVe/
11 Sep 2011,Regular,0,Jacksonville Jaguars,Tennessee Titans,16,14,-115,-117,https://www.oddsportal.com/american-football/usa/nfl-2011-2012/jacksonville-jaguars-tennessee-titans-GC9UoE0q/
11 Sep 2011,Regular,0,Kansas City Chiefs,Buffalo Bills,7,41,-238,174,https://www.oddsportal.com/american-football/usa/nfl-2011-2012/kansas-city-chiefs-buffalo-bills-GOajizwM/
11 Sep 2011,Regular,0,Los Angeles Rams,Philadelphia Eagles,13,31,174,-238,https://www.oddsportal.com/american-football/usa/nfl-2011-2012/los-angeles-rams-philadelphia-eagles-bXM2jfhS/
11 Sep 2011,Regular,0,Tampa Bay Buccaneers,Detroit Lions,20,27,-135,-100,https://www.oddsportal.com/american-football/usa/nfl-2011-2012/tampa-bay-buccaneers-detroit-lions-Ghg7aiFS/
08 Sep 2011,Regular,0,Green Bay Packers,New Orleans Saints,42,34,-282,205,https://www.oddsportal.com/american-football/usa/nfl-2011-2012/green-bay-packers-new-orleans-saints-Kd6sgd89/
02 Sep 2011,Pre-season,0,Seattle Seahawks,Las Vegas Raiders,20,3,,,https://www.oddsportal.com/american-football/usa/nfl-2011-2012/seattle-seahawks-las-vegas-raiders-f5u99sWT/
01 Sep 2011,Pre-season,0,Arizona Cardinals,Denver Broncos,26,7,,,https://www.oddsportal.com/american-football/usa/nfl-2011-2012/arizona-cardinals-denver-broncos-bwn0B31H/
01 Sep 2011,Pre-season,0,Los Angeles Chargers,San Francisco 49ers,17,20,,,https://www.oddsportal.com/american-football/usa/nfl-2011-2012/los-angeles-chargers-san-francisco-49ers-xUp4ANGN/
01 Sep 2011,Pre-season,0,Carolina Panthers,Pittsburgh Steelers,17,33,,,https://www.oddsportal.com/american-football/usa/nfl-2011-2012/carolina-panthers-pittsburgh-steelers-CxbiPzIl/
01 Sep 2011,Pre-season,0,Chicago Bears,Cleveland Browns,24,14,,,https://www.oddsportal.com/american-football/usa/nfl-2011-2012/chicago-bears-cleveland-browns-neKqDPW4/
01 Sep 2011,Pre-season,0,Green Bay Packers,Kansas City Chiefs,20,19,,,https://www.oddsportal.com/american-football/usa/nfl-2011-2012/green-bay-packers-kansas-city-chiefs-4GndCqnB/
01 Sep 2011,Pre-season,0,Minnesota Vikings,Houston Texans,28,0,,,https://www.oddsportal.com/american-football/usa/nfl-2011-2012/minnesota-vikings-houston-texans-f1mdOfXf/
01 Sep 2011,Pre-season,0,New Orleans Saints,Tennessee Titans,9,32,,,https://www.oddsportal.com/american-football/usa/nfl-2011-2012/new-orleans-saints-tennessee-titans-UTzuQG2r/
01 Sep 2011,Pre-season,0,Atlanta Falcons,Baltimore Ravens,7,21,,,https://www.oddsportal.com/american-football/usa/nfl-2011-2012/atlanta-falcons-baltimore-ravens-W4HXFRnn/
01 Sep 2011,Pre-season,0,Jacksonville Jaguars,Los Angeles Rams,17,24,,,https://www.oddsportal.com/american-football/usa/nfl-2011-2012/jacksonville-jaguars-los-angeles-rams-QuWzFo2h/
01 Sep 2011,Pre-season,0,Miami Dolphins,Dallas Cowboys,17,3,,,https://www.oddsportal.com/american-football/usa/nfl-2011-2012/miami-dolphins-dallas-cowboys-hEITG7Xu/
01 Sep 2011,Pre-season,0,New England Patriots,New York Giants,17,18,,,https://www.oddsportal.com/american-football/usa/nfl-2011-2012/new-england-patriots-new-york-giants-OYSEeO1U/
01 Sep 2011,Pre-season,0,New York Jets,Philadelphia Eagles,14,24,,,https://www.oddsportal.com/american-football/usa/nfl-2011-2012/new-york-jets-philadelphia-eagles-AVOAd4nO/
01 Sep 2011,Pre-season,0,Washington Commanders,Tampa Bay Buccaneers,29,24,,,https://www.oddsportal.com/american-football/usa/nfl-2011-2012/washington-commanders-tampa-bay-buccaneers-4WUvE5Hb/
01 Sep 2011,Pre-season,0,Cincinnati Bengals,Indianapolis Colts,13,17,,,https://www.oddsportal.com/american-football/usa/nfl-2011-2012/cincinnati-bengals-indianapolis-colts-G8P6cpXH/
01 Sep 2011,Pre-season,0,Buffalo Bills,Detroit Lions,6,16,,,https://www.oddsportal.com/american-football/usa/nfl-2011-2012/buffalo-bills-detroit-lions-xIQ2bQHB/
29 Aug 2011,Pre-season,0,New York Giants,New York Jets,3,17,,,https://www.oddsportal.com/american-football/usa/nfl-2011-2012/new-york-giants-new-york-jets-lCGY2l3t/
28 Aug 2011,Pre-season,0,Las Vegas Raiders,New Orleans Saints,20,40,,,https://www.oddsportal.com/american-football/usa/nfl-2011-2012/las-vegas-raiders-new-orleans-saints-Ea3ZfIwc/
27 Aug 2011,Pre-season,0,Arizona Cardinals,Los Angeles Chargers,31,34,,,https://www.oddsportal.com/american-football/usa/nfl-2011-2012/arizona-cardinals-los-angeles-chargers-KtWca625/
27 Aug 2011,Pre-season,0,Denver Broncos,Seattle Seahawks,23,20,,,https://www.oddsportal.com/american-football/usa/nfl-2011-2012/denver-broncos-seattle-seahawks-KEyFeXeD/
27 Aug 2011,Pre-season,0,Detroit Lions,New England Patriots,34,10,,,https://www.oddsportal.com/american-football/usa/nfl-2011-2012/detroit-lions-new-england-patriots-8x1rWY0d/
27 Aug 2011,Pre-season,0,Minnesota Vikings,Dallas Cowboys,17,23,,,https://www.oddsportal.com/american-football/usa/nfl-2011-2012/minnesota-vikings-dallas-cowboys-xY8o0nma/
27 Aug 2011,Pre-season,0,San Francisco 49ers,Houston Texans,7,30,,,https://www.oddsportal.com/american-football/usa/nfl-2011-2012/san-francisco-49ers-houston-texans-xxqDUdfR/
27 Aug 2011,Pre-season,0,Tennessee Titans,Chicago Bears,14,13,,,https://www.oddsportal.com/american-football/usa/nfl-2011-2012/tennessee-titans-chicago-bears-rB9s1SXh/
27 Aug 2011,Pre-season,0,Pittsburgh Steelers,Atlanta Falcons,34,16,,,https://www.oddsportal.com/american-football/usa/nfl-2011-2012/pittsburgh-steelers-atlanta-falcons-bop9VxuL/
27 Aug 2011,Pre-season,0,Tampa Bay Buccaneers,Miami Dolphins,17,13,,,https://www.oddsportal.com/american-football/usa/nfl-2011-2012/tampa-bay-buccaneers-miami-dolphins-Wz6w28In/
27 Aug 2011,Pre-season,0,Buffalo Bills,Jacksonville Jaguars,35,32,,,https://www.oddsportal.com/american-football/usa/nfl-2011-2012/buffalo-bills-jacksonville-jaguars-Cng5KGYD/
26 Aug 2011,Pre-season,0,Indianapolis Colts,Green Bay Packers,21,24,,,https://www.oddsportal.com/american-football/usa/nfl-2011-2012/indianapolis-colts-green-bay-packers-Uo2vXEoj/
26 Aug 2011,Pre-season,0,Kansas City Chiefs,Los Angeles Rams,10,14,,,https://www.oddsportal.com/american-football/usa/nfl-2011-2012/kansas-city-chiefs-los-angeles-rams-tOxBdDt7/
25 Aug 2011,Pre-season,0,Baltimore Ravens,Washington Commanders,34,31,,,https://www.oddsportal.com/american-football/usa/nfl-2011-2012/baltimore-ravens-washington-commanders-0CczYfWq/
25 Aug 2011,Pre-season,0,Philadelphia Eagles,Cleveland Browns,24,14,,,https://www.oddsportal.com/american-football/usa/nfl-2011-2012/philadelphia-eagles-cleveland-browns-bam6cgR0/
25 Aug 2011,Pre-season,0,Cincinnati Bengals,Carolina Panthers,24,13,,,https://www.oddsportal.com/american-football/usa/nfl-2011-2012/cincinnati-bengals-carolina-panthers-pdq2bZBf/
22 Aug 2011,Pre-season,0,New York Giants,Chicago Bears,41,13,,,https://www.oddsportal.com/american-football/usa/nfl-2011-2012/new-york-giants-chicago-bears-b3B8xyOS/
21 Aug 2011,Pre-season,0,Dallas Cowboys,Los Angeles Chargers,7,20,,,https://www.oddsportal.com/american-football/usa/nfl-2011-2012/dallas-cowboys-los-angeles-chargers-4dIQ4yZQ/
21 Aug 2011,Pre-season,0,New York Jets,Cincinnati Bengals,27,7,,,https://www.oddsportal.com/american-football/usa/nfl-2011-2012/new-york-jets-cincinnati-bengals-jZqbaFdl/
20 Aug 2011,Pre-season,0,Seattle Seahawks,Minnesota Vikings,7,20,,,https://www.oddsportal.com/american-football/usa/nfl-2011-2012/seattle-seahawks-minnesota-vikings-8QMo0esr/
20 Aug 2011,Pre-season,0,Denver Broncos,Buffalo Bills,24,10,,,https://www.oddsportal.com/american-football/usa/nfl-2011-2012/denver-broncos-buffalo-bills-WrKI6c4E/
20 Aug 2011,Pre-season,0,Houston Texans,New Orleans Saints,27,14,,,https://www.oddsportal.com/american-football/usa/nfl-2011-2012/houston-texans-new-orleans-saints-GMf4WIPE/
20 Aug 2011,Pre-season,0,Los Angeles Rams,Tennessee Titans,17,16,,,https://www.oddsportal.com/american-football/usa/nfl-2011-2012/los-angeles-rams-tennessee-titans-Q5JM5HJK/
20 Aug 2011,Pre-season,0,San Francisco 49ers,Las Vegas Raiders,17,3,,,https://www.oddsportal.com/american-football/usa/nfl-2011-2012/san-francisco-49ers-las-vegas-raiders-2Jj0XbA8/
19 Aug 2011,Pre-season,0,Green Bay Packers,Arizona Cardinals,28,20,,,https://www.oddsportal.com/american-football/usa/nfl-2011-2012/green-bay-packers-arizona-cardinals-IuGE7wk8/
19 Aug 2011,Pre-season,0,Jacksonville Jaguars,Atlanta Falcons,15,13,,,https://www.oddsportal.com/american-football/usa/nfl-2011-2012/jacksonville-jaguars-atlanta-falcons-GvM3wH8M/
19 Aug 2011,Pre-season,0,Baltimore Ravens,Kansas City Chiefs,31,13,,,https://www.oddsportal.com/american-football/usa/nfl-2011-2012/baltimore-ravens-kansas-city-chiefs-YREJqzc1/
19 Aug 2011,Pre-season,0,Cleveland Browns,Detroit Lions,28,30,,,https://www.oddsportal.com/american-football/usa/nfl-2011-2012/cleveland-browns-detroit-lions-4hAFpGse/
19 Aug 2011,Pre-season,0,Miami Dolphins,Carolina Panthers,20,10,,,https://www.oddsportal.com/american-football/usa/nfl-2011-2012/miami-dolphins-carolina-panthers-CIDNrfC7/
19 Aug 2011,Pre-season,0,Indianapolis Colts,Washington Commanders,3,16,,,https://www.oddsportal.com/american-football/usa/nfl-2011-2012/indianapolis-colts-washington-commanders-Q1BBodSl/
18 Aug 2011,Pre-season,0,Pittsburgh Steelers,Philadelphia Eagles,24,14,,,https://www.oddsportal.com/american-football/usa/nfl-2011-2012/pittsburgh-steelers-philadelphia-eagles-bJgivcgG/
18 Aug 2011,Pre-season,0,Tampa Bay Buccaneers,New England Patriots,14,31,,,https://www.oddsportal.com/american-football/usa/nfl-2011-2012/tampa-bay-buccaneers-new-england-patriots-rwM6nxDr/
15 Aug 2011,Pre-season,0,Houston Texans,New York Jets,20,16,,,https://www.oddsportal.com/american-football/usa/nfl-2011-2012/houston-texans-new-york-jets-4dfmuwvA/
13 Aug 2011,Pre-season,0,Carolina Panthers,New York Giants,20,10,,,https://www.oddsportal.com/american-football/usa/nfl-2011-2012/carolina-panthers-new-york-giants-nydLPtCf/
13 Aug 2011,Pre-season,0,Chicago Bears,Buffalo Bills,10,3,,,https://www.oddsportal.com/american-football/usa/nfl-2011-2012/chicago-bears-buffalo-bills-hfOphI4R/
13 Aug 2011,Pre-season,0,Los Angeles Rams,Indianapolis Colts,33,10,,,https://www.oddsportal.com/american-football/usa/nfl-2011-2012/los-angeles-rams-indianapolis-colts-KtQxfvzF/
13 Aug 2011,Pre-season,0,Tennessee Titans,Minnesota Vikings,14,3,,,https://www.oddsportal.com/american-football/usa/nfl-2011-2012/tennessee-titans-minnesota-vikings-bXOtgbkL/
13 Aug 2011,Pre-season,0,Cleveland Browns,Green Bay Packers,27,17,,,https://www.oddsportal.com/american-football/usa/nfl-2011-2012/cleveland-browns-green-bay-packers-25VXfKK8/
12 Aug 2011,Pre-season,0,Kansas City Chiefs,Tampa Bay Buccaneers,0,25,,,https://www.oddsportal.com/american-football/usa/nfl-2011-2012/kansas-city-chiefs-tampa-bay-buccaneers-Q5eqtJO3/
12 Aug 2011,Pre-season,0,New Orleans Saints,San Francisco 49ers,24,3,,,https://www.oddsportal.com/american-football/usa/nfl-2011-2012/new-orleans-saints-san-francisco-49ers-pbvA8FX7/
12 Aug 2011,Pre-season,0,Atlanta Falcons,Miami Dolphins,23,28,,,https://www.oddsportal.com/american-football/usa/nfl-2011-2012/atlanta-falcons-miami-dolphins-OEWTe052/
12 Aug 2011,Pre-season,0,Detroit Lions,Cincinnati Bengals,34,3,,,https://www.oddsportal.com/american-football/usa/nfl-2011-2012/detroit-lions-cincinnati-bengals-6gKwXGS1/
12 Aug 2011,Pre-season,0,Washington Commanders,Pittsburgh Steelers,16,7,,,https://www.oddsportal.com/american-football/usa/nfl-2011-2012/washington-commanders-pittsburgh-steelers-67u69eI1/
11 Aug 2011,Pre-season,0,Las Vegas Raiders,Arizona Cardinals,18,24,,,https://www.oddsportal.com/american-football/usa/nfl-2011-2012/las-vegas-raiders-arizona-cardinals-MVg30XaM/
11 Aug 2011,Pre-season,0,Dallas Cowboys,Denver Broncos,24,23,,,https://www.oddsportal.com/american-football/usa/nfl-2011-2012/dallas-cowboys-denver-broncos-hjGZXdDe/
11 Aug 2011,Pre-season,0,Los Angeles Chargers,Seattle Seahawks,17,24,,,https://www.oddsportal.com/american-football/usa/nfl-2011-2012/los-angeles-chargers-seattle-seahawks-bqPnsa9c/
11 Aug 2011,Pre-season,0,New England Patriots,Jacksonville Jaguars,47,12,,,https://www.oddsportal.com/american-football/usa/nfl-2011-2012/new-england-patriots-jacksonville-jaguars-ARQUYxbk/
11 Aug 2011,Pre-season,0,Philadelphia Eagles,Baltimore Ravens,13,6,,,https://www.oddsportal.com/american-football/usa/nfl-2011-2012/philadelphia-eagles-baltimore-ravens-WzSQZIrq/
06 Feb 2011,Play Offs,0,Green Bay Packers,Pittsburgh Steelers,31,25,,,https://www.oddsportal.com/american-football/usa/nfl-2010-2011/green-bay-packers-pittsburgh-steelers-U5jPADLG/
30 Jan 2011,All Stars,0,NFC,AFC,55,41,,,https://www.oddsportal.com/american-football/usa/nfl-2010-2011/nfc-afc-Ox3tFaoE/
23 Jan 2011,Play Offs,0,Pittsburgh Steelers,New York Jets,24,19,,,https://www.oddsportal.com/american-football/usa/nfl-2010-2011/pittsburgh-steelers-new-york-jets-IPkb6Ix8/
23 Jan 2011,Play Offs,0,Chicago Bears,Green Bay Packers,14,21,,,https://www.oddsportal.com/american-football/usa/nfl-2010-2011/chicago-bears-green-bay-packers-6knf7bN1/
16 Jan 2011,Play Offs,0,New England Patriots,New York Jets,21,28,,,https://www.oddsportal.com/american-football/usa/nfl-2010-2011/new-england-patriots-new-york-jets-YTV8didR/
16 Jan 2011,Play Offs,0,Chicago Bears,Seattle Seahawks,35,24,,,https://www.oddsportal.com/american-football/usa/nfl-2010-2011/chicago-bears-seattle-seahawks-KKrqlHUg/
15 Jan 2011,Play Offs,0,Atlanta Falcons,Green Bay Packers,21,48,,,https://www.oddsportal.com/american-football/usa/nfl-2010-2011/atlanta-falcons-green-bay-packers-d8GDSpGd/
15 Jan 2011,Play Offs,0,Pittsburgh Steelers,Baltimore Ravens,31,24,,,https://www.oddsportal.com/american-football/usa/nfl-2010-2011/pittsburgh-steelers-baltimore-ravens-0MbkYGl9/
09 Jan 2011,Play Offs,0,Philadelphia Eagles,Green Bay Packers,16,21,,,https://www.oddsportal.com/american-football/usa/nfl-2010-2011/philadelphia-eagles-green-bay-packers-fyGeepBG/
09 Jan 2011,Play Offs,0,Kansas City Chiefs,Baltimore Ravens,7,30,,,https://www.oddsportal.com/american-football/usa/nfl-2010-2011/kansas-city-chiefs-baltimore-ravens-fibvc6t4/
08 Jan 2011,Play Offs,0,Indianapolis Colts,New York Jets,16,17,,,https://www.oddsportal.com/american-football/usa/nfl-2010-2011/indianapolis-colts-new-york-jets-G0azbnRc/
08 Jan 2011,Play Offs,0,Seattle Seahawks,New Orleans Saints,41,36,,,https://www.oddsportal.com/american-football/usa/nfl-2010-2011/seattle-seahawks-new-orleans-saints-CShqdQeA/
02 Jan 2011,Regular,0,Seattle Seahawks,Los Angeles Rams,16,6,137,-187,https://www.oddsportal.com/american-football/usa/nfl-2010-2011/seattle-seahawks-los-angeles-rams-KATfxxbF/
02 Jan 2011,Regular,0,Denver Broncos,Los Angeles Chargers,28,33,172,-235,https://www.oddsportal.com/american-football/usa/nfl-2010-2011/denver-broncos-los-angeles-chargers-QmUjwIr9/
02 Jan 2011,Regular,0,Green Bay Packers,Chicago Bears,10,3,-769,450,https://www.oddsportal.com/american-football/usa/nfl-2010-2011/green-bay-packers-chicago-bears-p0NdPbE9/
02 Jan 2011,Regular,0,Houston Texans,Jacksonville Jaguars,34,17,-224,166,https://www.oddsportal.com/american-football/usa/nfl-2010-2011/houston-texans-jacksonville-jaguars-OjM0OITF/
02 Jan 2011,Regular,0,Indianapolis Colts,Tennessee Titans,23,20,-541,364,https://www.oddsportal.com/american-football/usa/nfl-2010-2011/indianapolis-colts-tennessee-titans-IDL4NxqM/
02 Jan 2011,Regular,0,Philadelphia Eagles,Dallas Cowboys,13,14,-110,-126,https://www.oddsportal.com/american-football/usa/nfl-2010-2011/philadelphia-eagles-dallas-cowboys-6NNeFEj2/
02 Jan 2011,Regular,0,San Francisco 49ers,Arizona Cardinals,38,7,-267,191,https://www.oddsportal.com/american-football/usa/nfl-2010-2011/san-francisco-49ers-arizona-cardinals-b1SbydDL/
02 Jan 2011,Regular,0,Washington Commanders,New York Giants,14,17,172,-235,https://www.oddsportal.com/american-football/usa/nfl-2010-2011/washington-commanders-new-york-giants-CpQnvbT2/
02 Jan 2011,Regular,0,Atlanta Falcons,Carolina Panthers,31,10,-1053,567,https://www.oddsportal.com/american-football/usa/nfl-2010-2011/atlanta-falcons-carolina-panthers-YRbf3Hij/
02 Jan 2011,Regular,0,Baltimore Ravens,Cincinnati Bengals,13,7,-541,350,https://www.oddsportal.com/american-football/usa/nfl-2010-2011/baltimore-ravens-cincinnati-bengals-WCHc2y7d/
02 Jan 2011,Regular,0,Cleveland Browns,Pittsburgh Steelers,9,41,205,-282,https://www.oddsportal.com/american-football/usa/nfl-2010-2011/cleveland-browns-pittsburgh-steelers-lYTmRKqc/
02 Jan 2011,Regular,0,Detroit Lions,Minnesota Vikings,20,13,-213,156,https://www.oddsportal.com/american-football/usa/nfl-2010-2011/detroit-lions-minnesota-vikings-SOSiQva3/
02 Jan 2011,Regular,0,Kansas City Chiefs,Las Vegas Raiders,10,31,-238,174,https://www.oddsportal.com/american-football/usa/nfl-2010-2011/kansas-city-chiefs-las-vegas-raiders-zZmHMdbS/
02 Jan 2011,Regular,0,New England Patriots,Miami Dolphins,38,7,-238,174,https://www.oddsportal.com/american-football/usa/nfl-2010-2011/new-england-patriots-miami-dolphins-tGQqIG6q/
02 Jan 2011,Regular,0,New Orleans Saints,Tampa Bay Buccaneers,13,23,-317,232,https://www.oddsportal.com/american-football/usa/nfl-2010-2011/new-orleans-saints-tampa-bay-buccaneers-K6PmHzMk/
02 Jan 2011,Regular,0,New York Jets,Buffalo Bills,38,7,-125,-110,https://www.oddsportal.com/american-football/usa/nfl-2010-2011/new-york-jets-buffalo-bills-SWOiGfyd/
28 Dec 2010,Regular,0,Philadelphia Eagles,Minnesota Vikings,14,24,-1053,596,https://www.oddsportal.com/american-football/usa/nfl-2010-2011/philadelphia-eagles-minnesota-vikings-8W3jEs0i/
27 Dec 2010,Regular,0,Atlanta Falcons,New Orleans Saints,14,17,-146,110,https://www.oddsportal.com/american-football/usa/nfl-2010-2011/atlanta-falcons-new-orleans-saints-j39k4cxp/
26 Dec 2010,Regular,0,Green Bay Packers,New York Giants,45,17,-178,133,https://www.oddsportal.com/american-football/usa/nfl-2010-2011/green-bay-packers-new-york-giants-KKIJ9JEM/
26 Dec 2010,Regular,0,Tampa Bay Buccaneers,Seattle Seahawks,38,15,-267,191,https://www.oddsportal.com/american-football/usa/nfl-2010-2011/tampa-bay-buccaneers-seattle-seahawks-tp2bCLU3/
26 Dec 2010,Regular,0,Cincinnati Bengals,Los Angeles Chargers,34,20,282,-400,https://www.oddsportal.com/american-football/usa/nfl-2010-2011/cincinnati-bengals-los-angeles-chargers-lfNN8wUS/
26 Dec 2010,Regular,0,Denver Broncos,Houston Texans,24,23,110,-146,https://www.oddsportal.com/american-football/usa/nfl-2010-2011/denver-broncos-houston-texans-fm62BupA/
26 Dec 2010,Regular,0,Las Vegas Raiders,Indianapolis Colts,26,31,-105,-131,https://www.oddsportal.com/american-football/usa/nfl-2010-2011/las-vegas-raiders-indianapolis-colts-xCe7AaaG/
26 Dec 2010,Regular,0,Buffalo Bills,New England Patriots,3,34,269,-371,https://www.oddsportal.com/american-football/usa/nfl-2010-2011/buffalo-bills-new-england-patriots-UyTRB8ga/
26 Dec 2010,Regular,0,Chicago Bears,New York Jets,38,34,-152,115,https://www.oddsportal.com/american-football/usa/nfl-2010-2011/chicago-bears-new-york-jets-CpjvBS85/
26 Dec 2010,Regular,0,Cleveland Browns,Baltimore Ravens,10,20,156,-213,https://www.oddsportal.com/american-football/usa/nfl-2010-2011/cleveland-browns-baltimore-ravens-f9uqAnOB/
26 Dec 2010,Regular,0,Jacksonville Jaguars,Washington Commanders,17,20,-294,217,https://www.oddsportal.com/american-football/usa/nfl-2010-2011/jacksonville-jaguars-washington-commanders-8Cqm96wI/
26 Dec 2010,Regular,0,Kansas City Chiefs,Tennessee Titans,34,14,-223,166,https://www.oddsportal.com/american-football/usa/nfl-2010-2011/kansas-city-chiefs-tennessee-titans-087Giv8p/
26 Dec 2010,Regular,0,Los Angeles Rams,San Francisco 49ers,25,17,-140,105,https://www.oddsportal.com/american-football/usa/nfl-2010-2011/los-angeles-rams-san-francisco-49ers-nN2fD1Fc/
26 Dec 2010,Regular,0,Miami Dolphins,Detroit Lions,27,34,-200,150,https://www.oddsportal.com/american-football/usa/nfl-2010-2011/miami-dolphins-detroit-lions-va6KjbNj/
25 Dec 2010,Regular,0,Arizona Cardinals,Dallas Cowboys,27,26,245,-339,https://www.oddsportal.com/american-football/usa/nfl-2010-2011/arizona-cardinals-dallas-cowboys-02ONClvg/
23 Dec 2010,Regular,0,Pittsburgh Steelers,Carolina Panthers,27,3,-1334,700,https://www.oddsportal.com/american-football/usa/nfl-2010-2011/pittsburgh-steelers-carolina-panthers-MBPJDUOn/
20 Dec 2010,Regular,0,Minnesota Vikings,Chicago Bears,14,40,191,-267,https://www.oddsportal.com/american-football/usa/nfl-2010-2011/minnesota-vikings-chicago-bears-vmzFEA9t/
19 Dec 2010,Regular,0,New England Patriots,Green Bay Packers,31,27,-1334,674,https://www.oddsportal.com/american-football/usa/nfl-2010-2011/new-england-patriots-green-bay-packers-4fqmJj1P/
19 Dec 2010,Regular,0,Las Vegas Raiders,Denver Broncos,39,23,-371,269,https://www.oddsportal.com/american-football/usa/nfl-2010-2011/las-vegas-raiders-denver-broncos-8rYhem9I/
19 Dec 2010,Regular,0,Pittsburgh Steelers,New York Jets,17,22,-211,160,https://www.oddsportal.com/american-football/usa/nfl-2010-2011/pittsburgh-steelers-new-york-jets-nZWdf7OO/
19 Dec 2010,Regular,0,Seattle Seahawks,Atlanta Falcons,18,34,180,-250,https://www.oddsportal.com/american-football/usa/nfl-2010-2011/seattle-seahawks-atlanta-falcons-j7wldTgC/
19 Dec 2010,Regular,0,Baltimore Ravens,New Orleans Saints,30,24,-146,110,https://www.oddsportal.com/american-football/usa/nfl-2010-2011/baltimore-ravens-new-orleans-saints-UoIjqjA6/
19 Dec 2010,Regular,0,Carolina Panthers,Arizona Cardinals,19,12,-151,115,https://www.oddsportal.com/american-football/usa/nfl-2010-2011/carolina-panthers-arizona-cardinals-O8HfrAPC/
19 Dec 2010,Regular,0,Cincinnati Bengals,Cleveland Browns,19,17,-126,-110,https://www.oddsportal.com/american-football/usa/nfl-2010-2011/cincinnati-bengals-cleveland-browns-xCLbsUvJ/
19 Dec 2010,Regular,0,Dallas Cowboys,Washington Commanders,33,30,-500,341,https://www.oddsportal.com/american-football/usa/nfl-2010-2011/dallas-cowboys-washington-commanders-rZNk6DHJ/
19 Dec 2010,Regular,0,Indianapolis Colts,Jacksonville Jaguars,34,24,-250,180,https://www.oddsportal.com/american-football/usa/nfl-2010-2011/indianapolis-colts-jacksonville-jaguars-MPMg5XWP/
19 Dec 2010,Regular,0,Los Angeles Rams,Kansas City Chiefs,13,27,-157,120,https://www.oddsportal.com/american-football/usa/nfl-2010-2011/los-angeles-rams-kansas-city-chiefs-0YCTbV9g/
19 Dec 2010,Regular,0,Miami Dolphins,Buffalo Bills,14,17,-263,192,https://www.oddsportal.com/american-football/usa/nfl-2010-2011/miami-dolphins-buffalo-bills-vJOK0ius/
19 Dec 2010,Regular,0,New York Giants,Philadelphia Eagles,31,38,-171,127,https://www.oddsportal.com/american-football/usa/nfl-2010-2011/new-york-giants-philadelphia-eagles-I9NOaBfm/
19 Dec 2010,Regular,0,Tampa Bay Buccaneers,Detroit Lions,20,23,-238,174,https://www.oddsportal.com/american-football/usa/nfl-2010-2011/tampa-bay-buccaneers-detroit-lions-IgutbkPa/
19 Dec 2010,Regular,0,Tennessee Titans,Houston Texans,31,17,-135,-100,https://www.oddsportal.com/american-football/usa/nfl-2010-2011/tennessee-titans-houston-texans-CGvpc9v6/
16 Dec 2010,Regular,0,Los Angeles Chargers,San Francisco 49ers,34,7,-541,350,https://www.oddsportal.com/american-football/usa/nfl-2010-2011/los-angeles-chargers-san-francisco-49ers-jeJnpWf0/
13 Dec 2010,Regular,0,Houston Texans,Baltimore Ravens,28,34,127,-171,https://www.oddsportal.com/american-football/usa/nfl-2010-2011/houston-texans-baltimore-ravens-YJOsoCuf/
13 Dec 2010,Regular,0,Minnesota Vikings,New York Giants,3,21,186,-250,https://www.oddsportal.com/american-football/usa/nfl-2010-2011/minnesota-vikings-new-york-giants-YkDmXhBf/
12 Dec 2010,Regular,0,Dallas Cowboys,Philadelphia Eagles,27,30,166,-224,https://www.oddsportal.com/american-football/usa/nfl-2010-2011/dallas-cowboys-philadelphia-eagles-jB1VohQm/
12 Dec 2010,Regular,0,Arizona Cardinals,Denver Broncos,43,13,174,-238,https://www.oddsportal.com/american-football/usa/nfl-2010-2011/arizona-cardinals-denver-broncos-vXLfhfmK/
12 Dec 2010,Regular,0,Chicago Bears,New England Patriots,7,36,120,-157,https://www.oddsportal.com/american-football/usa/nfl-2010-2011/chicago-bears-new-england-patriots-hjnCweYQ/
12 Dec 2010,Regular,0,Los Angeles Chargers,Kansas City Chiefs,31,0,-541,350,https://www.oddsportal.com/american-football/usa/nfl-2010-2011/los-angeles-chargers-kansas-city-chiefs-dl2RnYAs/
12 Dec 2010,Regular,0,New York Jets,Miami Dolphins,6,10,-250,180,https://www.oddsportal.com/american-football/usa/nfl-2010-2011/new-york-jets-miami-dolphins-MeBaiE2Q/
12 Dec 2010,Regular,0,New Orleans Saints,Los Angeles Rams,31,13,-477,324,https://www.oddsportal.com/american-football/usa/nfl-2010-2011/new-orleans-saints-los-angeles-rams-8850UjeD/
12 Dec 2010,Regular,0,San Francisco 49ers,Seattle Seahawks,40,21,-238,174,https://www.oddsportal.com/american-football/usa/nfl-2010-2011/san-francisco-49ers-seattle-seahawks-0tNjgzYD/
12 Dec 2010,Regular,0,Buffalo Bills,Cleveland Browns,13,6,-119,-119,https://www.oddsportal.com/american-football/usa/nfl-2010-2011/buffalo-bills-cleveland-browns-Kxl4uH3E/
12 Dec 2010,Regular,0,Carolina Panthers,Atlanta Falcons,10,31,245,-339,https://www.oddsportal.com/american-football/usa/nfl-2010-2011/carolina-panthers-atlanta-falcons-Eam8vyJK/
12 Dec 2010,Regular,0,Detroit Lions,Green Bay Packers,7,3,224,-308,https://www.oddsportal.com/american-football/usa/nfl-2010-2011/detroit-lions-green-bay-packers-dKjXYEtr/
12 Dec 2010,Regular,0,Jacksonville Jaguars,Las Vegas Raiders,38,31,-211,160,https://www.oddsportal.com/american-football/usa/nfl-2010-2011/jacksonville-jaguars-las-vegas-raiders-vTDqYYel/
12 Dec 2010,Regular,0,Pittsburgh Steelers,Cincinnati Bengals,23,7,-400,282,https://www.oddsportal.com/american-football/usa/nfl-2010-2011/pittsburgh-steelers-cincinnati-bengals-ngHiWCQ0/
12 Dec 2010,Regular,0,Washington Commanders,Tampa Bay Buccaneers,16,17,-105,-129,https://www.oddsportal.com/american-football/usa/nfl-2010-2011/washington-commanders-tampa-bay-buccaneers-UH6dVWu7/
09 Dec 2010,Regular,0,Tennessee Titans,Indianapolis Colts,28,30,150,-200,https://www.oddsportal.com/american-football/usa/nfl-2010-2011/tennessee-titans-indianapolis-colts-6Zq0tcl8/
06 Dec 2010,Regular,0,New England Patriots,New York Jets,45,3,-224,166,https://www.oddsportal.com/american-football/usa/nfl-2010-2011/new-england-patriots-new-york-jets-0Cs9HDB7/
05 Dec 2010,Regular,0,Baltimore Ravens,Pittsburgh Steelers,10,13,-191,145,https://www.oddsportal.com/american-football/usa/nfl-2010-2011/baltimore-ravens-pittsburgh-steelers-MLr5Igd1/
05 Dec 2010,Regular,0,Arizona Cardinals,Los Angeles Rams,6,19,144,-194,https://www.oddsportal.com/american-football/usa/nfl-2010-2011/arizona-cardinals-los-angeles-rams-WWkhLeCr/
05 Dec 2010,Regular,0,Indianapolis Colts,Dallas Cowboys,35,38,-263,192,https://www.oddsportal.com/american-football/usa/nfl-2010-2011/indianapolis-colts-dallas-cowboys-EeucKFRl/
05 Dec 2010,Regular,0,Seattle Seahawks,Carolina Panthers,31,14,-238,174,https://www.oddsportal.com/american-football/usa/nfl-2010-2011/seattle-seahawks-carolina-panthers-hnv1JZte/
05 Dec 2010,Regular,0,Tampa Bay Buccaneers,Atlanta Falcons,24,28,127,-171,https://www.oddsportal.com/american-football/usa/nfl-2010-2011/tampa-bay-buccaneers-atlanta-falcons-YJIMupD3/
05 Dec 2010,Regular,0,Los Angeles Chargers,Las Vegas Raiders,13,28,-741,424,https://www.oddsportal.com/american-football/usa/nfl-2010-2011/los-angeles-chargers-las-vegas-raiders-6XGUwOsG/
05 Dec 2010,Regular,0,Cincinnati Bengals,New Orleans Saints,30,34,205,-282,https://www.oddsportal.com/american-football/usa/nfl-2010-2011/cincinnati-bengals-new-orleans-saints-EVXrQ4DG/
05 Dec 2010,Regular,0,Detroit Lions,Chicago Bears,20,24,162,-223,https://www.oddsportal.com/american-football/usa/nfl-2010-2011/detroit-lions-chicago-bears-MeXnPOSM/
05 Dec 2010,Regular,0,Green Bay Packers,San Francisco 49ers,34,16,-500,341,https://www.oddsportal.com/american-football/usa/nfl-2010-2011/green-bay-packers-san-francisco-49ers-0nWjOrrT/
05 Dec 2010,Regular,0,Kansas City Chiefs,Denver Broncos,10,6,-400,282,https://www.oddsportal.com/american-football/usa/nfl-2010-2011/kansas-city-chiefs-denver-broncos-6T8JJ2jp/
05 Dec 2010,Regular,0,Miami Dolphins,Cleveland Browns,10,13,-248,184,https://www.oddsportal.com/american-football/usa/nfl-2010-2011/miami-dolphins-cleveland-browns-KWCNIM5j/
05 Dec 2010,Regular,0,Minnesota Vikings,Buffalo Bills,38,14,-250,180,https://www.oddsportal.com/american-football/usa/nfl-2010-2011/minnesota-vikings-buffalo-bills-xhPDs6ri/
05 Dec 2010,Regular,0,New York Giants,Washington Commanders,31,7,-339,245,https://www.oddsportal.com/american-football/usa/nfl-2010-2011/new-york-giants-washington-commanders-GrOHtQcc/
05 Dec 2010,Regular,0,Tennessee Titans,Jacksonville Jaguars,6,17,-185,139,https://www.oddsportal.com/american-football/usa/nfl-2010-2011/tennessee-titans-jacksonville-jaguars-CAHQv4S9/
02 Dec 2010,Regular,0,Philadelphia Eagles,Houston Texans,34,24,-400,282,https://www.oddsportal.com/american-football/usa/nfl-2010-2011/philadelphia-eagles-houston-texans-WMAWQpbA/
29 Nov 2010,Regular,0,Arizona Cardinals,San Francisco 49ers,6,27,105,-140,https://www.oddsportal.com/american-football/usa/nfl-2010-2011/arizona-cardinals-san-francisco-49ers-tYHJTnEi/
28 Nov 2010,Regular,0,Indianapolis Colts,Los Angeles Chargers,14,36,-141,105,https://www.oddsportal.com/american-football/usa/nfl-2010-2011/indianapolis-colts-los-angeles-chargers-2sJFUSbo/
28 Nov 2010,Regular,0,Baltimore Ravens,Tampa Bay Buccaneers,17,10,-339,245,https://www.oddsportal.com/american-football/usa/nfl-2010-2011/baltimore-ravens-tampa-bay-buccaneers-r9QIXtlt/
28 Nov 2010,Regular,0,Chicago Bears,Philadelphia Eagles,31,26,132,-178,https://www.oddsportal.com/american-football/usa/nfl-2010-2011/chicago-bears-philadelphia-eagles-vyKRVKIh/
28 Nov 2010,Regular,0,Denver Broncos,Los Angeles Rams,33,36,-191,145,https://www.oddsportal.com/american-football/usa/nfl-2010-2011/denver-broncos-los-angeles-rams-KvPQLzeo/
28 Nov 2010,Regular,0,Las Vegas Raiders,Miami Dolphins,17,33,-157,120,https://www.oddsportal.com/american-football/usa/nfl-2010-2011/las-vegas-raiders-miami-dolphins-O8weRdXN/
28 Nov 2010,Regular,0,Seattle Seahawks,Kansas City Chiefs,24,42,-105,-131,https://www.oddsportal.com/american-football/usa/nfl-2010-2011/seattle-seahawks-kansas-city-chiefs-IVxaQGnU/
28 Nov 2010,Regular,0,Atlanta Falcons,Green Bay Packers,20,17,-146,110,https://www.oddsportal.com/american-football/usa/nfl-2010-2011/atlanta-falcons-green-bay-packers-2VQ4CcIU/
28 Nov 2010,Regular,0,Buffalo Bills,Pittsburgh Steelers,16,19,217,-294,https://www.oddsportal.com/american-football/usa/nfl-2010-2011/buffalo-bills-pittsburgh-steelers-dCUMW03n/
28 Nov 2010,Regular,0,Cleveland Browns,Carolina Panthers,24,23,-445,309,https://www.oddsportal.com/american-football/usa/nfl-2010-2011/cleveland-browns-carolina-panthers-IRIVUvYb/
28 Nov 2010,Regular,0,Houston Texans,Tennessee Titans,20,0,-250,180,https://www.oddsportal.com/american-football/usa/nfl-2010-2011/houston-texans-tennessee-titans-n1NZTbm5/
28 Nov 2010,Regular,0,New York Giants,Jacksonville Jaguars,24,20,-339,245,https://www.oddsportal.com/american-football/usa/nfl-2010-2011/new-york-giants-jacksonville-jaguars-U9pnTI2B/
28 Nov 2010,Regular,0,Washington Commanders,Minnesota Vikings,13,17,110,-146,https://www.oddsportal.com/american-football/usa/nfl-2010-2011/washington-commanders-minnesota-vikings-CYZjSxIH/
25 Nov 2010,Regular,0,New York Jets,Cincinnati Bengals,26,10,-541,350,https://www.oddsportal.com/american-football/usa/nfl-2010-2011/new-york-jets-cincinnati-bengals-OvS0Dw3O/
25 Nov 2010,Regular,0,Dallas Cowboys,New Orleans Saints,27,30,172,-235,https://www.oddsportal.com/american-football/usa/nfl-2010-2011/dallas-cowboys-new-orleans-saints-dIe4EJmI/
25 Nov 2010,Regular,0,Detroit Lions,New England Patriots,24,45,257,-364,https://www.oddsportal.com/american-football/usa/nfl-2010-2011/detroit-lions-new-england-patriots-IRd0FaYB/
22 Nov 2010,Regular,0,Los Angeles Chargers,Denver Broncos,35,14,-445,296,https://www.oddsportal.com/american-football/usa/nfl-2010-2011/los-angeles-chargers-denver-broncos-O4cdGuJ5/
21 Nov 2010,Regular,0,Philadelphia Eagles,New York Giants,27,17,-191,145,https://www.oddsportal.com/american-football/usa/nfl-2010-2011/philadelphia-eagles-new-york-giants-6qVqHL3a/
21 Nov 2010,Regular,0,New England Patriots,Indianapolis Colts,31,28,-224,166,https://www.oddsportal.com/american-football/usa/nfl-2010-2011/new-england-patriots-indianapolis-colts-OKuuI1lg/
21 Nov 2010,Regular,0,Los Angeles Rams,Atlanta Falcons,17,34,150,-200,https://www.oddsportal.com/american-football/usa/nfl-2010-2011/los-angeles-rams-atlanta-falcons-pUtyJsZn/
21 Nov 2010,Regular,0,New Orleans Saints,Seattle Seahawks,34,19,-741,424,https://www.oddsportal.com/american-football/usa/nfl-2010-2011/new-orleans-saints-seattle-seahawks-Eoj5O3BP/
21 Nov 2010,Regular,0,San Francisco 49ers,Tampa Bay Buccaneers,0,21,-203,151,https://www.oddsportal.com/american-football/usa/nfl-2010-2011/san-francisco-49ers-tampa-bay-buccaneers-GfxXJNJt/
21 Nov 2010,Regular,0,Carolina Panthers,Baltimore Ravens,13,37,546,-953,https://www.oddsportal.com/american-football/usa/nfl-2010-2011/carolina-panthers-baltimore-ravens-zTC8NWKE/
21 Nov 2010,Regular,0,Cincinnati Bengals,Buffalo Bills,31,49,-224,166,https://www.oddsportal.com/american-football/usa/nfl-2010-2011/cincinnati-bengals-buffalo-bills-GQQx64ks/
21 Nov 2010,Regular,0,Dallas Cowboys,Detroit Lions,35,19,-275,204,https://www.oddsportal.com/american-football/usa/nfl-2010-2011/dallas-cowboys-detroit-lions-UTUt5O4m/
21 Nov 2010,Regular,0,Jacksonville Jaguars,Cleveland Browns,24,20,-141,105,https://www.oddsportal.com/american-football/usa/nfl-2010-2011/jacksonville-jaguars-cleveland-browns-OjUp4rKg/
21 Nov 2010,Regular,0,Kansas City Chiefs,Arizona Cardinals,31,13,-371,269,https://www.oddsportal.com/american-football/usa/nfl-2010-2011/kansas-city-chiefs-arizona-cardinals-6aic32Za/
21 Nov 2010,Regular,0,Minnesota Vikings,Green Bay Packers,3,31,137,-187,https://www.oddsportal.com/american-football/usa/nfl-2010-2011/minnesota-vikings-green-bay-packers-Ozn22Ml6/
21 Nov 2010,Regular,0,New York Jets,Houston Texans,30,27,-317,232,https://www.oddsportal.com/american-football/usa/nfl-2010-2011/new-york-jets-houston-texans-2Rp61t4C/
21 Nov 2010,Regular,0,Pittsburgh Steelers,Las Vegas Raiders,35,3,-333,240,https://www.oddsportal.com/american-football/usa/nfl-2010-2011/pittsburgh-steelers-las-vegas-raiders-dlpA00JI/
21 Nov 2010,Regular,0,Tennessee Titans,Washington Commanders,16,19,-333,240,https://www.oddsportal.com/american-football/usa/nfl-2010-2011/tennessee-titans-washington-commanders-8OmEaKYO/
18 Nov 2010,Regular,0,Miami Dolphins,Chicago Bears,0,16,-146,110,https://www.oddsportal.com/american-football/usa/nfl-2010-2011/miami-dolphins-chicago-bears-dxE4OC58/
15 Nov 2010,Regular,0,Washington Commanders,Philadelphia Eagles,28,59,150,-200,https://www.oddsportal.com/american-football/usa/nfl-2010-2011/washington-commanders-philadelphia-eagles-0jYR0TS7/
14 Nov 2010,Regular,0,Pittsburgh Steelers,New England Patriots,26,39,-238,174,https://www.oddsportal.com/american-football/usa/nfl-2010-2011/pittsburgh-steelers-new-england-patriots-MaZN19D1/
14 Nov 2010,Regular,0,Arizona Cardinals,Seattle Seahawks,18,36,-224,166,https://www.oddsportal.com/american-football/usa/nfl-2010-2011/arizona-cardinals-seattle-seahawks-WAtB4BTr/
14 Nov 2010,Regular,0,New York Giants,Dallas Cowboys,20,33,-646,395,https://www.oddsportal.com/american-football/usa/nfl-2010-2011/new-york-giants-dallas-cowboys-QXuF3Vrk/
14 Nov 2010,Regular,0,San Francisco 49ers,Los Angeles Rams,23,20,-250,180,https://www.oddsportal.com/american-football/usa/nfl-2010-2011/san-francisco-49ers-los-angeles-rams-vypJ2kbe/
14 Nov 2010,Regular,0,Denver Broncos,Kansas City Chiefs,49,29,-114,-121,https://www.oddsportal.com/american-football/usa/nfl-2010-2011/denver-broncos-kansas-city-chiefs-QqWz9iLR/
14 Nov 2010,Regular,0,Buffalo Bills,Detroit Lions,14,12,-140,105,https://www.oddsportal.com/american-football/usa/nfl-2010-2011/buffalo-bills-detroit-lions-OMELkCEk/
14 Nov 2010,Regular,0,Chicago Bears,Minnesota Vikings,27,13,-100,-135,https://www.oddsportal.com/american-football/usa/nfl-2010-2011/chicago-bears-minnesota-vikings-hdJPlWTe/
14 Nov 2010,Regular,0,Cleveland Browns,New York Jets,20,26,145,-191,https://www.oddsportal.com/american-football/usa/nfl-2010-2011/cleveland-browns-new-york-jets-WnITmjq2/
14 Nov 2010,Regular,0,Indianapolis Colts,Cincinnati Bengals,23,17,-333,240,https://www.oddsportal.com/american-football/usa/nfl-2010-2011/indianapolis-colts-cincinnati-bengals-xAKKCZL2/
14 Nov 2010,Regular,0,Jacksonville Jaguars,Houston Texans,31,24,-129,-105,https://www.oddsportal.com/american-football/usa/nfl-2010-2011/jacksonville-jaguars-houston-texans-zewOBgy9/
14 Nov 2010,Regular,0,Miami Dolphins,Tennessee Titans,29,17,-118,-117,https://www.oddsportal.com/american-football/usa/nfl-2010-2011/miami-dolphins-tennessee-titans-UHxSADjF/
14 Nov 2010,Regular,0,Tampa Bay Buccaneers,Carolina Panthers,31,16,-333,240,https://www.oddsportal.com/american-football/usa/nfl-2010-2011/tampa-bay-buccaneers-carolina-panthers-88yW9X5L/
11 Nov 2010,Regular,0,Atlanta Falcons,Baltimore Ravens,26,21,-127,-109,https://www.oddsportal.com/american-football/usa/nfl-2010-2011/atlanta-falcons-baltimore-ravens-pWFHjhaq/
08 Nov 2010,Regular,0,Cincinnati Bengals,Pittsburgh Steelers,21,27,196,-287,https://www.oddsportal.com/american-football/usa/nfl-2010-2011/cincinnati-bengals-pittsburgh-steelers-vkwkeYjS/
07 Nov 2010,Regular,0,Green Bay Packers,Dallas Cowboys,45,7,-364,257,https://www.oddsportal.com/american-football/usa/nfl-2010-2011/green-bay-packers-dallas-cowboys-MTAxdEyM/
07 Nov 2010,Regular,0,Las Vegas Raiders,Kansas City Chiefs,23,20,-115,-122,https://www.oddsportal.com/american-football/usa/nfl-2010-2011/las-vegas-raiders-kansas-city-chiefs-lGCUcz79/
07 Nov 2010,Regular,0,Philadelphia Eagles,Indianapolis Colts,26,24,-185,139,https://www.oddsportal.com/american-football/usa/nfl-2010-2011/philadelphia-eagles-indianapolis-colts-S6BYdfMF/
07 Nov 2010,Regular,0,Seattle Seahawks,New York Giants,7,41,245,-339,https://www.oddsportal.com/american-football/usa/nfl-2010-2011/seattle-seahawks-new-york-giants-84eXbGi3/
07 Nov 2010,Regular,0,Atlanta Falcons,Tampa Bay Buccaneers,27,21,-500,341,https://www.oddsportal.com/american-football/usa/nfl-2010-2011/atlanta-falcons-tampa-bay-buccaneers-KAmspHxA/
07 Nov 2010,Regular,0,Baltimore Ravens,Miami Dolphins,26,10,-250,180,https://www.oddsportal.com/american-football/usa/nfl-2010-2011/baltimore-ravens-miami-dolphins-2ZxnqyhG/
07 Nov 2010,Regular,0,Buffalo Bills,Chicago Bears,19,22,122,-164,https://www.oddsportal.com/american-football/usa/nfl-2010-2011/buffalo-bills-chicago-bears-pr0bre7M/
07 Nov 2010,Regular,0,Carolina Panthers,New Orleans Saints,3,34,205,-282,https://www.oddsportal.com/american-football/usa/nfl-2010-2011/carolina-panthers-new-orleans-saints-EH42sFMS/
07 Nov 2010,Regular,0,Detroit Lions,New York Jets,20,23,192,-263,https://www.oddsportal.com/american-football/usa/nfl-2010-2011/detroit-lions-new-york-jets-bktZygpj/
07 Nov 2010,Regular,0,Houston Texans,Los Angeles Chargers,23,29,115,-151,https://www.oddsportal.com/american-football/usa/nfl-2010-2011/houston-texans-los-angeles-chargers-ChpwyDad/
07 Nov 2010,Regular,0,Minnesota Vikings,Arizona Cardinals,27,24,-371,269,https://www.oddsportal.com/american-football/usa/nfl-2010-2011/minnesota-vikings-arizona-cardinals-UDdTadxc/
01 Nov 2010,Regular,0,Indianapolis Colts,Houston Texans,30,17,-263,192,https://www.oddsportal.com/american-football/usa/nfl-2010-2011/indianapolis-colts-houston-texans-8zpwocN3/
31 Oct 2010,Regular,0,Arizona Cardinals,Tampa Bay Buccaneers,35,38,-178,133,https://www.oddsportal.com/american-football/usa/nfl-2010-2011/arizona-cardinals-tampa-bay-buccaneers-GduzPF0p/
31 Oct 2010,Regular,0,Las Vegas Raiders,Seattle Seahawks,33,3,-135,-100,https://www.oddsportal.com/american-football/usa/nfl-2010-2011/las-vegas-raiders-seattle-seahawks-zNoVnJhi/
31 Oct 2010,Regular,0,New England Patriots,Minnesota Vikings,28,18,-250,180,https://www.oddsportal.com/american-football/usa/nfl-2010-2011/new-england-patriots-minnesota-vikings-fmvvOZFj/
31 Oct 2010,Regular,0,Los Angeles Chargers,Tennessee Titans,33,25,-250,180,https://www.oddsportal.com/american-football/usa/nfl-2010-2011/los-angeles-chargers-tennessee-titans-bHh8TehT/
31 Oct 2010,Regular,0,Cincinnati Bengals,Miami Dolphins,14,22,-122,-115,https://www.oddsportal.com/american-football/usa/nfl-2010-2011/cincinnati-bengals-miami-dolphins-jmVWZu9o/
31 Oct 2010,Regular,0,Dallas Cowboys,Jacksonville Jaguars,17,35,-294,217,https://www.oddsportal.com/american-football/usa/nfl-2010-2011/dallas-cowboys-jacksonville-jaguars-4jZzZaOi/
31 Oct 2010,Regular,0,Detroit Lions,Washington Commanders,37,25,-158,119,https://www.oddsportal.com/american-football/usa/nfl-2010-2011/detroit-lions-washington-commanders-nFOuYJwb/
31 Oct 2010,Regular,0,Kansas City Chiefs,Buffalo Bills,13,10,-339,245,https://www.oddsportal.com/american-football/usa/nfl-2010-2011/kansas-city-chiefs-buffalo-bills-Q5NqXwg4/
31 Oct 2010,Regular,0,Los Angeles Rams,Carolina Panthers,20,10,-151,115,https://www.oddsportal.com/american-football/usa/nfl-2010-2011/los-angeles-rams-carolina-panthers-pEl4UywN/
31 Oct 2010,Regular,0,New York Jets,Green Bay Packers,0,9,-294,217,https://www.oddsportal.com/american-football/usa/nfl-2010-2011/new-york-jets-green-bay-packers-KtxmWc8A/
31 Oct 2010,Regular,0,San Francisco 49ers,Denver Broncos,24,16,-146,110,https://www.oddsportal.com/american-football/usa/nfl-2010-2011/san-francisco-49ers-denver-broncos-2kaaVHNG/
25 Oct 2010,Regular,0,Dallas Cowboys,New York Giants,35,41,-191,145,https://www.oddsportal.com/american-football/usa/nfl-2010-2011/dallas-cowboys-new-york-giants-YRItBdWp/
24 Oct 2010,Regular,0,Green Bay Packers,Minnesota Vikings,28,24,-151,115,https://www.oddsportal.com/american-football/usa/nfl-2010-2011/green-bay-packers-minnesota-vikings-d2eDSO1I/
24 Oct 2010,Regular,0,Denver Broncos,Las Vegas Raiders,14,59,-333,240,https://www.oddsportal.com/american-football/usa/nfl-2010-2011/denver-broncos-las-vegas-raiders-0z24UpX5/
24 Oct 2010,Regular,0,Los Angeles Chargers,New England Patriots,20,23,-135,-100,https://www.oddsportal.com/american-football/usa/nfl-2010-2011/los-angeles-chargers-new-england-patriots-vR08T4nC/
24 Oct 2010,Regular,0,Seattle Seahawks,Arizona Cardinals,22,10,-317,232,https://www.oddsportal.com/american-football/usa/nfl-2010-2011/seattle-seahawks-arizona-cardinals-6D20VQHa/
24 Oct 2010,Regular,0,Atlanta Falcons,Cincinnati Bengals,39,32,-213,156,https://www.oddsportal.com/american-football/usa/nfl-2010-2011/atlanta-falcons-cincinnati-bengals-tMNJI7m0/
24 Oct 2010,Regular,0,Baltimore Ravens,Buffalo Bills,37,34,-646,395,https://www.oddsportal.com/american-football/usa/nfl-2010-2011/baltimore-ravens-buffalo-bills-KCMNHR26/
24 Oct 2010,Regular,0,Carolina Panthers,San Francisco 49ers,23,20,105,-140,https://www.oddsportal.com/american-football/usa/nfl-2010-2011/carolina-panthers-san-francisco-49ers-EZLRGoIC/
24 Oct 2010,Regular,0,Chicago Bears,Washington Commanders,14,17,-164,122,https://www.oddsportal.com/american-football/usa/nfl-2010-2011/chicago-bears-washington-commanders-SxQVF5XI/
24 Oct 2010,Regular,0,Kansas City Chiefs,Jacksonville Jaguars,42,20,-455,300,https://www.oddsportal.com/american-football/usa/nfl-2010-2011/kansas-city-chiefs-jacksonville-jaguars-YaSMvkAJ/
24 Oct 2010,Regular,0,Miami Dolphins,Pittsburgh Steelers,22,23,120,-157,https://www.oddsportal.com/american-football/usa/nfl-2010-2011/miami-dolphins-pittsburgh-steelers-CjRQw9PP/
24 Oct 2010,Regular,0,New Orleans Saints,Cleveland Browns,17,30,-646,395,https://www.oddsportal.com/american-football/usa/nfl-2010-2011/new-orleans-saints-cleveland-browns-4rJhZSXt/
24 Oct 2010,Regular,0,Tampa Bay Buccaneers,Los Angeles Rams,18,17,-170,129,https://www.oddsportal.com/american-football/usa/nfl-2010-2011/tampa-bay-buccaneers-los-angeles-rams-rZHdYnmm/
24 Oct 2010,Regular,0,Tennessee Titans,Philadelphia Eagles,37,19,-164,124,https://www.oddsportal.com/american-football/usa/nfl-2010-2011/tennessee-titans-philadelphia-eagles-Qc71X62g/
18 Oct 2010,Regular,0,Jacksonville Jaguars,Tennessee Titans,3,30,120,-157,https://www.oddsportal.com/american-football/usa/nfl-2010-2011/jacksonville-jaguars-tennessee-titans-0A6MJmYg/
17 Oct 2010,Regular,0,Washington Commanders,Indianapolis Colts,24,27,139,-183,https://www.oddsportal.com/american-football/usa/nfl-2010-2011/washington-commanders-indianapolis-colts-I1qAKTIm/
17 Oct 2010,Regular,0,Minnesota Vikings,Dallas Cowboys,24,21,-135,-100,https://www.oddsportal.com/american-football/usa/nfl-2010-2011/minnesota-vikings-dallas-cowboys-Ovp6L93s/
17 Oct 2010,Regular,0,Denver Broncos,New York Jets,20,24,160,-211,https://www.oddsportal.com/american-football/usa/nfl-2010-2011/denver-broncos-new-york-jets-4f3ZQVuK/
17 Oct 2010,Regular,0,San Francisco 49ers,Las Vegas Raiders,17,9,-339,245,https://www.oddsportal.com/american-football/usa/nfl-2010-2011/san-francisco-49ers-las-vegas-raiders-nJhvQkeQ/
17 Oct 2010,Regular,0,Chicago Bears,Seattle Seahawks,20,23,-282,205,https://www.oddsportal.com/american-football/usa/nfl-2010-2011/chicago-bears-seattle-seahawks-IFxtDCBK/
17 Oct 2010,Regular,0,Green Bay Packers,Miami Dolphins,20,23,-175,125,https://www.oddsportal.com/american-football/usa/nfl-2010-2011/green-bay-packers-miami-dolphins-d6ypCWQQ/
17 Oct 2010,Regular,0,Houston Texans,Kansas City Chiefs,35,31,-235,172,https://www.oddsportal.com/american-football/usa/nfl-2010-2011/houston-texans-kansas-city-chiefs-x0JC7jZs/
17 Oct 2010,Regular,0,Los Angeles Rams,Los Angeles Chargers,20,17,295,-426,https://www.oddsportal.com/american-football/usa/nfl-2010-2011/los-angeles-rams-los-angeles-chargers-YVnu3SmD/
17 Oct 2010,Regular,0,New England Patriots,Baltimore Ravens,23,20,-146,110,https://www.oddsportal.com/american-football/usa/nfl-2010-2011/new-england-patriots-baltimore-ravens-K8tP6All/
17 Oct 2010,Regular,0,New York Giants,Detroit Lions,28,20,-646,395,https://www.oddsportal.com/american-football/usa/nfl-2010-2011/new-york-giants-detroit-lions-EVuT5U3f/
17 Oct 2010,Regular,0,Philadelphia Eagles,Atlanta Falcons,31,17,-131,-105,https://www.oddsportal.com/american-football/usa/nfl-2010-2011/philadelphia-eagles-atlanta-falcons-CGbW4lJ0/
17 Oct 2010,Regular,0,Pittsburgh Steelers,Cleveland Browns,28,10,-1000,546,https://www.oddsportal.com/american-football/usa/nfl-2010-2011/pittsburgh-steelers-cleveland-browns-fuly48Y6/
17 Oct 2010,Regular,0,Tampa Bay Buccaneers,New Orleans Saints,6,31,172,-235,https://www.oddsportal.com/american-football/usa/nfl-2010-2011/tampa-bay-buccaneers-new-orleans-saints-Q34VRBQD/
11 Oct 2010,Regular,0,New York Jets,Minnesota Vikings,29,20,-250,180,https://www.oddsportal.com/american-football/usa/nfl-2010-2011/new-york-jets-minnesota-vikings-OhwxEhdE/
10 Oct 2010,Regular,0,San Francisco 49ers,Philadelphia Eagles,24,27,-191,145,https://www.oddsportal.com/american-football/usa/nfl-2010-2011/san-francisco-49ers-philadelphia-eagles-AkZXEYt8/
10 Oct 2010,Regular,0,Dallas Cowboys,Tennessee Titans,27,34,-317,232,https://www.oddsportal.com/american-football/usa/nfl-2010-2011/dallas-cowboys-tennessee-titans-O8ou7MN1/
10 Oct 2010,Regular,0,Las Vegas Raiders,Los Angeles Chargers,35,27,240,-333,https://www.oddsportal.com/american-football/usa/nfl-2010-2011/las-vegas-raiders-los-angeles-chargers-2apq6tw8/
10 Oct 2010,Regular,0,Arizona Cardinals,New Orleans Saints,30,20,240,-333,https://www.oddsportal.com/american-football/usa/nfl-2010-2011/arizona-cardinals-new-orleans-saints-Grny828e/
10 Oct 2010,Regular,0,Baltimore Ravens,Denver Broncos,31,17,-400,282,https://www.oddsportal.com/american-football/usa/nfl-2010-2011/baltimore-ravens-denver-broncos-GEzsfqvd/
10 Oct 2010,Regular,0,Buffalo Bills,Jacksonville Jaguars,26,36,-141,105,https://www.oddsportal.com/american-football/usa/nfl-2010-2011/buffalo-bills-jacksonville-jaguars-Slvog3g2/
10 Oct 2010,Regular,0,Carolina Panthers,Chicago Bears,6,23,-126,-105,https://www.oddsportal.com/american-football/usa/nfl-2010-2011/carolina-panthers-chicago-bears-pAjyInW2/
10 Oct 2010,Regular,0,Cincinnati Bengals,Tampa Bay Buccaneers,21,24,-333,240,https://www.oddsportal.com/american-football/usa/nfl-2010-2011/cincinnati-bengals-tampa-bay-buccaneers-O0kuH6o9/
10 Oct 2010,Regular,0,Cleveland Browns,Atlanta Falcons,10,20,127,-171,https://www.oddsportal.com/american-football/usa/nfl-2010-2011/cleveland-browns-atlanta-falcons-txppGQ0F/
10 Oct 2010,Regular,0,Detroit Lions,Los Angeles Rams,44,6,-164,124,https://www.oddsportal.com/american-football/usa/nfl-2010-2011/detroit-lions-los-angeles-rams-KSrlFpGL/
10 Oct 2010,Regular,0,Houston Texans,New York Giants,10,34,-183,139,https://www.oddsportal.com/american-football/usa/nfl-2010-2011/houston-texans-new-york-giants-EkrhE4VR/
10 Oct 2010,Regular,0,Indianapolis Colts,Kansas City Chiefs,19,9,-426,295,https://www.oddsportal.com/american-football/usa/nfl-2010-2011/indianapolis-colts-kansas-city-chiefs-fTcS9Owq/
10 Oct 2010,Regular,0,Washington Commanders,Green Bay Packers,16,13,115,-152,https://www.oddsportal.com/american-football/usa/nfl-2010-2011/washington-commanders-green-bay-packers-xhmX8rgk/
04 Oct 2010,Regular,0,Miami Dolphins,New England Patriots,14,41,-114,-114,https://www.oddsportal.com/american-football/usa/nfl-2010-2011/miami-dolphins-new-england-patriots-YkoxePOk/
03 Oct 2010,Regular,0,New York Giants,Chicago Bears,17,3,-187,137,https://www.oddsportal.com/american-football/usa/nfl-2010-2011/new-york-giants-chicago-bears-fanYe59q/
03 Oct 2010,Regular,0,Los Angeles Chargers,Arizona Cardinals,41,10,-500,341,https://www.oddsportal.com/american-football/usa/nfl-2010-2011/los-angeles-chargers-arizona-cardinals-SjJ4DXvH/
03 Oct 2010,Regular,0,Philadelphia Eagles,Washington Commanders,12,17,-263,192,https://www.oddsportal.com/american-football/usa/nfl-2010-2011/philadelphia-eagles-washington-commanders-prdhEDPA/
03 Oct 2010,Regular,0,Jacksonville Jaguars,Indianapolis Colts,31,28,282,-400,https://www.oddsportal.com/american-football/usa/nfl-2010-2011/jacksonville-jaguars-indianapolis-colts-lG2qGZfb/
03 Oct 2010,Regular,0,Las Vegas Raiders,Houston Texans,24,31,145,-191,https://www.oddsportal.com/american-football/usa/nfl-2010-2011/las-vegas-raiders-houston-texans-2J6mFgA4/
03 Oct 2010,Regular,0,Atlanta Falcons,San Francisco 49ers,16,14,-294,217,https://www.oddsportal.com/american-football/usa/nfl-2010-2011/atlanta-falcons-san-francisco-49ers-QDkF2zt5/
03 Oct 2010,Regular,0,Buffalo Bills,New York Jets,14,38,204,-275,https://www.oddsportal.com/american-football/usa/nfl-2010-2011/buffalo-bills-new-york-jets-8MCR1feB/
03 Oct 2010,Regular,0,Cleveland Browns,Cincinnati Bengals,23,20,115,-146,https://www.oddsportal.com/american-football/usa/nfl-2010-2011/cleveland-browns-cincinnati-bengals-jo2W0EAH/
03 Oct 2010,Regular,0,Green Bay Packers,Detroit Lions,28,26,-1000,574,https://www.oddsportal.com/american-football/usa/nfl-2010-2011/green-bay-packers-detroit-lions-4l6z0YPN/
03 Oct 2010,Regular,0,Los Angeles Rams,Seattle Seahawks,20,3,105,-134,https://www.oddsportal.com/american-football/usa/nfl-2010-2011/los-angeles-rams-seattle-seahawks-G24yIeQo/
03 Oct 2010,Regular,0,New Orleans Saints,Carolina Panthers,16,14,-801,474,https://www.oddsportal.com/american-football/usa/nfl-2010-2011/new-orleans-saints-carolina-panthers-bB5vahuU/
03 Oct 2010,Regular,0,Pittsburgh Steelers,Baltimore Ravens,14,17,-157,122,https://www.oddsportal.com/american-football/usa/nfl-2010-2011/pittsburgh-steelers-baltimore-ravens-0Ki6fCmo/
03 Oct 2010,Regular,0,Tennessee Titans,Denver Broncos,20,26,-294,217,https://www.oddsportal.com/american-football/usa/nfl-2010-2011/tennessee-titans-denver-broncos-fg3uHFuh/
27 Sep 2010,Regular,0,Chicago Bears,Green Bay Packers,20,17,124,-164,https://www.oddsportal.com/american-football/usa/nfl-2010-2011/chicago-bears-green-bay-packers-dvoB3GQb/
26 Sep 2010,Regular,0,Miami Dolphins,New York Jets,23,31,-135,-100,https://www.oddsportal.com/american-football/usa/nfl-2010-2011/miami-dolphins-new-york-jets-Imn74dBh/
26 Sep 2010,Regular,0,Arizona Cardinals,Las Vegas Raiders,24,23,-250,180,https://www.oddsportal.com/american-football/usa/nfl-2010-2011/arizona-cardinals-las-vegas-raiders-rBgpoZAU/
26 Sep 2010,Regular,0,Denver Broncos,Indianapolis Colts,13,27,192,-263,https://www.oddsportal.com/american-football/usa/nfl-2010-2011/denver-broncos-indianapolis-colts-Olgb6Itt/
26 Sep 2010,Regular,0,Seattle Seahawks,Los Angeles Chargers,27,20,166,-224,https://www.oddsportal.com/american-football/usa/nfl-2010-2011/seattle-seahawks-los-angeles-chargers-zPd25xdn/
26 Sep 2010,Regular,0,Jacksonville Jaguars,Philadelphia Eagles,3,28,115,-151,https://www.oddsportal.com/american-football/usa/nfl-2010-2011/jacksonville-jaguars-philadelphia-eagles-nq0ymetI/
26 Sep 2010,Regular,0,Los Angeles Rams,Washington Commanders,30,16,180,-250,https://www.oddsportal.com/american-football/usa/nfl-2010-2011/los-angeles-rams-washington-commanders-4KftnFeO/
26 Sep 2010,Regular,0,Baltimore Ravens,Cleveland Browns,24,17,-741,424,https://www.oddsportal.com/american-football/usa/nfl-2010-2011/baltimore-ravens-cleveland-browns-6egsZyCI/
26 Sep 2010,Regular,0,Carolina Panthers,Cincinnati Bengals,7,20,139,-185,https://www.oddsportal.com/american-football/usa/nfl-2010-2011/carolina-panthers-cincinnati-bengals-KbcoYeRO/
26 Sep 2010,Regular,0,Houston Texans,Dallas Cowboys,13,27,-146,110,https://www.oddsportal.com/american-football/usa/nfl-2010-2011/houston-texans-dallas-cowboys-QLaxcu4P/
26 Sep 2010,Regular,0,Kansas City Chiefs,San Francisco 49ers,31,10,110,-146,https://www.oddsportal.com/american-football/usa/nfl-2010-2011/kansas-city-chiefs-san-francisco-49ers-SUo4haCt/
26 Sep 2010,Regular,0,Minnesota Vikings,Detroit Lions,24,10,-588,374,https://www.oddsportal.com/american-football/usa/nfl-2010-2011/minnesota-vikings-detroit-lions-zeo8iJRn/
26 Sep 2010,Regular,0,New England Patriots,Buffalo Bills,38,30,-1000,574,https://www.oddsportal.com/american-football/usa/nfl-2010-2011/new-england-patriots-buffalo-bills-EopCjwsg/
26 Sep 2010,Regular,0,New Orleans Saints,Atlanta Falcons,24,27,-187,137,https://www.oddsportal.com/american-football/usa/nfl-2010-2011/new-orleans-saints-atlanta-falcons-dAZGkcda/
26 Sep 2010,Regular,0,New York Giants,Tennessee Titans,10,29,-171,127,https://www.oddsportal.com/american-football/usa/nfl-2010-2011/new-york-giants-tennessee-titans-EV1TlHB5/
26 Sep 2010,Regular,0,Tampa Bay Buccaneers,Pittsburgh Steelers,13,38,115,-152,https://www.oddsportal.com/american-football/usa/nfl-2010-2011/tampa-bay-buccaneers-pittsburgh-steelers-8h1XmyRB/
20 Sep 2010,Regular,0,San Francisco 49ers,New Orleans Saints,22,25,180,-250,https://www.oddsportal.com/american-football/usa/nfl-2010-2011/san-francisco-49ers-new-orleans-saints-CYgwzIdC/
19 Sep 2010,Regular,0,Indianapolis Colts,New York Giants,38,14,-250,180,https://www.oddsportal.com/american-football/usa/nfl-2010-2011/indianapolis-colts-new-york-giants-YseZzbs6/
19 Sep 2010,Regular,0,Los Angeles Chargers,Jacksonville Jaguars,38,13,-333,240,https://www.oddsportal.com/american-football/usa/nfl-2010-2011/los-angeles-chargers-jacksonville-jaguars-YcwIxKCg/
19 Sep 2010,Regular,0,New York Jets,New England Patriots,28,14,132,-178,https://www.oddsportal.com/american-football/usa/nfl-2010-2011/new-york-jets-new-england-patriots-vyvEw0cm/
19 Sep 2010,Regular,0,Washington Commanders,Houston Texans,27,30,110,-146,https://www.oddsportal.com/american-football/usa/nfl-2010-2011/washington-commanders-houston-texans-G60UyvSa/
19 Sep 2010,Regular,0,Denver Broncos,Seattle Seahawks,31,14,-191,145,https://www.oddsportal.com/american-football/usa/nfl-2010-2011/denver-broncos-seattle-seahawks-z9rrqMZP/
19 Sep 2010,Regular,0,Las Vegas Raiders,Los Angeles Rams,16,14,-185,139,https://www.oddsportal.com/american-football/usa/nfl-2010-2011/las-vegas-raiders-los-angeles-rams-tjLAvtrs/
19 Sep 2010,Regular,0,Atlanta Falcons,Arizona Cardinals,41,7,-317,232,https://www.oddsportal.com/american-football/usa/nfl-2010-2011/atlanta-falcons-arizona-cardinals-zLYgrkqF/
19 Sep 2010,Regular,0,Carolina Panthers,Tampa Bay Buccaneers,7,20,-213,156,https://www.oddsportal.com/american-football/usa/nfl-2010-2011/carolina-panthers-tampa-bay-buccaneers-CpdNQMDs/
19 Sep 2010,Regular,0,Cincinnati Bengals,Baltimore Ravens,15,10,115,-152,https://www.oddsportal.com/american-football/usa/nfl-2010-2011/cincinnati-bengals-baltimore-ravens-hdDKPtTm/
19 Sep 2010,Regular,0,Cleveland Browns,Kansas City Chiefs,14,16,-185,139,https://www.oddsportal.com/american-football/usa/nfl-2010-2011/cleveland-browns-kansas-city-chiefs-z5zXO0rf/
19 Sep 2010,Regular,0,Dallas Cowboys,Chicago Bears,20,27,-339,245,https://www.oddsportal.com/american-football/usa/nfl-2010-2011/dallas-cowboys-chicago-bears-URZzOKc0/
19 Sep 2010,Regular,0,Detroit Lions,Philadelphia Eagles,32,35,217,-294,https://www.oddsportal.com/american-football/usa/nfl-2010-2011/detroit-lions-philadelphia-eagles-rVwuNvD6/
19 Sep 2010,Regular,0,Green Bay Packers,Buffalo Bills,34,7,-646,395,https://www.oddsportal.com/american-football/usa/nfl-2010-2011/green-bay-packers-buffalo-bills-QgTqMbSC/
19 Sep 2010,Regular,0,Minnesota Vikings,Miami Dolphins,10,14,-250,180,https://www.oddsportal.com/american-football/usa/nfl-2010-2011/minnesota-vikings-miami-dolphins-4pSmLIsJ/
19 Sep 2010,Regular,0,Tennessee Titans,Pittsburgh Steelers,11,19,-263,192,https://www.oddsportal.com/american-football/usa/nfl-2010-2011/tennessee-titans-pittsburgh-steelers-dIqvp2KJ/
13 Sep 2010,Regular,0,Kansas City Chiefs,Los Angeles Chargers,21,14,166,-224,https://www.oddsportal.com/american-football/usa/nfl-2010-2011/kansas-city-chiefs-los-angeles-chargers-tbZkqVT8/
13 Sep 2010,Regular,0,New York Jets,Baltimore Ravens,9,10,-131,-105,https://www.oddsportal.com/american-football/usa/nfl-2010-2011/new-york-jets-baltimore-ravens-SfVopBE2/
12 Sep 2010,Regular,0,Washington Commanders,Dallas Cowboys,13,7,160,-211,https://www.oddsportal.com/american-football/usa/nfl-2010-2011/washington-commanders-dallas-cowboys-MXSfLRy2/
12 Sep 2010,Regular,0,Los Angeles Rams,Arizona Cardinals,13,17,137,-187,https://www.oddsportal.com/american-football/usa/nfl-2010-2011/los-angeles-rams-arizona-cardinals-rsUjM7Me/
12 Sep 2010,Regular,0,Philadelphia Eagles,Green Bay Packers,20,27,120,-157,https://www.oddsportal.com/american-football/usa/nfl-2010-2011/philadelphia-eagles-green-bay-packers-zHQrOTiq/
12 Sep 2010,Regular,0,Seattle Seahawks,San Francisco 49ers,31,6,133,-178,https://www.oddsportal.com/american-football/usa/nfl-2010-2011/seattle-seahawks-san-francisco-49ers-E7PnNm7k/
12 Sep 2010,Regular,0,Buffalo Bills,Miami Dolphins,10,15,139,-185,https://www.oddsportal.com/american-football/usa/nfl-2010-2011/buffalo-bills-miami-dolphins-6ie1BANq/
12 Sep 2010,Regular,0,Chicago Bears,Detroit Lions,19,14,-294,217,https://www.oddsportal.com/american-football/usa/nfl-2010-2011/chicago-bears-detroit-lions-lGp6AUxj/
12 Sep 2010,Regular,0,Houston Texans,Indianapolis Colts,34,24,-100,-135,https://www.oddsportal.com/american-football/usa/nfl-2010-2011/houston-texans-indianapolis-colts-2JlA9lhd/
12 Sep 2010,Regular,0,Jacksonville Jaguars,Denver Broncos,24,17,-191,145,https://www.oddsportal.com/american-football/usa/nfl-2010-2011/jacksonville-jaguars-denver-broncos-Kv10YXUd/
12 Sep 2010,Regular,0,New England Patriots,Cincinnati Bengals,38,24,-250,180,https://www.oddsportal.com/american-football/usa/nfl-2010-2011/new-england-patriots-cincinnati-bengals-bVa4Xip3/
12 Sep 2010,Regular,0,New York Giants,Carolina Panthers,31,18,-282,205,https://www.oddsportal.com/american-football/usa/nfl-2010-2011/new-york-giants-carolina-panthers-G6f9WBa9/
12 Sep 2010,Regular,0,Pittsburgh Steelers,Atlanta Falcons,15,9,-100,-135,https://www.oddsportal.com/american-football/usa/nfl-2010-2011/pittsburgh-steelers-atlanta-falcons-fcgDVVEF/
12 Sep 2010,Regular,0,Tampa Bay Buccaneers,Cleveland Browns,17,14,-151,115,https://www.oddsportal.com/american-football/usa/nfl-2010-2011/tampa-bay-buccaneers-cleveland-browns-lKhHUkUL/
12 Sep 2010,Regular,0,Tennessee Titans,Las Vegas Raiders,38,13,-282,205,https://www.oddsportal.com/american-football/usa/nfl-2010-2011/tennessee-titans-las-vegas-raiders-UZmGS9qS/
09 Sep 2010,Regular,0,New Orleans Saints,Minnesota Vikings,14,9,-267,191,https://www.oddsportal.com/american-football/usa/nfl-2010-2011/new-orleans-saints-minnesota-vikings-4r9ZFjFS/
02 Sep 2010,Pre-season,0,Arizona Cardinals,Washington Commanders,20,10,,,https://www.oddsportal.com/american-football/usa/nfl-2010-2011/arizona-cardinals-washington-commanders-hY6Dpail/
02 Sep 2010,Pre-season,0,Cleveland Browns,Chicago Bears,13,10,,,https://www.oddsportal.com/american-football/usa/nfl-2010-2011/cleveland-browns-chicago-bears-dvJLrnGq/
02 Sep 2010,Pre-season,0,Dallas Cowboys,Miami Dolphins,27,25,,,https://www.oddsportal.com/american-football/usa/nfl-2010-2011/dallas-cowboys-miami-dolphins-8bOK59Nd/
02 Sep 2010,Pre-season,0,Houston Texans,Tampa Bay Buccaneers,17,24,,,https://www.oddsportal.com/american-football/usa/nfl-2010-2011/houston-texans-tampa-bay-buccaneers-4QHT3mh9/
02 Sep 2010,Pre-season,0,Kansas City Chiefs,Green Bay Packers,17,13,,,https://www.oddsportal.com/american-football/usa/nfl-2010-2011/kansas-city-chiefs-green-bay-packers-jwCUtQpd/
02 Sep 2010,Pre-season,0,Los Angeles Rams,Baltimore Ravens,27,21,,,https://www.oddsportal.com/american-football/usa/nfl-2010-2011/los-angeles-rams-baltimore-ravens-fVWgmS7S/
02 Sep 2010,Pre-season,0,Minnesota Vikings,Denver Broncos,31,24,,,https://www.oddsportal.com/american-football/usa/nfl-2010-2011/minnesota-vikings-denver-broncos-v38Qs6Vk/
02 Sep 2010,Pre-season,0,Tennessee Titans,New Orleans Saints,27,24,,,https://www.oddsportal.com/american-football/usa/nfl-2010-2011/tennessee-titans-new-orleans-saints-nkNO4Tx3/
02 Sep 2010,Pre-season,0,Jacksonville Jaguars,Atlanta Falcons,13,9,,,https://www.oddsportal.com/american-football/usa/nfl-2010-2011/jacksonville-jaguars-atlanta-falcons-0OFYkUN9/
02 Sep 2010,Pre-season,0,Philadelphia Eagles,New York Jets,17,21,,,https://www.oddsportal.com/american-football/usa/nfl-2010-2011/philadelphia-eagles-new-york-jets-QeSkl8hM/
02 Sep 2010,Pre-season,0,Pittsburgh Steelers,Carolina Panthers,19,3,,,https://www.oddsportal.com/american-football/usa/nfl-2010-2011/pittsburgh-steelers-carolina-panthers-rm5wklwG/
02 Sep 2010,Pre-season,0,Indianapolis Colts,Cincinnati Bengals,28,30,,,https://www.oddsportal.com/american-football/usa/nfl-2010-2011/indianapolis-colts-cincinnati-bengals-hbCQijgc/
02 Sep 2010,Pre-season,0,New York Giants,New England Patriots,20,17,,,https://www.oddsportal.com/american-football/usa/nfl-2010-2011/new-york-giants-new-england-patriots-nLBUjA83/
02 Sep 2010,Pre-season,0,Detroit Lions,Buffalo Bills,28,23,,,https://www.oddsportal.com/american-football/usa/nfl-2010-2011/detroit-lions-buffalo-bills-E7DMhWwi/
29 Aug 2010,Pre-season,0,Denver Broncos,Pittsburgh Steelers,34,17,,,https://www.oddsportal.com/american-football/usa/nfl-2010-2011/denver-broncos-pittsburgh-steelers-r7Thovzi/
28 Aug 2010,Pre-season,0,Las Vegas Raiders,San Francisco 49ers,24,28,,,https://www.oddsportal.com/american-football/usa/nfl-2010-2011/las-vegas-raiders-san-francisco-49ers-4GUlnKKp/
28 Aug 2010,Pre-season,0,Chicago Bears,Arizona Cardinals,9,14,,,https://www.oddsportal.com/american-football/usa/nfl-2010-2011/chicago-bears-arizona-cardinals-nyrNj0CT/
28 Aug 2010,Pre-season,0,Carolina Panthers,Tennessee Titans,15,7,,,https://www.oddsportal.com/american-football/usa/nfl-2010-2011/carolina-panthers-tennessee-titans-YXwJitcN/
28 Aug 2010,Pre-season,0,Houston Texans,Dallas Cowboys,23,7,,,https://www.oddsportal.com/american-football/usa/nfl-2010-2011/houston-texans-dallas-cowboys-80R1g2SA/
28 Aug 2010,Pre-season,0,Minnesota Vikings,Seattle Seahawks,24,13,,,https://www.oddsportal.com/american-football/usa/nfl-2010-2011/minnesota-vikings-seattle-seahawks-j9lEhMsH/
28 Aug 2010,Pre-season,0,Baltimore Ravens,New York Giants,24,10,,,https://www.oddsportal.com/american-football/usa/nfl-2010-2011/baltimore-ravens-new-york-giants-vRMcfrD4/
28 Aug 2010,Pre-season,0,Tampa Bay Buccaneers,Jacksonville Jaguars,13,19,,,https://www.oddsportal.com/american-football/usa/nfl-2010-2011/tampa-bay-buccaneers-jacksonville-jaguars-0zOgeOcb/
28 Aug 2010,Pre-season,0,Buffalo Bills,Cincinnati Bengals,35,20,,,https://www.oddsportal.com/american-football/usa/nfl-2010-2011/buffalo-bills-cincinnati-bengals-IBYld4rh/
28 Aug 2010,Pre-season,0,Detroit Lions,Cleveland Browns,35,27,,,https://www.oddsportal.com/american-football/usa/nfl-2010-2011/detroit-lions-cleveland-browns-KQFocpTo/
27 Aug 2010,Pre-season,0,Kansas City Chiefs,Philadelphia Eagles,17,20,,,https://www.oddsportal.com/american-football/usa/nfl-2010-2011/kansas-city-chiefs-philadelphia-eagles-253eY0jo/
27 Aug 2010,Pre-season,0,New Orleans Saints,Los Angeles Chargers,36,21,,,https://www.oddsportal.com/american-football/usa/nfl-2010-2011/new-orleans-saints-los-angeles-chargers-0dHTxsrU/
27 Aug 2010,Pre-season,0,Miami Dolphins,Atlanta Falcons,6,16,,,https://www.oddsportal.com/american-football/usa/nfl-2010-2011/miami-dolphins-atlanta-falcons-4UNKv3DH/
27 Aug 2010,Pre-season,0,New York Jets,Washington Commanders,11,16,,,https://www.oddsportal.com/american-football/usa/nfl-2010-2011/new-york-jets-washington-commanders-rLMOwNSN/
26 Aug 2010,Pre-season,0,Green Bay Packers,Indianapolis Colts,59,24,,,https://www.oddsportal.com/american-football/usa/nfl-2010-2011/green-bay-packers-indianapolis-colts-A7OGuqbB/
26 Aug 2010,Pre-season,0,New England Patriots,Los Angeles Rams,35,36,,,https://www.oddsportal.com/american-football/usa/nfl-2010-2011/new-england-patriots-los-angeles-rams-hnd4tPr5/
23 Aug 2010,Pre-season,0,Tennessee Titans,Arizona Cardinals,24,10,,,https://www.oddsportal.com/american-football/usa/nfl-2010-2011/tennessee-titans-arizona-cardinals-AN6as5Tb/
22 Aug 2010,Pre-season,0,San Francisco 49ers,Minnesota Vikings,15,10,,,https://www.oddsportal.com/american-football/usa/nfl-2010-2011/san-francisco-49ers-minnesota-vikings-WW7eroEh/
21 Aug 2010,Pre-season,0,Seattle Seahawks,Green Bay Packers,24,27,,,https://www.oddsportal.com/american-football/usa/nfl-2010-2011/seattle-seahawks-green-bay-packers-O68iqRbn/
21 Aug 2010,Pre-season,0,Los Angeles Chargers,Dallas Cowboys,14,16,,,https://www.oddsportal.com/american-football/usa/nfl-2010-2011/los-angeles-chargers-dallas-cowboys-GzKYONDU/
21 Aug 2010,Pre-season,0,Denver Broncos,Detroit Lions,20,25,,,https://www.oddsportal.com/american-football/usa/nfl-2010-2011/denver-broncos-detroit-lions-pG9mp7qt/
21 Aug 2010,Pre-season,0,Chicago Bears,Las Vegas Raiders,17,32,,,https://www.oddsportal.com/american-football/usa/nfl-2010-2011/chicago-bears-las-vegas-raiders-2XFUP3bO/
21 Aug 2010,Pre-season,0,Carolina Panthers,New York Jets,3,9,,,https://www.oddsportal.com/american-football/usa/nfl-2010-2011/carolina-panthers-new-york-jets-8AGQQqqI/
21 Aug 2010,Pre-season,0,New Orleans Saints,Houston Texans,38,20,,,https://www.oddsportal.com/american-football/usa/nfl-2010-2011/new-orleans-saints-houston-texans-UJHMRPTB/
21 Aug 2010,Pre-season,0,Cleveland Browns,Los Angeles Rams,17,19,,,https://www.oddsportal.com/american-football/usa/nfl-2010-2011/cleveland-browns-los-angeles-rams-UZa5Toaa/
21 Aug 2010,Pre-season,0,Jacksonville Jaguars,Miami Dolphins,26,27,,,https://www.oddsportal.com/american-football/usa/nfl-2010-2011/jacksonville-jaguars-miami-dolphins-CrNHS5E5/
21 Aug 2010,Pre-season,0,Tampa Bay Buccaneers,Kansas City Chiefs,20,15,,,https://www.oddsportal.com/american-football/usa/nfl-2010-2011/tampa-bay-buccaneers-kansas-city-chiefs-zD01URqg/
21 Aug 2010,Pre-season,0,New York Giants,Pittsburgh Steelers,17,24,,,https://www.oddsportal.com/american-football/usa/nfl-2010-2011/new-york-giants-pittsburgh-steelers-OxccV7Un/
21 Aug 2010,Pre-season,0,Washington Commanders,Baltimore Ravens,3,23,,,https://www.oddsportal.com/american-football/usa/nfl-2010-2011/washington-commanders-baltimore-ravens-tE7hWmFt/
20 Aug 2010,Pre-season,0,Cincinnati Bengals,Philadelphia Eagles,22,9,,,https://www.oddsportal.com/american-football/usa/nfl-2010-2011/cincinnati-bengals-philadelphia-eagles-4lpPmGpE/
19 Aug 2010,Pre-season,0,Atlanta Falcons,New England Patriots,10,28,,,https://www.oddsportal.com/american-football/usa/nfl-2010-2011/atlanta-falcons-new-england-patriots-CGSYOW7D/
19 Aug 2010,Pre-season,0,Buffalo Bills,Indianapolis Colts,34,21,,,https://www.oddsportal.com/american-football/usa/nfl-2010-2011/buffalo-bills-indianapolis-colts-YPTUPCh7/
16 Aug 2010,Pre-season,0,New York Jets,New York Giants,16,31,,,https://www.oddsportal.com/american-football/usa/nfl-2010-2011/new-york-jets-new-york-giants-j1vQQhw1/
15 Aug 2010,Pre-season,0,Cincinnati Bengals,Denver Broncos,33,24,,,https://www.oddsportal.com/american-football/usa/nfl-2010-2011/cincinnati-bengals-denver-broncos-xbzMRYNf/
15 Aug 2010,Pre-season,0,Indianapolis Colts,San Francisco 49ers,17,37,,,https://www.oddsportal.com/american-football/usa/nfl-2010-2011/indianapolis-colts-san-francisco-49ers-ryyISE8l/
14 Aug 2010,Pre-season,0,Seattle Seahawks,Tennessee Titans,20,18,,,https://www.oddsportal.com/american-football/usa/nfl-2010-2011/seattle-seahawks-tennessee-titans-0SD5Tfgr/
14 Aug 2010,Pre-season,0,Los Angeles Chargers,Chicago Bears,25,10,,,https://www.oddsportal.com/american-football/usa/nfl-2010-2011/los-angeles-chargers-chicago-bears-AmfoYzoR/
14 Aug 2010,Pre-season,0,Arizona Cardinals,Houston Texans,19,16,,,https://www.oddsportal.com/american-football/usa/nfl-2010-2011/arizona-cardinals-houston-texans-xzdwzcGE/
14 Aug 2010,Pre-season,0,Green Bay Packers,Cleveland Browns,24,27,,,https://www.oddsportal.com/american-football/usa/nfl-2010-2011/green-bay-packers-cleveland-browns-OWiZzw18/
14 Aug 2010,Pre-season,0,Los Angeles Rams,Minnesota Vikings,7,28,,,https://www.oddsportal.com/american-football/usa/nfl-2010-2011/los-angeles-rams-minnesota-vikings-WdesZGVK/
14 Aug 2010,Pre-season,0,Pittsburgh Steelers,Detroit Lions,23,7,,,https://www.oddsportal.com/american-football/usa/nfl-2010-2011/pittsburgh-steelers-detroit-lions-I9krCgO7/
14 Aug 2010,Pre-season,0,Miami Dolphins,Tampa Bay Buccaneers,10,7,,,https://www.oddsportal.com/american-football/usa/nfl-2010-2011/miami-dolphins-tampa-bay-buccaneers-vJjvDZ81/
13 Aug 2010,Pre-season,0,Atlanta Falcons,Kansas City Chiefs,20,10,,,https://www.oddsportal.com/american-football/usa/nfl-2010-2011/atlanta-falcons-kansas-city-chiefs-AqnzEFge/
13 Aug 2010,Pre-season,0,Philadelphia Eagles,Jacksonville Jaguars,28,27,,,https://www.oddsportal.com/american-football/usa/nfl-2010-2011/philadelphia-eagles-jacksonville-jaguars-WhmWEevk/
13 Aug 2010,Pre-season,0,Washington Commanders,Buffalo Bills,42,17,,,https://www.oddsportal.com/american-football/usa/nfl-2010-2011/washington-commanders-buffalo-bills-lUcRFyPr/
12 Aug 2010,Pre-season,0,Dallas Cowboys,Las Vegas Raiders,9,17,,,https://www.oddsportal.com/american-football/usa/nfl-2010-2011/dallas-cowboys-las-vegas-raiders-pdF4LHGR/
12 Aug 2010,Pre-season,0,Baltimore Ravens,Carolina Panthers,17,12,,,https://www.oddsportal.com/american-football/usa/nfl-2010-2011/baltimore-ravens-carolina-panthers-jZF0Mc1L/
12 Aug 2010,Pre-season,0,New England Patriots,New Orleans Saints,27,24,,,https://www.oddsportal.com/american-football/usa/nfl-2010-2011/new-england-patriots-new-orleans-saints-CrHdNwnF/
08 Aug 2010,Pre-season,0,Dallas Cowboys,Cincinnati Bengals,16,7,,,https://www.oddsportal.com/american-football/usa/nfl-2010-2011/dallas-cowboys-cincinnati-bengals-f7MiOJW8/
07 Feb 2010,Play Offs,0,Indianapolis Colts,New Orleans Saints,17,31,,,https://www.oddsportal.com/american-football/usa/nfl-2009-2010/indianapolis-colts-new-orleans-saints-IHLGM6OS/
31 Jan 2010,Regular,0,NFC,AFC,34,41,-141,105,https://www.oddsportal.com/american-football/usa/nfl-2009-2010/nfc-afc-KKhBc1pp/
24 Jan 2010,Play Offs,0,New Orleans Saints,Minnesota Vikings,31,28,,,https://www.oddsportal.com/american-football/usa/nfl-2009-2010/new-orleans-saints-minnesota-vikings-SAqmp2bk/
24 Jan 2010,Play Offs,0,Indianapolis Colts,New York Jets,30,17,,,https://www.oddsportal.com/american-football/usa/nfl-2009-2010/indianapolis-colts-new-york-jets-E7uqorqq/
17 Jan 2010,Play Offs,0,Los Angeles Chargers,New York Jets,14,17,,,https://www.oddsportal.com/american-football/usa/nfl-2009-2010/los-angeles-chargers-new-york-jets-pS1q2sxT/
17 Jan 2010,Play Offs,0,Minnesota Vikings,Dallas Cowboys,34,3,,,https://www.oddsportal.com/american-football/usa/nfl-2009-2010/minnesota-vikings-dallas-cowboys-hWuamdl6/
16 Jan 2010,Play Offs,0,Indianapolis Colts,Baltimore Ravens,20,3,,,https://www.oddsportal.com/american-football/usa/nfl-2009-2010/indianapolis-colts-baltimore-ravens-23Cv3NMM/
16 Jan 2010,Play Offs,0,New Orleans Saints,Arizona Cardinals,45,14,,,https://www.oddsportal.com/american-football/usa/nfl-2009-2010/new-orleans-saints-arizona-cardinals-KfkS337G/
10 Jan 2010,Play Offs,0,Arizona Cardinals,Green Bay Packers,51,45,,,https://www.oddsportal.com/american-football/usa/nfl-2009-2010/arizona-cardinals-green-bay-packers-buqB5QmO/
10 Jan 2010,Play Offs,0,New England Patriots,Baltimore Ravens,14,33,,,https://www.oddsportal.com/american-football/usa/nfl-2009-2010/new-england-patriots-baltimore-ravens-GGg666YH/
09 Jan 2010,Play Offs,0,Dallas Cowboys,Philadelphia Eagles,34,14,,,https://www.oddsportal.com/american-football/usa/nfl-2009-2010/dallas-cowboys-philadelphia-eagles-2Dk27nJB/
09 Jan 2010,Play Offs,0,Cincinnati Bengals,New York Jets,14,24,,,https://www.oddsportal.com/american-football/usa/nfl-2009-2010/cincinnati-bengals-new-york-jets-8jjb8S35/
03 Jan 2010,Regular,0,New York Jets,Cincinnati Bengals,37,0,-500,341,https://www.oddsportal.com/american-football/usa/nfl-2009-2010/new-york-jets-cincinnati-bengals-xEYpsgTs/
03 Jan 2010,Regular,0,Arizona Cardinals,Green Bay Packers,7,33,-187,137,https://www.oddsportal.com/american-football/usa/nfl-2009-2010/arizona-cardinals-green-bay-packers-nmz5ahkQ/
03 Jan 2010,Regular,0,Dallas Cowboys,Philadelphia Eagles,24,0,-178,132,https://www.oddsportal.com/american-football/usa/nfl-2009-2010/dallas-cowboys-philadelphia-eagles-xbj2uXcf/
03 Jan 2010,Regular,0,Denver Broncos,Kansas City Chiefs,24,44,-500,341,https://www.oddsportal.com/american-football/usa/nfl-2009-2010/denver-broncos-kansas-city-chiefs-YqW00YZJ/
03 Jan 2010,Regular,0,Las Vegas Raiders,Baltimore Ravens,13,21,395,-646,https://www.oddsportal.com/american-football/usa/nfl-2009-2010/las-vegas-raiders-baltimore-ravens-GOJAykcJ/
03 Jan 2010,Regular,0,Los Angeles Chargers,Washington Commanders,23,20,-178,133,https://www.oddsportal.com/american-football/usa/nfl-2009-2010/los-angeles-chargers-washington-commanders-xYK6xVsD/
03 Jan 2010,Regular,0,Seattle Seahawks,Tennessee Titans,13,17,205,-282,https://www.oddsportal.com/american-football/usa/nfl-2009-2010/seattle-seahawks-tennessee-titans-hUCXfCcs/
03 Jan 2010,Regular,0,Buffalo Bills,Indianapolis Colts,30,7,-400,282,https://www.oddsportal.com/american-football/usa/nfl-2009-2010/buffalo-bills-indianapolis-colts-AswGPib7/
03 Jan 2010,Regular,0,Carolina Panthers,New Orleans Saints,23,10,-426,295,https://www.oddsportal.com/american-football/usa/nfl-2009-2010/carolina-panthers-new-orleans-saints-z5nJoZKQ/
03 Jan 2010,Regular,0,Cleveland Browns,Jacksonville Jaguars,23,17,-131,-105,https://www.oddsportal.com/american-football/usa/nfl-2009-2010/cleveland-browns-jacksonville-jaguars-WKk6viD0/
03 Jan 2010,Regular,0,Detroit Lions,Chicago Bears,23,37,175,-235,https://www.oddsportal.com/american-football/usa/nfl-2009-2010/detroit-lions-chicago-bears-MHtKOBDD/
03 Jan 2010,Regular,0,Houston Texans,New England Patriots,34,27,-339,240,https://www.oddsportal.com/american-football/usa/nfl-2009-2010/houston-texans-new-england-patriots-SvqBmejE/
03 Jan 2010,Regular,0,Los Angeles Rams,San Francisco 49ers,6,28,240,-339,https://www.oddsportal.com/american-football/usa/nfl-2009-2010/los-angeles-rams-san-francisco-49ers-GKwCQXr1/
03 Jan 2010,Regular,0,Miami Dolphins,Pittsburgh Steelers,24,30,127,-171,https://www.oddsportal.com/american-football/usa/nfl-2009-2010/miami-dolphins-pittsburgh-steelers-KxOktDrl/
03 Jan 2010,Regular,0,Minnesota Vikings,New York Giants,44,7,-400,282,https://www.oddsportal.com/american-football/usa/nfl-2009-2010/minnesota-vikings-new-york-giants-ABlAwBS6/
03 Jan 2010,Regular,0,Tampa Bay Buccaneers,Atlanta Falcons,10,20,122,-157,https://www.oddsportal.com/american-football/usa/nfl-2009-2010/tampa-bay-buccaneers-atlanta-falcons-6VsFnF5K/
28 Dec 2009,Regular,0,Chicago Bears,Minnesota Vikings,36,30,282,-400,https://www.oddsportal.com/american-football/usa/nfl-2009-2010/chicago-bears-minnesota-vikings-xUv8RDTf/
27 Dec 2009,Regular,0,Washington Commanders,Dallas Cowboys,0,17,245,-333,https://www.oddsportal.com/american-football/usa/nfl-2009-2010/washington-commanders-dallas-cowboys-Khp3SgEl/
27 Dec 2009,Regular,0,Indianapolis Colts,New York Jets,15,29,-191,145,https://www.oddsportal.com/american-football/usa/nfl-2009-2010/indianapolis-colts-new-york-jets-xpNjTZbr/
27 Dec 2009,Regular,0,Philadelphia Eagles,Denver Broncos,30,27,-333,240,https://www.oddsportal.com/american-football/usa/nfl-2009-2010/philadelphia-eagles-denver-broncos-M1UyZOpA/
27 Dec 2009,Regular,0,Arizona Cardinals,Los Angeles Rams,31,10,-1543,757,https://www.oddsportal.com/american-football/usa/nfl-2009-2010/arizona-cardinals-los-angeles-rams-WpeJorF9/
27 Dec 2009,Regular,0,San Francisco 49ers,Detroit Lions,20,6,-1000,546,https://www.oddsportal.com/american-football/usa/nfl-2009-2010/san-francisco-49ers-detroit-lions-plaNp2UF/
27 Dec 2009,Regular,0,Atlanta Falcons,Buffalo Bills,31,3,-400,282,https://www.oddsportal.com/american-football/usa/nfl-2009-2010/atlanta-falcons-buffalo-bills-lM5EnOa3/
27 Dec 2009,Regular,0,Cincinnati Bengals,Kansas City Chiefs,17,10,-646,395,https://www.oddsportal.com/american-football/usa/nfl-2009-2010/cincinnati-bengals-kansas-city-chiefs-EqRXPK7d/
27 Dec 2009,Regular,0,Cleveland Browns,Las Vegas Raiders,23,9,-185,139,https://www.oddsportal.com/american-football/usa/nfl-2009-2010/cleveland-browns-las-vegas-raiders-hUxPRtwp/
27 Dec 2009,Regular,0,Green Bay Packers,Seattle Seahawks,48,10,-953,546,https://www.oddsportal.com/american-football/usa/nfl-2009-2010/green-bay-packers-seattle-seahawks-MongX2FM/
27 Dec 2009,Regular,0,Miami Dolphins,Houston Texans,20,27,-131,-105,https://www.oddsportal.com/american-football/usa/nfl-2009-2010/miami-dolphins-houston-texans-vwPtYr0G/
27 Dec 2009,Regular,0,New England Patriots,Jacksonville Jaguars,35,7,-477,324,https://www.oddsportal.com/american-football/usa/nfl-2009-2010/new-england-patriots-jacksonville-jaguars-zgSTQ0hj/
27 Dec 2009,Regular,0,New Orleans Saints,Tampa Bay Buccaneers,17,20,-1000,546,https://www.oddsportal.com/american-football/usa/nfl-2009-2010/new-orleans-saints-tampa-bay-buccaneers-rBVXZ4V3/
27 Dec 2009,Regular,0,New York Giants,Carolina Panthers,9,41,-400,282,https://www.oddsportal.com/american-football/usa/nfl-2009-2010/new-york-giants-carolina-panthers-G8ocWMUS/
27 Dec 2009,Regular,0,Pittsburgh Steelers,Baltimore Ravens,23,20,-157,120,https://www.oddsportal.com/american-football/usa/nfl-2009-2010/pittsburgh-steelers-baltimore-ravens-AV6Am4pc/
25 Dec 2009,Regular,0,Tennessee Titans,Los Angeles Chargers,17,42,-136,-100,https://www.oddsportal.com/american-football/usa/nfl-2009-2010/tennessee-titans-los-angeles-chargers-llWTzoGc/
21 Dec 2009,Regular,0,Washington Commanders,New York Giants,12,45,110,-146,https://www.oddsportal.com/american-football/usa/nfl-2009-2010/washington-commanders-new-york-giants-j3DQyR0i/
20 Dec 2009,Regular,0,Carolina Panthers,Minnesota Vikings,26,7,282,-400,https://www.oddsportal.com/american-football/usa/nfl-2009-2010/carolina-panthers-minnesota-vikings-ptBZCsOj/
20 Dec 2009,Regular,0,Baltimore Ravens,Chicago Bears,31,7,-646,395,https://www.oddsportal.com/american-football/usa/nfl-2009-2010/baltimore-ravens-chicago-bears-61dC5QGN/
20 Dec 2009,Regular,0,Philadelphia Eagles,San Francisco 49ers,27,13,-339,245,https://www.oddsportal.com/american-football/usa/nfl-2009-2010/philadelphia-eagles-san-francisco-49ers-295zNRob/
20 Dec 2009,Regular,0,Pittsburgh Steelers,Green Bay Packers,37,36,-152,115,https://www.oddsportal.com/american-football/usa/nfl-2009-2010/pittsburgh-steelers-green-bay-packers-t04vMo14/
20 Dec 2009,Regular,0,Seattle Seahawks,Tampa Bay Buccaneers,7,24,-317,232,https://www.oddsportal.com/american-football/usa/nfl-2009-2010/seattle-seahawks-tampa-bay-buccaneers-6kCVDN8p/
20 Dec 2009,Regular,0,Denver Broncos,Las Vegas Raiders,19,20,-1000,546,https://www.oddsportal.com/american-football/usa/nfl-2009-2010/denver-broncos-las-vegas-raiders-z7LaJqoN/
20 Dec 2009,Regular,0,Los Angeles Chargers,Cincinnati Bengals,27,24,-317,232,https://www.oddsportal.com/american-football/usa/nfl-2009-2010/los-angeles-chargers-cincinnati-bengals-EcK3I30T/
20 Dec 2009,Regular,0,Buffalo Bills,New England Patriots,10,17,229,-308,https://www.oddsportal.com/american-football/usa/nfl-2009-2010/buffalo-bills-new-england-patriots-lQoH4pWT/
20 Dec 2009,Regular,0,Detroit Lions,Arizona Cardinals,24,31,500,-910,https://www.oddsportal.com/american-football/usa/nfl-2009-2010/detroit-lions-arizona-cardinals-Qowq04vo/
20 Dec 2009,Regular,0,Kansas City Chiefs,Cleveland Browns,34,41,-151,115,https://www.oddsportal.com/american-football/usa/nfl-2009-2010/kansas-city-chiefs-cleveland-browns-r7kZOmHo/
20 Dec 2009,Regular,0,Los Angeles Rams,Houston Texans,13,16,500,-909,https://www.oddsportal.com/american-football/usa/nfl-2009-2010/los-angeles-rams-houston-texans-zN3rL5GA/
20 Dec 2009,Regular,0,New York Jets,Atlanta Falcons,7,10,-287,210,https://www.oddsportal.com/american-football/usa/nfl-2009-2010/new-york-jets-atlanta-falcons-MclwO7Wi/
20 Dec 2009,Regular,0,Tennessee Titans,Miami Dolphins,27,24,-250,180,https://www.oddsportal.com/american-football/usa/nfl-2009-2010/tennessee-titans-miami-dolphins-hrWfKPVG/
19 Dec 2009,Regular,0,New Orleans Saints,Dallas Cowboys,17,24,-371,269,https://www.oddsportal.com/american-football/usa/nfl-2009-2010/new-orleans-saints-dallas-cowboys-SAc8661H/
17 Dec 2009,Regular,0,Jacksonville Jaguars,Indianapolis Colts,31,35,150,-200,https://www.oddsportal.com/american-football/usa/nfl-2009-2010/jacksonville-jaguars-indianapolis-colts-byg47nnB/
14 Dec 2009,Regular,0,San Francisco 49ers,Arizona Cardinals,24,9,172,-235,https://www.oddsportal.com/american-football/usa/nfl-2009-2010/san-francisco-49ers-arizona-cardinals-AaUkyO5F/
13 Dec 2009,Regular,0,New York Giants,Philadelphia Eagles,38,45,-115,-122,https://www.oddsportal.com/american-football/usa/nfl-2009-2010/new-york-giants-philadelphia-eagles-W8Vox4j9/
13 Dec 2009,Regular,0,Dallas Cowboys,Los Angeles Chargers,17,20,-200,150,https://www.oddsportal.com/american-football/usa/nfl-2009-2010/dallas-cowboys-los-angeles-chargers-xnWswpy3/
13 Dec 2009,Regular,0,Las Vegas Raiders,Washington Commanders,13,34,105,-135,https://www.oddsportal.com/american-football/usa/nfl-2009-2010/las-vegas-raiders-washington-commanders-OrSwvQLd/
13 Dec 2009,Regular,0,Tennessee Titans,Los Angeles Rams,47,7,-833,450,https://www.oddsportal.com/american-football/usa/nfl-2009-2010/tennessee-titans-los-angeles-rams-GhwkVXHd/
13 Dec 2009,Regular,0,Atlanta Falcons,New Orleans Saints,23,26,374,-588,https://www.oddsportal.com/american-football/usa/nfl-2009-2010/atlanta-falcons-new-orleans-saints-GCagvokg/
13 Dec 2009,Regular,0,Baltimore Ravens,Detroit Lions,48,3,-910,546,https://www.oddsportal.com/american-football/usa/nfl-2009-2010/baltimore-ravens-detroit-lions-bykbw54a/
13 Dec 2009,Regular,0,Chicago Bears,Green Bay Packers,14,21,166,-224,https://www.oddsportal.com/american-football/usa/nfl-2009-2010/chicago-bears-green-bay-packers-tpCAxPJ5/
13 Dec 2009,Regular,0,Houston Texans,Seattle Seahawks,34,7,-333,245,https://www.oddsportal.com/american-football/usa/nfl-2009-2010/houston-texans-seattle-seahawks-AJGEyqZB/
13 Dec 2009,Regular,0,Indianapolis Colts,Denver Broncos,28,16,-317,232,https://www.oddsportal.com/american-football/usa/nfl-2009-2010/indianapolis-colts-denver-broncos-lAFIz3lI/
13 Dec 2009,Regular,0,Jacksonville Jaguars,Miami Dolphins,10,14,-146,110,https://www.oddsportal.com/american-football/usa/nfl-2009-2010/jacksonville-jaguars-miami-dolphins-trXjIfYj/
13 Dec 2009,Regular,0,Kansas City Chiefs,Buffalo Bills,10,16,115,-152,https://www.oddsportal.com/american-football/usa/nfl-2009-2010/kansas-city-chiefs-buffalo-bills-xfrotbQc/
13 Dec 2009,Regular,0,Minnesota Vikings,Cincinnati Bengals,30,10,-282,205,https://www.oddsportal.com/american-football/usa/nfl-2009-2010/minnesota-vikings-cincinnati-bengals-fVxjuIu4/
13 Dec 2009,Regular,0,New England Patriots,Carolina Panthers,20,10,-646,395,https://www.oddsportal.com/american-football/usa/nfl-2009-2010/new-england-patriots-carolina-panthers-p43AxGPM/
13 Dec 2009,Regular,0,Tampa Bay Buccaneers,New York Jets,3,26,150,-200,https://www.oddsportal.com/american-football/usa/nfl-2009-2010/tampa-bay-buccaneers-new-york-jets-UyusXgmp/
10 Dec 2009,Regular,0,Cleveland Browns,Pittsburgh Steelers,13,6,350,-588,https://www.oddsportal.com/american-football/usa/nfl-2009-2010/cleveland-browns-pittsburgh-steelers-29ekuRZn/
07 Dec 2009,Regular,0,Green Bay Packers,Baltimore Ravens,27,14,-224,166,https://www.oddsportal.com/american-football/usa/nfl-2009-2010/green-bay-packers-baltimore-ravens-8ndot7Kt/
06 Dec 2009,Regular,0,Arizona Cardinals,Minnesota Vikings,30,17,139,-185,https://www.oddsportal.com/american-football/usa/nfl-2009-2010/arizona-cardinals-minnesota-vikings-IsatPP4C/
06 Dec 2009,Regular,0,New York Giants,Dallas Cowboys,31,24,-100,-135,https://www.oddsportal.com/american-football/usa/nfl-2009-2010/new-york-giants-dallas-cowboys-C4bpOqKI/
06 Dec 2009,Regular,0,Seattle Seahawks,San Francisco 49ers,20,17,-115,-122,https://www.oddsportal.com/american-football/usa/nfl-2009-2010/seattle-seahawks-san-francisco-49ers-jeclN3ZO/
06 Dec 2009,Regular,0,Cleveland Browns,Los Angeles Chargers,23,30,450,-833,https://www.oddsportal.com/american-football/usa/nfl-2009-2010/cleveland-browns-los-angeles-chargers-4vexQ5k6/
06 Dec 2009,Regular,0,Atlanta Falcons,Philadelphia Eagles,7,34,174,-238,https://www.oddsportal.com/american-football/usa/nfl-2009-2010/atlanta-falcons-philadelphia-eagles-0xgsCnL6/
06 Dec 2009,Regular,0,Carolina Panthers,Tampa Bay Buccaneers,16,6,-211,160,https://www.oddsportal.com/american-football/usa/nfl-2009-2010/carolina-panthers-tampa-bay-buccaneers-IDmnB6zD/
06 Dec 2009,Regular,0,Chicago Bears,Los Angeles Rams,17,9,-500,333,https://www.oddsportal.com/american-football/usa/nfl-2009-2010/chicago-bears-los-angeles-rams-d4njAQkJ/
06 Dec 2009,Regular,0,Cincinnati Bengals,Detroit Lions,23,13,-833,474,https://www.oddsportal.com/american-football/usa/nfl-2009-2010/cincinnati-bengals-detroit-lions-EPbtZ9SJ/
06 Dec 2009,Regular,0,Indianapolis Colts,Tennessee Titans,27,17,-282,205,https://www.oddsportal.com/american-football/usa/nfl-2009-2010/indianapolis-colts-tennessee-titans-Qa2pYTsQ/
06 Dec 2009,Regular,0,Jacksonville Jaguars,Houston Texans,23,18,-105,-129,https://www.oddsportal.com/american-football/usa/nfl-2009-2010/jacksonville-jaguars-houston-texans-WtuDTmjs/
06 Dec 2009,Regular,0,Kansas City Chiefs,Denver Broncos,13,44,205,-282,https://www.oddsportal.com/american-football/usa/nfl-2009-2010/kansas-city-chiefs-denver-broncos-AXwHS75m/
06 Dec 2009,Regular,0,Miami Dolphins,New England Patriots,22,21,192,-263,https://www.oddsportal.com/american-football/usa/nfl-2009-2010/miami-dolphins-new-england-patriots-6wAJpmCP/
06 Dec 2009,Regular,0,Pittsburgh Steelers,Las Vegas Raiders,24,27,-1250,624,https://www.oddsportal.com/american-football/usa/nfl-2009-2010/pittsburgh-steelers-las-vegas-raiders-v7rLRRKg/
06 Dec 2009,Regular,0,Washington Commanders,New Orleans Saints,30,33,324,-477,https://www.oddsportal.com/american-football/usa/nfl-2009-2010/washington-commanders-new-orleans-saints-MF5XQoz0/
03 Dec 2009,Regular,0,Buffalo Bills,New York Jets,13,19,151,-203,https://www.oddsportal.com/american-football/usa/nfl-2009-2010/buffalo-bills-new-york-jets-MofwDS50/
30 Nov 2009,Regular,0,New Orleans Saints,New England Patriots,38,17,-137,-100,https://www.oddsportal.com/american-football/usa/nfl-2009-2010/new-orleans-saints-new-england-patriots-rTtMi1OG/
29 Nov 2009,Regular,0,Baltimore Ravens,Pittsburgh Steelers,20,17,-345,250,https://www.oddsportal.com/american-football/usa/nfl-2009-2010/baltimore-ravens-pittsburgh-steelers-2DoNgs9A/
29 Nov 2009,Regular,0,Minnesota Vikings,Chicago Bears,36,10,-588,374,https://www.oddsportal.com/american-football/usa/nfl-2009-2010/minnesota-vikings-chicago-bears-UamFe3vb/
29 Nov 2009,Regular,0,Tennessee Titans,Arizona Cardinals,20,17,-191,145,https://www.oddsportal.com/american-football/usa/nfl-2009-2010/tennessee-titans-arizona-cardinals-dS0qv29N/
29 Nov 2009,Regular,0,Los Angeles Chargers,Kansas City Chiefs,43,14,-833,474,https://www.oddsportal.com/american-football/usa/nfl-2009-2010/los-angeles-chargers-kansas-city-chiefs-COhAdqPi/
29 Nov 2009,Regular,0,San Francisco 49ers,Jacksonville Jaguars,20,3,-185,139,https://www.oddsportal.com/american-football/usa/nfl-2009-2010/san-francisco-49ers-jacksonville-jaguars-8jnJfNg4/
29 Nov 2009,Regular,0,Atlanta Falcons,Tampa Bay Buccaneers,20,17,-646,395,https://www.oddsportal.com/american-football/usa/nfl-2009-2010/atlanta-falcons-tampa-bay-buccaneers-bTzLspAb/
29 Nov 2009,Regular,0,Buffalo Bills,Miami Dolphins,31,14,150,-200,https://www.oddsportal.com/american-football/usa/nfl-2009-2010/buffalo-bills-miami-dolphins-thQPt4P4/
29 Nov 2009,Regular,0,Cincinnati Bengals,Cleveland Browns,16,7,-588,350,https://www.oddsportal.com/american-football/usa/nfl-2009-2010/cincinnati-bengals-cleveland-browns-xpieDAx6/
29 Nov 2009,Regular,0,Houston Texans,Indianapolis Colts,27,35,124,-164,https://www.oddsportal.com/american-football/usa/nfl-2009-2010/houston-texans-indianapolis-colts-YXg6cP9o/
29 Nov 2009,Regular,0,Los Angeles Rams,Seattle Seahawks,17,27,150,-200,https://www.oddsportal.com/american-football/usa/nfl-2009-2010/los-angeles-rams-seattle-seahawks-Iy2uurfH/
29 Nov 2009,Regular,0,New York Jets,Carolina Panthers,17,6,-185,139,https://www.oddsportal.com/american-football/usa/nfl-2009-2010/new-york-jets-carolina-panthers-O0mxtOvB/
29 Nov 2009,Regular,0,Philadelphia Eagles,Washington Commanders,27,24,-541,350,https://www.oddsportal.com/american-football/usa/nfl-2009-2010/philadelphia-eagles-washington-commanders-vijlwMOT/
26 Nov 2009,Regular,0,Denver Broncos,New York Giants,26,6,180,-250,https://www.oddsportal.com/american-football/usa/nfl-2009-2010/denver-broncos-new-york-giants-pQWGrQfh/
26 Nov 2009,Regular,0,Dallas Cowboys,Las Vegas Raiders,24,7,-910,524,https://www.oddsportal.com/american-football/usa/nfl-2009-2010/dallas-cowboys-las-vegas-raiders-j3XCq6un/
26 Nov 2009,Regular,0,Detroit Lions,Green Bay Packers,12,34,395,-646,https://www.oddsportal.com/american-football/usa/nfl-2009-2010/detroit-lions-green-bay-packers-CCY8pnQu/
23 Nov 2009,Regular,0,Houston Texans,Tennessee Titans,17,20,-200,150,https://www.oddsportal.com/american-football/usa/nfl-2009-2010/houston-texans-tennessee-titans-8KwfP2fU/
22 Nov 2009,Regular,0,Chicago Bears,Philadelphia Eagles,20,24,145,-191,https://www.oddsportal.com/american-football/usa/nfl-2009-2010/chicago-bears-philadelphia-eagles-CEBZ2XJP/
22 Nov 2009,Regular,0,Denver Broncos,Los Angeles Chargers,3,32,200,-278,https://www.oddsportal.com/american-football/usa/nfl-2009-2010/denver-broncos-los-angeles-chargers-fgF9CjE1/
22 Nov 2009,Regular,0,Las Vegas Raiders,Cincinnati Bengals,20,17,300,-455,https://www.oddsportal.com/american-football/usa/nfl-2009-2010/las-vegas-raiders-cincinnati-bengals-QHV3zf68/
22 Nov 2009,Regular,0,New England Patriots,New York Jets,31,14,-588,374,https://www.oddsportal.com/american-football/usa/nfl-2009-2010/new-england-patriots-new-york-jets-8dJDBAT7/
22 Nov 2009,Regular,0,Baltimore Ravens,Indianapolis Colts,15,17,110,-149,https://www.oddsportal.com/american-football/usa/nfl-2009-2010/baltimore-ravens-indianapolis-colts-C0EAaDUe/
22 Nov 2009,Regular,0,Dallas Cowboys,Washington Commanders,7,6,-588,374,https://www.oddsportal.com/american-football/usa/nfl-2009-2010/dallas-cowboys-washington-commanders-jiDEbXq2/
22 Nov 2009,Regular,0,Detroit Lions,Cleveland Browns,38,37,-189,138,https://www.oddsportal.com/american-football/usa/nfl-2009-2010/detroit-lions-cleveland-browns-WQK5NGM2/
22 Nov 2009,Regular,0,Green Bay Packers,San Francisco 49ers,30,24,-282,205,https://www.oddsportal.com/american-football/usa/nfl-2009-2010/green-bay-packers-san-francisco-49ers-AHJ9Mzx9/
22 Nov 2009,Regular,0,Jacksonville Jaguars,Buffalo Bills,18,15,-400,282,https://www.oddsportal.com/american-football/usa/nfl-2009-2010/jacksonville-jaguars-buffalo-bills-4vJDLfiF/
22 Nov 2009,Regular,0,Minnesota Vikings,Seattle Seahawks,35,9,-588,374,https://www.oddsportal.com/american-football/usa/nfl-2009-2010/minnesota-vikings-seattle-seahawks-bwCMJYLR/
22 Nov 2009,Regular,0,New York Giants,Atlanta Falcons,34,31,-333,245,https://www.oddsportal.com/american-football/usa/nfl-2009-2010/new-york-giants-atlanta-falcons-44MdFhUr/
22 Nov 2009,Regular,0,Tampa Bay Buccaneers,New Orleans Saints,7,38,350,-588,https://www.oddsportal.com/american-football/usa/nfl-2009-2010/tampa-bay-buccaneers-new-orleans-saints-YwR0ECqk/
19 Nov 2009,Regular,0,Carolina Panthers,Miami Dolphins,17,24,-211,160,https://www.oddsportal.com/american-football/usa/nfl-2009-2010/carolina-panthers-miami-dolphins-8Q8dDBIc/
16 Nov 2009,Regular,0,Cleveland Browns,Baltimore Ravens,0,16,350,-588,https://www.oddsportal.com/american-football/usa/nfl-2009-2010/cleveland-browns-baltimore-ravens-Q5TMyg2m/
15 Nov 2009,Regular,0,Indianapolis Colts,New England Patriots,35,34,-135,-100,https://www.oddsportal.com/american-football/usa/nfl-2009-2010/indianapolis-colts-new-england-patriots-2yUQyGXN/
15 Nov 2009,Regular,0,Arizona Cardinals,Seattle Seahawks,31,20,-400,282,https://www.oddsportal.com/american-football/usa/nfl-2009-2010/arizona-cardinals-seattle-seahawks-SKAJxZns/
15 Nov 2009,Regular,0,Green Bay Packers,Dallas Cowboys,17,7,120,-157,https://www.oddsportal.com/american-football/usa/nfl-2009-2010/green-bay-packers-dallas-cowboys-AuOisFvQ/
15 Nov 2009,Regular,0,Los Angeles Chargers,Philadelphia Eagles,31,23,-129,-105,https://www.oddsportal.com/american-football/usa/nfl-2009-2010/los-angeles-chargers-philadelphia-eagles-WlPmrePJ/
15 Nov 2009,Regular,0,Las Vegas Raiders,Kansas City Chiefs,10,16,-149,110,https://www.oddsportal.com/american-football/usa/nfl-2009-2010/las-vegas-raiders-kansas-city-chiefs-jFHdJBnJ/
15 Nov 2009,Regular,0,Carolina Panthers,Atlanta Falcons,28,19,-105,-129,https://www.oddsportal.com/american-football/usa/nfl-2009-2010/carolina-panthers-atlanta-falcons-COIhKiXC/
15 Nov 2009,Regular,0,Los Angeles Rams,New Orleans Saints,23,28,500,-833,https://www.oddsportal.com/american-football/usa/nfl-2009-2010/los-angeles-rams-new-orleans-saints-W03POFIs/
15 Nov 2009,Regular,0,Miami Dolphins,Tampa Bay Buccaneers,25,23,-541,350,https://www.oddsportal.com/american-football/usa/nfl-2009-2010/miami-dolphins-tampa-bay-buccaneers-I1JlLXH6/
15 Nov 2009,Regular,0,Minnesota Vikings,Detroit Lions,27,10,-1670,757,https://www.oddsportal.com/american-football/usa/nfl-2009-2010/minnesota-vikings-detroit-lions-4bFpMD20/
15 Nov 2009,Regular,0,New York Jets,Jacksonville Jaguars,22,24,-294,217,https://www.oddsportal.com/american-football/usa/nfl-2009-2010/new-york-jets-jacksonville-jaguars-MZPuNgmf/
15 Nov 2009,Regular,0,Pittsburgh Steelers,Cincinnati Bengals,12,18,-333,240,https://www.oddsportal.com/american-football/usa/nfl-2009-2010/pittsburgh-steelers-cincinnati-bengals-vR2TNZXm/
15 Nov 2009,Regular,0,Tennessee Titans,Buffalo Bills,41,17,-345,250,https://www.oddsportal.com/american-football/usa/nfl-2009-2010/tennessee-titans-buffalo-bills-CCjisOY8/
15 Nov 2009,Regular,0,Washington Commanders,Denver Broncos,27,17,150,-200,https://www.oddsportal.com/american-football/usa/nfl-2009-2010/washington-commanders-denver-broncos-tlzcJKt2/
12 Nov 2009,Regular,0,San Francisco 49ers,Chicago Bears,10,6,-200,150,https://www.oddsportal.com/american-football/usa/nfl-2009-2010/san-francisco-49ers-chicago-bears-0p18pGGE/
09 Nov 2009,Regular,0,Denver Broncos,Pittsburgh Steelers,10,28,117,-158,https://www.oddsportal.com/american-football/usa/nfl-2009-2010/denver-broncos-pittsburgh-steelers-Ay8D1fCt/
08 Nov 2009,Regular,0,Philadelphia Eagles,Dallas Cowboys,16,20,-157,120,https://www.oddsportal.com/american-football/usa/nfl-2009-2010/philadelphia-eagles-dallas-cowboys-Ie496gFA/
08 Nov 2009,Regular,0,New York Giants,Los Angeles Chargers,20,21,-278,200,https://www.oddsportal.com/american-football/usa/nfl-2009-2010/new-york-giants-los-angeles-chargers-AV018Fpb/
08 Nov 2009,Regular,0,San Francisco 49ers,Tennessee Titans,27,34,-227,163,https://www.oddsportal.com/american-football/usa/nfl-2009-2010/san-francisco-49ers-tennessee-titans-OY457Za4/
08 Nov 2009,Regular,0,New Orleans Saints,Carolina Panthers,30,20,-588,350,https://www.oddsportal.com/american-football/usa/nfl-2009-2010/new-orleans-saints-carolina-panthers-lGChAyGo/
08 Nov 2009,Regular,0,Seattle Seahawks,Detroit Lions,32,20,-588,374,https://www.oddsportal.com/american-football/usa/nfl-2009-2010/seattle-seahawks-detroit-lions-S6Bd9eVi/
08 Nov 2009,Regular,0,Atlanta Falcons,Washington Commanders,31,17,-500,341,https://www.oddsportal.com/american-football/usa/nfl-2009-2010/atlanta-falcons-washington-commanders-0nzKedGb/
08 Nov 2009,Regular,0,Chicago Bears,Arizona Cardinals,21,41,-149,110,https://www.oddsportal.com/american-football/usa/nfl-2009-2010/chicago-bears-arizona-cardinals-INUOfGV4/
08 Nov 2009,Regular,0,Cincinnati Bengals,Baltimore Ravens,17,7,120,-161,https://www.oddsportal.com/american-football/usa/nfl-2009-2010/cincinnati-bengals-baltimore-ravens-0WiyfzoB/
08 Nov 2009,Regular,0,Indianapolis Colts,Houston Texans,20,17,-400,282,https://www.oddsportal.com/american-football/usa/nfl-2009-2010/indianapolis-colts-houston-texans-fgiugf0H/
08 Nov 2009,Regular,0,Jacksonville Jaguars,Kansas City Chiefs,24,21,-333,240,https://www.oddsportal.com/american-football/usa/nfl-2009-2010/jacksonville-jaguars-kansas-city-chiefs-8deqhEFN/
08 Nov 2009,Regular,0,New England Patriots,Miami Dolphins,27,17,-646,395,https://www.oddsportal.com/american-football/usa/nfl-2009-2010/new-england-patriots-miami-dolphins-jLpliYUT/
08 Nov 2009,Regular,0,Tampa Bay Buccaneers,Green Bay Packers,38,28,350,-541,https://www.oddsportal.com/american-football/usa/nfl-2009-2010/tampa-bay-buccaneers-green-bay-packers-hUWFnhwo/
02 Nov 2009,Regular,0,New Orleans Saints,Atlanta Falcons,35,27,-588,350,https://www.oddsportal.com/american-football/usa/nfl-2009-2010/new-orleans-saints-atlanta-falcons-61vnES2a/
01 Nov 2009,Regular,0,Arizona Cardinals,Carolina Panthers,21,34,-541,364,https://www.oddsportal.com/american-football/usa/nfl-2009-2010/arizona-cardinals-carolina-panthers-CAN24fQ4/
01 Nov 2009,Regular,0,Green Bay Packers,Minnesota Vikings,26,38,-191,145,https://www.oddsportal.com/american-football/usa/nfl-2009-2010/green-bay-packers-minnesota-vikings-fJpF3EuB/
01 Nov 2009,Regular,0,Los Angeles Chargers,Las Vegas Raiders,24,16,-1429,650,https://www.oddsportal.com/american-football/usa/nfl-2009-2010/los-angeles-chargers-las-vegas-raiders-4pKf6Geh/
01 Nov 2009,Regular,0,Tennessee Titans,Jacksonville Jaguars,30,13,-175,125,https://www.oddsportal.com/american-football/usa/nfl-2009-2010/tennessee-titans-jacksonville-jaguars-ImOb5zBb/
01 Nov 2009,Regular,0,Baltimore Ravens,Denver Broncos,30,7,-250,175,https://www.oddsportal.com/american-football/usa/nfl-2009-2010/baltimore-ravens-denver-broncos-QRYIhHta/
01 Nov 2009,Regular,0,Buffalo Bills,Houston Texans,10,31,145,-191,https://www.oddsportal.com/american-football/usa/nfl-2009-2010/buffalo-bills-houston-texans-8zdViyd5/
01 Nov 2009,Regular,0,Chicago Bears,Cleveland Browns,30,6,-588,350,https://www.oddsportal.com/american-football/usa/nfl-2009-2010/chicago-bears-cleveland-browns-bPlrkZuO/
01 Nov 2009,Regular,0,Dallas Cowboys,Seattle Seahawks,38,17,-588,350,https://www.oddsportal.com/american-football/usa/nfl-2009-2010/dallas-cowboys-seattle-seahawks-2ceZjeBB/
01 Nov 2009,Regular,0,Detroit Lions,Los Angeles Rams,10,17,-189,138,https://www.oddsportal.com/american-football/usa/nfl-2009-2010/detroit-lions-los-angeles-rams-G0awjFQH/
01 Nov 2009,Regular,0,Indianapolis Colts,San Francisco 49ers,18,14,-910,516,https://www.oddsportal.com/american-football/usa/nfl-2009-2010/indianapolis-colts-san-francisco-49ers-xGmnlgeU/
01 Nov 2009,Regular,0,New York Jets,Miami Dolphins,25,30,-200,150,https://www.oddsportal.com/american-football/usa/nfl-2009-2010/new-york-jets-miami-dolphins-rVVo8xRu/
01 Nov 2009,Regular,0,Philadelphia Eagles,New York Giants,40,17,110,-149,https://www.oddsportal.com/american-football/usa/nfl-2009-2010/philadelphia-eagles-new-york-giants-MLUk7dtn/
26 Oct 2009,Regular,0,Washington Commanders,Philadelphia Eagles,17,27,300,-455,https://www.oddsportal.com/american-football/usa/nfl-2009-2010/washington-commanders-philadelphia-eagles-AZj1NrGD/
25 Oct 2009,Regular,0,New York Giants,Arizona Cardinals,17,24,-333,250,https://www.oddsportal.com/american-football/usa/nfl-2009-2010/new-york-giants-arizona-cardinals-0b8icNRm/
25 Oct 2009,Regular,0,Cincinnati Bengals,Chicago Bears,45,10,-100,-137,https://www.oddsportal.com/american-football/usa/nfl-2009-2010/cincinnati-bengals-chicago-bears-j5EPqMIs/
25 Oct 2009,Regular,0,Dallas Cowboys,Atlanta Falcons,37,21,-250,180,https://www.oddsportal.com/american-football/usa/nfl-2009-2010/dallas-cowboys-atlanta-falcons-pSDTrtYm/
25 Oct 2009,Regular,0,Miami Dolphins,New Orleans Saints,34,46,200,-278,https://www.oddsportal.com/american-football/usa/nfl-2009-2010/miami-dolphins-new-orleans-saints-2mttr0mf/
25 Oct 2009,Regular,0,Carolina Panthers,Buffalo Bills,9,20,-333,245,https://www.oddsportal.com/american-football/usa/nfl-2009-2010/carolina-panthers-buffalo-bills-8pB0kreK/
25 Oct 2009,Regular,0,Las Vegas Raiders,New York Jets,0,38,200,-278,https://www.oddsportal.com/american-football/usa/nfl-2009-2010/las-vegas-raiders-new-york-jets-ldScl2AQ/
25 Oct 2009,Regular,0,Cleveland Browns,Green Bay Packers,3,31,275,-400,https://www.oddsportal.com/american-football/usa/nfl-2009-2010/cleveland-browns-green-bay-packers-8t3kVM3l/
25 Oct 2009,Regular,0,Houston Texans,San Francisco 49ers,24,21,-191,145,https://www.oddsportal.com/american-football/usa/nfl-2009-2010/houston-texans-san-francisco-49ers-xG7gUtJf/
25 Oct 2009,Regular,0,Kansas City Chiefs,Los Angeles Chargers,7,37,192,-263,https://www.oddsportal.com/american-football/usa/nfl-2009-2010/kansas-city-chiefs-los-angeles-chargers-G66cT0Y0/
25 Oct 2009,Regular,0,Los Angeles Rams,Indianapolis Colts,6,42,550,-1000,https://www.oddsportal.com/american-football/usa/nfl-2009-2010/los-angeles-rams-indianapolis-colts-CYa6Rv3D/
25 Oct 2009,Regular,0,Pittsburgh Steelers,Minnesota Vikings,27,17,-294,217,https://www.oddsportal.com/american-football/usa/nfl-2009-2010/pittsburgh-steelers-minnesota-vikings-bVe2SKm7/
25 Oct 2009,Regular,0,Tampa Bay Buccaneers,New England Patriots,7,35,674,-1250,https://www.oddsportal.com/american-football/usa/nfl-2009-2010/tampa-bay-buccaneers-new-england-patriots-UgCdjOuE/
19 Oct 2009,Regular,0,Los Angeles Chargers,Denver Broncos,23,34,-189,138,https://www.oddsportal.com/american-football/usa/nfl-2009-2010/los-angeles-chargers-denver-broncos-zTIS7Ny4/
18 Oct 2009,Regular,0,Atlanta Falcons,Chicago Bears,21,14,-227,163,https://www.oddsportal.com/american-football/usa/nfl-2009-2010/atlanta-falcons-chicago-bears-t6JO83Mc/
18 Oct 2009,Regular,0,New England Patriots,Tennessee Titans,59,0,-500,333,https://www.oddsportal.com/american-football/usa/nfl-2009-2010/new-england-patriots-tennessee-titans-MuDTp0Uj/
18 Oct 2009,Regular,0,New York Jets,Buffalo Bills,13,16,-500,341,https://www.oddsportal.com/american-football/usa/nfl-2009-2010/new-york-jets-buffalo-bills-2FKK9q7i/
18 Oct 2009,Regular,0,Las Vegas Raiders,Philadelphia Eagles,13,9,550,-909,https://www.oddsportal.com/american-football/usa/nfl-2009-2010/las-vegas-raiders-philadelphia-eagles-Q9RcjM6T/
18 Oct 2009,Regular,0,Seattle Seahawks,Arizona Cardinals,3,27,-161,120,https://www.oddsportal.com/american-football/usa/nfl-2009-2010/seattle-seahawks-arizona-cardinals-rkEPotFp/
18 Oct 2009,Regular,0,Cincinnati Bengals,Houston Texans,17,28,-223,162,https://www.oddsportal.com/american-football/usa/nfl-2009-2010/cincinnati-bengals-houston-texans-pMK3x3xU/
18 Oct 2009,Regular,0,Green Bay Packers,Detroit Lions,26,0,-870,500,https://www.oddsportal.com/american-football/usa/nfl-2009-2010/green-bay-packers-detroit-lions-nV6VXMpo/
18 Oct 2009,Regular,0,Jacksonville Jaguars,Los Angeles Rams,23,20,-500,333,https://www.oddsportal.com/american-football/usa/nfl-2009-2010/jacksonville-jaguars-los-angeles-rams-4jJLd6No/
18 Oct 2009,Regular,0,Minnesota Vikings,Baltimore Ravens,33,31,-161,120,https://www.oddsportal.com/american-football/usa/nfl-2009-2010/minnesota-vikings-baltimore-ravens-IgNPeQxh/
18 Oct 2009,Regular,0,New Orleans Saints,New York Giants,48,27,-200,150,https://www.oddsportal.com/american-football/usa/nfl-2009-2010/new-orleans-saints-new-york-giants-0ICUfphb/
18 Oct 2009,Regular,0,Pittsburgh Steelers,Cleveland Browns,27,14,-1000,500,https://www.oddsportal.com/american-football/usa/nfl-2009-2010/pittsburgh-steelers-cleveland-browns-v9BYg474/
18 Oct 2009,Regular,0,Tampa Bay Buccaneers,Carolina Panthers,21,28,139,-185,https://www.oddsportal.com/american-football/usa/nfl-2009-2010/tampa-bay-buccaneers-carolina-panthers-UsYlhrxH/
18 Oct 2009,Regular,0,Washington Commanders,Kansas City Chiefs,6,14,-294,217,https://www.oddsportal.com/american-football/usa/nfl-2009-2010/washington-commanders-kansas-city-chiefs-C6Ngi2iN/
12 Oct 2009,Regular,0,Miami Dolphins,New York Jets,31,27,122,-164,https://www.oddsportal.com/american-football/usa/nfl-2009-2010/miami-dolphins-new-york-jets-pndpHDUi/
11 Oct 2009,Regular,0,Tennessee Titans,Indianapolis Colts,9,31,163,-227,https://www.oddsportal.com/american-football/usa/nfl-2009-2010/tennessee-titans-indianapolis-colts-zmZWWjef/
11 Oct 2009,Regular,0,Arizona Cardinals,Houston Texans,28,21,-263,192,https://www.oddsportal.com/american-football/usa/nfl-2009-2010/arizona-cardinals-houston-texans-AJ8ewgIQ/
11 Oct 2009,Regular,0,Denver Broncos,New England Patriots,20,17,138,-189,https://www.oddsportal.com/american-football/usa/nfl-2009-2010/denver-broncos-new-england-patriots-CSfNYCQs/
11 Oct 2009,Regular,0,Seattle Seahawks,Jacksonville Jaguars,41,0,-149,110,https://www.oddsportal.com/american-football/usa/nfl-2009-2010/seattle-seahawks-jacksonville-jaguars-hvCKXWul/
11 Oct 2009,Regular,0,San Francisco 49ers,Atlanta Falcons,10,45,-125,-110,https://www.oddsportal.com/american-football/usa/nfl-2009-2010/san-francisco-49ers-atlanta-falcons-Gd9ivZ2K/
11 Oct 2009,Regular,0,Baltimore Ravens,Cincinnati Bengals,14,17,-500,333,https://www.oddsportal.com/american-football/usa/nfl-2009-2010/baltimore-ravens-cincinnati-bengals-0Q0sMgdr/
11 Oct 2009,Regular,0,Buffalo Bills,Cleveland Browns,3,6,-278,200,https://www.oddsportal.com/american-football/usa/nfl-2009-2010/buffalo-bills-cleveland-browns-SjBuKDBl/
11 Oct 2009,Regular,0,Detroit Lions,Pittsburgh Steelers,20,28,424,-741,https://www.oddsportal.com/american-football/usa/nfl-2009-2010/detroit-lions-pittsburgh-steelers-AF0pJXQf/
11 Oct 2009,Regular,0,Los Angeles Rams,Minnesota Vikings,10,38,350,-588,https://www.oddsportal.com/american-football/usa/nfl-2009-2010/los-angeles-rams-minnesota-vikings-roEFQZmR/
11 Oct 2009,Regular,0,Carolina Panthers,Washington Commanders,20,17,-235,172,https://www.oddsportal.com/american-football/usa/nfl-2009-2010/carolina-panthers-washington-commanders-l6alIit1/
11 Oct 2009,Regular,0,Kansas City Chiefs,Dallas Cowboys,20,26,245,-339,https://www.oddsportal.com/american-football/usa/nfl-2009-2010/kansas-city-chiefs-dallas-cowboys-Iu4hHBe7/
11 Oct 2009,Regular,0,New York Giants,Las Vegas Raiders,44,7,-1250,600,https://www.oddsportal.com/american-football/usa/nfl-2009-2010/new-york-giants-las-vegas-raiders-dW2dGVAD/
11 Oct 2009,Regular,0,Philadelphia Eagles,Tampa Bay Buccaneers,33,14,-1250,600,https://www.oddsportal.com/american-football/usa/nfl-2009-2010/philadelphia-eagles-tampa-bay-buccaneers-2g5muFmE/
05 Oct 2009,Regular,0,Minnesota Vikings,Green Bay Packers,30,23,-250,180,https://www.oddsportal.com/american-football/usa/nfl-2009-2010/minnesota-vikings-green-bay-packers-KnRo57dA/
04 Oct 2009,Regular,0,Pittsburgh Steelers,Los Angeles Chargers,38,28,-227,163,https://www.oddsportal.com/american-football/usa/nfl-2009-2010/pittsburgh-steelers-los-angeles-chargers-40tpiVaQ/
04 Oct 2009,Regular,0,Denver Broncos,Dallas Cowboys,17,10,120,-161,https://www.oddsportal.com/american-football/usa/nfl-2009-2010/denver-broncos-dallas-cowboys-QgH2TeVb/
04 Oct 2009,Regular,0,San Francisco 49ers,Los Angeles Rams,35,0,-500,333,https://www.oddsportal.com/american-football/usa/nfl-2009-2010/san-francisco-49ers-los-angeles-rams-8I67SFp5/
04 Oct 2009,Regular,0,Miami Dolphins,Buffalo Bills,38,10,-125,-110,https://www.oddsportal.com/american-football/usa/nfl-2009-2010/miami-dolphins-buffalo-bills-ITDfVH0n/
04 Oct 2009,Regular,0,New Orleans Saints,New York Jets,24,10,-333,250,https://www.oddsportal.com/american-football/usa/nfl-2009-2010/new-orleans-saints-new-york-jets-CjDbUyGh/
04 Oct 2009,Regular,0,Chicago Bears,Detroit Lions,48,24,-588,350,https://www.oddsportal.com/american-football/usa/nfl-2009-2010/chicago-bears-detroit-lions-I7xtGdG5/
04 Oct 2009,Regular,0,Cleveland Browns,Cincinnati Bengals,20,23,225,-303,https://www.oddsportal.com/american-football/usa/nfl-2009-2010/cleveland-browns-cincinnati-bengals-6PAPHIog/
04 Oct 2009,Regular,0,Houston Texans,Las Vegas Raiders,29,6,-455,300,https://www.oddsportal.com/american-football/usa/nfl-2009-2010/houston-texans-las-vegas-raiders-zaFTGx1a/
04 Oct 2009,Regular,0,Indianapolis Colts,Seattle Seahawks,34,17,-769,400,https://www.oddsportal.com/american-football/usa/nfl-2009-2010/indianapolis-colts-seattle-seahawks-0WRpFGVB/
04 Oct 2009,Regular,0,Jacksonville Jaguars,Tennessee Titans,37,17,150,-200,https://www.oddsportal.com/american-football/usa/nfl-2009-2010/jacksonville-jaguars-tennessee-titans-EZVlEzoI/
04 Oct 2009,Regular,0,Kansas City Chiefs,New York Giants,16,27,350,-588,https://www.oddsportal.com/american-football/usa/nfl-2009-2010/kansas-city-chiefs-new-york-giants-8dVhDf0O/
04 Oct 2009,Regular,0,New England Patriots,Baltimore Ravens,27,21,-149,110,https://www.oddsportal.com/american-football/usa/nfl-2009-2010/new-england-patriots-baltimore-ravens-nmUdCEFU/
04 Oct 2009,Regular,0,Washington Commanders,Tampa Bay Buccaneers,16,13,-400,282,https://www.oddsportal.com/american-football/usa/nfl-2009-2010/washington-commanders-tampa-bay-buccaneers-vwFjWcot/
28 Sep 2009,Regular,0,Dallas Cowboys,Carolina Panthers,21,7,-426,295,https://www.oddsportal.com/american-football/usa/nfl-2009-2010/dallas-cowboys-carolina-panthers-IksOoWid/
27 Sep 2009,Regular,0,Arizona Cardinals,Indianapolis Colts,10,31,-157,120,https://www.oddsportal.com/american-football/usa/nfl-2009-2010/arizona-cardinals-indianapolis-colts-UgSMOnoL/
27 Sep 2009,Regular,0,Cincinnati Bengals,Pittsburgh Steelers,23,20,138,-189,https://www.oddsportal.com/american-football/usa/nfl-2009-2010/cincinnati-bengals-pittsburgh-steelers-Q9y84ZZ7/
27 Sep 2009,Regular,0,Las Vegas Raiders,Denver Broncos,3,23,-100,-137,https://www.oddsportal.com/american-football/usa/nfl-2009-2010/las-vegas-raiders-denver-broncos-rVmbTIC8/
27 Sep 2009,Regular,0,Los Angeles Chargers,Miami Dolphins,23,13,-278,200,https://www.oddsportal.com/american-football/usa/nfl-2009-2010/los-angeles-chargers-miami-dolphins-MLn2SxSE/
27 Sep 2009,Regular,0,Buffalo Bills,New Orleans Saints,7,27,175,-250,https://www.oddsportal.com/american-football/usa/nfl-2009-2010/buffalo-bills-new-orleans-saints-C6X35FK1/
27 Sep 2009,Regular,0,Seattle Seahawks,Chicago Bears,19,25,120,-161,https://www.oddsportal.com/american-football/usa/nfl-2009-2010/seattle-seahawks-chicago-bears-Usra6e5e/
27 Sep 2009,Regular,0,Baltimore Ravens,Cleveland Browns,34,3,-833,500,https://www.oddsportal.com/american-football/usa/nfl-2009-2010/baltimore-ravens-cleveland-browns-r3H5hxyd/
27 Sep 2009,Regular,0,Detroit Lions,Washington Commanders,19,14,205,-282,https://www.oddsportal.com/american-football/usa/nfl-2009-2010/detroit-lions-washington-commanders-jiqe7yjk/
27 Sep 2009,Regular,0,Houston Texans,Jacksonville Jaguars,24,31,-227,163,https://www.oddsportal.com/american-football/usa/nfl-2009-2010/houston-texans-jacksonville-jaguars-MHvi8Hzq/
27 Sep 2009,Regular,0,Los Angeles Rams,Green Bay Packers,17,36,225,-303,https://www.oddsportal.com/american-football/usa/nfl-2009-2010/los-angeles-rams-green-bay-packers-tKM4Far9/
27 Sep 2009,Regular,0,Minnesota Vikings,San Francisco 49ers,27,24,-303,225,https://www.oddsportal.com/american-football/usa/nfl-2009-2010/minnesota-vikings-san-francisco-49ers-GjUGCcSR/
27 Sep 2009,Regular,0,New England Patriots,Atlanta Falcons,26,10,-250,175,https://www.oddsportal.com/american-football/usa/nfl-2009-2010/new-england-patriots-atlanta-falcons-YRvCDwDL/
27 Sep 2009,Regular,0,New York Jets,Tennessee Titans,24,17,-125,-110,https://www.oddsportal.com/american-football/usa/nfl-2009-2010/new-york-jets-tennessee-titans-MgG9idj2/
27 Sep 2009,Regular,0,Philadelphia Eagles,Kansas City Chiefs,34,14,-345,250,https://www.oddsportal.com/american-football/usa/nfl-2009-2010/philadelphia-eagles-kansas-city-chiefs-zsM8EJcF/
27 Sep 2009,Regular,0,Tampa Bay Buccaneers,New York Giants,0,24,200,-278,https://www.oddsportal.com/american-football/usa/nfl-2009-2010/tampa-bay-buccaneers-new-york-giants-2TN0GuT2/
21 Sep 2009,Regular,0,Miami Dolphins,Indianapolis Colts,23,27,125,-175,https://www.oddsportal.com/american-football/usa/nfl-2009-2010/miami-dolphins-indianapolis-colts-xORD0jRD/
20 Sep 2009,Regular,0,Dallas Cowboys,New York Giants,31,33,-175,125,https://www.oddsportal.com/american-football/usa/nfl-2009-2010/dallas-cowboys-new-york-giants-2FjoX3zm/
20 Sep 2009,Regular,0,Chicago Bears,Pittsburgh Steelers,17,14,120,-161,https://www.oddsportal.com/american-football/usa/nfl-2009-2010/chicago-bears-pittsburgh-steelers-lWhfzqlD/
20 Sep 2009,Regular,0,Denver Broncos,Cleveland Browns,27,6,-200,150,https://www.oddsportal.com/american-football/usa/nfl-2009-2010/denver-broncos-cleveland-browns-AufjyPY6/
20 Sep 2009,Regular,0,Los Angeles Chargers,Baltimore Ravens,26,31,-137,-100,https://www.oddsportal.com/american-football/usa/nfl-2009-2010/los-angeles-chargers-baltimore-ravens-6i5paSQD/
20 Sep 2009,Regular,0,Buffalo Bills,Tampa Bay Buccaneers,33,20,-227,163,https://www.oddsportal.com/american-football/usa/nfl-2009-2010/buffalo-bills-tampa-bay-buccaneers-ED0swo4f/
20 Sep 2009,Regular,0,San Francisco 49ers,Seattle Seahawks,23,10,-125,-110,https://www.oddsportal.com/american-football/usa/nfl-2009-2010/san-francisco-49ers-seattle-seahawks-h4aox5J0/
20 Sep 2009,Regular,0,Atlanta Falcons,Carolina Panthers,28,20,-278,200,https://www.oddsportal.com/american-football/usa/nfl-2009-2010/atlanta-falcons-carolina-panthers-WMY2tJ8e/
20 Sep 2009,Regular,0,Detroit Lions,Minnesota Vikings,13,27,333,-500,https://www.oddsportal.com/american-football/usa/nfl-2009-2010/detroit-lions-minnesota-vikings-QqY6uwO1/
20 Sep 2009,Regular,0,Green Bay Packers,Cincinnati Bengals,24,31,-400,275,https://www.oddsportal.com/american-football/usa/nfl-2009-2010/green-bay-packers-cincinnati-bengals-vmxBvcw8/
20 Sep 2009,Regular,0,Jacksonville Jaguars,Arizona Cardinals,17,31,-189,138,https://www.oddsportal.com/american-football/usa/nfl-2009-2010/jacksonville-jaguars-arizona-cardinals-nwRamks8/
20 Sep 2009,Regular,0,Kansas City Chiefs,Las Vegas Raiders,10,13,-137,-100,https://www.oddsportal.com/american-football/usa/nfl-2009-2010/kansas-city-chiefs-las-vegas-raiders-QTP3n9dE/
20 Sep 2009,Regular,0,New York Jets,New England Patriots,16,9,138,-189,https://www.oddsportal.com/american-football/usa/nfl-2009-2010/new-york-jets-new-england-patriots-f3U7oTBK/
20 Sep 2009,Regular,0,Philadelphia Eagles,New Orleans Saints,22,48,125,-175,https://www.oddsportal.com/american-football/usa/nfl-2009-2010/philadelphia-eagles-new-orleans-saints-YgTBpmRQ/
20 Sep 2009,Regular,0,Tennessee Titans,Houston Texans,31,34,-333,240,https://www.oddsportal.com/american-football/usa/nfl-2009-2010/tennessee-titans-houston-texans-vy6vt7Zs/
20 Sep 2009,Regular,0,Washington Commanders,Los Angeles Rams,9,7,-588,350,https://www.oddsportal.com/american-football/usa/nfl-2009-2010/washington-commanders-los-angeles-rams-Kj1wvRll/
14 Sep 2009,Regular,0,Las Vegas Raiders,Los Angeles Chargers,20,24,374,-588,https://www.oddsportal.com/american-football/usa/nfl-2009-2010/las-vegas-raiders-los-angeles-chargers-2yAxAI7S/
14 Sep 2009,Regular,0,New England Patriots,Buffalo Bills,25,24,-833,500,https://www.oddsportal.com/american-football/usa/nfl-2009-2010/new-england-patriots-buffalo-bills-8EAYAbhM/
13 Sep 2009,Regular,0,Green Bay Packers,Chicago Bears,21,15,-235,172,https://www.oddsportal.com/american-football/usa/nfl-2009-2010/green-bay-packers-chicago-bears-ILavmWle/
13 Sep 2009,Regular,0,Arizona Cardinals,San Francisco 49ers,16,20,-304,219,https://www.oddsportal.com/american-football/usa/nfl-2009-2010/arizona-cardinals-san-francisco-49ers-lxbYAZlT/
13 Sep 2009,Regular,0,New York Giants,Washington Commanders,23,17,-386,268,https://www.oddsportal.com/american-football/usa/nfl-2009-2010/new-york-giants-washington-commanders-fJz16gcp/
13 Sep 2009,Regular,0,Seattle Seahawks,Los Angeles Rams,28,0,-345,250,https://www.oddsportal.com/american-football/usa/nfl-2009-2010/seattle-seahawks-los-angeles-rams-8Mv55DCj/
13 Sep 2009,Regular,0,Atlanta Falcons,Miami Dolphins,19,7,-224,166,https://www.oddsportal.com/american-football/usa/nfl-2009-2010/atlanta-falcons-miami-dolphins-8livcGKT/
13 Sep 2009,Regular,0,Baltimore Ravens,Kansas City Chiefs,38,24,-910,516,https://www.oddsportal.com/american-football/usa/nfl-2009-2010/baltimore-ravens-kansas-city-chiefs-jXpcHJ5o/
13 Sep 2009,Regular,0,Carolina Panthers,Philadelphia Eagles,10,38,110,-149,https://www.oddsportal.com/american-football/usa/nfl-2009-2010/carolina-panthers-philadelphia-eagles-Acw6hzTp/
13 Sep 2009,Regular,0,Cincinnati Bengals,Denver Broncos,7,12,-250,180,https://www.oddsportal.com/american-football/usa/nfl-2009-2010/cincinnati-bengals-denver-broncos-UNq1GwLi/
13 Sep 2009,Regular,0,Cleveland Browns,Minnesota Vikings,20,34,150,-200,https://www.oddsportal.com/american-football/usa/nfl-2009-2010/cleveland-browns-minnesota-vikings-Opq5Fczb/
13 Sep 2009,Regular,0,Houston Texans,New York Jets,7,24,-238,174,https://www.oddsportal.com/american-football/usa/nfl-2009-2010/houston-texans-new-york-jets-xlm9EHk4/
13 Sep 2009,Regular,0,Indianapolis Colts,Jacksonville Jaguars,14,12,-386,268,https://www.oddsportal.com/american-football/usa/nfl-2009-2010/indianapolis-colts-jacksonville-jaguars-KCxEDy5A/
13 Sep 2009,Regular,0,New Orleans Saints,Detroit Lions,45,27,-953,546,https://www.oddsportal.com/american-football/usa/nfl-2009-2010/new-orleans-saints-detroit-lions-2LaQCeKG/
13 Sep 2009,Regular,0,Tampa Bay Buccaneers,Dallas Cowboys,21,34,175,-250,https://www.oddsportal.com/american-football/usa/nfl-2009-2010/tampa-bay-buccaneers-dallas-cowboys-AoaUBFZM/
10 Sep 2009,Regular,0,Pittsburgh Steelers,Tennessee Titans,13,10,-317,232,https://www.oddsportal.com/american-football/usa/nfl-2009-2010/pittsburgh-steelers-tennessee-titans-jo0rWAGm/
04 Sep 2009,Pre-season,0,Los Angeles Chargers,San Francisco 49ers,26,7,,,https://www.oddsportal.com/american-football/usa/nfl-2009-2010/los-angeles-chargers-san-francisco-49ers-lYDl66V3/
04 Sep 2009,Pre-season,0,Minnesota Vikings,Dallas Cowboys,31,35,,,https://www.oddsportal.com/american-football/usa/nfl-2009-2010/minnesota-vikings-dallas-cowboys-fBEp7nGc/
04 Sep 2009,Pre-season,0,Tampa Bay Buccaneers,Houston Texans,20,27,,,https://www.oddsportal.com/american-football/usa/nfl-2009-2010/tampa-bay-buccaneers-houston-texans-GKFt8S0i/
03 Sep 2009,Pre-season,0,Seattle Seahawks,Las Vegas Raiders,31,21,,,https://www.oddsportal.com/american-football/usa/nfl-2009-2010/seattle-seahawks-las-vegas-raiders-IPgZFqTC/
03 Sep 2009,Pre-season,0,Denver Broncos,Arizona Cardinals,19,0,,,https://www.oddsportal.com/american-football/usa/nfl-2009-2010/denver-broncos-arizona-cardinals-z14UGPD6/
03 Sep 2009,Pre-season,0,Carolina Panthers,Pittsburgh Steelers,10,21,,,https://www.oddsportal.com/american-football/usa/nfl-2009-2010/carolina-panthers-pittsburgh-steelers-t0rvPm6Q/
03 Sep 2009,Pre-season,0,Chicago Bears,Cleveland Browns,26,23,,,https://www.oddsportal.com/american-football/usa/nfl-2009-2010/chicago-bears-cleveland-browns-r9U5K7Es/
03 Sep 2009,Pre-season,0,Los Angeles Rams,Kansas City Chiefs,17,9,,,https://www.oddsportal.com/american-football/usa/nfl-2009-2010/los-angeles-rams-kansas-city-chiefs-rgnNIoqf/
03 Sep 2009,Pre-season,0,New Orleans Saints,Miami Dolphins,7,10,,,https://www.oddsportal.com/american-football/usa/nfl-2009-2010/new-orleans-saints-miami-dolphins-0pPAJRTm/
03 Sep 2009,Pre-season,0,Tennessee Titans,Green Bay Packers,27,13,,,https://www.oddsportal.com/american-football/usa/nfl-2009-2010/tennessee-titans-green-bay-packers-xGoRH5b0/
03 Sep 2009,Pre-season,0,Atlanta Falcons,Baltimore Ravens,3,20,,,https://www.oddsportal.com/american-football/usa/nfl-2009-2010/atlanta-falcons-baltimore-ravens-lMwy36q7/
03 Sep 2009,Pre-season,0,Cincinnati Bengals,Indianapolis Colts,38,7,,,https://www.oddsportal.com/american-football/usa/nfl-2009-2010/cincinnati-bengals-indianapolis-colts-SCxu2QbD/
03 Sep 2009,Pre-season,0,Jacksonville Jaguars,Washington Commanders,24,17,,,https://www.oddsportal.com/american-football/usa/nfl-2009-2010/jacksonville-jaguars-washington-commanders-YZvWQ9yE/
03 Sep 2009,Pre-season,0,New England Patriots,New York Giants,38,27,,,https://www.oddsportal.com/american-football/usa/nfl-2009-2010/new-england-patriots-new-york-giants-nwqzQTjK/
03 Sep 2009,Pre-season,0,New York Jets,Philadelphia Eagles,38,27,,,https://www.oddsportal.com/american-football/usa/nfl-2009-2010/new-york-jets-philadelphia-eagles-tdvX3nU0/
03 Sep 2009,Pre-season,0,Buffalo Bills,Detroit Lions,6,17,,,https://www.oddsportal.com/american-football/usa/nfl-2009-2010/buffalo-bills-detroit-lions-25uT4SEf/
31 Aug 2009,Pre-season,0,Houston Texans,Minnesota Vikings,10,17,,,https://www.oddsportal.com/american-football/usa/nfl-2009-2010/houston-texans-minnesota-vikings-bLrJDyDd/
30 Aug 2009,Pre-season,0,Denver Broncos,Chicago Bears,17,27,,,https://www.oddsportal.com/american-football/usa/nfl-2009-2010/denver-broncos-chicago-bears-8zpH9C3t/
29 Aug 2009,Pre-season,0,Atlanta Falcons,Los Angeles Chargers,27,24,,,https://www.oddsportal.com/american-football/usa/nfl-2009-2010/atlanta-falcons-los-angeles-chargers-W0u0xWYI/
29 Aug 2009,Pre-season,0,Carolina Panthers,Baltimore Ravens,13,17,,,https://www.oddsportal.com/american-football/usa/nfl-2009-2010/carolina-panthers-baltimore-ravens-lMij1FBJ/
29 Aug 2009,Pre-season,0,Dallas Cowboys,San Francisco 49ers,13,20,,,https://www.oddsportal.com/american-football/usa/nfl-2009-2010/dallas-cowboys-san-francisco-49ers-2Pef0ZQP/
29 Aug 2009,Pre-season,0,Kansas City Chiefs,Seattle Seahawks,10,14,,,https://www.oddsportal.com/american-football/usa/nfl-2009-2010/kansas-city-chiefs-seattle-seahawks-86YMegZt/
29 Aug 2009,Pre-season,0,New York Giants,New York Jets,25,27,,,https://www.oddsportal.com/american-football/usa/nfl-2009-2010/new-york-giants-new-york-jets-ncXQfDlm/
29 Aug 2009,Pre-season,0,Cleveland Browns,Tennessee Titans,23,17,,,https://www.oddsportal.com/american-football/usa/nfl-2009-2010/cleveland-browns-tennessee-titans-CbPbvh46/
29 Aug 2009,Pre-season,0,Pittsburgh Steelers,Buffalo Bills,17,0,,,https://www.oddsportal.com/american-football/usa/nfl-2009-2010/pittsburgh-steelers-buffalo-bills-hAtdwCJC/
29 Aug 2009,Pre-season,0,Las Vegas Raiders,New Orleans Saints,7,45,,,https://www.oddsportal.com/american-football/usa/nfl-2009-2010/las-vegas-raiders-new-orleans-saints-MReYaR97/
29 Aug 2009,Pre-season,0,Detroit Lions,Indianapolis Colts,18,17,,,https://www.oddsportal.com/american-football/usa/nfl-2009-2010/detroit-lions-indianapolis-colts-rycU07f1/
28 Aug 2009,Pre-season,0,Arizona Cardinals,Green Bay Packers,37,44,,,https://www.oddsportal.com/american-football/usa/nfl-2009-2010/arizona-cardinals-green-bay-packers-zBcQ1mue/
28 Aug 2009,Pre-season,0,Washington Commanders,New England Patriots,24,27,,,https://www.oddsportal.com/american-football/usa/nfl-2009-2010/washington-commanders-new-england-patriots-dKbM2TPl/
27 Aug 2009,Pre-season,0,Tampa Bay Buccaneers,Miami Dolphins,6,10,,,https://www.oddsportal.com/american-football/usa/nfl-2009-2010/tampa-bay-buccaneers-miami-dolphins-OC98fpPQ/
27 Aug 2009,Pre-season,0,Cincinnati Bengals,Los Angeles Rams,21,24,,,https://www.oddsportal.com/american-football/usa/nfl-2009-2010/cincinnati-bengals-los-angeles-rams-pMA4eQ9K/
27 Aug 2009,Pre-season,0,Philadelphia Eagles,Jacksonville Jaguars,33,32,,,https://www.oddsportal.com/american-football/usa/nfl-2009-2010/philadelphia-eagles-jacksonville-jaguars-jaB0d6fE/
24 Aug 2009,Pre-season,0,Baltimore Ravens,New York Jets,24,23,,,https://www.oddsportal.com/american-football/usa/nfl-2009-2010/baltimore-ravens-new-york-jets-0Cohyonq/
22 Aug 2009,Pre-season,0,Seattle Seahawks,Denver Broncos,27,13,,,https://www.oddsportal.com/american-football/usa/nfl-2009-2010/seattle-seahawks-denver-broncos-hn0tcXTj/
22 Aug 2009,Pre-season,0,Arizona Cardinals,Los Angeles Chargers,6,17,,,https://www.oddsportal.com/american-football/usa/nfl-2009-2010/arizona-cardinals-los-angeles-chargers-Ee1xbDEp/
22 Aug 2009,Pre-season,0,San Francisco 49ers,Las Vegas Raiders,21,20,,,https://www.oddsportal.com/american-football/usa/nfl-2009-2010/san-francisco-49ers-las-vegas-raiders-dGEA2g6T/
22 Aug 2009,Pre-season,0,Chicago Bears,New York Giants,17,3,,,https://www.oddsportal.com/american-football/usa/nfl-2009-2010/chicago-bears-new-york-giants-rDA63ZjN/
22 Aug 2009,Pre-season,0,Green Bay Packers,Buffalo Bills,31,21,,,https://www.oddsportal.com/american-football/usa/nfl-2009-2010/green-bay-packers-buffalo-bills-Iubk5eMA/
22 Aug 2009,Pre-season,0,Houston Texans,New Orleans Saints,14,38,,,https://www.oddsportal.com/american-football/usa/nfl-2009-2010/houston-texans-new-orleans-saints-0lL14FyH/
22 Aug 2009,Pre-season,0,Cleveland Browns,Detroit Lions,27,10,,,https://www.oddsportal.com/american-football/usa/nfl-2009-2010/cleveland-browns-detroit-lions-U5nZ8wNo/
22 Aug 2009,Pre-season,0,Jacksonville Jaguars,Tampa Bay Buccaneers,23,24,,,https://www.oddsportal.com/american-football/usa/nfl-2009-2010/jacksonville-jaguars-tampa-bay-buccaneers-Sj5x8cxh/
22 Aug 2009,Pre-season,0,Miami Dolphins,Carolina Panthers,27,17,,,https://www.oddsportal.com/american-football/usa/nfl-2009-2010/miami-dolphins-carolina-panthers-AFfs7Hib/
22 Aug 2009,Pre-season,0,Washington Commanders,Pittsburgh Steelers,17,13,,,https://www.oddsportal.com/american-football/usa/nfl-2009-2010/washington-commanders-pittsburgh-steelers-l6go6y74/
21 Aug 2009,Pre-season,0,Dallas Cowboys,Tennessee Titans,30,10,,,https://www.oddsportal.com/american-football/usa/nfl-2009-2010/dallas-cowboys-tennessee-titans-6u99hk4F/
21 Aug 2009,Pre-season,0,Los Angeles Rams,Atlanta Falcons,13,20,,,https://www.oddsportal.com/american-football/usa/nfl-2009-2010/los-angeles-rams-atlanta-falcons-WCLQjTYR/
21 Aug 2009,Pre-season,0,Minnesota Vikings,Kansas City Chiefs,17,13,,,https://www.oddsportal.com/american-football/usa/nfl-2009-2010/minnesota-vikings-kansas-city-chiefs-l4bEi9JL/
20 Aug 2009,Pre-season,0,Indianapolis Colts,Philadelphia Eagles,23,15,,,https://www.oddsportal.com/american-football/usa/nfl-2009-2010/indianapolis-colts-philadelphia-eagles-tnRuOoiG/
20 Aug 2009,Pre-season,0,New England Patriots,Cincinnati Bengals,6,7,,,https://www.oddsportal.com/american-football/usa/nfl-2009-2010/new-england-patriots-cincinnati-bengals-bNyyPRyA/
17 Aug 2009,Pre-season,0,New York Giants,Carolina Panthers,24,17,,,https://www.oddsportal.com/american-football/usa/nfl-2009-2010/new-york-giants-carolina-panthers-2ccz22eC/
17 Aug 2009,Pre-season,0,Miami Dolphins,Jacksonville Jaguars,12,9,,,https://www.oddsportal.com/american-football/usa/nfl-2009-2010/miami-dolphins-jacksonville-jaguars-O6bW2rt6/
15 Aug 2009,Pre-season,0,Los Angeles Chargers,Seattle Seahawks,14,20,,,https://www.oddsportal.com/american-football/usa/nfl-2009-2010/los-angeles-chargers-seattle-seahawks-Uk4uUsv1/
15 Aug 2009,Pre-season,0,Green Bay Packers,Cleveland Browns,17,0,,,https://www.oddsportal.com/american-football/usa/nfl-2009-2010/green-bay-packers-cleveland-browns-EFTLWqfr/
15 Aug 2009,Pre-season,0,Kansas City Chiefs,Houston Texans,10,16,,,https://www.oddsportal.com/american-football/usa/nfl-2009-2010/kansas-city-chiefs-houston-texans-dOjYV39l/
15 Aug 2009,Pre-season,0,Tennessee Titans,Tampa Bay Buccaneers,27,20,,,https://www.oddsportal.com/american-football/usa/nfl-2009-2010/tennessee-titans-tampa-bay-buccaneers-ja5yVNOf/
15 Aug 2009,Pre-season,0,Buffalo Bills,Chicago Bears,27,20,,,https://www.oddsportal.com/american-football/usa/nfl-2009-2010/buffalo-bills-chicago-bears-YHFilCPF/
15 Aug 2009,Pre-season,0,Detroit Lions,Atlanta Falcons,27,26,,,https://www.oddsportal.com/american-football/usa/nfl-2009-2010/detroit-lions-atlanta-falcons-n1DuiEuc/
14 Aug 2009,Pre-season,0,San Francisco 49ers,Denver Broncos,17,16,,,https://www.oddsportal.com/american-football/usa/nfl-2009-2010/san-francisco-49ers-denver-broncos-6R5lSU2d/
14 Aug 2009,Pre-season,0,New Orleans Saints,Cincinnati Bengals,17,7,,,https://www.oddsportal.com/american-football/usa/nfl-2009-2010/new-orleans-saints-cincinnati-bengals-Sz7pTAmj/
14 Aug 2009,Pre-season,0,Indianapolis Colts,Minnesota Vikings,3,13,,,https://www.oddsportal.com/american-football/usa/nfl-2009-2010/indianapolis-colts-minnesota-vikings-YD7tUjYq/
14 Aug 2009,Pre-season,0,New York Jets,Los Angeles Rams,20,23,,,https://www.oddsportal.com/american-football/usa/nfl-2009-2010/new-york-jets-los-angeles-rams-bLGEYWPS/
13 Aug 2009,Pre-season,0,Las Vegas Raiders,Dallas Cowboys,31,10,,,https://www.oddsportal.com/american-football/usa/nfl-2009-2010/las-vegas-raiders-dallas-cowboys-GdR9ZCAM/
13 Aug 2009,Pre-season,0,Pittsburgh Steelers,Arizona Cardinals,20,10,,,https://www.oddsportal.com/american-football/usa/nfl-2009-2010/pittsburgh-steelers-arizona-cardinals-Ym4czgeG/
13 Aug 2009,Pre-season,0,Baltimore Ravens,Washington Commanders,23,0,,,https://www.oddsportal.com/american-football/usa/nfl-2009-2010/baltimore-ravens-washington-commanders-QN0kxFQ3/
13 Aug 2009,Pre-season,0,Philadelphia Eagles,New England Patriots,25,27,,,https://www.oddsportal.com/american-football/usa/nfl-2009-2010/philadelphia-eagles-new-england-patriots-4EagyZuA/
09 Aug 2009,Pre-season,0,Tennessee Titans,Buffalo Bills,21,18,,,https://www.oddsportal.com/american-football/usa/nfl-2009-2010/tennessee-titans-buffalo-bills-f1o0iVHc/
08 Feb 2009,Regular,0,AFC,NFC,21,30,110,-149,https://www.oddsportal.com/american-football/usa/nfl-2008-2009/afc-nfc-GQ7EFQM0/
01 Feb 2009,Play Offs,0,Pittsburgh Steelers,Arizona Cardinals,27,23,,,https://www.oddsportal.com/american-football/usa/nfl-2008-2009/pittsburgh-steelers-arizona-cardinals-tdo9QpQ2/
18 Jan 2009,Play Offs,0,Pittsburgh Steelers,Baltimore Ravens,23,14,,,https://www.oddsportal.com/american-football/usa/nfl-2008-2009/pittsburgh-steelers-baltimore-ravens-C81BIJxs/
18 Jan 2009,Play Offs,0,Arizona Cardinals,Philadelphia Eagles,32,25,,,https://www.oddsportal.com/american-football/usa/nfl-2008-2009/arizona-cardinals-philadelphia-eagles-tMENLaUP/
11 Jan 2009,Play Offs,0,Pittsburgh Steelers,Los Angeles Chargers,35,24,,,https://www.oddsportal.com/american-football/usa/nfl-2008-2009/pittsburgh-steelers-los-angeles-chargers-jNW2jCSa/
11 Jan 2009,Play Offs,0,New York Giants,Philadelphia Eagles,11,23,,,https://www.oddsportal.com/american-football/usa/nfl-2008-2009/new-york-giants-philadelphia-eagles-Y14jihDg/
10 Jan 2009,Play Offs,0,Carolina Panthers,Arizona Cardinals,13,33,,,https://www.oddsportal.com/american-football/usa/nfl-2008-2009/carolina-panthers-arizona-cardinals-vu5nhYcm/
10 Jan 2009,Play Offs,0,Tennessee Titans,Baltimore Ravens,10,13,,,https://www.oddsportal.com/american-football/usa/nfl-2008-2009/tennessee-titans-baltimore-ravens-0l6rgErs/
04 Jan 2009,Play Offs,0,Minnesota Vikings,Philadelphia Eagles,14,26,,,https://www.oddsportal.com/american-football/usa/nfl-2008-2009/minnesota-vikings-philadelphia-eagles-KlX3GaCb/
04 Jan 2009,Play Offs,0,Miami Dolphins,Baltimore Ravens,9,27,,,https://www.oddsportal.com/american-football/usa/nfl-2008-2009/miami-dolphins-baltimore-ravens-tbYaHuch/
03 Jan 2009,Play Offs,0,Los Angeles Chargers,Indianapolis Colts,23,17,,,https://www.oddsportal.com/american-football/usa/nfl-2008-2009/los-angeles-chargers-indianapolis-colts-bZreILsn/
03 Jan 2009,Play Offs,0,Arizona Cardinals,Atlanta Falcons,30,24,,,https://www.oddsportal.com/american-football/usa/nfl-2008-2009/arizona-cardinals-atlanta-falcons-pWviJ1Su/
28 Dec 2008,Regular,0,Los Angeles Chargers,Denver Broncos,52,21,-345,250,https://www.oddsportal.com/american-football/usa/nfl-2008-2009/los-angeles-chargers-denver-broncos-fc0rMWzE/
28 Dec 2008,Regular,0,Arizona Cardinals,Seattle Seahawks,34,21,-303,240,https://www.oddsportal.com/american-football/usa/nfl-2008-2009/arizona-cardinals-seattle-seahawks-lzbicmbD/
28 Dec 2008,Regular,0,Baltimore Ravens,Jacksonville Jaguars,27,7,-588,350,https://www.oddsportal.com/american-football/usa/nfl-2008-2009/baltimore-ravens-jacksonville-jaguars-4vAEeWqe/
28 Dec 2008,Regular,0,New York Jets,Miami Dolphins,17,24,-149,110,https://www.oddsportal.com/american-football/usa/nfl-2008-2009/new-york-jets-miami-dolphins-4CHQBVbl/
28 Dec 2008,Regular,0,Philadelphia Eagles,Dallas Cowboys,44,6,-137,-100,https://www.oddsportal.com/american-football/usa/nfl-2008-2009/philadelphia-eagles-dallas-cowboys-ny7VAkEf/
28 Dec 2008,Regular,0,San Francisco 49ers,Washington Commanders,27,24,-161,120,https://www.oddsportal.com/american-football/usa/nfl-2008-2009/san-francisco-49ers-washington-commanders-6ZSB445t/
28 Dec 2008,Regular,0,Atlanta Falcons,Los Angeles Rams,31,27,-1250,500,https://www.oddsportal.com/american-football/usa/nfl-2008-2009/atlanta-falcons-los-angeles-rams-QmBAdCUl/
28 Dec 2008,Regular,0,Buffalo Bills,New England Patriots,0,13,175,-250,https://www.oddsportal.com/american-football/usa/nfl-2008-2009/buffalo-bills-new-england-patriots-n3aJfja1/
28 Dec 2008,Regular,0,Cincinnati Bengals,Kansas City Chiefs,16,6,-137,-100,https://www.oddsportal.com/american-football/usa/nfl-2008-2009/cincinnati-bengals-kansas-city-chiefs-bw3NgAE7/
28 Dec 2008,Regular,0,Green Bay Packers,Detroit Lions,31,21,-588,350,https://www.oddsportal.com/american-football/usa/nfl-2008-2009/green-bay-packers-detroit-lions-GbFDIgi8/
28 Dec 2008,Regular,0,Houston Texans,Chicago Bears,31,24,-175,125,https://www.oddsportal.com/american-football/usa/nfl-2008-2009/houston-texans-chicago-bears-fkEHHD6E/
28 Dec 2008,Regular,0,Indianapolis Colts,Tennessee Titans,23,0,110,-149,https://www.oddsportal.com/american-football/usa/nfl-2008-2009/indianapolis-colts-tennessee-titans-jL3rIXLK/
28 Dec 2008,Regular,0,Minnesota Vikings,New York Giants,20,19,-345,250,https://www.oddsportal.com/american-football/usa/nfl-2008-2009/minnesota-vikings-new-york-giants-UB2nHiyR/
28 Dec 2008,Regular,0,New Orleans Saints,Carolina Panthers,31,33,-100,-137,https://www.oddsportal.com/american-football/usa/nfl-2008-2009/new-orleans-saints-carolina-panthers-nikECBqr/
28 Dec 2008,Regular,0,Pittsburgh Steelers,Cleveland Browns,31,0,-588,350,https://www.oddsportal.com/american-football/usa/nfl-2008-2009/pittsburgh-steelers-cleveland-browns-QR5Z99T0/
28 Dec 2008,Regular,0,Tampa Bay Buccaneers,Las Vegas Raiders,24,31,-588,350,https://www.oddsportal.com/american-football/usa/nfl-2008-2009/tampa-bay-buccaneers-las-vegas-raiders-AqambTr7/
22 Dec 2008,Regular,0,Chicago Bears,Green Bay Packers,20,17,-227,163,https://www.oddsportal.com/american-football/usa/nfl-2008-2009/chicago-bears-green-bay-packers-A31bfycT/
21 Dec 2008,Regular,0,New York Giants,Carolina Panthers,34,28,-227,163,https://www.oddsportal.com/american-football/usa/nfl-2008-2009/new-york-giants-carolina-panthers-hABM7c1C/
21 Dec 2008,Regular,0,Minnesota Vikings,Atlanta Falcons,17,24,-149,110,https://www.oddsportal.com/american-football/usa/nfl-2008-2009/minnesota-vikings-atlanta-falcons-h0ttDpa3/
21 Dec 2008,Regular,0,Washington Commanders,Philadelphia Eagles,10,3,-100,-137,https://www.oddsportal.com/american-football/usa/nfl-2008-2009/washington-commanders-philadelphia-eagles-zPVpC4E9/
21 Dec 2008,Regular,0,Denver Broncos,Buffalo Bills,23,30,-303,225,https://www.oddsportal.com/american-football/usa/nfl-2008-2009/denver-broncos-buffalo-bills-4jWLlNij/
21 Dec 2008,Regular,0,Las Vegas Raiders,Houston Texans,27,16,250,-345,https://www.oddsportal.com/american-football/usa/nfl-2008-2009/las-vegas-raiders-houston-texans-rsVPms7d/
21 Dec 2008,Regular,0,Seattle Seahawks,New York Jets,13,3,150,-200,https://www.oddsportal.com/american-football/usa/nfl-2008-2009/seattle-seahawks-new-york-jets-E9sxEQqc/
21 Dec 2008,Regular,0,Cleveland Browns,Cincinnati Bengals,0,14,-149,110,https://www.oddsportal.com/american-football/usa/nfl-2008-2009/cleveland-browns-cincinnati-bengals-t0s6Aggn/
21 Dec 2008,Regular,0,Detroit Lions,New Orleans Saints,7,42,225,-333,https://www.oddsportal.com/american-football/usa/nfl-2008-2009/detroit-lions-new-orleans-saints-zNtA9D8h/
21 Dec 2008,Regular,0,Kansas City Chiefs,Miami Dolphins,31,38,150,-200,https://www.oddsportal.com/american-football/usa/nfl-2008-2009/kansas-city-chiefs-miami-dolphins-EDuE8XNb/
21 Dec 2008,Regular,0,Los Angeles Rams,San Francisco 49ers,16,17,150,-200,https://www.oddsportal.com/american-football/usa/nfl-2008-2009/los-angeles-rams-san-francisco-49ers-GSEq8BhB/
21 Dec 2008,Regular,0,New England Patriots,Arizona Cardinals,47,7,-400,275,https://www.oddsportal.com/american-football/usa/nfl-2008-2009/new-england-patriots-arizona-cardinals-YJiX8iw5/
21 Dec 2008,Regular,0,Tampa Bay Buccaneers,Los Angeles Chargers,24,41,-227,163,https://www.oddsportal.com/american-football/usa/nfl-2008-2009/tampa-bay-buccaneers-los-angeles-chargers-AkEm7V7H/
21 Dec 2008,Regular,0,Tennessee Titans,Pittsburgh Steelers,31,14,-137,-100,https://www.oddsportal.com/american-football/usa/nfl-2008-2009/tennessee-titans-pittsburgh-steelers-MRtHk3xp/
20 Dec 2008,Regular,0,Dallas Cowboys,Baltimore Ravens,24,33,-278,200,https://www.oddsportal.com/american-football/usa/nfl-2008-2009/dallas-cowboys-baltimore-ravens-Sdw2BZwt/
18 Dec 2008,Regular,0,Jacksonville Jaguars,Indianapolis Colts,24,31,200,-278,https://www.oddsportal.com/american-football/usa/nfl-2008-2009/jacksonville-jaguars-indianapolis-colts-84xC9JTg/
15 Dec 2008,Regular,0,Philadelphia Eagles,Cleveland Browns,30,10,-1250,600,https://www.oddsportal.com/american-football/usa/nfl-2008-2009/philadelphia-eagles-cleveland-browns-thX2Itff/
14 Dec 2008,Regular,0,Dallas Cowboys,New York Giants,20,8,-175,125,https://www.oddsportal.com/american-football/usa/nfl-2008-2009/dallas-cowboys-new-york-giants-G8Cno3mH/
14 Dec 2008,Regular,0,Baltimore Ravens,Pittsburgh Steelers,9,13,-175,125,https://www.oddsportal.com/american-football/usa/nfl-2008-2009/baltimore-ravens-pittsburgh-steelers-drzwxZ5o/
14 Dec 2008,Regular,0,Carolina Panthers,Denver Broncos,30,10,-345,250,https://www.oddsportal.com/american-football/usa/nfl-2008-2009/carolina-panthers-denver-broncos-zZYtygLi/
14 Dec 2008,Regular,0,Las Vegas Raiders,New England Patriots,26,49,225,-333,https://www.oddsportal.com/american-football/usa/nfl-2008-2009/las-vegas-raiders-new-england-patriots-UeYpzDzb/
14 Dec 2008,Regular,0,Arizona Cardinals,Minnesota Vikings,14,35,-200,150,https://www.oddsportal.com/american-football/usa/nfl-2008-2009/arizona-cardinals-minnesota-vikings-lGsoDkTp/
14 Dec 2008,Regular,0,Atlanta Falcons,Tampa Bay Buccaneers,13,10,-250,175,https://www.oddsportal.com/american-football/usa/nfl-2008-2009/atlanta-falcons-tampa-bay-buccaneers-YklHNeMu/
14 Dec 2008,Regular,0,Cincinnati Bengals,Washington Commanders,20,13,225,-333,https://www.oddsportal.com/american-football/usa/nfl-2008-2009/cincinnati-bengals-washington-commanders-pQiLMFyn/
14 Dec 2008,Regular,0,Houston Texans,Tennessee Titans,13,12,120,-161,https://www.oddsportal.com/american-football/usa/nfl-2008-2009/houston-texans-tennessee-titans-SlsQLZjh/
14 Dec 2008,Regular,0,Indianapolis Colts,Detroit Lions,31,21,-1667,700,https://www.oddsportal.com/american-football/usa/nfl-2008-2009/indianapolis-colts-detroit-lions-6utUKg6b/
14 Dec 2008,Regular,0,Jacksonville Jaguars,Green Bay Packers,20,16,110,-149,https://www.oddsportal.com/american-football/usa/nfl-2008-2009/jacksonville-jaguars-green-bay-packers-E9ufLDL4/
14 Dec 2008,Regular,0,Kansas City Chiefs,Los Angeles Chargers,21,22,200,-278,https://www.oddsportal.com/american-football/usa/nfl-2008-2009/kansas-city-chiefs-los-angeles-chargers-dI26KXzB/
14 Dec 2008,Regular,0,Los Angeles Rams,Seattle Seahawks,20,23,-100,-137,https://www.oddsportal.com/american-football/usa/nfl-2008-2009/los-angeles-rams-seattle-seahawks-n7eJHVKT/
14 Dec 2008,Regular,0,Miami Dolphins,San Francisco 49ers,14,9,-250,175,https://www.oddsportal.com/american-football/usa/nfl-2008-2009/miami-dolphins-san-francisco-49ers-vshBJijH/
14 Dec 2008,Regular,0,New York Jets,Buffalo Bills,31,27,-400,275,https://www.oddsportal.com/american-football/usa/nfl-2008-2009/new-york-jets-buffalo-bills-hpdFIB5N/
11 Dec 2008,Regular,0,Chicago Bears,New Orleans Saints,27,24,-161,120,https://www.oddsportal.com/american-football/usa/nfl-2008-2009/chicago-bears-new-orleans-saints-rPotHSRe/
08 Dec 2008,Regular,0,Carolina Panthers,Tampa Bay Buccaneers,38,23,-189,138,https://www.oddsportal.com/american-football/usa/nfl-2008-2009/carolina-panthers-tampa-bay-buccaneers-8I3UePMN/
07 Dec 2008,Regular,0,Baltimore Ravens,Washington Commanders,24,10,-333,225,https://www.oddsportal.com/american-football/usa/nfl-2008-2009/baltimore-ravens-washington-commanders-jZ6mfDe1/
07 Dec 2008,Regular,0,Arizona Cardinals,Los Angeles Rams,34,10,-833,500,https://www.oddsportal.com/american-football/usa/nfl-2008-2009/arizona-cardinals-los-angeles-rams-juIncJbG/
07 Dec 2008,Regular,0,Pittsburgh Steelers,Dallas Cowboys,20,13,-125,-110,https://www.oddsportal.com/american-football/usa/nfl-2008-2009/pittsburgh-steelers-dallas-cowboys-80padwEM/
07 Dec 2008,Regular,0,Buffalo Bills,Miami Dolphins,3,16,125,-175,https://www.oddsportal.com/american-football/usa/nfl-2008-2009/buffalo-bills-miami-dolphins-r5V9a1ai/
07 Dec 2008,Regular,0,Denver Broncos,Kansas City Chiefs,24,17,-400,300,https://www.oddsportal.com/american-football/usa/nfl-2008-2009/denver-broncos-kansas-city-chiefs-MeUDbLEc/
07 Dec 2008,Regular,0,San Francisco 49ers,New York Jets,24,14,175,-250,https://www.oddsportal.com/american-football/usa/nfl-2008-2009/san-francisco-49ers-new-york-jets-UPTwauU3/
07 Dec 2008,Regular,0,Seattle Seahawks,New England Patriots,21,24,250,-333,https://www.oddsportal.com/american-football/usa/nfl-2008-2009/seattle-seahawks-new-england-patriots-8GSsbaqA/
07 Dec 2008,Regular,0,Chicago Bears,Jacksonville Jaguars,23,10,-303,225,https://www.oddsportal.com/american-football/usa/nfl-2008-2009/chicago-bears-jacksonville-jaguars-Y5lIt0UG/
07 Dec 2008,Regular,0,Detroit Lions,Minnesota Vikings,16,20,350,-500,https://www.oddsportal.com/american-football/usa/nfl-2008-2009/detroit-lions-minnesota-vikings-dzS1rMa4/
07 Dec 2008,Regular,0,Green Bay Packers,Houston Texans,21,24,-333,240,https://www.oddsportal.com/american-football/usa/nfl-2008-2009/green-bay-packers-houston-texans-jcR5stFA/
07 Dec 2008,Regular,0,Indianapolis Colts,Cincinnati Bengals,35,3,-833,450,https://www.oddsportal.com/american-football/usa/nfl-2008-2009/indianapolis-colts-cincinnati-bengals-UyvqsKqN/
07 Dec 2008,Regular,0,New Orleans Saints,Atlanta Falcons,29,25,-125,-110,https://www.oddsportal.com/american-football/usa/nfl-2008-2009/new-orleans-saints-atlanta-falcons-8SxmtvaT/
07 Dec 2008,Regular,0,New York Giants,Philadelphia Eagles,14,20,-303,200,https://www.oddsportal.com/american-football/usa/nfl-2008-2009/new-york-giants-philadelphia-eagles-Q7PEyb7p/
07 Dec 2008,Regular,0,Tennessee Titans,Cleveland Browns,28,9,-10000,450,https://www.oddsportal.com/american-football/usa/nfl-2008-2009/tennessee-titans-cleveland-browns-xrTIzIMj/
04 Dec 2008,Regular,0,Los Angeles Chargers,Las Vegas Raiders,34,7,-500,300,https://www.oddsportal.com/american-football/usa/nfl-2008-2009/los-angeles-chargers-las-vegas-raiders-OCxHsr5P/
01 Dec 2008,Regular,0,Houston Texans,Jacksonville Jaguars,30,17,-189,138,https://www.oddsportal.com/american-football/usa/nfl-2008-2009/houston-texans-jacksonville-jaguars-fqovK1gj/
30 Nov 2008,Regular,0,Minnesota Vikings,Chicago Bears,34,14,-250,175,https://www.oddsportal.com/american-football/usa/nfl-2008-2009/minnesota-vikings-chicago-bears-dSTwv5Q4/
30 Nov 2008,Regular,0,Las Vegas Raiders,Kansas City Chiefs,13,20,-189,150,https://www.oddsportal.com/american-football/usa/nfl-2008-2009/las-vegas-raiders-kansas-city-chiefs-nNmCbnD0/
30 Nov 2008,Regular,0,New England Patriots,Pittsburgh Steelers,10,33,-149,110,https://www.oddsportal.com/american-football/usa/nfl-2008-2009/new-england-patriots-pittsburgh-steelers-AiRe08rl/
30 Nov 2008,Regular,0,New York Jets,Denver Broncos,17,34,-189,138,https://www.oddsportal.com/american-football/usa/nfl-2008-2009/new-york-jets-denver-broncos-h0l8aScf/
30 Nov 2008,Regular,0,Los Angeles Chargers,Atlanta Falcons,16,22,-175,125,https://www.oddsportal.com/american-football/usa/nfl-2008-2009/los-angeles-chargers-atlanta-falcons-joFx0lTs/
30 Nov 2008,Regular,0,Buffalo Bills,San Francisco 49ers,3,10,-333,225,https://www.oddsportal.com/american-football/usa/nfl-2008-2009/buffalo-bills-san-francisco-49ers-zNlxde7q/
30 Nov 2008,Regular,0,Cincinnati Bengals,Baltimore Ravens,3,34,250,-333,https://www.oddsportal.com/american-football/usa/nfl-2008-2009/cincinnati-bengals-baltimore-ravens-EDmteFMk/
30 Nov 2008,Regular,0,Cleveland Browns,Indianapolis Colts,6,10,175,-250,https://www.oddsportal.com/american-football/usa/nfl-2008-2009/cleveland-browns-indianapolis-colts-Msm6eZyd/
30 Nov 2008,Regular,0,Green Bay Packers,Carolina Panthers,31,35,-137,-189,https://www.oddsportal.com/american-football/usa/nfl-2008-2009/green-bay-packers-carolina-panthers-0YoAfgi2/
30 Nov 2008,Regular,0,Los Angeles Rams,Miami Dolphins,12,16,250,-345,https://www.oddsportal.com/american-football/usa/nfl-2008-2009/los-angeles-rams-miami-dolphins-6el1JxU2/
30 Nov 2008,Regular,0,Tampa Bay Buccaneers,New Orleans Saints,23,20,-345,163,https://www.oddsportal.com/american-football/usa/nfl-2008-2009/tampa-bay-buccaneers-new-orleans-saints-Kbh5Idq9/
30 Nov 2008,Regular,0,Washington Commanders,New York Giants,7,23,163,-227,https://www.oddsportal.com/american-football/usa/nfl-2008-2009/washington-commanders-new-york-giants-ELi9HGbF/
27 Nov 2008,Regular,0,Philadelphia Eagles,Arizona Cardinals,48,20,-278,110,https://www.oddsportal.com/american-football/usa/nfl-2008-2009/philadelphia-eagles-arizona-cardinals-086MmF2a/
27 Nov 2008,Regular,0,Dallas Cowboys,Seattle Seahawks,34,9,-10000,450,https://www.oddsportal.com/american-football/usa/nfl-2008-2009/dallas-cowboys-seattle-seahawks-8rHSIKcn/
27 Nov 2008,Regular,0,Detroit Lions,Tennessee Titans,10,47,400,-10000,https://www.oddsportal.com/american-football/usa/nfl-2008-2009/detroit-lions-tennessee-titans-fuDOJ0rt/
24 Nov 2008,Regular,0,New Orleans Saints,Green Bay Packers,51,29,-125,-110,https://www.oddsportal.com/american-football/usa/nfl-2008-2009/new-orleans-saints-green-bay-packers-WlxmwoM5/
23 Nov 2008,Regular,0,Los Angeles Chargers,Indianapolis Colts,20,23,-161,120,https://www.oddsportal.com/american-football/usa/nfl-2008-2009/los-angeles-chargers-indianapolis-colts-8tvTdp6n/
23 Nov 2008,Regular,0,Arizona Cardinals,New York Giants,29,37,-125,-110,https://www.oddsportal.com/american-football/usa/nfl-2008-2009/arizona-cardinals-new-york-giants-KffXgEH2/
23 Nov 2008,Regular,0,Atlanta Falcons,Carolina Panthers,45,28,-125,-120,https://www.oddsportal.com/american-football/usa/nfl-2008-2009/atlanta-falcons-carolina-panthers-bogygYW8/
23 Nov 2008,Regular,0,Seattle Seahawks,Washington Commanders,17,20,125,-175,https://www.oddsportal.com/american-football/usa/nfl-2008-2009/seattle-seahawks-washington-commanders-fHr2ghnF/
23 Nov 2008,Regular,0,Denver Broncos,Las Vegas Raiders,10,31,-455,275,https://www.oddsportal.com/american-football/usa/nfl-2008-2009/denver-broncos-las-vegas-raiders-2ZssVUv2/
23 Nov 2008,Regular,0,Baltimore Ravens,Philadelphia Eagles,36,7,-189,138,https://www.oddsportal.com/american-football/usa/nfl-2008-2009/baltimore-ravens-philadelphia-eagles-WYHBhNBo/
23 Nov 2008,Regular,0,Cleveland Browns,Houston Texans,6,16,-161,120,https://www.oddsportal.com/american-football/usa/nfl-2008-2009/cleveland-browns-houston-texans-APGFisRi/
23 Nov 2008,Regular,0,Dallas Cowboys,San Francisco 49ers,35,22,-455,300,https://www.oddsportal.com/american-football/usa/nfl-2008-2009/dallas-cowboys-san-francisco-49ers-4nGJj1tb/
23 Nov 2008,Regular,0,Detroit Lions,Tampa Bay Buccaneers,20,38,275,-455,https://www.oddsportal.com/american-football/usa/nfl-2008-2009/detroit-lions-tampa-bay-buccaneers-IkKNkLe4/
23 Nov 2008,Regular,0,Jacksonville Jaguars,Minnesota Vikings,12,30,-137,-100,https://www.oddsportal.com/american-football/usa/nfl-2008-2009/jacksonville-jaguars-minnesota-vikings-0E9SluBA/
23 Nov 2008,Regular,0,Kansas City Chiefs,Buffalo Bills,31,54,120,-161,https://www.oddsportal.com/american-football/usa/nfl-2008-2009/kansas-city-chiefs-buffalo-bills-rNWvlaQG/
23 Nov 2008,Regular,0,Los Angeles Rams,Chicago Bears,3,27,240,-345,https://www.oddsportal.com/american-football/usa/nfl-2008-2009/los-angeles-rams-chicago-bears-67lYWjAk/
23 Nov 2008,Regular,0,Miami Dolphins,New England Patriots,28,48,120,-303,https://www.oddsportal.com/american-football/usa/nfl-2008-2009/miami-dolphins-new-england-patriots-SGkUXWfq/
23 Nov 2008,Regular,0,Tennessee Titans,New York Jets,13,34,-250,175,https://www.oddsportal.com/american-football/usa/nfl-2008-2009/tennessee-titans-new-york-jets-lWwwWAPe/
20 Nov 2008,Regular,0,Pittsburgh Steelers,Cincinnati Bengals,27,10,-833,450,https://www.oddsportal.com/american-football/usa/nfl-2008-2009/pittsburgh-steelers-cincinnati-bengals-QqNvhp8Q/
17 Nov 2008,Regular,0,Buffalo Bills,Cleveland Browns,27,29,-250,175,https://www.oddsportal.com/american-football/usa/nfl-2008-2009/buffalo-bills-cleveland-browns-fi1ucSBI/
16 Nov 2008,Regular,0,Washington Commanders,Dallas Cowboys,10,14,-100,-137,https://www.oddsportal.com/american-football/usa/nfl-2008-2009/washington-commanders-dallas-cowboys-jZjL1gvM/
16 Nov 2008,Regular,0,Jacksonville Jaguars,Tennessee Titans,14,24,120,-161,https://www.oddsportal.com/american-football/usa/nfl-2008-2009/jacksonville-jaguars-tennessee-titans-fmeC1Fr5/
16 Nov 2008,Regular,0,Pittsburgh Steelers,Los Angeles Chargers,11,10,-149,110,https://www.oddsportal.com/american-football/usa/nfl-2008-2009/pittsburgh-steelers-los-angeles-chargers-xdIO0ZcB/
16 Nov 2008,Regular,0,San Francisco 49ers,Los Angeles Rams,35,16,-303,240,https://www.oddsportal.com/american-football/usa/nfl-2008-2009/san-francisco-49ers-los-angeles-rams-bgo1EyEh/
16 Nov 2008,Regular,0,Seattle Seahawks,Arizona Cardinals,20,26,120,-161,https://www.oddsportal.com/american-football/usa/nfl-2008-2009/seattle-seahawks-arizona-cardinals-xpp5DeTb/
16 Nov 2008,Regular,0,Atlanta Falcons,Denver Broncos,20,24,-189,138,https://www.oddsportal.com/american-football/usa/nfl-2008-2009/atlanta-falcons-denver-broncos-4EMT0vFt/
16 Nov 2008,Regular,0,Carolina Panthers,Detroit Lions,31,22,-1000,500,https://www.oddsportal.com/american-football/usa/nfl-2008-2009/carolina-panthers-detroit-lions-0pCf1bUn/
16 Nov 2008,Regular,0,Cincinnati Bengals,Philadelphia Eagles,13,13,300,-455,https://www.oddsportal.com/american-football/usa/nfl-2008-2009/cincinnati-bengals-philadelphia-eagles-ED51cdE5/
16 Nov 2008,Regular,0,Green Bay Packers,Chicago Bears,37,3,-400,170,https://www.oddsportal.com/american-football/usa/nfl-2008-2009/green-bay-packers-chicago-bears-dxe6dGTB/
16 Nov 2008,Regular,0,Indianapolis Colts,Houston Texans,33,27,-400,275,https://www.oddsportal.com/american-football/usa/nfl-2008-2009/indianapolis-colts-houston-texans-zTgAezqI/
16 Nov 2008,Regular,0,Kansas City Chiefs,New Orleans Saints,20,30,200,-278,https://www.oddsportal.com/american-football/usa/nfl-2008-2009/kansas-city-chiefs-new-orleans-saints-rcgzdfbO/
16 Nov 2008,Regular,0,Miami Dolphins,Las Vegas Raiders,17,15,-588,350,https://www.oddsportal.com/american-football/usa/nfl-2008-2009/miami-dolphins-las-vegas-raiders-MmhveEDU/
16 Nov 2008,Regular,0,New York Giants,Baltimore Ravens,30,10,-333,240,https://www.oddsportal.com/american-football/usa/nfl-2008-2009/new-york-giants-baltimore-ravens-jTsgGcqt/
16 Nov 2008,Regular,0,Tampa Bay Buccaneers,Minnesota Vikings,19,13,-250,175,https://www.oddsportal.com/american-football/usa/nfl-2008-2009/tampa-bay-buccaneers-minnesota-vikings-4WocFHbn/
13 Nov 2008,Regular,0,New England Patriots,New York Jets,31,34,-161,120,https://www.oddsportal.com/american-football/usa/nfl-2008-2009/new-england-patriots-new-york-jets-rk9vxmjB/
10 Nov 2008,Regular,0,Arizona Cardinals,San Francisco 49ers,29,24,-455,333,https://www.oddsportal.com/american-football/usa/nfl-2008-2009/arizona-cardinals-san-francisco-49ers-QyVZvmRL/
09 Nov 2008,Regular,0,Philadelphia Eagles,New York Giants,31,36,-100,-137,https://www.oddsportal.com/american-football/usa/nfl-2008-2009/philadelphia-eagles-new-york-giants-bwVROnDs/
09 Nov 2008,Regular,0,Los Angeles Chargers,Kansas City Chiefs,20,19,-227,163,https://www.oddsportal.com/american-football/usa/nfl-2008-2009/los-angeles-chargers-kansas-city-chiefs-rkDonuUJ/
09 Nov 2008,Regular,0,Pittsburgh Steelers,Indianapolis Colts,20,24,-345,138,https://www.oddsportal.com/american-football/usa/nfl-2008-2009/pittsburgh-steelers-indianapolis-colts-xSAfNeiJ/
09 Nov 2008,Regular,0,Las Vegas Raiders,Carolina Panthers,6,17,333,-500,https://www.oddsportal.com/american-football/usa/nfl-2008-2009/las-vegas-raiders-carolina-panthers-byCjOyxD/
09 Nov 2008,Regular,0,Atlanta Falcons,New Orleans Saints,34,20,-137,-100,https://www.oddsportal.com/american-football/usa/nfl-2008-2009/atlanta-falcons-new-orleans-saints-4jSGr2pE/
09 Nov 2008,Regular,0,Chicago Bears,Tennessee Titans,14,21,-100,-137,https://www.oddsportal.com/american-football/usa/nfl-2008-2009/chicago-bears-tennessee-titans-tM2Dw0Ns/
09 Nov 2008,Regular,0,Detroit Lions,Jacksonville Jaguars,14,38,200,-278,https://www.oddsportal.com/american-football/usa/nfl-2008-2009/detroit-lions-jacksonville-jaguars-rsRKsMaK/
09 Nov 2008,Regular,0,Houston Texans,Baltimore Ravens,13,41,-137,-100,https://www.oddsportal.com/american-football/usa/nfl-2008-2009/houston-texans-baltimore-ravens-vDGortFQ/
09 Nov 2008,Regular,0,Miami Dolphins,Seattle Seahawks,21,19,-345,250,https://www.oddsportal.com/american-football/usa/nfl-2008-2009/miami-dolphins-seattle-seahawks-zq2HxKxl/
09 Nov 2008,Regular,0,Minnesota Vikings,Green Bay Packers,28,27,-149,110,https://www.oddsportal.com/american-football/usa/nfl-2008-2009/minnesota-vikings-green-bay-packers-h4UTyvhf/
09 Nov 2008,Regular,0,New England Patriots,Buffalo Bills,20,10,-500,150,https://www.oddsportal.com/american-football/usa/nfl-2008-2009/new-england-patriots-buffalo-bills-zTJYzb70/
09 Nov 2008,Regular,0,New York Jets,Los Angeles Rams,47,3,-400,300,https://www.oddsportal.com/american-football/usa/nfl-2008-2009/new-york-jets-los-angeles-rams-EJIxzIM6/
06 Nov 2008,Regular,0,Cleveland Browns,Denver Broncos,30,34,-189,138,https://www.oddsportal.com/american-football/usa/nfl-2008-2009/cleveland-browns-denver-broncos-lIrTaIT6/
03 Nov 2008,Regular,0,Washington Commanders,Pittsburgh Steelers,6,23,-149,110,https://www.oddsportal.com/american-football/usa/nfl-2008-2009/washington-commanders-pittsburgh-steelers-faNw6LS1/
02 Nov 2008,Regular,0,Indianapolis Colts,New England Patriots,18,15,-333,240,https://www.oddsportal.com/american-football/usa/nfl-2008-2009/indianapolis-colts-new-england-patriots-xxSWoyJc/
02 Nov 2008,Regular,0,Las Vegas Raiders,Atlanta Falcons,0,24,120,-161,https://www.oddsportal.com/american-football/usa/nfl-2008-2009/las-vegas-raiders-atlanta-falcons-QHAIC5P4/
02 Nov 2008,Regular,0,New York Giants,Dallas Cowboys,35,14,-3333,275,https://www.oddsportal.com/american-football/usa/nfl-2008-2009/new-york-giants-dallas-cowboys-dxJ1GmQu/
02 Nov 2008,Regular,0,Seattle Seahawks,Philadelphia Eagles,7,26,240,-333,https://www.oddsportal.com/american-football/usa/nfl-2008-2009/seattle-seahawks-philadelphia-eagles-8QXUBPvB/
02 Nov 2008,Regular,0,Denver Broncos,Miami Dolphins,17,26,-137,-100,https://www.oddsportal.com/american-football/usa/nfl-2008-2009/denver-broncos-miami-dolphins-l4uf8puO/
02 Nov 2008,Regular,0,Buffalo Bills,New York Jets,17,26,-250,175,https://www.oddsportal.com/american-football/usa/nfl-2008-2009/buffalo-bills-new-york-jets-pEDnFJs8/
02 Nov 2008,Regular,0,Chicago Bears,Detroit Lions,27,23,-833,450,https://www.oddsportal.com/american-football/usa/nfl-2008-2009/chicago-bears-detroit-lions-Knp9gmtC/
02 Nov 2008,Regular,0,Cincinnati Bengals,Jacksonville Jaguars,21,19,250,-345,https://www.oddsportal.com/american-football/usa/nfl-2008-2009/cincinnati-bengals-jacksonville-jaguars-O4CjEwcE/
02 Nov 2008,Regular,0,Cleveland Browns,Baltimore Ravens,27,37,-175,125,https://www.oddsportal.com/american-football/usa/nfl-2008-2009/cleveland-browns-baltimore-ravens-nZo1e9Ba/
02 Nov 2008,Regular,0,Kansas City Chiefs,Tampa Bay Buccaneers,27,30,333,-500,https://www.oddsportal.com/american-football/usa/nfl-2008-2009/kansas-city-chiefs-tampa-bay-buccaneers-CUpUHAmP/
02 Nov 2008,Regular,0,Minnesota Vikings,Houston Texans,28,21,-278,200,https://www.oddsportal.com/american-football/usa/nfl-2008-2009/minnesota-vikings-houston-texans-UoR0ClBn/
02 Nov 2008,Regular,0,Los Angeles Rams,Arizona Cardinals,13,34,138,-189,https://www.oddsportal.com/american-football/usa/nfl-2008-2009/los-angeles-rams-arizona-cardinals-G6PUBSua/
02 Nov 2008,Regular,0,Tennessee Titans,Green Bay Packers,19,16,-189,138,https://www.oddsportal.com/american-football/usa/nfl-2008-2009/tennessee-titans-green-bay-packers-tvxnA6AB/
27 Oct 2008,Regular,0,Tennessee Titans,Indianapolis Colts,31,21,-200,150,https://www.oddsportal.com/american-football/usa/nfl-2008-2009/tennessee-titans-indianapolis-colts-dhqqlDW0/
26 Oct 2008,Regular,0,Pittsburgh Steelers,New York Giants,14,21,-161,120,https://www.oddsportal.com/american-football/usa/nfl-2008-2009/pittsburgh-steelers-new-york-giants-xSMtwgyA/
26 Oct 2008,Regular,0,San Francisco 49ers,Seattle Seahawks,13,34,-250,175,https://www.oddsportal.com/american-football/usa/nfl-2008-2009/san-francisco-49ers-seattle-seahawks-ImsT5bDJ/
26 Oct 2008,Regular,0,Houston Texans,Cincinnati Bengals,35,6,-455,300,https://www.oddsportal.com/american-football/usa/nfl-2008-2009/houston-texans-cincinnati-bengals-0SUxsFzJ/
26 Oct 2008,Regular,0,Jacksonville Jaguars,Cleveland Browns,17,23,-345,250,https://www.oddsportal.com/american-football/usa/nfl-2008-2009/jacksonville-jaguars-cleveland-browns-byOxvZL3/
26 Oct 2008,Regular,0,Baltimore Ravens,Las Vegas Raiders,29,10,-345,250,https://www.oddsportal.com/american-football/usa/nfl-2008-2009/baltimore-ravens-las-vegas-raiders-0ra8NFi4/
26 Oct 2008,Regular,0,Carolina Panthers,Arizona Cardinals,27,23,-227,163,https://www.oddsportal.com/american-football/usa/nfl-2008-2009/carolina-panthers-arizona-cardinals-f5bCMZ6A/
26 Oct 2008,Regular,0,Dallas Cowboys,Tampa Bay Buccaneers,13,9,-137,-100,https://www.oddsportal.com/american-football/usa/nfl-2008-2009/dallas-cowboys-tampa-bay-buccaneers-xELOLgMG/
26 Oct 2008,Regular,0,Detroit Lions,Washington Commanders,17,25,250,-345,https://www.oddsportal.com/american-football/usa/nfl-2008-2009/detroit-lions-washington-commanders-dKXsMDyN/
26 Oct 2008,Regular,0,Miami Dolphins,Buffalo Bills,25,16,-110,-125,https://www.oddsportal.com/american-football/usa/nfl-2008-2009/miami-dolphins-buffalo-bills-zBWoLXjT/
26 Oct 2008,Regular,0,New England Patriots,Los Angeles Rams,23,16,-345,250,https://www.oddsportal.com/american-football/usa/nfl-2008-2009/new-england-patriots-los-angeles-rams-hjJDGiap/
26 Oct 2008,Regular,0,New Orleans Saints,Los Angeles Chargers,37,32,125,-175,https://www.oddsportal.com/american-football/usa/nfl-2008-2009/new-orleans-saints-los-angeles-chargers-6gNHFBEj/
26 Oct 2008,Regular,0,New York Jets,Kansas City Chiefs,28,24,-833,450,https://www.oddsportal.com/american-football/usa/nfl-2008-2009/new-york-jets-kansas-city-chiefs-CGP8veii/
26 Oct 2008,Regular,0,Philadelphia Eagles,Atlanta Falcons,27,14,-455,300,https://www.oddsportal.com/american-football/usa/nfl-2008-2009/philadelphia-eagles-atlanta-falcons-j7OCwF6c/
20 Oct 2008,Regular,0,New England Patriots,Denver Broncos,41,7,-161,120,https://www.oddsportal.com/american-football/usa/nfl-2008-2009/new-england-patriots-denver-broncos-hMcLKdBj/
19 Oct 2008,Regular,0,Tampa Bay Buccaneers,Seattle Seahawks,20,10,-588,350,https://www.oddsportal.com/american-football/usa/nfl-2008-2009/tampa-bay-buccaneers-seattle-seahawks-QV5S4fyg/
19 Oct 2008,Regular,0,Green Bay Packers,Indianapolis Colts,34,14,110,-149,https://www.oddsportal.com/american-football/usa/nfl-2008-2009/green-bay-packers-indianapolis-colts-lYM1u3ws/
19 Oct 2008,Regular,0,Las Vegas Raiders,New York Jets,16,13,138,-189,https://www.oddsportal.com/american-football/usa/nfl-2008-2009/las-vegas-raiders-new-york-jets-SOL5vNhm/
19 Oct 2008,Regular,0,Washington Commanders,Cleveland Browns,14,11,-345,250,https://www.oddsportal.com/american-football/usa/nfl-2008-2009/washington-commanders-cleveland-browns-OfBWvs8g/
19 Oct 2008,Regular,0,Houston Texans,Detroit Lions,28,21,-588,350,https://www.oddsportal.com/american-football/usa/nfl-2008-2009/houston-texans-detroit-lions-WhzzpqVP/
19 Oct 2008,Regular,0,Buffalo Bills,Los Angeles Chargers,23,14,-125,-110,https://www.oddsportal.com/american-football/usa/nfl-2008-2009/buffalo-bills-los-angeles-chargers-EJKoQq9s/
19 Oct 2008,Regular,0,Carolina Panthers,New Orleans Saints,30,7,-175,125,https://www.oddsportal.com/american-football/usa/nfl-2008-2009/carolina-panthers-new-orleans-saints-8tKkP3Om/
19 Oct 2008,Regular,0,Chicago Bears,Minnesota Vikings,48,41,-200,150,https://www.oddsportal.com/american-football/usa/nfl-2008-2009/chicago-bears-minnesota-vikings-8Qy7Nsg0/
19 Oct 2008,Regular,0,Cincinnati Bengals,Pittsburgh Steelers,10,38,333,-500,https://www.oddsportal.com/american-football/usa/nfl-2008-2009/cincinnati-bengals-pittsburgh-steelers-Q1n2ONwf/
19 Oct 2008,Regular,0,Kansas City Chiefs,Tennessee Titans,10,34,275,-400,https://www.oddsportal.com/american-football/usa/nfl-2008-2009/kansas-city-chiefs-tennessee-titans-nHzBM186/
19 Oct 2008,Regular,0,Los Angeles Rams,Dallas Cowboys,34,14,240,-333,https://www.oddsportal.com/american-football/usa/nfl-2008-2009/los-angeles-rams-dallas-cowboys-IkWVpPFJ/
19 Oct 2008,Regular,0,Miami Dolphins,Baltimore Ravens,13,27,-161,120,https://www.oddsportal.com/american-football/usa/nfl-2008-2009/miami-dolphins-baltimore-ravens-YyVzNLNC/
19 Oct 2008,Regular,0,New York Giants,San Francisco 49ers,29,17,-500,333,https://www.oddsportal.com/american-football/usa/nfl-2008-2009/new-york-giants-san-francisco-49ers-CSTvMuwJ/
13 Oct 2008,Regular,0,Cleveland Browns,New York Giants,35,14,275,-400,https://www.oddsportal.com/american-football/usa/nfl-2008-2009/cleveland-browns-new-york-giants-xbqA4Mgl/
12 Oct 2008,Regular,0,Los Angeles Chargers,New England Patriots,30,10,-250,175,https://www.oddsportal.com/american-football/usa/nfl-2008-2009/los-angeles-chargers-new-england-patriots-OzsASws2/
12 Oct 2008,Regular,0,Arizona Cardinals,Dallas Cowboys,30,24,163,-227,https://www.oddsportal.com/american-football/usa/nfl-2008-2009/arizona-cardinals-dallas-cowboys-2iLPL4zA/
12 Oct 2008,Regular,0,San Francisco 49ers,Philadelphia Eagles,26,40,175,-250,https://www.oddsportal.com/american-football/usa/nfl-2008-2009/san-francisco-49ers-philadelphia-eagles-bNAjMOkG/
12 Oct 2008,Regular,0,Seattle Seahawks,Green Bay Packers,17,27,-137,-100,https://www.oddsportal.com/american-football/usa/nfl-2008-2009/seattle-seahawks-green-bay-packers-tWX2Lr5M/
12 Oct 2008,Regular,0,Denver Broncos,Jacksonville Jaguars,17,24,-200,150,https://www.oddsportal.com/american-football/usa/nfl-2008-2009/denver-broncos-jacksonville-jaguars-O0MLMpL3/
12 Oct 2008,Regular,0,Atlanta Falcons,Chicago Bears,22,20,120,-161,https://www.oddsportal.com/american-football/usa/nfl-2008-2009/atlanta-falcons-chicago-bears-xIaA6o6A/
12 Oct 2008,Regular,0,Houston Texans,Miami Dolphins,29,28,-161,120,https://www.oddsportal.com/american-football/usa/nfl-2008-2009/houston-texans-miami-dolphins-fwSM55LG/
12 Oct 2008,Regular,0,Indianapolis Colts,Baltimore Ravens,31,3,-200,150,https://www.oddsportal.com/american-football/usa/nfl-2008-2009/indianapolis-colts-baltimore-ravens-x2HR4PzN/
12 Oct 2008,Regular,0,Minnesota Vikings,Detroit Lions,12,10,-833,400,https://www.oddsportal.com/american-football/usa/nfl-2008-2009/minnesota-vikings-detroit-lions-GhGV3qjT/
12 Oct 2008,Regular,0,New Orleans Saints,Las Vegas Raiders,34,3,-345,240,https://www.oddsportal.com/american-football/usa/nfl-2008-2009/new-orleans-saints-las-vegas-raiders-nu3J03bp/
12 Oct 2008,Regular,0,New York Jets,Cincinnati Bengals,26,14,-278,200,https://www.oddsportal.com/american-football/usa/nfl-2008-2009/new-york-jets-cincinnati-bengals-QV1NaNDj/
12 Oct 2008,Regular,0,Tampa Bay Buccaneers,Carolina Panthers,27,3,-137,-100,https://www.oddsportal.com/american-football/usa/nfl-2008-2009/tampa-bay-buccaneers-carolina-panthers-Wh4EO6ji/
12 Oct 2008,Regular,0,Washington Commanders,Los Angeles Rams,17,19,-833,450,https://www.oddsportal.com/american-football/usa/nfl-2008-2009/washington-commanders-los-angeles-rams-UwNHNQ5c/
06 Oct 2008,Regular,0,New Orleans Saints,Minnesota Vikings,27,30,-189,138,https://www.oddsportal.com/american-football/usa/nfl-2008-2009/new-orleans-saints-minnesota-vikings-C4THrLwg/
05 Oct 2008,Regular,0,Jacksonville Jaguars,Pittsburgh Steelers,21,26,-278,200,https://www.oddsportal.com/american-football/usa/nfl-2008-2009/jacksonville-jaguars-pittsburgh-steelers-lYlESLOa/
05 Oct 2008,Regular,0,Arizona Cardinals,Buffalo Bills,41,17,-149,110,https://www.oddsportal.com/american-football/usa/nfl-2008-2009/arizona-cardinals-buffalo-bills-hvJOrieL/
05 Oct 2008,Regular,0,Dallas Cowboys,Cincinnati Bengals,31,22,-1000,500,https://www.oddsportal.com/american-football/usa/nfl-2008-2009/dallas-cowboys-cincinnati-bengals-n1ISsBAR/
05 Oct 2008,Regular,0,San Francisco 49ers,New England Patriots,21,30,138,-189,https://www.oddsportal.com/american-football/usa/nfl-2008-2009/san-francisco-49ers-new-england-patriots-hSS2wVIr/
05 Oct 2008,Regular,0,Denver Broncos,Tampa Bay Buccaneers,16,13,-227,163,https://www.oddsportal.com/american-football/usa/nfl-2008-2009/denver-broncos-tampa-bay-buccaneers-vyFKqXuF/
05 Oct 2008,Regular,0,Baltimore Ravens,Tennessee Titans,10,13,110,-149,https://www.oddsportal.com/american-football/usa/nfl-2008-2009/baltimore-ravens-tennessee-titans-EFC8TXQL/
05 Oct 2008,Regular,0,Carolina Panthers,Kansas City Chiefs,34,0,-500,333,https://www.oddsportal.com/american-football/usa/nfl-2008-2009/carolina-panthers-kansas-city-chiefs-dOZKSitS/
05 Oct 2008,Regular,0,Detroit Lions,Chicago Bears,7,34,138,-189,https://www.oddsportal.com/american-football/usa/nfl-2008-2009/detroit-lions-chicago-bears-E3MnOBlq/
05 Oct 2008,Regular,0,Green Bay Packers,Atlanta Falcons,24,27,-200,150,https://www.oddsportal.com/american-football/usa/nfl-2008-2009/green-bay-packers-atlanta-falcons-QwQjNV3k/
05 Oct 2008,Regular,0,Houston Texans,Indianapolis Colts,27,31,138,-189,https://www.oddsportal.com/american-football/usa/nfl-2008-2009/houston-texans-indianapolis-colts-82FeMkJe/
05 Oct 2008,Regular,0,Miami Dolphins,Los Angeles Chargers,17,10,200,-278,https://www.oddsportal.com/american-football/usa/nfl-2008-2009/miami-dolphins-los-angeles-chargers-ngEaL9Y1/
05 Oct 2008,Regular,0,New York Giants,Seattle Seahawks,44,6,-303,225,https://www.oddsportal.com/american-football/usa/nfl-2008-2009/new-york-giants-seattle-seahawks-ILQBogB2/
05 Oct 2008,Regular,0,Philadelphia Eagles,Washington Commanders,17,23,-303,225,https://www.oddsportal.com/american-football/usa/nfl-2008-2009/philadelphia-eagles-washington-commanders-dCPFpDQ8/
29 Sep 2008,Regular,0,Pittsburgh Steelers,Baltimore Ravens,20,23,-278,200,https://www.oddsportal.com/american-football/usa/nfl-2008-2009/pittsburgh-steelers-baltimore-ravens-nBRWM4h6/
28 Sep 2008,Regular,0,Chicago Bears,Philadelphia Eagles,24,20,138,-189,https://www.oddsportal.com/american-football/usa/nfl-2008-2009/chicago-bears-philadelphia-eagles-hlSSNpw0/
28 Sep 2008,Regular,0,Dallas Cowboys,Washington Commanders,24,26,-500,333,https://www.oddsportal.com/american-football/usa/nfl-2008-2009/dallas-cowboys-washington-commanders-04KSNyoL/
28 Sep 2008,Regular,0,Las Vegas Raiders,Los Angeles Chargers,18,28,275,-400,https://www.oddsportal.com/american-football/usa/nfl-2008-2009/las-vegas-raiders-los-angeles-chargers-hvHKPcG8/
28 Sep 2008,Regular,0,Los Angeles Rams,Buffalo Bills,14,31,275,-400,https://www.oddsportal.com/american-football/usa/nfl-2008-2009/los-angeles-rams-buffalo-bills-n1GOOHVE/
28 Sep 2008,Regular,0,Carolina Panthers,Atlanta Falcons,24,9,-303,225,https://www.oddsportal.com/american-football/usa/nfl-2008-2009/carolina-panthers-atlanta-falcons-n108xxE4/
28 Sep 2008,Regular,0,Cincinnati Bengals,Cleveland Browns,12,20,-189,138,https://www.oddsportal.com/american-football/usa/nfl-2008-2009/cincinnati-bengals-cleveland-browns-fVaYxdTA/
28 Sep 2008,Regular,0,Jacksonville Jaguars,Houston Texans,30,27,-333,250,https://www.oddsportal.com/american-football/usa/nfl-2008-2009/jacksonville-jaguars-houston-texans-xvNpxGrH/
28 Sep 2008,Regular,0,Kansas City Chiefs,Denver Broncos,33,19,333,-500,https://www.oddsportal.com/american-football/usa/nfl-2008-2009/kansas-city-chiefs-denver-broncos-IyyFKmDq/
28 Sep 2008,Regular,0,New Orleans Saints,San Francisco 49ers,31,17,-227,163,https://www.oddsportal.com/american-football/usa/nfl-2008-2009/new-orleans-saints-san-francisco-49ers-WvuJJ7Sk/
28 Sep 2008,Regular,0,New York Jets,Arizona Cardinals,56,35,-125,-110,https://www.oddsportal.com/american-football/usa/nfl-2008-2009/new-york-jets-arizona-cardinals-Q1vNIRsd/
28 Sep 2008,Regular,0,Tampa Bay Buccaneers,Green Bay Packers,30,21,-137,-100,https://www.oddsportal.com/american-football/usa/nfl-2008-2009/tampa-bay-buccaneers-green-bay-packers-4hwRHoc2/
28 Sep 2008,Regular,0,Tennessee Titans,Minnesota Vikings,30,17,-200,150,https://www.oddsportal.com/american-football/usa/nfl-2008-2009/tennessee-titans-minnesota-vikings-EmIGQw12/
22 Sep 2008,Regular,0,Los Angeles Chargers,New York Jets,48,29,,,https://www.oddsportal.com/american-football/usa/nfl-2008-2009/los-angeles-chargers-new-york-jets-nJyoZtbJ/
21 Sep 2008,Regular,0,Green Bay Packers,Dallas Cowboys,16,27,125,-175,https://www.oddsportal.com/american-football/usa/nfl-2008-2009/green-bay-packers-dallas-cowboys-8SxszNrD/
21 Sep 2008,Regular,0,Baltimore Ravens,Cleveland Browns,28,10,-149,110,https://www.oddsportal.com/american-football/usa/nfl-2008-2009/baltimore-ravens-cleveland-browns-jkIaCxJC/
21 Sep 2008,Regular,0,Indianapolis Colts,Jacksonville Jaguars,21,23,-227,163,https://www.oddsportal.com/american-football/usa/nfl-2008-2009/indianapolis-colts-jacksonville-jaguars-2PL3BdYI/
21 Sep 2008,Regular,0,Philadelphia Eagles,Pittsburgh Steelers,15,6,-200,150,https://www.oddsportal.com/american-football/usa/nfl-2008-2009/philadelphia-eagles-pittsburgh-steelers-8nOfztBJ/
21 Sep 2008,Regular,0,Denver Broncos,New Orleans Saints,34,32,-250,175,https://www.oddsportal.com/american-football/usa/nfl-2008-2009/denver-broncos-new-orleans-saints-M5UQDvZg/
21 Sep 2008,Regular,0,San Francisco 49ers,Detroit Lions,31,13,-250,175,https://www.oddsportal.com/american-football/usa/nfl-2008-2009/san-francisco-49ers-detroit-lions-IyKiEbl0/
21 Sep 2008,Regular,0,Seattle Seahawks,Los Angeles Rams,37,13,-455,300,https://www.oddsportal.com/american-football/usa/nfl-2008-2009/seattle-seahawks-los-angeles-rams-dSIeDI36/
21 Sep 2008,Regular,0,Atlanta Falcons,Kansas City Chiefs,38,14,-303,225,https://www.oddsportal.com/american-football/usa/nfl-2008-2009/atlanta-falcons-kansas-city-chiefs-OfheouK0/
21 Sep 2008,Regular,0,Buffalo Bills,Las Vegas Raiders,24,23,-588,350,https://www.oddsportal.com/american-football/usa/nfl-2008-2009/buffalo-bills-las-vegas-raiders-6Js0paZ6/
21 Sep 2008,Regular,0,Chicago Bears,Tampa Bay Buccaneers,24,27,-189,138,https://www.oddsportal.com/american-football/usa/nfl-2008-2009/chicago-bears-tampa-bay-buccaneers-pAt4qJlD/
21 Sep 2008,Regular,0,Minnesota Vikings,Carolina Panthers,20,10,-189,138,https://www.oddsportal.com/american-football/usa/nfl-2008-2009/minnesota-vikings-carolina-panthers-KjH282RD/
21 Sep 2008,Regular,0,New England Patriots,Miami Dolphins,13,38,-833,450,https://www.oddsportal.com/american-football/usa/nfl-2008-2009/new-england-patriots-miami-dolphins-bsG67MtK/
21 Sep 2008,Regular,0,New York Giants,Cincinnati Bengals,26,23,-833,450,https://www.oddsportal.com/american-football/usa/nfl-2008-2009/new-york-giants-cincinnati-bengals-t65B6tdQ/
21 Sep 2008,Regular,0,Tennessee Titans,Houston Texans,31,12,-250,175,https://www.oddsportal.com/american-football/usa/nfl-2008-2009/tennessee-titans-houston-texans-IRdw204s/
21 Sep 2008,Regular,0,Washington Commanders,Arizona Cardinals,24,17,-189,138,https://www.oddsportal.com/american-football/usa/nfl-2008-2009/washington-commanders-arizona-cardinals-vc7EEKJm/
14 Sep 2008,Regular,0,Minnesota Vikings,Indianapolis Colts,15,18,-100,-137,https://www.oddsportal.com/american-football/usa/nfl-2008-2009/minnesota-vikings-indianapolis-colts-h6noDOQo/
14 Sep 2008,Regular,0,Washington Commanders,New Orleans Saints,29,24,-120,-120,https://www.oddsportal.com/american-football/usa/nfl-2008-2009/washington-commanders-new-orleans-saints-A1qmssBH/
14 Sep 2008,Regular,0,Carolina Panthers,Chicago Bears,20,17,-189,138,https://www.oddsportal.com/american-football/usa/nfl-2008-2009/carolina-panthers-chicago-bears-WdokCrth/
14 Sep 2008,Regular,0,Kansas City Chiefs,Las Vegas Raiders,8,23,-200,150,https://www.oddsportal.com/american-football/usa/nfl-2008-2009/kansas-city-chiefs-las-vegas-raiders-KzZMzulo/
14 Sep 2008,Regular,0,Tampa Bay Buccaneers,Atlanta Falcons,24,9,-333,240,https://www.oddsportal.com/american-football/usa/nfl-2008-2009/tampa-bay-buccaneers-atlanta-falcons-vRpFC2eb/
08 Sep 2008,Regular,0,Las Vegas Raiders,Denver Broncos,14,41,120,-161,https://www.oddsportal.com/american-football/usa/nfl-2008-2009/las-vegas-raiders-denver-broncos-nNOCdMYQ/
08 Sep 2008,Regular,0,Green Bay Packers,Minnesota Vikings,24,19,-137,-100,https://www.oddsportal.com/american-football/usa/nfl-2008-2009/green-bay-packers-minnesota-vikings-YqKVO7bo/
07 Sep 2008,Regular,0,Indianapolis Colts,Chicago Bears,13,29,-588,350,https://www.oddsportal.com/american-football/usa/nfl-2008-2009/indianapolis-colts-chicago-bears-boK92Ffo/
07 Sep 2008,Regular,0,Cleveland Browns,Dallas Cowboys,10,28,225,-303,https://www.oddsportal.com/american-football/usa/nfl-2008-2009/cleveland-browns-dallas-cowboys-WQvE7HHH/
07 Sep 2008,Regular,0,Los Angeles Chargers,Carolina Panthers,24,26,-500,333,https://www.oddsportal.com/american-football/usa/nfl-2008-2009/los-angeles-chargers-carolina-panthers-AHwI6yXN/
07 Sep 2008,Regular,0,San Francisco 49ers,Arizona Cardinals,13,23,110,-149,https://www.oddsportal.com/american-football/usa/nfl-2008-2009/san-francisco-49ers-arizona-cardinals-dxYs7enU/
07 Sep 2008,Regular,0,Atlanta Falcons,Detroit Lions,34,21,138,-189,https://www.oddsportal.com/american-football/usa/nfl-2008-2009/atlanta-falcons-detroit-lions-0ftPipR6/
07 Sep 2008,Regular,0,Baltimore Ravens,Cincinnati Bengals,17,10,-100,-137,https://www.oddsportal.com/american-football/usa/nfl-2008-2009/baltimore-ravens-cincinnati-bengals-rJVTj4tD/
07 Sep 2008,Regular,0,Buffalo Bills,Seattle Seahawks,34,10,-137,-100,https://www.oddsportal.com/american-football/usa/nfl-2008-2009/buffalo-bills-seattle-seahawks-t4lXkOeJ/
07 Sep 2008,Regular,0,Miami Dolphins,New York Jets,14,20,120,-161,https://www.oddsportal.com/american-football/usa/nfl-2008-2009/miami-dolphins-new-york-jets-dbPnbLmt/
07 Sep 2008,Regular,0,New England Patriots,Kansas City Chiefs,17,10,,,https://www.oddsportal.com/american-football/usa/nfl-2008-2009/new-england-patriots-kansas-city-chiefs-zkOjcu3n/
07 Sep 2008,Regular,0,New Orleans Saints,Tampa Bay Buccaneers,24,20,-189,138,https://www.oddsportal.com/american-football/usa/nfl-2008-2009/new-orleans-saints-tampa-bay-buccaneers-xKNhAJXb/
07 Sep 2008,Regular,0,Philadelphia Eagles,Los Angeles Rams,38,3,-400,275,https://www.oddsportal.com/american-football/usa/nfl-2008-2009/philadelphia-eagles-los-angeles-rams-WKDHcaIh/
07 Sep 2008,Regular,0,Pittsburgh Steelers,Houston Texans,38,17,-303,225,https://www.oddsportal.com/american-football/usa/nfl-2008-2009/pittsburgh-steelers-houston-texans-WtNd9wm5/
07 Sep 2008,Regular,0,Tennessee Titans,Jacksonville Jaguars,17,10,120,-161,https://www.oddsportal.com/american-football/usa/nfl-2008-2009/tennessee-titans-jacksonville-jaguars-l2k98c2B/
04 Sep 2008,Regular,0,Washington Commanders,New York Giants,7,16,163,-227,https://www.oddsportal.com/american-football/usa/nfl-2008-2009/washington-commanders-new-york-giants-M3sLhQB0/
