league,min,q1,median,q3,max,iqr,lower_whisker,upper_whisker
mlb,14.56637565780477,42.577523803331445,50.05863528901579,57.442994811810124,82.26479708340767,14.865471008478679,20.287480424242858,79.73298013032684
nba,1.3885912582842899,32.533799065606466,49.4104928615546,66.35590416461274,98.76742842720064,33.82210509900627,1.3885912582842899,98.76742842720064
nfl,0.0,23.63711120386321,49.91871893352611,75.558452096932,100.0,51.92134089306879,0.0,100.0
nhl,10.22907593865041,39.51263419551296,50.018932554829846,60.20921821811797,91.54801742405873,20.69658402260501,10.22907593865041,91.07477219438964
