league,min,q1,median,q3,max,iqr,lower_whisker,upper_whisker
mlb,20.54442732408834,46.90272965435646,53.78288134212884,60.413948523306836,81.71899822446501,13.511218868950372,26.78246398668677,80.32906396510765
nba,4.613978985838281,41.534168343176056,59.449496190710235,74.30493403008343,96.59703504043125,32.770765686907374,4.613978985838281,96.59703504043125
nfl,9.68911485247541,40.73415850148624,58.00559925343287,71.26658937055008,92.6950157366767,30.532430869063838,9.68911485247541,92.6950157366767
nhl,21.17162613627534,47.33218588640275,55.20062329567589,61.83101298843947,83.35253921614485,14.49882710203672,25.61798277351135,83.35253921614485
