season,n,favorite_roi,underdog_roi
2011,1,-100.0,1067.0
2012,2,5.498950314905528,-100.0
2013,2,4.0001500150015,-100.0
2014,4,5.498950284929519,-100.0
2015,9,-7.444477741115444,65.11111111111111
2016,9,-19.777977704465105,245.22222222222223
2017,3,-29.66706658668266,305.6666666666667
2019,1,4.0,-100.0
2021,1,5.9988002399520095,-100.0
2022,3,5.33253349330134,-100.0
2023,2,6.997900629811056,-100.0
2024,3,5.33253349330134,-100.0
2025,2,5.9988002399520095,-100.0
