league,ml,bt,home_win_base
mlb,0.5857293463676443,0.5665133218324707,0.538000766724171
nba,0.6942564102564103,0.6518974358974359,0.571076923076923
nfl,0.6880146386093321,0.6285452881976212,0.5397987191216834
nhl,0.596155812289132,0.5747878540026582,0.5414579286371537
