league,half,ml,elo,elopoint,elowin,keener,massey,od,bt,home_win_base
mlb,0,0.5797245562571471,,0.5410679659921444,0.5382091184805847,0.5493213344602993,0.5523044796897529,0.5524287774076468,0.5504648734649232,0.536656680647094
mlb,1,0.5862334166506441,,0.5489809651990002,0.5495577773505095,0.5632570659488559,0.5656123822341858,0.5665737358200346,0.5665737358200346,0.536656680647094
nba,0,0.6841771147436915,,0.631963180447548,0.6298471142146749,0.6394223139184256,0.6397926255091785,0.639633920541713,0.6358250013225414,0.5763016157989228
nba,1,0.6942564102564103,,0.6417435897435897,0.6422564102564102,0.6534358974358975,0.6564102564102564,0.6573333333333333,0.6518974358974359,0.5763016157989228
nfl,0,0.6677126917712691,0.6485355648535565,0.6300557880055788,0.6206415620641562,0.6290097629009763,0.6241283124128313,0.6178521617852162,0.6161087866108786,0.5569823434991974
nfl,1,0.6838279830405815,0.6474863718958207,0.6414294367050273,0.6226529376135675,0.6414294367050273,0.6414294367050273,0.6414294367050273,0.628709872804361,0.5569823434991974
nhl,0,0.5948530596894643,,0.5502068446784505,0.5519260731746629,0.5599849567506582,0.5611132004512975,0.5604684897652179,0.5628861548380164,0.5442536327608983
nhl,1,0.5968109339407744,,0.5553944916131704,0.5608821702215779,0.571546904120936,0.5727893973907642,0.57216815075585,0.5748602195071444,0.5442536327608983
