league,half,ml,elo,elopoint,elowin,keener,massey,od,bt,home_win_base
mlb,0,0.2403307635269647,,0.27442504079544056,0.27323299413035407,0.27354781385916116,0.268581216590641,0.27456151375867116,0.25505475544589745,0.24860626211266343
mlb,1,0.23890167975594528,,0.2714018136358725,0.26916843940131047,0.2675386154800891,0.26426475374762287,0.2670286256940094,0.2449654323613007,0.24856327375975487
nba,0,0.20248248907919222,,0.23334946516419391,0.23596244270935707,0.230546353058647,0.22850737113032737,0.22873937582553436,0.23450372493305424,0.2441766865296237
nba,1,0.19850059383448432,,0.22994049893322596,0.2314156550158783,0.22434991736546073,0.2218556762604328,0.22178635894593568,0.217812955997281,0.24497536841995646
nfl,0,0.21031787434646843,0.21770804395976212,0.23422692526377972,0.24179559911092935,0.23144748837741047,0.23464234649494514,0.2461611381100222,0.2829794544779314,0.24661096838811797
nfl,1,0.20772695065130506,0.21754292784547943,0.23040271818277602,0.23432411247191381,0.22716982199149965,0.22504112373183366,0.22655694122542575,0.24780506935572946,0.24748317683203788
nhl,0,0.23722431283310533,,0.26748321335144176,0.2692900035305523,0.2657699318728415,0.2648840186565475,0.27196014974389576,0.26197235044988343,0.24812337033159687
nhl,1,0.23650362113127787,,0.2641280075232555,0.2650622677449026,0.26027155499713484,0.2578909604360237,0.2617106456451941,0.2450196764421032,0.24840269763622078
