league,ml,bt,home_win_base
mlb,0.2389894414601255,0.2450256732477988,0.24887659847386423
nba,0.19850059383448432,0.217812955997281,0.24561713525715514
nfl,0.2057305575434347,0.2466298246617362,0.2486733469687561
nhl,0.23609537411161813,0.24499395550157624,0.24841847442883996
