league,ml,bt,home_win_base
mlb,0.6706582133552942,0.6833546938133002,0.6909009519151698
nba,0.5809142231058538,0.626862726430598,0.6843948219272626
nfl,0.5983109207017686,0.8834092335323381,0.690549938118259
nhl,0.6645478672332852,0.6842362449554933,0.6899848778314697
