league,half,ml,elo,elopoint,elowin,keener,massey,od,bt,home_win_base
mlb,0,0.6734407141202403,,1.6394592000980872,1.6307748074827344,1.5966772575001602,1.5679951912453645,1.6052678542954169,0.736932685461294,0.690357112343903
mlb,1,0.6704786445461008,,1.601099244463931,1.639348192442776,1.551223691713897,1.5210824316918183,1.5493908914798191,0.6832197225143837,0.6902709811021457
nba,0,0.5897627669306738,,1.239197935038645,1.2791383302139645,1.2345862641669696,1.19404080816408,1.1999583768646978,0.8796625527998125,0.6814549123693038
nba,1,0.5809142231058538,,1.2194368664930892,1.2443883843144004,1.20447201206792,1.1598957838462918,1.1612625261458451,0.626862726430598,0.6830648520088196
nfl,0,0.6081196387701562,0.6242633964144628,1.2423193986921346,1.2484780133835671,1.112966339306508,1.146247013128053,1.2640433208016875,1.9726520824430516,0.6863537469748483
nfl,1,0.6028164719851742,0.6243181627136578,1.1990741556251208,1.1482668010072385,1.093535742937233,1.0328854521151745,1.055109078528395,0.9153937951103001,0.6881057753993124
nhl,0,0.6669690661511593,,1.5223593043870227,1.53195239369774,1.496791429058164,1.517107341355254,1.5809532252344045,0.9096528293510541,0.689389220410085
nhl,1,0.6654268767385663,,1.507474423995631,1.482061495996583,1.4553202263954057,1.4186450462079063,1.465229001617532,0.6842401820013233,0.6899493406612272
