season,n,favorite_roi,underdog_roi
2015,4,-11.009230686599016,25.249999999999993
2019,2,20.75010332001653,-100.0
2020,1,19.9203187250996,-100.0
2022,8,-41.17844976991574,156.0
2023,11,-2.644389306427847,-5.909090909090908
2024,6,16.703555646178202,-100.0
2025,2,-40.75785582255083,142.5
